[0.021s] Invoking command in '/home/dji/DJI_workshop/LZP_PSDK/ros2_workplace/build/dji_precision_capture': CONDA_PROMPT_MODIFIER=(ros2_humble) /open_app/miniconda3/envs/ros2_humble/bin/cmake --build /home/dji/DJI_workshop/LZP_PSDK/ros2_workplace/build/dji_precision_capture -- -j4 -l4
[0.112s] [  1%] [32mBuilding CXX object CMakeFiles/dji_precision_capture.dir/src/main.cpp.o[0m
[0.613s] [01m[K/home/dji/DJI_workshop/LZP_PSDK/ros2_workplace/src/dji_precision_capture/src/main.cpp:93:59:[m[K [01;35m[Kwarning: [m[KISO C++11 requires at least one argument for the "..." in a variadic macro
[0.614s]    93 |     USER_LOG_INFO("--> Step 1: Init camera manager module"[01;35m[K)[m[K;
[0.614s]       |                                                           [01;35m[K^[m[K
[0.614s] [01m[K/home/dji/DJI_workshop/LZP_PSDK/ros2_workplace/src/dji_precision_capture/src/main.cpp:100:60:[m[K [01;35m[Kwarning: [m[KISO C++11 requires at least one argument for the "..." in a variadic macro
[0.614s]   100 |     USER_LOG_INFO("--> Step 2: Get camera type and version"[01;35m[K)[m[K;
[0.614s]       |                                                            [01;35m[K^[m[K
[0.614s] [01m[K/home/dji/DJI_workshop/LZP_PSDK/ros2_workplace/src/dji_precision_capture/src/main.cpp:119:59:[m[K [01;35m[Kwarning: [m[KISO C++11 requires at least one argument for the "..." in a variadic macro
[0.615s]   119 |     USER_LOG_INFO("--> Step 1: Init gimbal manager module"[01;35m[K)[m[K;
[0.615s]       |                                                           [01;35m[K^[m[K
[0.615s] [01m[K/home/dji/DJI_workshop/LZP_PSDK/ros2_workplace/src/dji_precision_capture/src/main.cpp:126:56:[m[K [01;35m[Kwarning: [m[KISO C++11 requires at least one argument for the "..." in a variadic macro
[0.615s]   126 |     USER_LOG_INFO("--> Step 2: Set gimbal to free mode"[01;35m[K)[m[K;
[0.615s]       |                                                        [01;35m[K^[m[K
[0.615s] [01m[K/home/dji/DJI_workshop/LZP_PSDK/ros2_workplace/src/dji_precision_capture/src/main.cpp:129:57:[m[K [01;35m[Kwarning: [m[KISO C++11 requires at least one argument for the "..." in a variadic macro
[0.615s]   129 |     USER_LOG_INFO("--> Step 3: Reset gimbal angles.\r\n"[01;35m[K)[m[K;
[0.616s]       |                                                         [01;35m[K^[m[K
[0.616s] [01m[K/home/dji/DJI_workshop/LZP_PSDK/ros2_workplace/src/dji_precision_capture/src/main.cpp:136:56:[m[K [01;35m[Kwarning: [m[KISO C++11 requires at least one argument for the "..." in a variadic macro
[0.616s]   136 |     USER_LOG_INFO("--> Step 1: Init data subscribation"[01;35m[K)[m[K;
[0.616s]       |                                                        [01;35m[K^[m[K
[1.018s] In file included from [01m[K/home/dji/DJI_workshop/LZP_PSDK/ros2_workplace/src/dji_precision_capture/../../../Payload-SDK/samples/sample_c++/platform/linux/manifold3/../my_code/gimbal_manager.h:12[m[K,
[1.018s]                  from [01m[K/home/dji/DJI_workshop/LZP_PSDK/ros2_workplace/src/dji_precision_capture/src/main.cpp:13[m[K:
[1.018s] [01m[K/home/dji/DJI_workshop/LZP_PSDK/ros2_workplace/src/dji_precision_capture/../../../Payload-SDK/samples/sample_c++/platform/linux/manifold3/../../../../../psdk_lib/include/dji_fc_subscription.h:1210:16:[m[K [01;35m[Kwarning: [m[KISO C++ prohibits anonymous structs [[01;35m[K]8;;https://gcc.gnu.org/onlinedocs/gcc-14.3.0/gcc/Warning-Options.html#index-Wno-pedantic-Wpedantic]8;;[m[K]
[1.018s]  1210 |         struct [01;35m[K{[m[K
[1.018s]       |                [01;35m[K^[m[K
[1.018s] [01m[K/home/dji/DJI_workshop/LZP_PSDK/ros2_workplace/src/dji_precision_capture/../../../Payload-SDK/samples/sample_c++/platform/linux/manifold3/../../../../../psdk_lib/include/dji_fc_subscription.h:1219:16:[m[K [01;35m[Kwarning: [m[KISO C++ prohibits anonymous structs [[01;35m[K]8;;https://gcc.gnu.org/onlinedocs/gcc-14.3.0/gcc/Warning-Options.html#index-Wno-pedantic-Wpedantic]8;;[m[K]
[1.019s]  1219 |         struct [01;35m[K{[m[K
[1.019s]       |                [01;35m[K^[m[K
[1.767s] In file included from [01m[K/open_app/miniconda3/envs/ros2_humble/include/builtin_interfaces/builtin_interfaces/msg/detail/duration__struct.hpp:14[m[K,
[1.767s]                  from [01m[K/open_app/miniconda3/envs/ros2_humble/include/builtin_interfaces/builtin_interfaces/msg/duration.hpp:7[m[K,
[1.767s]                  from [01m[K/open_app/miniconda3/envs/ros2_humble/include/rclcpp/rclcpp/duration.hpp:20[m[K,
[1.767s]                  from [01m[K/open_app/miniconda3/envs/ros2_humble/include/rclcpp/rclcpp/qos.hpp:20[m[K,
[1.768s]                  from [01m[K/open_app/miniconda3/envs/ros2_humble/include/rclcpp/rclcpp/node_interfaces/node_graph_interface.hpp:32[m[K,
[1.768s]                  from [01m[K/open_app/miniconda3/envs/ros2_humble/include/rclcpp/rclcpp/client.hpp:42[m[K,
[1.768s]                  from [01m[K/open_app/miniconda3/envs/ros2_humble/include/rclcpp/rclcpp/callback_group.hpp:24[m[K,
[1.768s]                  from [01m[K/open_app/miniconda3/envs/ros2_humble/include/rclcpp/rclcpp/any_executable.hpp:20[m[K,
[1.768s]                  from [01m[K/open_app/miniconda3/envs/ros2_humble/include/rclcpp/rclcpp/memory_strategy.hpp:25[m[K,
[1.768s]                  from [01m[K/open_app/miniconda3/envs/ros2_humble/include/rclcpp/rclcpp/memory_strategies.hpp:18[m[K,
[1.768s]                  from [01m[K/open_app/miniconda3/envs/ros2_humble/include/rclcpp/rclcpp/executor_options.hpp:20[m[K,
[1.769s]                  from [01m[K/open_app/miniconda3/envs/ros2_humble/include/rclcpp/rclcpp/executor.hpp:37[m[K,
[1.769s]                  from [01m[K/open_app/miniconda3/envs/ros2_humble/include/rclcpp/rclcpp/executors/multi_threaded_executor.hpp:25[m[K,
[1.769s]                  from [01m[K/open_app/miniconda3/envs/ros2_humble/include/rclcpp/rclcpp/executors.hpp:21[m[K,
[1.769s]                  from [01m[K/open_app/miniconda3/envs/ros2_humble/include/rclcpp/rclcpp/rclcpp.hpp:155[m[K,
[1.769s]                  from [01m[K/home/dji/DJI_workshop/LZP_PSDK/ros2_workplace/src/dji_precision_capture/src/main.cpp:15[m[K:
[1.769s] [01m[K/open_app/miniconda3/envs/ros2_humble/include/rosidl_runtime_cpp/rosidl_runtime_cpp/bounded_vector.hpp:477:3:[m[K [01;31m[Kerror: [m[K'[01m[Kemplace_back[m[K' function uses '[01m[Kauto[m[K' type specifier without trailing return type
[1.769s]   477 |   [01;31m[Kauto[m[K
[1.770s]       |   [01;31m[K^~~~[m[K
[1.770s] [01m[K/open_app/miniconda3/envs/ros2_humble/include/rosidl_runtime_cpp/rosidl_runtime_cpp/bounded_vector.hpp:477:3:[m[K [01;36m[Knote: [m[Kdeduced return type only available with '[01m[K-std=c++14[m[K' or '[01m[K-std=gnu++14[m[K'
[1.772s] In file included from [01m[K/open_app/miniconda3/envs/ros2_humble/include/builtin_interfaces/builtin_interfaces/msg/duration.hpp:8[m[K:
[1.772s] [01m[K/open_app/miniconda3/envs/ros2_humble/include/builtin_interfaces/builtin_interfaces/msg/detail/duration__builder.hpp:61:1:[m[K [01;31m[Kerror: [m[K'[01m[Kbuild[m[K' function uses '[01m[Kauto[m[K' type specifier without trailing return type
[1.773s]    61 | [01;31m[Kauto[m[K build();
[1.773s]       | [01;31m[K^~~~[m[K
[1.773s] [01m[K/open_app/miniconda3/envs/ros2_humble/include/builtin_interfaces/builtin_interfaces/msg/detail/duration__builder.hpp:61:1:[m[K [01;36m[Knote: [m[Kdeduced return type only available with '[01m[K-std=c++14[m[K' or '[01m[K-std=gnu++14[m[K'
[1.773s] [01m[K/open_app/miniconda3/envs/ros2_humble/include/builtin_interfaces/builtin_interfaces/msg/detail/duration__builder.hpp:65:1:[m[K [01;31m[Kerror: [m[K'[01m[Kbuild[m[K' function uses '[01m[Kauto[m[K' type specifier without trailing return type
[1.773s]    65 | [01;31m[Kauto[m[K build<::builtin_interfaces::msg::Duration>()
[1.773s]       | [01;31m[K^~~~[m[K
[1.773s] [01m[K/open_app/miniconda3/envs/ros2_humble/include/builtin_interfaces/builtin_interfaces/msg/detail/duration__builder.hpp:65:1:[m[K [01;36m[Knote: [m[Kdeduced return type only available with '[01m[K-std=c++14[m[K' or '[01m[K-std=gnu++14[m[K'
[1.901s] [01m[K/open_app/miniconda3/envs/ros2_humble/include/rclcpp/rclcpp/client.hpp:81:3:[m[K [01;31m[Kerror: [m[K'[01m[Kget[m[K' function uses '[01m[Kauto[m[K' type specifier without trailing return type
[1.901s]    81 |   [01;31m[Kauto[m[K get() {return this->future.get();}
[1.902s]       |   [01;31m[K^~~~[m[K
[1.902s] [01m[K/open_app/miniconda3/envs/ros2_humble/include/rclcpp/rclcpp/client.hpp:81:3:[m[K [01;36m[Knote: [m[Kdeduced return type only available with '[01m[K-std=c++14[m[K' or '[01m[K-std=gnu++14[m[K'
[1.925s] [01m[K/open_app/miniconda3/envs/ros2_humble/include/rclcpp/rclcpp/client.hpp:788:36:[m[K [01;31m[Kerror: [m[K'[01m[Kvariant[m[K' in namespace '[01m[Kstd[m[K' does not name a template type
[1.925s]   788 |   using CallbackInfoVariant = std::[01;31m[Kvariant[m[K<
[1.925s]       |                                    [01;31m[K^~~~~~~[m[K
[1.925s] [01m[K/open_app/miniconda3/envs/ros2_humble/include/rclcpp/rclcpp/client.hpp:788:31:[m[K [01;36m[Knote: [m[K'[01m[Kstd::variant[m[K' is only available from C++17 onwards
[1.925s]   788 |   using CallbackInfoVariant = [01;36m[Kstd[m[K::variant<
[1.926s]       |                               [01;36m[K^~~[m[K
[1.926s] [01m[K/open_app/miniconda3/envs/ros2_humble/include/rclcpp/rclcpp/client.hpp:794:52:[m[K [01;31m[Kerror: [m[K'[01m[KCallbackInfoVariant[m[K' has not been declared
[1.926s]   794 |   async_send_request_impl(const Request & request, [01;31m[KCallbackInfoVariant[m[K value)
[1.926s]       |                                                    [01;31m[K^~~~~~~~~~~~~~~~~~~[m[K
[1.926s] [01m[K/open_app/miniconda3/envs/ros2_humble/include/rclcpp/rclcpp/client.hpp:808:8:[m[K [01;31m[Kerror: [m[K'[01m[Koptional[m[K' in namespace '[01m[Kstd[m[K' does not name a template type
[1.926s]   808 |   std::[01;31m[Koptional[m[K<CallbackInfoVariant>
[1.926s]       |        [01;31m[K^~~~~~~~[m[K
[1.926s] [01m[K/open_app/miniconda3/envs/ros2_humble/include/rclcpp/rclcpp/client.hpp:808:3:[m[K [01;36m[Knote: [m[K'[01m[Kstd::optional[m[K' is only available from C++17 onwards
[1.927s]   808 |   [01;36m[Kstd[m[K::optional<CallbackInfoVariant>
[1.927s]       |   [01;36m[K^~~[m[K
[1.948s] [01m[K/open_app/miniconda3/envs/ros2_humble/include/rclcpp/rclcpp/client.hpp:830:7:[m[K [01;31m[Kerror: [m[K'[01m[KCallbackInfoVariant[m[K' was not declared in this scope
[1.949s]   830 |       [01;31m[KCallbackInfoVariant[m[K>>
[1.949s]       |       [01;31m[K^~~~~~~~~~~~~~~~~~~[m[K
[1.949s] [01m[K/open_app/miniconda3/envs/ros2_humble/include/rclcpp/rclcpp/client.hpp:830:7:[m[K [01;31m[Kerror: [m[Ktemplate argument 2 is invalid
[1.949s] [01m[K/open_app/miniconda3/envs/ros2_humble/include/rclcpp/rclcpp/client.hpp:830:26:[m[K [01;31m[Kerror: [m[Ktemplate argument 2 is invalid
[1.949s]   830 |       CallbackInfoVariant[01;31m[K>>[m[K
[1.949s]       |                          [01;31m[K^~[m[K
[1.950s] [01m[K/open_app/miniconda3/envs/ros2_humble/include/rclcpp/rclcpp/client.hpp:830:26:[m[K [01;31m[Kerror: [m[Ktemplate argument 5 is invalid
[1.952s] [01m[K/open_app/miniconda3/envs/ros2_humble/include/rclcpp/rclcpp/client.hpp:[m[K In member function '[01m[Kvoid rclcpp::Client<ServiceT>::[01;32m[Khandle_response[m[K(std::shared_ptr<rmw_request_id_s>, std::shared_ptr<void>)[m[K':
[1.953s] [01m[K/open_app/miniconda3/envs/ros2_humble/include/rclcpp/rclcpp/client.hpp:550:10:[m[K [01;31m[Kerror: [m[K'[01m[Koptional[m[K' is not a member of '[01m[Kstd[m[K'
[1.953s]   550 |     std::[01;31m[Koptional[m[K<CallbackInfoVariant>
[1.953s]       |          [01;31m[K^~~~~~~~[m[K
[1.953s] [01m[K/open_app/miniconda3/envs/ros2_humble/include/rclcpp/rclcpp/client.hpp:550:10:[m[K [01;36m[Knote: [m[K'[01m[Kstd::optional[m[K' is only available from C++17 onwards
[1.976s] [01m[K/open_app/miniconda3/envs/ros2_humble/include/rclcpp/rclcpp/client.hpp:550:19:[m[K [01;31m[Kerror: [m[K'[01m[KCallbackInfoVariant[m[K' was not declared in this scope
[1.976s]   550 |     std::optional<[01;31m[KCallbackInfoVariant[m[K>
[1.976s]       |                   [01;31m[K^~~~~~~~~~~~~~~~~~~[m[K
[1.996s] [01m[K/open_app/miniconda3/envs/ros2_humble/include/rclcpp/rclcpp/client.hpp:551:5:[m[K [01;31m[Kerror: [m[K'[01m[Koptional_pending_request[m[K' was not declared in this scope; did you mean '[01m[Kremove_pending_request[m[K'?
[1.996s]   551 |     [01;31m[Koptional_pending_request[m[K = this->get_and_erase_pending_request(request_header->sequence_number);
[1.997s]       |     [01;31m[K^~~~~~~~~~~~~~~~~~~~~~~~[m[K
[1.997s]       |     [32m[Kremove_pending_request[m[K
[1.997s] [01m[K/open_app/miniconda3/envs/ros2_humble/include/rclcpp/rclcpp/client.hpp:558:14:[m[K [01;31m[Kerror: [m[K'[01m[Kholds_alternative[m[K' is not a member of '[01m[Kstd[m[K'
[1.997s]   558 |     if (std::[01;31m[Kholds_alternative[m[K<Promise>(value)) {
[1.997s]       |              [01;31m[K^~~~~~~~~~~~~~~~~[m[K
[1.997s] [01m[K/open_app/miniconda3/envs/ros2_humble/include/rclcpp/rclcpp/client.hpp:558:14:[m[K [01;36m[Knote: [m[K'[01m[Kstd::holds_alternative[m[K' is only available from C++17 onwards
[1.998s] [01m[K/open_app/miniconda3/envs/ros2_humble/include/rclcpp/rclcpp/client.hpp:558:39:[m[K [01;31m[Kerror: [m[Kexpected primary-expression before '[01m[K>[m[K' token
[1.998s]   558 |     if (std::holds_alternative<Promise[01;31m[K>[m[K(value)) {
[1.998s]       |                                       [01;31m[K^[m[K
[1.998s] [01m[K/open_app/miniconda3/envs/ros2_humble/include/rclcpp/rclcpp/client.hpp:561:21:[m[K [01;31m[Kerror: [m[K'[01m[Kholds_alternative[m[K' is not a member of '[01m[Kstd[m[K'
[1.998s]   561 |     } else if (std::[01;31m[Kholds_alternative[m[K<CallbackTypeValueVariant>(value)) {
[1.998s]       |                     [01;31m[K^~~~~~~~~~~~~~~~~[m[K
[1.999s] [01m[K/open_app/miniconda3/envs/ros2_humble/include/rclcpp/rclcpp/client.hpp:561:21:[m[K [01;36m[Knote: [m[K'[01m[Kstd::holds_alternative[m[K' is only available from C++17 onwards
[1.999s] [01m[K/open_app/miniconda3/envs/ros2_humble/include/rclcpp/rclcpp/client.hpp:561:63:[m[K [01;31m[Kerror: [m[Kexpected primary-expression before '[01m[K>[m[K' token
[1.999s]   561 |     } else if (std::holds_alternative<CallbackTypeValueVariant[01;31m[K>[m[K(value)) {
[1.999s]       |                                                               [01;31m[K^[m[K
[1.999s] [01m[K/open_app/miniconda3/envs/ros2_humble/include/rclcpp/rclcpp/client.hpp:568:21:[m[K [01;31m[Kerror: [m[K'[01m[Kholds_alternative[m[K' is not a member of '[01m[Kstd[m[K'
[1.999s]   568 |     } else if (std::[01;31m[Kholds_alternative[m[K<CallbackWithRequestTypeValueVariant>(value)) {
[1.999s]       |                     [01;31m[K^~~~~~~~~~~~~~~~~[m[K
[1.999s] [01m[K/open_app/miniconda3/envs/ros2_humble/include/rclcpp/rclcpp/client.hpp:568:21:[m[K [01;36m[Knote: [m[K'[01m[Kstd::holds_alternative[m[K' is only available from C++17 onwards
[2.000s] [01m[K/open_app/miniconda3/envs/ros2_humble/include/rclcpp/rclcpp/client.hpp:568:74:[m[K [01;31m[Kerror: [m[Kexpected primary-expression before '[01m[K>[m[K' token
[2.000s]   568 |     } else if (std::holds_alternative<CallbackWithRequestTypeValueVariant[01;31m[K>[m[K(value)) {
[2.000s]       |                                                                          [01;31m[K^[m[K
[2.000s] [01m[K/open_app/miniconda3/envs/ros2_humble/include/rclcpp/rclcpp/client.hpp:[m[K In member function '[01m[Kbool rclcpp::Client<ServiceT>::[01;32m[Kremove_pending_request[m[K(int64_t)[m[K':
[2.001s] [01m[K/open_app/miniconda3/envs/ros2_humble/include/rclcpp/rclcpp/client.hpp:702:21:[m[K [01;31m[Kerror: [m[Kmissing template arguments before '[01m[Kguard[m[K'
[2.001s]   702 |     std::lock_guard [01;31m[Kguard[m[K(pending_requests_mutex_);
[2.001s]       |                     [01;31m[K^~~~~[m[K
[2.001s] [01m[K/open_app/miniconda3/envs/ros2_humble/include/rclcpp/rclcpp/client.hpp:703:30:[m[K [01;31m[Kerror: [m[Krequest for member '[01m[Kerase[m[K' in '[01m[K((rclcpp::Client<ServiceT>*)this)->rclcpp::Client<ServiceT>::pending_requests_[m[K', which is of non-class type '[01m[Kint[m[K'
[2.001s]   703 |     return pending_requests_.[01;31m[Kerase[m[K(request_id) != 0u;
[2.001s]       |                              [01;31m[K^~~~~[m[K
[2.001s] [01m[K/open_app/miniconda3/envs/ros2_humble/include/rclcpp/rclcpp/client.hpp:[m[K In member function '[01m[Ksize_t rclcpp::Client<ServiceT>::[01;32m[Kprune_pending_requests[m[K()[m[K':
[2.002s] [01m[K/open_app/miniconda3/envs/ros2_humble/include/rclcpp/rclcpp/client.hpp:749:21:[m[K [01;31m[Kerror: [m[Kmissing template arguments before '[01m[Kguard[m[K'
[2.002s]   749 |     std::lock_guard [01;31m[Kguard[m[K(pending_requests_mutex_);
[2.002s]       |                     [01;31m[K^~~~~[m[K
[2.002s] [01m[K/open_app/miniconda3/envs/ros2_humble/include/rclcpp/rclcpp/client.hpp:750:34:[m[K [01;31m[Kerror: [m[Krequest for member '[01m[Ksize[m[K' in '[01m[K((rclcpp::Client<ServiceT>*)this)->rclcpp::Client<ServiceT>::pending_requests_[m[K', which is of non-class type '[01m[Kint[m[K'
[2.002s]   750 |     auto ret = pending_requests_.[01;31m[Ksize[m[K();
[2.002s]       |                                  [01;31m[K^~~~[m[K
[2.002s] [01m[K/open_app/miniconda3/envs/ros2_humble/include/rclcpp/rclcpp/client.hpp:751:23:[m[K [01;31m[Kerror: [m[Krequest for member '[01m[Kclear[m[K' in '[01m[K((rclcpp::Client<ServiceT>*)this)->rclcpp::Client<ServiceT>::pending_requests_[m[K', which is of non-class type '[01m[Kint[m[K'
[2.003s]   751 |     pending_requests_.[01;31m[Kclear[m[K();
[2.003s]       |                       [01;31m[K^~~~~[m[K
[2.003s] [01m[K/open_app/miniconda3/envs/ros2_humble/include/rclcpp/rclcpp/client.hpp:[m[K In member function '[01m[Ksize_t rclcpp::Client<ServiceT>::[01;32m[Kprune_requests_older_than[m[K(std::chrono::time_point<std::chrono::_V2::system_clock, std::chrono::duration<long int, std::ratio<1, 1000000000> > >, std::vector<long int, AllocatorT>*)[m[K':
[2.003s] [01m[K/open_app/miniconda3/envs/ros2_humble/include/rclcpp/rclcpp/client.hpp:768:21:[m[K [01;31m[Kerror: [m[Kmissing template arguments before '[01m[Kguard[m[K'
[2.003s]   768 |     std::lock_guard [01;31m[Kguard[m[K(pending_requests_mutex_);
[2.003s]       |                     [01;31m[K^~~~~[m[K
[2.003s] [01m[K/open_app/miniconda3/envs/ros2_humble/include/rclcpp/rclcpp/client.hpp:769:39:[m[K [01;31m[Kerror: [m[Krequest for member '[01m[Ksize[m[K' in '[01m[K((rclcpp::Client<ServiceT>*)this)->rclcpp::Client<ServiceT>::pending_requests_[m[K', which is of non-class type '[01m[Kint[m[K'
[2.004s]   769 |     auto old_size = pending_requests_.[01;31m[Ksize[m[K();
[2.004s]       |                                       [01;31m[K^~~~[m[K
[2.004s] [01m[K/open_app/miniconda3/envs/ros2_humble/include/rclcpp/rclcpp/client.hpp:770:38:[m[K [01;31m[Kerror: [m[Krequest for member '[01m[Kbegin[m[K' in '[01m[K((rclcpp::Client<ServiceT>*)this)->rclcpp::Client<ServiceT>::pending_requests_[m[K', which is of non-class type '[01m[Kint[m[K'
[2.004s]   770 |     for (auto it = pending_requests_.[01;31m[Kbegin[m[K(), last = pending_requests_.end(); it != last; ) {
[2.004s]       |                                      [01;31m[K^~~~~[m[K
[2.010s] [01m[K/open_app/miniconda3/envs/ros2_humble/include/rclcpp/rclcpp/client.hpp:770:85:[m[K [01;31m[Kerror: [m[K'[01m[Klast[m[K' was not declared in this scope
[2.011s]   770 |     for (auto it = pending_requests_.begin(), last = pending_requests_.end(); it != [01;31m[Klast[m[K; ) {
[2.011s]       |                                                                                     [01;31m[K^~~~[m[K
[2.011s] [01m[K/open_app/miniconda3/envs/ros2_humble/include/rclcpp/rclcpp/client.hpp:775:32:[m[K [01;31m[Kerror: [m[Krequest for member '[01m[Kerase[m[K' in '[01m[K((rclcpp::Client<ServiceT>*)this)->rclcpp::Client<ServiceT>::pending_requests_[m[K', which is of non-class type '[01m[Kint[m[K'
[2.011s]   775 |         it = pending_requests_.[01;31m[Kerase[m[K(it);
[2.011s]       |                                [01;31m[K^~~~~[m[K
[2.012s] [01m[K/open_app/miniconda3/envs/ros2_humble/include/rclcpp/rclcpp/client.hpp:780:41:[m[K [01;31m[Kerror: [m[Krequest for member '[01m[Ksize[m[K' in '[01m[K((rclcpp::Client<ServiceT>*)this)->rclcpp::Client<ServiceT>::pending_requests_[m[K', which is of non-class type '[01m[Kint[m[K'
[2.012s]   780 |     return old_size - pending_requests_.[01;31m[Ksize[m[K();
[2.012s]       |                                         [01;31m[K^~~~[m[K
[2.012s] [01m[K/open_app/miniconda3/envs/ros2_humble/include/rclcpp/rclcpp/client.hpp:[m[K In member function '[01m[Kint64_t rclcpp::Client<ServiceT>::[01;32m[Kasync_send_request_impl[m[K(const Request&, int)[m[K':
[2.012s] [01m[K/open_app/miniconda3/envs/ros2_humble/include/rclcpp/rclcpp/client.hpp:802:23:[m[K [01;31m[Kerror: [m[Krequest for member '[01m[Ktry_emplace[m[K' in '[01m[K((rclcpp::Client<ServiceT>*)this)->rclcpp::Client<ServiceT>::pending_requests_[m[K', which is of non-class type '[01m[Kint[m[K'
[2.012s]   802 |     pending_requests_.[01;31m[Ktry_emplace[m[K(
[2.012s]       |                       [01;31m[K^~~~~~~~~~~[m[K
[2.117s] In file included from [01m[K/open_app/miniconda3/envs/ros2_humble/include/rclcpp/rclcpp/service.hpp:36[m[K,
[2.117s]                  from [01m[K/open_app/miniconda3/envs/ros2_humble/include/rclcpp/rclcpp/callback_group.hpp:28[m[K:
[2.117s] [01m[K/open_app/miniconda3/envs/ros2_humble/include/rclcpp/rclcpp/any_service_callback.hpp:[m[K At global scope:
[2.117s] [01m[K/open_app/miniconda3/envs/ros2_humble/include/rclcpp/rclcpp/any_service_callback.hpp:47:31:[m[K [01;31m[Kerror: [m[K'[01m[Kvoid_t[m[K' is not a member of '[01m[Kstd[m[K'
[2.117s]    47 | struct can_be_nullptr<T, std::[01;31m[Kvoid_t[m[K<
[2.118s]       |                               [01;31m[K^~~~~~[m[K
[2.118s] [01m[K/open_app/miniconda3/envs/ros2_humble/include/rclcpp/rclcpp/any_service_callback.hpp:47:31:[m[K [01;36m[Knote: [m[K'[01m[Kstd::void_t[m[K' is only available from C++17 onwards
[2.118s] [01m[K/open_app/miniconda3/envs/ros2_humble/include/rclcpp/rclcpp/any_service_callback.hpp:47:31:[m[K [01;31m[Kerror: [m[K'[01m[Kvoid_t[m[K' is not a member of '[01m[Kstd[m[K'
[2.118s] [01m[K/open_app/miniconda3/envs/ros2_humble/include/rclcpp/rclcpp/any_service_callback.hpp:47:31:[m[K [01;36m[Knote: [m[K'[01m[Kstd::void_t[m[K' is only available from C++17 onwards
[2.118s] [01m[K/open_app/miniconda3/envs/ros2_humble/include/rclcpp/rclcpp/any_service_callback.hpp:48:84:[m[K [01;31m[Kerror: [m[Ktemplate argument 2 is invalid
[2.118s]    48 |     decltype(std::declval<T>() == nullptr), decltype(std::declval<T &>() = nullptr)[01;31m[K>>[m[K
[2.118s]       |                                                                                    [01;31m[K^~[m[K
[2.119s] [01m[K/open_app/miniconda3/envs/ros2_humble/include/rclcpp/rclcpp/any_service_callback.hpp:67:19:[m[K [01;31m[Kerror: [m[K'[01m[Kenable_if_t[m[K' in namespace '[01m[Kstd[m[K' does not name a template type
[2.119s]    67 |     typename std::[01;31m[Kenable_if_t[m[K<!detail::can_be_nullptr<CallbackT>::value, int> = 0>
[2.119s]       |                   [01;31m[K^~~~~~~~~~~[m[K
[2.119s] [01m[K/open_app/miniconda3/envs/ros2_humble/include/rclcpp/rclcpp/any_service_callback.hpp:67:19:[m[K [01;36m[Knote: [m[K'[01m[Kstd::enable_if_t[m[K' is only available from C++14 onwards
[2.119s] [01m[K/open_app/miniconda3/envs/ros2_humble/include/rclcpp/rclcpp/any_service_callback.hpp:67:30:[m[K [01;31m[Kerror: [m[Kexpected '[01m[K>[m[K' before '[01m[K<[m[K' token
[2.120s]    67 |     typename std::enable_if_t[01;31m[K<[m[K!detail::can_be_nullptr<CallbackT>::value, int> = 0>
[2.120s]       |                              [01;31m[K^[m[K
[2.120s] [01m[K/open_app/miniconda3/envs/ros2_humble/include/rclcpp/rclcpp/any_service_callback.hpp:109:19:[m[K [01;31m[Kerror: [m[K'[01m[Kenable_if_t[m[K' in namespace '[01m[Kstd[m[K' does not name a template type
[2.120s]   109 |     typename std::[01;31m[Kenable_if_t[m[K<detail::can_be_nullptr<CallbackT>::value, int> = 0>
[2.120s]       |                   [01;31m[K^~~~~~~~~~~[m[K
[2.120s] [01m[K/open_app/miniconda3/envs/ros2_humble/include/rclcpp/rclcpp/any_service_callback.hpp:109:19:[m[K [01;36m[Knote: [m[K'[01m[Kstd::enable_if_t[m[K' is only available from C++14 onwards
[2.120s] [01m[K/open_app/miniconda3/envs/ros2_humble/include/rclcpp/rclcpp/any_service_callback.hpp:109:30:[m[K [01;31m[Kerror: [m[Kexpected '[01m[K>[m[K' before '[01m[K<[m[K' token
[2.120s]   109 |     typename std::enable_if_t[01;31m[K<[m[Kdetail::can_be_nullptr<CallbackT>::value, int> = 0>
[2.121s]       |                              [01;31m[K^[m[K
[2.121s] [01m[K/open_app/miniconda3/envs/ros2_humble/include/rclcpp/rclcpp/any_service_callback.hpp:111:3:[m[K [01;31m[Kerror: [m[K'[01m[Ktemplate<class ServiceT> template<class CallbackT, <typeprefixerror><anonymous> > void rclcpp::AnyServiceCallback<ServiceT>::[01;32m[Kset[m[K(CallbackT&&)[m[K' cannot be overloaded with '[01m[Ktemplate<class ServiceT> template<class CallbackT, <typeprefixerror><anonymous> > void rclcpp::AnyServiceCallback<ServiceT>::[01;32m[Kset[m[K(CallbackT&&)[m[K'
[2.121s]   111 |   [01;31m[Kset[m[K(CallbackT && callback)
[2.121s]       |   [01;31m[K^~~[m[K
[2.121s] [01m[K/open_app/miniconda3/envs/ros2_humble/include/rclcpp/rclcpp/any_service_callback.hpp:69:3:[m[K [01;36m[Knote: [m[Kprevious declaration '[01m[Ktemplate<class ServiceT> template<class CallbackT, <typeprefixerror><anonymous> > void rclcpp::AnyServiceCallback<ServiceT>::[01;32m[Kset[m[K(CallbackT&&)[m[K'
[2.121s]    69 |   [01;36m[Kset[m[K(CallbackT && callback)
[2.122s]       |   [01;36m[K^~~[m[K
[2.122s] [01m[K/open_app/miniconda3/envs/ros2_humble/include/rclcpp/rclcpp/any_service_callback.hpp:226:8:[m[K [01;31m[Kerror: [m[K'[01m[Kvariant[m[K' in namespace '[01m[Kstd[m[K' does not name a template type
[2.122s]   226 |   std::[01;31m[Kvariant[m[K<
[2.122s]       |        [01;31m[K^~~~~~~[m[K
[2.122s] [01m[K/open_app/miniconda3/envs/ros2_humble/include/rclcpp/rclcpp/any_service_callback.hpp:226:3:[m[K [01;36m[Knote: [m[K'[01m[Kstd::variant[m[K' is only available from C++17 onwards
[2.122s]   226 |   [01;36m[Kstd[m[K::variant<
[2.122s]       |   [01;36m[K^~~[m[K
[2.123s] [01m[K/open_app/miniconda3/envs/ros2_humble/include/rclcpp/rclcpp/any_service_callback.hpp:[m[K In constructor '[01m[Krclcpp::AnyServiceCallback<ServiceT>::[01;32m[KAnyServiceCallback[m[K()[m[K':
[2.123s] [01m[K/open_app/miniconda3/envs/ros2_humble/include/rclcpp/rclcpp/any_service_callback.hpp:62:5:[m[K [01;31m[Kerror: [m[Kclass '[01m[Krclcpp::AnyServiceCallback<ServiceT>[m[K' does not have any field named '[01m[Kcallback_[m[K'
[2.123s]    62 |   : [01;31m[Kcallback_[m[K(std::monostate{})
[2.123s]       |     [01;31m[K^~~~~~~~~[m[K
[2.123s] [01m[K/open_app/miniconda3/envs/ros2_humble/include/rclcpp/rclcpp/any_service_callback.hpp:62:20:[m[K [01;31m[Kerror: [m[K'[01m[Kmonostate[m[K' is not a member of '[01m[Kstd[m[K'
[2.123s]    62 |   : callback_(std::[01;31m[Kmonostate[m[K{})
[2.123s]       |                    [01;31m[K^~~~~~~~~[m[K
[2.123s] [01m[K/open_app/miniconda3/envs/ros2_humble/include/rclcpp/rclcpp/any_service_callback.hpp:62:20:[m[K [01;36m[Knote: [m[K'[01m[Kstd::monostate[m[K' is only available from C++17 onwards
[2.131s] [01m[K/open_app/miniconda3/envs/ros2_humble/include/rclcpp/rclcpp/any_service_callback.hpp:[m[K In member function '[01m[Kvoid rclcpp::AnyServiceCallback<ServiceT>::[01;32m[Kset[m[K(CallbackT&&)[m[K':
[2.131s] [01m[K/open_app/miniconda3/envs/ros2_humble/include/rclcpp/rclcpp/any_service_callback.hpp:78:7:[m[K [01;31m[Kerror: [m[K'[01m[Kcallback_[m[K' was not declared in this scope; did you mean '[01m[Kcallback[m[K'?
[2.131s]    78 |       [01;31m[Kcallback_[m[K.template emplace<SharedPtrCallback>(callback);
[2.131s]       |       [01;31m[K^~~~~~~~~[m[K
[2.131s]       |       [32m[Kcallback[m[K
[2.132s] [01m[K/open_app/miniconda3/envs/ros2_humble/include/rclcpp/rclcpp/any_service_callback.hpp:78:51:[m[K [01;31m[Kerror: [m[Kexpected primary-expression before '[01m[K>[m[K' token
[2.132s]    78 |       callback_.template emplace<SharedPtrCallback[01;31m[K>[m[K(callback);
[2.132s]       |                                                   [01;31m[K^[m[K
[2.142s] [01m[K/open_app/miniconda3/envs/ros2_humble/include/rclcpp/rclcpp/any_service_callback.hpp:85:7:[m[K [01;31m[Kerror: [m[K'[01m[Kcallback_[m[K' was not declared in this scope; did you mean '[01m[Kcallback[m[K'?
[2.142s]    85 |       [01;31m[Kcallback_[m[K.template emplace<SharedPtrWithRequestHeaderCallback>(callback);
[2.142s]       |       [01;31m[K^~~~~~~~~[m[K
[2.142s]       |       [32m[Kcallback[m[K
[2.142s] [01m[K/open_app/miniconda3/envs/ros2_humble/include/rclcpp/rclcpp/any_service_callback.hpp:85:68:[m[K [01;31m[Kerror: [m[Kexpected primary-expression before '[01m[K>[m[K' token
[2.143s]    85 |       callback_.template emplace<SharedPtrWithRequestHeaderCallback[01;31m[K>[m[K(callback);
[2.143s]       |                                                                    [01;31m[K^[m[K
[2.153s] [01m[K/open_app/miniconda3/envs/ros2_humble/include/rclcpp/rclcpp/any_service_callback.hpp:92:7:[m[K [01;31m[Kerror: [m[K'[01m[Kcallback_[m[K' was not declared in this scope; did you mean '[01m[Kcallback[m[K'?
[2.153s]    92 |       [01;31m[Kcallback_[m[K.template emplace<SharedPtrDeferResponseCallback>(callback);
[2.153s]       |       [01;31m[K^~~~~~~~~[m[K
[2.153s]       |       [32m[Kcallback[m[K
[2.153s] [01m[K/open_app/miniconda3/envs/ros2_humble/include/rclcpp/rclcpp/any_service_callback.hpp:92:64:[m[K [01;31m[Kerror: [m[Kexpected primary-expression before '[01m[K>[m[K' token
[2.154s]    92 |       callback_.template emplace<SharedPtrDeferResponseCallback[01;31m[K>[m[K(callback);
[2.154s]       |                                                                [01;31m[K^[m[K
[2.163s] [01m[K/open_app/miniconda3/envs/ros2_humble/include/rclcpp/rclcpp/any_service_callback.hpp:99:7:[m[K [01;31m[Kerror: [m[K'[01m[Kcallback_[m[K' was not declared in this scope; did you mean '[01m[Kcallback[m[K'?
[2.163s]    99 |       [01;31m[Kcallback_[m[K.template emplace<SharedPtrDeferResponseCallbackWithServiceHandle>(callback);
[2.163s]       |       [01;31m[K^~~~~~~~~[m[K
[2.163s]       |       [32m[Kcallback[m[K
[2.163s] [01m[K/open_app/miniconda3/envs/ros2_humble/include/rclcpp/rclcpp/any_service_callback.hpp:99:81:[m[K [01;31m[Kerror: [m[Kexpected primary-expression before '[01m[K>[m[K' token
[2.163s]    99 |       callback_.template emplace<SharedPtrDeferResponseCallbackWithServiceHandle[01;31m[K>[m[K(callback);
[2.164s]       |                                                                                 [01;31m[K^[m[K
[2.172s] [01m[K/open_app/miniconda3/envs/ros2_humble/include/rclcpp/rclcpp/any_service_callback.hpp:103:7:[m[K [01;31m[Kerror: [m[K'[01m[Kcallback_[m[K' was not declared in this scope; did you mean '[01m[Kcallback[m[K'?
[2.172s]   103 |       [01;31m[Kcallback_[m[K = std::forward<CallbackT>(callback);
[2.172s]       |       [01;31m[K^~~~~~~~~[m[K
[2.172s]       |       [32m[Kcallback[m[K
[2.181s] [01m[K/open_app/miniconda3/envs/ros2_humble/include/rclcpp/rclcpp/any_service_callback.hpp:[m[K In member function '[01m[Kvoid rclcpp::AnyServiceCallback<ServiceT>::[01;32m[Kset[m[K(CallbackT&&)[m[K':
[2.181s] [01m[K/open_app/miniconda3/envs/ros2_humble/include/rclcpp/rclcpp/any_service_callback.hpp:123:7:[m[K [01;31m[Kerror: [m[K'[01m[Kcallback_[m[K' was not declared in this scope; did you mean '[01m[Kcallback[m[K'?
[2.182s]   123 |       [01;31m[Kcallback_[m[K.template emplace<SharedPtrCallback>(callback);
[2.182s]       |       [01;31m[K^~~~~~~~~[m[K
[2.182s]       |       [32m[Kcallback[m[K
[2.182s] [01m[K/open_app/miniconda3/envs/ros2_humble/include/rclcpp/rclcpp/any_service_callback.hpp:123:51:[m[K [01;31m[Kerror: [m[Kexpected primary-expression before '[01m[K>[m[K' token
[2.182s]   123 |       callback_.template emplace<SharedPtrCallback[01;31m[K>[m[K(callback);
[2.182s]       |                                                   [01;31m[K^[m[K
[2.191s] [01m[K/open_app/miniconda3/envs/ros2_humble/include/rclcpp/rclcpp/any_service_callback.hpp:130:7:[m[K [01;31m[Kerror: [m[K'[01m[Kcallback_[m[K' was not declared in this scope; did you mean '[01m[Kcallback[m[K'?
[2.191s]   130 |       [01;31m[Kcallback_[m[K.template emplace<SharedPtrWithRequestHeaderCallback>(callback);
[2.191s]       |       [01;31m[K^~~~~~~~~[m[K
[2.191s]       |       [32m[Kcallback[m[K
[2.191s] [01m[K/open_app/miniconda3/envs/ros2_humble/include/rclcpp/rclcpp/any_service_callback.hpp:130:68:[m[K [01;31m[Kerror: [m[Kexpected primary-expression before '[01m[K>[m[K' token
[2.191s]   130 |       callback_.template emplace<SharedPtrWithRequestHeaderCallback[01;31m[K>[m[K(callback);
[2.191s]       |                                                                    [01;31m[K^[m[K
[2.200s] [01m[K/open_app/miniconda3/envs/ros2_humble/include/rclcpp/rclcpp/any_service_callback.hpp:137:7:[m[K [01;31m[Kerror: [m[K'[01m[Kcallback_[m[K' was not declared in this scope; did you mean '[01m[Kcallback[m[K'?
[2.200s]   137 |       [01;31m[Kcallback_[m[K.template emplace<SharedPtrDeferResponseCallback>(callback);
[2.200s]       |       [01;31m[K^~~~~~~~~[m[K
[2.200s]       |       [32m[Kcallback[m[K
[2.200s] [01m[K/open_app/miniconda3/envs/ros2_humble/include/rclcpp/rclcpp/any_service_callback.hpp:137:64:[m[K [01;31m[Kerror: [m[Kexpected primary-expression before '[01m[K>[m[K' token
[2.201s]   137 |       callback_.template emplace<SharedPtrDeferResponseCallback[01;31m[K>[m[K(callback);
[2.201s]       |                                                                [01;31m[K^[m[K
[2.209s] [01m[K/open_app/miniconda3/envs/ros2_humble/include/rclcpp/rclcpp/any_service_callback.hpp:144:7:[m[K [01;31m[Kerror: [m[K'[01m[Kcallback_[m[K' was not declared in this scope; did you mean '[01m[Kcallback[m[K'?
[2.209s]   144 |       [01;31m[Kcallback_[m[K.template emplace<SharedPtrDeferResponseCallbackWithServiceHandle>(callback);
[2.209s]       |       [01;31m[K^~~~~~~~~[m[K
[2.210s]       |       [32m[Kcallback[m[K
[2.210s] [01m[K/open_app/miniconda3/envs/ros2_humble/include/rclcpp/rclcpp/any_service_callback.hpp:144:81:[m[K [01;31m[Kerror: [m[Kexpected primary-expression before '[01m[K>[m[K' token
[2.210s]   144 |       callback_.template emplace<SharedPtrDeferResponseCallbackWithServiceHandle[01;31m[K>[m[K(callback);
[2.210s]       |                                                                                 [01;31m[K^[m[K
[2.218s] [01m[K/open_app/miniconda3/envs/ros2_humble/include/rclcpp/rclcpp/any_service_callback.hpp:148:7:[m[K [01;31m[Kerror: [m[K'[01m[Kcallback_[m[K' was not declared in this scope; did you mean '[01m[Kcallback[m[K'?
[2.218s]   148 |       [01;31m[Kcallback_[m[K = std::forward<CallbackT>(callback);
[2.219s]       |       [01;31m[K^~~~~~~~~[m[K
[2.219s]       |       [32m[Kcallback[m[K
[2.219s] [01m[K/open_app/miniconda3/envs/ros2_humble/include/rclcpp/rclcpp/any_service_callback.hpp:[m[K In member function '[01m[Kstd::shared_ptr<typename ServiceT::Response> rclcpp::AnyServiceCallback<ServiceT>::[01;32m[Kdispatch[m[K(const std::shared_ptr<rclcpp::Service<ServiceT> >&, const std::shared_ptr<rmw_request_id_s>&, std::shared_ptr<typename ServiceT::Request>)[m[K':
[2.219s] [01m[K/open_app/miniconda3/envs/ros2_humble/include/rclcpp/rclcpp/any_service_callback.hpp:160:14:[m[K [01;31m[Kerror: [m[K'[01m[Kholds_alternative[m[K' is not a member of '[01m[Kstd[m[K'
[2.219s]   160 |     if (std::[01;31m[Kholds_alternative[m[K<std::monostate>(callback_)) {
[2.219s]       |              [01;31m[K^~~~~~~~~~~~~~~~~[m[K
[2.220s] [01m[K/open_app/miniconda3/envs/ros2_humble/include/rclcpp/rclcpp/any_service_callback.hpp:160:14:[m[K [01;36m[Knote: [m[K'[01m[Kstd::holds_alternative[m[K' is only available from C++17 onwards
[2.220s] [01m[K/open_app/miniconda3/envs/ros2_humble/include/rclcpp/rclcpp/any_service_callback.hpp:160:37:[m[K [01;31m[Kerror: [m[K'[01m[Kmonostate[m[K' is not a member of '[01m[Kstd[m[K'
[2.220s]   160 |     if (std::holds_alternative<std::[01;31m[Kmonostate[m[K>(callback_)) {
[2.220s]       |                                     [01;31m[K^~~~~~~~~[m[K
[2.220s] [01m[K/open_app/miniconda3/envs/ros2_humble/include/rclcpp/rclcpp/any_service_callback.hpp:160:37:[m[K [01;36m[Knote: [m[K'[01m[Kstd::monostate[m[K' is only available from C++17 onwards
[2.229s] [01m[K/open_app/miniconda3/envs/ros2_humble/include/rclcpp/rclcpp/any_service_callback.hpp:160:48:[m[K [01;31m[Kerror: [m[K'[01m[Kcallback_[m[K' was not declared in this scope
[2.230s]   160 |     if (std::holds_alternative<std::monostate>([01;31m[Kcallback_[m[K)) {
[2.230s]       |                                                [01;31m[K^~~~~~~~~[m[K
[2.230s] [01m[K/open_app/miniconda3/envs/ros2_humble/include/rclcpp/rclcpp/any_service_callback.hpp:165:14:[m[K [01;31m[Kerror: [m[K'[01m[Kholds_alternative[m[K' is not a member of '[01m[Kstd[m[K'
[2.231s]   165 |     if (std::[01;31m[Kholds_alternative[m[K<SharedPtrDeferResponseCallback>(callback_)) {
[2.231s]       |              [01;31m[K^~~~~~~~~~~~~~~~~[m[K
[2.231s] [01m[K/open_app/miniconda3/envs/ros2_humble/include/rclcpp/rclcpp/any_service_callback.hpp:165:14:[m[K [01;36m[Knote: [m[K'[01m[Kstd::holds_alternative[m[K' is only available from C++17 onwards
[2.231s] [01m[K/open_app/miniconda3/envs/ros2_humble/include/rclcpp/rclcpp/any_service_callback.hpp:165:62:[m[K [01;31m[Kerror: [m[Kexpected primary-expression before '[01m[K>[m[K' token
[2.231s]   165 |     if (std::holds_alternative<SharedPtrDeferResponseCallback[01;31m[K>[m[K(callback_)) {
[2.231s]       |                                                              [01;31m[K^[m[K
[2.241s] [01m[K/open_app/miniconda3/envs/ros2_humble/include/rclcpp/rclcpp/any_service_callback.hpp:165:64:[m[K [01;31m[Kerror: [m[K'[01m[Kcallback_[m[K' was not declared in this scope
[2.241s]   165 |     if (std::holds_alternative<SharedPtrDeferResponseCallback>([01;31m[Kcallback_[m[K)) {
[2.241s]       |                                                                [01;31m[K^~~~~~~~~[m[K
[2.241s] [01m[K/open_app/miniconda3/envs/ros2_humble/include/rclcpp/rclcpp/any_service_callback.hpp:170:14:[m[K [01;31m[Kerror: [m[K'[01m[Kholds_alternative[m[K' is not a member of '[01m[Kstd[m[K'
[2.241s]   170 |     if (std::[01;31m[Kholds_alternative[m[K<SharedPtrDeferResponseCallbackWithServiceHandle>(callback_)) {
[2.242s]       |              [01;31m[K^~~~~~~~~~~~~~~~~[m[K
[2.242s] [01m[K/open_app/miniconda3/envs/ros2_humble/include/rclcpp/rclcpp/any_service_callback.hpp:170:14:[m[K [01;36m[Knote: [m[K'[01m[Kstd::holds_alternative[m[K' is only available from C++17 onwards
[2.242s] [01m[K/open_app/miniconda3/envs/ros2_humble/include/rclcpp/rclcpp/any_service_callback.hpp:170:79:[m[K [01;31m[Kerror: [m[Kexpected primary-expression before '[01m[K>[m[K' token
[2.242s]   170 |     if (std::holds_alternative<SharedPtrDeferResponseCallbackWithServiceHandle[01;31m[K>[m[K(callback_)) {
[2.242s]       |                                                                               [01;31m[K^[m[K
[2.252s] [01m[K/open_app/miniconda3/envs/ros2_humble/include/rclcpp/rclcpp/any_service_callback.hpp:170:81:[m[K [01;31m[Kerror: [m[K'[01m[Kcallback_[m[K' was not declared in this scope
[2.252s]   170 |     if (std::holds_alternative<SharedPtrDeferResponseCallbackWithServiceHandle>([01;31m[Kcallback_[m[K)) {
[2.252s]       |                                                                                 [01;31m[K^~~~~~~~~[m[K
[2.252s] [01m[K/open_app/miniconda3/envs/ros2_humble/include/rclcpp/rclcpp/any_service_callback.hpp:177:14:[m[K [01;31m[Kerror: [m[K'[01m[Kholds_alternative[m[K' is not a member of '[01m[Kstd[m[K'
[2.253s]   177 |     if (std::[01;31m[Kholds_alternative[m[K<SharedPtrCallback>(callback_)) {
[2.253s]       |              [01;31m[K^~~~~~~~~~~~~~~~~[m[K
[2.253s] [01m[K/open_app/miniconda3/envs/ros2_humble/include/rclcpp/rclcpp/any_service_callback.hpp:177:14:[m[K [01;36m[Knote: [m[K'[01m[Kstd::holds_alternative[m[K' is only available from C++17 onwards
[2.253s] [01m[K/open_app/miniconda3/envs/ros2_humble/include/rclcpp/rclcpp/any_service_callback.hpp:177:49:[m[K [01;31m[Kerror: [m[Kexpected primary-expression before '[01m[K>[m[K' token
[2.253s]   177 |     if (std::holds_alternative<SharedPtrCallback[01;31m[K>[m[K(callback_)) {
[2.253s]       |                                                 [01;31m[K^[m[K
[2.263s] [01m[K/open_app/miniconda3/envs/ros2_humble/include/rclcpp/rclcpp/any_service_callback.hpp:177:51:[m[K [01;31m[Kerror: [m[K'[01m[Kcallback_[m[K' was not declared in this scope
[2.263s]   177 |     if (std::holds_alternative<SharedPtrCallback>([01;31m[Kcallback_[m[K)) {
[2.263s]       |                                                   [01;31m[K^~~~~~~~~[m[K
[2.263s] [01m[K/open_app/miniconda3/envs/ros2_humble/include/rclcpp/rclcpp/any_service_callback.hpp:181:21:[m[K [01;31m[Kerror: [m[K'[01m[Kholds_alternative[m[K' is not a member of '[01m[Kstd[m[K'
[2.263s]   181 |     } else if (std::[01;31m[Kholds_alternative[m[K<SharedPtrWithRequestHeaderCallback>(callback_)) {
[2.264s]       |                     [01;31m[K^~~~~~~~~~~~~~~~~[m[K
[2.264s] [01m[K/open_app/miniconda3/envs/ros2_humble/include/rclcpp/rclcpp/any_service_callback.hpp:181:21:[m[K [01;36m[Knote: [m[K'[01m[Kstd::holds_alternative[m[K' is only available from C++17 onwards
[2.264s] [01m[K/open_app/miniconda3/envs/ros2_humble/include/rclcpp/rclcpp/any_service_callback.hpp:181:73:[m[K [01;31m[Kerror: [m[Kexpected primary-expression before '[01m[K>[m[K' token
[2.264s]   181 |     } else if (std::holds_alternative<SharedPtrWithRequestHeaderCallback[01;31m[K>[m[K(callback_)) {
[2.264s]       |                                                                         [01;31m[K^[m[K
[2.264s] [01m[K/open_app/miniconda3/envs/ros2_humble/include/rclcpp/rclcpp/any_service_callback.hpp:[m[K In member function '[01m[Kvoid rclcpp::AnyServiceCallback<ServiceT>::[01;32m[Kregister_callback_for_tracing[m[K()[m[K':
[2.264s] [01m[K/open_app/miniconda3/envs/ros2_humble/include/rclcpp/rclcpp/any_service_callback.hpp:192:10:[m[K [01;31m[Kerror: [m[K'[01m[Kvisit[m[K' is not a member of '[01m[Kstd[m[K'
[2.265s]   192 |     std::[01;31m[Kvisit[m[K(
[2.265s]       |          [01;31m[K^~~~~[m[K
[2.265s] [01m[K/open_app/miniconda3/envs/ros2_humble/include/rclcpp/rclcpp/any_service_callback.hpp:192:10:[m[K [01;36m[Knote: [m[K'[01m[Kstd::visit[m[K' is only available from C++17 onwards
[2.265s] [01m[K/open_app/miniconda3/envs/ros2_humble/include/rclcpp/rclcpp/any_service_callback.hpp:193:14:[m[K [01;31m[Kerror: [m[Kuse of '[01m[Kauto[m[K' in lambda parameter declaration only available with '[01m[K-std=c++14[m[K' or '[01m[K-std=gnu++14[m[K'
[2.265s]   193 |       [this]([01;31m[Kauto[m[K && arg) {
[2.265s]       |              [01;31m[K^~~~[m[K
[2.274s] [01m[K/open_app/miniconda3/envs/ros2_humble/include/rclcpp/rclcpp/any_service_callback.hpp:198:10:[m[K [01;31m[Kerror: [m[K'[01m[Kcallback_[m[K' was not declared in this scope
[2.274s]   198 |       }, [01;31m[Kcallback_[m[K);
[2.274s]       |          [01;31m[K^~~~~~~~~[m[K
[2.299s] In file included from [01m[K/open_app/miniconda3/envs/ros2_humble/include/rclcpp/rclcpp/any_subscription_callback.hpp:30[m[K,
[2.299s]                  from [01m[K/open_app/miniconda3/envs/ros2_humble/include/rclcpp/rclcpp/subscription_base.hpp:32[m[K,
[2.299s]                  from [01m[K/open_app/miniconda3/envs/ros2_humble/include/rclcpp/rclcpp/callback_group.hpp:29[m[K:
[2.299s] [01m[K/open_app/miniconda3/envs/ros2_humble/include/rclcpp/rclcpp/detail/subscription_callback_type_helper.hpp:[m[K At global scope:
[2.300s] [01m[K/open_app/miniconda3/envs/ros2_humble/include/rclcpp/rclcpp/detail/subscription_callback_type_helper.hpp:74:17:[m[K [01;31m[Kerror: [m[K'[01m[Kenable_if_t[m[K' in namespace '[01m[Kstd[m[K' does not name a template type
[2.300s]    74 |   typename std::[01;31m[Kenable_if_t[m[K<
[2.300s]       |                 [01;31m[K^~~~~~~~~~~[m[K
[2.300s] [01m[K/open_app/miniconda3/envs/ros2_humble/include/rclcpp/rclcpp/detail/subscription_callback_type_helper.hpp:74:17:[m[K [01;36m[Knote: [m[K'[01m[Kstd::enable_if_t[m[K' is only available from C++14 onwards
[2.300s] [01m[K/open_app/miniconda3/envs/ros2_humble/include/rclcpp/rclcpp/detail/subscription_callback_type_helper.hpp:74:28:[m[K [01;31m[Kerror: [m[Kexpected template-argument before '[01m[K<[m[K' token
[2.300s]    74 |   typename std::enable_if_t[01;31m[K<[m[K
[2.301s]       |                            [01;31m[K^[m[K
[2.301s] [01m[K/open_app/miniconda3/envs/ros2_humble/include/rclcpp/rclcpp/detail/subscription_callback_type_helper.hpp:74:28:[m[K [01;31m[Kerror: [m[Kexpected '[01m[K>[m[K' before '[01m[K<[m[K' token
[2.301s] [01m[K/open_app/miniconda3/envs/ros2_humble/include/rclcpp/rclcpp/detail/subscription_callback_type_helper.hpp:80:1:[m[K [01;31m[Kerror: [m[Ktemplate argument 3 is invalid
[2.301s]    80 | [01;31m[K>[m[K
[2.301s]       | [01;31m[K^[m[K
[2.301s] [01m[K/open_app/miniconda3/envs/ros2_humble/include/rclcpp/rclcpp/detail/subscription_callback_type_helper.hpp:89:17:[m[K [01;31m[Kerror: [m[K'[01m[Kenable_if_t[m[K' in namespace '[01m[Kstd[m[K' does not name a template type
[2.302s]    89 |   typename std::[01;31m[Kenable_if_t[m[K<
[2.302s]       |                 [01;31m[K^~~~~~~~~~~[m[K
[2.302s] [01m[K/open_app/miniconda3/envs/ros2_humble/include/rclcpp/rclcpp/detail/subscription_callback_type_helper.hpp:89:17:[m[K [01;36m[Knote: [m[K'[01m[Kstd::enable_if_t[m[K' is only available from C++14 onwards
[2.302s] [01m[K/open_app/miniconda3/envs/ros2_humble/include/rclcpp/rclcpp/detail/subscription_callback_type_helper.hpp:89:28:[m[K [01;31m[Kerror: [m[Kexpected template-argument before '[01m[K<[m[K' token
[2.302s]    89 |   typename std::enable_if_t[01;31m[K<[m[K
[2.302s]       |                            [01;31m[K^[m[K
[2.302s] [01m[K/open_app/miniconda3/envs/ros2_humble/include/rclcpp/rclcpp/detail/subscription_callback_type_helper.hpp:89:28:[m[K [01;31m[Kerror: [m[Kexpected '[01m[K>[m[K' before '[01m[K<[m[K' token
[2.303s] [01m[K/open_app/miniconda3/envs/ros2_humble/include/rclcpp/rclcpp/detail/subscription_callback_type_helper.hpp:95:1:[m[K [01;31m[Kerror: [m[Ktemplate argument 3 is invalid
[2.303s]    95 | [01;31m[K>[m[K
[2.303s]       | [01;31m[K^[m[K
[2.303s] [01m[K/open_app/miniconda3/envs/ros2_humble/include/rclcpp/rclcpp/detail/subscription_callback_type_helper.hpp:105:17:[m[K [01;31m[Kerror: [m[K'[01m[Kenable_if_t[m[K' in namespace '[01m[Kstd[m[K' does not name a template type
[2.303s]   105 |   typename std::[01;31m[Kenable_if_t[m[K<
[2.303s]       |                 [01;31m[K^~~~~~~~~~~[m[K
[2.303s] [01m[K/open_app/miniconda3/envs/ros2_humble/include/rclcpp/rclcpp/detail/subscription_callback_type_helper.hpp:105:17:[m[K [01;36m[Knote: [m[K'[01m[Kstd::enable_if_t[m[K' is only available from C++14 onwards
[2.303s] [01m[K/open_app/miniconda3/envs/ros2_humble/include/rclcpp/rclcpp/detail/subscription_callback_type_helper.hpp:105:28:[m[K [01;31m[Kerror: [m[Kexpected template-argument before '[01m[K<[m[K' token
[2.304s]   105 |   typename std::enable_if_t[01;31m[K<[m[K
[2.304s]       |                            [01;31m[K^[m[K
[2.304s] [01m[K/open_app/miniconda3/envs/ros2_humble/include/rclcpp/rclcpp/detail/subscription_callback_type_helper.hpp:105:28:[m[K [01;31m[Kerror: [m[Kexpected '[01m[K>[m[K' before '[01m[K<[m[K' token
[2.304s] [01m[K/open_app/miniconda3/envs/ros2_humble/include/rclcpp/rclcpp/detail/subscription_callback_type_helper.hpp:111:1:[m[K [01;31m[Kerror: [m[Ktemplate argument 3 is invalid
[2.304s]   111 | [01;31m[K>[m[K
[2.304s]       | [01;31m[K^[m[K
[2.304s] [01m[K/open_app/miniconda3/envs/ros2_humble/include/rclcpp/rclcpp/detail/subscription_callback_type_helper.hpp:120:17:[m[K [01;31m[Kerror: [m[K'[01m[Kenable_if_t[m[K' in namespace '[01m[Kstd[m[K' does not name a template type
[2.305s]   120 |   typename std::[01;31m[Kenable_if_t[m[K<
[2.305s]       |                 [01;31m[K^~~~~~~~~~~[m[K
[2.305s] [01m[K/open_app/miniconda3/envs/ros2_humble/include/rclcpp/rclcpp/detail/subscription_callback_type_helper.hpp:120:17:[m[K [01;36m[Knote: [m[K'[01m[Kstd::enable_if_t[m[K' is only available from C++14 onwards
[2.305s] [01m[K/open_app/miniconda3/envs/ros2_humble/include/rclcpp/rclcpp/detail/subscription_callback_type_helper.hpp:120:28:[m[K [01;31m[Kerror: [m[Kexpected template-argument before '[01m[K<[m[K' token
[2.305s]   120 |   typename std::enable_if_t[01;31m[K<[m[K
[2.305s]       |                            [01;31m[K^[m[K
[2.305s] [01m[K/open_app/miniconda3/envs/ros2_humble/include/rclcpp/rclcpp/detail/subscription_callback_type_helper.hpp:120:28:[m[K [01;31m[Kerror: [m[Kexpected '[01m[K>[m[K' before '[01m[K<[m[K' token
[2.305s] [01m[K/open_app/miniconda3/envs/ros2_humble/include/rclcpp/rclcpp/detail/subscription_callback_type_helper.hpp:126:1:[m[K [01;31m[Kerror: [m[Ktemplate argument 3 is invalid
[2.306s]   126 | [01;31m[K>[m[K
[2.306s]       | [01;31m[K^[m[K
[2.306s] [01m[K/open_app/miniconda3/envs/ros2_humble/include/rclcpp/rclcpp/detail/subscription_callback_type_helper.hpp:136:17:[m[K [01;31m[Kerror: [m[K'[01m[Kenable_if_t[m[K' in namespace '[01m[Kstd[m[K' does not name a template type
[2.306s]   136 |   typename std::[01;31m[Kenable_if_t[m[K<
[2.306s]       |                 [01;31m[K^~~~~~~~~~~[m[K
[2.306s] [01m[K/open_app/miniconda3/envs/ros2_humble/include/rclcpp/rclcpp/detail/subscription_callback_type_helper.hpp:136:17:[m[K [01;36m[Knote: [m[K'[01m[Kstd::enable_if_t[m[K' is only available from C++14 onwards
[2.307s] [01m[K/open_app/miniconda3/envs/ros2_humble/include/rclcpp/rclcpp/detail/subscription_callback_type_helper.hpp:136:28:[m[K [01;31m[Kerror: [m[Kexpected template-argument before '[01m[K<[m[K' token
[2.307s]   136 |   typename std::enable_if_t[01;31m[K<[m[K
[2.307s]       |                            [01;31m[K^[m[K
[2.307s] [01m[K/open_app/miniconda3/envs/ros2_humble/include/rclcpp/rclcpp/detail/subscription_callback_type_helper.hpp:136:28:[m[K [01;31m[Kerror: [m[Kexpected '[01m[K>[m[K' before '[01m[K<[m[K' token
[2.307s] [01m[K/open_app/miniconda3/envs/ros2_humble/include/rclcpp/rclcpp/detail/subscription_callback_type_helper.hpp:142:1:[m[K [01;31m[Kerror: [m[Ktemplate argument 3 is invalid
[2.307s]   142 | [01;31m[K>[m[K
[2.308s]       | [01;31m[K^[m[K
[2.308s] [01m[K/open_app/miniconda3/envs/ros2_humble/include/rclcpp/rclcpp/detail/subscription_callback_type_helper.hpp:151:17:[m[K [01;31m[Kerror: [m[K'[01m[Kenable_if_t[m[K' in namespace '[01m[Kstd[m[K' does not name a template type
[2.308s]   151 |   typename std::[01;31m[Kenable_if_t[m[K<
[2.308s]       |                 [01;31m[K^~~~~~~~~~~[m[K
[2.308s] [01m[K/open_app/miniconda3/envs/ros2_humble/include/rclcpp/rclcpp/detail/subscription_callback_type_helper.hpp:151:17:[m[K [01;36m[Knote: [m[K'[01m[Kstd::enable_if_t[m[K' is only available from C++14 onwards
[2.308s] [01m[K/open_app/miniconda3/envs/ros2_humble/include/rclcpp/rclcpp/detail/subscription_callback_type_helper.hpp:151:28:[m[K [01;31m[Kerror: [m[Kexpected template-argument before '[01m[K<[m[K' token
[2.309s]   151 |   typename std::enable_if_t[01;31m[K<[m[K
[2.309s]       |                            [01;31m[K^[m[K
[2.309s] [01m[K/open_app/miniconda3/envs/ros2_humble/include/rclcpp/rclcpp/detail/subscription_callback_type_helper.hpp:151:28:[m[K [01;31m[Kerror: [m[Kexpected '[01m[K>[m[K' before '[01m[K<[m[K' token
[2.309s] [01m[K/open_app/miniconda3/envs/ros2_humble/include/rclcpp/rclcpp/detail/subscription_callback_type_helper.hpp:157:1:[m[K [01;31m[Kerror: [m[Ktemplate argument 3 is invalid
[2.309s]   157 | [01;31m[K>[m[K
[2.309s]       | [01;31m[K^[m[K
[2.309s] In file included from [01m[K/open_app/miniconda3/envs/ros2_humble/include/rclcpp/rclcpp/any_subscription_callback.hpp:34[m[K:
[2.310s] [01m[K/open_app/miniconda3/envs/ros2_humble/include/rclcpp/rclcpp/type_adapter.hpp:117:34:[m[K [01;31m[Kerror: [m[K'[01m[Kenable_if_t[m[K' is not a member of '[01m[Kstd[m[K'
[2.310s]   117 | struct TypeAdapter<T, void, std::[01;31m[Kenable_if_t[m[K<is_type_adapter<T>::value>>: T {};
[2.310s]       |                                  [01;31m[K^~~~~~~~~~~[m[K
[2.310s] [01m[K/open_app/miniconda3/envs/ros2_humble/include/rclcpp/rclcpp/type_adapter.hpp:117:34:[m[K [01;36m[Knote: [m[K'[01m[Kstd::enable_if_t[m[K' is only available from C++14 onwards
[2.310s] [01m[K/open_app/miniconda3/envs/ros2_humble/include/rclcpp/rclcpp/type_adapter.hpp:117:34:[m[K [01;31m[Kerror: [m[K'[01m[Kenable_if_t[m[K' is not a member of '[01m[Kstd[m[K'
[2.310s] [01m[K/open_app/miniconda3/envs/ros2_humble/include/rclcpp/rclcpp/type_adapter.hpp:117:34:[m[K [01;36m[Knote: [m[K'[01m[Kstd::enable_if_t[m[K' is only available from C++14 onwards
[2.310s] [01m[K/open_app/miniconda3/envs/ros2_humble/include/rclcpp/rclcpp/type_adapter.hpp:117:66:[m[K [01;31m[Kerror: [m[Ktype/value mismatch at argument 3 in template parameter list for '[01m[Ktemplate<class CustomType, class ROSMessageType, class Enable> struct rclcpp::TypeAdapter[m[K'
[2.310s]   117 | struct TypeAdapter<T, void, std::enable_if_t<is_type_adapter<T>::[01;31m[Kvalue[m[K>>: T {};
[2.311s]       |                                                                  [01;31m[K^~~~~[m[K
[2.311s] [01m[K/open_app/miniconda3/envs/ros2_humble/include/rclcpp/rclcpp/type_adapter.hpp:117:66:[m[K [01;36m[Knote: [m[K  expected a type, got '[01m[K(<expression error> < rclcpp::is_type_adapter<T>::value)[m[K'
[2.311s] [01m[K/open_app/miniconda3/envs/ros2_humble/include/rclcpp/rclcpp/type_adapter.hpp:117:71:[m[K [01;31m[Kerror: [m[Kexpected unqualified-id before '[01m[K>[m[K' token
[2.311s]   117 | struct TypeAdapter<T, void, std::enable_if_t<is_type_adapter<T>::value[01;31m[K>>[m[K: T {};
[2.311s]       |                                                                       [01;31m[K^~[m[K
[2.311s] [01m[K/open_app/miniconda3/envs/ros2_humble/include/rclcpp/rclcpp/type_adapter.hpp:176:34:[m[K [01;31m[Kerror: [m[K'[01m[Kenable_if_t[m[K' is not a member of '[01m[Kstd[m[K'
[2.311s]   176 | struct TypeAdapter<T, void, std::[01;31m[Kenable_if_t[m[K<ImplicitTypeAdapter<T>::is_specialized::value>>
[2.312s]       |                                  [01;31m[K^~~~~~~~~~~[m[K
[2.312s] [01m[K/open_app/miniconda3/envs/ros2_humble/include/rclcpp/rclcpp/type_adapter.hpp:176:34:[m[K [01;36m[Knote: [m[K'[01m[Kstd::enable_if_t[m[K' is only available from C++14 onwards
[2.312s] [01m[K/open_app/miniconda3/envs/ros2_humble/include/rclcpp/rclcpp/type_adapter.hpp:176:34:[m[K [01;31m[Kerror: [m[K'[01m[Kenable_if_t[m[K' is not a member of '[01m[Kstd[m[K'
[2.312s] [01m[K/open_app/miniconda3/envs/ros2_humble/include/rclcpp/rclcpp/type_adapter.hpp:176:34:[m[K [01;36m[Knote: [m[K'[01m[Kstd::enable_if_t[m[K' is only available from C++14 onwards
[2.312s] [01m[K/open_app/miniconda3/envs/ros2_humble/include/rclcpp/rclcpp/type_adapter.hpp:176:86:[m[K [01;31m[Kerror: [m[Ktype/value mismatch at argument 3 in template parameter list for '[01m[Ktemplate<class CustomType, class ROSMessageType, class Enable> struct rclcpp::TypeAdapter[m[K'
[2.312s]   176 | struct TypeAdapter<T, void, std::enable_if_t<ImplicitTypeAdapter<T>::is_specialized::[01;31m[Kvalue[m[K>>
[2.312s]       |                                                                                      [01;31m[K^~~~~[m[K
[2.312s] [01m[K/open_app/miniconda3/envs/ros2_humble/include/rclcpp/rclcpp/type_adapter.hpp:176:86:[m[K [01;36m[Knote: [m[K  expected a type, got '[01m[K(<expression error> < typename rclcpp::ImplicitTypeAdapter<CustomType>::is_specialized::value)[m[K'
[2.313s] [01m[K/open_app/miniconda3/envs/ros2_humble/include/rclcpp/rclcpp/type_adapter.hpp:176:91:[m[K [01;31m[Kerror: [m[Kexpected unqualified-id before '[01m[K>[m[K' token
[2.313s]   176 | struct TypeAdapter<T, void, std::enable_if_t<ImplicitTypeAdapter<T>::is_specialized::value[01;31m[K>>[m[K
[2.313s]       |                                                                                           [01;31m[K^~[m[K
[2.313s] [01m[K/open_app/miniconda3/envs/ros2_humble/include/rclcpp/rclcpp/any_subscription_callback.hpp:171:29:[m[K [01;31m[Kerror: [m[K'[01m[Kvariant[m[K' in namespace '[01m[Kstd[m[K' does not name a template type
[2.313s]   171 |   using variant_type = std::[01;31m[Kvariant[m[K<
[2.313s]       |                             [01;31m[K^~~~~~~[m[K
[2.313s] [01m[K/open_app/miniconda3/envs/ros2_humble/include/rclcpp/rclcpp/any_subscription_callback.hpp:171:24:[m[K [01;36m[Knote: [m[K'[01m[Kstd::variant[m[K' is only available from C++17 onwards
[2.314s]   171 |   using variant_type = [01;36m[Kstd[m[K::variant<
[2.314s]       |                        [01;36m[K^~~[m[K
[2.314s] [01m[K/open_app/miniconda3/envs/ros2_humble/include/rclcpp/rclcpp/any_subscription_callback.hpp:201:29:[m[K [01;31m[Kerror: [m[K'[01m[Kvariant[m[K' in namespace '[01m[Kstd[m[K' does not name a template type
[2.314s]   201 |   using variant_type = std::[01;31m[Kvariant[m[K<
[2.314s]       |                             [01;31m[K^~~~~~~[m[K
[2.314s] [01m[K/open_app/miniconda3/envs/ros2_humble/include/rclcpp/rclcpp/any_subscription_callback.hpp:201:24:[m[K [01;36m[Knote: [m[K'[01m[Kstd::variant[m[K' is only available from C++17 onwards
[2.314s]   201 |   using variant_type = [01;36m[Kstd[m[K::variant<
[2.314s]       |                        [01;36m[K^~~[m[K
[2.315s] [01m[K/open_app/miniconda3/envs/ros2_humble/include/rclcpp/rclcpp/any_subscription_callback.hpp:[m[K In member function '[01m[Kvoid rclcpp::AnySubscriptionCallback<MessageT, AllocatorT>::[01;32m[Kdispatch[m[K(std::shared_ptr<typename rclcpp::TypeAdapter<MessageT>::ros_message_type>, const rclcpp::MessageInfo&)[m[K':
[2.315s] [01m[K/open_app/miniconda3/envs/ros2_humble/include/rclcpp/rclcpp/any_subscription_callback.hpp:504:10:[m[K [01;31m[Kerror: [m[K'[01m[Kvisit[m[K' is not a member of '[01m[Kstd[m[K'
[2.315s]   504 |     std::[01;31m[Kvisit[m[K(
[2.315s]       |          [01;31m[K^~~~~[m[K
[2.315s] [01m[K/open_app/miniconda3/envs/ros2_humble/include/rclcpp/rclcpp/any_subscription_callback.hpp:504:10:[m[K [01;36m[Knote: [m[K'[01m[Kstd::visit[m[K' is only available from C++17 onwards
[2.315s] [01m[K/open_app/miniconda3/envs/ros2_humble/include/rclcpp/rclcpp/any_subscription_callback.hpp:505:39:[m[K [01;31m[Kerror: [m[Kuse of '[01m[Kauto[m[K' in lambda parameter declaration only available with '[01m[K-std=c++14[m[K' or '[01m[K-std=gnu++14[m[K'
[2.315s]   505 |       [&message, &message_info, this]([01;31m[Kauto[m[K && callback) {
[2.316s]       |                                       [01;31m[K^~~~[m[K
[2.316s] [01m[K/open_app/miniconda3/envs/ros2_humble/include/rclcpp/rclcpp/any_subscription_callback.hpp:[m[K In lambda function:
[2.316s] [01m[K/open_app/miniconda3/envs/ros2_humble/include/rclcpp/rclcpp/any_subscription_callback.hpp:506:24:[m[K [01;31m[Kerror: [m[K'[01m[Kdecay_t[m[K' in namespace '[01m[Kstd[m[K' does not name a template type; did you mean '[01m[Kdecay[m[K'?
[2.316s]   506 |         using T = std::[01;31m[Kdecay_t[m[K<decltype(callback)>;
[2.316s]       |                        [01;31m[K^~~~~~~[m[K
[2.316s]       |                        [32m[Kdecay[m[K
[2.316s] [01m[K/open_app/miniconda3/envs/ros2_humble/include/rclcpp/rclcpp/any_subscription_callback.hpp:510:37:[m[K [01;31m[Kerror: [m[K'[01m[Kis_same_v[m[K' is not a member of '[01m[Kstd[m[K'; did you mean '[01m[Kis_same[m[K'?
[2.316s]   510 |         if constexpr (is_ta && std::[01;31m[Kis_same_v[m[K<T, ConstRefCallback>) {
[2.317s]       |                                     [01;31m[K^~~~~~~~~[m[K
[2.317s]       |                                     [32m[Kis_same[m[K
[2.321s] [01m[K/open_app/miniconda3/envs/ros2_humble/include/rclcpp/rclcpp/any_subscription_callback.hpp:510:47:[m[K [01;31m[Kerror: [m[K'[01m[KT[m[K' was not declared in this scope
[2.321s]   510 |         if constexpr (is_ta && std::is_same_v<[01;31m[KT[m[K, ConstRefCallback>) {
[2.321s]       |                                               [01;31m[K^[m[K
[2.321s] [01m[K/open_app/miniconda3/envs/ros2_humble/include/rclcpp/rclcpp/any_subscription_callback.hpp:510:66:[m[K [01;31m[Kerror: [m[Kexpected primary-expression before '[01m[K>[m[K' token
[2.321s]   510 |         if constexpr (is_ta && std::is_same_v<T, ConstRefCallback[01;31m[K>[m[K) {
[2.322s]       |                                                                  [01;31m[K^[m[K
[2.322s] [01m[K/open_app/miniconda3/envs/ros2_humble/include/rclcpp/rclcpp/any_subscription_callback.hpp:510:67:[m[K [01;31m[Kerror: [m[Kexpected primary-expression before '[01m[K)[m[K' token
[2.322s]   510 |         if constexpr (is_ta && std::is_same_v<T, ConstRefCallback>[01;31m[K)[m[K {
[2.322s]       |                                                                   [01;31m[K^[m[K
[2.322s] [01m[K/open_app/miniconda3/envs/ros2_humble/include/rclcpp/rclcpp/any_subscription_callback.hpp:518:44:[m[K [01;31m[Kerror: [m[K'[01m[Kis_same_v[m[K' is not a member of '[01m[Kstd[m[K'; did you mean '[01m[Kis_same[m[K'?
[2.322s]   518 |         } else if constexpr (is_ta && std::[01;31m[Kis_same_v[m[K<T, ConstRefWithInfoCallback>) {  // NOLINT
[2.323s]       |                                            [01;31m[K^~~~~~~~~[m[K
[2.323s]       |                                            [32m[Kis_same[m[K
[2.323s] [01m[K/open_app/miniconda3/envs/ros2_humble/include/rclcpp/rclcpp/any_subscription_callback.hpp:518:81:[m[K [01;31m[Kerror: [m[Kexpected primary-expression before '[01m[K>[m[K' token
[2.323s]   518 |         } else if constexpr (is_ta && std::is_same_v<T, ConstRefWithInfoCallback[01;31m[K>[m[K) {  // NOLINT
[2.323s]       |                                                                                 [01;31m[K^[m[K
[2.323s] [01m[K/open_app/miniconda3/envs/ros2_humble/include/rclcpp/rclcpp/any_subscription_callback.hpp:518:82:[m[K [01;31m[Kerror: [m[Kexpected primary-expression before '[01m[K)[m[K' token
[2.323s]   518 |         } else if constexpr (is_ta && std::is_same_v<T, ConstRefWithInfoCallback>[01;31m[K)[m[K {  // NOLINT
[2.324s]       |                                                                                  [01;31m[K^[m[K
[2.324s] [01m[K/open_app/miniconda3/envs/ros2_humble/include/rclcpp/rclcpp/any_subscription_callback.hpp:521:44:[m[K [01;31m[Kerror: [m[K'[01m[Kis_same_v[m[K' is not a member of '[01m[Kstd[m[K'; did you mean '[01m[Kis_same[m[K'?
[2.324s]   521 |         } else if constexpr (is_ta && std::[01;31m[Kis_same_v[m[K<T, UniquePtrCallback>) {
[2.324s]       |                                            [01;31m[K^~~~~~~~~[m[K
[2.324s]       |                                            [32m[Kis_same[m[K
[2.324s] [01m[K/open_app/miniconda3/envs/ros2_humble/include/rclcpp/rclcpp/any_subscription_callback.hpp:521:74:[m[K [01;31m[Kerror: [m[Kexpected primary-expression before '[01m[K>[m[K' token
[2.325s]   521 |         } else if constexpr (is_ta && std::is_same_v<T, UniquePtrCallback[01;31m[K>[m[K) {
[2.325s]       |                                                                          [01;31m[K^[m[K
[2.325s] [01m[K/open_app/miniconda3/envs/ros2_humble/include/rclcpp/rclcpp/any_subscription_callback.hpp:521:75:[m[K [01;31m[Kerror: [m[Kexpected primary-expression before '[01m[K)[m[K' token
[2.325s]   521 |         } else if constexpr (is_ta && std::is_same_v<T, UniquePtrCallback>[01;31m[K)[m[K {
[2.325s]       |                                                                           [01;31m[K^[m[K
[2.325s] [01m[K/open_app/miniconda3/envs/ros2_humble/include/rclcpp/rclcpp/any_subscription_callback.hpp:523:44:[m[K [01;31m[Kerror: [m[K'[01m[Kis_same_v[m[K' is not a member of '[01m[Kstd[m[K'; did you mean '[01m[Kis_same[m[K'?
[2.325s]   523 |         } else if constexpr (is_ta && std::[01;31m[Kis_same_v[m[K<T, UniquePtrWithInfoCallback>) {
[2.326s]       |                                            [01;31m[K^~~~~~~~~[m[K
[2.326s]       |                                            [32m[Kis_same[m[K
[2.326s] [01m[K/open_app/miniconda3/envs/ros2_humble/include/rclcpp/rclcpp/any_subscription_callback.hpp:523:82:[m[K [01;31m[Kerror: [m[Kexpected primary-expression before '[01m[K>[m[K' token
[2.326s]   523 |         } else if constexpr (is_ta && std::is_same_v<T, UniquePtrWithInfoCallback[01;31m[K>[m[K) {
[2.326s]       |                                                                                  [01;31m[K^[m[K
[2.327s] [01m[K/open_app/miniconda3/envs/ros2_humble/include/rclcpp/rclcpp/any_subscription_callback.hpp:523:83:[m[K [01;31m[Kerror: [m[Kexpected primary-expression before '[01m[K)[m[K' token
[2.327s]   523 |         } else if constexpr (is_ta && std::is_same_v<T, UniquePtrWithInfoCallback>[01;31m[K)[m[K {
[2.327s]       |                                                                                   [01;31m[K^[m[K
[2.327s] [01m[K/open_app/miniconda3/envs/ros2_humble/include/rclcpp/rclcpp/any_subscription_callback.hpp:527:18:[m[K [01;31m[Kerror: [m[K'[01m[Kis_same_v[m[K' is not a member of '[01m[Kstd[m[K'; did you mean '[01m[Kis_same[m[K'?
[2.327s]   527 |             std::[01;31m[Kis_same_v[m[K<T, SharedConstPtrCallback>||
[2.327s]       |                  [01;31m[K^~~~~~~~~[m[K
[2.328s]       |                  [32m[Kis_same[m[K
[2.328s] [01m[K/open_app/miniconda3/envs/ros2_humble/include/rclcpp/rclcpp/any_subscription_callback.hpp:527:53:[m[K [01;31m[Kerror: [m[Kexpected primary-expression before '[01m[K>[m[K' token
[2.328s]   527 |             std::is_same_v<T, SharedConstPtrCallback[01;31m[K>[m[K||
[2.328s]       |                                                     [01;31m[K^[m[K
[2.328s] [01m[K/open_app/miniconda3/envs/ros2_humble/include/rclcpp/rclcpp/any_subscription_callback.hpp:527:54:[m[K [01;31m[Kerror: [m[Kexpected primary-expression before '[01m[K||[m[K' token
[2.329s]   527 |             std::is_same_v<T, SharedConstPtrCallback>[01;31m[K||[m[K
[2.329s]       |                                                      [01;31m[K^~[m[K
[2.329s] [01m[K/open_app/miniconda3/envs/ros2_humble/include/rclcpp/rclcpp/any_subscription_callback.hpp:528:18:[m[K [01;31m[Kerror: [m[K'[01m[Kis_same_v[m[K' is not a member of '[01m[Kstd[m[K'; did you mean '[01m[Kis_same[m[K'?
[2.329s]   528 |             std::[01;31m[Kis_same_v[m[K<T, ConstRefSharedConstPtrCallback>||
[2.329s]       |                  [01;31m[K^~~~~~~~~[m[K
[2.329s]       |                  [32m[Kis_same[m[K
[2.329s] [01m[K/open_app/miniconda3/envs/ros2_humble/include/rclcpp/rclcpp/any_subscription_callback.hpp:528:61:[m[K [01;31m[Kerror: [m[Kexpected primary-expression before '[01m[K>[m[K' token
[2.330s]   528 |             std::is_same_v<T, ConstRefSharedConstPtrCallback[01;31m[K>[m[K||
[2.330s]       |                                                             [01;31m[K^[m[K
[2.330s] [01m[K/open_app/miniconda3/envs/ros2_humble/include/rclcpp/rclcpp/any_subscription_callback.hpp:528:62:[m[K [01;31m[Kerror: [m[Kexpected primary-expression before '[01m[K||[m[K' token
[2.330s]   528 |             std::is_same_v<T, ConstRefSharedConstPtrCallback>[01;31m[K||[m[K
[2.330s]       |                                                              [01;31m[K^~[m[K
[2.330s] [01m[K/open_app/miniconda3/envs/ros2_humble/include/rclcpp/rclcpp/any_subscription_callback.hpp:529:18:[m[K [01;31m[Kerror: [m[K'[01m[Kis_same_v[m[K' is not a member of '[01m[Kstd[m[K'; did you mean '[01m[Kis_same[m[K'?
[2.330s]   529 |             std::[01;31m[Kis_same_v[m[K<T, SharedPtrCallback>
[2.331s]       |                  [01;31m[K^~~~~~~~~[m[K
[2.331s]       |                  [32m[Kis_same[m[K
[2.331s] [01m[K/open_app/miniconda3/envs/ros2_humble/include/rclcpp/rclcpp/any_subscription_callback.hpp:529:48:[m[K [01;31m[Kerror: [m[Kexpected primary-expression before '[01m[K>[m[K' token
[2.331s]   529 |             std::is_same_v<T, SharedPtrCallback[01;31m[K>[m[K
[2.331s]       |                                                [01;31m[K^[m[K
[2.331s] [01m[K/open_app/miniconda3/envs/ros2_humble/include/rclcpp/rclcpp/any_subscription_callback.hpp:530:9:[m[K [01;31m[Kerror: [m[Kexpected primary-expression before '[01m[K)[m[K' token
[2.331s]   530 |         [01;31m[K)[m[K)
[2.332s]       |         [01;31m[K^[m[K
[2.332s] [01m[K/open_app/miniconda3/envs/ros2_humble/include/rclcpp/rclcpp/any_subscription_callback.hpp:535:18:[m[K [01;31m[Kerror: [m[K'[01m[Kis_same_v[m[K' is not a member of '[01m[Kstd[m[K'; did you mean '[01m[Kis_same[m[K'?
[2.332s]   535 |             std::[01;31m[Kis_same_v[m[K<T, SharedConstPtrWithInfoCallback>||
[2.332s]       |                  [01;31m[K^~~~~~~~~[m[K
[2.332s]       |                  [32m[Kis_same[m[K
[2.332s] [01m[K/open_app/miniconda3/envs/ros2_humble/include/rclcpp/rclcpp/any_subscription_callback.hpp:535:61:[m[K [01;31m[Kerror: [m[Kexpected primary-expression before '[01m[K>[m[K' token
[2.333s]   535 |             std::is_same_v<T, SharedConstPtrWithInfoCallback[01;31m[K>[m[K||
[2.333s]       |                                                             [01;31m[K^[m[K
[2.333s] [01m[K/open_app/miniconda3/envs/ros2_humble/include/rclcpp/rclcpp/any_subscription_callback.hpp:535:62:[m[K [01;31m[Kerror: [m[Kexpected primary-expression before '[01m[K||[m[K' token
[2.333s]   535 |             std::is_same_v<T, SharedConstPtrWithInfoCallback>[01;31m[K||[m[K
[2.333s]       |                                                              [01;31m[K^~[m[K
[2.333s] [01m[K/open_app/miniconda3/envs/ros2_humble/include/rclcpp/rclcpp/any_subscription_callback.hpp:536:18:[m[K [01;31m[Kerror: [m[K'[01m[Kis_same_v[m[K' is not a member of '[01m[Kstd[m[K'; did you mean '[01m[Kis_same[m[K'?
[2.333s]   536 |             std::[01;31m[Kis_same_v[m[K<T, ConstRefSharedConstPtrWithInfoCallback>||
[2.334s]       |                  [01;31m[K^~~~~~~~~[m[K
[2.334s]       |                  [32m[Kis_same[m[K
[2.334s] [01m[K/open_app/miniconda3/envs/ros2_humble/include/rclcpp/rclcpp/any_subscription_callback.hpp:536:69:[m[K [01;31m[Kerror: [m[Kexpected primary-expression before '[01m[K>[m[K' token
[2.334s]   536 |             std::is_same_v<T, ConstRefSharedConstPtrWithInfoCallback[01;31m[K>[m[K||
[2.334s]       |                                                                     [01;31m[K^[m[K
[2.334s] [01m[K/open_app/miniconda3/envs/ros2_humble/include/rclcpp/rclcpp/any_subscription_callback.hpp:536:70:[m[K [01;31m[Kerror: [m[Kexpected primary-expression before '[01m[K||[m[K' token
[2.335s]   536 |             std::is_same_v<T, ConstRefSharedConstPtrWithInfoCallback>[01;31m[K||[m[K
[2.335s]       |                                                                      [01;31m[K^~[m[K
[2.335s] [01m[K/open_app/miniconda3/envs/ros2_humble/include/rclcpp/rclcpp/any_subscription_callback.hpp:537:18:[m[K [01;31m[Kerror: [m[K'[01m[Kis_same_v[m[K' is not a member of '[01m[Kstd[m[K'; did you mean '[01m[Kis_same[m[K'?
[2.335s]   537 |             std::[01;31m[Kis_same_v[m[K<T, SharedPtrWithInfoCallback>
[2.335s]       |                  [01;31m[K^~~~~~~~~[m[K
[2.335s]       |                  [32m[Kis_same[m[K
[2.335s] [01m[K/open_app/miniconda3/envs/ros2_humble/include/rclcpp/rclcpp/any_subscription_callback.hpp:537:56:[m[K [01;31m[Kerror: [m[Kexpected primary-expression before '[01m[K>[m[K' token
[2.336s]   537 |             std::is_same_v<T, SharedPtrWithInfoCallback[01;31m[K>[m[K
[2.336s]       |                                                        [01;31m[K^[m[K
[2.336s] [01m[K/open_app/miniconda3/envs/ros2_humble/include/rclcpp/rclcpp/any_subscription_callback.hpp:538:9:[m[K [01;31m[Kerror: [m[Kexpected primary-expression before '[01m[K)[m[K' token
[2.336s]   538 |         [01;31m[K)[m[K)
[2.337s]       |         [01;31m[K^[m[K
[2.337s] [01m[K/open_app/miniconda3/envs/ros2_humble/include/rclcpp/rclcpp/any_subscription_callback.hpp:543:33:[m[K [01;31m[Kerror: [m[K'[01m[Kis_same_v[m[K' is not a member of '[01m[Kstd[m[K'; did you mean '[01m[Kis_same[m[K'?
[2.337s]   543 |         else if constexpr (std::[01;31m[Kis_same_v[m[K<T, ConstRefROSMessageCallback>) {  // NOLINT
[2.337s]       |                                 [01;31m[K^~~~~~~~~[m[K
[2.337s]       |                                 [32m[Kis_same[m[K
[2.337s] [01m[K/open_app/miniconda3/envs/ros2_humble/include/rclcpp/rclcpp/any_subscription_callback.hpp:543:72:[m[K [01;31m[Kerror: [m[Kexpected primary-expression before '[01m[K>[m[K' token
[2.337s]   543 |         else if constexpr (std::is_same_v<T, ConstRefROSMessageCallback[01;31m[K>[m[K) {  // NOLINT
[2.338s]       |                                                                        [01;31m[K^[m[K
[2.338s] [01m[K/open_app/miniconda3/envs/ros2_humble/include/rclcpp/rclcpp/any_subscription_callback.hpp:543:73:[m[K [01;31m[Kerror: [m[Kexpected primary-expression before '[01m[K)[m[K' token
[2.338s]   543 |         else if constexpr (std::is_same_v<T, ConstRefROSMessageCallback>[01;31m[K)[m[K {  // NOLINT
[2.338s]       |                                                                         [01;31m[K^[m[K
[2.338s] [01m[K/open_app/miniconda3/envs/ros2_humble/include/rclcpp/rclcpp/any_subscription_callback.hpp:545:35:[m[K [01;31m[Kerror: [m[K'[01m[Kis_same_v[m[K' is not a member of '[01m[Kstd[m[K'; did you mean '[01m[Kis_same[m[K'?
[2.338s]   545 |         } else if constexpr (std::[01;31m[Kis_same_v[m[K<T, ConstRefWithInfoROSMessageCallback>) {
[2.339s]       |                                   [01;31m[K^~~~~~~~~[m[K
[2.339s]       |                                   [32m[Kis_same[m[K
[2.339s] [01m[K/open_app/miniconda3/envs/ros2_humble/include/rclcpp/rclcpp/any_subscription_callback.hpp:545:82:[m[K [01;31m[Kerror: [m[Kexpected primary-expression before '[01m[K>[m[K' token
[2.339s]   545 |         } else if constexpr (std::is_same_v<T, ConstRefWithInfoROSMessageCallback[01;31m[K>[m[K) {
[2.339s]       |                                                                                  [01;31m[K^[m[K
[2.339s] [01m[K/open_app/miniconda3/envs/ros2_humble/include/rclcpp/rclcpp/any_subscription_callback.hpp:545:83:[m[K [01;31m[Kerror: [m[Kexpected primary-expression before '[01m[K)[m[K' token
[2.340s]   545 |         } else if constexpr (std::is_same_v<T, ConstRefWithInfoROSMessageCallback>[01;31m[K)[m[K {
[2.340s]       |                                                                                   [01;31m[K^[m[K
[2.340s] [01m[K/open_app/miniconda3/envs/ros2_humble/include/rclcpp/rclcpp/any_subscription_callback.hpp:547:35:[m[K [01;31m[Kerror: [m[K'[01m[Kis_same_v[m[K' is not a member of '[01m[Kstd[m[K'; did you mean '[01m[Kis_same[m[K'?
[2.340s]   547 |         } else if constexpr (std::[01;31m[Kis_same_v[m[K<T, UniquePtrROSMessageCallback>) {
[2.340s]       |                                   [01;31m[K^~~~~~~~~[m[K
[2.340s]       |                                   [32m[Kis_same[m[K
[2.341s] [01m[K/open_app/miniconda3/envs/ros2_humble/include/rclcpp/rclcpp/any_subscription_callback.hpp:547:75:[m[K [01;31m[Kerror: [m[Kexpected primary-expression before '[01m[K>[m[K' token
[2.341s]   547 |         } else if constexpr (std::is_same_v<T, UniquePtrROSMessageCallback[01;31m[K>[m[K) {
[2.341s]       |                                                                           [01;31m[K^[m[K
[2.341s] [01m[K/open_app/miniconda3/envs/ros2_humble/include/rclcpp/rclcpp/any_subscription_callback.hpp:547:76:[m[K [01;31m[Kerror: [m[Kexpected primary-expression before '[01m[K)[m[K' token
[2.341s]   547 |         } else if constexpr (std::is_same_v<T, UniquePtrROSMessageCallback>[01;31m[K)[m[K {
[2.342s]       |                                                                            [01;31m[K^[m[K
[2.342s] [01m[K/open_app/miniconda3/envs/ros2_humble/include/rclcpp/rclcpp/any_subscription_callback.hpp:549:35:[m[K [01;31m[Kerror: [m[K'[01m[Kis_same_v[m[K' is not a member of '[01m[Kstd[m[K'; did you mean '[01m[Kis_same[m[K'?
[2.342s]   549 |         } else if constexpr (std::[01;31m[Kis_same_v[m[K<T, UniquePtrWithInfoROSMessageCallback>) {
[2.342s]       |                                   [01;31m[K^~~~~~~~~[m[K
[2.342s]       |                                   [32m[Kis_same[m[K
[2.342s] [01m[K/open_app/miniconda3/envs/ros2_humble/include/rclcpp/rclcpp/any_subscription_callback.hpp:549:83:[m[K [01;31m[Kerror: [m[Kexpected primary-expression before '[01m[K>[m[K' token
[2.343s]   549 |         } else if constexpr (std::is_same_v<T, UniquePtrWithInfoROSMessageCallback[01;31m[K>[m[K) {
[2.343s]       |                                                                                   [01;31m[K^[m[K
[2.343s] [01m[K/open_app/miniconda3/envs/ros2_humble/include/rclcpp/rclcpp/any_subscription_callback.hpp:549:84:[m[K [01;31m[Kerror: [m[Kexpected primary-expression before '[01m[K)[m[K' token
[2.343s]   549 |         } else if constexpr (std::is_same_v<T, UniquePtrWithInfoROSMessageCallback>[01;31m[K)[m[K {
[2.343s]       |                                                                                    [01;31m[K^[m[K
[2.346s] [01m[K/open_app/miniconda3/envs/ros2_humble/include/rclcpp/rclcpp/any_subscription_callback.hpp:552:16:[m[K [01;31m[Kerror: [m[K'[01m[Kis_same_v[m[K' is not a member of '[01m[Kstd[m[K'; did you mean '[01m[Kis_same[m[K'?
[2.346s]   552 |           std::[01;31m[Kis_same_v[m[K<T, SharedConstPtrROSMessageCallback>||
[2.346s]       |                [01;31m[K^~~~~~~~~[m[K
[2.346s]       |                [32m[Kis_same[m[K
[2.347s] [01m[K/open_app/miniconda3/envs/ros2_humble/include/rclcpp/rclcpp/any_subscription_callback.hpp:552:61:[m[K [01;31m[Kerror: [m[Kexpected primary-expression before '[01m[K>[m[K' token
[2.347s]   552 |           std::is_same_v<T, SharedConstPtrROSMessageCallback[01;31m[K>[m[K||
[2.347s]       |                                                             [01;31m[K^[m[K
[2.347s] [01m[K/open_app/miniconda3/envs/ros2_humble/include/rclcpp/rclcpp/any_subscription_callback.hpp:552:62:[m[K [01;31m[Kerror: [m[Kexpected primary-expression before '[01m[K||[m[K' token
[2.347s]   552 |           std::is_same_v<T, SharedConstPtrROSMessageCallback>[01;31m[K||[m[K
[2.347s]       |                                                              [01;31m[K^~[m[K
[2.347s] [01m[K/open_app/miniconda3/envs/ros2_humble/include/rclcpp/rclcpp/any_subscription_callback.hpp:553:16:[m[K [01;31m[Kerror: [m[K'[01m[Kis_same_v[m[K' is not a member of '[01m[Kstd[m[K'; did you mean '[01m[Kis_same[m[K'?
[2.348s]   553 |           std::[01;31m[Kis_same_v[m[K<T, ConstRefSharedConstPtrROSMessageCallback>||
[2.348s]       |                [01;31m[K^~~~~~~~~[m[K
[2.348s]       |                [32m[Kis_same[m[K
[2.348s] [01m[K/open_app/miniconda3/envs/ros2_humble/include/rclcpp/rclcpp/any_subscription_callback.hpp:553:69:[m[K [01;31m[Kerror: [m[Kexpected primary-expression before '[01m[K>[m[K' token
[2.348s]   553 |           std::is_same_v<T, ConstRefSharedConstPtrROSMessageCallback[01;31m[K>[m[K||
[2.348s]       |                                                                     [01;31m[K^[m[K
[2.349s] [01m[K/open_app/miniconda3/envs/ros2_humble/include/rclcpp/rclcpp/any_subscription_callback.hpp:553:70:[m[K [01;31m[Kerror: [m[Kexpected primary-expression before '[01m[K||[m[K' token
[2.349s]   553 |           std::is_same_v<T, ConstRefSharedConstPtrROSMessageCallback>[01;31m[K||[m[K
[2.349s]       |                                                                      [01;31m[K^~[m[K
[2.349s] [01m[K/open_app/miniconda3/envs/ros2_humble/include/rclcpp/rclcpp/any_subscription_callback.hpp:554:16:[m[K [01;31m[Kerror: [m[K'[01m[Kis_same_v[m[K' is not a member of '[01m[Kstd[m[K'; did you mean '[01m[Kis_same[m[K'?
[2.349s]   554 |           std::[01;31m[Kis_same_v[m[K<T, SharedPtrROSMessageCallback>)
[2.349s]       |                [01;31m[K^~~~~~~~~[m[K
[2.349s]       |                [32m[Kis_same[m[K
[2.350s] [01m[K/open_app/miniconda3/envs/ros2_humble/include/rclcpp/rclcpp/any_subscription_callback.hpp:554:56:[m[K [01;31m[Kerror: [m[Kexpected primary-expression before '[01m[K>[m[K' token
[2.350s]   554 |           std::is_same_v<T, SharedPtrROSMessageCallback[01;31m[K>[m[K)
[2.350s]       |                                                        [01;31m[K^[m[K
[2.350s] [01m[K/open_app/miniconda3/envs/ros2_humble/include/rclcpp/rclcpp/any_subscription_callback.hpp:554:57:[m[K [01;31m[Kerror: [m[Kexpected primary-expression before '[01m[K)[m[K' token
[2.350s]   554 |           std::is_same_v<T, SharedPtrROSMessageCallback>[01;31m[K)[m[K
[2.350s]       |                                                         [01;31m[K^[m[K
[2.350s] [01m[K/open_app/miniconda3/envs/ros2_humble/include/rclcpp/rclcpp/any_subscription_callback.hpp:558:16:[m[K [01;31m[Kerror: [m[K'[01m[Kis_same_v[m[K' is not a member of '[01m[Kstd[m[K'; did you mean '[01m[Kis_same[m[K'?
[2.351s]   558 |           std::[01;31m[Kis_same_v[m[K<T, SharedConstPtrWithInfoROSMessageCallback>||
[2.351s]       |                [01;31m[K^~~~~~~~~[m[K
[2.351s]       |                [32m[Kis_same[m[K
[2.351s] [01m[K/open_app/miniconda3/envs/ros2_humble/include/rclcpp/rclcpp/any_subscription_callback.hpp:558:69:[m[K [01;31m[Kerror: [m[Kexpected primary-expression before '[01m[K>[m[K' token
[2.351s]   558 |           std::is_same_v<T, SharedConstPtrWithInfoROSMessageCallback[01;31m[K>[m[K||
[2.351s]       |                                                                     [01;31m[K^[m[K
[2.352s] [01m[K/open_app/miniconda3/envs/ros2_humble/include/rclcpp/rclcpp/any_subscription_callback.hpp:558:70:[m[K [01;31m[Kerror: [m[Kexpected primary-expression before '[01m[K||[m[K' token
[2.352s]   558 |           std::is_same_v<T, SharedConstPtrWithInfoROSMessageCallback>[01;31m[K||[m[K
[2.352s]       |                                                                      [01;31m[K^~[m[K
[2.352s] [01m[K/open_app/miniconda3/envs/ros2_humble/include/rclcpp/rclcpp/any_subscription_callback.hpp:559:16:[m[K [01;31m[Kerror: [m[K'[01m[Kis_same_v[m[K' is not a member of '[01m[Kstd[m[K'; did you mean '[01m[Kis_same[m[K'?
[2.352s]   559 |           std::[01;31m[Kis_same_v[m[K<T, ConstRefSharedConstPtrWithInfoROSMessageCallback>||
[2.352s]       |                [01;31m[K^~~~~~~~~[m[K
[2.352s]       |                [32m[Kis_same[m[K
[2.352s] [01m[K/open_app/miniconda3/envs/ros2_humble/include/rclcpp/rclcpp/any_subscription_callback.hpp:559:77:[m[K [01;31m[Kerror: [m[Kexpected primary-expression before '[01m[K>[m[K' token
[2.353s]   559 |           std::is_same_v<T, ConstRefSharedConstPtrWithInfoROSMessageCallback[01;31m[K>[m[K||
[2.353s]       |                                                                             [01;31m[K^[m[K
[2.353s] [01m[K/open_app/miniconda3/envs/ros2_humble/include/rclcpp/rclcpp/any_subscription_callback.hpp:559:78:[m[K [01;31m[Kerror: [m[Kexpected primary-expression before '[01m[K||[m[K' token
[2.353s]   559 |           std::is_same_v<T, ConstRefSharedConstPtrWithInfoROSMessageCallback>[01;31m[K||[m[K
[2.353s]       |                                                                              [01;31m[K^~[m[K
[2.353s] [01m[K/open_app/miniconda3/envs/ros2_humble/include/rclcpp/rclcpp/any_subscription_callback.hpp:560:16:[m[K [01;31m[Kerror: [m[K'[01m[Kis_same_v[m[K' is not a member of '[01m[Kstd[m[K'; did you mean '[01m[Kis_same[m[K'?
[2.353s]   560 |           std::[01;31m[Kis_same_v[m[K<T, SharedPtrWithInfoROSMessageCallback>)
[2.354s]       |                [01;31m[K^~~~~~~~~[m[K
[2.354s]       |                [32m[Kis_same[m[K
[2.354s] [01m[K/open_app/miniconda3/envs/ros2_humble/include/rclcpp/rclcpp/any_subscription_callback.hpp:560:64:[m[K [01;31m[Kerror: [m[Kexpected primary-expression before '[01m[K>[m[K' token
[2.354s]   560 |           std::is_same_v<T, SharedPtrWithInfoROSMessageCallback[01;31m[K>[m[K)
[2.354s]       |                                                                [01;31m[K^[m[K
[2.354s] [01m[K/open_app/miniconda3/envs/ros2_humble/include/rclcpp/rclcpp/any_subscription_callback.hpp:560:65:[m[K [01;31m[Kerror: [m[Kexpected primary-expression before '[01m[K)[m[K' token
[2.354s]   560 |           std::is_same_v<T, SharedPtrWithInfoROSMessageCallback>[01;31m[K)[m[K
[2.354s]       |                                                                 [01;31m[K^[m[K
[2.355s] [01m[K/open_app/miniconda3/envs/ros2_humble/include/rclcpp/rclcpp/any_subscription_callback.hpp:566:16:[m[K [01;31m[Kerror: [m[K'[01m[Kis_same_v[m[K' is not a member of '[01m[Kstd[m[K'; did you mean '[01m[Kis_same[m[K'?
[2.355s]   566 |           std::[01;31m[Kis_same_v[m[K<T, ConstRefSerializedMessageCallback>||
[2.355s]       |                [01;31m[K^~~~~~~~~[m[K
[2.355s]       |                [32m[Kis_same[m[K
[2.355s] [01m[K/open_app/miniconda3/envs/ros2_humble/include/rclcpp/rclcpp/any_subscription_callback.hpp:566:62:[m[K [01;31m[Kerror: [m[Kexpected primary-expression before '[01m[K>[m[K' token
[2.355s]   566 |           std::is_same_v<T, ConstRefSerializedMessageCallback[01;31m[K>[m[K||
[2.355s]       |                                                              [01;31m[K^[m[K
[2.355s] [01m[K/open_app/miniconda3/envs/ros2_humble/include/rclcpp/rclcpp/any_subscription_callback.hpp:566:63:[m[K [01;31m[Kerror: [m[Kexpected primary-expression before '[01m[K||[m[K' token
[2.356s]   566 |           std::is_same_v<T, ConstRefSerializedMessageCallback>[01;31m[K||[m[K
[2.356s]       |                                                               [01;31m[K^~[m[K
[2.356s] [01m[K/open_app/miniconda3/envs/ros2_humble/include/rclcpp/rclcpp/any_subscription_callback.hpp:567:16:[m[K [01;31m[Kerror: [m[K'[01m[Kis_same_v[m[K' is not a member of '[01m[Kstd[m[K'; did you mean '[01m[Kis_same[m[K'?
[2.356s]   567 |           std::[01;31m[Kis_same_v[m[K<T, ConstRefSerializedMessageWithInfoCallback>||
[2.356s]       |                [01;31m[K^~~~~~~~~[m[K
[2.356s]       |                [32m[Kis_same[m[K
[2.356s] [01m[K/open_app/miniconda3/envs/ros2_humble/include/rclcpp/rclcpp/any_subscription_callback.hpp:567:70:[m[K [01;31m[Kerror: [m[Kexpected primary-expression before '[01m[K>[m[K' token
[2.357s]   567 |           std::is_same_v<T, ConstRefSerializedMessageWithInfoCallback[01;31m[K>[m[K||
[2.357s]       |                                                                      [01;31m[K^[m[K
[2.357s] [01m[K/open_app/miniconda3/envs/ros2_humble/include/rclcpp/rclcpp/any_subscription_callback.hpp:567:71:[m[K [01;31m[Kerror: [m[Kexpected primary-expression before '[01m[K||[m[K' token
[2.357s]   567 |           std::is_same_v<T, ConstRefSerializedMessageWithInfoCallback>[01;31m[K||[m[K
[2.357s]       |                                                                       [01;31m[K^~[m[K
[2.357s] [01m[K/open_app/miniconda3/envs/ros2_humble/include/rclcpp/rclcpp/any_subscription_callback.hpp:568:16:[m[K [01;31m[Kerror: [m[K'[01m[Kis_same_v[m[K' is not a member of '[01m[Kstd[m[K'; did you mean '[01m[Kis_same[m[K'?
[2.357s]   568 |           std::[01;31m[Kis_same_v[m[K<T, UniquePtrSerializedMessageCallback>||
[2.357s]       |                [01;31m[K^~~~~~~~~[m[K
[2.358s]       |                [32m[Kis_same[m[K
[2.358s] [01m[K/open_app/miniconda3/envs/ros2_humble/include/rclcpp/rclcpp/any_subscription_callback.hpp:568:63:[m[K [01;31m[Kerror: [m[Kexpected primary-expression before '[01m[K>[m[K' token
[2.358s]   568 |           std::is_same_v<T, UniquePtrSerializedMessageCallback[01;31m[K>[m[K||
[2.358s]       |                                                               [01;31m[K^[m[K
[2.358s] [01m[K/open_app/miniconda3/envs/ros2_humble/include/rclcpp/rclcpp/any_subscription_callback.hpp:568:64:[m[K [01;31m[Kerror: [m[Kexpected primary-expression before '[01m[K||[m[K' token
[2.358s]   568 |           std::is_same_v<T, UniquePtrSerializedMessageCallback>[01;31m[K||[m[K
[2.358s]       |                                                                [01;31m[K^~[m[K
[2.358s] [01m[K/open_app/miniconda3/envs/ros2_humble/include/rclcpp/rclcpp/any_subscription_callback.hpp:569:16:[m[K [01;31m[Kerror: [m[K'[01m[Kis_same_v[m[K' is not a member of '[01m[Kstd[m[K'; did you mean '[01m[Kis_same[m[K'?
[2.359s]   569 |           std::[01;31m[Kis_same_v[m[K<T, UniquePtrSerializedMessageWithInfoCallback>||
[2.359s]       |                [01;31m[K^~~~~~~~~[m[K
[2.359s]       |                [32m[Kis_same[m[K
[2.359s] [01m[K/open_app/miniconda3/envs/ros2_humble/include/rclcpp/rclcpp/any_subscription_callback.hpp:569:71:[m[K [01;31m[Kerror: [m[Kexpected primary-expression before '[01m[K>[m[K' token
[2.359s]   569 |           std::is_same_v<T, UniquePtrSerializedMessageWithInfoCallback[01;31m[K>[m[K||
[2.359s]       |                                                                       [01;31m[K^[m[K
[2.359s] [01m[K/open_app/miniconda3/envs/ros2_humble/include/rclcpp/rclcpp/any_subscription_callback.hpp:569:72:[m[K [01;31m[Kerror: [m[Kexpected primary-expression before '[01m[K||[m[K' token
[2.359s]   569 |           std::is_same_v<T, UniquePtrSerializedMessageWithInfoCallback>[01;31m[K||[m[K
[2.360s]       |                                                                        [01;31m[K^~[m[K
[2.360s] [01m[K/open_app/miniconda3/envs/ros2_humble/include/rclcpp/rclcpp/any_subscription_callback.hpp:570:16:[m[K [01;31m[Kerror: [m[K'[01m[Kis_same_v[m[K' is not a member of '[01m[Kstd[m[K'; did you mean '[01m[Kis_same[m[K'?
[2.360s]   570 |           std::[01;31m[Kis_same_v[m[K<T, SharedConstPtrSerializedMessageCallback>||
[2.360s]       |                [01;31m[K^~~~~~~~~[m[K
[2.360s]       |                [32m[Kis_same[m[K
[2.360s] [01m[K/open_app/miniconda3/envs/ros2_humble/include/rclcpp/rclcpp/any_subscription_callback.hpp:570:68:[m[K [01;31m[Kerror: [m[Kexpected primary-expression before '[01m[K>[m[K' token
[2.360s]   570 |           std::is_same_v<T, SharedConstPtrSerializedMessageCallback[01;31m[K>[m[K||
[2.361s]       |                                                                    [01;31m[K^[m[K
[2.361s] [01m[K/open_app/miniconda3/envs/ros2_humble/include/rclcpp/rclcpp/any_subscription_callback.hpp:570:69:[m[K [01;31m[Kerror: [m[Kexpected primary-expression before '[01m[K||[m[K' token
[2.361s]   570 |           std::is_same_v<T, SharedConstPtrSerializedMessageCallback>[01;31m[K||[m[K
[2.361s]       |                                                                     [01;31m[K^~[m[K
[2.361s] [01m[K/open_app/miniconda3/envs/ros2_humble/include/rclcpp/rclcpp/any_subscription_callback.hpp:571:16:[m[K [01;31m[Kerror: [m[K'[01m[Kis_same_v[m[K' is not a member of '[01m[Kstd[m[K'; did you mean '[01m[Kis_same[m[K'?
[2.361s]   571 |           std::[01;31m[Kis_same_v[m[K<T, SharedConstPtrSerializedMessageWithInfoCallback>||
[2.361s]       |                [01;31m[K^~~~~~~~~[m[K
[2.362s]       |                [32m[Kis_same[m[K
[2.362s] [01m[K/open_app/miniconda3/envs/ros2_humble/include/rclcpp/rclcpp/any_subscription_callback.hpp:571:76:[m[K [01;31m[Kerror: [m[Kexpected primary-expression before '[01m[K>[m[K' token
[2.362s]   571 |           std::is_same_v<T, SharedConstPtrSerializedMessageWithInfoCallback[01;31m[K>[m[K||
[2.362s]       |                                                                            [01;31m[K^[m[K
[2.362s] [01m[K/open_app/miniconda3/envs/ros2_humble/include/rclcpp/rclcpp/any_subscription_callback.hpp:571:77:[m[K [01;31m[Kerror: [m[Kexpected primary-expression before '[01m[K||[m[K' token
[2.362s]   571 |           std::is_same_v<T, SharedConstPtrSerializedMessageWithInfoCallback>[01;31m[K||[m[K
[2.362s]       |                                                                             [01;31m[K^~[m[K
[2.362s] [01m[K/open_app/miniconda3/envs/ros2_humble/include/rclcpp/rclcpp/any_subscription_callback.hpp:572:16:[m[K [01;31m[Kerror: [m[K'[01m[Kis_same_v[m[K' is not a member of '[01m[Kstd[m[K'; did you mean '[01m[Kis_same[m[K'?
[2.363s]   572 |           std::[01;31m[Kis_same_v[m[K<T, ConstRefSharedConstPtrSerializedMessageCallback>||
[2.363s]       |                [01;31m[K^~~~~~~~~[m[K
[2.363s]       |                [32m[Kis_same[m[K
[2.363s] [01m[K/open_app/miniconda3/envs/ros2_humble/include/rclcpp/rclcpp/any_subscription_callback.hpp:572:76:[m[K [01;31m[Kerror: [m[Kexpected primary-expression before '[01m[K>[m[K' token
[2.363s]   572 |           std::is_same_v<T, ConstRefSharedConstPtrSerializedMessageCallback[01;31m[K>[m[K||
[2.363s]       |                                                                            [01;31m[K^[m[K
[2.363s] [01m[K/open_app/miniconda3/envs/ros2_humble/include/rclcpp/rclcpp/any_subscription_callback.hpp:572:77:[m[K [01;31m[Kerror: [m[Kexpected primary-expression before '[01m[K||[m[K' token
[2.364s]   572 |           std::is_same_v<T, ConstRefSharedConstPtrSerializedMessageCallback>[01;31m[K||[m[K
[2.364s]       |                                                                             [01;31m[K^~[m[K
[2.364s] [01m[K/open_app/miniconda3/envs/ros2_humble/include/rclcpp/rclcpp/any_subscription_callback.hpp:573:16:[m[K [01;31m[Kerror: [m[K'[01m[Kis_same_v[m[K' is not a member of '[01m[Kstd[m[K'; did you mean '[01m[Kis_same[m[K'?
[2.364s]   573 |           std::[01;31m[Kis_same_v[m[K<T, ConstRefSharedConstPtrSerializedMessageWithInfoCallback>||
[2.364s]       |                [01;31m[K^~~~~~~~~[m[K
[2.364s]       |                [32m[Kis_same[m[K
[2.365s] [01m[K/open_app/miniconda3/envs/ros2_humble/include/rclcpp/rclcpp/any_subscription_callback.hpp:573:84:[m[K [01;31m[Kerror: [m[Kexpected primary-expression before '[01m[K>[m[K' token
[2.365s]   573 |           std::is_same_v<T, ConstRefSharedConstPtrSerializedMessageWithInfoCallback[01;31m[K>[m[K||
[2.365s]       |                                                                                    [01;31m[K^[m[K
[2.365s] [01m[K/open_app/miniconda3/envs/ros2_humble/include/rclcpp/rclcpp/any_subscription_callback.hpp:573:85:[m[K [01;31m[Kerror: [m[Kexpected primary-expression before '[01m[K||[m[K' token
[2.365s]   573 |           std::is_same_v<T, ConstRefSharedConstPtrSerializedMessageWithInfoCallback>[01;31m[K||[m[K
[2.365s]       |                                                                                     [01;31m[K^~[m[K
[2.365s] [01m[K/open_app/miniconda3/envs/ros2_humble/include/rclcpp/rclcpp/any_subscription_callback.hpp:574:16:[m[K [01;31m[Kerror: [m[K'[01m[Kis_same_v[m[K' is not a member of '[01m[Kstd[m[K'; did you mean '[01m[Kis_same[m[K'?
[2.366s]   574 |           std::[01;31m[Kis_same_v[m[K<T, SharedPtrSerializedMessageCallback>||
[2.366s]       |                [01;31m[K^~~~~~~~~[m[K
[2.366s]       |                [32m[Kis_same[m[K
[2.366s] [01m[K/open_app/miniconda3/envs/ros2_humble/include/rclcpp/rclcpp/any_subscription_callback.hpp:574:63:[m[K [01;31m[Kerror: [m[Kexpected primary-expression before '[01m[K>[m[K' token
[2.366s]   574 |           std::is_same_v<T, SharedPtrSerializedMessageCallback[01;31m[K>[m[K||
[2.367s]       |                                                               [01;31m[K^[m[K
[2.367s] [01m[K/open_app/miniconda3/envs/ros2_humble/include/rclcpp/rclcpp/any_subscription_callback.hpp:574:64:[m[K [01;31m[Kerror: [m[Kexpected primary-expression before '[01m[K||[m[K' token
[2.367s]   574 |           std::is_same_v<T, SharedPtrSerializedMessageCallback>[01;31m[K||[m[K
[2.367s]       |                                                                [01;31m[K^~[m[K
[2.367s] [01m[K/open_app/miniconda3/envs/ros2_humble/include/rclcpp/rclcpp/any_subscription_callback.hpp:575:16:[m[K [01;31m[Kerror: [m[K'[01m[Kis_same_v[m[K' is not a member of '[01m[Kstd[m[K'; did you mean '[01m[Kis_same[m[K'?
[2.368s]   575 |           std::[01;31m[Kis_same_v[m[K<T, SharedPtrSerializedMessageWithInfoCallback>)
[2.368s]       |                [01;31m[K^~~~~~~~~[m[K
[2.368s]       |                [32m[Kis_same[m[K
[2.368s] [01m[K/open_app/miniconda3/envs/ros2_humble/include/rclcpp/rclcpp/any_subscription_callback.hpp:575:71:[m[K [01;31m[Kerror: [m[Kexpected primary-expression before '[01m[K>[m[K' token
[2.368s]   575 |           std::is_same_v<T, SharedPtrSerializedMessageWithInfoCallback[01;31m[K>[m[K)
[2.368s]       |                                                                       [01;31m[K^[m[K
[2.368s] [01m[K/open_app/miniconda3/envs/ros2_humble/include/rclcpp/rclcpp/any_subscription_callback.hpp:575:72:[m[K [01;31m[Kerror: [m[Kexpected primary-expression before '[01m[K)[m[K' token
[2.369s]   575 |           std::is_same_v<T, SharedPtrSerializedMessageWithInfoCallback>[01;31m[K)[m[K
[2.369s]       |                                                                        [01;31m[K^[m[K
[2.369s] [01m[K/open_app/miniconda3/envs/ros2_humble/include/rclcpp/rclcpp/any_subscription_callback.hpp:[m[K In member function '[01m[Kvoid rclcpp::AnySubscriptionCallback<MessageT, AllocatorT>::[01;32m[Kdispatch[m[K(std::shared_ptr<rclcpp::SerializedMessage>, const rclcpp::MessageInfo&)[m[K':
[2.369s] [01m[K/open_app/miniconda3/envs/ros2_humble/include/rclcpp/rclcpp/any_subscription_callback.hpp:604:10:[m[K [01;31m[Kerror: [m[K'[01m[Kvisit[m[K' is not a member of '[01m[Kstd[m[K'
[2.369s]   604 |     std::[01;31m[Kvisit[m[K(
[2.369s]       |          [01;31m[K^~~~~[m[K
[2.370s] [01m[K/open_app/miniconda3/envs/ros2_humble/include/rclcpp/rclcpp/any_subscription_callback.hpp:604:10:[m[K [01;36m[Knote: [m[K'[01m[Kstd::visit[m[K' is only available from C++17 onwards
[2.370s] [01m[K/open_app/miniconda3/envs/ros2_humble/include/rclcpp/rclcpp/any_subscription_callback.hpp:605:50:[m[K [01;31m[Kerror: [m[Kuse of '[01m[Kauto[m[K' in lambda parameter declaration only available with '[01m[K-std=c++14[m[K' or '[01m[K-std=gnu++14[m[K'
[2.370s]   605 |       [&serialized_message, &message_info, this]([01;31m[Kauto[m[K && callback) {
[2.370s]       |                                                  [01;31m[K^~~~[m[K
[2.370s] [01m[K/open_app/miniconda3/envs/ros2_humble/include/rclcpp/rclcpp/any_subscription_callback.hpp:[m[K In lambda function:
[2.371s] [01m[K/open_app/miniconda3/envs/ros2_humble/include/rclcpp/rclcpp/any_subscription_callback.hpp:606:24:[m[K [01;31m[Kerror: [m[K'[01m[Kdecay_t[m[K' in namespace '[01m[Kstd[m[K' does not name a template type; did you mean '[01m[Kdecay[m[K'?
[2.371s]   606 |         using T = std::[01;31m[Kdecay_t[m[K<decltype(callback)>;
[2.371s]       |                        [01;31m[K^~~~~~~[m[K
[2.371s]       |                        [32m[Kdecay[m[K
[2.371s] [01m[K/open_app/miniconda3/envs/ros2_humble/include/rclcpp/rclcpp/any_subscription_callback.hpp:609:28:[m[K [01;31m[Kerror: [m[K'[01m[Kis_same_v[m[K' is not a member of '[01m[Kstd[m[K'; did you mean '[01m[Kis_same[m[K'?
[2.372s]   609 |         if constexpr (std::[01;31m[Kis_same_v[m[K<T, ConstRefSerializedMessageCallback>) {
[2.372s]       |                            [01;31m[K^~~~~~~~~[m[K
[2.372s]       |                            [32m[Kis_same[m[K
[2.372s] [01m[K/open_app/miniconda3/envs/ros2_humble/include/rclcpp/rclcpp/any_subscription_callback.hpp:609:38:[m[K [01;31m[Kerror: [m[K'[01m[KT[m[K' was not declared in this scope
[2.372s]   609 |         if constexpr (std::is_same_v<[01;31m[KT[m[K, ConstRefSerializedMessageCallback>) {
[2.372s]       |                                      [01;31m[K^[m[K
[2.372s] [01m[K/open_app/miniconda3/envs/ros2_humble/include/rclcpp/rclcpp/any_subscription_callback.hpp:609:74:[m[K [01;31m[Kerror: [m[Kexpected primary-expression before '[01m[K>[m[K' token
[2.373s]   609 |         if constexpr (std::is_same_v<T, ConstRefSerializedMessageCallback[01;31m[K>[m[K) {
[2.373s]       |                                                                          [01;31m[K^[m[K
[2.373s] [01m[K/open_app/miniconda3/envs/ros2_humble/include/rclcpp/rclcpp/any_subscription_callback.hpp:609:75:[m[K [01;31m[Kerror: [m[Kexpected primary-expression before '[01m[K)[m[K' token
[2.373s]   609 |         if constexpr (std::is_same_v<T, ConstRefSerializedMessageCallback>[01;31m[K)[m[K {
[2.373s]       |                                                                           [01;31m[K^[m[K
[2.373s] [01m[K/open_app/miniconda3/envs/ros2_humble/include/rclcpp/rclcpp/any_subscription_callback.hpp:610:19:[m[K [01;31m[Kerror: [m[Kexpression cannot be used as a function
[2.374s]   610 |           [01;31m[Kcallback(*serialized_message)[m[K;
[2.374s]       |           [01;31m[K~~~~~~~~^~~~~~~~~~~~~~~~~~~~~[m[K
[2.374s] [01m[K/open_app/miniconda3/envs/ros2_humble/include/rclcpp/rclcpp/any_subscription_callback.hpp:611:35:[m[K [01;31m[Kerror: [m[K'[01m[Kis_same_v[m[K' is not a member of '[01m[Kstd[m[K'; did you mean '[01m[Kis_same[m[K'?
[2.374s]   611 |         } else if constexpr (std::[01;31m[Kis_same_v[m[K<T, ConstRefSerializedMessageWithInfoCallback>) {
[2.374s]       |                                   [01;31m[K^~~~~~~~~[m[K
[2.374s]       |                                   [32m[Kis_same[m[K
[2.374s] [01m[K/open_app/miniconda3/envs/ros2_humble/include/rclcpp/rclcpp/any_subscription_callback.hpp:611:89:[m[K [01;31m[Kerror: [m[Kexpected primary-expression before '[01m[K>[m[K' token
[2.375s]   611 |         } else if constexpr (std::is_same_v<T, ConstRefSerializedMessageWithInfoCallback[01;31m[K>[m[K) {
[2.375s]       |                                                                                         [01;31m[K^[m[K
[2.375s] [01m[K/open_app/miniconda3/envs/ros2_humble/include/rclcpp/rclcpp/any_subscription_callback.hpp:611:90:[m[K [01;31m[Kerror: [m[Kexpected primary-expression before '[01m[K)[m[K' token
[2.375s]   611 |         } else if constexpr (std::is_same_v<T, ConstRefSerializedMessageWithInfoCallback>[01;31m[K)[m[K {
[2.375s]       |                                                                                          [01;31m[K^[m[K
[2.375s] [01m[K/open_app/miniconda3/envs/ros2_humble/include/rclcpp/rclcpp/any_subscription_callback.hpp:612:19:[m[K [01;31m[Kerror: [m[Kexpression cannot be used as a function
[2.376s]   612 |           [01;31m[Kcallback(*serialized_message, message_info)[m[K;
[2.376s]       |           [01;31m[K~~~~~~~~^~~~~~~~~~~~~~~~~~~~~~~~~~~~~~~~~~~[m[K
[2.376s] [01m[K/open_app/miniconda3/envs/ros2_humble/include/rclcpp/rclcpp/any_subscription_callback.hpp:613:35:[m[K [01;31m[Kerror: [m[K'[01m[Kis_same_v[m[K' is not a member of '[01m[Kstd[m[K'; did you mean '[01m[Kis_same[m[K'?
[2.376s]   613 |         } else if constexpr (std::[01;31m[Kis_same_v[m[K<T, UniquePtrSerializedMessageCallback>) {
[2.376s]       |                                   [01;31m[K^~~~~~~~~[m[K
[2.376s]       |                                   [32m[Kis_same[m[K
[2.376s] [01m[K/open_app/miniconda3/envs/ros2_humble/include/rclcpp/rclcpp/any_subscription_callback.hpp:613:82:[m[K [01;31m[Kerror: [m[Kexpected primary-expression before '[01m[K>[m[K' token
[2.376s]   613 |         } else if constexpr (std::is_same_v<T, UniquePtrSerializedMessageCallback[01;31m[K>[m[K) {
[2.377s]       |                                                                                  [01;31m[K^[m[K
[2.377s] [01m[K/open_app/miniconda3/envs/ros2_humble/include/rclcpp/rclcpp/any_subscription_callback.hpp:613:83:[m[K [01;31m[Kerror: [m[Kexpected primary-expression before '[01m[K)[m[K' token
[2.377s]   613 |         } else if constexpr (std::is_same_v<T, UniquePtrSerializedMessageCallback>[01;31m[K)[m[K {
[2.377s]       |                                                                                   [01;31m[K^[m[K
[2.377s] [01m[K/open_app/miniconda3/envs/ros2_humble/include/rclcpp/rclcpp/any_subscription_callback.hpp:615:35:[m[K [01;31m[Kerror: [m[K'[01m[Kis_same_v[m[K' is not a member of '[01m[Kstd[m[K'; did you mean '[01m[Kis_same[m[K'?
[2.377s]   615 |         } else if constexpr (std::[01;31m[Kis_same_v[m[K<T, UniquePtrSerializedMessageWithInfoCallback>) {
[2.377s]       |                                   [01;31m[K^~~~~~~~~[m[K
[2.378s]       |                                   [32m[Kis_same[m[K
[2.378s] [01m[K/open_app/miniconda3/envs/ros2_humble/include/rclcpp/rclcpp/any_subscription_callback.hpp:615:90:[m[K [01;31m[Kerror: [m[Kexpected primary-expression before '[01m[K>[m[K' token
[2.378s]   615 |         } else if constexpr (std::is_same_v<T, UniquePtrSerializedMessageWithInfoCallback[01;31m[K>[m[K) {
[2.378s]       |                                                                                          [01;31m[K^[m[K
[2.378s] [01m[K/open_app/miniconda3/envs/ros2_humble/include/rclcpp/rclcpp/any_subscription_callback.hpp:615:91:[m[K [01;31m[Kerror: [m[Kexpected primary-expression before '[01m[K)[m[K' token
[2.378s]   615 |         } else if constexpr (std::is_same_v<T, UniquePtrSerializedMessageWithInfoCallback>[01;31m[K)[m[K {
[2.379s]       |                                                                                           [01;31m[K^[m[K
[2.379s] [01m[K/open_app/miniconda3/envs/ros2_humble/include/rclcpp/rclcpp/any_subscription_callback.hpp:620:16:[m[K [01;31m[Kerror: [m[K'[01m[Kis_same_v[m[K' is not a member of '[01m[Kstd[m[K'; did you mean '[01m[Kis_same[m[K'?
[2.379s]   620 |           std::[01;31m[Kis_same_v[m[K<T, SharedConstPtrSerializedMessageCallback>||
[2.379s]       |                [01;31m[K^~~~~~~~~[m[K
[2.379s]       |                [32m[Kis_same[m[K
[2.379s] [01m[K/open_app/miniconda3/envs/ros2_humble/include/rclcpp/rclcpp/any_subscription_callback.hpp:620:68:[m[K [01;31m[Kerror: [m[Kexpected primary-expression before '[01m[K>[m[K' token
[2.380s]   620 |           std::is_same_v<T, SharedConstPtrSerializedMessageCallback[01;31m[K>[m[K||
[2.380s]       |                                                                    [01;31m[K^[m[K
[2.380s] [01m[K/open_app/miniconda3/envs/ros2_humble/include/rclcpp/rclcpp/any_subscription_callback.hpp:620:69:[m[K [01;31m[Kerror: [m[Kexpected primary-expression before '[01m[K||[m[K' token
[2.380s]   620 |           std::is_same_v<T, SharedConstPtrSerializedMessageCallback>[01;31m[K||[m[K
[2.380s]       |                                                                     [01;31m[K^~[m[K
[2.380s] [01m[K/open_app/miniconda3/envs/ros2_humble/include/rclcpp/rclcpp/any_subscription_callback.hpp:621:16:[m[K [01;31m[Kerror: [m[K'[01m[Kis_same_v[m[K' is not a member of '[01m[Kstd[m[K'; did you mean '[01m[Kis_same[m[K'?
[2.381s]   621 |           std::[01;31m[Kis_same_v[m[K<T, ConstRefSharedConstPtrSerializedMessageCallback>||
[2.381s]       |                [01;31m[K^~~~~~~~~[m[K
[2.381s]       |                [32m[Kis_same[m[K
[2.381s] [01m[K/open_app/miniconda3/envs/ros2_humble/include/rclcpp/rclcpp/any_subscription_callback.hpp:621:76:[m[K [01;31m[Kerror: [m[Kexpected primary-expression before '[01m[K>[m[K' token
[2.381s]   621 |           std::is_same_v<T, ConstRefSharedConstPtrSerializedMessageCallback[01;31m[K>[m[K||
[2.381s]       |                                                                            [01;31m[K^[m[K
[2.381s] [01m[K/open_app/miniconda3/envs/ros2_humble/include/rclcpp/rclcpp/any_subscription_callback.hpp:621:77:[m[K [01;31m[Kerror: [m[Kexpected primary-expression before '[01m[K||[m[K' token
[2.382s]   621 |           std::is_same_v<T, ConstRefSharedConstPtrSerializedMessageCallback>[01;31m[K||[m[K
[2.382s]       |                                                                             [01;31m[K^~[m[K
[2.382s] [01m[K/open_app/miniconda3/envs/ros2_humble/include/rclcpp/rclcpp/any_subscription_callback.hpp:622:16:[m[K [01;31m[Kerror: [m[K'[01m[Kis_same_v[m[K' is not a member of '[01m[Kstd[m[K'; did you mean '[01m[Kis_same[m[K'?
[2.382s]   622 |           std::[01;31m[Kis_same_v[m[K<T, SharedPtrSerializedMessageCallback>)
[2.382s]       |                [01;31m[K^~~~~~~~~[m[K
[2.382s]       |                [32m[Kis_same[m[K
[2.382s] [01m[K/open_app/miniconda3/envs/ros2_humble/include/rclcpp/rclcpp/any_subscription_callback.hpp:622:63:[m[K [01;31m[Kerror: [m[Kexpected primary-expression before '[01m[K>[m[K' token
[2.383s]   622 |           std::is_same_v<T, SharedPtrSerializedMessageCallback[01;31m[K>[m[K)
[2.383s]       |                                                               [01;31m[K^[m[K
[2.383s] [01m[K/open_app/miniconda3/envs/ros2_humble/include/rclcpp/rclcpp/any_subscription_callback.hpp:622:64:[m[K [01;31m[Kerror: [m[Kexpected primary-expression before '[01m[K)[m[K' token
[2.383s]   622 |           std::is_same_v<T, SharedPtrSerializedMessageCallback>[01;31m[K)[m[K
[2.383s]       |                                                                [01;31m[K^[m[K
[2.383s] [01m[K/open_app/miniconda3/envs/ros2_humble/include/rclcpp/rclcpp/any_subscription_callback.hpp:626:16:[m[K [01;31m[Kerror: [m[K'[01m[Kis_same_v[m[K' is not a member of '[01m[Kstd[m[K'; did you mean '[01m[Kis_same[m[K'?
[2.384s]   626 |           std::[01;31m[Kis_same_v[m[K<T, SharedConstPtrSerializedMessageWithInfoCallback>||
[2.384s]       |                [01;31m[K^~~~~~~~~[m[K
[2.384s]       |                [32m[Kis_same[m[K
[2.384s] [01m[K/open_app/miniconda3/envs/ros2_humble/include/rclcpp/rclcpp/any_subscription_callback.hpp:626:76:[m[K [01;31m[Kerror: [m[Kexpected primary-expression before '[01m[K>[m[K' token
[2.384s]   626 |           std::is_same_v<T, SharedConstPtrSerializedMessageWithInfoCallback[01;31m[K>[m[K||
[2.384s]       |                                                                            [01;31m[K^[m[K
[2.384s] [01m[K/open_app/miniconda3/envs/ros2_humble/include/rclcpp/rclcpp/any_subscription_callback.hpp:626:77:[m[K [01;31m[Kerror: [m[Kexpected primary-expression before '[01m[K||[m[K' token
[2.385s]   626 |           std::is_same_v<T, SharedConstPtrSerializedMessageWithInfoCallback>[01;31m[K||[m[K
[2.385s]       |                                                                             [01;31m[K^~[m[K
[2.385s] [01m[K/open_app/miniconda3/envs/ros2_humble/include/rclcpp/rclcpp/any_subscription_callback.hpp:627:16:[m[K [01;31m[Kerror: [m[K'[01m[Kis_same_v[m[K' is not a member of '[01m[Kstd[m[K'; did you mean '[01m[Kis_same[m[K'?
[2.385s]   627 |           std::[01;31m[Kis_same_v[m[K<T, ConstRefSharedConstPtrSerializedMessageWithInfoCallback>||
[2.385s]       |                [01;31m[K^~~~~~~~~[m[K
[2.385s]       |                [32m[Kis_same[m[K
[2.386s] [01m[K/open_app/miniconda3/envs/ros2_humble/include/rclcpp/rclcpp/any_subscription_callback.hpp:627:84:[m[K [01;31m[Kerror: [m[Kexpected primary-expression before '[01m[K>[m[K' token
[2.386s]   627 |           std::is_same_v<T, ConstRefSharedConstPtrSerializedMessageWithInfoCallback[01;31m[K>[m[K||
[2.386s]       |                                                                                    [01;31m[K^[m[K
[2.386s] [01m[K/open_app/miniconda3/envs/ros2_humble/include/rclcpp/rclcpp/any_subscription_callback.hpp:627:85:[m[K [01;31m[Kerror: [m[Kexpected primary-expression before '[01m[K||[m[K' token
[2.386s]   627 |           std::is_same_v<T, ConstRefSharedConstPtrSerializedMessageWithInfoCallback>[01;31m[K||[m[K
[2.386s]       |                                                                                     [01;31m[K^~[m[K
[2.387s] [01m[K/open_app/miniconda3/envs/ros2_humble/include/rclcpp/rclcpp/any_subscription_callback.hpp:628:16:[m[K [01;31m[Kerror: [m[K'[01m[Kis_same_v[m[K' is not a member of '[01m[Kstd[m[K'; did you mean '[01m[Kis_same[m[K'?
[2.387s]   628 |           std::[01;31m[Kis_same_v[m[K<T, SharedPtrSerializedMessageWithInfoCallback>)
[2.387s]       |                [01;31m[K^~~~~~~~~[m[K
[2.387s]       |                [32m[Kis_same[m[K
[2.387s] [01m[K/open_app/miniconda3/envs/ros2_humble/include/rclcpp/rclcpp/any_subscription_callback.hpp:628:71:[m[K [01;31m[Kerror: [m[Kexpected primary-expression before '[01m[K>[m[K' token
[2.388s]   628 |           std::is_same_v<T, SharedPtrSerializedMessageWithInfoCallback[01;31m[K>[m[K)
[2.388s]       |                                                                       [01;31m[K^[m[K
[2.388s] [01m[K/open_app/miniconda3/envs/ros2_humble/include/rclcpp/rclcpp/any_subscription_callback.hpp:628:72:[m[K [01;31m[Kerror: [m[Kexpected primary-expression before '[01m[K)[m[K' token
[2.388s]   628 |           std::is_same_v<T, SharedPtrSerializedMessageWithInfoCallback>[01;31m[K)[m[K
[2.388s]       |                                                                        [01;31m[K^[m[K
[2.389s] [01m[K/open_app/miniconda3/envs/ros2_humble/include/rclcpp/rclcpp/any_subscription_callback.hpp:636:16:[m[K [01;31m[Kerror: [m[K'[01m[Kis_same_v[m[K' is not a member of '[01m[Kstd[m[K'; did you mean '[01m[Kis_same[m[K'?
[2.389s]   636 |           std::[01;31m[Kis_same_v[m[K<T, ConstRefCallback>||
[2.389s]       |                [01;31m[K^~~~~~~~~[m[K
[2.389s]       |                [32m[Kis_same[m[K
[2.389s] [01m[K/open_app/miniconda3/envs/ros2_humble/include/rclcpp/rclcpp/any_subscription_callback.hpp:636:45:[m[K [01;31m[Kerror: [m[Kexpected primary-expression before '[01m[K>[m[K' token
[2.389s]   636 |           std::is_same_v<T, ConstRefCallback[01;31m[K>[m[K||
[2.390s]       |                                             [01;31m[K^[m[K
[2.390s] [01m[K/open_app/miniconda3/envs/ros2_humble/include/rclcpp/rclcpp/any_subscription_callback.hpp:636:46:[m[K [01;31m[Kerror: [m[Kexpected primary-expression before '[01m[K||[m[K' token
[2.390s]   636 |           std::is_same_v<T, ConstRefCallback>[01;31m[K||[m[K
[2.390s]       |                                              [01;31m[K^~[m[K
[2.390s] [01m[K/open_app/miniconda3/envs/ros2_humble/include/rclcpp/rclcpp/any_subscription_callback.hpp:637:16:[m[K [01;31m[Kerror: [m[K'[01m[Kis_same_v[m[K' is not a member of '[01m[Kstd[m[K'; did you mean '[01m[Kis_same[m[K'?
[2.390s]   637 |           std::[01;31m[Kis_same_v[m[K<T, ConstRefROSMessageCallback>||
[2.390s]       |                [01;31m[K^~~~~~~~~[m[K
[2.390s]       |                [32m[Kis_same[m[K
[2.391s] [01m[K/open_app/miniconda3/envs/ros2_humble/include/rclcpp/rclcpp/any_subscription_callback.hpp:637:55:[m[K [01;31m[Kerror: [m[Kexpected primary-expression before '[01m[K>[m[K' token
[2.391s]   637 |           std::is_same_v<T, ConstRefROSMessageCallback[01;31m[K>[m[K||
[2.391s]       |                                                       [01;31m[K^[m[K
[2.391s] [01m[K/open_app/miniconda3/envs/ros2_humble/include/rclcpp/rclcpp/any_subscription_callback.hpp:637:56:[m[K [01;31m[Kerror: [m[Kexpected primary-expression before '[01m[K||[m[K' token
[2.391s]   637 |           std::is_same_v<T, ConstRefROSMessageCallback>[01;31m[K||[m[K
[2.391s]       |                                                        [01;31m[K^~[m[K
[2.391s] [01m[K/open_app/miniconda3/envs/ros2_humble/include/rclcpp/rclcpp/any_subscription_callback.hpp:638:16:[m[K [01;31m[Kerror: [m[K'[01m[Kis_same_v[m[K' is not a member of '[01m[Kstd[m[K'; did you mean '[01m[Kis_same[m[K'?
[2.392s]   638 |           std::[01;31m[Kis_same_v[m[K<T, ConstRefWithInfoCallback>||
[2.392s]       |                [01;31m[K^~~~~~~~~[m[K
[2.392s]       |                [32m[Kis_same[m[K
[2.392s] [01m[K/open_app/miniconda3/envs/ros2_humble/include/rclcpp/rclcpp/any_subscription_callback.hpp:638:53:[m[K [01;31m[Kerror: [m[Kexpected primary-expression before '[01m[K>[m[K' token
[2.392s]   638 |           std::is_same_v<T, ConstRefWithInfoCallback[01;31m[K>[m[K||
[2.392s]       |                                                     [01;31m[K^[m[K
[2.392s] [01m[K/open_app/miniconda3/envs/ros2_humble/include/rclcpp/rclcpp/any_subscription_callback.hpp:638:54:[m[K [01;31m[Kerror: [m[Kexpected primary-expression before '[01m[K||[m[K' token
[2.392s]   638 |           std::is_same_v<T, ConstRefWithInfoCallback>[01;31m[K||[m[K
[2.393s]       |                                                      [01;31m[K^~[m[K
[2.393s] [01m[K/open_app/miniconda3/envs/ros2_humble/include/rclcpp/rclcpp/any_subscription_callback.hpp:639:16:[m[K [01;31m[Kerror: [m[K'[01m[Kis_same_v[m[K' is not a member of '[01m[Kstd[m[K'; did you mean '[01m[Kis_same[m[K'?
[2.393s]   639 |           std::[01;31m[Kis_same_v[m[K<T, ConstRefWithInfoROSMessageCallback>||
[2.393s]       |                [01;31m[K^~~~~~~~~[m[K
[2.393s]       |                [32m[Kis_same[m[K
[2.393s] [01m[K/open_app/miniconda3/envs/ros2_humble/include/rclcpp/rclcpp/any_subscription_callback.hpp:639:63:[m[K [01;31m[Kerror: [m[Kexpected primary-expression before '[01m[K>[m[K' token
[2.393s]   639 |           std::is_same_v<T, ConstRefWithInfoROSMessageCallback[01;31m[K>[m[K||
[2.393s]       |                                                               [01;31m[K^[m[K
[2.394s] [01m[K/open_app/miniconda3/envs/ros2_humble/include/rclcpp/rclcpp/any_subscription_callback.hpp:639:64:[m[K [01;31m[Kerror: [m[Kexpected primary-expression before '[01m[K||[m[K' token
[2.394s]   639 |           std::is_same_v<T, ConstRefWithInfoROSMessageCallback>[01;31m[K||[m[K
[2.394s]       |                                                                [01;31m[K^~[m[K
[2.394s] [01m[K/open_app/miniconda3/envs/ros2_humble/include/rclcpp/rclcpp/any_subscription_callback.hpp:640:16:[m[K [01;31m[Kerror: [m[K'[01m[Kis_same_v[m[K' is not a member of '[01m[Kstd[m[K'; did you mean '[01m[Kis_same[m[K'?
[2.394s]   640 |           std::[01;31m[Kis_same_v[m[K<T, UniquePtrCallback>||
[2.394s]       |                [01;31m[K^~~~~~~~~[m[K
[2.394s]       |                [32m[Kis_same[m[K
[2.394s] [01m[K/open_app/miniconda3/envs/ros2_humble/include/rclcpp/rclcpp/any_subscription_callback.hpp:640:46:[m[K [01;31m[Kerror: [m[Kexpected primary-expression before '[01m[K>[m[K' token
[2.395s]   640 |           std::is_same_v<T, UniquePtrCallback[01;31m[K>[m[K||
[2.395s]       |                                              [01;31m[K^[m[K
[2.395s] [01m[K/open_app/miniconda3/envs/ros2_humble/include/rclcpp/rclcpp/any_subscription_callback.hpp:640:47:[m[K [01;31m[Kerror: [m[Kexpected primary-expression before '[01m[K||[m[K' token
[2.395s]   640 |           std::is_same_v<T, UniquePtrCallback>[01;31m[K||[m[K
[2.395s]       |                                               [01;31m[K^~[m[K
[2.395s] [01m[K/open_app/miniconda3/envs/ros2_humble/include/rclcpp/rclcpp/any_subscription_callback.hpp:641:16:[m[K [01;31m[Kerror: [m[K'[01m[Kis_same_v[m[K' is not a member of '[01m[Kstd[m[K'; did you mean '[01m[Kis_same[m[K'?
[2.395s]   641 |           std::[01;31m[Kis_same_v[m[K<T, UniquePtrROSMessageCallback>||
[2.396s]       |                [01;31m[K^~~~~~~~~[m[K
[2.396s]       |                [32m[Kis_same[m[K
[2.396s] [01m[K/open_app/miniconda3/envs/ros2_humble/include/rclcpp/rclcpp/any_subscription_callback.hpp:641:56:[m[K [01;31m[Kerror: [m[Kexpected primary-expression before '[01m[K>[m[K' token
[2.396s]   641 |           std::is_same_v<T, UniquePtrROSMessageCallback[01;31m[K>[m[K||
[2.396s]       |                                                        [01;31m[K^[m[K
[2.396s] [01m[K/open_app/miniconda3/envs/ros2_humble/include/rclcpp/rclcpp/any_subscription_callback.hpp:641:57:[m[K [01;31m[Kerror: [m[Kexpected primary-expression before '[01m[K||[m[K' token
[2.396s]   641 |           std::is_same_v<T, UniquePtrROSMessageCallback>[01;31m[K||[m[K
[2.396s]       |                                                         [01;31m[K^~[m[K
[2.397s] [01m[K/open_app/miniconda3/envs/ros2_humble/include/rclcpp/rclcpp/any_subscription_callback.hpp:642:16:[m[K [01;31m[Kerror: [m[K'[01m[Kis_same_v[m[K' is not a member of '[01m[Kstd[m[K'; did you mean '[01m[Kis_same[m[K'?
[2.397s]   642 |           std::[01;31m[Kis_same_v[m[K<T, UniquePtrWithInfoCallback>||
[2.397s]       |                [01;31m[K^~~~~~~~~[m[K
[2.397s]       |                [32m[Kis_same[m[K
[2.397s] [01m[K/open_app/miniconda3/envs/ros2_humble/include/rclcpp/rclcpp/any_subscription_callback.hpp:642:54:[m[K [01;31m[Kerror: [m[Kexpected primary-expression before '[01m[K>[m[K' token
[2.404s]   642 |           std::is_same_v<T, UniquePtrWithInfoCallback[01;31m[K>[m[K||
[2.405s]       |                                                      [01;31m[K^[m[K
[2.405s] [01m[K/open_app/miniconda3/envs/ros2_humble/include/rclcpp/rclcpp/any_subscription_callback.hpp:642:55:[m[K [01;31m[Kerror: [m[Kexpected primary-expression before '[01m[K||[m[K' token
[2.405s]   642 |           std::is_same_v<T, UniquePtrWithInfoCallback>[01;31m[K||[m[K
[2.405s]       |                                                       [01;31m[K^~[m[K
[2.405s] [01m[K/open_app/miniconda3/envs/ros2_humble/include/rclcpp/rclcpp/any_subscription_callback.hpp:643:16:[m[K [01;31m[Kerror: [m[K'[01m[Kis_same_v[m[K' is not a member of '[01m[Kstd[m[K'; did you mean '[01m[Kis_same[m[K'?
[2.406s]   643 |           std::[01;31m[Kis_same_v[m[K<T, UniquePtrWithInfoROSMessageCallback>||
[2.406s]       |                [01;31m[K^~~~~~~~~[m[K
[2.406s]       |                [32m[Kis_same[m[K
[2.406s] [01m[K/open_app/miniconda3/envs/ros2_humble/include/rclcpp/rclcpp/any_subscription_callback.hpp:643:64:[m[K [01;31m[Kerror: [m[Kexpected primary-expression before '[01m[K>[m[K' token
[2.406s]   643 |           std::is_same_v<T, UniquePtrWithInfoROSMessageCallback[01;31m[K>[m[K||
[2.406s]       |                                                                [01;31m[K^[m[K
[2.406s] [01m[K/open_app/miniconda3/envs/ros2_humble/include/rclcpp/rclcpp/any_subscription_callback.hpp:643:65:[m[K [01;31m[Kerror: [m[Kexpected primary-expression before '[01m[K||[m[K' token
[2.407s]   643 |           std::is_same_v<T, UniquePtrWithInfoROSMessageCallback>[01;31m[K||[m[K
[2.407s]       |                                                                 [01;31m[K^~[m[K
[2.407s] [01m[K/open_app/miniconda3/envs/ros2_humble/include/rclcpp/rclcpp/any_subscription_callback.hpp:644:16:[m[K [01;31m[Kerror: [m[K'[01m[Kis_same_v[m[K' is not a member of '[01m[Kstd[m[K'; did you mean '[01m[Kis_same[m[K'?
[2.407s]   644 |           std::[01;31m[Kis_same_v[m[K<T, SharedConstPtrCallback>||
[2.408s]       |                [01;31m[K^~~~~~~~~[m[K
[2.408s]       |                [32m[Kis_same[m[K
[2.408s] [01m[K/open_app/miniconda3/envs/ros2_humble/include/rclcpp/rclcpp/any_subscription_callback.hpp:644:51:[m[K [01;31m[Kerror: [m[Kexpected primary-expression before '[01m[K>[m[K' token
[2.408s]   644 |           std::is_same_v<T, SharedConstPtrCallback[01;31m[K>[m[K||
[2.408s]       |                                                   [01;31m[K^[m[K
[2.408s] [01m[K/open_app/miniconda3/envs/ros2_humble/include/rclcpp/rclcpp/any_subscription_callback.hpp:644:52:[m[K [01;31m[Kerror: [m[Kexpected primary-expression before '[01m[K||[m[K' token
[2.409s]   644 |           std::is_same_v<T, SharedConstPtrCallback>[01;31m[K||[m[K
[2.409s]       |                                                    [01;31m[K^~[m[K
[2.409s] [01m[K/open_app/miniconda3/envs/ros2_humble/include/rclcpp/rclcpp/any_subscription_callback.hpp:645:16:[m[K [01;31m[Kerror: [m[K'[01m[Kis_same_v[m[K' is not a member of '[01m[Kstd[m[K'; did you mean '[01m[Kis_same[m[K'?
[2.409s]   645 |           std::[01;31m[Kis_same_v[m[K<T, SharedConstPtrROSMessageCallback>||
[2.410s]       |                [01;31m[K^~~~~~~~~[m[K
[2.410s]       |                [32m[Kis_same[m[K
[2.410s] [01m[K/open_app/miniconda3/envs/ros2_humble/include/rclcpp/rclcpp/any_subscription_callback.hpp:645:61:[m[K [01;31m[Kerror: [m[Kexpected primary-expression before '[01m[K>[m[K' token
[2.410s]   645 |           std::is_same_v<T, SharedConstPtrROSMessageCallback[01;31m[K>[m[K||
[2.410s]       |                                                             [01;31m[K^[m[K
[2.410s] [01m[K/open_app/miniconda3/envs/ros2_humble/include/rclcpp/rclcpp/any_subscription_callback.hpp:645:62:[m[K [01;31m[Kerror: [m[Kexpected primary-expression before '[01m[K||[m[K' token
[2.410s]   645 |           std::is_same_v<T, SharedConstPtrROSMessageCallback>[01;31m[K||[m[K
[2.411s]       |                                                              [01;31m[K^~[m[K
[2.411s] [01m[K/open_app/miniconda3/envs/ros2_humble/include/rclcpp/rclcpp/any_subscription_callback.hpp:646:16:[m[K [01;31m[Kerror: [m[K'[01m[Kis_same_v[m[K' is not a member of '[01m[Kstd[m[K'; did you mean '[01m[Kis_same[m[K'?
[2.411s]   646 |           std::[01;31m[Kis_same_v[m[K<T, SharedConstPtrWithInfoCallback>||
[2.411s]       |                [01;31m[K^~~~~~~~~[m[K
[2.411s]       |                [32m[Kis_same[m[K
[2.411s] [01m[K/open_app/miniconda3/envs/ros2_humble/include/rclcpp/rclcpp/any_subscription_callback.hpp:646:59:[m[K [01;31m[Kerror: [m[Kexpected primary-expression before '[01m[K>[m[K' token
[2.412s]   646 |           std::is_same_v<T, SharedConstPtrWithInfoCallback[01;31m[K>[m[K||
[2.412s]       |                                                           [01;31m[K^[m[K
[2.412s] [01m[K/open_app/miniconda3/envs/ros2_humble/include/rclcpp/rclcpp/any_subscription_callback.hpp:646:60:[m[K [01;31m[Kerror: [m[Kexpected primary-expression before '[01m[K||[m[K' token
[2.412s]   646 |           std::is_same_v<T, SharedConstPtrWithInfoCallback>[01;31m[K||[m[K
[2.412s]       |                                                            [01;31m[K^~[m[K
[2.412s] [01m[K/open_app/miniconda3/envs/ros2_humble/include/rclcpp/rclcpp/any_subscription_callback.hpp:647:16:[m[K [01;31m[Kerror: [m[K'[01m[Kis_same_v[m[K' is not a member of '[01m[Kstd[m[K'; did you mean '[01m[Kis_same[m[K'?
[2.412s]   647 |           std::[01;31m[Kis_same_v[m[K<T, SharedConstPtrWithInfoROSMessageCallback>||
[2.413s]       |                [01;31m[K^~~~~~~~~[m[K
[2.413s]       |                [32m[Kis_same[m[K
[2.413s] [01m[K/open_app/miniconda3/envs/ros2_humble/include/rclcpp/rclcpp/any_subscription_callback.hpp:647:69:[m[K [01;31m[Kerror: [m[Kexpected primary-expression before '[01m[K>[m[K' token
[2.413s]   647 |           std::is_same_v<T, SharedConstPtrWithInfoROSMessageCallback[01;31m[K>[m[K||
[2.413s]       |                                                                     [01;31m[K^[m[K
[2.413s] [01m[K/open_app/miniconda3/envs/ros2_humble/include/rclcpp/rclcpp/any_subscription_callback.hpp:647:70:[m[K [01;31m[Kerror: [m[Kexpected primary-expression before '[01m[K||[m[K' token
[2.413s]   647 |           std::is_same_v<T, SharedConstPtrWithInfoROSMessageCallback>[01;31m[K||[m[K
[2.414s]       |                                                                      [01;31m[K^~[m[K
[2.414s] [01m[K/open_app/miniconda3/envs/ros2_humble/include/rclcpp/rclcpp/any_subscription_callback.hpp:648:16:[m[K [01;31m[Kerror: [m[K'[01m[Kis_same_v[m[K' is not a member of '[01m[Kstd[m[K'; did you mean '[01m[Kis_same[m[K'?
[2.414s]   648 |           std::[01;31m[Kis_same_v[m[K<T, ConstRefSharedConstPtrCallback>||
[2.414s]       |                [01;31m[K^~~~~~~~~[m[K
[2.414s]       |                [32m[Kis_same[m[K
[2.414s] [01m[K/open_app/miniconda3/envs/ros2_humble/include/rclcpp/rclcpp/any_subscription_callback.hpp:648:59:[m[K [01;31m[Kerror: [m[Kexpected primary-expression before '[01m[K>[m[K' token
[2.414s]   648 |           std::is_same_v<T, ConstRefSharedConstPtrCallback[01;31m[K>[m[K||
[2.415s]       |                                                           [01;31m[K^[m[K
[2.415s] [01m[K/open_app/miniconda3/envs/ros2_humble/include/rclcpp/rclcpp/any_subscription_callback.hpp:648:60:[m[K [01;31m[Kerror: [m[Kexpected primary-expression before '[01m[K||[m[K' token
[2.415s]   648 |           std::is_same_v<T, ConstRefSharedConstPtrCallback>[01;31m[K||[m[K
[2.415s]       |                                                            [01;31m[K^~[m[K
[2.415s] [01m[K/open_app/miniconda3/envs/ros2_humble/include/rclcpp/rclcpp/any_subscription_callback.hpp:649:16:[m[K [01;31m[Kerror: [m[K'[01m[Kis_same_v[m[K' is not a member of '[01m[Kstd[m[K'; did you mean '[01m[Kis_same[m[K'?
[2.415s]   649 |           std::[01;31m[Kis_same_v[m[K<T, ConstRefSharedConstPtrROSMessageCallback>||
[2.415s]       |                [01;31m[K^~~~~~~~~[m[K
[2.416s]       |                [32m[Kis_same[m[K
[2.416s] [01m[K/open_app/miniconda3/envs/ros2_humble/include/rclcpp/rclcpp/any_subscription_callback.hpp:649:69:[m[K [01;31m[Kerror: [m[Kexpected primary-expression before '[01m[K>[m[K' token
[2.416s]   649 |           std::is_same_v<T, ConstRefSharedConstPtrROSMessageCallback[01;31m[K>[m[K||
[2.416s]       |                                                                     [01;31m[K^[m[K
[2.416s] [01m[K/open_app/miniconda3/envs/ros2_humble/include/rclcpp/rclcpp/any_subscription_callback.hpp:649:70:[m[K [01;31m[Kerror: [m[Kexpected primary-expression before '[01m[K||[m[K' token
[2.416s]   649 |           std::is_same_v<T, ConstRefSharedConstPtrROSMessageCallback>[01;31m[K||[m[K
[2.416s]       |                                                                      [01;31m[K^~[m[K
[2.416s] [01m[K/open_app/miniconda3/envs/ros2_humble/include/rclcpp/rclcpp/any_subscription_callback.hpp:650:16:[m[K [01;31m[Kerror: [m[K'[01m[Kis_same_v[m[K' is not a member of '[01m[Kstd[m[K'; did you mean '[01m[Kis_same[m[K'?
[2.417s]   650 |           std::[01;31m[Kis_same_v[m[K<T, ConstRefSharedConstPtrWithInfoCallback>||
[2.417s]       |                [01;31m[K^~~~~~~~~[m[K
[2.417s]       |                [32m[Kis_same[m[K
[2.417s] [01m[K/open_app/miniconda3/envs/ros2_humble/include/rclcpp/rclcpp/any_subscription_callback.hpp:650:67:[m[K [01;31m[Kerror: [m[Kexpected primary-expression before '[01m[K>[m[K' token
[2.417s]   650 |           std::is_same_v<T, ConstRefSharedConstPtrWithInfoCallback[01;31m[K>[m[K||
[2.417s]       |                                                                   [01;31m[K^[m[K
[2.417s] [01m[K/open_app/miniconda3/envs/ros2_humble/include/rclcpp/rclcpp/any_subscription_callback.hpp:650:68:[m[K [01;31m[Kerror: [m[Kexpected primary-expression before '[01m[K||[m[K' token
[2.417s]   650 |           std::is_same_v<T, ConstRefSharedConstPtrWithInfoCallback>[01;31m[K||[m[K
[2.418s]       |                                                                    [01;31m[K^~[m[K
[2.418s] [01m[K/open_app/miniconda3/envs/ros2_humble/include/rclcpp/rclcpp/any_subscription_callback.hpp:651:16:[m[K [01;31m[Kerror: [m[K'[01m[Kis_same_v[m[K' is not a member of '[01m[Kstd[m[K'; did you mean '[01m[Kis_same[m[K'?
[2.418s]   651 |           std::[01;31m[Kis_same_v[m[K<T, ConstRefSharedConstPtrWithInfoROSMessageCallback>||
[2.418s]       |                [01;31m[K^~~~~~~~~[m[K
[2.418s]       |                [32m[Kis_same[m[K
[2.418s] [01m[K/open_app/miniconda3/envs/ros2_humble/include/rclcpp/rclcpp/any_subscription_callback.hpp:651:77:[m[K [01;31m[Kerror: [m[Kexpected primary-expression before '[01m[K>[m[K' token
[2.419s]   651 |           std::is_same_v<T, ConstRefSharedConstPtrWithInfoROSMessageCallback[01;31m[K>[m[K||
[2.419s]       |                                                                             [01;31m[K^[m[K
[2.419s] [01m[K/open_app/miniconda3/envs/ros2_humble/include/rclcpp/rclcpp/any_subscription_callback.hpp:651:78:[m[K [01;31m[Kerror: [m[Kexpected primary-expression before '[01m[K||[m[K' token
[2.419s]   651 |           std::is_same_v<T, ConstRefSharedConstPtrWithInfoROSMessageCallback>[01;31m[K||[m[K
[2.420s]       |                                                                              [01;31m[K^~[m[K
[2.420s] [01m[K/open_app/miniconda3/envs/ros2_humble/include/rclcpp/rclcpp/any_subscription_callback.hpp:652:16:[m[K [01;31m[Kerror: [m[K'[01m[Kis_same_v[m[K' is not a member of '[01m[Kstd[m[K'; did you mean '[01m[Kis_same[m[K'?
[2.420s]   652 |           std::[01;31m[Kis_same_v[m[K<T, SharedPtrCallback>||
[2.421s]       |                [01;31m[K^~~~~~~~~[m[K
[2.421s]       |                [32m[Kis_same[m[K
[2.421s] [01m[K/open_app/miniconda3/envs/ros2_humble/include/rclcpp/rclcpp/any_subscription_callback.hpp:652:46:[m[K [01;31m[Kerror: [m[Kexpected primary-expression before '[01m[K>[m[K' token
[2.421s]   652 |           std::is_same_v<T, SharedPtrCallback[01;31m[K>[m[K||
[2.421s]       |                                              [01;31m[K^[m[K
[2.421s] [01m[K/open_app/miniconda3/envs/ros2_humble/include/rclcpp/rclcpp/any_subscription_callback.hpp:652:47:[m[K [01;31m[Kerror: [m[Kexpected primary-expression before '[01m[K||[m[K' token
[2.421s]   652 |           std::is_same_v<T, SharedPtrCallback>[01;31m[K||[m[K
[2.422s]       |                                               [01;31m[K^~[m[K
[2.422s] [01m[K/open_app/miniconda3/envs/ros2_humble/include/rclcpp/rclcpp/any_subscription_callback.hpp:653:16:[m[K [01;31m[Kerror: [m[K'[01m[Kis_same_v[m[K' is not a member of '[01m[Kstd[m[K'; did you mean '[01m[Kis_same[m[K'?
[2.422s]   653 |           std::[01;31m[Kis_same_v[m[K<T, SharedPtrROSMessageCallback>||
[2.422s]       |                [01;31m[K^~~~~~~~~[m[K
[2.422s]       |                [32m[Kis_same[m[K
[2.422s] [01m[K/open_app/miniconda3/envs/ros2_humble/include/rclcpp/rclcpp/any_subscription_callback.hpp:653:56:[m[K [01;31m[Kerror: [m[Kexpected primary-expression before '[01m[K>[m[K' token
[2.422s]   653 |           std::is_same_v<T, SharedPtrROSMessageCallback[01;31m[K>[m[K||
[2.423s]       |                                                        [01;31m[K^[m[K
[2.423s] [01m[K/open_app/miniconda3/envs/ros2_humble/include/rclcpp/rclcpp/any_subscription_callback.hpp:653:57:[m[K [01;31m[Kerror: [m[Kexpected primary-expression before '[01m[K||[m[K' token
[2.423s]   653 |           std::is_same_v<T, SharedPtrROSMessageCallback>[01;31m[K||[m[K
[2.423s]       |                                                         [01;31m[K^~[m[K
[2.423s] [01m[K/open_app/miniconda3/envs/ros2_humble/include/rclcpp/rclcpp/any_subscription_callback.hpp:654:16:[m[K [01;31m[Kerror: [m[K'[01m[Kis_same_v[m[K' is not a member of '[01m[Kstd[m[K'; did you mean '[01m[Kis_same[m[K'?
[2.423s]   654 |           std::[01;31m[Kis_same_v[m[K<T, SharedPtrWithInfoCallback>||
[2.424s]       |                [01;31m[K^~~~~~~~~[m[K
[2.424s]       |                [32m[Kis_same[m[K
[2.424s] [01m[K/open_app/miniconda3/envs/ros2_humble/include/rclcpp/rclcpp/any_subscription_callback.hpp:654:54:[m[K [01;31m[Kerror: [m[Kexpected primary-expression before '[01m[K>[m[K' token
[2.424s]   654 |           std::is_same_v<T, SharedPtrWithInfoCallback[01;31m[K>[m[K||
[2.430s]       |                                                      [01;31m[K^[m[K
[2.430s] [01m[K/open_app/miniconda3/envs/ros2_humble/include/rclcpp/rclcpp/any_subscription_callback.hpp:654:55:[m[K [01;31m[Kerror: [m[Kexpected primary-expression before '[01m[K||[m[K' token
[2.430s]   654 |           std::is_same_v<T, SharedPtrWithInfoCallback>[01;31m[K||[m[K
[2.430s]       |                                                       [01;31m[K^~[m[K
[2.431s] [01m[K/open_app/miniconda3/envs/ros2_humble/include/rclcpp/rclcpp/any_subscription_callback.hpp:655:16:[m[K [01;31m[Kerror: [m[K'[01m[Kis_same_v[m[K' is not a member of '[01m[Kstd[m[K'; did you mean '[01m[Kis_same[m[K'?
[2.431s]   655 |           std::[01;31m[Kis_same_v[m[K<T, SharedPtrWithInfoROSMessageCallback>)
[2.431s]       |                [01;31m[K^~~~~~~~~[m[K
[2.431s]       |                [32m[Kis_same[m[K
[2.431s] [01m[K/open_app/miniconda3/envs/ros2_humble/include/rclcpp/rclcpp/any_subscription_callback.hpp:655:64:[m[K [01;31m[Kerror: [m[Kexpected primary-expression before '[01m[K>[m[K' token
[2.431s]   655 |           std::is_same_v<T, SharedPtrWithInfoROSMessageCallback[01;31m[K>[m[K)
[2.432s]       |                                                                [01;31m[K^[m[K
[2.432s] [01m[K/open_app/miniconda3/envs/ros2_humble/include/rclcpp/rclcpp/any_subscription_callback.hpp:655:65:[m[K [01;31m[Kerror: [m[Kexpected primary-expression before '[01m[K)[m[K' token
[2.432s]   655 |           std::is_same_v<T, SharedPtrWithInfoROSMessageCallback>[01;31m[K)[m[K
[2.432s]       |                                                                 [01;31m[K^[m[K
[2.432s] [01m[K/open_app/miniconda3/envs/ros2_humble/include/rclcpp/rclcpp/any_subscription_callback.hpp:[m[K In member function '[01m[Kvoid rclcpp::AnySubscriptionCallback<MessageT, AllocatorT>::[01;32m[Kdispatch_intra_process[m[K(std::shared_ptr<const typename rclcpp::TypeAdapter<MessageT>::custom_type>, const rclcpp::MessageInfo&)[m[K':
[2.432s] [01m[K/open_app/miniconda3/envs/ros2_humble/include/rclcpp/rclcpp/any_subscription_callback.hpp:683:10:[m[K [01;31m[Kerror: [m[K'[01m[Kvisit[m[K' is not a member of '[01m[Kstd[m[K'
[2.432s]   683 |     std::[01;31m[Kvisit[m[K(
[2.433s]       |          [01;31m[K^~~~~[m[K
[2.433s] [01m[K/open_app/miniconda3/envs/ros2_humble/include/rclcpp/rclcpp/any_subscription_callback.hpp:683:10:[m[K [01;36m[Knote: [m[K'[01m[Kstd::visit[m[K' is only available from C++17 onwards
[2.433s] [01m[K/open_app/miniconda3/envs/ros2_humble/include/rclcpp/rclcpp/any_subscription_callback.hpp:684:39:[m[K [01;31m[Kerror: [m[Kuse of '[01m[Kauto[m[K' in lambda parameter declaration only available with '[01m[K-std=c++14[m[K' or '[01m[K-std=gnu++14[m[K'
[2.433s]   684 |       [&message, &message_info, this]([01;31m[Kauto[m[K && callback) {
[2.433s]       |                                       [01;31m[K^~~~[m[K
[2.433s] [01m[K/open_app/miniconda3/envs/ros2_humble/include/rclcpp/rclcpp/any_subscription_callback.hpp:[m[K In lambda function:
[2.433s] [01m[K/open_app/miniconda3/envs/ros2_humble/include/rclcpp/rclcpp/any_subscription_callback.hpp:685:24:[m[K [01;31m[Kerror: [m[K'[01m[Kdecay_t[m[K' in namespace '[01m[Kstd[m[K' does not name a template type; did you mean '[01m[Kdecay[m[K'?
[2.433s]   685 |         using T = std::[01;31m[Kdecay_t[m[K<decltype(callback)>;
[2.434s]       |                        [01;31m[K^~~~~~~[m[K
[2.434s]       |                        [32m[Kdecay[m[K
[2.434s] [01m[K/open_app/miniconda3/envs/ros2_humble/include/rclcpp/rclcpp/any_subscription_callback.hpp:689:37:[m[K [01;31m[Kerror: [m[K'[01m[Kis_same_v[m[K' is not a member of '[01m[Kstd[m[K'; did you mean '[01m[Kis_same[m[K'?
[2.434s]   689 |         if constexpr (is_ta && std::[01;31m[Kis_same_v[m[K<T, ConstRefCallback>) {
[2.434s]       |                                     [01;31m[K^~~~~~~~~[m[K
[2.434s]       |                                     [32m[Kis_same[m[K
[2.434s] [01m[K/open_app/miniconda3/envs/ros2_humble/include/rclcpp/rclcpp/any_subscription_callback.hpp:689:47:[m[K [01;31m[Kerror: [m[K'[01m[KT[m[K' was not declared in this scope
[2.434s]   689 |         if constexpr (is_ta && std::is_same_v<[01;31m[KT[m[K, ConstRefCallback>) {
[2.435s]       |                                               [01;31m[K^[m[K
[2.435s] [01m[K/open_app/miniconda3/envs/ros2_humble/include/rclcpp/rclcpp/any_subscription_callback.hpp:689:66:[m[K [01;31m[Kerror: [m[Kexpected primary-expression before '[01m[K>[m[K' token
[2.435s]   689 |         if constexpr (is_ta && std::is_same_v<T, ConstRefCallback[01;31m[K>[m[K) {
[2.435s]       |                                                                  [01;31m[K^[m[K
[2.435s] [01m[K/open_app/miniconda3/envs/ros2_humble/include/rclcpp/rclcpp/any_subscription_callback.hpp:689:67:[m[K [01;31m[Kerror: [m[Kexpected primary-expression before '[01m[K)[m[K' token
[2.435s]   689 |         if constexpr (is_ta && std::is_same_v<T, ConstRefCallback>[01;31m[K)[m[K {
[2.435s]       |                                                                   [01;31m[K^[m[K
[2.435s] [01m[K/open_app/miniconda3/envs/ros2_humble/include/rclcpp/rclcpp/any_subscription_callback.hpp:691:44:[m[K [01;31m[Kerror: [m[K'[01m[Kis_same_v[m[K' is not a member of '[01m[Kstd[m[K'; did you mean '[01m[Kis_same[m[K'?
[2.436s]   691 |         } else if constexpr (is_ta && std::[01;31m[Kis_same_v[m[K<T, ConstRefWithInfoCallback>) {  // NOLINT
[2.436s]       |                                            [01;31m[K^~~~~~~~~[m[K
[2.436s]       |                                            [32m[Kis_same[m[K
[2.436s] [01m[K/open_app/miniconda3/envs/ros2_humble/include/rclcpp/rclcpp/any_subscription_callback.hpp:691:81:[m[K [01;31m[Kerror: [m[Kexpected primary-expression before '[01m[K>[m[K' token
[2.436s]   691 |         } else if constexpr (is_ta && std::is_same_v<T, ConstRefWithInfoCallback[01;31m[K>[m[K) {  // NOLINT
[2.436s]       |                                                                                 [01;31m[K^[m[K
[2.436s] [01m[K/open_app/miniconda3/envs/ros2_humble/include/rclcpp/rclcpp/any_subscription_callback.hpp:691:82:[m[K [01;31m[Kerror: [m[Kexpected primary-expression before '[01m[K)[m[K' token
[2.437s]   691 |         } else if constexpr (is_ta && std::is_same_v<T, ConstRefWithInfoCallback>[01;31m[K)[m[K {  // NOLINT
[2.437s]       |                                                                                  [01;31m[K^[m[K
[2.437s] [01m[K/open_app/miniconda3/envs/ros2_humble/include/rclcpp/rclcpp/any_subscription_callback.hpp:695:18:[m[K [01;31m[Kerror: [m[K'[01m[Kis_same_v[m[K' is not a member of '[01m[Kstd[m[K'; did you mean '[01m[Kis_same[m[K'?
[2.437s]   695 |             std::[01;31m[Kis_same_v[m[K<T, UniquePtrCallback>||
[2.437s]       |                  [01;31m[K^~~~~~~~~[m[K
[2.437s]       |                  [32m[Kis_same[m[K
[2.437s] [01m[K/open_app/miniconda3/envs/ros2_humble/include/rclcpp/rclcpp/any_subscription_callback.hpp:695:48:[m[K [01;31m[Kerror: [m[Kexpected primary-expression before '[01m[K>[m[K' token
[2.437s]   695 |             std::is_same_v<T, UniquePtrCallback[01;31m[K>[m[K||
[2.438s]       |                                                [01;31m[K^[m[K
[2.438s] [01m[K/open_app/miniconda3/envs/ros2_humble/include/rclcpp/rclcpp/any_subscription_callback.hpp:695:49:[m[K [01;31m[Kerror: [m[Kexpected primary-expression before '[01m[K||[m[K' token
[2.438s]   695 |             std::is_same_v<T, UniquePtrCallback>[01;31m[K||[m[K
[2.438s]       |                                                 [01;31m[K^~[m[K
[2.438s] [01m[K/open_app/miniconda3/envs/ros2_humble/include/rclcpp/rclcpp/any_subscription_callback.hpp:696:18:[m[K [01;31m[Kerror: [m[K'[01m[Kis_same_v[m[K' is not a member of '[01m[Kstd[m[K'; did you mean '[01m[Kis_same[m[K'?
[2.438s]   696 |             std::[01;31m[Kis_same_v[m[K<T, SharedPtrCallback>
[2.438s]       |                  [01;31m[K^~~~~~~~~[m[K
[2.438s]       |                  [32m[Kis_same[m[K
[2.439s] [01m[K/open_app/miniconda3/envs/ros2_humble/include/rclcpp/rclcpp/any_subscription_callback.hpp:696:48:[m[K [01;31m[Kerror: [m[Kexpected primary-expression before '[01m[K>[m[K' token
[2.439s]   696 |             std::is_same_v<T, SharedPtrCallback[01;31m[K>[m[K
[2.439s]       |                                                [01;31m[K^[m[K
[2.439s] [01m[K/open_app/miniconda3/envs/ros2_humble/include/rclcpp/rclcpp/any_subscription_callback.hpp:697:9:[m[K [01;31m[Kerror: [m[Kexpected primary-expression before '[01m[K)[m[K' token
[2.439s]   697 |         [01;31m[K)[m[K)
[2.439s]       |         [01;31m[K^[m[K
[2.440s] [01m[K/open_app/miniconda3/envs/ros2_humble/include/rclcpp/rclcpp/any_subscription_callback.hpp:702:18:[m[K [01;31m[Kerror: [m[K'[01m[Kis_same_v[m[K' is not a member of '[01m[Kstd[m[K'; did you mean '[01m[Kis_same[m[K'?
[2.440s]   702 |             std::[01;31m[Kis_same_v[m[K<T, UniquePtrWithInfoCallback>||
[2.440s]       |                  [01;31m[K^~~~~~~~~[m[K
[2.440s]       |                  [32m[Kis_same[m[K
[2.440s] [01m[K/open_app/miniconda3/envs/ros2_humble/include/rclcpp/rclcpp/any_subscription_callback.hpp:702:56:[m[K [01;31m[Kerror: [m[Kexpected primary-expression before '[01m[K>[m[K' token
[2.440s]   702 |             std::is_same_v<T, UniquePtrWithInfoCallback[01;31m[K>[m[K||
[2.440s]       |                                                        [01;31m[K^[m[K
[2.441s] [01m[K/open_app/miniconda3/envs/ros2_humble/include/rclcpp/rclcpp/any_subscription_callback.hpp:702:57:[m[K [01;31m[Kerror: [m[Kexpected primary-expression before '[01m[K||[m[K' token
[2.441s]   702 |             std::is_same_v<T, UniquePtrWithInfoCallback>[01;31m[K||[m[K
[2.441s]       |                                                         [01;31m[K^~[m[K
[2.441s] [01m[K/open_app/miniconda3/envs/ros2_humble/include/rclcpp/rclcpp/any_subscription_callback.hpp:703:18:[m[K [01;31m[Kerror: [m[K'[01m[Kis_same_v[m[K' is not a member of '[01m[Kstd[m[K'; did you mean '[01m[Kis_same[m[K'?
[2.441s]   703 |             std::[01;31m[Kis_same_v[m[K<T, SharedPtrWithInfoCallback>
[2.441s]       |                  [01;31m[K^~~~~~~~~[m[K
[2.441s]       |                  [32m[Kis_same[m[K
[2.441s] [01m[K/open_app/miniconda3/envs/ros2_humble/include/rclcpp/rclcpp/any_subscription_callback.hpp:703:56:[m[K [01;31m[Kerror: [m[Kexpected primary-expression before '[01m[K>[m[K' token
[2.442s]   703 |             std::is_same_v<T, SharedPtrWithInfoCallback[01;31m[K>[m[K
[2.442s]       |                                                        [01;31m[K^[m[K
[2.442s] [01m[K/open_app/miniconda3/envs/ros2_humble/include/rclcpp/rclcpp/any_subscription_callback.hpp:704:9:[m[K [01;31m[Kerror: [m[Kexpected primary-expression before '[01m[K)[m[K' token
[2.442s]   704 |         [01;31m[K)[m[K)
[2.442s]       |         [01;31m[K^[m[K
[2.442s] [01m[K/open_app/miniconda3/envs/ros2_humble/include/rclcpp/rclcpp/any_subscription_callback.hpp:709:18:[m[K [01;31m[Kerror: [m[K'[01m[Kis_same_v[m[K' is not a member of '[01m[Kstd[m[K'; did you mean '[01m[Kis_same[m[K'?
[2.442s]   709 |             std::[01;31m[Kis_same_v[m[K<T, SharedConstPtrCallback>||
[2.442s]       |                  [01;31m[K^~~~~~~~~[m[K
[2.443s]       |                  [32m[Kis_same[m[K
[2.443s] [01m[K/open_app/miniconda3/envs/ros2_humble/include/rclcpp/rclcpp/any_subscription_callback.hpp:709:53:[m[K [01;31m[Kerror: [m[Kexpected primary-expression before '[01m[K>[m[K' token
[2.443s]   709 |             std::is_same_v<T, SharedConstPtrCallback[01;31m[K>[m[K||
[2.443s]       |                                                     [01;31m[K^[m[K
[2.443s] [01m[K/open_app/miniconda3/envs/ros2_humble/include/rclcpp/rclcpp/any_subscription_callback.hpp:709:54:[m[K [01;31m[Kerror: [m[Kexpected primary-expression before '[01m[K||[m[K' token
[2.443s]   709 |             std::is_same_v<T, SharedConstPtrCallback>[01;31m[K||[m[K
[2.443s]       |                                                      [01;31m[K^~[m[K
[2.443s] [01m[K/open_app/miniconda3/envs/ros2_humble/include/rclcpp/rclcpp/any_subscription_callback.hpp:710:18:[m[K [01;31m[Kerror: [m[K'[01m[Kis_same_v[m[K' is not a member of '[01m[Kstd[m[K'; did you mean '[01m[Kis_same[m[K'?
[2.444s]   710 |             std::[01;31m[Kis_same_v[m[K<T, ConstRefSharedConstPtrCallback>
[2.444s]       |                  [01;31m[K^~~~~~~~~[m[K
[2.444s]       |                  [32m[Kis_same[m[K
[2.444s] [01m[K/open_app/miniconda3/envs/ros2_humble/include/rclcpp/rclcpp/any_subscription_callback.hpp:710:61:[m[K [01;31m[Kerror: [m[Kexpected primary-expression before '[01m[K>[m[K' token
[2.444s]   710 |             std::is_same_v<T, ConstRefSharedConstPtrCallback[01;31m[K>[m[K
[2.444s]       |                                                             [01;31m[K^[m[K
[2.445s] [01m[K/open_app/miniconda3/envs/ros2_humble/include/rclcpp/rclcpp/any_subscription_callback.hpp:711:9:[m[K [01;31m[Kerror: [m[Kexpected primary-expression before '[01m[K)[m[K' token
[2.445s]   711 |         [01;31m[K)[m[K)
[2.445s]       |         [01;31m[K^[m[K
[2.445s] [01m[K/open_app/miniconda3/envs/ros2_humble/include/rclcpp/rclcpp/any_subscription_callback.hpp:716:18:[m[K [01;31m[Kerror: [m[K'[01m[Kis_same_v[m[K' is not a member of '[01m[Kstd[m[K'; did you mean '[01m[Kis_same[m[K'?
[2.445s]   716 |             std::[01;31m[Kis_same_v[m[K<T, SharedConstPtrWithInfoCallback>||
[2.445s]       |                  [01;31m[K^~~~~~~~~[m[K
[2.445s]       |                  [32m[Kis_same[m[K
[2.446s] [01m[K/open_app/miniconda3/envs/ros2_humble/include/rclcpp/rclcpp/any_subscription_callback.hpp:716:61:[m[K [01;31m[Kerror: [m[Kexpected primary-expression before '[01m[K>[m[K' token
[2.446s]   716 |             std::is_same_v<T, SharedConstPtrWithInfoCallback[01;31m[K>[m[K||
[2.446s]       |                                                             [01;31m[K^[m[K
[2.446s] [01m[K/open_app/miniconda3/envs/ros2_humble/include/rclcpp/rclcpp/any_subscription_callback.hpp:716:62:[m[K [01;31m[Kerror: [m[Kexpected primary-expression before '[01m[K||[m[K' token
[2.446s]   716 |             std::is_same_v<T, SharedConstPtrWithInfoCallback>[01;31m[K||[m[K
[2.446s]       |                                                              [01;31m[K^~[m[K
[2.446s] [01m[K/open_app/miniconda3/envs/ros2_humble/include/rclcpp/rclcpp/any_subscription_callback.hpp:717:18:[m[K [01;31m[Kerror: [m[K'[01m[Kis_same_v[m[K' is not a member of '[01m[Kstd[m[K'; did you mean '[01m[Kis_same[m[K'?
[2.447s]   717 |             std::[01;31m[Kis_same_v[m[K<T, ConstRefSharedConstPtrWithInfoCallback>
[2.447s]       |                  [01;31m[K^~~~~~~~~[m[K
[2.447s]       |                  [32m[Kis_same[m[K
[2.448s] [01m[K/open_app/miniconda3/envs/ros2_humble/include/rclcpp/rclcpp/any_subscription_callback.hpp:717:69:[m[K [01;31m[Kerror: [m[Kexpected primary-expression before '[01m[K>[m[K' token
[2.448s]   717 |             std::is_same_v<T, ConstRefSharedConstPtrWithInfoCallback[01;31m[K>[m[K
[2.448s]       |                                                                     [01;31m[K^[m[K
[2.448s] [01m[K/open_app/miniconda3/envs/ros2_humble/include/rclcpp/rclcpp/any_subscription_callback.hpp:718:9:[m[K [01;31m[Kerror: [m[Kexpected primary-expression before '[01m[K)[m[K' token
[2.448s]   718 |         [01;31m[K)[m[K)
[2.448s]       |         [01;31m[K^[m[K
[2.449s] [01m[K/open_app/miniconda3/envs/ros2_humble/include/rclcpp/rclcpp/any_subscription_callback.hpp:723:33:[m[K [01;31m[Kerror: [m[K'[01m[Kis_same_v[m[K' is not a member of '[01m[Kstd[m[K'; did you mean '[01m[Kis_same[m[K'?
[2.449s]   723 |         else if constexpr (std::[01;31m[Kis_same_v[m[K<T, ConstRefROSMessageCallback>) {  // NOLINT[readability/braces]
[2.449s]       |                                 [01;31m[K^~~~~~~~~[m[K
[2.449s]       |                                 [32m[Kis_same[m[K
[2.449s] [01m[K/open_app/miniconda3/envs/ros2_humble/include/rclcpp/rclcpp/any_subscription_callback.hpp:723:72:[m[K [01;31m[Kerror: [m[Kexpected primary-expression before '[01m[K>[m[K' token
[2.449s]   723 |         else if constexpr (std::is_same_v<T, ConstRefROSMessageCallback[01;31m[K>[m[K) {  // NOLINT[readability/braces]
[2.449s]       |                                                                        [01;31m[K^[m[K
[2.450s] [01m[K/open_app/miniconda3/envs/ros2_humble/include/rclcpp/rclcpp/any_subscription_callback.hpp:723:73:[m[K [01;31m[Kerror: [m[Kexpected primary-expression before '[01m[K)[m[K' token
[2.450s]   723 |         else if constexpr (std::is_same_v<T, ConstRefROSMessageCallback>[01;31m[K)[m[K {  // NOLINT[readability/braces]
[2.450s]       |                                                                         [01;31m[K^[m[K
[2.450s] [01m[K/open_app/miniconda3/envs/ros2_humble/include/rclcpp/rclcpp/any_subscription_callback.hpp:730:35:[m[K [01;31m[Kerror: [m[K'[01m[Kis_same_v[m[K' is not a member of '[01m[Kstd[m[K'; did you mean '[01m[Kis_same[m[K'?
[2.450s]   730 |         } else if constexpr (std::[01;31m[Kis_same_v[m[K<T, ConstRefWithInfoROSMessageCallback>) {  // NOLINT[readability/braces]
[2.450s]       |                                   [01;31m[K^~~~~~~~~[m[K
[2.450s]       |                                   [32m[Kis_same[m[K
[2.451s] [01m[K/open_app/miniconda3/envs/ros2_humble/include/rclcpp/rclcpp/any_subscription_callback.hpp:730:82:[m[K [01;31m[Kerror: [m[Kexpected primary-expression before '[01m[K>[m[K' token
[2.451s]   730 |         } else if constexpr (std::is_same_v<T, ConstRefWithInfoROSMessageCallback[01;31m[K>[m[K) {  // NOLINT[readability/braces]
[2.451s]       |                                                                                  [01;31m[K^[m[K
[2.451s] [01m[K/open_app/miniconda3/envs/ros2_humble/include/rclcpp/rclcpp/any_subscription_callback.hpp:730:83:[m[K [01;31m[Kerror: [m[Kexpected primary-expression before '[01m[K)[m[K' token
[2.451s]   730 |         } else if constexpr (std::is_same_v<T, ConstRefWithInfoROSMessageCallback>[01;31m[K)[m[K {  // NOLINT[readability/braces]
[2.451s]       |                                                                                   [01;31m[K^[m[K
[2.452s] [01m[K/open_app/miniconda3/envs/ros2_humble/include/rclcpp/rclcpp/any_subscription_callback.hpp:738:16:[m[K [01;31m[Kerror: [m[K'[01m[Kis_same_v[m[K' is not a member of '[01m[Kstd[m[K'; did you mean '[01m[Kis_same[m[K'?
[2.452s]   738 |           std::[01;31m[Kis_same_v[m[K<T, UniquePtrROSMessageCallback>||
[2.452s]       |                [01;31m[K^~~~~~~~~[m[K
[2.452s]       |                [32m[Kis_same[m[K
[2.452s] [01m[K/open_app/miniconda3/envs/ros2_humble/include/rclcpp/rclcpp/any_subscription_callback.hpp:738:56:[m[K [01;31m[Kerror: [m[Kexpected primary-expression before '[01m[K>[m[K' token
[2.452s]   738 |           std::is_same_v<T, UniquePtrROSMessageCallback[01;31m[K>[m[K||
[2.452s]       |                                                        [01;31m[K^[m[K
[2.453s] [01m[K/open_app/miniconda3/envs/ros2_humble/include/rclcpp/rclcpp/any_subscription_callback.hpp:738:57:[m[K [01;31m[Kerror: [m[Kexpected primary-expression before '[01m[K||[m[K' token
[2.453s]   738 |           std::is_same_v<T, UniquePtrROSMessageCallback>[01;31m[K||[m[K
[2.453s]       |                                                         [01;31m[K^~[m[K
[2.453s] [01m[K/open_app/miniconda3/envs/ros2_humble/include/rclcpp/rclcpp/any_subscription_callback.hpp:739:16:[m[K [01;31m[Kerror: [m[K'[01m[Kis_same_v[m[K' is not a member of '[01m[Kstd[m[K'; did you mean '[01m[Kis_same[m[K'?
[2.453s]   739 |           std::[01;31m[Kis_same_v[m[K<T, SharedPtrROSMessageCallback>)
[2.453s]       |                [01;31m[K^~~~~~~~~[m[K
[2.453s]       |                [32m[Kis_same[m[K
[2.454s] [01m[K/open_app/miniconda3/envs/ros2_humble/include/rclcpp/rclcpp/any_subscription_callback.hpp:739:56:[m[K [01;31m[Kerror: [m[Kexpected primary-expression before '[01m[K>[m[K' token
[2.454s]   739 |           std::is_same_v<T, SharedPtrROSMessageCallback[01;31m[K>[m[K)
[2.454s]       |                                                        [01;31m[K^[m[K
[2.454s] [01m[K/open_app/miniconda3/envs/ros2_humble/include/rclcpp/rclcpp/any_subscription_callback.hpp:739:57:[m[K [01;31m[Kerror: [m[Kexpected primary-expression before '[01m[K)[m[K' token
[2.454s]   739 |           std::is_same_v<T, SharedPtrROSMessageCallback>[01;31m[K)[m[K
[2.454s]       |                                                         [01;31m[K^[m[K
[2.454s] [01m[K/open_app/miniconda3/envs/ros2_humble/include/rclcpp/rclcpp/any_subscription_callback.hpp:747:16:[m[K [01;31m[Kerror: [m[K'[01m[Kis_same_v[m[K' is not a member of '[01m[Kstd[m[K'; did you mean '[01m[Kis_same[m[K'?
[2.455s]   747 |           std::[01;31m[Kis_same_v[m[K<T, UniquePtrWithInfoROSMessageCallback>||
[2.455s]       |                [01;31m[K^~~~~~~~~[m[K
[2.455s]       |                [32m[Kis_same[m[K
[2.455s] [01m[K/open_app/miniconda3/envs/ros2_humble/include/rclcpp/rclcpp/any_subscription_callback.hpp:747:64:[m[K [01;31m[Kerror: [m[Kexpected primary-expression before '[01m[K>[m[K' token
[2.455s]   747 |           std::is_same_v<T, UniquePtrWithInfoROSMessageCallback[01;31m[K>[m[K||
[2.455s]       |                                                                [01;31m[K^[m[K
[2.456s] [01m[K/open_app/miniconda3/envs/ros2_humble/include/rclcpp/rclcpp/any_subscription_callback.hpp:747:65:[m[K [01;31m[Kerror: [m[Kexpected primary-expression before '[01m[K||[m[K' token
[2.456s]   747 |           std::is_same_v<T, UniquePtrWithInfoROSMessageCallback>[01;31m[K||[m[K
[2.456s]       |                                                                 [01;31m[K^~[m[K
[2.456s] [01m[K/open_app/miniconda3/envs/ros2_humble/include/rclcpp/rclcpp/any_subscription_callback.hpp:748:16:[m[K [01;31m[Kerror: [m[K'[01m[Kis_same_v[m[K' is not a member of '[01m[Kstd[m[K'; did you mean '[01m[Kis_same[m[K'?
[2.456s]   748 |           std::[01;31m[Kis_same_v[m[K<T, SharedPtrWithInfoROSMessageCallback>)
[2.456s]       |                [01;31m[K^~~~~~~~~[m[K
[2.456s]       |                [32m[Kis_same[m[K
[2.457s] [01m[K/open_app/miniconda3/envs/ros2_humble/include/rclcpp/rclcpp/any_subscription_callback.hpp:748:64:[m[K [01;31m[Kerror: [m[Kexpected primary-expression before '[01m[K>[m[K' token
[2.457s]   748 |           std::is_same_v<T, SharedPtrWithInfoROSMessageCallback[01;31m[K>[m[K)
[2.457s]       |                                                                [01;31m[K^[m[K
[2.457s] [01m[K/open_app/miniconda3/envs/ros2_humble/include/rclcpp/rclcpp/any_subscription_callback.hpp:748:65:[m[K [01;31m[Kerror: [m[Kexpected primary-expression before '[01m[K)[m[K' token
[2.457s]   748 |           std::is_same_v<T, SharedPtrWithInfoROSMessageCallback>[01;31m[K)[m[K
[2.457s]       |                                                                 [01;31m[K^[m[K
[2.457s] [01m[K/open_app/miniconda3/envs/ros2_humble/include/rclcpp/rclcpp/any_subscription_callback.hpp:756:16:[m[K [01;31m[Kerror: [m[K'[01m[Kis_same_v[m[K' is not a member of '[01m[Kstd[m[K'; did you mean '[01m[Kis_same[m[K'?
[2.458s]   756 |           std::[01;31m[Kis_same_v[m[K<T, SharedConstPtrROSMessageCallback>||
[2.458s]       |                [01;31m[K^~~~~~~~~[m[K
[2.458s]       |                [32m[Kis_same[m[K
[2.458s] [01m[K/open_app/miniconda3/envs/ros2_humble/include/rclcpp/rclcpp/any_subscription_callback.hpp:756:61:[m[K [01;31m[Kerror: [m[Kexpected primary-expression before '[01m[K>[m[K' token
[2.458s]   756 |           std::is_same_v<T, SharedConstPtrROSMessageCallback[01;31m[K>[m[K||
[2.458s]       |                                                             [01;31m[K^[m[K
[2.458s] [01m[K/open_app/miniconda3/envs/ros2_humble/include/rclcpp/rclcpp/any_subscription_callback.hpp:756:62:[m[K [01;31m[Kerror: [m[Kexpected primary-expression before '[01m[K||[m[K' token
[2.459s]   756 |           std::is_same_v<T, SharedConstPtrROSMessageCallback>[01;31m[K||[m[K
[2.459s]       |                                                              [01;31m[K^~[m[K
[2.459s] [01m[K/open_app/miniconda3/envs/ros2_humble/include/rclcpp/rclcpp/any_subscription_callback.hpp:757:16:[m[K [01;31m[Kerror: [m[K'[01m[Kis_same_v[m[K' is not a member of '[01m[Kstd[m[K'; did you mean '[01m[Kis_same[m[K'?
[2.459s]   757 |           std::[01;31m[Kis_same_v[m[K<T, ConstRefSharedConstPtrROSMessageCallback>)
[2.459s]       |                [01;31m[K^~~~~~~~~[m[K
[2.459s]       |                [32m[Kis_same[m[K
[2.459s] [01m[K/open_app/miniconda3/envs/ros2_humble/include/rclcpp/rclcpp/any_subscription_callback.hpp:757:69:[m[K [01;31m[Kerror: [m[Kexpected primary-expression before '[01m[K>[m[K' token
[2.460s]   757 |           std::is_same_v<T, ConstRefSharedConstPtrROSMessageCallback[01;31m[K>[m[K)
[2.460s]       |                                                                     [01;31m[K^[m[K
[2.460s] [01m[K/open_app/miniconda3/envs/ros2_humble/include/rclcpp/rclcpp/any_subscription_callback.hpp:757:70:[m[K [01;31m[Kerror: [m[Kexpected primary-expression before '[01m[K)[m[K' token
[2.460s]   757 |           std::is_same_v<T, ConstRefSharedConstPtrROSMessageCallback>[01;31m[K)[m[K
[2.460s]       |                                                                      [01;31m[K^[m[K
[2.460s] [01m[K/open_app/miniconda3/envs/ros2_humble/include/rclcpp/rclcpp/any_subscription_callback.hpp:765:16:[m[K [01;31m[Kerror: [m[K'[01m[Kis_same_v[m[K' is not a member of '[01m[Kstd[m[K'; did you mean '[01m[Kis_same[m[K'?
[2.460s]   765 |           std::[01;31m[Kis_same_v[m[K<T, SharedConstPtrWithInfoROSMessageCallback>||
[2.461s]       |                [01;31m[K^~~~~~~~~[m[K
[2.461s]       |                [32m[Kis_same[m[K
[2.461s] [01m[K/open_app/miniconda3/envs/ros2_humble/include/rclcpp/rclcpp/any_subscription_callback.hpp:765:69:[m[K [01;31m[Kerror: [m[Kexpected primary-expression before '[01m[K>[m[K' token
[2.461s]   765 |           std::is_same_v<T, SharedConstPtrWithInfoROSMessageCallback[01;31m[K>[m[K||
[2.461s]       |                                                                     [01;31m[K^[m[K
[2.461s] [01m[K/open_app/miniconda3/envs/ros2_humble/include/rclcpp/rclcpp/any_subscription_callback.hpp:765:70:[m[K [01;31m[Kerror: [m[Kexpected primary-expression before '[01m[K||[m[K' token
[2.462s]   765 |           std::is_same_v<T, SharedConstPtrWithInfoROSMessageCallback>[01;31m[K||[m[K
[2.462s]       |                                                                      [01;31m[K^~[m[K
[2.462s] [01m[K/open_app/miniconda3/envs/ros2_humble/include/rclcpp/rclcpp/any_subscription_callback.hpp:766:16:[m[K [01;31m[Kerror: [m[K'[01m[Kis_same_v[m[K' is not a member of '[01m[Kstd[m[K'; did you mean '[01m[Kis_same[m[K'?
[2.462s]   766 |           std::[01;31m[Kis_same_v[m[K<T, ConstRefSharedConstPtrWithInfoROSMessageCallback>)
[2.462s]       |                [01;31m[K^~~~~~~~~[m[K
[2.462s]       |                [32m[Kis_same[m[K
[2.463s] [01m[K/open_app/miniconda3/envs/ros2_humble/include/rclcpp/rclcpp/any_subscription_callback.hpp:766:77:[m[K [01;31m[Kerror: [m[Kexpected primary-expression before '[01m[K>[m[K' token
[2.463s]   766 |           std::is_same_v<T, ConstRefSharedConstPtrWithInfoROSMessageCallback[01;31m[K>[m[K)
[2.463s]       |                                                                             [01;31m[K^[m[K
[2.463s] [01m[K/open_app/miniconda3/envs/ros2_humble/include/rclcpp/rclcpp/any_subscription_callback.hpp:766:78:[m[K [01;31m[Kerror: [m[Kexpected primary-expression before '[01m[K)[m[K' token
[2.463s]   766 |           std::is_same_v<T, ConstRefSharedConstPtrWithInfoROSMessageCallback>[01;31m[K)[m[K
[2.463s]       |                                                                              [01;31m[K^[m[K
[2.463s] [01m[K/open_app/miniconda3/envs/ros2_humble/include/rclcpp/rclcpp/any_subscription_callback.hpp:776:16:[m[K [01;31m[Kerror: [m[K'[01m[Kis_same_v[m[K' is not a member of '[01m[Kstd[m[K'; did you mean '[01m[Kis_same[m[K'?
[2.464s]   776 |           std::[01;31m[Kis_same_v[m[K<T, ConstRefSerializedMessageCallback>||
[2.464s]       |                [01;31m[K^~~~~~~~~[m[K
[2.464s]       |                [32m[Kis_same[m[K
[2.464s] [01m[K/open_app/miniconda3/envs/ros2_humble/include/rclcpp/rclcpp/any_subscription_callback.hpp:776:62:[m[K [01;31m[Kerror: [m[Kexpected primary-expression before '[01m[K>[m[K' token
[2.464s]   776 |           std::is_same_v<T, ConstRefSerializedMessageCallback[01;31m[K>[m[K||
[2.464s]       |                                                              [01;31m[K^[m[K
[2.464s] [01m[K/open_app/miniconda3/envs/ros2_humble/include/rclcpp/rclcpp/any_subscription_callback.hpp:776:63:[m[K [01;31m[Kerror: [m[Kexpected primary-expression before '[01m[K||[m[K' token
[2.465s]   776 |           std::is_same_v<T, ConstRefSerializedMessageCallback>[01;31m[K||[m[K
[2.465s]       |                                                               [01;31m[K^~[m[K
[2.465s] [01m[K/open_app/miniconda3/envs/ros2_humble/include/rclcpp/rclcpp/any_subscription_callback.hpp:777:16:[m[K [01;31m[Kerror: [m[K'[01m[Kis_same_v[m[K' is not a member of '[01m[Kstd[m[K'; did you mean '[01m[Kis_same[m[K'?
[2.465s]   777 |           std::[01;31m[Kis_same_v[m[K<T, ConstRefSerializedMessageWithInfoCallback>||
[2.465s]       |                [01;31m[K^~~~~~~~~[m[K
[2.465s]       |                [32m[Kis_same[m[K
[2.466s] [01m[K/open_app/miniconda3/envs/ros2_humble/include/rclcpp/rclcpp/any_subscription_callback.hpp:777:70:[m[K [01;31m[Kerror: [m[Kexpected primary-expression before '[01m[K>[m[K' token
[2.466s]   777 |           std::is_same_v<T, ConstRefSerializedMessageWithInfoCallback[01;31m[K>[m[K||
[2.466s]       |                                                                      [01;31m[K^[m[K
[2.466s] [01m[K/open_app/miniconda3/envs/ros2_humble/include/rclcpp/rclcpp/any_subscription_callback.hpp:777:71:[m[K [01;31m[Kerror: [m[Kexpected primary-expression before '[01m[K||[m[K' token
[2.466s]   777 |           std::is_same_v<T, ConstRefSerializedMessageWithInfoCallback>[01;31m[K||[m[K
[2.466s]       |                                                                       [01;31m[K^~[m[K
[2.466s] [01m[K/open_app/miniconda3/envs/ros2_humble/include/rclcpp/rclcpp/any_subscription_callback.hpp:778:16:[m[K [01;31m[Kerror: [m[K'[01m[Kis_same_v[m[K' is not a member of '[01m[Kstd[m[K'; did you mean '[01m[Kis_same[m[K'?
[2.467s]   778 |           std::[01;31m[Kis_same_v[m[K<T, UniquePtrSerializedMessageCallback>||
[2.467s]       |                [01;31m[K^~~~~~~~~[m[K
[2.467s]       |                [32m[Kis_same[m[K
[2.467s] [01m[K/open_app/miniconda3/envs/ros2_humble/include/rclcpp/rclcpp/any_subscription_callback.hpp:778:63:[m[K [01;31m[Kerror: [m[Kexpected primary-expression before '[01m[K>[m[K' token
[2.468s]   778 |           std::is_same_v<T, UniquePtrSerializedMessageCallback[01;31m[K>[m[K||
[2.468s]       |                                                               [01;31m[K^[m[K
[2.469s] [01m[K/open_app/miniconda3/envs/ros2_humble/include/rclcpp/rclcpp/any_subscription_callback.hpp:778:64:[m[K [01;31m[Kerror: [m[Kexpected primary-expression before '[01m[K||[m[K' token
[2.469s]   778 |           std::is_same_v<T, UniquePtrSerializedMessageCallback>[01;31m[K||[m[K
[2.469s]       |                                                                [01;31m[K^~[m[K
[2.469s] [01m[K/open_app/miniconda3/envs/ros2_humble/include/rclcpp/rclcpp/any_subscription_callback.hpp:779:16:[m[K [01;31m[Kerror: [m[K'[01m[Kis_same_v[m[K' is not a member of '[01m[Kstd[m[K'; did you mean '[01m[Kis_same[m[K'?
[2.469s]   779 |           std::[01;31m[Kis_same_v[m[K<T, UniquePtrSerializedMessageWithInfoCallback>||
[2.469s]       |                [01;31m[K^~~~~~~~~[m[K
[2.469s]       |                [32m[Kis_same[m[K
[2.469s] [01m[K/open_app/miniconda3/envs/ros2_humble/include/rclcpp/rclcpp/any_subscription_callback.hpp:779:71:[m[K [01;31m[Kerror: [m[Kexpected primary-expression before '[01m[K>[m[K' token
[2.470s]   779 |           std::is_same_v<T, UniquePtrSerializedMessageWithInfoCallback[01;31m[K>[m[K||
[2.470s]       |                                                                       [01;31m[K^[m[K
[2.470s] [01m[K/open_app/miniconda3/envs/ros2_humble/include/rclcpp/rclcpp/any_subscription_callback.hpp:779:72:[m[K [01;31m[Kerror: [m[Kexpected primary-expression before '[01m[K||[m[K' token
[2.470s]   779 |           std::is_same_v<T, UniquePtrSerializedMessageWithInfoCallback>[01;31m[K||[m[K
[2.470s]       |                                                                        [01;31m[K^~[m[K
[2.470s] [01m[K/open_app/miniconda3/envs/ros2_humble/include/rclcpp/rclcpp/any_subscription_callback.hpp:780:16:[m[K [01;31m[Kerror: [m[K'[01m[Kis_same_v[m[K' is not a member of '[01m[Kstd[m[K'; did you mean '[01m[Kis_same[m[K'?
[2.470s]   780 |           std::[01;31m[Kis_same_v[m[K<T, SharedConstPtrSerializedMessageCallback>||
[2.471s]       |                [01;31m[K^~~~~~~~~[m[K
[2.471s]       |                [32m[Kis_same[m[K
[2.471s] [01m[K/open_app/miniconda3/envs/ros2_humble/include/rclcpp/rclcpp/any_subscription_callback.hpp:780:68:[m[K [01;31m[Kerror: [m[Kexpected primary-expression before '[01m[K>[m[K' token
[2.471s]   780 |           std::is_same_v<T, SharedConstPtrSerializedMessageCallback[01;31m[K>[m[K||
[2.471s]       |                                                                    [01;31m[K^[m[K
[2.471s] [01m[K/open_app/miniconda3/envs/ros2_humble/include/rclcpp/rclcpp/any_subscription_callback.hpp:780:69:[m[K [01;31m[Kerror: [m[Kexpected primary-expression before '[01m[K||[m[K' token
[2.471s]   780 |           std::is_same_v<T, SharedConstPtrSerializedMessageCallback>[01;31m[K||[m[K
[2.471s]       |                                                                     [01;31m[K^~[m[K
[2.472s] [01m[K/open_app/miniconda3/envs/ros2_humble/include/rclcpp/rclcpp/any_subscription_callback.hpp:781:16:[m[K [01;31m[Kerror: [m[K'[01m[Kis_same_v[m[K' is not a member of '[01m[Kstd[m[K'; did you mean '[01m[Kis_same[m[K'?
[2.472s]   781 |           std::[01;31m[Kis_same_v[m[K<T, SharedConstPtrSerializedMessageWithInfoCallback>||
[2.472s]       |                [01;31m[K^~~~~~~~~[m[K
[2.472s]       |                [32m[Kis_same[m[K
[2.472s] [01m[K/open_app/miniconda3/envs/ros2_humble/include/rclcpp/rclcpp/any_subscription_callback.hpp:781:76:[m[K [01;31m[Kerror: [m[Kexpected primary-expression before '[01m[K>[m[K' token
[2.472s]   781 |           std::is_same_v<T, SharedConstPtrSerializedMessageWithInfoCallback[01;31m[K>[m[K||
[2.472s]       |                                                                            [01;31m[K^[m[K
[2.472s] [01m[K/open_app/miniconda3/envs/ros2_humble/include/rclcpp/rclcpp/any_subscription_callback.hpp:781:77:[m[K [01;31m[Kerror: [m[Kexpected primary-expression before '[01m[K||[m[K' token
[2.473s]   781 |           std::is_same_v<T, SharedConstPtrSerializedMessageWithInfoCallback>[01;31m[K||[m[K
[2.473s]       |                                                                             [01;31m[K^~[m[K
[2.473s] [01m[K/open_app/miniconda3/envs/ros2_humble/include/rclcpp/rclcpp/any_subscription_callback.hpp:782:16:[m[K [01;31m[Kerror: [m[K'[01m[Kis_same_v[m[K' is not a member of '[01m[Kstd[m[K'; did you mean '[01m[Kis_same[m[K'?
[2.473s]   782 |           std::[01;31m[Kis_same_v[m[K<T, ConstRefSharedConstPtrSerializedMessageCallback>||
[2.473s]       |                [01;31m[K^~~~~~~~~[m[K
[2.473s]       |                [32m[Kis_same[m[K
[2.473s] [01m[K/open_app/miniconda3/envs/ros2_humble/include/rclcpp/rclcpp/any_subscription_callback.hpp:782:76:[m[K [01;31m[Kerror: [m[Kexpected primary-expression before '[01m[K>[m[K' token
[2.473s]   782 |           std::is_same_v<T, ConstRefSharedConstPtrSerializedMessageCallback[01;31m[K>[m[K||
[2.474s]       |                                                                            [01;31m[K^[m[K
[2.474s] [01m[K/open_app/miniconda3/envs/ros2_humble/include/rclcpp/rclcpp/any_subscription_callback.hpp:782:77:[m[K [01;31m[Kerror: [m[Kexpected primary-expression before '[01m[K||[m[K' token
[2.474s]   782 |           std::is_same_v<T, ConstRefSharedConstPtrSerializedMessageCallback>[01;31m[K||[m[K
[2.474s]       |                                                                             [01;31m[K^~[m[K
[2.474s] [01m[K/open_app/miniconda3/envs/ros2_humble/include/rclcpp/rclcpp/any_subscription_callback.hpp:783:16:[m[K [01;31m[Kerror: [m[K'[01m[Kis_same_v[m[K' is not a member of '[01m[Kstd[m[K'; did you mean '[01m[Kis_same[m[K'?
[2.474s]   783 |           std::[01;31m[Kis_same_v[m[K<T, ConstRefSharedConstPtrSerializedMessageWithInfoCallback>||
[2.474s]       |                [01;31m[K^~~~~~~~~[m[K
[2.474s]       |                [32m[Kis_same[m[K
[2.475s] [01m[K/open_app/miniconda3/envs/ros2_humble/include/rclcpp/rclcpp/any_subscription_callback.hpp:783:84:[m[K [01;31m[Kerror: [m[Kexpected primary-expression before '[01m[K>[m[K' token
[2.475s]   783 |           std::is_same_v<T, ConstRefSharedConstPtrSerializedMessageWithInfoCallback[01;31m[K>[m[K||
[2.475s]       |                                                                                    [01;31m[K^[m[K
[2.475s] [01m[K/open_app/miniconda3/envs/ros2_humble/include/rclcpp/rclcpp/any_subscription_callback.hpp:783:85:[m[K [01;31m[Kerror: [m[Kexpected primary-expression before '[01m[K||[m[K' token
[2.475s]   783 |           std::is_same_v<T, ConstRefSharedConstPtrSerializedMessageWithInfoCallback>[01;31m[K||[m[K
[2.475s]       |                                                                                     [01;31m[K^~[m[K
[2.475s] [01m[K/open_app/miniconda3/envs/ros2_humble/include/rclcpp/rclcpp/any_subscription_callback.hpp:784:16:[m[K [01;31m[Kerror: [m[K'[01m[Kis_same_v[m[K' is not a member of '[01m[Kstd[m[K'; did you mean '[01m[Kis_same[m[K'?
[2.476s]   784 |           std::[01;31m[Kis_same_v[m[K<T, SharedPtrSerializedMessageCallback>||
[2.476s]       |                [01;31m[K^~~~~~~~~[m[K
[2.476s]       |                [32m[Kis_same[m[K
[2.476s] [01m[K/open_app/miniconda3/envs/ros2_humble/include/rclcpp/rclcpp/any_subscription_callback.hpp:784:63:[m[K [01;31m[Kerror: [m[Kexpected primary-expression before '[01m[K>[m[K' token
[2.476s]   784 |           std::is_same_v<T, SharedPtrSerializedMessageCallback[01;31m[K>[m[K||
[2.476s]       |                                                               [01;31m[K^[m[K
[2.476s] [01m[K/open_app/miniconda3/envs/ros2_humble/include/rclcpp/rclcpp/any_subscription_callback.hpp:784:64:[m[K [01;31m[Kerror: [m[Kexpected primary-expression before '[01m[K||[m[K' token
[2.476s]   784 |           std::is_same_v<T, SharedPtrSerializedMessageCallback>[01;31m[K||[m[K
[2.476s]       |                                                                [01;31m[K^~[m[K
[2.477s] [01m[K/open_app/miniconda3/envs/ros2_humble/include/rclcpp/rclcpp/any_subscription_callback.hpp:785:16:[m[K [01;31m[Kerror: [m[K'[01m[Kis_same_v[m[K' is not a member of '[01m[Kstd[m[K'; did you mean '[01m[Kis_same[m[K'?
[2.477s]   785 |           std::[01;31m[Kis_same_v[m[K<T, SharedPtrSerializedMessageWithInfoCallback>)
[2.477s]       |                [01;31m[K^~~~~~~~~[m[K
[2.477s]       |                [32m[Kis_same[m[K
[2.477s] [01m[K/open_app/miniconda3/envs/ros2_humble/include/rclcpp/rclcpp/any_subscription_callback.hpp:785:71:[m[K [01;31m[Kerror: [m[Kexpected primary-expression before '[01m[K>[m[K' token
[2.477s]   785 |           std::is_same_v<T, SharedPtrSerializedMessageWithInfoCallback[01;31m[K>[m[K)
[2.477s]       |                                                                       [01;31m[K^[m[K
[2.477s] [01m[K/open_app/miniconda3/envs/ros2_humble/include/rclcpp/rclcpp/any_subscription_callback.hpp:785:72:[m[K [01;31m[Kerror: [m[Kexpected primary-expression before '[01m[K)[m[K' token
[2.478s]   785 |           std::is_same_v<T, SharedPtrSerializedMessageWithInfoCallback>[01;31m[K)[m[K
[2.478s]       |                                                                        [01;31m[K^[m[K
[2.478s] [01m[K/open_app/miniconda3/envs/ros2_humble/include/rclcpp/rclcpp/any_subscription_callback.hpp:[m[K In member function '[01m[Kvoid rclcpp::AnySubscriptionCallback<MessageT, AllocatorT>::[01;32m[Kdispatch_intra_process[m[K(std::unique_ptr<typename rclcpp::TypeAdapter<MessageT>::custom_type, typename rclcpp::detail::MessageDeleterHelper<typename rclcpp::TypeAdapter<MessageT>::custom_type, AllocatorT>::Deleter>, const rclcpp::MessageInfo&)[m[K':
[2.478s] [01m[K/open_app/miniconda3/envs/ros2_humble/include/rclcpp/rclcpp/any_subscription_callback.hpp:813:10:[m[K [01;31m[Kerror: [m[K'[01m[Kvisit[m[K' is not a member of '[01m[Kstd[m[K'
[2.478s]   813 |     std::[01;31m[Kvisit[m[K(
[2.478s]       |          [01;31m[K^~~~~[m[K
[2.478s] [01m[K/open_app/miniconda3/envs/ros2_humble/include/rclcpp/rclcpp/any_subscription_callback.hpp:813:10:[m[K [01;36m[Knote: [m[K'[01m[Kstd::visit[m[K' is only available from C++17 onwards
[2.479s] [01m[K/open_app/miniconda3/envs/ros2_humble/include/rclcpp/rclcpp/any_subscription_callback.hpp:814:39:[m[K [01;31m[Kerror: [m[Kuse of '[01m[Kauto[m[K' in lambda parameter declaration only available with '[01m[K-std=c++14[m[K' or '[01m[K-std=gnu++14[m[K'
[2.479s]   814 |       [&message, &message_info, this]([01;31m[Kauto[m[K && callback) {
[2.479s]       |                                       [01;31m[K^~~~[m[K
[2.479s] [01m[K/open_app/miniconda3/envs/ros2_humble/include/rclcpp/rclcpp/any_subscription_callback.hpp:[m[K In lambda function:
[2.479s] [01m[K/open_app/miniconda3/envs/ros2_humble/include/rclcpp/rclcpp/any_subscription_callback.hpp:820:24:[m[K [01;31m[Kerror: [m[K'[01m[Kdecay_t[m[K' in namespace '[01m[Kstd[m[K' does not name a template type; did you mean '[01m[Kdecay[m[K'?
[2.479s]   820 |         using T = std::[01;31m[Kdecay_t[m[K<decltype(callback)>;
[2.479s]       |                        [01;31m[K^~~~~~~[m[K
[2.479s]       |                        [32m[Kdecay[m[K
[2.480s] [01m[K/open_app/miniconda3/envs/ros2_humble/include/rclcpp/rclcpp/any_subscription_callback.hpp:824:37:[m[K [01;31m[Kerror: [m[K'[01m[Kis_same_v[m[K' is not a member of '[01m[Kstd[m[K'; did you mean '[01m[Kis_same[m[K'?
[2.480s]   824 |         if constexpr (is_ta && std::[01;31m[Kis_same_v[m[K<T, ConstRefCallback>) {
[2.480s]       |                                     [01;31m[K^~~~~~~~~[m[K
[2.480s]       |                                     [32m[Kis_same[m[K
[2.480s] [01m[K/open_app/miniconda3/envs/ros2_humble/include/rclcpp/rclcpp/any_subscription_callback.hpp:824:47:[m[K [01;31m[Kerror: [m[K'[01m[KT[m[K' was not declared in this scope
[2.480s]   824 |         if constexpr (is_ta && std::is_same_v<[01;31m[KT[m[K, ConstRefCallback>) {
[2.480s]       |                                               [01;31m[K^[m[K
[2.480s] [01m[K/open_app/miniconda3/envs/ros2_humble/include/rclcpp/rclcpp/any_subscription_callback.hpp:824:66:[m[K [01;31m[Kerror: [m[Kexpected primary-expression before '[01m[K>[m[K' token
[2.481s]   824 |         if constexpr (is_ta && std::is_same_v<T, ConstRefCallback[01;31m[K>[m[K) {
[2.481s]       |                                                                  [01;31m[K^[m[K
[2.481s] [01m[K/open_app/miniconda3/envs/ros2_humble/include/rclcpp/rclcpp/any_subscription_callback.hpp:824:67:[m[K [01;31m[Kerror: [m[Kexpected primary-expression before '[01m[K)[m[K' token
[2.481s]   824 |         if constexpr (is_ta && std::is_same_v<T, ConstRefCallback>[01;31m[K)[m[K {
[2.481s]       |                                                                   [01;31m[K^[m[K
[2.481s] [01m[K/open_app/miniconda3/envs/ros2_humble/include/rclcpp/rclcpp/any_subscription_callback.hpp:826:44:[m[K [01;31m[Kerror: [m[K'[01m[Kis_same_v[m[K' is not a member of '[01m[Kstd[m[K'; did you mean '[01m[Kis_same[m[K'?
[2.481s]   826 |         } else if constexpr (is_ta && std::[01;31m[Kis_same_v[m[K<T, ConstRefWithInfoCallback>) {  // NOLINT
[2.481s]       |                                            [01;31m[K^~~~~~~~~[m[K
[2.482s]       |                                            [32m[Kis_same[m[K
[2.482s] [01m[K/open_app/miniconda3/envs/ros2_humble/include/rclcpp/rclcpp/any_subscription_callback.hpp:826:81:[m[K [01;31m[Kerror: [m[Kexpected primary-expression before '[01m[K>[m[K' token
[2.482s]   826 |         } else if constexpr (is_ta && std::is_same_v<T, ConstRefWithInfoCallback[01;31m[K>[m[K) {  // NOLINT
[2.482s]       |                                                                                 [01;31m[K^[m[K
[2.482s] [01m[K/open_app/miniconda3/envs/ros2_humble/include/rclcpp/rclcpp/any_subscription_callback.hpp:826:82:[m[K [01;31m[Kerror: [m[Kexpected primary-expression before '[01m[K)[m[K' token
[2.482s]   826 |         } else if constexpr (is_ta && std::is_same_v<T, ConstRefWithInfoCallback>[01;31m[K)[m[K {  // NOLINT
[2.482s]       |                                                                                  [01;31m[K^[m[K
[2.482s] [01m[K/open_app/miniconda3/envs/ros2_humble/include/rclcpp/rclcpp/any_subscription_callback.hpp:830:18:[m[K [01;31m[Kerror: [m[K'[01m[Kis_same_v[m[K' is not a member of '[01m[Kstd[m[K'; did you mean '[01m[Kis_same[m[K'?
[2.483s]   830 |             std::[01;31m[Kis_same_v[m[K<T, UniquePtrCallback>||
[2.483s]       |                  [01;31m[K^~~~~~~~~[m[K
[2.483s]       |                  [32m[Kis_same[m[K
[2.483s] [01m[K/open_app/miniconda3/envs/ros2_humble/include/rclcpp/rclcpp/any_subscription_callback.hpp:830:48:[m[K [01;31m[Kerror: [m[Kexpected primary-expression before '[01m[K>[m[K' token
[2.483s]   830 |             std::is_same_v<T, UniquePtrCallback[01;31m[K>[m[K||
[2.483s]       |                                                [01;31m[K^[m[K
[2.483s] [01m[K/open_app/miniconda3/envs/ros2_humble/include/rclcpp/rclcpp/any_subscription_callback.hpp:830:49:[m[K [01;31m[Kerror: [m[Kexpected primary-expression before '[01m[K||[m[K' token
[2.483s]   830 |             std::is_same_v<T, UniquePtrCallback>[01;31m[K||[m[K
[2.484s]       |                                                 [01;31m[K^~[m[K
[2.484s] [01m[K/open_app/miniconda3/envs/ros2_humble/include/rclcpp/rclcpp/any_subscription_callback.hpp:831:18:[m[K [01;31m[Kerror: [m[K'[01m[Kis_same_v[m[K' is not a member of '[01m[Kstd[m[K'; did you mean '[01m[Kis_same[m[K'?
[2.484s]   831 |             std::[01;31m[Kis_same_v[m[K<T, SharedPtrCallback>))
[2.484s]       |                  [01;31m[K^~~~~~~~~[m[K
[2.484s]       |                  [32m[Kis_same[m[K
[2.484s] [01m[K/open_app/miniconda3/envs/ros2_humble/include/rclcpp/rclcpp/any_subscription_callback.hpp:831:48:[m[K [01;31m[Kerror: [m[Kexpected primary-expression before '[01m[K>[m[K' token
[2.484s]   831 |             std::is_same_v<T, SharedPtrCallback[01;31m[K>[m[K))
[2.484s]       |                                                [01;31m[K^[m[K
[2.485s] [01m[K/open_app/miniconda3/envs/ros2_humble/include/rclcpp/rclcpp/any_subscription_callback.hpp:831:49:[m[K [01;31m[Kerror: [m[Kexpected primary-expression before '[01m[K)[m[K' token
[2.485s]   831 |             std::is_same_v<T, SharedPtrCallback>[01;31m[K)[m[K)
[2.485s]       |                                                 [01;31m[K^[m[K
[2.485s] [01m[K/open_app/miniconda3/envs/ros2_humble/include/rclcpp/rclcpp/any_subscription_callback.hpp:836:18:[m[K [01;31m[Kerror: [m[K'[01m[Kis_same_v[m[K' is not a member of '[01m[Kstd[m[K'; did you mean '[01m[Kis_same[m[K'?
[2.485s]   836 |             std::[01;31m[Kis_same_v[m[K<T, UniquePtrWithInfoCallback>||
[2.485s]       |                  [01;31m[K^~~~~~~~~[m[K
[2.485s]       |                  [32m[Kis_same[m[K
[2.485s] [01m[K/open_app/miniconda3/envs/ros2_humble/include/rclcpp/rclcpp/any_subscription_callback.hpp:836:56:[m[K [01;31m[Kerror: [m[Kexpected primary-expression before '[01m[K>[m[K' token
[2.486s]   836 |             std::is_same_v<T, UniquePtrWithInfoCallback[01;31m[K>[m[K||
[2.486s]       |                                                        [01;31m[K^[m[K
[2.486s] [01m[K/open_app/miniconda3/envs/ros2_humble/include/rclcpp/rclcpp/any_subscription_callback.hpp:836:57:[m[K [01;31m[Kerror: [m[Kexpected primary-expression before '[01m[K||[m[K' token
[2.486s]   836 |             std::is_same_v<T, UniquePtrWithInfoCallback>[01;31m[K||[m[K
[2.486s]       |                                                         [01;31m[K^~[m[K
[2.486s] [01m[K/open_app/miniconda3/envs/ros2_humble/include/rclcpp/rclcpp/any_subscription_callback.hpp:837:18:[m[K [01;31m[Kerror: [m[K'[01m[Kis_same_v[m[K' is not a member of '[01m[Kstd[m[K'; did you mean '[01m[Kis_same[m[K'?
[2.486s]   837 |             std::[01;31m[Kis_same_v[m[K<T, SharedPtrWithInfoCallback>
[2.486s]       |                  [01;31m[K^~~~~~~~~[m[K
[2.487s]       |                  [32m[Kis_same[m[K
[2.487s] [01m[K/open_app/miniconda3/envs/ros2_humble/include/rclcpp/rclcpp/any_subscription_callback.hpp:837:56:[m[K [01;31m[Kerror: [m[Kexpected primary-expression before '[01m[K>[m[K' token
[2.487s]   837 |             std::is_same_v<T, SharedPtrWithInfoCallback[01;31m[K>[m[K
[2.487s]       |                                                        [01;31m[K^[m[K
[2.487s] [01m[K/open_app/miniconda3/envs/ros2_humble/include/rclcpp/rclcpp/any_subscription_callback.hpp:838:9:[m[K [01;31m[Kerror: [m[Kexpected primary-expression before '[01m[K)[m[K' token
[2.488s]   838 |         [01;31m[K)[m[K)
[2.488s]       |         [01;31m[K^[m[K
[2.488s] [01m[K/open_app/miniconda3/envs/ros2_humble/include/rclcpp/rclcpp/any_subscription_callback.hpp:843:18:[m[K [01;31m[Kerror: [m[K'[01m[Kis_same_v[m[K' is not a member of '[01m[Kstd[m[K'; did you mean '[01m[Kis_same[m[K'?
[2.488s]   843 |             std::[01;31m[Kis_same_v[m[K<T, SharedConstPtrCallback>||
[2.488s]       |                  [01;31m[K^~~~~~~~~[m[K
[2.488s]       |                  [32m[Kis_same[m[K
[2.488s] [01m[K/open_app/miniconda3/envs/ros2_humble/include/rclcpp/rclcpp/any_subscription_callback.hpp:843:53:[m[K [01;31m[Kerror: [m[Kexpected primary-expression before '[01m[K>[m[K' token
[2.488s]   843 |             std::is_same_v<T, SharedConstPtrCallback[01;31m[K>[m[K||
[2.489s]       |                                                     [01;31m[K^[m[K
[2.489s] [01m[K/open_app/miniconda3/envs/ros2_humble/include/rclcpp/rclcpp/any_subscription_callback.hpp:843:54:[m[K [01;31m[Kerror: [m[Kexpected primary-expression before '[01m[K||[m[K' token
[2.489s]   843 |             std::is_same_v<T, SharedConstPtrCallback>[01;31m[K||[m[K
[2.489s]       |                                                      [01;31m[K^~[m[K
[2.489s] [01m[K/open_app/miniconda3/envs/ros2_humble/include/rclcpp/rclcpp/any_subscription_callback.hpp:844:18:[m[K [01;31m[Kerror: [m[K'[01m[Kis_same_v[m[K' is not a member of '[01m[Kstd[m[K'; did you mean '[01m[Kis_same[m[K'?
[2.489s]   844 |             std::[01;31m[Kis_same_v[m[K<T, ConstRefSharedConstPtrCallback>
[2.489s]       |                  [01;31m[K^~~~~~~~~[m[K
[2.490s]       |                  [32m[Kis_same[m[K
[2.490s] [01m[K/open_app/miniconda3/envs/ros2_humble/include/rclcpp/rclcpp/any_subscription_callback.hpp:844:61:[m[K [01;31m[Kerror: [m[Kexpected primary-expression before '[01m[K>[m[K' token
[2.490s]   844 |             std::is_same_v<T, ConstRefSharedConstPtrCallback[01;31m[K>[m[K
[2.490s]       |                                                             [01;31m[K^[m[K
[2.490s] [01m[K/open_app/miniconda3/envs/ros2_humble/include/rclcpp/rclcpp/any_subscription_callback.hpp:845:9:[m[K [01;31m[Kerror: [m[Kexpected primary-expression before '[01m[K)[m[K' token
[2.490s]   845 |         [01;31m[K)[m[K)
[2.490s]       |         [01;31m[K^[m[K
[2.490s] [01m[K/open_app/miniconda3/envs/ros2_humble/include/rclcpp/rclcpp/any_subscription_callback.hpp:850:18:[m[K [01;31m[Kerror: [m[K'[01m[Kis_same_v[m[K' is not a member of '[01m[Kstd[m[K'; did you mean '[01m[Kis_same[m[K'?
[2.491s]   850 |             std::[01;31m[Kis_same_v[m[K<T, SharedConstPtrWithInfoCallback>||
[2.491s]       |                  [01;31m[K^~~~~~~~~[m[K
[2.491s]       |                  [32m[Kis_same[m[K
[2.491s] [01m[K/open_app/miniconda3/envs/ros2_humble/include/rclcpp/rclcpp/any_subscription_callback.hpp:850:61:[m[K [01;31m[Kerror: [m[Kexpected primary-expression before '[01m[K>[m[K' token
[2.491s]   850 |             std::is_same_v<T, SharedConstPtrWithInfoCallback[01;31m[K>[m[K||
[2.491s]       |                                                             [01;31m[K^[m[K
[2.491s] [01m[K/open_app/miniconda3/envs/ros2_humble/include/rclcpp/rclcpp/any_subscription_callback.hpp:850:62:[m[K [01;31m[Kerror: [m[Kexpected primary-expression before '[01m[K||[m[K' token
[2.492s]   850 |             std::is_same_v<T, SharedConstPtrWithInfoCallback>[01;31m[K||[m[K
[2.492s]       |                                                              [01;31m[K^~[m[K
[2.492s] [01m[K/open_app/miniconda3/envs/ros2_humble/include/rclcpp/rclcpp/any_subscription_callback.hpp:851:18:[m[K [01;31m[Kerror: [m[K'[01m[Kis_same_v[m[K' is not a member of '[01m[Kstd[m[K'; did you mean '[01m[Kis_same[m[K'?
[2.492s]   851 |             std::[01;31m[Kis_same_v[m[K<T, ConstRefSharedConstPtrWithInfoCallback>
[2.492s]       |                  [01;31m[K^~~~~~~~~[m[K
[2.492s]       |                  [32m[Kis_same[m[K
[2.492s] [01m[K/open_app/miniconda3/envs/ros2_humble/include/rclcpp/rclcpp/any_subscription_callback.hpp:851:69:[m[K [01;31m[Kerror: [m[Kexpected primary-expression before '[01m[K>[m[K' token
[2.492s]   851 |             std::is_same_v<T, ConstRefSharedConstPtrWithInfoCallback[01;31m[K>[m[K
[2.493s]       |                                                                     [01;31m[K^[m[K
[2.493s] [01m[K/open_app/miniconda3/envs/ros2_humble/include/rclcpp/rclcpp/any_subscription_callback.hpp:852:9:[m[K [01;31m[Kerror: [m[Kexpected primary-expression before '[01m[K)[m[K' token
[2.493s]   852 |         [01;31m[K)[m[K)
[2.493s]       |         [01;31m[K^[m[K
[2.493s] [01m[K/open_app/miniconda3/envs/ros2_humble/include/rclcpp/rclcpp/any_subscription_callback.hpp:857:33:[m[K [01;31m[Kerror: [m[K'[01m[Kis_same_v[m[K' is not a member of '[01m[Kstd[m[K'; did you mean '[01m[Kis_same[m[K'?
[2.493s]   857 |         else if constexpr (std::[01;31m[Kis_same_v[m[K<T, ConstRefROSMessageCallback>) {  // NOLINT[readability/braces]
[2.493s]       |                                 [01;31m[K^~~~~~~~~[m[K
[2.493s]       |                                 [32m[Kis_same[m[K
[2.494s] [01m[K/open_app/miniconda3/envs/ros2_humble/include/rclcpp/rclcpp/any_subscription_callback.hpp:857:72:[m[K [01;31m[Kerror: [m[Kexpected primary-expression before '[01m[K>[m[K' token
[2.494s]   857 |         else if constexpr (std::is_same_v<T, ConstRefROSMessageCallback[01;31m[K>[m[K) {  // NOLINT[readability/braces]
[2.494s]       |                                                                        [01;31m[K^[m[K
[2.494s] [01m[K/open_app/miniconda3/envs/ros2_humble/include/rclcpp/rclcpp/any_subscription_callback.hpp:857:73:[m[K [01;31m[Kerror: [m[Kexpected primary-expression before '[01m[K)[m[K' token
[2.494s]   857 |         else if constexpr (std::is_same_v<T, ConstRefROSMessageCallback>[01;31m[K)[m[K {  // NOLINT[readability/braces]
[2.495s]       |                                                                         [01;31m[K^[m[K
[2.495s] [01m[K/open_app/miniconda3/envs/ros2_humble/include/rclcpp/rclcpp/any_subscription_callback.hpp:864:35:[m[K [01;31m[Kerror: [m[K'[01m[Kis_same_v[m[K' is not a member of '[01m[Kstd[m[K'; did you mean '[01m[Kis_same[m[K'?
[2.495s]   864 |         } else if constexpr (std::[01;31m[Kis_same_v[m[K<T, ConstRefWithInfoROSMessageCallback>) {  // NOLINT[readability/braces]
[2.495s]       |                                   [01;31m[K^~~~~~~~~[m[K
[2.495s]       |                                   [32m[Kis_same[m[K
[2.495s] [01m[K/open_app/miniconda3/envs/ros2_humble/include/rclcpp/rclcpp/any_subscription_callback.hpp:864:82:[m[K [01;31m[Kerror: [m[Kexpected primary-expression before '[01m[K>[m[K' token
[2.495s]   864 |         } else if constexpr (std::is_same_v<T, ConstRefWithInfoROSMessageCallback[01;31m[K>[m[K) {  // NOLINT[readability/braces]
[2.495s]       |                                                                                  [01;31m[K^[m[K
[2.496s] [01m[K/open_app/miniconda3/envs/ros2_humble/include/rclcpp/rclcpp/any_subscription_callback.hpp:864:83:[m[K [01;31m[Kerror: [m[Kexpected primary-expression before '[01m[K)[m[K' token
[2.496s]   864 |         } else if constexpr (std::is_same_v<T, ConstRefWithInfoROSMessageCallback>[01;31m[K)[m[K {  // NOLINT[readability/braces]
[2.496s]       |                                                                                   [01;31m[K^[m[K
[2.496s] [01m[K/open_app/miniconda3/envs/ros2_humble/include/rclcpp/rclcpp/any_subscription_callback.hpp:872:16:[m[K [01;31m[Kerror: [m[K'[01m[Kis_same_v[m[K' is not a member of '[01m[Kstd[m[K'; did you mean '[01m[Kis_same[m[K'?
[2.496s]   872 |           std::[01;31m[Kis_same_v[m[K<T, UniquePtrROSMessageCallback>||
[2.496s]       |                [01;31m[K^~~~~~~~~[m[K
[2.496s]       |                [32m[Kis_same[m[K
[2.496s] [01m[K/open_app/miniconda3/envs/ros2_humble/include/rclcpp/rclcpp/any_subscription_callback.hpp:872:56:[m[K [01;31m[Kerror: [m[Kexpected primary-expression before '[01m[K>[m[K' token
[2.497s]   872 |           std::is_same_v<T, UniquePtrROSMessageCallback[01;31m[K>[m[K||
[2.497s]       |                                                        [01;31m[K^[m[K
[2.497s] [01m[K/open_app/miniconda3/envs/ros2_humble/include/rclcpp/rclcpp/any_subscription_callback.hpp:872:57:[m[K [01;31m[Kerror: [m[Kexpected primary-expression before '[01m[K||[m[K' token
[2.497s]   872 |           std::is_same_v<T, UniquePtrROSMessageCallback>[01;31m[K||[m[K
[2.497s]       |                                                         [01;31m[K^~[m[K
[2.497s] [01m[K/open_app/miniconda3/envs/ros2_humble/include/rclcpp/rclcpp/any_subscription_callback.hpp:873:16:[m[K [01;31m[Kerror: [m[K'[01m[Kis_same_v[m[K' is not a member of '[01m[Kstd[m[K'; did you mean '[01m[Kis_same[m[K'?
[2.497s]   873 |           std::[01;31m[Kis_same_v[m[K<T, SharedPtrROSMessageCallback>)
[2.497s]       |                [01;31m[K^~~~~~~~~[m[K
[2.498s]       |                [32m[Kis_same[m[K
[2.498s] [01m[K/open_app/miniconda3/envs/ros2_humble/include/rclcpp/rclcpp/any_subscription_callback.hpp:873:56:[m[K [01;31m[Kerror: [m[Kexpected primary-expression before '[01m[K>[m[K' token
[2.498s]   873 |           std::is_same_v<T, SharedPtrROSMessageCallback[01;31m[K>[m[K)
[2.498s]       |                                                        [01;31m[K^[m[K
[2.498s] [01m[K/open_app/miniconda3/envs/ros2_humble/include/rclcpp/rclcpp/any_subscription_callback.hpp:873:57:[m[K [01;31m[Kerror: [m[Kexpected primary-expression before '[01m[K)[m[K' token
[2.498s]   873 |           std::is_same_v<T, SharedPtrROSMessageCallback>[01;31m[K)[m[K
[2.498s]       |                                                         [01;31m[K^[m[K
[2.498s] [01m[K/open_app/miniconda3/envs/ros2_humble/include/rclcpp/rclcpp/any_subscription_callback.hpp:881:16:[m[K [01;31m[Kerror: [m[K'[01m[Kis_same_v[m[K' is not a member of '[01m[Kstd[m[K'; did you mean '[01m[Kis_same[m[K'?
[2.499s]   881 |           std::[01;31m[Kis_same_v[m[K<T, UniquePtrWithInfoROSMessageCallback>||
[2.499s]       |                [01;31m[K^~~~~~~~~[m[K
[2.499s]       |                [32m[Kis_same[m[K
[2.499s] [01m[K/open_app/miniconda3/envs/ros2_humble/include/rclcpp/rclcpp/any_subscription_callback.hpp:881:64:[m[K [01;31m[Kerror: [m[Kexpected primary-expression before '[01m[K>[m[K' token
[2.499s]   881 |           std::is_same_v<T, UniquePtrWithInfoROSMessageCallback[01;31m[K>[m[K||
[2.499s]       |                                                                [01;31m[K^[m[K
[2.499s] [01m[K/open_app/miniconda3/envs/ros2_humble/include/rclcpp/rclcpp/any_subscription_callback.hpp:881:65:[m[K [01;31m[Kerror: [m[Kexpected primary-expression before '[01m[K||[m[K' token
[2.499s]   881 |           std::is_same_v<T, UniquePtrWithInfoROSMessageCallback>[01;31m[K||[m[K
[2.500s]       |                                                                 [01;31m[K^~[m[K
[2.500s] [01m[K/open_app/miniconda3/envs/ros2_humble/include/rclcpp/rclcpp/any_subscription_callback.hpp:882:16:[m[K [01;31m[Kerror: [m[K'[01m[Kis_same_v[m[K' is not a member of '[01m[Kstd[m[K'; did you mean '[01m[Kis_same[m[K'?
[2.500s]   882 |           std::[01;31m[Kis_same_v[m[K<T, SharedPtrWithInfoROSMessageCallback>)
[2.500s]       |                [01;31m[K^~~~~~~~~[m[K
[2.500s]       |                [32m[Kis_same[m[K
[2.500s] [01m[K/open_app/miniconda3/envs/ros2_humble/include/rclcpp/rclcpp/any_subscription_callback.hpp:882:64:[m[K [01;31m[Kerror: [m[Kexpected primary-expression before '[01m[K>[m[K' token
[2.500s]   882 |           std::is_same_v<T, SharedPtrWithInfoROSMessageCallback[01;31m[K>[m[K)
[2.500s]       |                                                                [01;31m[K^[m[K
[2.501s] [01m[K/open_app/miniconda3/envs/ros2_humble/include/rclcpp/rclcpp/any_subscription_callback.hpp:882:65:[m[K [01;31m[Kerror: [m[Kexpected primary-expression before '[01m[K)[m[K' token
[2.501s]   882 |           std::is_same_v<T, SharedPtrWithInfoROSMessageCallback>[01;31m[K)[m[K
[2.501s]       |                                                                 [01;31m[K^[m[K
[2.501s] [01m[K/open_app/miniconda3/envs/ros2_humble/include/rclcpp/rclcpp/any_subscription_callback.hpp:890:16:[m[K [01;31m[Kerror: [m[K'[01m[Kis_same_v[m[K' is not a member of '[01m[Kstd[m[K'; did you mean '[01m[Kis_same[m[K'?
[2.501s]   890 |           std::[01;31m[Kis_same_v[m[K<T, SharedConstPtrROSMessageCallback>||
[2.501s]       |                [01;31m[K^~~~~~~~~[m[K
[2.501s]       |                [32m[Kis_same[m[K
[2.502s] [01m[K/open_app/miniconda3/envs/ros2_humble/include/rclcpp/rclcpp/any_subscription_callback.hpp:890:61:[m[K [01;31m[Kerror: [m[Kexpected primary-expression before '[01m[K>[m[K' token
[2.502s]   890 |           std::is_same_v<T, SharedConstPtrROSMessageCallback[01;31m[K>[m[K||
[2.502s]       |                                                             [01;31m[K^[m[K
[2.502s] [01m[K/open_app/miniconda3/envs/ros2_humble/include/rclcpp/rclcpp/any_subscription_callback.hpp:890:62:[m[K [01;31m[Kerror: [m[Kexpected primary-expression before '[01m[K||[m[K' token
[2.502s]   890 |           std::is_same_v<T, SharedConstPtrROSMessageCallback>[01;31m[K||[m[K
[2.502s]       |                                                              [01;31m[K^~[m[K
[2.502s] [01m[K/open_app/miniconda3/envs/ros2_humble/include/rclcpp/rclcpp/any_subscription_callback.hpp:891:16:[m[K [01;31m[Kerror: [m[K'[01m[Kis_same_v[m[K' is not a member of '[01m[Kstd[m[K'; did you mean '[01m[Kis_same[m[K'?
[2.502s]   891 |           std::[01;31m[Kis_same_v[m[K<T, ConstRefSharedConstPtrROSMessageCallback>)
[2.502s]       |                [01;31m[K^~~~~~~~~[m[K
[2.503s]       |                [32m[Kis_same[m[K
[2.503s] [01m[K/open_app/miniconda3/envs/ros2_humble/include/rclcpp/rclcpp/any_subscription_callback.hpp:891:69:[m[K [01;31m[Kerror: [m[Kexpected primary-expression before '[01m[K>[m[K' token
[2.503s]   891 |           std::is_same_v<T, ConstRefSharedConstPtrROSMessageCallback[01;31m[K>[m[K)
[2.503s]       |                                                                     [01;31m[K^[m[K
[2.503s] [01m[K/open_app/miniconda3/envs/ros2_humble/include/rclcpp/rclcpp/any_subscription_callback.hpp:891:70:[m[K [01;31m[Kerror: [m[Kexpected primary-expression before '[01m[K)[m[K' token
[2.503s]   891 |           std::is_same_v<T, ConstRefSharedConstPtrROSMessageCallback>[01;31m[K)[m[K
[2.503s]       |                                                                      [01;31m[K^[m[K
[2.503s] [01m[K/open_app/miniconda3/envs/ros2_humble/include/rclcpp/rclcpp/any_subscription_callback.hpp:899:16:[m[K [01;31m[Kerror: [m[K'[01m[Kis_same_v[m[K' is not a member of '[01m[Kstd[m[K'; did you mean '[01m[Kis_same[m[K'?
[2.504s]   899 |           std::[01;31m[Kis_same_v[m[K<T, SharedConstPtrWithInfoROSMessageCallback>||
[2.504s]       |                [01;31m[K^~~~~~~~~[m[K
[2.504s]       |                [32m[Kis_same[m[K
[2.504s] [01m[K/open_app/miniconda3/envs/ros2_humble/include/rclcpp/rclcpp/any_subscription_callback.hpp:899:69:[m[K [01;31m[Kerror: [m[Kexpected primary-expression before '[01m[K>[m[K' token
[2.504s]   899 |           std::is_same_v<T, SharedConstPtrWithInfoROSMessageCallback[01;31m[K>[m[K||
[2.504s]       |                                                                     [01;31m[K^[m[K
[2.504s] [01m[K/open_app/miniconda3/envs/ros2_humble/include/rclcpp/rclcpp/any_subscription_callback.hpp:899:70:[m[K [01;31m[Kerror: [m[Kexpected primary-expression before '[01m[K||[m[K' token
[2.504s]   899 |           std::is_same_v<T, SharedConstPtrWithInfoROSMessageCallback>[01;31m[K||[m[K
[2.505s]       |                                                                      [01;31m[K^~[m[K
[2.505s] [01m[K/open_app/miniconda3/envs/ros2_humble/include/rclcpp/rclcpp/any_subscription_callback.hpp:900:16:[m[K [01;31m[Kerror: [m[K'[01m[Kis_same_v[m[K' is not a member of '[01m[Kstd[m[K'; did you mean '[01m[Kis_same[m[K'?
[2.505s]   900 |           std::[01;31m[Kis_same_v[m[K<T, ConstRefSharedConstPtrWithInfoROSMessageCallback>)
[2.505s]       |                [01;31m[K^~~~~~~~~[m[K
[2.505s]       |                [32m[Kis_same[m[K
[2.505s] [01m[K/open_app/miniconda3/envs/ros2_humble/include/rclcpp/rclcpp/any_subscription_callback.hpp:900:77:[m[K [01;31m[Kerror: [m[Kexpected primary-expression before '[01m[K>[m[K' token
[2.505s]   900 |           std::is_same_v<T, ConstRefSharedConstPtrWithInfoROSMessageCallback[01;31m[K>[m[K)
[2.506s]       |                                                                             [01;31m[K^[m[K
[2.506s] [01m[K/open_app/miniconda3/envs/ros2_humble/include/rclcpp/rclcpp/any_subscription_callback.hpp:900:78:[m[K [01;31m[Kerror: [m[Kexpected primary-expression before '[01m[K)[m[K' token
[2.506s]   900 |           std::is_same_v<T, ConstRefSharedConstPtrWithInfoROSMessageCallback>[01;31m[K)[m[K
[2.506s]       |                                                                              [01;31m[K^[m[K
[2.506s] [01m[K/open_app/miniconda3/envs/ros2_humble/include/rclcpp/rclcpp/any_subscription_callback.hpp:910:16:[m[K [01;31m[Kerror: [m[K'[01m[Kis_same_v[m[K' is not a member of '[01m[Kstd[m[K'; did you mean '[01m[Kis_same[m[K'?
[2.506s]   910 |           std::[01;31m[Kis_same_v[m[K<T, ConstRefSerializedMessageCallback>||
[2.506s]       |                [01;31m[K^~~~~~~~~[m[K
[2.506s]       |                [32m[Kis_same[m[K
[2.507s] [01m[K/open_app/miniconda3/envs/ros2_humble/include/rclcpp/rclcpp/any_subscription_callback.hpp:910:62:[m[K [01;31m[Kerror: [m[Kexpected primary-expression before '[01m[K>[m[K' token
[2.507s]   910 |           std::is_same_v<T, ConstRefSerializedMessageCallback[01;31m[K>[m[K||
[2.507s]       |                                                              [01;31m[K^[m[K
[2.507s] [01m[K/open_app/miniconda3/envs/ros2_humble/include/rclcpp/rclcpp/any_subscription_callback.hpp:910:63:[m[K [01;31m[Kerror: [m[Kexpected primary-expression before '[01m[K||[m[K' token
[2.507s]   910 |           std::is_same_v<T, ConstRefSerializedMessageCallback>[01;31m[K||[m[K
[2.508s]       |                                                               [01;31m[K^~[m[K
[2.508s] [01m[K/open_app/miniconda3/envs/ros2_humble/include/rclcpp/rclcpp/any_subscription_callback.hpp:911:16:[m[K [01;31m[Kerror: [m[K'[01m[Kis_same_v[m[K' is not a member of '[01m[Kstd[m[K'; did you mean '[01m[Kis_same[m[K'?
[2.508s]   911 |           std::[01;31m[Kis_same_v[m[K<T, ConstRefSerializedMessageWithInfoCallback>||
[2.508s]       |                [01;31m[K^~~~~~~~~[m[K
[2.508s]       |                [32m[Kis_same[m[K
[2.508s] [01m[K/open_app/miniconda3/envs/ros2_humble/include/rclcpp/rclcpp/any_subscription_callback.hpp:911:70:[m[K [01;31m[Kerror: [m[Kexpected primary-expression before '[01m[K>[m[K' token
[2.508s]   911 |           std::is_same_v<T, ConstRefSerializedMessageWithInfoCallback[01;31m[K>[m[K||
[2.509s]       |                                                                      [01;31m[K^[m[K
[2.509s] [01m[K/open_app/miniconda3/envs/ros2_humble/include/rclcpp/rclcpp/any_subscription_callback.hpp:911:71:[m[K [01;31m[Kerror: [m[Kexpected primary-expression before '[01m[K||[m[K' token
[2.509s]   911 |           std::is_same_v<T, ConstRefSerializedMessageWithInfoCallback>[01;31m[K||[m[K
[2.509s]       |                                                                       [01;31m[K^~[m[K
[2.509s] [01m[K/open_app/miniconda3/envs/ros2_humble/include/rclcpp/rclcpp/any_subscription_callback.hpp:912:16:[m[K [01;31m[Kerror: [m[K'[01m[Kis_same_v[m[K' is not a member of '[01m[Kstd[m[K'; did you mean '[01m[Kis_same[m[K'?
[2.509s]   912 |           std::[01;31m[Kis_same_v[m[K<T, UniquePtrSerializedMessageCallback>||
[2.509s]       |                [01;31m[K^~~~~~~~~[m[K
[2.509s]       |                [32m[Kis_same[m[K
[2.510s] [01m[K/open_app/miniconda3/envs/ros2_humble/include/rclcpp/rclcpp/any_subscription_callback.hpp:912:63:[m[K [01;31m[Kerror: [m[Kexpected primary-expression before '[01m[K>[m[K' token
[2.510s]   912 |           std::is_same_v<T, UniquePtrSerializedMessageCallback[01;31m[K>[m[K||
[2.510s]       |                                                               [01;31m[K^[m[K
[2.510s] [01m[K/open_app/miniconda3/envs/ros2_humble/include/rclcpp/rclcpp/any_subscription_callback.hpp:912:64:[m[K [01;31m[Kerror: [m[Kexpected primary-expression before '[01m[K||[m[K' token
[2.510s]   912 |           std::is_same_v<T, UniquePtrSerializedMessageCallback>[01;31m[K||[m[K
[2.510s]       |                                                                [01;31m[K^~[m[K
[2.510s] [01m[K/open_app/miniconda3/envs/ros2_humble/include/rclcpp/rclcpp/any_subscription_callback.hpp:913:16:[m[K [01;31m[Kerror: [m[K'[01m[Kis_same_v[m[K' is not a member of '[01m[Kstd[m[K'; did you mean '[01m[Kis_same[m[K'?
[2.510s]   913 |           std::[01;31m[Kis_same_v[m[K<T, UniquePtrSerializedMessageWithInfoCallback>||
[2.511s]       |                [01;31m[K^~~~~~~~~[m[K
[2.511s]       |                [32m[Kis_same[m[K
[2.511s] [01m[K/open_app/miniconda3/envs/ros2_humble/include/rclcpp/rclcpp/any_subscription_callback.hpp:913:71:[m[K [01;31m[Kerror: [m[Kexpected primary-expression before '[01m[K>[m[K' token
[2.511s]   913 |           std::is_same_v<T, UniquePtrSerializedMessageWithInfoCallback[01;31m[K>[m[K||
[2.511s]       |                                                                       [01;31m[K^[m[K
[2.511s] [01m[K/open_app/miniconda3/envs/ros2_humble/include/rclcpp/rclcpp/any_subscription_callback.hpp:913:72:[m[K [01;31m[Kerror: [m[Kexpected primary-expression before '[01m[K||[m[K' token
[2.511s]   913 |           std::is_same_v<T, UniquePtrSerializedMessageWithInfoCallback>[01;31m[K||[m[K
[2.511s]       |                                                                        [01;31m[K^~[m[K
[2.512s] [01m[K/open_app/miniconda3/envs/ros2_humble/include/rclcpp/rclcpp/any_subscription_callback.hpp:914:16:[m[K [01;31m[Kerror: [m[K'[01m[Kis_same_v[m[K' is not a member of '[01m[Kstd[m[K'; did you mean '[01m[Kis_same[m[K'?
[2.512s]   914 |           std::[01;31m[Kis_same_v[m[K<T, SharedConstPtrSerializedMessageCallback>||
[2.512s]       |                [01;31m[K^~~~~~~~~[m[K
[2.512s]       |                [32m[Kis_same[m[K
[2.512s] [01m[K/open_app/miniconda3/envs/ros2_humble/include/rclcpp/rclcpp/any_subscription_callback.hpp:914:68:[m[K [01;31m[Kerror: [m[Kexpected primary-expression before '[01m[K>[m[K' token
[2.512s]   914 |           std::is_same_v<T, SharedConstPtrSerializedMessageCallback[01;31m[K>[m[K||
[2.512s]       |                                                                    [01;31m[K^[m[K
[2.512s] [01m[K/open_app/miniconda3/envs/ros2_humble/include/rclcpp/rclcpp/any_subscription_callback.hpp:914:69:[m[K [01;31m[Kerror: [m[Kexpected primary-expression before '[01m[K||[m[K' token
[2.513s]   914 |           std::is_same_v<T, SharedConstPtrSerializedMessageCallback>[01;31m[K||[m[K
[2.513s]       |                                                                     [01;31m[K^~[m[K
[2.513s] [01m[K/open_app/miniconda3/envs/ros2_humble/include/rclcpp/rclcpp/any_subscription_callback.hpp:915:16:[m[K [01;31m[Kerror: [m[K'[01m[Kis_same_v[m[K' is not a member of '[01m[Kstd[m[K'; did you mean '[01m[Kis_same[m[K'?
[2.513s]   915 |           std::[01;31m[Kis_same_v[m[K<T, SharedConstPtrSerializedMessageWithInfoCallback>||
[2.513s]       |                [01;31m[K^~~~~~~~~[m[K
[2.513s]       |                [32m[Kis_same[m[K
[2.513s] [01m[K/open_app/miniconda3/envs/ros2_humble/include/rclcpp/rclcpp/any_subscription_callback.hpp:915:76:[m[K [01;31m[Kerror: [m[Kexpected primary-expression before '[01m[K>[m[K' token
[2.513s]   915 |           std::is_same_v<T, SharedConstPtrSerializedMessageWithInfoCallback[01;31m[K>[m[K||
[2.514s]       |                                                                            [01;31m[K^[m[K
[2.514s] [01m[K/open_app/miniconda3/envs/ros2_humble/include/rclcpp/rclcpp/any_subscription_callback.hpp:915:77:[m[K [01;31m[Kerror: [m[Kexpected primary-expression before '[01m[K||[m[K' token
[2.514s]   915 |           std::is_same_v<T, SharedConstPtrSerializedMessageWithInfoCallback>[01;31m[K||[m[K
[2.514s]       |                                                                             [01;31m[K^~[m[K
[2.514s] [01m[K/open_app/miniconda3/envs/ros2_humble/include/rclcpp/rclcpp/any_subscription_callback.hpp:916:16:[m[K [01;31m[Kerror: [m[K'[01m[Kis_same_v[m[K' is not a member of '[01m[Kstd[m[K'; did you mean '[01m[Kis_same[m[K'?
[2.514s]   916 |           std::[01;31m[Kis_same_v[m[K<T, ConstRefSharedConstPtrSerializedMessageCallback>||
[2.514s]       |                [01;31m[K^~~~~~~~~[m[K
[2.514s]       |                [32m[Kis_same[m[K
[2.515s] [01m[K/open_app/miniconda3/envs/ros2_humble/include/rclcpp/rclcpp/any_subscription_callback.hpp:916:76:[m[K [01;31m[Kerror: [m[Kexpected primary-expression before '[01m[K>[m[K' token
[2.515s]   916 |           std::is_same_v<T, ConstRefSharedConstPtrSerializedMessageCallback[01;31m[K>[m[K||
[2.515s]       |                                                                            [01;31m[K^[m[K
[2.515s] [01m[K/open_app/miniconda3/envs/ros2_humble/include/rclcpp/rclcpp/any_subscription_callback.hpp:916:77:[m[K [01;31m[Kerror: [m[Kexpected primary-expression before '[01m[K||[m[K' token
[2.515s]   916 |           std::is_same_v<T, ConstRefSharedConstPtrSerializedMessageCallback>[01;31m[K||[m[K
[2.515s]       |                                                                             [01;31m[K^~[m[K
[2.515s] [01m[K/open_app/miniconda3/envs/ros2_humble/include/rclcpp/rclcpp/any_subscription_callback.hpp:917:16:[m[K [01;31m[Kerror: [m[K'[01m[Kis_same_v[m[K' is not a member of '[01m[Kstd[m[K'; did you mean '[01m[Kis_same[m[K'?
[2.516s]   917 |           std::[01;31m[Kis_same_v[m[K<T, ConstRefSharedConstPtrSerializedMessageWithInfoCallback>||
[2.516s]       |                [01;31m[K^~~~~~~~~[m[K
[2.516s]       |                [32m[Kis_same[m[K
[2.516s] [01m[K/open_app/miniconda3/envs/ros2_humble/include/rclcpp/rclcpp/any_subscription_callback.hpp:917:84:[m[K [01;31m[Kerror: [m[Kexpected primary-expression before '[01m[K>[m[K' token
[2.516s]   917 |           std::is_same_v<T, ConstRefSharedConstPtrSerializedMessageWithInfoCallback[01;31m[K>[m[K||
[2.516s]       |                                                                                    [01;31m[K^[m[K
[2.516s] [01m[K/open_app/miniconda3/envs/ros2_humble/include/rclcpp/rclcpp/any_subscription_callback.hpp:917:85:[m[K [01;31m[Kerror: [m[Kexpected primary-expression before '[01m[K||[m[K' token
[2.516s]   917 |           std::is_same_v<T, ConstRefSharedConstPtrSerializedMessageWithInfoCallback>[01;31m[K||[m[K
[2.516s]       |                                                                                     [01;31m[K^~[m[K
[2.517s] [01m[K/open_app/miniconda3/envs/ros2_humble/include/rclcpp/rclcpp/any_subscription_callback.hpp:918:16:[m[K [01;31m[Kerror: [m[K'[01m[Kis_same_v[m[K' is not a member of '[01m[Kstd[m[K'; did you mean '[01m[Kis_same[m[K'?
[2.517s]   918 |           std::[01;31m[Kis_same_v[m[K<T, SharedPtrSerializedMessageCallback>||
[2.517s]       |                [01;31m[K^~~~~~~~~[m[K
[2.517s]       |                [32m[Kis_same[m[K
[2.517s] [01m[K/open_app/miniconda3/envs/ros2_humble/include/rclcpp/rclcpp/any_subscription_callback.hpp:918:63:[m[K [01;31m[Kerror: [m[Kexpected primary-expression before '[01m[K>[m[K' token
[2.517s]   918 |           std::is_same_v<T, SharedPtrSerializedMessageCallback[01;31m[K>[m[K||
[2.517s]       |                                                               [01;31m[K^[m[K
[2.517s] [01m[K/open_app/miniconda3/envs/ros2_humble/include/rclcpp/rclcpp/any_subscription_callback.hpp:918:64:[m[K [01;31m[Kerror: [m[Kexpected primary-expression before '[01m[K||[m[K' token
[2.518s]   918 |           std::is_same_v<T, SharedPtrSerializedMessageCallback>[01;31m[K||[m[K
[2.518s]       |                                                                [01;31m[K^~[m[K
[2.518s] [01m[K/open_app/miniconda3/envs/ros2_humble/include/rclcpp/rclcpp/any_subscription_callback.hpp:919:16:[m[K [01;31m[Kerror: [m[K'[01m[Kis_same_v[m[K' is not a member of '[01m[Kstd[m[K'; did you mean '[01m[Kis_same[m[K'?
[2.518s]   919 |           std::[01;31m[Kis_same_v[m[K<T, SharedPtrSerializedMessageWithInfoCallback>)
[2.518s]       |                [01;31m[K^~~~~~~~~[m[K
[2.518s]       |                [32m[Kis_same[m[K
[2.518s] [01m[K/open_app/miniconda3/envs/ros2_humble/include/rclcpp/rclcpp/any_subscription_callback.hpp:919:71:[m[K [01;31m[Kerror: [m[Kexpected primary-expression before '[01m[K>[m[K' token
[2.518s]   919 |           std::is_same_v<T, SharedPtrSerializedMessageWithInfoCallback[01;31m[K>[m[K)
[2.519s]       |                                                                       [01;31m[K^[m[K
[2.519s] [01m[K/open_app/miniconda3/envs/ros2_humble/include/rclcpp/rclcpp/any_subscription_callback.hpp:919:72:[m[K [01;31m[Kerror: [m[Kexpected primary-expression before '[01m[K)[m[K' token
[2.519s]   919 |           std::is_same_v<T, SharedPtrSerializedMessageWithInfoCallback>[01;31m[K)[m[K
[2.519s]       |                                                                        [01;31m[K^[m[K
[2.519s] [01m[K/open_app/miniconda3/envs/ros2_humble/include/rclcpp/rclcpp/any_subscription_callback.hpp:[m[K In member function '[01m[Kconstexpr bool rclcpp::AnySubscriptionCallback<MessageT, AllocatorT>::[01;32m[Kuse_take_shared_method[m[K() const[m[K':
[2.519s] [01m[K/open_app/miniconda3/envs/ros2_humble/include/rclcpp/rclcpp/any_subscription_callback.hpp:938:12:[m[K [01;31m[Kerror: [m[K'[01m[Kholds_alternative[m[K' is not a member of '[01m[Kstd[m[K'
[2.519s]   938 |       std::[01;31m[Kholds_alternative[m[K<SharedConstPtrCallback>(callback_variant_) ||
[2.520s]       |            [01;31m[K^~~~~~~~~~~~~~~~~[m[K
[2.520s] [01m[K/open_app/miniconda3/envs/ros2_humble/include/rclcpp/rclcpp/any_subscription_callback.hpp:938:12:[m[K [01;36m[Knote: [m[K'[01m[Kstd::holds_alternative[m[K' is only available from C++17 onwards
[2.520s] [01m[K/open_app/miniconda3/envs/ros2_humble/include/rclcpp/rclcpp/any_subscription_callback.hpp:938:52:[m[K [01;31m[Kerror: [m[Kexpected primary-expression before '[01m[K>[m[K' token
[2.520s]   938 |       std::holds_alternative<SharedConstPtrCallback[01;31m[K>[m[K(callback_variant_) ||
[2.520s]       |                                                    [01;31m[K^[m[K
[2.520s] [01m[K/open_app/miniconda3/envs/ros2_humble/include/rclcpp/rclcpp/any_subscription_callback.hpp:939:12:[m[K [01;31m[Kerror: [m[K'[01m[Kholds_alternative[m[K' is not a member of '[01m[Kstd[m[K'
[2.520s]   939 |       std::[01;31m[Kholds_alternative[m[K<SharedConstPtrWithInfoCallback>(callback_variant_) ||
[2.520s]       |            [01;31m[K^~~~~~~~~~~~~~~~~[m[K
[2.521s] [01m[K/open_app/miniconda3/envs/ros2_humble/include/rclcpp/rclcpp/any_subscription_callback.hpp:939:12:[m[K [01;36m[Knote: [m[K'[01m[Kstd::holds_alternative[m[K' is only available from C++17 onwards
[2.521s] [01m[K/open_app/miniconda3/envs/ros2_humble/include/rclcpp/rclcpp/any_subscription_callback.hpp:939:60:[m[K [01;31m[Kerror: [m[Kexpected primary-expression before '[01m[K>[m[K' token
[2.521s]   939 |       std::holds_alternative<SharedConstPtrWithInfoCallback[01;31m[K>[m[K(callback_variant_) ||
[2.521s]       |                                                            [01;31m[K^[m[K
[2.521s] [01m[K/open_app/miniconda3/envs/ros2_humble/include/rclcpp/rclcpp/any_subscription_callback.hpp:940:12:[m[K [01;31m[Kerror: [m[K'[01m[Kholds_alternative[m[K' is not a member of '[01m[Kstd[m[K'
[2.521s]   940 |       std::[01;31m[Kholds_alternative[m[K<ConstRefSharedConstPtrCallback>(callback_variant_) ||
[2.521s]       |            [01;31m[K^~~~~~~~~~~~~~~~~[m[K
[2.521s] [01m[K/open_app/miniconda3/envs/ros2_humble/include/rclcpp/rclcpp/any_subscription_callback.hpp:940:12:[m[K [01;36m[Knote: [m[K'[01m[Kstd::holds_alternative[m[K' is only available from C++17 onwards
[2.521s] [01m[K/open_app/miniconda3/envs/ros2_humble/include/rclcpp/rclcpp/any_subscription_callback.hpp:940:60:[m[K [01;31m[Kerror: [m[Kexpected primary-expression before '[01m[K>[m[K' token
[2.522s]   940 |       std::holds_alternative<ConstRefSharedConstPtrCallback[01;31m[K>[m[K(callback_variant_) ||
[2.522s]       |                                                            [01;31m[K^[m[K
[2.522s] [01m[K/open_app/miniconda3/envs/ros2_humble/include/rclcpp/rclcpp/any_subscription_callback.hpp:941:12:[m[K [01;31m[Kerror: [m[K'[01m[Kholds_alternative[m[K' is not a member of '[01m[Kstd[m[K'
[2.522s]   941 |       std::[01;31m[Kholds_alternative[m[K<ConstRefSharedConstPtrWithInfoCallback>(callback_variant_);
[2.522s]       |            [01;31m[K^~~~~~~~~~~~~~~~~[m[K
[2.522s] [01m[K/open_app/miniconda3/envs/ros2_humble/include/rclcpp/rclcpp/any_subscription_callback.hpp:941:12:[m[K [01;36m[Knote: [m[K'[01m[Kstd::holds_alternative[m[K' is only available from C++17 onwards
[2.522s] [01m[K/open_app/miniconda3/envs/ros2_humble/include/rclcpp/rclcpp/any_subscription_callback.hpp:941:68:[m[K [01;31m[Kerror: [m[Kexpected primary-expression before '[01m[K>[m[K' token
[2.523s]   941 |       std::holds_alternative<ConstRefSharedConstPtrWithInfoCallback[01;31m[K>[m[K(callback_variant_);
[2.523s]       |                                                                    [01;31m[K^[m[K
[2.523s] [01m[K/open_app/miniconda3/envs/ros2_humble/include/rclcpp/rclcpp/any_subscription_callback.hpp:[m[K In member function '[01m[Kconstexpr bool rclcpp::AnySubscriptionCallback<MessageT, AllocatorT>::[01;32m[Kis_serialized_message_callback[m[K() const[m[K':
[2.523s] [01m[K/open_app/miniconda3/envs/ros2_humble/include/rclcpp/rclcpp/any_subscription_callback.hpp:949:12:[m[K [01;31m[Kerror: [m[K'[01m[Kholds_alternative[m[K' is not a member of '[01m[Kstd[m[K'
[2.523s]   949 |       std::[01;31m[Kholds_alternative[m[K<ConstRefSerializedMessageCallback>(callback_variant_) ||
[2.523s]       |            [01;31m[K^~~~~~~~~~~~~~~~~[m[K
[2.523s] [01m[K/open_app/miniconda3/envs/ros2_humble/include/rclcpp/rclcpp/any_subscription_callback.hpp:949:12:[m[K [01;36m[Knote: [m[K'[01m[Kstd::holds_alternative[m[K' is only available from C++17 onwards
[2.523s] [01m[K/open_app/miniconda3/envs/ros2_humble/include/rclcpp/rclcpp/any_subscription_callback.hpp:949:63:[m[K [01;31m[Kerror: [m[Kexpected primary-expression before '[01m[K>[m[K' token
[2.524s]   949 |       std::holds_alternative<ConstRefSerializedMessageCallback[01;31m[K>[m[K(callback_variant_) ||
[2.524s]       |                                                               [01;31m[K^[m[K
[2.524s] [01m[K/open_app/miniconda3/envs/ros2_humble/include/rclcpp/rclcpp/any_subscription_callback.hpp:950:12:[m[K [01;31m[Kerror: [m[K'[01m[Kholds_alternative[m[K' is not a member of '[01m[Kstd[m[K'
[2.524s]   950 |       std::[01;31m[Kholds_alternative[m[K<UniquePtrSerializedMessageCallback>(callback_variant_) ||
[2.524s]       |            [01;31m[K^~~~~~~~~~~~~~~~~[m[K
[2.524s] [01m[K/open_app/miniconda3/envs/ros2_humble/include/rclcpp/rclcpp/any_subscription_callback.hpp:950:12:[m[K [01;36m[Knote: [m[K'[01m[Kstd::holds_alternative[m[K' is only available from C++17 onwards
[2.524s] [01m[K/open_app/miniconda3/envs/ros2_humble/include/rclcpp/rclcpp/any_subscription_callback.hpp:950:64:[m[K [01;31m[Kerror: [m[Kexpected primary-expression before '[01m[K>[m[K' token
[2.524s]   950 |       std::holds_alternative<UniquePtrSerializedMessageCallback[01;31m[K>[m[K(callback_variant_) ||
[2.525s]       |                                                                [01;31m[K^[m[K
[2.525s] [01m[K/open_app/miniconda3/envs/ros2_humble/include/rclcpp/rclcpp/any_subscription_callback.hpp:951:12:[m[K [01;31m[Kerror: [m[K'[01m[Kholds_alternative[m[K' is not a member of '[01m[Kstd[m[K'
[2.525s]   951 |       std::[01;31m[Kholds_alternative[m[K<SharedConstPtrSerializedMessageCallback>(callback_variant_) ||
[2.525s]       |            [01;31m[K^~~~~~~~~~~~~~~~~[m[K
[2.525s] [01m[K/open_app/miniconda3/envs/ros2_humble/include/rclcpp/rclcpp/any_subscription_callback.hpp:951:12:[m[K [01;36m[Knote: [m[K'[01m[Kstd::holds_alternative[m[K' is only available from C++17 onwards
[2.525s] [01m[K/open_app/miniconda3/envs/ros2_humble/include/rclcpp/rclcpp/any_subscription_callback.hpp:951:69:[m[K [01;31m[Kerror: [m[Kexpected primary-expression before '[01m[K>[m[K' token
[2.525s]   951 |       std::holds_alternative<SharedConstPtrSerializedMessageCallback[01;31m[K>[m[K(callback_variant_) ||
[2.525s]       |                                                                     [01;31m[K^[m[K
[2.526s] [01m[K/open_app/miniconda3/envs/ros2_humble/include/rclcpp/rclcpp/any_subscription_callback.hpp:952:12:[m[K [01;31m[Kerror: [m[K'[01m[Kholds_alternative[m[K' is not a member of '[01m[Kstd[m[K'
[2.526s]   952 |       std::[01;31m[Kholds_alternative[m[K<ConstRefSharedConstPtrSerializedMessageCallback>(callback_variant_) ||
[2.526s]       |            [01;31m[K^~~~~~~~~~~~~~~~~[m[K
[2.526s] [01m[K/open_app/miniconda3/envs/ros2_humble/include/rclcpp/rclcpp/any_subscription_callback.hpp:952:12:[m[K [01;36m[Knote: [m[K'[01m[Kstd::holds_alternative[m[K' is only available from C++17 onwards
[2.526s] [01m[K/open_app/miniconda3/envs/ros2_humble/include/rclcpp/rclcpp/any_subscription_callback.hpp:952:77:[m[K [01;31m[Kerror: [m[Kexpected primary-expression before '[01m[K>[m[K' token
[2.526s]   952 |       std::holds_alternative<ConstRefSharedConstPtrSerializedMessageCallback[01;31m[K>[m[K(callback_variant_) ||
[2.526s]       |                                                                             [01;31m[K^[m[K
[2.526s] [01m[K/open_app/miniconda3/envs/ros2_humble/include/rclcpp/rclcpp/any_subscription_callback.hpp:953:12:[m[K [01;31m[Kerror: [m[K'[01m[Kholds_alternative[m[K' is not a member of '[01m[Kstd[m[K'
[2.527s]   953 |       std::[01;31m[Kholds_alternative[m[K<SharedPtrSerializedMessageCallback>(callback_variant_);
[2.527s]       |            [01;31m[K^~~~~~~~~~~~~~~~~[m[K
[2.527s] [01m[K/open_app/miniconda3/envs/ros2_humble/include/rclcpp/rclcpp/any_subscription_callback.hpp:953:12:[m[K [01;36m[Knote: [m[K'[01m[Kstd::holds_alternative[m[K' is only available from C++17 onwards
[2.527s] [01m[K/open_app/miniconda3/envs/ros2_humble/include/rclcpp/rclcpp/any_subscription_callback.hpp:953:64:[m[K [01;31m[Kerror: [m[Kexpected primary-expression before '[01m[K>[m[K' token
[2.527s]   953 |       std::holds_alternative<SharedPtrSerializedMessageCallback[01;31m[K>[m[K(callback_variant_);
[2.528s]       |                                                                [01;31m[K^[m[K
[2.528s] [01m[K/open_app/miniconda3/envs/ros2_humble/include/rclcpp/rclcpp/any_subscription_callback.hpp:[m[K In member function '[01m[Kvoid rclcpp::AnySubscriptionCallback<MessageT, AllocatorT>::[01;32m[Kregister_callback_for_tracing[m[K()[m[K':
[2.528s] [01m[K/open_app/miniconda3/envs/ros2_humble/include/rclcpp/rclcpp/any_subscription_callback.hpp:960:10:[m[K [01;31m[Kerror: [m[K'[01m[Kvisit[m[K' is not a member of '[01m[Kstd[m[K'
[2.528s]   960 |     std::[01;31m[Kvisit[m[K(
[2.528s]       |          [01;31m[K^~~~~[m[K
[2.528s] [01m[K/open_app/miniconda3/envs/ros2_humble/include/rclcpp/rclcpp/any_subscription_callback.hpp:960:10:[m[K [01;36m[Knote: [m[K'[01m[Kstd::visit[m[K' is only available from C++17 onwards
[2.528s] [01m[K/open_app/miniconda3/envs/ros2_humble/include/rclcpp/rclcpp/any_subscription_callback.hpp:961:14:[m[K [01;31m[Kerror: [m[Kuse of '[01m[Kauto[m[K' in lambda parameter declaration only available with '[01m[K-std=c++14[m[K' or '[01m[K-std=gnu++14[m[K'
[2.529s]   961 |       [this]([01;31m[Kauto[m[K && callback) {
[2.529s]       |              [01;31m[K^~~~[m[K
[2.529s] In file included from [01m[K/open_app/miniconda3/envs/ros2_humble/include/rclcpp/rclcpp/experimental/subscription_intra_process_buffer.hpp:28[m[K,
[2.529s]                  from [01m[K/open_app/miniconda3/envs/ros2_humble/include/rclcpp/rclcpp/experimental/subscription_intra_process.hpp:31[m[K,
[2.529s]                  from [01m[K/open_app/miniconda3/envs/ros2_humble/include/rclcpp/rclcpp/experimental/intra_process_manager.hpp:32[m[K,
[2.529s]                  from [01m[K/open_app/miniconda3/envs/ros2_humble/include/rclcpp/rclcpp/subscription_base.hpp:34[m[K:
[2.529s] [01m[K/open_app/miniconda3/envs/ros2_humble/include/rclcpp/rclcpp/experimental/create_intra_process_buffer.hpp:[m[K In function '[01m[Ktypename rclcpp::experimental::buffers::IntraProcessBuffer<MessageT, Alloc, MessageDeleter>::UniquePtr rclcpp::experimental::[01;32m[Kcreate_intra_process_buffer[m[K(rclcpp::IntraProcessBufferType, const rclcpp::QoS&, std::shared_ptr<_Tp>)[m[K':
[2.529s] [01m[K/open_app/miniconda3/envs/ros2_humble/include/rclcpp/rclcpp/experimental/create_intra_process_buffer.hpp:56:16:[m[K [01;31m[Kerror: [m[K'[01m[Kmake_unique[m[K' is not a member of '[01m[Kstd[m[K'
[2.530s]    56 |           std::[01;31m[Kmake_unique[m[K<rclcpp::experimental::buffers::RingBufferImplementation<BufferT>>(
[2.530s]       |                [01;31m[K^~~~~~~~~~~[m[K
[2.530s] [01m[K/open_app/miniconda3/envs/ros2_humble/include/rclcpp/rclcpp/experimental/create_intra_process_buffer.hpp:56:16:[m[K [01;36m[Knote: [m[K'[01m[Kstd::make_unique[m[K' is only available from C++14 onwards
[2.530s] [01m[K/open_app/miniconda3/envs/ros2_humble/include/rclcpp/rclcpp/experimental/create_intra_process_buffer.hpp:56:91:[m[K [01;31m[Kerror: [m[Kexpected primary-expression before '[01m[K>[m[K' token
[2.530s]    56 |           std::make_unique<rclcpp::experimental::buffers::RingBufferImplementation<BufferT[01;31m[K>>[m[K(
[2.530s]       |                                                                                           [01;31m[K^~[m[K
[2.530s] [01m[K/open_app/miniconda3/envs/ros2_humble/include/rclcpp/rclcpp/experimental/create_intra_process_buffer.hpp:61:16:[m[K [01;31m[Kerror: [m[K'[01m[Kmake_unique[m[K' is not a member of '[01m[Kstd[m[K'
[2.530s]    61 |           std::[01;31m[Kmake_unique[m[K<rclcpp::experimental::buffers::TypedIntraProcessBuffer<MessageT, Alloc,
[2.531s]       |                [01;31m[K^~~~~~~~~~~[m[K
[2.531s] [01m[K/open_app/miniconda3/envs/ros2_humble/include/rclcpp/rclcpp/experimental/create_intra_process_buffer.hpp:61:16:[m[K [01;36m[Knote: [m[K'[01m[Kstd::make_unique[m[K' is only available from C++14 onwards
[2.531s] [01m[K/open_app/miniconda3/envs/ros2_humble/include/rclcpp/rclcpp/experimental/create_intra_process_buffer.hpp:62:29:[m[K [01;31m[Kerror: [m[Kexpected primary-expression before '[01m[K>[m[K' token
[2.531s]    62 |             Deleter, BufferT[01;31m[K>>[m[K(
[2.531s]       |                             [01;31m[K^~[m[K
[2.531s] [01m[K/open_app/miniconda3/envs/ros2_humble/include/rclcpp/rclcpp/experimental/create_intra_process_buffer.hpp:73:16:[m[K [01;31m[Kerror: [m[K'[01m[Kmake_unique[m[K' is not a member of '[01m[Kstd[m[K'
[2.531s]    73 |           std::[01;31m[Kmake_unique[m[K<rclcpp::experimental::buffers::RingBufferImplementation<BufferT>>(
[2.532s]       |                [01;31m[K^~~~~~~~~~~[m[K
[2.532s] [01m[K/open_app/miniconda3/envs/ros2_humble/include/rclcpp/rclcpp/experimental/create_intra_process_buffer.hpp:73:16:[m[K [01;36m[Knote: [m[K'[01m[Kstd::make_unique[m[K' is only available from C++14 onwards
[2.532s] [01m[K/open_app/miniconda3/envs/ros2_humble/include/rclcpp/rclcpp/experimental/create_intra_process_buffer.hpp:73:91:[m[K [01;31m[Kerror: [m[Kexpected primary-expression before '[01m[K>[m[K' token
[2.532s]    73 |           std::make_unique<rclcpp::experimental::buffers::RingBufferImplementation<BufferT[01;31m[K>>[m[K(
[2.532s]       |                                                                                           [01;31m[K^~[m[K
[2.532s] [01m[K/open_app/miniconda3/envs/ros2_humble/include/rclcpp/rclcpp/experimental/create_intra_process_buffer.hpp:78:16:[m[K [01;31m[Kerror: [m[K'[01m[Kmake_unique[m[K' is not a member of '[01m[Kstd[m[K'
[2.532s]    78 |           std::[01;31m[Kmake_unique[m[K<rclcpp::experimental::buffers::TypedIntraProcessBuffer<MessageT, Alloc,
[2.532s]       |                [01;31m[K^~~~~~~~~~~[m[K
[2.533s] [01m[K/open_app/miniconda3/envs/ros2_humble/include/rclcpp/rclcpp/experimental/create_intra_process_buffer.hpp:78:16:[m[K [01;36m[Knote: [m[K'[01m[Kstd::make_unique[m[K' is only available from C++14 onwards
[2.533s] [01m[K/open_app/miniconda3/envs/ros2_humble/include/rclcpp/rclcpp/experimental/create_intra_process_buffer.hpp:79:29:[m[K [01;31m[Kerror: [m[Kexpected primary-expression before '[01m[K>[m[K' token
[2.533s]    79 |             Deleter, BufferT[01;31m[K>>[m[K(
[2.533s]       |                             [01;31m[K^~[m[K
[2.541s] [01m[K/open_app/miniconda3/envs/ros2_humble/include/rclcpp/rclcpp/experimental/intra_process_manager.hpp:[m[K At global scope:
[2.542s] [01m[K/open_app/miniconda3/envs/ros2_humble/include/rclcpp/rclcpp/experimental/intra_process_manager.hpp:515:16:[m[K [01;31m[Kerror: [m[K'[01m[Kshared_timed_mutex[m[K' in namespace '[01m[Kstd[m[K' does not name a type
[2.542s]   515 |   mutable std::[01;31m[Kshared_timed_mutex[m[K mutex_;
[2.542s]       |                [01;31m[K^~~~~~~~~~~~~~~~~~[m[K
[2.542s] [01m[K/open_app/miniconda3/envs/ros2_humble/include/rclcpp/rclcpp/experimental/intra_process_manager.hpp:515:11:[m[K [01;36m[Knote: [m[K'[01m[Kstd::shared_timed_mutex[m[K' is only available from C++14 onwards
[2.542s]   515 |   mutable [01;36m[Kstd[m[K::shared_timed_mutex mutex_;
[2.542s]       |           [01;36m[K^~~[m[K
[2.556s] [01m[K/open_app/miniconda3/envs/ros2_humble/include/rclcpp/rclcpp/experimental/intra_process_manager.hpp:[m[K In member function '[01m[Kvoid rclcpp::experimental::IntraProcessManager::[01;32m[Kdo_intra_process_publish[m[K(uint64_t, std::unique_ptr<MessageT, Deleter>, typename std::allocator_traits<_Alloc>::rebind_traits<MessageT>::allocator_type&)[m[K':
[2.556s] [01m[K/open_app/miniconda3/envs/ros2_humble/include/rclcpp/rclcpp/experimental/intra_process_manager.hpp:192:10:[m[K [01;31m[Kerror: [m[K'[01m[Kshared_lock[m[K' is not a member of '[01m[Kstd[m[K'
[2.556s]   192 |     std::[01;31m[Kshared_lock[m[K<std::shared_timed_mutex> lock(mutex_);
[2.556s]       |          [01;31m[K^~~~~~~~~~~[m[K
[2.556s] [01m[K/open_app/miniconda3/envs/ros2_humble/include/rclcpp/rclcpp/experimental/intra_process_manager.hpp:192:10:[m[K [01;36m[Knote: [m[K'[01m[Kstd::shared_lock[m[K' is only available from C++14 onwards
[2.557s] [01m[K/open_app/miniconda3/envs/ros2_humble/include/rclcpp/rclcpp/experimental/intra_process_manager.hpp:192:27:[m[K [01;31m[Kerror: [m[K'[01m[Kshared_timed_mutex[m[K' is not a member of '[01m[Kstd[m[K'
[2.557s]   192 |     std::shared_lock<std::[01;31m[Kshared_timed_mutex[m[K> lock(mutex_);
[2.557s]       |                           [01;31m[K^~~~~~~~~~~~~~~~~~[m[K
[2.557s] [01m[K/open_app/miniconda3/envs/ros2_humble/include/rclcpp/rclcpp/experimental/intra_process_manager.hpp:192:27:[m[K [01;36m[Knote: [m[K'[01m[Kstd::shared_timed_mutex[m[K' is only available from C++14 onwards
[2.569s] [01m[K/open_app/miniconda3/envs/ros2_humble/include/rclcpp/rclcpp/experimental/intra_process_manager.hpp:192:52:[m[K [01;31m[Kerror: [m[K'[01m[Kmutex_[m[K' was not declared in this scope
[2.569s]   192 |     std::shared_lock<std::shared_timed_mutex> lock([01;31m[Kmutex_[m[K);
[2.569s]       |                                                    [01;31m[K^~~~~~[m[K
[2.576s] [01m[K/open_app/miniconda3/envs/ros2_humble/include/rclcpp/rclcpp/experimental/intra_process_manager.hpp:[m[K In member function '[01m[Kstd::shared_ptr<const _Tp> rclcpp::experimental::IntraProcessManager::[01;32m[Kdo_intra_process_publish_and_return_shared[m[K(uint64_t, std::unique_ptr<MessageT, Deleter>, typename std::allocator_traits<_Alloc>::rebind_traits<MessageT>::allocator_type&)[m[K':
[2.576s] [01m[K/open_app/miniconda3/envs/ros2_humble/include/rclcpp/rclcpp/experimental/intra_process_manager.hpp:255:10:[m[K [01;31m[Kerror: [m[K'[01m[Kshared_lock[m[K' is not a member of '[01m[Kstd[m[K'
[2.576s]   255 |     std::[01;31m[Kshared_lock[m[K<std::shared_timed_mutex> lock(mutex_);
[2.576s]       |          [01;31m[K^~~~~~~~~~~[m[K
[2.576s] [01m[K/open_app/miniconda3/envs/ros2_humble/include/rclcpp/rclcpp/experimental/intra_process_manager.hpp:255:10:[m[K [01;36m[Knote: [m[K'[01m[Kstd::shared_lock[m[K' is only available from C++14 onwards
[2.577s] [01m[K/open_app/miniconda3/envs/ros2_humble/include/rclcpp/rclcpp/experimental/intra_process_manager.hpp:255:27:[m[K [01;31m[Kerror: [m[K'[01m[Kshared_timed_mutex[m[K' is not a member of '[01m[Kstd[m[K'
[2.577s]   255 |     std::shared_lock<std::[01;31m[Kshared_timed_mutex[m[K> lock(mutex_);
[2.577s]       |                           [01;31m[K^~~~~~~~~~~~~~~~~~[m[K
[2.577s] [01m[K/open_app/miniconda3/envs/ros2_humble/include/rclcpp/rclcpp/experimental/intra_process_manager.hpp:255:27:[m[K [01;36m[Knote: [m[K'[01m[Kstd::shared_timed_mutex[m[K' is only available from C++14 onwards
[2.589s] [01m[K/open_app/miniconda3/envs/ros2_humble/include/rclcpp/rclcpp/experimental/intra_process_manager.hpp:255:52:[m[K [01;31m[Kerror: [m[K'[01m[Kmutex_[m[K' was not declared in this scope
[2.589s]   255 |     std::shared_lock<std::shared_timed_mutex> lock([01;31m[Kmutex_[m[K);
[2.589s]       |                                                    [01;31m[K^~~~~~[m[K
[2.658s] In file included from [01m[K/open_app/miniconda3/envs/ros2_humble/include/builtin_interfaces/builtin_interfaces/msg/time.hpp:8[m[K,
[2.658s]                  from [01m[K/open_app/miniconda3/envs/ros2_humble/include/rclcpp/rclcpp/time.hpp:18[m[K,
[2.658s]                  from [01m[K/open_app/miniconda3/envs/ros2_humble/include/rclcpp/rclcpp/clock.hpp:24[m[K,
[2.658s]                  from [01m[K/open_app/miniconda3/envs/ros2_humble/include/rclcpp/rclcpp/timer.hpp:27[m[K,
[2.658s]                  from [01m[K/open_app/miniconda3/envs/ros2_humble/include/rclcpp/rclcpp/callback_group.hpp:30[m[K:
[2.658s] [01m[K/open_app/miniconda3/envs/ros2_humble/include/builtin_interfaces/builtin_interfaces/msg/detail/time__builder.hpp:[m[K At global scope:
[2.659s] [01m[K/open_app/miniconda3/envs/ros2_humble/include/builtin_interfaces/builtin_interfaces/msg/detail/time__builder.hpp:61:1:[m[K [01;31m[Kerror: [m[K'[01m[Kbuild[m[K' function uses '[01m[Kauto[m[K' type specifier without trailing return type
[2.659s]    61 | [01;31m[Kauto[m[K build();
[2.659s]       | [01;31m[K^~~~[m[K
[2.659s] [01m[K/open_app/miniconda3/envs/ros2_humble/include/builtin_interfaces/builtin_interfaces/msg/detail/time__builder.hpp:61:1:[m[K [01;36m[Knote: [m[Kdeduced return type only available with '[01m[K-std=c++14[m[K' or '[01m[K-std=gnu++14[m[K'
[2.659s] [01m[K/open_app/miniconda3/envs/ros2_humble/include/builtin_interfaces/builtin_interfaces/msg/detail/time__builder.hpp:65:1:[m[K [01;31m[Kerror: [m[K'[01m[Kbuild[m[K' function uses '[01m[Kauto[m[K' type specifier without trailing return type
[2.659s]    65 | [01;31m[Kauto[m[K build<::builtin_interfaces::msg::Time>()
[2.659s]       | [01;31m[K^~~~[m[K
[2.660s] [01m[K/open_app/miniconda3/envs/ros2_humble/include/builtin_interfaces/builtin_interfaces/msg/detail/time__builder.hpp:65:1:[m[K [01;36m[Knote: [m[Kdeduced return type only available with '[01m[K-std=c++14[m[K' or '[01m[K-std=gnu++14[m[K'
[2.757s] In file included from [01m[K/open_app/miniconda3/envs/ros2_humble/include/rcl_interfaces/rcl_interfaces/msg/set_parameters_result.hpp:8[m[K,
[2.758s]                  from [01m[K/open_app/miniconda3/envs/ros2_humble/include/rclcpp/rclcpp/qos_overriding_options.hpp:28[m[K,
[2.758s]                  from [01m[K/open_app/miniconda3/envs/ros2_humble/include/rclcpp/rclcpp/subscription_options.hpp:30[m[K,
[2.758s]                  from [01m[K/open_app/miniconda3/envs/ros2_humble/include/rclcpp/rclcpp/subscription.hpp:45[m[K,
[2.758s]                  from [01m[K/open_app/miniconda3/envs/ros2_humble/include/rclcpp/rclcpp/any_executable.hpp:25[m[K:
[2.758s] [01m[K/open_app/miniconda3/envs/ros2_humble/include/rcl_interfaces/rcl_interfaces/msg/detail/set_parameters_result__builder.hpp:61:1:[m[K [01;31m[Kerror: [m[K'[01m[Kbuild[m[K' function uses '[01m[Kauto[m[K' type specifier without trailing return type
[2.759s]    61 | [01;31m[Kauto[m[K build();
[2.759s]       | [01;31m[K^~~~[m[K
[2.759s] [01m[K/open_app/miniconda3/envs/ros2_humble/include/rcl_interfaces/rcl_interfaces/msg/detail/set_parameters_result__builder.hpp:61:1:[m[K [01;36m[Knote: [m[Kdeduced return type only available with '[01m[K-std=c++14[m[K' or '[01m[K-std=gnu++14[m[K'
[2.759s] [01m[K/open_app/miniconda3/envs/ros2_humble/include/rcl_interfaces/rcl_interfaces/msg/detail/set_parameters_result__builder.hpp:65:1:[m[K [01;31m[Kerror: [m[K'[01m[Kbuild[m[K' function uses '[01m[Kauto[m[K' type specifier without trailing return type
[2.759s]    65 | [01;31m[Kauto[m[K build<::rcl_interfaces::msg::SetParametersResult>()
[2.759s]       | [01;31m[K^~~~[m[K
[2.759s] [01m[K/open_app/miniconda3/envs/ros2_humble/include/rcl_interfaces/rcl_interfaces/msg/detail/set_parameters_result__builder.hpp:65:1:[m[K [01;36m[Knote: [m[Kdeduced return type only available with '[01m[K-std=c++14[m[K' or '[01m[K-std=gnu++14[m[K'
[2.776s] [01m[K/open_app/miniconda3/envs/ros2_humble/include/rclcpp/rclcpp/subscription_options.hpp:94:10:[m[K [01;31m[Kerror: [m[K'[01m[Kis_void_v[m[K' is not a member of '[01m[Kstd[m[K'; did you mean '[01m[Kis_void[m[K'?
[2.777s]    94 |     std::[01;31m[Kis_void_v[m[K<typename std::allocator_traits<Allocator>::value_type>,
[2.777s]       |          [01;31m[K^~~~~~~~~[m[K
[2.777s]       |          [32m[Kis_void[m[K
[2.777s] [01m[K/open_app/miniconda3/envs/ros2_humble/include/rclcpp/rclcpp/subscription_options.hpp:94:73:[m[K [01;31m[Kerror: [m[Kexpected '[01m[K([m[K' before '[01m[K>[m[K' token
[2.777s]    94 |     std::is_void_v<typename std::allocator_traits<Allocator>::value_type[01;31m[K>[m[K,
[2.777s]       |                                                                         [01;31m[K^[m[K
[2.777s]       |                                                                         [32m[K([m[K
[2.777s] [01m[K/open_app/miniconda3/envs/ros2_humble/include/rclcpp/rclcpp/subscription_options.hpp:94:74:[m[K [01;31m[Kerror: [m[Kexpected primary-expression before '[01m[K,[m[K' token
[2.778s]    94 |     std::is_void_v<typename std::allocator_traits<Allocator>::value_type>[01;31m[K,[m[K
[2.778s]       |                                                                          [01;31m[K^[m[K
[2.783s] In file included from [01m[K/open_app/miniconda3/envs/ros2_humble/include/rclcpp/rclcpp/subscription.hpp:46[m[K:
[2.783s] [01m[K/open_app/miniconda3/envs/ros2_humble/include/rclcpp/rclcpp/subscription_traits.hpp:67:30:[m[K [01;31m[Kerror: [m[K'[01m[Kremove_cv_t[m[K' in namespace '[01m[Kstd[m[K' does not name a template type; did you mean '[01m[Kremove_cv[m[K'?
[2.783s]    67 |   using type = typename std::[01;31m[Kremove_cv_t[m[K<std::remove_reference_t<MessageT>>;
[2.783s]       |                              [01;31m[K^~~~~~~~~~~[m[K
[2.784s]       |                              [32m[Kremove_cv[m[K
[2.784s] [01m[K/open_app/miniconda3/envs/ros2_humble/include/rclcpp/rclcpp/subscription_traits.hpp:82:19:[m[K [01;31m[Kerror: [m[K'[01m[Kenable_if_t[m[K' in namespace '[01m[Kstd[m[K' does not name a template type
[2.784s]    82 |   typename = std::[01;31m[Kenable_if_t[m[K<!std::is_integral<
[2.784s]       |                   [01;31m[K^~~~~~~~~~~[m[K
[2.784s] [01m[K/open_app/miniconda3/envs/ros2_humble/include/rclcpp/rclcpp/subscription_traits.hpp:82:14:[m[K [01;36m[Knote: [m[K'[01m[Kstd::enable_if_t[m[K' is only available from C++14 onwards
[2.784s]    82 |   typename = [01;36m[Kstd[m[K::enable_if_t<!std::is_integral<
[2.784s]       |              [01;36m[K^~~[m[K
[2.784s] [01m[K/open_app/miniconda3/envs/ros2_humble/include/rclcpp/rclcpp/subscription_traits.hpp:82:30:[m[K [01;31m[Kerror: [m[Kexpected '[01m[K>[m[K' before '[01m[K<[m[K' token
[2.785s]    82 |   typename = std::enable_if_t[01;31m[K<[m[K!std::is_integral<
[2.785s]       |                              [01;31m[K^[m[K
[2.798s] In file included from [01m[K/open_app/miniconda3/envs/ros2_humble/include/statistics_msgs/statistics_msgs/msg/metrics_message.hpp:8[m[K,
[2.799s]                  from [01m[K/open_app/miniconda3/envs/ros2_humble/include/libstatistics_collector/libstatistics_collector/collector/generate_statistics_message.hpp:21[m[K,
[2.799s]                  from [01m[K/open_app/miniconda3/envs/ros2_humble/include/rclcpp/rclcpp/topic_statistics/subscription_topic_statistics.hpp:23[m[K,
[2.799s]                  from [01m[K/open_app/miniconda3/envs/ros2_humble/include/rclcpp/rclcpp/subscription.hpp:50[m[K:
[2.799s] [01m[K/open_app/miniconda3/envs/ros2_humble/include/statistics_msgs/statistics_msgs/msg/detail/metrics_message__builder.hpp:125:1:[m[K [01;31m[Kerror: [m[K'[01m[Kbuild[m[K' function uses '[01m[Kauto[m[K' type specifier without trailing return type
[2.799s]   125 | [01;31m[Kauto[m[K build();
[2.799s]       | [01;31m[K^~~~[m[K
[2.799s] [01m[K/open_app/miniconda3/envs/ros2_humble/include/statistics_msgs/statistics_msgs/msg/detail/metrics_message__builder.hpp:125:1:[m[K [01;36m[Knote: [m[Kdeduced return type only available with '[01m[K-std=c++14[m[K' or '[01m[K-std=gnu++14[m[K'
[2.800s] [01m[K/open_app/miniconda3/envs/ros2_humble/include/statistics_msgs/statistics_msgs/msg/detail/metrics_message__builder.hpp:129:1:[m[K [01;31m[Kerror: [m[K'[01m[Kbuild[m[K' function uses '[01m[Kauto[m[K' type specifier without trailing return type
[2.800s]   129 | [01;31m[Kauto[m[K build<::statistics_msgs::msg::MetricsMessage>()
[2.800s]       | [01;31m[K^~~~[m[K
[2.800s] [01m[K/open_app/miniconda3/envs/ros2_humble/include/statistics_msgs/statistics_msgs/msg/detail/metrics_message__builder.hpp:129:1:[m[K [01;36m[Knote: [m[Kdeduced return type only available with '[01m[K-std=c++14[m[K' or '[01m[K-std=gnu++14[m[K'
[2.861s] In file included from [01m[K/open_app/miniconda3/envs/ros2_humble/include/rclcpp/rclcpp/publisher.hpp:36[m[K,
[2.861s]                  from [01m[K/open_app/miniconda3/envs/ros2_humble/include/rclcpp/rclcpp/topic_statistics/subscription_topic_statistics.hpp:31[m[K:
[2.861s] [01m[K/open_app/miniconda3/envs/ros2_humble/include/rclcpp/rclcpp/get_message_type_support_handle.hpp:44:15:[m[K [01;31m[Kerror: [m[K'[01m[Kenable_if_t[m[K' in namespace '[01m[Kstd[m[K' does not name a template type
[2.861s]    44 | typename std::[01;31m[Kenable_if_t[m[K<
[2.862s]       |               [01;31m[K^~~~~~~~~~~[m[K
[2.862s] [01m[K/open_app/miniconda3/envs/ros2_humble/include/rclcpp/rclcpp/get_message_type_support_handle.hpp:44:15:[m[K [01;36m[Knote: [m[K'[01m[Kstd::enable_if_t[m[K' is only available from C++14 onwards
[2.862s] [01m[K/open_app/miniconda3/envs/ros2_humble/include/rclcpp/rclcpp/get_message_type_support_handle.hpp:44:26:[m[K [01;31m[Kerror: [m[Kexpected unqualified-id before '[01m[K<[m[K' token
[2.862s]    44 | typename std::enable_if_t[01;31m[K<[m[K
[2.862s]       |                          [01;31m[K^[m[K
[2.862s] [01m[K/open_app/miniconda3/envs/ros2_humble/include/rclcpp/rclcpp/get_message_type_support_handle.hpp:59:15:[m[K [01;31m[Kerror: [m[K'[01m[Kenable_if_t[m[K' in namespace '[01m[Kstd[m[K' does not name a template type
[2.862s]    59 | typename std::[01;31m[Kenable_if_t[m[K<
[2.862s]       |               [01;31m[K^~~~~~~~~~~[m[K
[2.863s] [01m[K/open_app/miniconda3/envs/ros2_humble/include/rclcpp/rclcpp/get_message_type_support_handle.hpp:59:15:[m[K [01;36m[Knote: [m[K'[01m[Kstd::enable_if_t[m[K' is only available from C++14 onwards
[2.863s] [01m[K/open_app/miniconda3/envs/ros2_humble/include/rclcpp/rclcpp/get_message_type_support_handle.hpp:59:26:[m[K [01;31m[Kerror: [m[Kexpected unqualified-id before '[01m[K<[m[K' token
[2.863s]    59 | typename std::enable_if_t[01;31m[K<[m[K
[2.863s]       |                          [01;31m[K^[m[K
[2.863s] [01m[K/open_app/miniconda3/envs/ros2_humble/include/rclcpp/rclcpp/get_message_type_support_handle.hpp:82:15:[m[K [01;31m[Kerror: [m[K'[01m[Kenable_if_t[m[K' in namespace '[01m[Kstd[m[K' does not name a template type
[2.863s]    82 | typename std::[01;31m[Kenable_if_t[m[K<
[2.863s]       |               [01;31m[K^~~~~~~~~~~[m[K
[2.863s] [01m[K/open_app/miniconda3/envs/ros2_humble/include/rclcpp/rclcpp/get_message_type_support_handle.hpp:82:15:[m[K [01;36m[Knote: [m[K'[01m[Kstd::enable_if_t[m[K' is only available from C++14 onwards
[2.864s] [01m[K/open_app/miniconda3/envs/ros2_humble/include/rclcpp/rclcpp/get_message_type_support_handle.hpp:82:26:[m[K [01;31m[Kerror: [m[Kexpected unqualified-id before '[01m[K<[m[K' token
[2.864s]    82 | typename std::enable_if_t[01;31m[K<[m[K
[2.864s]       |                          [01;31m[K^[m[K
[2.872s] In file included from [01m[K/open_app/miniconda3/envs/ros2_humble/include/rclcpp/rclcpp/publisher.hpp:42[m[K:
[2.872s] [01m[K/open_app/miniconda3/envs/ros2_humble/include/rclcpp/rclcpp/publisher_options.hpp:69:10:[m[K [01;31m[Kerror: [m[K'[01m[Kis_void_v[m[K' is not a member of '[01m[Kstd[m[K'; did you mean '[01m[Kis_void[m[K'?
[2.873s]    69 |     std::[01;31m[Kis_void_v[m[K<typename std::allocator_traits<Allocator>::value_type>,
[2.873s]       |          [01;31m[K^~~~~~~~~[m[K
[2.873s]       |          [32m[Kis_void[m[K
[2.873s] [01m[K/open_app/miniconda3/envs/ros2_humble/include/rclcpp/rclcpp/publisher_options.hpp:69:73:[m[K [01;31m[Kerror: [m[Kexpected '[01m[K([m[K' before '[01m[K>[m[K' token
[2.873s]    69 |     std::is_void_v<typename std::allocator_traits<Allocator>::value_type[01;31m[K>[m[K,
[2.873s]       |                                                                         [01;31m[K^[m[K
[2.873s]       |                                                                         [32m[K([m[K
[2.874s] [01m[K/open_app/miniconda3/envs/ros2_humble/include/rclcpp/rclcpp/publisher_options.hpp:69:74:[m[K [01;31m[Kerror: [m[Kexpected primary-expression before '[01m[K,[m[K' token
[2.874s]    69 |     std::is_void_v<typename std::allocator_traits<Allocator>::value_type>[01;31m[K,[m[K
[2.874s]       |                                                                          [01;31m[K^[m[K
[2.874s] [01m[K/open_app/miniconda3/envs/ros2_humble/include/rclcpp/rclcpp/publisher.hpp:247:17:[m[K [01;31m[Kerror: [m[K'[01m[Kenable_if_t[m[K' in namespace '[01m[Kstd[m[K' does not name a template type
[2.874s]   247 |   typename std::[01;31m[Kenable_if_t[m[K<
[2.874s]       |                 [01;31m[K^~~~~~~~~~~[m[K
[2.875s] [01m[K/open_app/miniconda3/envs/ros2_humble/include/rclcpp/rclcpp/publisher.hpp:247:17:[m[K [01;36m[Knote: [m[K'[01m[Kstd::enable_if_t[m[K' is only available from C++14 onwards
[2.875s] [01m[K/open_app/miniconda3/envs/ros2_humble/include/rclcpp/rclcpp/publisher.hpp:247:28:[m[K [01;31m[Kerror: [m[Kexpected unqualified-id before '[01m[K<[m[K' token
[2.875s]   247 |   typename std::enable_if_t[01;31m[K<[m[K
[2.875s]       |                            [01;31m[K^[m[K
[2.875s] [01m[K/open_app/miniconda3/envs/ros2_humble/include/rclcpp/rclcpp/publisher.hpp:288:17:[m[K [01;31m[Kerror: [m[K'[01m[Kenable_if_t[m[K' in namespace '[01m[Kstd[m[K' does not name a template type
[2.875s]   288 |   typename std::[01;31m[Kenable_if_t[m[K<
[2.875s]       |                 [01;31m[K^~~~~~~~~~~[m[K
[2.876s] [01m[K/open_app/miniconda3/envs/ros2_humble/include/rclcpp/rclcpp/publisher.hpp:288:17:[m[K [01;36m[Knote: [m[K'[01m[Kstd::enable_if_t[m[K' is only available from C++14 onwards
[2.876s] [01m[K/open_app/miniconda3/envs/ros2_humble/include/rclcpp/rclcpp/publisher.hpp:288:28:[m[K [01;31m[Kerror: [m[Kexpected unqualified-id before '[01m[K<[m[K' token
[2.876s]   288 |   typename std::enable_if_t[01;31m[K<[m[K
[2.876s]       |                            [01;31m[K^[m[K
[2.876s] [01m[K/open_app/miniconda3/envs/ros2_humble/include/rclcpp/rclcpp/publisher.hpp:318:17:[m[K [01;31m[Kerror: [m[K'[01m[Kenable_if_t[m[K' in namespace '[01m[Kstd[m[K' does not name a template type
[2.876s]   318 |   typename std::[01;31m[Kenable_if_t[m[K<
[2.876s]       |                 [01;31m[K^~~~~~~~~~~[m[K
[2.876s] [01m[K/open_app/miniconda3/envs/ros2_humble/include/rclcpp/rclcpp/publisher.hpp:318:17:[m[K [01;36m[Knote: [m[K'[01m[Kstd::enable_if_t[m[K' is only available from C++14 onwards
[2.877s] [01m[K/open_app/miniconda3/envs/ros2_humble/include/rclcpp/rclcpp/publisher.hpp:318:28:[m[K [01;31m[Kerror: [m[Kexpected unqualified-id before '[01m[K<[m[K' token
[2.877s]   318 |   typename std::enable_if_t[01;31m[K<[m[K
[2.877s]       |                            [01;31m[K^[m[K
[2.877s] [01m[K/open_app/miniconda3/envs/ros2_humble/include/rclcpp/rclcpp/publisher.hpp:360:17:[m[K [01;31m[Kerror: [m[K'[01m[Kenable_if_t[m[K' in namespace '[01m[Kstd[m[K' does not name a template type
[2.877s]   360 |   typename std::[01;31m[Kenable_if_t[m[K<
[2.877s]       |                 [01;31m[K^~~~~~~~~~~[m[K
[2.878s] [01m[K/open_app/miniconda3/envs/ros2_humble/include/rclcpp/rclcpp/publisher.hpp:360:17:[m[K [01;36m[Knote: [m[K'[01m[Kstd::enable_if_t[m[K' is only available from C++14 onwards
[2.878s] [01m[K/open_app/miniconda3/envs/ros2_humble/include/rclcpp/rclcpp/publisher.hpp:360:28:[m[K [01;31m[Kerror: [m[Kexpected unqualified-id before '[01m[K<[m[K' token
[2.878s]   360 |   typename std::enable_if_t[01;31m[K<[m[K
[2.878s]       |                            [01;31m[K^[m[K
[2.878s] [01m[K/open_app/miniconda3/envs/ros2_humble/include/rclcpp/rclcpp/publisher.hpp:[m[K In constructor '[01m[Krclcpp::Publisher<MessageT, AllocatorT>::[01;32m[KPublisher[m[K(rclcpp::node_interfaces::NodeBaseInterface*, const std::string&, const rclcpp::QoS&, const rclcpp::PublisherOptionsWithAllocator<AllocatorT>&)[m[K':
[2.878s] [01m[K/open_app/miniconda3/envs/ros2_humble/include/rclcpp/rclcpp/publisher.hpp:133:15:[m[K [01;31m[Kerror: [m[K'[01m[Kget_message_type_support_handle[m[K' is not a member of '[01m[Krclcpp[m[K'
[2.878s]   133 |       rclcpp::[01;31m[Kget_message_type_support_handle[m[K<MessageT>(),
[2.878s]       |               [01;31m[K^~~~~~~~~~~~~~~~~~~~~~~~~~~~~~~[m[K
[2.879s] [01m[K/open_app/miniconda3/envs/ros2_humble/include/rclcpp/rclcpp/publisher.hpp:133:15:[m[K [01;36m[Knote: [m[Ksuggested alternatives:
[2.879s] In file included from [01m[K/open_app/miniconda3/envs/ros2_humble/include/rclcpp/rclcpp/type_support_decl.hpp:18[m[K,
[2.879s]                  from [01m[K/open_app/miniconda3/envs/ros2_humble/include/rclcpp/rclcpp/client.hpp:44[m[K:
[2.879s] [01m[K/open_app/miniconda3/envs/ros2_humble/include/rosidl_runtime_cpp/rosidl_runtime_cpp/message_type_support_decl.hpp:30:39:[m[K [01;36m[Knote: [m[K  '[01m[Krosidl_runtime_cpp::get_message_type_support_handle[m[K'
[2.879s]    30 | const rosidl_message_type_support_t * [01;36m[Kget_message_type_support_handle[m[K();
[2.879s]       |                                       [01;36m[K^~~~~~~~~~~~~~~~~~~~~~~~~~~~~~~[m[K
[2.879s] In file included from [01m[K/open_app/miniconda3/envs/ros2_humble/include/rclcpp/rclcpp/type_support_decl.hpp:21[m[K:
[2.879s] [01m[K/open_app/miniconda3/envs/ros2_humble/include/rosidl_runtime_cpp/rosidl_typesupport_cpp/message_type_support.hpp:25:39:[m[K [01;36m[Knote: [m[K  '[01m[Krosidl_typesupport_cpp::get_message_type_support_handle[m[K'
[2.880s]    25 | const rosidl_message_type_support_t * [01;36m[Kget_message_type_support_handle[m[K();
[2.880s]       |                                       [01;36m[K^~~~~~~~~~~~~~~~~~~~~~~~~~~~~~~[m[K
[2.880s] [01m[K/open_app/miniconda3/envs/ros2_humble/include/rclcpp/rclcpp/publisher.hpp:133:55:[m[K [01;31m[Kerror: [m[Kexpected primary-expression before '[01m[K>[m[K' token
[2.880s]   133 |       rclcpp::get_message_type_support_handle<MessageT[01;31m[K>[m[K(),
[2.880s]       |                                                       [01;31m[K^[m[K
[2.880s] [01m[K/open_app/miniconda3/envs/ros2_humble/include/rclcpp/rclcpp/publisher.hpp:133:57:[m[K [01;31m[Kerror: [m[Kexpected primary-expression before '[01m[K)[m[K' token
[2.880s]   133 |       rclcpp::get_message_type_support_handle<MessageT>([01;31m[K)[m[K,
[2.881s]       |                                                         [01;31m[K^[m[K
[2.929s] [01m[K/open_app/miniconda3/envs/ros2_humble/include/rclcpp/rclcpp/topic_statistics/subscription_topic_statistics.hpp:[m[K In member function '[01m[Kvirtual void rclcpp::topic_statistics::SubscriptionTopicStatistics<CallbackMessageT>::[01;32m[Kpublish_message_and_reset_measurements[m[K()[m[K':
[2.929s] [01m[K/open_app/miniconda3/envs/ros2_humble/include/rclcpp/rclcpp/topic_statistics/subscription_topic_statistics.hpp:153:26:[m[K [01;31m[Kerror: [m[Kno matching function for call to '[01m[Krclcpp::Publisher<statistics_msgs::msg::MetricsMessage_<std::allocator<void> > >::publish(statistics_msgs::msg::MetricsMessage_<std::allocator<void> >&)[m[K'
[2.929s]   153 |       [01;31m[Kpublisher_->publish(msg)[m[K;
[2.929s]       |       [01;31m[K~~~~~~~~~~~~~~~~~~~^~~~~[m[K
[2.930s] [01m[K/open_app/miniconda3/envs/ros2_humble/include/rclcpp/rclcpp/publisher.hpp:383:3:[m[K [01;36m[Knote: [m[Kcandidate: '[01m[Kvoid rclcpp::Publisher<MessageT, AllocatorT>::[01;32m[Kpublish[m[K(const rcl_serialized_message_t&) [35m[K[with MessageT = statistics_msgs::msg::MetricsMessage_<std::allocator<void> >; AllocatorT = std::allocator<void>; rcl_serialized_message_t = rcutils_uint8_array_s][m[K[m[K'
[2.930s]   383 |   [01;36m[Kpublish[m[K(const rcl_serialized_message_t & serialized_msg)
[2.930s]       |   [01;36m[K^~~~~~~[m[K
[2.930s] [01m[K/open_app/miniconda3/envs/ros2_humble/include/rclcpp/rclcpp/publisher.hpp:383:44:[m[K [01;36m[Knote: [m[K  no known conversion for argument 1 from '[01m[Kstatistics_msgs::msg::MetricsMessage_<std::allocator<void> >[m[K' to '[01m[Kconst rcl_serialized_message_t&[m[K' {aka '[01m[Kconst rcutils_uint8_array_s&[m[K'}
[2.930s]   383 |   publish([01;36m[Kconst rcl_serialized_message_t & serialized_msg[m[K)
[2.930s]       |           [01;36m[K~~~~~~~~~~~~~~~~~~~~~~~~~~~~~~~~~^~~~~~~~~~~~~~[m[K
[2.930s] [01m[K/open_app/miniconda3/envs/ros2_humble/include/rclcpp/rclcpp/publisher.hpp:389:3:[m[K [01;36m[Knote: [m[Kcandidate: '[01m[Kvoid rclcpp::Publisher<MessageT, AllocatorT>::[01;32m[Kpublish[m[K(const rclcpp::SerializedMessage&) [35m[K[with MessageT = statistics_msgs::msg::MetricsMessage_<std::allocator<void> >; AllocatorT = std::allocator<void>][m[K[m[K'
[2.930s]   389 |   [01;36m[Kpublish[m[K(const SerializedMessage & serialized_msg)
[2.931s]       |   [01;36m[K^~~~~~~[m[K
[2.931s] [01m[K/open_app/miniconda3/envs/ros2_humble/include/rclcpp/rclcpp/publisher.hpp:389:37:[m[K [01;36m[Knote: [m[K  no known conversion for argument 1 from '[01m[Kstatistics_msgs::msg::MetricsMessage_<std::allocator<void> >[m[K' to '[01m[Kconst rclcpp::SerializedMessage&[m[K'
[2.931s]   389 |   publish([01;36m[Kconst SerializedMessage & serialized_msg[m[K)
[2.931s]       |           [01;36m[K~~~~~~~~~~~~~~~~~~~~~~~~~~^~~~~~~~~~~~~~[m[K
[2.931s] [01m[K/open_app/miniconda3/envs/ros2_humble/include/rclcpp/rclcpp/publisher.hpp:403:3:[m[K [01;36m[Knote: [m[Kcandidate: '[01m[Kvoid rclcpp::Publisher<MessageT, AllocatorT>::[01;32m[Kpublish[m[K(rclcpp::LoanedMessage<typename rclcpp::TypeAdapter<MessageT>::ros_message_type, AllocatorT>&&) [35m[K[with MessageT = statistics_msgs::msg::MetricsMessage_<std::allocator<void> >; AllocatorT = std::allocator<void>; typename rclcpp::TypeAdapter<MessageT>::ros_message_type = statistics_msgs::msg::MetricsMessage_<std::allocator<void> >][m[K[m[K'
[2.931s]   403 |   [01;36m[Kpublish[m[K(rclcpp::LoanedMessage<ROSMessageType, AllocatorT> && loaned_msg)
[2.931s]       |   [01;36m[K^~~~~~~[m[K
[2.932s] [01m[K/open_app/miniconda3/envs/ros2_humble/include/rclcpp/rclcpp/publisher.hpp:403:64:[m[K [01;36m[Knote: [m[K  no known conversion for argument 1 from '[01m[Kstatistics_msgs::msg::MetricsMessage_<std::allocator<void> >[m[K' to '[01m[Krclcpp::LoanedMessage<statistics_msgs::msg::MetricsMessage_<std::allocator<void> >, std::allocator<void> >&&[m[K'
[2.932s]   403 |   publish([01;36m[Krclcpp::LoanedMessage<ROSMessageType, AllocatorT> && loaned_msg[m[K)
[2.932s]       |           [01;36m[K~~~~~~~~~~~~~~~~~~~~~~~~~~~~~~~~~~~~~~~~~~~~~~~~~~~~~^~~~~~~~~~[m[K
[2.933s] [01m[K/open_app/miniconda3/envs/ros2_humble/include/rclcpp/rclcpp/topic_statistics/subscription_topic_statistics.hpp:[m[K In member function '[01m[Kvoid rclcpp::topic_statistics::SubscriptionTopicStatistics<CallbackMessageT>::[01;32m[Kbring_up[m[K()[m[K':
[2.933s] [01m[K/open_app/miniconda3/envs/ros2_humble/include/rclcpp/rclcpp/topic_statistics/subscription_topic_statistics.hpp:182:38:[m[K [01;31m[Kerror: [m[K'[01m[Kmake_unique[m[K' is not a member of '[01m[Kstd[m[K'
[2.933s]   182 |     auto received_message_age = std::[01;31m[Kmake_unique[m[K<ReceivedMessageAge>();
[2.933s]       |                                      [01;31m[K^~~~~~~~~~~[m[K
[2.933s] [01m[K/open_app/miniconda3/envs/ros2_humble/include/rclcpp/rclcpp/topic_statistics/subscription_topic_statistics.hpp:182:38:[m[K [01;36m[Knote: [m[K'[01m[Kstd::make_unique[m[K' is only available from C++14 onwards
[2.933s] [01m[K/open_app/miniconda3/envs/ros2_humble/include/rclcpp/rclcpp/topic_statistics/subscription_topic_statistics.hpp:182:68:[m[K [01;31m[Kerror: [m[Kexpected primary-expression before '[01m[K>[m[K' token
[2.934s]   182 |     auto received_message_age = std::make_unique<ReceivedMessageAge[01;31m[K>[m[K();
[2.934s]       |                                                                    [01;31m[K^[m[K
[2.934s] [01m[K/open_app/miniconda3/envs/ros2_humble/include/rclcpp/rclcpp/topic_statistics/subscription_topic_statistics.hpp:182:70:[m[K [01;31m[Kerror: [m[Kexpected primary-expression before '[01m[K)[m[K' token
[2.934s]   182 |     auto received_message_age = std::make_unique<ReceivedMessageAge>([01;31m[K)[m[K;
[2.934s]       |                                                                      [01;31m[K^[m[K
[2.934s] [01m[K/open_app/miniconda3/envs/ros2_humble/include/rclcpp/rclcpp/topic_statistics/subscription_topic_statistics.hpp:186:41:[m[K [01;31m[Kerror: [m[K'[01m[Kmake_unique[m[K' is not a member of '[01m[Kstd[m[K'
[2.935s]   186 |     auto received_message_period = std::[01;31m[Kmake_unique[m[K<ReceivedMessagePeriod>();
[2.935s]       |                                         [01;31m[K^~~~~~~~~~~[m[K
[2.935s] [01m[K/open_app/miniconda3/envs/ros2_humble/include/rclcpp/rclcpp/topic_statistics/subscription_topic_statistics.hpp:186:41:[m[K [01;36m[Knote: [m[K'[01m[Kstd::make_unique[m[K' is only available from C++14 onwards
[2.935s] [01m[K/open_app/miniconda3/envs/ros2_humble/include/rclcpp/rclcpp/topic_statistics/subscription_topic_statistics.hpp:186:74:[m[K [01;31m[Kerror: [m[Kexpected primary-expression before '[01m[K>[m[K' token
[2.935s]   186 |     auto received_message_period = std::make_unique<ReceivedMessagePeriod[01;31m[K>[m[K();
[2.935s]       |                                                                          [01;31m[K^[m[K
[2.935s] [01m[K/open_app/miniconda3/envs/ros2_humble/include/rclcpp/rclcpp/topic_statistics/subscription_topic_statistics.hpp:186:76:[m[K [01;31m[Kerror: [m[Kexpected primary-expression before '[01m[K)[m[K' token
[2.935s]   186 |     auto received_message_period = std::make_unique<ReceivedMessagePeriod>([01;31m[K)[m[K;
[2.936s]       |                                                                            [01;31m[K^[m[K
[2.936s] [01m[K/open_app/miniconda3/envs/ros2_humble/include/rclcpp/rclcpp/subscription.hpp:[m[K At global scope:
[2.936s] [01m[K/open_app/miniconda3/envs/ros2_humble/include/rclcpp/rclcpp/subscription.hpp:293:8:[m[K [01;31m[Kerror: [m[K'[01m[Kenable_if_t[m[K' in namespace '[01m[Kstd[m[K' does not name a template type
[2.936s]   293 |   std::[01;31m[Kenable_if_t[m[K<
[2.936s]       |        [01;31m[K^~~~~~~~~~~[m[K
[2.936s] [01m[K/open_app/miniconda3/envs/ros2_humble/include/rclcpp/rclcpp/subscription.hpp:293:3:[m[K [01;36m[Knote: [m[K'[01m[Kstd::enable_if_t[m[K' is only available from C++14 onwards
[2.936s]   293 |   [01;36m[Kstd[m[K::enable_if_t<
[2.936s]       |   [01;36m[K^~~[m[K
[2.990s] In file included from [01m[K/open_app/miniconda3/envs/ros2_humble/include/rcl_interfaces/rcl_interfaces/msg/list_parameters_result.hpp:8[m[K,
[2.990s]                  from [01m[K/open_app/miniconda3/envs/ros2_humble/include/rclcpp/rclcpp/node.hpp:35[m[K,
[2.990s]                  from [01m[K/open_app/miniconda3/envs/ros2_humble/include/rclcpp/rclcpp/executors/single_threaded_executor.hpp:28[m[K,
[2.990s]                  from [01m[K/open_app/miniconda3/envs/ros2_humble/include/rclcpp/rclcpp/executors.hpp:22[m[K:
[2.991s] [01m[K/open_app/miniconda3/envs/ros2_humble/include/rcl_interfaces/rcl_interfaces/msg/detail/list_parameters_result__builder.hpp:61:1:[m[K [01;31m[Kerror: [m[K'[01m[Kbuild[m[K' function uses '[01m[Kauto[m[K' type specifier without trailing return type
[2.991s]    61 | [01;31m[Kauto[m[K build();
[2.991s]       | [01;31m[K^~~~[m[K
[2.991s] [01m[K/open_app/miniconda3/envs/ros2_humble/include/rcl_interfaces/rcl_interfaces/msg/detail/list_parameters_result__builder.hpp:61:1:[m[K [01;36m[Knote: [m[Kdeduced return type only available with '[01m[K-std=c++14[m[K' or '[01m[K-std=gnu++14[m[K'
[2.991s] [01m[K/open_app/miniconda3/envs/ros2_humble/include/rcl_interfaces/rcl_interfaces/msg/detail/list_parameters_result__builder.hpp:65:1:[m[K [01;31m[Kerror: [m[K'[01m[Kbuild[m[K' function uses '[01m[Kauto[m[K' type specifier without trailing return type
[2.991s]    65 | [01;31m[Kauto[m[K build<::rcl_interfaces::msg::ListParametersResult>()
[2.991s]       | [01;31m[K^~~~[m[K
[2.992s] [01m[K/open_app/miniconda3/envs/ros2_humble/include/rcl_interfaces/rcl_interfaces/msg/detail/list_parameters_result__builder.hpp:65:1:[m[K [01;36m[Knote: [m[Kdeduced return type only available with '[01m[K-std=c++14[m[K' or '[01m[K-std=gnu++14[m[K'
[3.023s] In file included from [01m[K/open_app/miniconda3/envs/ros2_humble/include/rcl_interfaces/rcl_interfaces/msg/parameter_descriptor.hpp:8[m[K,
[3.023s]                  from [01m[K/open_app/miniconda3/envs/ros2_humble/include/rclcpp/rclcpp/node.hpp:36[m[K:
[3.023s] [01m[K/open_app/miniconda3/envs/ros2_humble/include/rcl_interfaces/rcl_interfaces/msg/detail/parameter_descriptor__builder.hpp:157:1:[m[K [01;31m[Kerror: [m[K'[01m[Kbuild[m[K' function uses '[01m[Kauto[m[K' type specifier without trailing return type
[3.024s]   157 | [01;31m[Kauto[m[K build();
[3.024s]       | [01;31m[K^~~~[m[K
[3.024s] [01m[K/open_app/miniconda3/envs/ros2_humble/include/rcl_interfaces/rcl_interfaces/msg/detail/parameter_descriptor__builder.hpp:157:1:[m[K [01;36m[Knote: [m[Kdeduced return type only available with '[01m[K-std=c++14[m[K' or '[01m[K-std=gnu++14[m[K'
[3.024s] [01m[K/open_app/miniconda3/envs/ros2_humble/include/rcl_interfaces/rcl_interfaces/msg/detail/parameter_descriptor__builder.hpp:161:1:[m[K [01;31m[Kerror: [m[K'[01m[Kbuild[m[K' function uses '[01m[Kauto[m[K' type specifier without trailing return type
[3.024s]   161 | [01;31m[Kauto[m[K build<::rcl_interfaces::msg::ParameterDescriptor>()
[3.024s]       | [01;31m[K^~~~[m[K
[3.024s] [01m[K/open_app/miniconda3/envs/ros2_humble/include/rcl_interfaces/rcl_interfaces/msg/detail/parameter_descriptor__builder.hpp:161:1:[m[K [01;36m[Knote: [m[Kdeduced return type only available with '[01m[K-std=c++14[m[K' or '[01m[K-std=gnu++14[m[K'
[3.064s] In file included from [01m[K/open_app/miniconda3/envs/ros2_humble/include/rcl_interfaces/rcl_interfaces/msg/parameter_event.hpp:8[m[K,
[3.064s]                  from [01m[K/open_app/miniconda3/envs/ros2_humble/include/rclcpp/rclcpp/node.hpp:37[m[K:
[3.064s] [01m[K/open_app/miniconda3/envs/ros2_humble/include/rcl_interfaces/rcl_interfaces/msg/detail/parameter_event__builder.hpp:109:1:[m[K [01;31m[Kerror: [m[K'[01m[Kbuild[m[K' function uses '[01m[Kauto[m[K' type specifier without trailing return type
[3.065s]   109 | [01;31m[Kauto[m[K build();
[3.065s]       | [01;31m[K^~~~[m[K
[3.065s] [01m[K/open_app/miniconda3/envs/ros2_humble/include/rcl_interfaces/rcl_interfaces/msg/detail/parameter_event__builder.hpp:109:1:[m[K [01;36m[Knote: [m[Kdeduced return type only available with '[01m[K-std=c++14[m[K' or '[01m[K-std=gnu++14[m[K'
[3.065s] [01m[K/open_app/miniconda3/envs/ros2_humble/include/rcl_interfaces/rcl_interfaces/msg/detail/parameter_event__builder.hpp:113:1:[m[K [01;31m[Kerror: [m[K'[01m[Kbuild[m[K' function uses '[01m[Kauto[m[K' type specifier without trailing return type
[3.065s]   113 | [01;31m[Kauto[m[K build<::rcl_interfaces::msg::ParameterEvent>()
[3.065s]       | [01;31m[K^~~~[m[K
[3.065s] [01m[K/open_app/miniconda3/envs/ros2_humble/include/rcl_interfaces/rcl_interfaces/msg/detail/parameter_event__builder.hpp:113:1:[m[K [01;36m[Knote: [m[Kdeduced return type only available with '[01m[K-std=c++14[m[K' or '[01m[K-std=gnu++14[m[K'
[3.130s] In file included from [01m[K/open_app/miniconda3/envs/ros2_humble/include/rclcpp/rclcpp/node_interfaces/node_topics_interface.hpp:32[m[K,
[3.130s]                  from [01m[K/open_app/miniconda3/envs/ros2_humble/include/rclcpp/rclcpp/generic_publisher.hpp:27[m[K,
[3.130s]                  from [01m[K/open_app/miniconda3/envs/ros2_humble/include/rclcpp/rclcpp/node.hpp:45[m[K:
[3.131s] [01m[K/open_app/miniconda3/envs/ros2_humble/include/rclcpp/rclcpp/subscription_factory.hpp:[m[K In lambda function:
[3.131s] [01m[K/open_app/miniconda3/envs/ros2_humble/include/rclcpp/rclcpp/subscription_factory.hpp:109:17:[m[K [01;31m[Kerror: [m[K'[01m[Kget_message_type_support_handle[m[K' is not a member of '[01m[Krclcpp[m[K'
[3.131s]   109 |         rclcpp::[01;31m[Kget_message_type_support_handle[m[K<MessageT>(),
[3.131s]       |                 [01;31m[K^~~~~~~~~~~~~~~~~~~~~~~~~~~~~~~[m[K
[3.131s] [01m[K/open_app/miniconda3/envs/ros2_humble/include/rclcpp/rclcpp/subscription_factory.hpp:109:17:[m[K [01;36m[Knote: [m[Ksuggested alternatives:
[3.131s] [01m[K/open_app/miniconda3/envs/ros2_humble/include/rosidl_runtime_cpp/rosidl_runtime_cpp/message_type_support_decl.hpp:30:39:[m[K [01;36m[Knote: [m[K  '[01m[Krosidl_runtime_cpp::get_message_type_support_handle[m[K'
[3.131s]    30 | const rosidl_message_type_support_t * [01;36m[Kget_message_type_support_handle[m[K();
[3.132s]       |                                       [01;36m[K^~~~~~~~~~~~~~~~~~~~~~~~~~~~~~~[m[K
[3.132s] [01m[K/open_app/miniconda3/envs/ros2_humble/include/rosidl_runtime_cpp/rosidl_typesupport_cpp/message_type_support.hpp:25:39:[m[K [01;36m[Knote: [m[K  '[01m[Krosidl_typesupport_cpp::get_message_type_support_handle[m[K'
[3.132s]    25 | const rosidl_message_type_support_t * [01;36m[Kget_message_type_support_handle[m[K();
[3.132s]       |                                       [01;36m[K^~~~~~~~~~~~~~~~~~~~~~~~~~~~~~~[m[K
[3.132s] [01m[K/open_app/miniconda3/envs/ros2_humble/include/rclcpp/rclcpp/subscription_factory.hpp:109:57:[m[K [01;31m[Kerror: [m[Kexpected primary-expression before '[01m[K>[m[K' token
[3.132s]   109 |         rclcpp::get_message_type_support_handle<MessageT[01;31m[K>[m[K(),
[3.132s]       |                                                         [01;31m[K^[m[K
[3.132s] [01m[K/open_app/miniconda3/envs/ros2_humble/include/rclcpp/rclcpp/subscription_factory.hpp:109:59:[m[K [01;31m[Kerror: [m[Kexpected primary-expression before '[01m[K)[m[K' token
[3.133s]   109 |         rclcpp::get_message_type_support_handle<MessageT>([01;31m[K)[m[K,
[3.133s]       |                                                           [01;31m[K^[m[K
[3.180s] In file included from [01m[K/open_app/miniconda3/envs/ros2_humble/include/rcl_interfaces/rcl_interfaces/msg/parameter.hpp:8[m[K,
[3.180s]                  from [01m[K/open_app/miniconda3/envs/ros2_humble/include/rclcpp/rclcpp/parameter.hpp:24[m[K,
[3.180s]                  from [01m[K/open_app/miniconda3/envs/ros2_humble/include/rclcpp/rclcpp/node_interfaces/node_parameters_interface.hpp:28[m[K,
[3.181s]                  from [01m[K/open_app/miniconda3/envs/ros2_humble/include/rclcpp/rclcpp/node.hpp:54[m[K:
[3.181s] [01m[K/open_app/miniconda3/envs/ros2_humble/include/rcl_interfaces/rcl_interfaces/msg/detail/parameter__builder.hpp:[m[K At global scope:
[3.181s] [01m[K/open_app/miniconda3/envs/ros2_humble/include/rcl_interfaces/rcl_interfaces/msg/detail/parameter__builder.hpp:61:1:[m[K [01;31m[Kerror: [m[K'[01m[Kbuild[m[K' function uses '[01m[Kauto[m[K' type specifier without trailing return type
[3.181s]    61 | [01;31m[Kauto[m[K build();
[3.181s]       | [01;31m[K^~~~[m[K
[3.181s] [01m[K/open_app/miniconda3/envs/ros2_humble/include/rcl_interfaces/rcl_interfaces/msg/detail/parameter__builder.hpp:61:1:[m[K [01;36m[Knote: [m[Kdeduced return type only available with '[01m[K-std=c++14[m[K' or '[01m[K-std=gnu++14[m[K'
[3.181s] [01m[K/open_app/miniconda3/envs/ros2_humble/include/rcl_interfaces/rcl_interfaces/msg/detail/parameter__builder.hpp:65:1:[m[K [01;31m[Kerror: [m[K'[01m[Kbuild[m[K' function uses '[01m[Kauto[m[K' type specifier without trailing return type
[3.182s]    65 | [01;31m[Kauto[m[K build<::rcl_interfaces::msg::Parameter>()
[3.182s]       | [01;31m[K^~~~[m[K
[3.182s] [01m[K/open_app/miniconda3/envs/ros2_humble/include/rcl_interfaces/rcl_interfaces/msg/detail/parameter__builder.hpp:65:1:[m[K [01;36m[Knote: [m[Kdeduced return type only available with '[01m[K-std=c++14[m[K' or '[01m[K-std=gnu++14[m[K'
[3.182s] In file included from [01m[K/open_app/miniconda3/envs/ros2_humble/include/rcl_interfaces/rcl_interfaces/msg/parameter_type.hpp:8[m[K,
[3.182s]                  from [01m[K/open_app/miniconda3/envs/ros2_humble/include/rclcpp/rclcpp/parameter_value.hpp:25[m[K,
[3.183s]                  from [01m[K/open_app/miniconda3/envs/ros2_humble/include/rclcpp/rclcpp/parameter.hpp:26[m[K:
[3.183s] [01m[K/open_app/miniconda3/envs/ros2_humble/include/rcl_interfaces/rcl_interfaces/msg/detail/parameter_type__builder.hpp:25:1:[m[K [01;31m[Kerror: [m[K'[01m[Kbuild[m[K' function uses '[01m[Kauto[m[K' type specifier without trailing return type
[3.183s]    25 | [01;31m[Kauto[m[K build();
[3.183s]       | [01;31m[K^~~~[m[K
[3.183s] [01m[K/open_app/miniconda3/envs/ros2_humble/include/rcl_interfaces/rcl_interfaces/msg/detail/parameter_type__builder.hpp:25:1:[m[K [01;36m[Knote: [m[Kdeduced return type only available with '[01m[K-std=c++14[m[K' or '[01m[K-std=gnu++14[m[K'
[3.183s] [01m[K/open_app/miniconda3/envs/ros2_humble/include/rcl_interfaces/rcl_interfaces/msg/detail/parameter_type__builder.hpp:29:1:[m[K [01;31m[Kerror: [m[K'[01m[Kbuild[m[K' function uses '[01m[Kauto[m[K' type specifier without trailing return type
[3.183s]    29 | [01;31m[Kauto[m[K build<::rcl_interfaces::msg::ParameterType>()
[3.184s]       | [01;31m[K^~~~[m[K
[3.184s] [01m[K/open_app/miniconda3/envs/ros2_humble/include/rcl_interfaces/rcl_interfaces/msg/detail/parameter_type__builder.hpp:29:1:[m[K [01;36m[Knote: [m[Kdeduced return type only available with '[01m[K-std=c++14[m[K' or '[01m[K-std=gnu++14[m[K'
[3.193s] In file included from [01m[K/open_app/miniconda3/envs/ros2_humble/include/rcl_interfaces/rcl_interfaces/msg/parameter_value.hpp:8[m[K,
[3.193s]                  from [01m[K/open_app/miniconda3/envs/ros2_humble/include/rclcpp/rclcpp/parameter_value.hpp:26[m[K:
[3.194s] [01m[K/open_app/miniconda3/envs/ros2_humble/include/rcl_interfaces/rcl_interfaces/msg/detail/parameter_value__builder.hpp:189:1:[m[K [01;31m[Kerror: [m[K'[01m[Kbuild[m[K' function uses '[01m[Kauto[m[K' type specifier without trailing return type
[3.194s]   189 | [01;31m[Kauto[m[K build();
[3.194s]       | [01;31m[K^~~~[m[K
[3.194s] [01m[K/open_app/miniconda3/envs/ros2_humble/include/rcl_interfaces/rcl_interfaces/msg/detail/parameter_value__builder.hpp:189:1:[m[K [01;36m[Knote: [m[Kdeduced return type only available with '[01m[K-std=c++14[m[K' or '[01m[K-std=gnu++14[m[K'
[3.194s] [01m[K/open_app/miniconda3/envs/ros2_humble/include/rcl_interfaces/rcl_interfaces/msg/detail/parameter_value__builder.hpp:193:1:[m[K [01;31m[Kerror: [m[K'[01m[Kbuild[m[K' function uses '[01m[Kauto[m[K' type specifier without trailing return type
[3.194s]   193 | [01;31m[Kauto[m[K build<::rcl_interfaces::msg::ParameterValue>()
[3.194s]       | [01;31m[K^~~~[m[K
[3.195s] [01m[K/open_app/miniconda3/envs/ros2_humble/include/rcl_interfaces/rcl_interfaces/msg/detail/parameter_value__builder.hpp:193:1:[m[K [01;36m[Knote: [m[Kdeduced return type only available with '[01m[K-std=c++14[m[K' or '[01m[K-std=gnu++14[m[K'
[3.202s] [01m[K/open_app/miniconda3/envs/ros2_humble/include/rclcpp/rclcpp/parameter.hpp:46:1:[m[K [01;31m[Kerror: [m[K'[01m[Kget_value_helper[m[K' function uses '[01m[Kauto[m[K' type specifier without trailing return type
[3.203s]    46 | [01;31m[Kauto[m[K
[3.203s]       | [01;31m[K^~~~[m[K
[3.203s] [01m[K/open_app/miniconda3/envs/ros2_humble/include/rclcpp/rclcpp/parameter.hpp:46:1:[m[K [01;36m[Knote: [m[Kdeduced return type only available with '[01m[K-std=c++14[m[K' or '[01m[K-std=gnu++14[m[K'
[3.203s] [01m[K/open_app/miniconda3/envs/ros2_humble/include/rclcpp/rclcpp/parameter.hpp:116:3:[m[K [01;31m[Kerror: [m[K'[01m[Kdecltype(auto)[m[K' type specifier only available with '[01m[K-std=c++14[m[K' or '[01m[K-std=gnu++14[m[K'
[3.203s]   116 |   [01;31m[Kdecltype[m[K(auto)
[3.203s]       |   [01;31m[K^~~~~~~~[m[K
[3.204s] [01m[K/open_app/miniconda3/envs/ros2_humble/include/rclcpp/rclcpp/parameter.hpp:124:3:[m[K [01;31m[Kerror: [m[K'[01m[Kdecltype(auto)[m[K' type specifier only available with '[01m[K-std=c++14[m[K' or '[01m[K-std=gnu++14[m[K'
[3.204s]   124 |   [01;31m[Kdecltype[m[K(auto)
[3.204s]       |   [01;31m[K^~~~~~~~[m[K
[3.204s] [01m[K/open_app/miniconda3/envs/ros2_humble/include/rclcpp/rclcpp/parameter.hpp:236:1:[m[K [01;31m[Kerror: [m[K'[01m[Kget_value_helper[m[K' function uses '[01m[Kauto[m[K' type specifier without trailing return type
[3.204s]   236 | [01;31m[Kauto[m[K
[3.204s]       | [01;31m[K^~~~[m[K
[3.204s] [01m[K/open_app/miniconda3/envs/ros2_humble/include/rclcpp/rclcpp/parameter.hpp:236:1:[m[K [01;36m[Knote: [m[Kdeduced return type only available with '[01m[K-std=c++14[m[K' or '[01m[K-std=gnu++14[m[K'
[3.205s] [01m[K/open_app/miniconda3/envs/ros2_humble/include/rclcpp/rclcpp/parameter.hpp:245:1:[m[K [01;31m[Kerror: [m[K'[01m[Kget_value_helper[m[K' function uses '[01m[Kauto[m[K' type specifier without trailing return type
[3.205s]   245 | [01;31m[Kauto[m[K
[3.205s]       | [01;31m[K^~~~[m[K
[3.205s] [01m[K/open_app/miniconda3/envs/ros2_humble/include/rclcpp/rclcpp/parameter.hpp:245:1:[m[K [01;36m[Knote: [m[Kdeduced return type only available with '[01m[K-std=c++14[m[K' or '[01m[K-std=gnu++14[m[K'
[3.205s] [01m[K/open_app/miniconda3/envs/ros2_humble/include/rclcpp/rclcpp/parameter.hpp:254:1:[m[K [01;31m[Kerror: [m[K'[01m[Kget_value_helper[m[K' function uses '[01m[Kauto[m[K' type specifier without trailing return type
[3.205s]   254 | [01;31m[Kauto[m[K
[3.205s]       | [01;31m[K^~~~[m[K
[3.206s] [01m[K/open_app/miniconda3/envs/ros2_humble/include/rclcpp/rclcpp/parameter.hpp:254:1:[m[K [01;36m[Knote: [m[Kdeduced return type only available with '[01m[K-std=c++14[m[K' or '[01m[K-std=gnu++14[m[K'
[3.206s] [01m[K/open_app/miniconda3/envs/ros2_humble/include/rclcpp/rclcpp/parameter.hpp:269:1:[m[K [01;31m[Kerror: [m[K'[01m[Kdecltype(auto)[m[K' type specifier only available with '[01m[K-std=c++14[m[K' or '[01m[K-std=gnu++14[m[K'
[3.206s]   269 | [01;31m[Kdecltype[m[K(auto)
[3.206s]       | [01;31m[K^~~~~~~~[m[K
[3.275s] [01m[K/open_app/miniconda3/envs/ros2_humble/include/rclcpp/rclcpp/node.hpp:420:3:[m[K [01;31m[Kerror: [m[K'[01m[Kdeclare_parameter[m[K' function uses '[01m[Kauto[m[K' type specifier without trailing return type
[3.275s]   420 |   [01;31m[Kauto[m[K
[3.275s]       |   [01;31m[K^~~~[m[K
[3.276s] [01m[K/open_app/miniconda3/envs/ros2_humble/include/rclcpp/rclcpp/node.hpp:420:3:[m[K [01;36m[Knote: [m[Kdeduced return type only available with '[01m[K-std=c++14[m[K' or '[01m[K-std=gnu++14[m[K'
[3.276s] [01m[K/open_app/miniconda3/envs/ros2_humble/include/rclcpp/rclcpp/node.hpp:433:3:[m[K [01;31m[Kerror: [m[K'[01m[Kdeclare_parameter[m[K' function uses '[01m[Kauto[m[K' type specifier without trailing return type
[3.276s]   433 |   [01;31m[Kauto[m[K
[3.276s]       |   [01;31m[K^~~~[m[K
[3.276s] [01m[K/open_app/miniconda3/envs/ros2_humble/include/rclcpp/rclcpp/node.hpp:433:3:[m[K [01;36m[Knote: [m[Kdeduced return type only available with '[01m[K-std=c++14[m[K' or '[01m[K-std=gnu++14[m[K'
[3.299s] In file included from [01m[K/open_app/miniconda3/envs/ros2_humble/include/rclcpp/rclcpp/create_publisher.hpp:29[m[K,
[3.299s]                  from [01m[K/open_app/miniconda3/envs/ros2_humble/include/rclcpp/rclcpp/node_impl.hpp:41[m[K,
[3.299s]                  from [01m[K/open_app/miniconda3/envs/ros2_humble/include/rclcpp/rclcpp/node.hpp:1321[m[K:
[3.299s] [01m[K/open_app/miniconda3/envs/ros2_humble/include/rclcpp/rclcpp/detail/qos_parameters.hpp:45:20:[m[K [01;31m[Kerror: [m[K'[01m[Kallowed_policies[m[K' function uses '[01m[Kauto[m[K' type specifier without trailing return type
[3.299s]    45 |   static constexpr [01;31m[Kauto[m[K allowed_policies()
[3.300s]       |                    [01;31m[K^~~~[m[K
[3.300s] [01m[K/open_app/miniconda3/envs/ros2_humble/include/rclcpp/rclcpp/detail/qos_parameters.hpp:45:20:[m[K [01;36m[Knote: [m[Kdeduced return type only available with '[01m[K-std=c++14[m[K' or '[01m[K-std=gnu++14[m[K'
[3.301s] [01m[K/open_app/miniconda3/envs/ros2_humble/include/rclcpp/rclcpp/detail/qos_parameters.hpp:65:20:[m[K [01;31m[Kerror: [m[K'[01m[Kallowed_policies[m[K' function uses '[01m[Kauto[m[K' type specifier without trailing return type
[3.301s]    65 |   static constexpr [01;31m[Kauto[m[K allowed_policies()
[3.301s]       |                    [01;31m[K^~~~[m[K
[3.302s] [01m[K/open_app/miniconda3/envs/ros2_humble/include/rclcpp/rclcpp/detail/qos_parameters.hpp:65:20:[m[K [01;36m[Knote: [m[Kdeduced return type only available with '[01m[K-std=c++14[m[K' or '[01m[K-std=gnu++14[m[K'
[3.302s] [01m[K/open_app/miniconda3/envs/ros2_humble/include/rclcpp/rclcpp/detail/qos_parameters.hpp:132:6:[m[K [01;31m[Kerror: [m[K'[01m[Kenable_if_t[m[K' in namespace '[01m[Kstd[m[K' does not name a template type
[3.302s]   132 | std::[01;31m[Kenable_if_t[m[K<
[3.302s]       |      [01;31m[K^~~~~~~~~~~[m[K
[3.302s] [01m[K/open_app/miniconda3/envs/ros2_humble/include/rclcpp/rclcpp/detail/qos_parameters.hpp:132:1:[m[K [01;36m[Knote: [m[K'[01m[Kstd::enable_if_t[m[K' is only available from C++14 onwards
[3.302s]   132 | [01;36m[Kstd[m[K::enable_if_t<
[3.302s]       | [01;36m[K^~~[m[K
[3.303s] [01m[K/open_app/miniconda3/envs/ros2_humble/include/rclcpp/rclcpp/detail/qos_parameters.hpp:198:6:[m[K [01;31m[Kerror: [m[K'[01m[Kenable_if_t[m[K' in namespace '[01m[Kstd[m[K' does not name a template type
[3.303s]   198 | std::[01;31m[Kenable_if_t[m[K<
[3.303s]       |      [01;31m[K^~~~~~~~~~~[m[K
[3.303s] [01m[K/open_app/miniconda3/envs/ros2_humble/include/rclcpp/rclcpp/detail/qos_parameters.hpp:198:1:[m[K [01;36m[Knote: [m[K'[01m[Kstd::enable_if_t[m[K' is only available from C++14 onwards
[3.303s]   198 | [01;36m[Kstd[m[K::enable_if_t<
[3.303s]       | [01;36m[K^~~[m[K
[3.322s] [01m[K/open_app/miniconda3/envs/ros2_humble/include/rclcpp/rclcpp/create_publisher.hpp:[m[K In function '[01m[Kstd::shared_ptr<PublisherT> rclcpp::detail::[01;32m[Kcreate_publisher[m[K(NodeParametersT&, NodeTopicsT&, const std::string&, const rclcpp::QoS&, const rclcpp::PublisherOptionsWithAllocator<AllocatorT>&)[m[K':
[3.322s] [01m[K/open_app/miniconda3/envs/ros2_humble/include/rclcpp/rclcpp/create_publisher.hpp:58:21:[m[K [01;31m[Kerror: [m[K'[01m[Kdeclare_qos_parameters[m[K' is not a member of '[01m[Krclcpp::detail[m[K'
[3.322s]    58 |     rclcpp::detail::[01;31m[Kdeclare_qos_parameters[m[K(
[3.322s]       |                     [01;31m[K^~~~~~~~~~~~~~~~~~~~~~[m[K
[3.331s] In file included from [01m[K/open_app/miniconda3/envs/ros2_humble/include/rclcpp/rclcpp/node_impl.hpp:43[m[K:
[3.331s] [01m[K/open_app/miniconda3/envs/ros2_humble/include/rclcpp/rclcpp/create_subscription.hpp:[m[K In function '[01m[Kstd::shared_ptr<ROSMessageT> rclcpp::detail::[01;32m[Kcreate_subscription[m[K(NodeParametersT&, NodeTopicsT&, const std::string&, const rclcpp::QoS&, CallbackT&&, const rclcpp::SubscriptionOptionsWithAllocator<AllocatorT>&, typename MessageMemoryStrategyT::SharedPtr)[m[K':
[3.331s] [01m[K/open_app/miniconda3/envs/ros2_humble/include/rclcpp/rclcpp/create_subscription.hpp:130:21:[m[K [01;31m[Kerror: [m[K'[01m[Kdeclare_qos_parameters[m[K' is not a member of '[01m[Krclcpp::detail[m[K'
[3.331s]   130 |     rclcpp::detail::[01;31m[Kdeclare_qos_parameters[m[K(
[3.332s]       |                     [01;31m[K^~~~~~~~~~~~~~~~~~~~~~[m[K
[3.334s] [01m[K/open_app/miniconda3/envs/ros2_humble/include/rclcpp/rclcpp/node_impl.hpp:[m[K At global scope:
[3.334s] [01m[K/open_app/miniconda3/envs/ros2_humble/include/rclcpp/rclcpp/node_impl.hpp:194:1:[m[K [01;31m[Kerror: [m[K'[01m[Kdeclare_parameter[m[K' function uses '[01m[Kauto[m[K' type specifier without trailing return type
[3.335s]   194 | [01;31m[Kauto[m[K
[3.335s]       | [01;31m[K^~~~[m[K
[3.335s] [01m[K/open_app/miniconda3/envs/ros2_humble/include/rclcpp/rclcpp/node_impl.hpp:194:1:[m[K [01;36m[Knote: [m[Kdeduced return type only available with '[01m[K-std=c++14[m[K' or '[01m[K-std=gnu++14[m[K'
[3.335s] [01m[K/open_app/miniconda3/envs/ros2_humble/include/rclcpp/rclcpp/node_impl.hpp:214:1:[m[K [01;31m[Kerror: [m[K'[01m[Kdeclare_parameter[m[K' function uses '[01m[Kauto[m[K' type specifier without trailing return type
[3.335s]   214 | [01;31m[Kauto[m[K
[3.335s]       | [01;31m[K^~~~[m[K
[3.335s] [01m[K/open_app/miniconda3/envs/ros2_humble/include/rclcpp/rclcpp/node_impl.hpp:214:1:[m[K [01;36m[Knote: [m[Kdeduced return type only available with '[01m[K-std=c++14[m[K' or '[01m[K-std=gnu++14[m[K'
[3.336s] [01m[K/open_app/miniconda3/envs/ros2_humble/include/rclcpp/rclcpp/node_impl.hpp:[m[K In member function '[01m[Kstd::vector<BufferT> rclcpp::Node::[01;32m[Kdeclare_parameters[m[K(const std::string&, const std::map<std::__cxx11::basic_string<char>, ParameterT>&, bool)[m[K':
[3.336s] [01m[K/open_app/miniconda3/envs/ros2_humble/include/rclcpp/rclcpp/node_impl.hpp:246:53:[m[K [01;31m[Kerror: [m[Kuse of '[01m[Kauto[m[K' in lambda parameter declaration only available with '[01m[K-std=c++14[m[K' or '[01m[K-std=gnu++14[m[K'
[3.336s]   246 |     [this, &normalized_namespace, ignore_overrides]([01;31m[Kauto[m[K element) {
[3.337s]       |                                                     [01;31m[K^~~~[m[K
[3.337s] [01m[K/open_app/miniconda3/envs/ros2_humble/include/rclcpp/rclcpp/node_impl.hpp:[m[K In lambda function:
[3.337s] [01m[K/open_app/miniconda3/envs/ros2_humble/include/rclcpp/rclcpp/node_impl.hpp:248:40:[m[K [01;31m[Kerror: [m[Krequest for member '[01m[Kfirst[m[K' in '[01m[Kelement[m[K', which is of non-class type '[01m[Kint[m[K'
[3.337s]   248 |         normalized_namespace + element.[01;31m[Kfirst[m[K,
[3.338s]       |                                        [01;31m[K^~~~~[m[K
[3.338s] [01m[K/open_app/miniconda3/envs/ros2_humble/include/rclcpp/rclcpp/node_impl.hpp:249:17:[m[K [01;31m[Kerror: [m[Krequest for member '[01m[Ksecond[m[K' in '[01m[Kelement[m[K', which is of non-class type '[01m[Kint[m[K'
[3.338s]   249 |         element.[01;31m[Ksecond[m[K,
[3.338s]       |                 [01;31m[K^~~~~~[m[K
[3.338s] [01m[K/open_app/miniconda3/envs/ros2_humble/include/rclcpp/rclcpp/node_impl.hpp:[m[K In member function '[01m[Kstd::vector<BufferT> rclcpp::Node::[01;32m[Kdeclare_parameters[m[K(const std::string&, const std::map<std::__cxx11::basic_string<char>, std::pair<ParameterT, rcl_interfaces::msg::ParameterDescriptor_<std::allocator<void> > > >&, bool)[m[K':
[3.338s] [01m[K/open_app/miniconda3/envs/ros2_humble/include/rclcpp/rclcpp/node_impl.hpp:271:53:[m[K [01;31m[Kerror: [m[Kuse of '[01m[Kauto[m[K' in lambda parameter declaration only available with '[01m[K-std=c++14[m[K' or '[01m[K-std=gnu++14[m[K'
[3.338s]   271 |     [this, &normalized_namespace, ignore_overrides]([01;31m[Kauto[m[K element) {
[3.339s]       |                                                     [01;31m[K^~~~[m[K
[3.339s] [01m[K/open_app/miniconda3/envs/ros2_humble/include/rclcpp/rclcpp/node_impl.hpp:[m[K In lambda function:
[3.339s] [01m[K/open_app/miniconda3/envs/ros2_humble/include/rclcpp/rclcpp/node_impl.hpp:274:42:[m[K [01;31m[Kerror: [m[Krequest for member '[01m[Kfirst[m[K' in '[01m[Kelement[m[K', which is of non-class type '[01m[Kint[m[K'
[3.339s]   274 |           normalized_namespace + element.[01;31m[Kfirst[m[K,
[3.339s]       |                                          [01;31m[K^~~~~[m[K
[3.339s] [01m[K/open_app/miniconda3/envs/ros2_humble/include/rclcpp/rclcpp/node_impl.hpp:275:19:[m[K [01;31m[Kerror: [m[Krequest for member '[01m[Ksecond[m[K' in '[01m[Kelement[m[K', which is of non-class type '[01m[Kint[m[K'
[3.339s]   275 |           element.[01;31m[Ksecond[m[K.first,
[3.340s]       |                   [01;31m[K^~~~~~[m[K
[3.340s] [01m[K/open_app/miniconda3/envs/ros2_humble/include/rclcpp/rclcpp/node_impl.hpp:276:19:[m[K [01;31m[Kerror: [m[Krequest for member '[01m[Ksecond[m[K' in '[01m[Kelement[m[K', which is of non-class type '[01m[Kint[m[K'
[3.340s]   276 |           element.[01;31m[Ksecond[m[K.second,
[3.340s]       |                   [01;31m[K^~~~~~[m[K
[3.440s] In file included from [01m[K/open_app/miniconda3/envs/ros2_humble/include/rcl_interfaces/rcl_interfaces/srv/describe_parameters.hpp:8[m[K,
[3.441s]                  from [01m[K/open_app/miniconda3/envs/ros2_humble/include/rclcpp/rclcpp/parameter_client.hpp:28[m[K,
[3.441s]                  from [01m[K/open_app/miniconda3/envs/ros2_humble/include/rclcpp/rclcpp/rclcpp.hpp:159[m[K:
[3.441s] [01m[K/open_app/miniconda3/envs/ros2_humble/include/rcl_interfaces/rcl_interfaces/srv/detail/describe_parameters__builder.hpp:[m[K At global scope:
[3.441s] [01m[K/open_app/miniconda3/envs/ros2_humble/include/rcl_interfaces/rcl_interfaces/srv/detail/describe_parameters__builder.hpp:45:1:[m[K [01;31m[Kerror: [m[K'[01m[Kbuild[m[K' function uses '[01m[Kauto[m[K' type specifier without trailing return type
[3.441s]    45 | [01;31m[Kauto[m[K build();
[3.442s]       | [01;31m[K^~~~[m[K
[3.442s] [01m[K/open_app/miniconda3/envs/ros2_humble/include/rcl_interfaces/rcl_interfaces/srv/detail/describe_parameters__builder.hpp:45:1:[m[K [01;36m[Knote: [m[Kdeduced return type only available with '[01m[K-std=c++14[m[K' or '[01m[K-std=gnu++14[m[K'
[3.442s] [01m[K/open_app/miniconda3/envs/ros2_humble/include/rcl_interfaces/rcl_interfaces/srv/detail/describe_parameters__builder.hpp:49:1:[m[K [01;31m[Kerror: [m[K'[01m[Kbuild[m[K' function uses '[01m[Kauto[m[K' type specifier without trailing return type
[3.442s]    49 | [01;31m[Kauto[m[K build<::rcl_interfaces::srv::DescribeParameters_Request>()
[3.442s]       | [01;31m[K^~~~[m[K
[3.442s] [01m[K/open_app/miniconda3/envs/ros2_humble/include/rcl_interfaces/rcl_interfaces/srv/detail/describe_parameters__builder.hpp:49:1:[m[K [01;36m[Knote: [m[Kdeduced return type only available with '[01m[K-std=c++14[m[K' or '[01m[K-std=gnu++14[m[K'
[3.447s] [01m[K/open_app/miniconda3/envs/ros2_humble/include/rcl_interfaces/rcl_interfaces/srv/detail/describe_parameters__builder.hpp:87:1:[m[K [01;31m[Kerror: [m[K'[01m[Kbuild[m[K' function uses '[01m[Kauto[m[K' type specifier without trailing return type
[3.447s]    87 | [01;31m[Kauto[m[K build();
[3.447s]       | [01;31m[K^~~~[m[K
[3.447s] [01m[K/open_app/miniconda3/envs/ros2_humble/include/rcl_interfaces/rcl_interfaces/srv/detail/describe_parameters__builder.hpp:87:1:[m[K [01;36m[Knote: [m[Kdeduced return type only available with '[01m[K-std=c++14[m[K' or '[01m[K-std=gnu++14[m[K'
[3.447s] [01m[K/open_app/miniconda3/envs/ros2_humble/include/rcl_interfaces/rcl_interfaces/srv/detail/describe_parameters__builder.hpp:91:1:[m[K [01;31m[Kerror: [m[K'[01m[Kbuild[m[K' function uses '[01m[Kauto[m[K' type specifier without trailing return type
[3.448s]    91 | [01;31m[Kauto[m[K build<::rcl_interfaces::srv::DescribeParameters_Response>()
[3.448s]       | [01;31m[K^~~~[m[K
[3.448s] [01m[K/open_app/miniconda3/envs/ros2_humble/include/rcl_interfaces/rcl_interfaces/srv/detail/describe_parameters__builder.hpp:91:1:[m[K [01;36m[Knote: [m[Kdeduced return type only available with '[01m[K-std=c++14[m[K' or '[01m[K-std=gnu++14[m[K'
[3.461s] In file included from [01m[K/open_app/miniconda3/envs/ros2_humble/include/rcl_interfaces/rcl_interfaces/srv/get_parameter_types.hpp:8[m[K,
[3.462s]                  from [01m[K/open_app/miniconda3/envs/ros2_humble/include/rclcpp/rclcpp/parameter_client.hpp:29[m[K:
[3.462s] [01m[K/open_app/miniconda3/envs/ros2_humble/include/rcl_interfaces/rcl_interfaces/srv/detail/get_parameter_types__builder.hpp:45:1:[m[K [01;31m[Kerror: [m[K'[01m[Kbuild[m[K' function uses '[01m[Kauto[m[K' type specifier without trailing return type
[3.462s]    45 | [01;31m[Kauto[m[K build();
[3.462s]       | [01;31m[K^~~~[m[K
[3.462s] [01m[K/open_app/miniconda3/envs/ros2_humble/include/rcl_interfaces/rcl_interfaces/srv/detail/get_parameter_types__builder.hpp:45:1:[m[K [01;36m[Knote: [m[Kdeduced return type only available with '[01m[K-std=c++14[m[K' or '[01m[K-std=gnu++14[m[K'
[3.462s] [01m[K/open_app/miniconda3/envs/ros2_humble/include/rcl_interfaces/rcl_interfaces/srv/detail/get_parameter_types__builder.hpp:49:1:[m[K [01;31m[Kerror: [m[K'[01m[Kbuild[m[K' function uses '[01m[Kauto[m[K' type specifier without trailing return type
[3.462s]    49 | [01;31m[Kauto[m[K build<::rcl_interfaces::srv::GetParameterTypes_Request>()
[3.463s]       | [01;31m[K^~~~[m[K
[3.463s] [01m[K/open_app/miniconda3/envs/ros2_humble/include/rcl_interfaces/rcl_interfaces/srv/detail/get_parameter_types__builder.hpp:49:1:[m[K [01;36m[Knote: [m[Kdeduced return type only available with '[01m[K-std=c++14[m[K' or '[01m[K-std=gnu++14[m[K'
[3.463s] [01m[K/open_app/miniconda3/envs/ros2_humble/include/rcl_interfaces/rcl_interfaces/srv/detail/get_parameter_types__builder.hpp:87:1:[m[K [01;31m[Kerror: [m[K'[01m[Kbuild[m[K' function uses '[01m[Kauto[m[K' type specifier without trailing return type
[3.463s]    87 | [01;31m[Kauto[m[K build();
[3.463s]       | [01;31m[K^~~~[m[K
[3.463s] [01m[K/open_app/miniconda3/envs/ros2_humble/include/rcl_interfaces/rcl_interfaces/srv/detail/get_parameter_types__builder.hpp:87:1:[m[K [01;36m[Knote: [m[Kdeduced return type only available with '[01m[K-std=c++14[m[K' or '[01m[K-std=gnu++14[m[K'
[3.464s] [01m[K/open_app/miniconda3/envs/ros2_humble/include/rcl_interfaces/rcl_interfaces/srv/detail/get_parameter_types__builder.hpp:91:1:[m[K [01;31m[Kerror: [m[K'[01m[Kbuild[m[K' function uses '[01m[Kauto[m[K' type specifier without trailing return type
[3.464s]    91 | [01;31m[Kauto[m[K build<::rcl_interfaces::srv::GetParameterTypes_Response>()
[3.464s]       | [01;31m[K^~~~[m[K
[3.464s] [01m[K/open_app/miniconda3/envs/ros2_humble/include/rcl_interfaces/rcl_interfaces/srv/detail/get_parameter_types__builder.hpp:91:1:[m[K [01;36m[Knote: [m[Kdeduced return type only available with '[01m[K-std=c++14[m[K' or '[01m[K-std=gnu++14[m[K'
[3.477s] In file included from [01m[K/open_app/miniconda3/envs/ros2_humble/include/rcl_interfaces/rcl_interfaces/srv/get_parameters.hpp:8[m[K,
[3.477s]                  from [01m[K/open_app/miniconda3/envs/ros2_humble/include/rclcpp/rclcpp/parameter_client.hpp:30[m[K:
[3.477s] [01m[K/open_app/miniconda3/envs/ros2_humble/include/rcl_interfaces/rcl_interfaces/srv/detail/get_parameters__builder.hpp:45:1:[m[K [01;31m[Kerror: [m[K'[01m[Kbuild[m[K' function uses '[01m[Kauto[m[K' type specifier without trailing return type
[3.477s]    45 | [01;31m[Kauto[m[K build();
[3.477s]       | [01;31m[K^~~~[m[K
[3.477s] [01m[K/open_app/miniconda3/envs/ros2_humble/include/rcl_interfaces/rcl_interfaces/srv/detail/get_parameters__builder.hpp:45:1:[m[K [01;36m[Knote: [m[Kdeduced return type only available with '[01m[K-std=c++14[m[K' or '[01m[K-std=gnu++14[m[K'
[3.478s] [01m[K/open_app/miniconda3/envs/ros2_humble/include/rcl_interfaces/rcl_interfaces/srv/detail/get_parameters__builder.hpp:49:1:[m[K [01;31m[Kerror: [m[K'[01m[Kbuild[m[K' function uses '[01m[Kauto[m[K' type specifier without trailing return type
[3.478s]    49 | [01;31m[Kauto[m[K build<::rcl_interfaces::srv::GetParameters_Request>()
[3.478s]       | [01;31m[K^~~~[m[K
[3.478s] [01m[K/open_app/miniconda3/envs/ros2_humble/include/rcl_interfaces/rcl_interfaces/srv/detail/get_parameters__builder.hpp:49:1:[m[K [01;36m[Knote: [m[Kdeduced return type only available with '[01m[K-std=c++14[m[K' or '[01m[K-std=gnu++14[m[K'
[3.483s] [01m[K/open_app/miniconda3/envs/ros2_humble/include/rcl_interfaces/rcl_interfaces/srv/detail/get_parameters__builder.hpp:87:1:[m[K [01;31m[Kerror: [m[K'[01m[Kbuild[m[K' function uses '[01m[Kauto[m[K' type specifier without trailing return type
[3.484s]    87 | [01;31m[Kauto[m[K build();
[3.484s]       | [01;31m[K^~~~[m[K
[3.484s] [01m[K/open_app/miniconda3/envs/ros2_humble/include/rcl_interfaces/rcl_interfaces/srv/detail/get_parameters__builder.hpp:87:1:[m[K [01;36m[Knote: [m[Kdeduced return type only available with '[01m[K-std=c++14[m[K' or '[01m[K-std=gnu++14[m[K'
[3.484s] [01m[K/open_app/miniconda3/envs/ros2_humble/include/rcl_interfaces/rcl_interfaces/srv/detail/get_parameters__builder.hpp:91:1:[m[K [01;31m[Kerror: [m[K'[01m[Kbuild[m[K' function uses '[01m[Kauto[m[K' type specifier without trailing return type
[3.484s]    91 | [01;31m[Kauto[m[K build<::rcl_interfaces::srv::GetParameters_Response>()
[3.484s]       | [01;31m[K^~~~[m[K
[3.484s] [01m[K/open_app/miniconda3/envs/ros2_humble/include/rcl_interfaces/rcl_interfaces/srv/detail/get_parameters__builder.hpp:91:1:[m[K [01;36m[Knote: [m[Kdeduced return type only available with '[01m[K-std=c++14[m[K' or '[01m[K-std=gnu++14[m[K'
[3.499s] In file included from [01m[K/open_app/miniconda3/envs/ros2_humble/include/rcl_interfaces/rcl_interfaces/srv/list_parameters.hpp:8[m[K,
[3.500s]                  from [01m[K/open_app/miniconda3/envs/ros2_humble/include/rclcpp/rclcpp/parameter_client.hpp:31[m[K:
[3.500s] [01m[K/open_app/miniconda3/envs/ros2_humble/include/rcl_interfaces/rcl_interfaces/srv/detail/list_parameters__builder.hpp:61:1:[m[K [01;31m[Kerror: [m[K'[01m[Kbuild[m[K' function uses '[01m[Kauto[m[K' type specifier without trailing return type
[3.500s]    61 | [01;31m[Kauto[m[K build();
[3.500s]       | [01;31m[K^~~~[m[K
[3.500s] [01m[K/open_app/miniconda3/envs/ros2_humble/include/rcl_interfaces/rcl_interfaces/srv/detail/list_parameters__builder.hpp:61:1:[m[K [01;36m[Knote: [m[Kdeduced return type only available with '[01m[K-std=c++14[m[K' or '[01m[K-std=gnu++14[m[K'
[3.500s] [01m[K/open_app/miniconda3/envs/ros2_humble/include/rcl_interfaces/rcl_interfaces/srv/detail/list_parameters__builder.hpp:65:1:[m[K [01;31m[Kerror: [m[K'[01m[Kbuild[m[K' function uses '[01m[Kauto[m[K' type specifier without trailing return type
[3.501s]    65 | [01;31m[Kauto[m[K build<::rcl_interfaces::srv::ListParameters_Request>()
[3.501s]       | [01;31m[K^~~~[m[K
[3.501s] [01m[K/open_app/miniconda3/envs/ros2_humble/include/rcl_interfaces/rcl_interfaces/srv/detail/list_parameters__builder.hpp:65:1:[m[K [01;36m[Knote: [m[Kdeduced return type only available with '[01m[K-std=c++14[m[K' or '[01m[K-std=gnu++14[m[K'
[3.501s] [01m[K/open_app/miniconda3/envs/ros2_humble/include/rcl_interfaces/rcl_interfaces/srv/detail/list_parameters__builder.hpp:103:1:[m[K [01;31m[Kerror: [m[K'[01m[Kbuild[m[K' function uses '[01m[Kauto[m[K' type specifier without trailing return type
[3.501s]   103 | [01;31m[Kauto[m[K build();
[3.502s]       | [01;31m[K^~~~[m[K
[3.502s] [01m[K/open_app/miniconda3/envs/ros2_humble/include/rcl_interfaces/rcl_interfaces/srv/detail/list_parameters__builder.hpp:103:1:[m[K [01;36m[Knote: [m[Kdeduced return type only available with '[01m[K-std=c++14[m[K' or '[01m[K-std=gnu++14[m[K'
[3.502s] [01m[K/open_app/miniconda3/envs/ros2_humble/include/rcl_interfaces/rcl_interfaces/srv/detail/list_parameters__builder.hpp:107:1:[m[K [01;31m[Kerror: [m[K'[01m[Kbuild[m[K' function uses '[01m[Kauto[m[K' type specifier without trailing return type
[3.502s]   107 | [01;31m[Kauto[m[K build<::rcl_interfaces::srv::ListParameters_Response>()
[3.502s]       | [01;31m[K^~~~[m[K
[3.502s] [01m[K/open_app/miniconda3/envs/ros2_humble/include/rcl_interfaces/rcl_interfaces/srv/detail/list_parameters__builder.hpp:107:1:[m[K [01;36m[Knote: [m[Kdeduced return type only available with '[01m[K-std=c++14[m[K' or '[01m[K-std=gnu++14[m[K'
[3.514s] In file included from [01m[K/open_app/miniconda3/envs/ros2_humble/include/rcl_interfaces/rcl_interfaces/srv/set_parameters.hpp:8[m[K,
[3.514s]                  from [01m[K/open_app/miniconda3/envs/ros2_humble/include/rclcpp/rclcpp/parameter_client.hpp:32[m[K:
[3.514s] [01m[K/open_app/miniconda3/envs/ros2_humble/include/rcl_interfaces/rcl_interfaces/srv/detail/set_parameters__builder.hpp:45:1:[m[K [01;31m[Kerror: [m[K'[01m[Kbuild[m[K' function uses '[01m[Kauto[m[K' type specifier without trailing return type
[3.514s]    45 | [01;31m[Kauto[m[K build();
[3.514s]       | [01;31m[K^~~~[m[K
[3.514s] [01m[K/open_app/miniconda3/envs/ros2_humble/include/rcl_interfaces/rcl_interfaces/srv/detail/set_parameters__builder.hpp:45:1:[m[K [01;36m[Knote: [m[Kdeduced return type only available with '[01m[K-std=c++14[m[K' or '[01m[K-std=gnu++14[m[K'
[3.515s] [01m[K/open_app/miniconda3/envs/ros2_humble/include/rcl_interfaces/rcl_interfaces/srv/detail/set_parameters__builder.hpp:49:1:[m[K [01;31m[Kerror: [m[K'[01m[Kbuild[m[K' function uses '[01m[Kauto[m[K' type specifier without trailing return type
[3.515s]    49 | [01;31m[Kauto[m[K build<::rcl_interfaces::srv::SetParameters_Request>()
[3.515s]       | [01;31m[K^~~~[m[K
[3.515s] [01m[K/open_app/miniconda3/envs/ros2_humble/include/rcl_interfaces/rcl_interfaces/srv/detail/set_parameters__builder.hpp:49:1:[m[K [01;36m[Knote: [m[Kdeduced return type only available with '[01m[K-std=c++14[m[K' or '[01m[K-std=gnu++14[m[K'
[3.520s] [01m[K/open_app/miniconda3/envs/ros2_humble/include/rcl_interfaces/rcl_interfaces/srv/detail/set_parameters__builder.hpp:87:1:[m[K [01;31m[Kerror: [m[K'[01m[Kbuild[m[K' function uses '[01m[Kauto[m[K' type specifier without trailing return type
[3.520s]    87 | [01;31m[Kauto[m[K build();
[3.521s]       | [01;31m[K^~~~[m[K
[3.521s] [01m[K/open_app/miniconda3/envs/ros2_humble/include/rcl_interfaces/rcl_interfaces/srv/detail/set_parameters__builder.hpp:87:1:[m[K [01;36m[Knote: [m[Kdeduced return type only available with '[01m[K-std=c++14[m[K' or '[01m[K-std=gnu++14[m[K'
[3.521s] [01m[K/open_app/miniconda3/envs/ros2_humble/include/rcl_interfaces/rcl_interfaces/srv/detail/set_parameters__builder.hpp:91:1:[m[K [01;31m[Kerror: [m[K'[01m[Kbuild[m[K' function uses '[01m[Kauto[m[K' type specifier without trailing return type
[3.521s]    91 | [01;31m[Kauto[m[K build<::rcl_interfaces::srv::SetParameters_Response>()
[3.521s]       | [01;31m[K^~~~[m[K
[3.521s] [01m[K/open_app/miniconda3/envs/ros2_humble/include/rcl_interfaces/rcl_interfaces/srv/detail/set_parameters__builder.hpp:91:1:[m[K [01;36m[Knote: [m[Kdeduced return type only available with '[01m[K-std=c++14[m[K' or '[01m[K-std=gnu++14[m[K'
[3.534s] In file included from [01m[K/open_app/miniconda3/envs/ros2_humble/include/rcl_interfaces/rcl_interfaces/srv/set_parameters_atomically.hpp:8[m[K,
[3.535s]                  from [01m[K/open_app/miniconda3/envs/ros2_humble/include/rclcpp/rclcpp/parameter_client.hpp:33[m[K:
[3.535s] [01m[K/open_app/miniconda3/envs/ros2_humble/include/rcl_interfaces/rcl_interfaces/srv/detail/set_parameters_atomically__builder.hpp:45:1:[m[K [01;31m[Kerror: [m[K'[01m[Kbuild[m[K' function uses '[01m[Kauto[m[K' type specifier without trailing return type
[3.535s]    45 | [01;31m[Kauto[m[K build();
[3.535s]       | [01;31m[K^~~~[m[K
[3.535s] [01m[K/open_app/miniconda3/envs/ros2_humble/include/rcl_interfaces/rcl_interfaces/srv/detail/set_parameters_atomically__builder.hpp:45:1:[m[K [01;36m[Knote: [m[Kdeduced return type only available with '[01m[K-std=c++14[m[K' or '[01m[K-std=gnu++14[m[K'
[3.535s] [01m[K/open_app/miniconda3/envs/ros2_humble/include/rcl_interfaces/rcl_interfaces/srv/detail/set_parameters_atomically__builder.hpp:49:1:[m[K [01;31m[Kerror: [m[K'[01m[Kbuild[m[K' function uses '[01m[Kauto[m[K' type specifier without trailing return type
[3.535s]    49 | [01;31m[Kauto[m[K build<::rcl_interfaces::srv::SetParametersAtomically_Request>()
[3.536s]       | [01;31m[K^~~~[m[K
[3.536s] [01m[K/open_app/miniconda3/envs/ros2_humble/include/rcl_interfaces/rcl_interfaces/srv/detail/set_parameters_atomically__builder.hpp:49:1:[m[K [01;36m[Knote: [m[Kdeduced return type only available with '[01m[K-std=c++14[m[K' or '[01m[K-std=gnu++14[m[K'
[3.536s] [01m[K/open_app/miniconda3/envs/ros2_humble/include/rcl_interfaces/rcl_interfaces/srv/detail/set_parameters_atomically__builder.hpp:87:1:[m[K [01;31m[Kerror: [m[K'[01m[Kbuild[m[K' function uses '[01m[Kauto[m[K' type specifier without trailing return type
[3.536s]    87 | [01;31m[Kauto[m[K build();
[3.536s]       | [01;31m[K^~~~[m[K
[3.537s] [01m[K/open_app/miniconda3/envs/ros2_humble/include/rcl_interfaces/rcl_interfaces/srv/detail/set_parameters_atomically__builder.hpp:87:1:[m[K [01;36m[Knote: [m[Kdeduced return type only available with '[01m[K-std=c++14[m[K' or '[01m[K-std=gnu++14[m[K'
[3.537s] [01m[K/open_app/miniconda3/envs/ros2_humble/include/rcl_interfaces/rcl_interfaces/srv/detail/set_parameters_atomically__builder.hpp:91:1:[m[K [01;31m[Kerror: [m[K'[01m[Kbuild[m[K' function uses '[01m[Kauto[m[K' type specifier without trailing return type
[3.537s]    91 | [01;31m[Kauto[m[K build<::rcl_interfaces::srv::SetParametersAtomically_Response>()
[3.537s]       | [01;31m[K^~~~[m[K
[3.537s] [01m[K/open_app/miniconda3/envs/ros2_humble/include/rcl_interfaces/rcl_interfaces/srv/detail/set_parameters_atomically__builder.hpp:91:1:[m[K [01;36m[Knote: [m[Kdeduced return type only available with '[01m[K-std=c++14[m[K' or '[01m[K-std=gnu++14[m[K'
[3.559s] /open_app/miniconda3/envs/ros2_humble/include/rclcpp/rclcpp/any_subscription_callback.hpp: In instantiation of '[01m[Kclass rclcpp::AnySubscriptionCallback<rcl_interfaces::msg::ParameterEvent_<std::allocator<void> >, std::allocator<void> >[m[K':
[3.559s] [01m[K/open_app/miniconda3/envs/ros2_humble/include/rclcpp/rclcpp/subscription.hpp:423:49:[m[K   required from '[01m[Kclass rclcpp::Subscription<rcl_interfaces::msg::ParameterEvent_<std::allocator<void> > >[m[K'
[3.559s]   423 |   AnySubscriptionCallback<MessageT, AllocatorT> [01;36m[Kany_callback_[m[K;
[3.559s]       |                                                 [01;36m[K^~~~~~~~~~~~~[m[K
[3.559s] [01m[K/open_app/miniconda3/envs/ros2_humble/include/rclcpp/rclcpp/parameter_client.hpp:208:69:[m[K   required from here
[3.560s]   208 |   typename rclcpp::Subscription<rcl_interfaces::msg::ParameterEvent>[01;36m[K::[m[KSharedPtr
[3.560s]       |                                                                     [01;36m[K^~[m[K
[3.560s] [01m[K/open_app/miniconda3/envs/ros2_humble/include/rclcpp/rclcpp/any_subscription_callback.hpp:971:3:[m[K [01;31m[Kerror: [m[Kno type named '[01m[Kvariant_type[m[K' in '[01m[Kusing rclcpp::AnySubscriptionCallback<rcl_interfaces::msg::ParameterEvent_<std::allocator<void> >, std::allocator<void> >::HelperT = struct rclcpp::detail::AnySubscriptionCallbackHelper<rcl_interfaces::msg::ParameterEvent_<std::allocator<void> >, std::allocator<void>, false>[m[K' {aka '[01m[Kstruct rclcpp::detail::AnySubscriptionCallbackHelper<rcl_interfaces::msg::ParameterEvent_<std::allocator<void> >, std::allocator<void>, false>[m[K'}
[3.560s]   971 |   [01;31m[Kget_variant[m[K()
[3.560s]       |   [01;31m[K^~~~~~~~~~~[m[K
[3.560s] [01m[K/open_app/miniconda3/envs/ros2_humble/include/rclcpp/rclcpp/any_subscription_callback.hpp:977:3:[m[K [01;31m[Kerror: [m[Kno type named '[01m[Kvariant_type[m[K' in '[01m[Kusing rclcpp::AnySubscriptionCallback<rcl_interfaces::msg::ParameterEvent_<std::allocator<void> >, std::allocator<void> >::HelperT = struct rclcpp::detail::AnySubscriptionCallbackHelper<rcl_interfaces::msg::ParameterEvent_<std::allocator<void> >, std::allocator<void>, false>[m[K' {aka '[01m[Kstruct rclcpp::detail::AnySubscriptionCallbackHelper<rcl_interfaces::msg::ParameterEvent_<std::allocator<void> >, std::allocator<void>, false>[m[K'}
[3.560s]   977 |   [01;31m[Kget_variant[m[K() const
[3.561s]       |   [01;31m[K^~~~~~~~~~~[m[K
[3.561s] [01m[K/open_app/miniconda3/envs/ros2_humble/include/rclcpp/rclcpp/any_subscription_callback.hpp:987:34:[m[K [01;31m[Kerror: [m[Kno type named '[01m[Kvariant_type[m[K' in '[01m[Kusing rclcpp::AnySubscriptionCallback<rcl_interfaces::msg::ParameterEvent_<std::allocator<void> >, std::allocator<void> >::HelperT = struct rclcpp::detail::AnySubscriptionCallbackHelper<rcl_interfaces::msg::ParameterEvent_<std::allocator<void> >, std::allocator<void>, false>[m[K' {aka '[01m[Kstruct rclcpp::detail::AnySubscriptionCallbackHelper<rcl_interfaces::msg::ParameterEvent_<std::allocator<void> >, std::allocator<void>, false>[m[K'}
[3.561s]   987 |   typename HelperT::variant_type [01;31m[Kcallback_variant_[m[K;
[3.561s]       |                                  [01;31m[K^~~~~~~~~~~~~~~~~[m[K
[3.730s] In file included from [01m[K/open_app/miniconda3/envs/ros2_humble/include/rclcpp/rclcpp/wait_set_policies/dynamic_storage.hpp:31[m[K,
[3.730s]                  from [01m[K/open_app/miniconda3/envs/ros2_humble/include/rclcpp/rclcpp/wait_set.hpp:25[m[K,
[3.730s]                  from [01m[K/open_app/miniconda3/envs/ros2_humble/include/rclcpp/rclcpp/rclcpp.hpp:168[m[K:
[3.730s] [01m[K/open_app/miniconda3/envs/ros2_humble/include/rclcpp/rclcpp/wait_set_policies/detail/storage_policy_common.hpp:[m[K In member function '[01m[Kvoid rclcpp::wait_set_policies::detail::StoragePolicyCommon<HasStrongOwnership>::[01;32m[Kstorage_rebuild_rcl_wait_set_with_sets[m[K(const SubscriptionsIterable&, const GuardConditionsIterable&, const ExtraGuardConditionsIterable&, const TimersIterable&, const ClientsIterable&, const ServicesIterable&, const WaitablesIterable&)[m[K':
[3.730s] [01m[K/open_app/miniconda3/envs/ros2_humble/include/rclcpp/rclcpp/wait_set_policies/detail/storage_policy_common.hpp:271:20:[m[K [01;31m[Kerror: [m[Kuse of '[01m[Kauto[m[K' in lambda parameter declaration only available with '[01m[K-std=c++14[m[K' or '[01m[K-std=gnu++14[m[K'
[3.730s]   271 |       [this](const [01;31m[Kauto[m[K & inner_guard_conditions)
[3.731s]       |                    [01;31m[K^~~~[m[K
[3.731s] [01m[K/open_app/miniconda3/envs/ros2_humble/include/rclcpp/rclcpp/wait_set_policies/detail/storage_policy_common.hpp:[m[K In lambda function:
[3.733s] [01m[K/open_app/miniconda3/envs/ros2_humble/include/rclcpp/rclcpp/wait_set_policies/detail/storage_policy_common.hpp:273:45:[m[K [01;31m[Kerror: [m[Kthere are no arguments to '[01m[Kbegin[m[K' that depend on a template parameter, so a declaration of '[01m[Kbegin[m[K' must be available [[01;31m[K]8;;https://gcc.gnu.org/onlinedocs/gcc-14.3.0/gcc/Warning-Options.html#index-fpermissive-fpermissive]8;;[m[K]
[3.734s]   273 |         for (const auto & guard_condition : [01;31m[Kinner_guard_conditions[m[K) {
[3.734s]       |                                             [01;31m[K^~~~~~~~~~~~~~~~~~~~~~[m[K
[3.734s] [01m[K/open_app/miniconda3/envs/ros2_humble/include/rclcpp/rclcpp/wait_set_policies/detail/storage_policy_common.hpp:273:45:[m[K [01;36m[Knote: [m[K(if you use '[01m[K]8;;https://gcc.gnu.org/onlinedocs/gcc-14.3.0/gcc/Warning-Options.html#index-fpermissive-fpermissive]8;;[m[K', G++ will accept your code, but allowing the use of an undeclared name is deprecated)
[3.734s] [01m[K/open_app/miniconda3/envs/ros2_humble/include/rclcpp/rclcpp/wait_set_policies/detail/storage_policy_common.hpp:273:45:[m[K [01;31m[Kerror: [m[Kthere are no arguments to '[01m[Kend[m[K' that depend on a template parameter, so a declaration of '[01m[Kend[m[K' must be available [[01;31m[K]8;;https://gcc.gnu.org/onlinedocs/gcc-14.3.0/gcc/Warning-Options.html#index-fpermissive-fpermissive]8;;[m[K]
[3.734s] [01m[K/open_app/miniconda3/envs/ros2_humble/include/rclcpp/rclcpp/wait_set_policies/dynamic_storage.hpp:[m[K At global scope:
[3.735s] [01m[K/open_app/miniconda3/envs/ros2_humble/include/rclcpp/rclcpp/wait_set_policies/dynamic_storage.hpp:231:3:[m[K [01;31m[Kerror: [m[K'[01m[Kstorage_find_entity[m[K' function uses '[01m[Kauto[m[K' type specifier without trailing return type
[3.735s]   231 |   [01;31m[Kauto[m[K
[3.735s]       |   [01;31m[K^~~~[m[K
[3.735s] [01m[K/open_app/miniconda3/envs/ros2_humble/include/rclcpp/rclcpp/wait_set_policies/dynamic_storage.hpp:231:3:[m[K [01;36m[Knote: [m[Kdeduced return type only available with '[01m[K-std=c++14[m[K' or '[01m[K-std=gnu++14[m[K'
[3.765s] [01m[K/open_app/miniconda3/envs/ros2_humble/include/rclcpp/rclcpp/wait_set_policies/dynamic_storage.hpp:[m[K In static member function '[01m[Kstatic bool rclcpp::wait_set_policies::DynamicStorage::[01;32m[Kstorage_has_entity[m[K(const EntityT&, const SequenceOfEntitiesT&)[m[K':
[3.765s] [01m[K/open_app/miniconda3/envs/ros2_humble/include/rclcpp/rclcpp/wait_set_policies/dynamic_storage.hpp:226:23:[m[K [01;31m[Kerror: [m[Kuse of '[01m[Kauto[m[K' in lambda parameter declaration only available with '[01m[K-std=c++14[m[K' or '[01m[K-std=gnu++14[m[K'
[3.765s]   226 |       [&entity](const [01;31m[Kauto[m[K & inner) {return &entity == inner.lock().get();});
[3.765s]       |                       [01;31m[K^~~~[m[K
[3.765s] [01m[K/open_app/miniconda3/envs/ros2_humble/include/rclcpp/rclcpp/wait_set_policies/dynamic_storage.hpp:[m[K In lambda function:
[3.765s] [01m[K/open_app/miniconda3/envs/ros2_humble/include/rclcpp/rclcpp/wait_set_policies/dynamic_storage.hpp:226:62:[m[K [01;31m[Kerror: [m[Krequest for member '[01m[Klock[m[K' in '[01m[Kinner[m[K', which is of non-class type '[01m[Kconst int[m[K'
[3.765s]   226 |       [&entity](const auto & inner) {return &entity == inner.[01;31m[Klock[m[K().get();});
[3.766s]       |                                                              [01;31m[K^~~~[m[K
[3.766s] [01m[K/open_app/miniconda3/envs/ros2_humble/include/rclcpp/rclcpp/wait_set_policies/dynamic_storage.hpp:[m[K In static member function '[01m[Kstatic auto rclcpp::wait_set_policies::DynamicStorage::[01;32m[Kstorage_find_entity[m[K(const EntityT&, const SequenceOfEntitiesT&)[m[K':
[3.766s] [01m[K/open_app/miniconda3/envs/ros2_humble/include/rclcpp/rclcpp/wait_set_policies/dynamic_storage.hpp:237:23:[m[K [01;31m[Kerror: [m[Kuse of '[01m[Kauto[m[K' in lambda parameter declaration only available with '[01m[K-std=c++14[m[K' or '[01m[K-std=gnu++14[m[K'
[3.766s]   237 |       [&entity](const [01;31m[Kauto[m[K & inner) {return &entity == inner.lock().get();});
[3.766s]       |                       [01;31m[K^~~~[m[K
[3.766s] [01m[K/open_app/miniconda3/envs/ros2_humble/include/rclcpp/rclcpp/wait_set_policies/dynamic_storage.hpp:[m[K In lambda function:
[3.766s] [01m[K/open_app/miniconda3/envs/ros2_humble/include/rclcpp/rclcpp/wait_set_policies/dynamic_storage.hpp:237:62:[m[K [01;31m[Kerror: [m[Krequest for member '[01m[Klock[m[K' in '[01m[Kinner[m[K', which is of non-class type '[01m[Kconst int[m[K'
[3.767s]   237 |       [&entity](const auto & inner) {return &entity == inner.[01;31m[Klock[m[K().get();});
[3.767s]       |                                                              [01;31m[K^~~~[m[K
[3.791s] [01m[K/open_app/miniconda3/envs/ros2_humble/include/rclcpp/rclcpp/wait_set_policies/dynamic_storage.hpp:[m[K In member function '[01m[Kvoid rclcpp::wait_set_policies::DynamicStorage::[01;32m[Kstorage_prune_deleted_entities[m[K()[m[K':
[3.791s] [01m[K/open_app/miniconda3/envs/ros2_humble/include/rclcpp/rclcpp/wait_set_policies/dynamic_storage.hpp:380:16:[m[K [01;31m[Kerror: [m[Kuse of '[01m[Kauto[m[K' in lambda parameter declaration only available with '[01m[K-std=c++14[m[K' or '[01m[K-std=gnu++14[m[K'
[3.791s]   380 |       [](const [01;31m[Kauto[m[K & weak_ptr) {
[3.791s]       |                [01;31m[K^~~~[m[K
[3.791s] [01m[K/open_app/miniconda3/envs/ros2_humble/include/rclcpp/rclcpp/wait_set_policies/dynamic_storage.hpp:[m[K In lambda function:
[3.792s] [01m[K/open_app/miniconda3/envs/ros2_humble/include/rclcpp/rclcpp/wait_set_policies/dynamic_storage.hpp:382:25:[m[K [01;31m[Kerror: [m[Krequest for member '[01m[Kexpired[m[K' in '[01m[Kweak_ptr[m[K', which is of non-class type '[01m[Kconst int[m[K'
[3.792s]   382 |         return weak_ptr.[01;31m[Kexpired[m[K();
[3.792s]       |                         [01;31m[K^~~~~~~[m[K
[3.794s] [01m[K/open_app/miniconda3/envs/ros2_humble/include/rclcpp/rclcpp/wait_set_policies/dynamic_storage.hpp:[m[K In member function '[01m[Kvoid rclcpp::wait_set_policies::DynamicStorage::[01;32m[Kstorage_acquire_ownerships[m[K()[m[K':
[3.794s] [01m[K/open_app/miniconda3/envs/ros2_humble/include/rclcpp/rclcpp/wait_set_policies/dynamic_storage.hpp:402:30:[m[K [01;31m[Kerror: [m[Kuse of '[01m[Kauto[m[K' in lambda parameter declaration only available with '[01m[K-std=c++14[m[K' or '[01m[K-std=gnu++14[m[K'
[3.795s]   402 |     auto lock_all = [](const [01;31m[Kauto[m[K & weak_ptrs, auto & shared_ptrs) {
[3.795s]       |                              [01;31m[K^~~~[m[K
[3.795s] [01m[K/open_app/miniconda3/envs/ros2_humble/include/rclcpp/rclcpp/wait_set_policies/dynamic_storage.hpp:402:48:[m[K [01;31m[Kerror: [m[Kuse of '[01m[Kauto[m[K' in lambda parameter declaration only available with '[01m[K-std=c++14[m[K' or '[01m[K-std=gnu++14[m[K'
[3.795s]   402 |     auto lock_all = [](const auto & weak_ptrs, [01;31m[Kauto[m[K & shared_ptrs) {
[3.795s]       |                                                [01;31m[K^~~~[m[K
[3.795s] [01m[K/open_app/miniconda3/envs/ros2_humble/include/rclcpp/rclcpp/wait_set_policies/dynamic_storage.hpp:[m[K In lambda function:
[3.796s] [01m[K/open_app/miniconda3/envs/ros2_humble/include/rclcpp/rclcpp/wait_set_policies/dynamic_storage.hpp:403:21:[m[K [01;31m[Kerror: [m[Krequest for member '[01m[Kresize[m[K' in '[01m[Kshared_ptrs[m[K', which is of non-class type '[01m[Kint[m[K'
[3.796s]   403 |         shared_ptrs.[01;31m[Kresize[m[K(weak_ptrs.size());
[3.796s]       |                     [01;31m[K^~~~~~[m[K
[3.796s] [01m[K/open_app/miniconda3/envs/ros2_humble/include/rclcpp/rclcpp/wait_set_policies/dynamic_storage.hpp:403:38:[m[K [01;31m[Kerror: [m[Krequest for member '[01m[Ksize[m[K' in '[01m[Kweak_ptrs[m[K', which is of non-class type '[01m[Kconst int[m[K'
[3.796s]   403 |         shared_ptrs.resize(weak_ptrs.[01;31m[Ksize[m[K());
[3.796s]       |                                      [01;31m[K^~~~[m[K
[3.796s] [01m[K/open_app/miniconda3/envs/ros2_humble/include/rclcpp/rclcpp/wait_set_policies/dynamic_storage.hpp:405:38:[m[K [01;31m[Kerror: [m[K'[01m[Kbegin[m[K' was not declared in this scope; did you mean '[01m[Kstd::begin[m[K'?
[3.797s]   405 |         for (const auto & weak_ptr : [01;31m[Kweak_ptrs[m[K) {
[3.797s]       |                                      [01;31m[K^~~~~~~~~[m[K
[3.797s]       |                                      [32m[Kstd::begin[m[K
[3.797s] In file included from [01m[K/open_app/miniconda3/envs/ros2_humble/lib/gcc/aarch64-conda-linux-gnu/14.3.0/include/c++/string:53[m[K,
[3.797s]                  from [01m[K/open_app/miniconda3/envs/ros2_humble/lib/gcc/aarch64-conda-linux-gnu/14.3.0/include/c++/bits/locale_classes.h:40[m[K,
[3.797s]                  from [01m[K/open_app/miniconda3/envs/ros2_humble/lib/gcc/aarch64-conda-linux-gnu/14.3.0/include/c++/bits/ios_base.h:41[m[K,
[3.798s]                  from [01m[K/open_app/miniconda3/envs/ros2_humble/lib/gcc/aarch64-conda-linux-gnu/14.3.0/include/c++/ios:44[m[K,
[3.798s]                  from [01m[K/open_app/miniconda3/envs/ros2_humble/lib/gcc/aarch64-conda-linux-gnu/14.3.0/include/c++/ostream:40[m[K,
[3.798s]                  from [01m[K/open_app/miniconda3/envs/ros2_humble/lib/gcc/aarch64-conda-linux-gnu/14.3.0/include/c++/iostream:41[m[K,
[3.798s]                  from [01m[K/home/dji/DJI_workshop/LZP_PSDK/ros2_workplace/src/dji_precision_capture/../../../Payload-SDK/samples/sample_c++/platform/linux/manifold3/../manifold3/application/application.hpp:31[m[K,
[3.798s]                  from [01m[K/home/dji/DJI_workshop/LZP_PSDK/ros2_workplace/src/dji_precision_capture/src/main.cpp:3[m[K:
[3.799s] [01m[K/open_app/miniconda3/envs/ros2_humble/lib/gcc/aarch64-conda-linux-gnu/14.3.0/include/c++/bits/range_access.h:95:5:[m[K [01;36m[Knote: [m[K'[01m[Kstd::begin[m[K' declared here
[3.799s]    95 |     [01;36m[Kbegin[m[K(_Tp (&__arr)[_Nm]) noexcept
[3.799s]       |     [01;36m[K^~~~~[m[K
[3.799s] [01m[K/open_app/miniconda3/envs/ros2_humble/include/rclcpp/rclcpp/wait_set_policies/dynamic_storage.hpp:405:38:[m[K [01;31m[Kerror: [m[K'[01m[Kend[m[K' was not declared in this scope; did you mean '[01m[Kstd::end[m[K'?
[3.799s]   405 |         for (const auto & weak_ptr : [01;31m[Kweak_ptrs[m[K) {
[3.799s]       |                                      [01;31m[K^~~~~~~~~[m[K
[3.800s]       |                                      [32m[Kstd::end[m[K
[3.800s] [01m[K/open_app/miniconda3/envs/ros2_humble/lib/gcc/aarch64-conda-linux-gnu/14.3.0/include/c++/bits/range_access.h:106:5:[m[K [01;36m[Knote: [m[K'[01m[Kstd::end[m[K' declared here
[3.800s]   106 |     [01;36m[Kend[m[K(_Tp (&__arr)[_Nm]) noexcept
[3.800s]       |     [01;36m[K^~~[m[K
[3.800s] [01m[K/open_app/miniconda3/envs/ros2_humble/include/rclcpp/rclcpp/wait_set_policies/dynamic_storage.hpp:406:22:[m[K [01;31m[Kerror: [m[Kinvalid types '[01m[Kint[size_t {aka long unsigned int}][m[K' for array subscript
[3.800s]   406 |           shared_ptrs[01;31m[K[[m[Kindex++] = weak_ptr.lock();
[3.800s]       |                      [01;31m[K^[m[K
[3.801s] [01m[K/open_app/miniconda3/envs/ros2_humble/include/rclcpp/rclcpp/wait_set_policies/dynamic_storage.hpp:[m[K In member function '[01m[Kvoid rclcpp::wait_set_policies::DynamicStorage::[01;32m[Kstorage_acquire_ownerships[m[K()[m[K':
[3.801s] [01m[K/open_app/miniconda3/envs/ros2_humble/include/rclcpp/rclcpp/wait_set_policies/dynamic_storage.hpp:410:13:[m[K [01;31m[Kerror: [m[Kno match for call to '[01m[K(rclcpp::wait_set_policies::DynamicStorage::storage_acquire_ownerships()::<lambda(const int&, int&)>) (rclcpp::wait_set_policies::DynamicStorage::SequenceOfWeakGuardConditions&, rclcpp::wait_set_policies::DynamicStorage::GuardConditionsIterable&)[m[K'
[3.801s]   410 |     [01;31m[Klock_all(guard_conditions_, shared_guard_conditions_)[m[K;
[3.801s]       |     [01;31m[K~~~~~~~~^~~~~~~~~~~~~~~~~~~~~~~~~~~~~~~~~~~~~~~~~~~~~[m[K
[3.801s] [01m[K/open_app/miniconda3/envs/ros2_humble/include/rclcpp/rclcpp/wait_set_policies/dynamic_storage.hpp:410:13:[m[K [01;36m[Knote: [m[Kcandidate: '[01m[Kvoid (*)(const int&, int&)[m[K' (conversion)
[3.802s] [01m[K/open_app/miniconda3/envs/ros2_humble/include/rclcpp/rclcpp/wait_set_policies/dynamic_storage.hpp:410:13:[m[K [01;36m[Knote: [m[K  candidate expects 3 arguments, 3 provided
[3.802s] [01m[K/open_app/miniconda3/envs/ros2_humble/include/rclcpp/rclcpp/wait_set_policies/dynamic_storage.hpp:402:21:[m[K [01;36m[Knote: [m[Kcandidate: '[01m[Krclcpp::wait_set_policies::DynamicStorage::storage_acquire_ownerships()::<lambda(const int&, int&)>[m[K'
[3.802s]   402 |     auto lock_all = [01;36m[K[[m[K](const auto & weak_ptrs, auto & shared_ptrs) {
[3.802s]       |                     [01;36m[K^[m[K
[3.802s] [01m[K/open_app/miniconda3/envs/ros2_humble/include/rclcpp/rclcpp/wait_set_policies/dynamic_storage.hpp:402:21:[m[K [01;36m[Knote: [m[K  no known conversion for argument 1 from '[01m[Krclcpp::wait_set_policies::DynamicStorage::SequenceOfWeakGuardConditions[m[K' {aka '[01m[Kstd::vector<std::weak_ptr<rclcpp::GuardCondition> >[m[K'} to '[01m[Kconst int&[m[K'
[3.803s] [01m[K/open_app/miniconda3/envs/ros2_humble/include/rclcpp/rclcpp/wait_set_policies/dynamic_storage.hpp:411:13:[m[K [01;31m[Kerror: [m[Kno match for call to '[01m[K(rclcpp::wait_set_policies::DynamicStorage::storage_acquire_ownerships()::<lambda(const int&, int&)>) (rclcpp::wait_set_policies::DynamicStorage::SequenceOfWeakTimers&, rclcpp::wait_set_policies::DynamicStorage::TimersIterable&)[m[K'
[3.803s]   411 |     [01;31m[Klock_all(timers_, shared_timers_)[m[K;
[3.803s]       |     [01;31m[K~~~~~~~~^~~~~~~~~~~~~~~~~~~~~~~~~[m[K
[3.803s] [01m[K/open_app/miniconda3/envs/ros2_humble/include/rclcpp/rclcpp/wait_set_policies/dynamic_storage.hpp:411:13:[m[K [01;36m[Knote: [m[Kcandidate: '[01m[Kvoid (*)(const int&, int&)[m[K' (conversion)
[3.803s] [01m[K/open_app/miniconda3/envs/ros2_humble/include/rclcpp/rclcpp/wait_set_policies/dynamic_storage.hpp:411:13:[m[K [01;36m[Knote: [m[K  candidate expects 3 arguments, 3 provided
[3.803s] [01m[K/open_app/miniconda3/envs/ros2_humble/include/rclcpp/rclcpp/wait_set_policies/dynamic_storage.hpp:402:21:[m[K [01;36m[Knote: [m[Kcandidate: '[01m[Krclcpp::wait_set_policies::DynamicStorage::storage_acquire_ownerships()::<lambda(const int&, int&)>[m[K'
[3.804s]   402 |     auto lock_all = [01;36m[K[[m[K](const auto & weak_ptrs, auto & shared_ptrs) {
[3.804s]       |                     [01;36m[K^[m[K
[3.804s] [01m[K/open_app/miniconda3/envs/ros2_humble/include/rclcpp/rclcpp/wait_set_policies/dynamic_storage.hpp:402:21:[m[K [01;36m[Knote: [m[K  no known conversion for argument 1 from '[01m[Krclcpp::wait_set_policies::DynamicStorage::SequenceOfWeakTimers[m[K' {aka '[01m[Kstd::vector<std::weak_ptr<rclcpp::TimerBase> >[m[K'} to '[01m[Kconst int&[m[K'
[3.804s] [01m[K/open_app/miniconda3/envs/ros2_humble/include/rclcpp/rclcpp/wait_set_policies/dynamic_storage.hpp:412:13:[m[K [01;31m[Kerror: [m[Kno match for call to '[01m[K(rclcpp::wait_set_policies::DynamicStorage::storage_acquire_ownerships()::<lambda(const int&, int&)>) (rclcpp::wait_set_policies::DynamicStorage::SequenceOfWeakClients&, rclcpp::wait_set_policies::DynamicStorage::ClientsIterable&)[m[K'
[3.804s]   412 |     [01;31m[Klock_all(clients_, shared_clients_)[m[K;
[3.804s]       |     [01;31m[K~~~~~~~~^~~~~~~~~~~~~~~~~~~~~~~~~~~[m[K
[3.805s] [01m[K/open_app/miniconda3/envs/ros2_humble/include/rclcpp/rclcpp/wait_set_policies/dynamic_storage.hpp:412:13:[m[K [01;36m[Knote: [m[Kcandidate: '[01m[Kvoid (*)(const int&, int&)[m[K' (conversion)
[3.805s] [01m[K/open_app/miniconda3/envs/ros2_humble/include/rclcpp/rclcpp/wait_set_policies/dynamic_storage.hpp:412:13:[m[K [01;36m[Knote: [m[K  candidate expects 3 arguments, 3 provided
[3.805s] [01m[K/open_app/miniconda3/envs/ros2_humble/include/rclcpp/rclcpp/wait_set_policies/dynamic_storage.hpp:402:21:[m[K [01;36m[Knote: [m[Kcandidate: '[01m[Krclcpp::wait_set_policies::DynamicStorage::storage_acquire_ownerships()::<lambda(const int&, int&)>[m[K'
[3.805s]   402 |     auto lock_all = [01;36m[K[[m[K](const auto & weak_ptrs, auto & shared_ptrs) {
[3.805s]       |                     [01;36m[K^[m[K
[3.805s] [01m[K/open_app/miniconda3/envs/ros2_humble/include/rclcpp/rclcpp/wait_set_policies/dynamic_storage.hpp:402:21:[m[K [01;36m[Knote: [m[K  no known conversion for argument 1 from '[01m[Krclcpp::wait_set_policies::DynamicStorage::SequenceOfWeakClients[m[K' {aka '[01m[Kstd::vector<std::weak_ptr<rclcpp::ClientBase> >[m[K'} to '[01m[Kconst int&[m[K'
[3.805s] [01m[K/open_app/miniconda3/envs/ros2_humble/include/rclcpp/rclcpp/wait_set_policies/dynamic_storage.hpp:413:13:[m[K [01;31m[Kerror: [m[Kno match for call to '[01m[K(rclcpp::wait_set_policies::DynamicStorage::storage_acquire_ownerships()::<lambda(const int&, int&)>) (rclcpp::wait_set_policies::DynamicStorage::SequenceOfWeakServices&, rclcpp::wait_set_policies::DynamicStorage::ServicesIterable&)[m[K'
[3.806s]   413 |     [01;31m[Klock_all(services_, shared_services_)[m[K;
[3.806s]       |     [01;31m[K~~~~~~~~^~~~~~~~~~~~~~~~~~~~~~~~~~~~~[m[K
[3.806s] [01m[K/open_app/miniconda3/envs/ros2_humble/include/rclcpp/rclcpp/wait_set_policies/dynamic_storage.hpp:413:13:[m[K [01;36m[Knote: [m[Kcandidate: '[01m[Kvoid (*)(const int&, int&)[m[K' (conversion)
[3.806s] [01m[K/open_app/miniconda3/envs/ros2_humble/include/rclcpp/rclcpp/wait_set_policies/dynamic_storage.hpp:413:13:[m[K [01;36m[Knote: [m[K  candidate expects 3 arguments, 3 provided
[3.806s] [01m[K/open_app/miniconda3/envs/ros2_humble/include/rclcpp/rclcpp/wait_set_policies/dynamic_storage.hpp:402:21:[m[K [01;36m[Knote: [m[Kcandidate: '[01m[Krclcpp::wait_set_policies::DynamicStorage::storage_acquire_ownerships()::<lambda(const int&, int&)>[m[K'
[3.807s]   402 |     auto lock_all = [01;36m[K[[m[K](const auto & weak_ptrs, auto & shared_ptrs) {
[3.807s]       |                     [01;36m[K^[m[K
[3.807s] [01m[K/open_app/miniconda3/envs/ros2_humble/include/rclcpp/rclcpp/wait_set_policies/dynamic_storage.hpp:402:21:[m[K [01;36m[Knote: [m[K  no known conversion for argument 1 from '[01m[Krclcpp::wait_set_policies::DynamicStorage::SequenceOfWeakServices[m[K' {aka '[01m[Kstd::vector<std::weak_ptr<rclcpp::ServiceBase> >[m[K'} to '[01m[Kconst int&[m[K'
[3.807s] [01m[K/open_app/miniconda3/envs/ros2_humble/include/rclcpp/rclcpp/wait_set_policies/dynamic_storage.hpp:416:40:[m[K [01;31m[Kerror: [m[Kuse of '[01m[Kauto[m[K' in lambda parameter declaration only available with '[01m[K-std=c++14[m[K' or '[01m[K-std=gnu++14[m[K'
[3.807s]   416 |     auto lock_all_waitables = [](const [01;31m[Kauto[m[K & weak_ptrs, auto & shared_ptrs) {
[3.807s]       |                                        [01;31m[K^~~~[m[K
[3.808s] [01m[K/open_app/miniconda3/envs/ros2_humble/include/rclcpp/rclcpp/wait_set_policies/dynamic_storage.hpp:416:58:[m[K [01;31m[Kerror: [m[Kuse of '[01m[Kauto[m[K' in lambda parameter declaration only available with '[01m[K-std=c++14[m[K' or '[01m[K-std=gnu++14[m[K'
[3.808s]   416 |     auto lock_all_waitables = [](const auto & weak_ptrs, [01;31m[Kauto[m[K & shared_ptrs) {
[3.808s]       |                                                          [01;31m[K^~~~[m[K
[3.808s] [01m[K/open_app/miniconda3/envs/ros2_humble/include/rclcpp/rclcpp/wait_set_policies/dynamic_storage.hpp:[m[K In lambda function:
[3.808s] [01m[K/open_app/miniconda3/envs/ros2_humble/include/rclcpp/rclcpp/wait_set_policies/dynamic_storage.hpp:417:21:[m[K [01;31m[Kerror: [m[Krequest for member '[01m[Kresize[m[K' in '[01m[Kshared_ptrs[m[K', which is of non-class type '[01m[Kint[m[K'
[3.808s]   417 |         shared_ptrs.[01;31m[Kresize[m[K(weak_ptrs.size());
[3.809s]       |                     [01;31m[K^~~~~~[m[K
[3.809s] [01m[K/open_app/miniconda3/envs/ros2_humble/include/rclcpp/rclcpp/wait_set_policies/dynamic_storage.hpp:417:38:[m[K [01;31m[Kerror: [m[Krequest for member '[01m[Ksize[m[K' in '[01m[Kweak_ptrs[m[K', which is of non-class type '[01m[Kconst int[m[K'
[3.809s]   417 |         shared_ptrs.resize(weak_ptrs.[01;31m[Ksize[m[K());
[3.809s]       |                                      [01;31m[K^~~~[m[K
[3.809s] [01m[K/open_app/miniconda3/envs/ros2_humble/include/rclcpp/rclcpp/wait_set_policies/dynamic_storage.hpp:419:38:[m[K [01;31m[Kerror: [m[K'[01m[Kbegin[m[K' was not declared in this scope; did you mean '[01m[Kstd::begin[m[K'?
[3.809s]   419 |         for (const auto & weak_ptr : [01;31m[Kweak_ptrs[m[K) {
[3.809s]       |                                      [01;31m[K^~~~~~~~~[m[K
[3.809s]       |                                      [32m[Kstd::begin[m[K
[3.810s] [01m[K/open_app/miniconda3/envs/ros2_humble/lib/gcc/aarch64-conda-linux-gnu/14.3.0/include/c++/bits/range_access.h:95:5:[m[K [01;36m[Knote: [m[K'[01m[Kstd::begin[m[K' declared here
[3.810s]    95 |     [01;36m[Kbegin[m[K(_Tp (&__arr)[_Nm]) noexcept
[3.810s]       |     [01;36m[K^~~~~[m[K
[3.810s] [01m[K/open_app/miniconda3/envs/ros2_humble/include/rclcpp/rclcpp/wait_set_policies/dynamic_storage.hpp:419:38:[m[K [01;31m[Kerror: [m[K'[01m[Kend[m[K' was not declared in this scope; did you mean '[01m[Kstd::end[m[K'?
[3.810s]   419 |         for (const auto & weak_ptr : [01;31m[Kweak_ptrs[m[K) {
[3.810s]       |                                      [01;31m[K^~~~~~~~~[m[K
[3.810s]       |                                      [32m[Kstd::end[m[K
[3.811s] [01m[K/open_app/miniconda3/envs/ros2_humble/lib/gcc/aarch64-conda-linux-gnu/14.3.0/include/c++/bits/range_access.h:106:5:[m[K [01;36m[Knote: [m[K'[01m[Kstd::end[m[K' declared here
[3.811s]   106 |     [01;36m[Kend[m[K(_Tp (&__arr)[_Nm]) noexcept
[3.811s]       |     [01;36m[K^~~[m[K
[3.811s] [01m[K/open_app/miniconda3/envs/ros2_humble/include/rclcpp/rclcpp/wait_set_policies/dynamic_storage.hpp:420:22:[m[K [01;31m[Kerror: [m[Kinvalid types '[01m[Kint[size_t {aka long unsigned int}][m[K' for array subscript
[3.811s]   420 |           shared_ptrs[01;31m[K[[m[Kindex++] = WaitableEntry{
[3.811s]       |                      [01;31m[K^[m[K
[3.812s] [01m[K/open_app/miniconda3/envs/ros2_humble/include/rclcpp/rclcpp/wait_set_policies/dynamic_storage.hpp:422:46:[m[K [01;31m[Kerror: [m[Kno matching function for call to '[01m[Krclcpp::wait_set_policies::DynamicStorage::WaitableEntry::WaitableEntry(<brace-enclosed initializer list>)[m[K'
[3.813s]   422 |             weak_ptr.associated_entity.lock()[01;31m[K}[m[K;
[3.813s]       |                                              [01;31m[K^[m[K
[3.813s] [01m[K/open_app/miniconda3/envs/ros2_humble/include/rclcpp/rclcpp/wait_set_policies/dynamic_storage.hpp:119:5:[m[K [01;36m[Knote: [m[Kcandidate: '[01m[Krclcpp::wait_set_policies::DynamicStorage::WaitableEntry::[01;32m[KWaitableEntry[m[K(std::shared_ptr<rclcpp::Waitable>, std::shared_ptr<void>)[m[K'
[3.814s]   119 |     [01;36m[KWaitableEntry[m[K(
[3.814s]       |     [01;36m[K^~~~~~~~~~~~~[m[K
[3.814s] [01m[K/open_app/miniconda3/envs/ros2_humble/include/rclcpp/rclcpp/wait_set_policies/dynamic_storage.hpp:119:5:[m[K [01;36m[Knote: [m[K  conversion of argument 1 would be ill-formed:
[3.814s] [01m[K/open_app/miniconda3/envs/ros2_humble/include/rclcpp/rclcpp/wait_set_policies/dynamic_storage.hpp:112:9:[m[K [01;36m[Knote: [m[Kcandidate: '[01m[Krclcpp::wait_set_policies::DynamicStorage::WaitableEntry::[01;32m[KWaitableEntry[m[K(const rclcpp::wait_set_policies::DynamicStorage::WaitableEntry&)[m[K'
[3.814s]   112 |   class [01;36m[KWaitableEntry[m[K
[3.814s]       |         [01;36m[K^~~~~~~~~~~~~[m[K
[3.814s] [01m[K/open_app/miniconda3/envs/ros2_humble/include/rclcpp/rclcpp/wait_set_policies/dynamic_storage.hpp:112:9:[m[K [01;36m[Knote: [m[K  candidate expects 1 argument, 2 provided
[3.814s] [01m[K/open_app/miniconda3/envs/ros2_humble/include/rclcpp/rclcpp/wait_set_policies/dynamic_storage.hpp:112:9:[m[K [01;36m[Knote: [m[Kcandidate: '[01m[Krclcpp::wait_set_policies::DynamicStorage::WaitableEntry::[01;32m[KWaitableEntry[m[K(rclcpp::wait_set_policies::DynamicStorage::WaitableEntry&&)[m[K'
[3.815s] [01m[K/open_app/miniconda3/envs/ros2_humble/include/rclcpp/rclcpp/wait_set_policies/dynamic_storage.hpp:112:9:[m[K [01;36m[Knote: [m[K  candidate expects 1 argument, 2 provided
[3.815s] [01m[K/open_app/miniconda3/envs/ros2_humble/include/rclcpp/rclcpp/wait_set_policies/dynamic_storage.hpp:[m[K In member function '[01m[Kvoid rclcpp::wait_set_policies::DynamicStorage::[01;32m[Kstorage_acquire_ownerships[m[K()[m[K':
[3.815s] [01m[K/open_app/miniconda3/envs/ros2_humble/include/rclcpp/rclcpp/wait_set_policies/dynamic_storage.hpp:425:23:[m[K [01;31m[Kerror: [m[Kno match for call to '[01m[K(rclcpp::wait_set_policies::DynamicStorage::storage_acquire_ownerships()::<lambda(const int&, int&)>) (rclcpp::wait_set_policies::DynamicStorage::SequenceOfWeakWaitables&, rclcpp::wait_set_policies::DynamicStorage::WaitablesIterable&)[m[K'
[3.815s]   425 |     [01;31m[Klock_all_waitables(waitables_, shared_waitables_)[m[K;
[3.815s]       |     [01;31m[K~~~~~~~~~~~~~~~~~~^~~~~~~~~~~~~~~~~~~~~~~~~~~~~~~[m[K
[3.815s] [01m[K/open_app/miniconda3/envs/ros2_humble/include/rclcpp/rclcpp/wait_set_policies/dynamic_storage.hpp:425:23:[m[K [01;36m[Knote: [m[Kcandidate: '[01m[Kvoid (*)(const int&, int&)[m[K' (conversion)
[3.815s] [01m[K/open_app/miniconda3/envs/ros2_humble/include/rclcpp/rclcpp/wait_set_policies/dynamic_storage.hpp:425:23:[m[K [01;36m[Knote: [m[K  candidate expects 3 arguments, 3 provided
[3.816s] [01m[K/open_app/miniconda3/envs/ros2_humble/include/rclcpp/rclcpp/wait_set_policies/dynamic_storage.hpp:416:31:[m[K [01;36m[Knote: [m[Kcandidate: '[01m[Krclcpp::wait_set_policies::DynamicStorage::storage_acquire_ownerships()::<lambda(const int&, int&)>[m[K'
[3.816s]   416 |     auto lock_all_waitables = [01;36m[K[[m[K](const auto & weak_ptrs, auto & shared_ptrs) {
[3.816s]       |                               [01;36m[K^[m[K
[3.816s] [01m[K/open_app/miniconda3/envs/ros2_humble/include/rclcpp/rclcpp/wait_set_policies/dynamic_storage.hpp:416:31:[m[K [01;36m[Knote: [m[K  no known conversion for argument 1 from '[01m[Krclcpp::wait_set_policies::DynamicStorage::SequenceOfWeakWaitables[m[K' {aka '[01m[Kstd::vector<rclcpp::wait_set_policies::DynamicStorage::WeakWaitableEntry>[m[K'} to '[01m[Kconst int&[m[K'
[3.816s] [01m[K/open_app/miniconda3/envs/ros2_humble/include/rclcpp/rclcpp/wait_set_policies/dynamic_storage.hpp:[m[K In member function '[01m[Kvoid rclcpp::wait_set_policies::DynamicStorage::[01;32m[Kstorage_release_ownerships[m[K()[m[K':
[3.816s] [01m[K/open_app/miniconda3/envs/ros2_humble/include/rclcpp/rclcpp/wait_set_policies/dynamic_storage.hpp:436:25:[m[K [01;31m[Kerror: [m[Kuse of '[01m[Kauto[m[K' in lambda parameter declaration only available with '[01m[K-std=c++14[m[K' or '[01m[K-std=gnu++14[m[K'
[3.816s]   436 |     auto reset_all = []([01;31m[Kauto[m[K & shared_ptrs) {
[3.817s]       |                         [01;31m[K^~~~[m[K
[3.817s] [01m[K/open_app/miniconda3/envs/ros2_humble/include/rclcpp/rclcpp/wait_set_policies/dynamic_storage.hpp:[m[K In lambda function:
[3.817s] [01m[K/open_app/miniconda3/envs/ros2_humble/include/rclcpp/rclcpp/wait_set_policies/dynamic_storage.hpp:437:34:[m[K [01;31m[Kerror: [m[K'[01m[Kbegin[m[K' was not declared in this scope; did you mean '[01m[Kstd::begin[m[K'?
[3.817s]   437 |         for (auto & shared_ptr : [01;31m[Kshared_ptrs[m[K) {
[3.817s]       |                                  [01;31m[K^~~~~~~~~~~[m[K
[3.817s]       |                                  [32m[Kstd::begin[m[K
[3.817s] [01m[K/open_app/miniconda3/envs/ros2_humble/lib/gcc/aarch64-conda-linux-gnu/14.3.0/include/c++/bits/range_access.h:95:5:[m[K [01;36m[Knote: [m[K'[01m[Kstd::begin[m[K' declared here
[3.817s]    95 |     [01;36m[Kbegin[m[K(_Tp (&__arr)[_Nm]) noexcept
[3.818s]       |     [01;36m[K^~~~~[m[K
[3.818s] [01m[K/open_app/miniconda3/envs/ros2_humble/include/rclcpp/rclcpp/wait_set_policies/dynamic_storage.hpp:437:34:[m[K [01;31m[Kerror: [m[K'[01m[Kend[m[K' was not declared in this scope; did you mean '[01m[Kstd::end[m[K'?
[3.818s]   437 |         for (auto & shared_ptr : [01;31m[Kshared_ptrs[m[K) {
[3.818s]       |                                  [01;31m[K^~~~~~~~~~~[m[K
[3.818s]       |                                  [32m[Kstd::end[m[K
[3.818s] [01m[K/open_app/miniconda3/envs/ros2_humble/lib/gcc/aarch64-conda-linux-gnu/14.3.0/include/c++/bits/range_access.h:106:5:[m[K [01;36m[Knote: [m[K'[01m[Kstd::end[m[K' declared here
[3.818s]   106 |     [01;36m[Kend[m[K(_Tp (&__arr)[_Nm]) noexcept
[3.818s]       |     [01;36m[K^~~[m[K
[3.819s] [01m[K/open_app/miniconda3/envs/ros2_humble/include/rclcpp/rclcpp/wait_set_policies/dynamic_storage.hpp:[m[K In member function '[01m[Kvoid rclcpp::wait_set_policies::DynamicStorage::[01;32m[Kstorage_release_ownerships[m[K()[m[K':
[3.819s] [01m[K/open_app/miniconda3/envs/ros2_humble/include/rclcpp/rclcpp/wait_set_policies/dynamic_storage.hpp:441:14:[m[K [01;31m[Kerror: [m[Kno match for call to '[01m[K(rclcpp::wait_set_policies::DynamicStorage::storage_release_ownerships()::<lambda(int&)>) (rclcpp::wait_set_policies::DynamicStorage::GuardConditionsIterable&)[m[K'
[3.819s]   441 |     [01;31m[Kreset_all(shared_guard_conditions_)[m[K;
[3.819s]       |     [01;31m[K~~~~~~~~~^~~~~~~~~~~~~~~~~~~~~~~~~~[m[K
[3.819s] [01m[K/open_app/miniconda3/envs/ros2_humble/include/rclcpp/rclcpp/wait_set_policies/dynamic_storage.hpp:441:14:[m[K [01;36m[Knote: [m[Kcandidate: '[01m[Kvoid (*)(int&)[m[K' (conversion)
[3.819s] [01m[K/open_app/miniconda3/envs/ros2_humble/include/rclcpp/rclcpp/wait_set_policies/dynamic_storage.hpp:441:14:[m[K [01;36m[Knote: [m[K  candidate expects 2 arguments, 2 provided
[3.819s] [01m[K/open_app/miniconda3/envs/ros2_humble/include/rclcpp/rclcpp/wait_set_policies/dynamic_storage.hpp:436:22:[m[K [01;36m[Knote: [m[Kcandidate: '[01m[Krclcpp::wait_set_policies::DynamicStorage::storage_release_ownerships()::<lambda(int&)>[m[K'
[3.820s]   436 |     auto reset_all = [01;36m[K[[m[K](auto & shared_ptrs) {
[3.820s]       |                      [01;36m[K^[m[K
[3.820s] [01m[K/open_app/miniconda3/envs/ros2_humble/include/rclcpp/rclcpp/wait_set_policies/dynamic_storage.hpp:436:22:[m[K [01;36m[Knote: [m[K  no known conversion for argument 1 from '[01m[Krclcpp::wait_set_policies::DynamicStorage::GuardConditionsIterable[m[K' {aka '[01m[Kstd::vector<std::shared_ptr<rclcpp::GuardCondition> >[m[K'} to '[01m[Kint&[m[K'
[3.820s] [01m[K/open_app/miniconda3/envs/ros2_humble/include/rclcpp/rclcpp/wait_set_policies/dynamic_storage.hpp:442:14:[m[K [01;31m[Kerror: [m[Kno match for call to '[01m[K(rclcpp::wait_set_policies::DynamicStorage::storage_release_ownerships()::<lambda(int&)>) (rclcpp::wait_set_policies::DynamicStorage::TimersIterable&)[m[K'
[3.820s]   442 |     [01;31m[Kreset_all(shared_timers_)[m[K;
[3.820s]       |     [01;31m[K~~~~~~~~~^~~~~~~~~~~~~~~~[m[K
[3.820s] [01m[K/open_app/miniconda3/envs/ros2_humble/include/rclcpp/rclcpp/wait_set_policies/dynamic_storage.hpp:442:14:[m[K [01;36m[Knote: [m[Kcandidate: '[01m[Kvoid (*)(int&)[m[K' (conversion)
[3.820s] [01m[K/open_app/miniconda3/envs/ros2_humble/include/rclcpp/rclcpp/wait_set_policies/dynamic_storage.hpp:442:14:[m[K [01;36m[Knote: [m[K  candidate expects 2 arguments, 2 provided
[3.821s] [01m[K/open_app/miniconda3/envs/ros2_humble/include/rclcpp/rclcpp/wait_set_policies/dynamic_storage.hpp:436:22:[m[K [01;36m[Knote: [m[Kcandidate: '[01m[Krclcpp::wait_set_policies::DynamicStorage::storage_release_ownerships()::<lambda(int&)>[m[K'
[3.821s]   436 |     auto reset_all = [01;36m[K[[m[K](auto & shared_ptrs) {
[3.821s]       |                      [01;36m[K^[m[K
[3.821s] [01m[K/open_app/miniconda3/envs/ros2_humble/include/rclcpp/rclcpp/wait_set_policies/dynamic_storage.hpp:436:22:[m[K [01;36m[Knote: [m[K  no known conversion for argument 1 from '[01m[Krclcpp::wait_set_policies::DynamicStorage::TimersIterable[m[K' {aka '[01m[Kstd::vector<std::shared_ptr<rclcpp::TimerBase> >[m[K'} to '[01m[Kint&[m[K'
[3.821s] [01m[K/open_app/miniconda3/envs/ros2_humble/include/rclcpp/rclcpp/wait_set_policies/dynamic_storage.hpp:443:14:[m[K [01;31m[Kerror: [m[Kno match for call to '[01m[K(rclcpp::wait_set_policies::DynamicStorage::storage_release_ownerships()::<lambda(int&)>) (rclcpp::wait_set_policies::DynamicStorage::ClientsIterable&)[m[K'
[3.821s]   443 |     [01;31m[Kreset_all(shared_clients_)[m[K;
[3.822s]       |     [01;31m[K~~~~~~~~~^~~~~~~~~~~~~~~~~[m[K
[3.822s] [01m[K/open_app/miniconda3/envs/ros2_humble/include/rclcpp/rclcpp/wait_set_policies/dynamic_storage.hpp:443:14:[m[K [01;36m[Knote: [m[Kcandidate: '[01m[Kvoid (*)(int&)[m[K' (conversion)
[3.822s] [01m[K/open_app/miniconda3/envs/ros2_humble/include/rclcpp/rclcpp/wait_set_policies/dynamic_storage.hpp:443:14:[m[K [01;36m[Knote: [m[K  candidate expects 2 arguments, 2 provided
[3.822s] [01m[K/open_app/miniconda3/envs/ros2_humble/include/rclcpp/rclcpp/wait_set_policies/dynamic_storage.hpp:436:22:[m[K [01;36m[Knote: [m[Kcandidate: '[01m[Krclcpp::wait_set_policies::DynamicStorage::storage_release_ownerships()::<lambda(int&)>[m[K'
[3.822s]   436 |     auto reset_all = [01;36m[K[[m[K](auto & shared_ptrs) {
[3.822s]       |                      [01;36m[K^[m[K
[3.822s] [01m[K/open_app/miniconda3/envs/ros2_humble/include/rclcpp/rclcpp/wait_set_policies/dynamic_storage.hpp:436:22:[m[K [01;36m[Knote: [m[K  no known conversion for argument 1 from '[01m[Krclcpp::wait_set_policies::DynamicStorage::ClientsIterable[m[K' {aka '[01m[Kstd::vector<std::shared_ptr<rclcpp::ClientBase> >[m[K'} to '[01m[Kint&[m[K'
[3.822s] [01m[K/open_app/miniconda3/envs/ros2_humble/include/rclcpp/rclcpp/wait_set_policies/dynamic_storage.hpp:444:14:[m[K [01;31m[Kerror: [m[Kno match for call to '[01m[K(rclcpp::wait_set_policies::DynamicStorage::storage_release_ownerships()::<lambda(int&)>) (rclcpp::wait_set_policies::DynamicStorage::ServicesIterable&)[m[K'
[3.823s]   444 |     [01;31m[Kreset_all(shared_services_)[m[K;
[3.823s]       |     [01;31m[K~~~~~~~~~^~~~~~~~~~~~~~~~~~[m[K
[3.823s] [01m[K/open_app/miniconda3/envs/ros2_humble/include/rclcpp/rclcpp/wait_set_policies/dynamic_storage.hpp:444:14:[m[K [01;36m[Knote: [m[Kcandidate: '[01m[Kvoid (*)(int&)[m[K' (conversion)
[3.823s] [01m[K/open_app/miniconda3/envs/ros2_humble/include/rclcpp/rclcpp/wait_set_policies/dynamic_storage.hpp:444:14:[m[K [01;36m[Knote: [m[K  candidate expects 2 arguments, 2 provided
[3.823s] [01m[K/open_app/miniconda3/envs/ros2_humble/include/rclcpp/rclcpp/wait_set_policies/dynamic_storage.hpp:436:22:[m[K [01;36m[Knote: [m[Kcandidate: '[01m[Krclcpp::wait_set_policies::DynamicStorage::storage_release_ownerships()::<lambda(int&)>[m[K'
[3.823s]   436 |     auto reset_all = [01;36m[K[[m[K](auto & shared_ptrs) {
[3.824s]       |                      [01;36m[K^[m[K
[3.824s] [01m[K/open_app/miniconda3/envs/ros2_humble/include/rclcpp/rclcpp/wait_set_policies/dynamic_storage.hpp:436:22:[m[K [01;36m[Knote: [m[K  no known conversion for argument 1 from '[01m[Krclcpp::wait_set_policies::DynamicStorage::ServicesIterable[m[K' {aka '[01m[Kstd::vector<std::shared_ptr<rclcpp::ServiceBase> >[m[K'} to '[01m[Kint&[m[K'
[3.824s] [01m[K/open_app/miniconda3/envs/ros2_humble/include/rclcpp/rclcpp/wait_set_policies/dynamic_storage.hpp:445:14:[m[K [01;31m[Kerror: [m[Kno match for call to '[01m[K(rclcpp::wait_set_policies::DynamicStorage::storage_release_ownerships()::<lambda(int&)>) (rclcpp::wait_set_policies::DynamicStorage::WaitablesIterable&)[m[K'
[3.824s]   445 |     [01;31m[Kreset_all(shared_waitables_)[m[K;
[3.824s]       |     [01;31m[K~~~~~~~~~^~~~~~~~~~~~~~~~~~~[m[K
[3.824s] [01m[K/open_app/miniconda3/envs/ros2_humble/include/rclcpp/rclcpp/wait_set_policies/dynamic_storage.hpp:445:14:[m[K [01;36m[Knote: [m[Kcandidate: '[01m[Kvoid (*)(int&)[m[K' (conversion)
[3.824s] [01m[K/open_app/miniconda3/envs/ros2_humble/include/rclcpp/rclcpp/wait_set_policies/dynamic_storage.hpp:445:14:[m[K [01;36m[Knote: [m[K  candidate expects 2 arguments, 2 provided
[3.824s] [01m[K/open_app/miniconda3/envs/ros2_humble/include/rclcpp/rclcpp/wait_set_policies/dynamic_storage.hpp:436:22:[m[K [01;36m[Knote: [m[Kcandidate: '[01m[Krclcpp::wait_set_policies::DynamicStorage::storage_release_ownerships()::<lambda(int&)>[m[K'
[3.825s]   436 |     auto reset_all = [01;36m[K[[m[K](auto & shared_ptrs) {
[3.825s]       |                      [01;36m[K^[m[K
[3.825s] [01m[K/open_app/miniconda3/envs/ros2_humble/include/rclcpp/rclcpp/wait_set_policies/dynamic_storage.hpp:436:22:[m[K [01;36m[Knote: [m[K  no known conversion for argument 1 from '[01m[Krclcpp::wait_set_policies::DynamicStorage::WaitablesIterable[m[K' {aka '[01m[Kstd::vector<rclcpp::wait_set_policies::DynamicStorage::WaitableEntry>[m[K'} to '[01m[Kint&[m[K'
[3.825s] In file included from [01m[K/open_app/miniconda3/envs/ros2_humble/include/rclcpp/rclcpp/wait_set_policies/sequential_synchronization.hpp:32[m[K,
[3.825s]                  from [01m[K/open_app/miniconda3/envs/ros2_humble/include/rclcpp/rclcpp/wait_set.hpp:26[m[K:
[3.825s] [01m[K/open_app/miniconda3/envs/ros2_humble/include/rclcpp/rclcpp/wait_result.hpp:[m[K In constructor '[01m[Krclcpp::WaitResult<WaitSetT>::[01;32m[KWaitResult[m[K(rclcpp::WaitResult<WaitSetT>&&)[m[K':
[3.825s] [01m[K/open_app/miniconda3/envs/ros2_humble/include/rclcpp/rclcpp/wait_result.hpp:127:28:[m[K [01;31m[Kerror: [m[K'[01m[Kexchange[m[K' is not a member of '[01m[Kstd[m[K'
[3.825s]   127 |     wait_set_pointer_(std::[01;31m[Kexchange[m[K(other.wait_set_pointer_, nullptr))
[3.826s]       |                            [01;31m[K^~~~~~~~[m[K
[3.826s] [01m[K/open_app/miniconda3/envs/ros2_humble/include/rclcpp/rclcpp/wait_result.hpp:127:28:[m[K [01;36m[Knote: [m[K'[01m[Kstd::exchange[m[K' is only available from C++14 onwards
[3.859s] [01m[K/home/dji/DJI_workshop/LZP_PSDK/ros2_workplace/src/dji_precision_capture/src/main.cpp:[m[K In lambda function:
[3.860s] [01m[K/home/dji/DJI_workshop/LZP_PSDK/ros2_workplace/src/dji_precision_capture/src/main.cpp:21:27:[m[K [01;35m[Kwarning: [m[Kunused parameter '[01m[KsignalNum[m[K' [[01;35m[K]8;;https://gcc.gnu.org/onlinedocs/gcc-14.3.0/gcc/Warning-Options.html#index-Wno-unused-parameter-Wunused-parameter]8;;[m[K]
[3.860s]    21 |     signal(SIGINT, []([01;35m[Kint signalNum[m[K) -> void { exit(0); });
[3.860s]       |                       [01;35m[K~~~~^~~~~~~~~[m[K
[3.860s] [01m[K/home/dji/DJI_workshop/LZP_PSDK/ros2_workplace/src/dji_precision_capture/src/main.cpp:[m[K In function '[01m[Kint[01;32m[K main[m[K(int, char**)[m[K':
[3.860s] [01m[K/home/dji/DJI_workshop/LZP_PSDK/ros2_workplace/src/dji_precision_capture/src/main.cpp:54:54:[m[K [01;35m[Kwarning: [m[Kmissing initializer for member '[01m[KVector3f::y[m[K' [[01;35m[K]8;;https://gcc.gnu.org/onlinedocs/gcc-14.3.0/gcc/Warning-Options.html#index-Wmissing-field-initializers-Wmissing-field-initializers]8;;[m[K]
[3.860s]    54 |     T_DjiFcSubscriptionGimbalAngles gimbalAngles = {0[01;35m[K}[m[K;
[3.860s]       |                                                      [01;35m[K^[m[K
[3.861s] [01m[K/home/dji/DJI_workshop/LZP_PSDK/ros2_workplace/src/dji_precision_capture/src/main.cpp:54:54:[m[K [01;35m[Kwarning: [m[Kmissing initializer for member '[01m[KVector3f::z[m[K' [[01;35m[K]8;;https://gcc.gnu.org/onlinedocs/gcc-14.3.0/gcc/Warning-Options.html#index-Wmissing-field-initializers-Wmissing-field-initializers]8;;[m[K]
[3.861s] [01m[K/home/dji/DJI_workshop/LZP_PSDK/ros2_workplace/src/dji_precision_capture/src/main.cpp:56:44:[m[K [01;35m[Kwarning: [m[Kmissing initializer for member '[01m[KT_DjiDataTimestamp::microsecond[m[K' [[01;35m[K]8;;https://gcc.gnu.org/onlinedocs/gcc-14.3.0/gcc/Warning-Options.html#index-Wmissing-field-initializers-Wmissing-field-initializers]8;;[m[K]
[3.861s]    56 |     T_DjiDataTimestamp angle_timestamp = {0[01;35m[K}[m[K;
[3.861s]       |                                            [01;35m[K^[m[K
[3.861s] [01m[K/home/dji/DJI_workshop/LZP_PSDK/ros2_workplace/src/dji_precision_capture/src/main.cpp:58:54:[m[K [01;35m[Kwarning: [m[Kmissing initializer for member '[01m[KGimbalStatus::isBusy[m[K' [[01;35m[K]8;;https://gcc.gnu.org/onlinedocs/gcc-14.3.0/gcc/Warning-Options.html#index-Wmissing-field-initializers-Wmissing-field-initializers]8;;[m[K]
[3.861s]    58 |     T_DjiFcSubscriptionGimbalStatus gimbalStatus = {0[01;35m[K}[m[K;
[3.861s]       |                                                      [01;35m[K^[m[K
[3.861s] [01m[K/home/dji/DJI_workshop/LZP_PSDK/ros2_workplace/src/dji_precision_capture/src/main.cpp:58:54:[m[K [01;35m[Kwarning: [m[Kmissing initializer for member '[01m[KGimbalStatus::pitchLimited[m[K' [[01;35m[K]8;;https://gcc.gnu.org/onlinedocs/gcc-14.3.0/gcc/Warning-Options.html#index-Wmissing-field-initializers-Wmissing-field-initializers]8;;[m[K]
[3.862s] [01m[K/home/dji/DJI_workshop/LZP_PSDK/ros2_workplace/src/dji_precision_capture/src/main.cpp:58:54:[m[K [01;35m[Kwarning: [m[Kmissing initializer for member '[01m[KGimbalStatus::rollLimited[m[K' [[01;35m[K]8;;https://gcc.gnu.org/onlinedocs/gcc-14.3.0/gcc/Warning-Options.html#index-Wmissing-field-initializers-Wmissing-field-initializers]8;;[m[K]
[3.862s] [01m[K/home/dji/DJI_workshop/LZP_PSDK/ros2_workplace/src/dji_precision_capture/src/main.cpp:58:54:[m[K [01;35m[Kwarning: [m[Kmissing initializer for member '[01m[KGimbalStatus::yawLimited[m[K' [[01;35m[K]8;;https://gcc.gnu.org/onlinedocs/gcc-14.3.0/gcc/Warning-Options.html#index-Wmissing-field-initializers-Wmissing-field-initializers]8;;[m[K]
[3.862s] [01m[K/home/dji/DJI_workshop/LZP_PSDK/ros2_workplace/src/dji_precision_capture/src/main.cpp:58:54:[m[K [01;35m[Kwarning: [m[Kmissing initializer for member '[01m[KGimbalStatus::calibrating[m[K' [[01;35m[K]8;;https://gcc.gnu.org/onlinedocs/gcc-14.3.0/gcc/Warning-Options.html#index-Wmissing-field-initializers-Wmissing-field-initializers]8;;[m[K]
[3.862s] [01m[K/home/dji/DJI_workshop/LZP_PSDK/ros2_workplace/src/dji_precision_capture/src/main.cpp:58:54:[m[K [01;35m[Kwarning: [m[Kmissing initializer for member '[01m[KGimbalStatus::prevCalibrationgResult[m[K' [[01;35m[K]8;;https://gcc.gnu.org/onlinedocs/gcc-14.3.0/gcc/Warning-Options.html#index-Wmissing-field-initializers-Wmissing-field-initializers]8;;[m[K]
[3.862s] [01m[K/home/dji/DJI_workshop/LZP_PSDK/ros2_workplace/src/dji_precision_capture/src/main.cpp:58:54:[m[K [01;35m[Kwarning: [m[Kmissing initializer for member '[01m[KGimbalStatus::installedDirection[m[K' [[01;35m[K]8;;https://gcc.gnu.org/onlinedocs/gcc-14.3.0/gcc/Warning-Options.html#index-Wmissing-field-initializers-Wmissing-field-initializers]8;;[m[K]
[3.862s] [01m[K/home/dji/DJI_workshop/LZP_PSDK/ros2_workplace/src/dji_precision_capture/src/main.cpp:58:54:[m[K [01;35m[Kwarning: [m[Kmissing initializer for member '[01m[KGimbalStatus::disabled_mvo[m[K' [[01;35m[K]8;;https://gcc.gnu.org/onlinedocs/gcc-14.3.0/gcc/Warning-Options.html#index-Wmissing-field-initializers-Wmissing-field-initializers]8;;[m[K]
[3.862s] [01m[K/home/dji/DJI_workshop/LZP_PSDK/ros2_workplace/src/dji_precision_capture/src/main.cpp:58:54:[m[K [01;35m[Kwarning: [m[Kmissing initializer for member '[01m[KGimbalStatus::gear_show_unable[m[K' [[01;35m[K]8;;https://gcc.gnu.org/onlinedocs/gcc-14.3.0/gcc/Warning-Options.html#index-Wmissing-field-initializers-Wmissing-field-initializers]8;;[m[K]
[3.863s] [01m[K/home/dji/DJI_workshop/LZP_PSDK/ros2_workplace/src/dji_precision_capture/src/main.cpp:58:54:[m[K [01;35m[Kwarning: [m[Kmissing initializer for member '[01m[KGimbalStatus::gyroFalut[m[K' [[01;35m[K]8;;https://gcc.gnu.org/onlinedocs/gcc-14.3.0/gcc/Warning-Options.html#index-Wmissing-field-initializers-Wmissing-field-initializers]8;;[m[K]
[3.863s] [01m[K/home/dji/DJI_workshop/LZP_PSDK/ros2_workplace/src/dji_precision_capture/src/main.cpp:58:54:[m[K [01;35m[Kwarning: [m[Kmissing initializer for member '[01m[KGimbalStatus::escPitchStatus[m[K' [[01;35m[K]8;;https://gcc.gnu.org/onlinedocs/gcc-14.3.0/gcc/Warning-Options.html#index-Wmissing-field-initializers-Wmissing-field-initializers]8;;[m[K]
[3.863s] [01m[K/home/dji/DJI_workshop/LZP_PSDK/ros2_workplace/src/dji_precision_capture/src/main.cpp:58:54:[m[K [01;35m[Kwarning: [m[Kmissing initializer for member '[01m[KGimbalStatus::escRollStatus[m[K' [[01;35m[K]8;;https://gcc.gnu.org/onlinedocs/gcc-14.3.0/gcc/Warning-Options.html#index-Wmissing-field-initializers-Wmissing-field-initializers]8;;[m[K]
[3.863s] [01m[K/home/dji/DJI_workshop/LZP_PSDK/ros2_workplace/src/dji_precision_capture/src/main.cpp:58:54:[m[K [01;35m[Kwarning: [m[Kmissing initializer for member '[01m[KGimbalStatus::escYawStatus[m[K' [[01;35m[K]8;;https://gcc.gnu.org/onlinedocs/gcc-14.3.0/gcc/Warning-Options.html#index-Wmissing-field-initializers-Wmissing-field-initializers]8;;[m[K]
[3.863s] [01m[K/home/dji/DJI_workshop/LZP_PSDK/ros2_workplace/src/dji_precision_capture/src/main.cpp:58:54:[m[K [01;35m[Kwarning: [m[Kmissing initializer for member '[01m[KGimbalStatus::droneDataRecv[m[K' [[01;35m[K]8;;https://gcc.gnu.org/onlinedocs/gcc-14.3.0/gcc/Warning-Options.html#index-Wmissing-field-initializers-Wmissing-field-initializers]8;;[m[K]
[3.863s] [01m[K/home/dji/DJI_workshop/LZP_PSDK/ros2_workplace/src/dji_precision_capture/src/main.cpp:58:54:[m[K [01;35m[Kwarning: [m[Kmissing initializer for member '[01m[KGimbalStatus::initUnfinished[m[K' [[01;35m[K]8;;https://gcc.gnu.org/onlinedocs/gcc-14.3.0/gcc/Warning-Options.html#index-Wmissing-field-initializers-Wmissing-field-initializers]8;;[m[K]
[3.864s] [01m[K/home/dji/DJI_workshop/LZP_PSDK/ros2_workplace/src/dji_precision_capture/src/main.cpp:58:54:[m[K [01;35m[Kwarning: [m[Kmissing initializer for member '[01m[KGimbalStatus::FWUpdating[m[K' [[01;35m[K]8;;https://gcc.gnu.org/onlinedocs/gcc-14.3.0/gcc/Warning-Options.html#index-Wmissing-field-initializers-Wmissing-field-initializers]8;;[m[K]
[3.864s] [01m[K/home/dji/DJI_workshop/LZP_PSDK/ros2_workplace/src/dji_precision_capture/src/main.cpp:58:54:[m[K [01;35m[Kwarning: [m[Kmissing initializer for member '[01m[KGimbalStatus::reserved2[m[K' [[01;35m[K]8;;https://gcc.gnu.org/onlinedocs/gcc-14.3.0/gcc/Warning-Options.html#index-Wmissing-field-initializers-Wmissing-field-initializers]8;;[m[K]
[3.864s] [01m[K/home/dji/DJI_workshop/LZP_PSDK/ros2_workplace/src/dji_precision_capture/src/main.cpp:60:45:[m[K [01;35m[Kwarning: [m[Kmissing initializer for member '[01m[KT_DjiDataTimestamp::microsecond[m[K' [[01;35m[K]8;;https://gcc.gnu.org/onlinedocs/gcc-14.3.0/gcc/Warning-Options.html#index-Wmissing-field-initializers-Wmissing-field-initializers]8;;[m[K]
[3.864s]    60 |     T_DjiDataTimestamp status_timestamp = {0[01;35m[K}[m[K;
[3.864s]       |                                             [01;35m[K^[m[K
[3.865s] [01m[K/home/dji/DJI_workshop/LZP_PSDK/ros2_workplace/src/dji_precision_capture/src/main.cpp:33:36:[m[K [01;35m[Kwarning: [m[Kunused variable '[01m[KfocusPosData[m[K' [[01;35m[K]8;;https://gcc.gnu.org/onlinedocs/gcc-14.3.0/gcc/Warning-Options.html#index-Wno-unused-variable-Wunused-variable]8;;[m[K]
[3.865s]    33 |     T_DjiCameraManagerFocusPosData [01;35m[KfocusPosData[m[K;
[3.865s]       |                                    [01;35m[K^~~~~~~~~~~~[m[K
[3.865s] [01m[K/home/dji/DJI_workshop/LZP_PSDK/ros2_workplace/src/dji_precision_capture/src/main.cpp:35:38:[m[K [01;35m[Kwarning: [m[Kunused variable '[01m[KtapZoomPosData[m[K' [[01;35m[K]8;;https://gcc.gnu.org/onlinedocs/gcc-14.3.0/gcc/Warning-Options.html#index-Wno-unused-variable-Wunused-variable]8;;[m[K]
[3.865s]    35 |     T_DjiCameraManagerTapZoomPosData [01;35m[KtapZoomPosData[m[K;
[3.866s]       |                                      [01;35m[K^~~~~~~~~~~~~~[m[K
[3.866s] [01m[K/home/dji/DJI_workshop/LZP_PSDK/ros2_workplace/src/dji_precision_capture/src/main.cpp:44:26:[m[K [01;35m[Kwarning: [m[Kunused variable '[01m[KzoomSpeed[m[K' [[01;35m[K]8;;https://gcc.gnu.org/onlinedocs/gcc-14.3.0/gcc/Warning-Options.html#index-Wno-unused-variable-Wunused-variable]8;;[m[K]
[3.866s]    44 |     E_DjiCameraZoomSpeed [01;35m[KzoomSpeed[m[K;
[3.866s]       |                          [01;35m[K^~~~~~~~~[m[K
[3.866s] [01m[K/home/dji/DJI_workshop/LZP_PSDK/ros2_workplace/src/dji_precision_capture/src/main.cpp:58:37:[m[K [01;35m[Kwarning: [m[Kunused variable '[01m[KgimbalStatus[m[K' [[01;35m[K]8;;https://gcc.gnu.org/onlinedocs/gcc-14.3.0/gcc/Warning-Options.html#index-Wno-unused-variable-Wunused-variable]8;;[m[K]
[3.866s]    58 |     T_DjiFcSubscriptionGimbalStatus [01;35m[KgimbalStatus[m[K = {0};
[3.866s]       |                                     [01;35m[K^~~~~~~~~~~~[m[K
[3.867s] [01m[K/home/dji/DJI_workshop/LZP_PSDK/ros2_workplace/src/dji_precision_capture/src/main.cpp:60:24:[m[K [01;35m[Kwarning: [m[Kunused variable '[01m[Kstatus_timestamp[m[K' [[01;35m[K]8;;https://gcc.gnu.org/onlinedocs/gcc-14.3.0/gcc/Warning-Options.html#index-Wno-unused-variable-Wunused-variable]8;;[m[K]
[3.867s]    60 |     T_DjiDataTimestamp [01;35m[Kstatus_timestamp[m[K = {0};
[3.867s]       |                        [01;35m[K^~~~~~~~~~~~~~~~[m[K
[4.358s] In file included from [01m[K/open_app/miniconda3/envs/ros2_humble/lib/gcc/aarch64-conda-linux-gnu/14.3.0/include/c++/bits/stl_algobase.h:71[m[K,
[4.358s]                  from [01m[K/open_app/miniconda3/envs/ros2_humble/lib/gcc/aarch64-conda-linux-gnu/14.3.0/include/c++/string:51[m[K:
[4.359s] /open_app/miniconda3/envs/ros2_humble/lib/gcc/aarch64-conda-linux-gnu/14.3.0/include/c++/bits/predefined_ops.h: In instantiation of '[01m[Kbool __gnu_cxx::__ops::_Iter_pred<_Predicate>::[01;32m[Koperator()[m[K(_Iterator) [35m[K[with _Iterator = __gnu_cxx::__normal_iterator<std::weak_ptr<rclcpp::GuardCondition>*, std::vector<std::weak_ptr<rclcpp::GuardCondition> > >; _Predicate = rclcpp::wait_set_policies::DynamicStorage::storage_prune_deleted_entities()::<lambda(const int&)>][m[K[m[K':
[4.359s] [01m[K/open_app/miniconda3/envs/ros2_humble/lib/gcc/aarch64-conda-linux-gnu/14.3.0/include/c++/bits/stl_algobase.h:2180:13:[m[K   required from '[01m[K_ForwardIterator std::[01;32m[K__remove_if[m[K(_ForwardIterator, _ForwardIterator, _Predicate) [35m[K[with _ForwardIterator = __gnu_cxx::__normal_iterator<weak_ptr<rclcpp::GuardCondition>*, vector<weak_ptr<rclcpp::GuardCondition> > >; _Predicate = __gnu_cxx::__ops::_Iter_pred<rclcpp::wait_set_policies::DynamicStorage::storage_prune_deleted_entities()::<lambda(const int&)> >][m[K[m[K'
[4.359s]  2180 |         if (![01;36m[K__pred(__first)[m[K)
[4.359s]       |              [01;36m[K~~~~~~^~~~~~~~~[m[K
[4.359s] [01m[K/open_app/miniconda3/envs/ros2_humble/lib/gcc/aarch64-conda-linux-gnu/14.3.0/include/c++/bits/stl_algo.h:832:30:[m[K   required from '[01m[K_FIter std::[01;32m[Kremove_if[m[K(_FIter, _FIter, _Predicate) [35m[K[with _FIter = __gnu_cxx::__normal_iterator<weak_ptr<rclcpp::GuardCondition>*, vector<weak_ptr<rclcpp::GuardCondition> > >; _Predicate = rclcpp::wait_set_policies::DynamicStorage::storage_prune_deleted_entities()::<lambda(const int&)>][m[K[m[K'
[4.359s]   832 |       return [01;36m[Kstd::__remove_if(__first, __last,[m[K
[4.360s]       |              [01;36m[K~~~~~~~~~~~~~~~~^~~~~~~~~~~~~~~~~[m[K
[4.360s]   833 | [01;36m[K                              __gnu_cxx::__ops::__pred_iter(__pred))[m[K;
[4.360s]       |                               [01;36m[K~~~~~~~~~~~~~~~~~~~~~~~~~~~~~~~~~~~~~~[m[K
[4.360s] [01m[K/open_app/miniconda3/envs/ros2_humble/include/rclcpp/rclcpp/wait_set_policies/dynamic_storage.hpp:386:21:[m[K   required from here
[4.360s]   386 |       [01;36m[Kstd::remove_if(guard_conditions_.begin(), guard_conditions_.end(), p)[m[K,
[4.360s]       |       [01;36m[K~~~~~~~~~~~~~~^~~~~~~~~~~~~~~~~~~~~~~~~~~~~~~~~~~~~~~~~~~~~~~~~~~~~~~[m[K
[4.360s] [01m[K/open_app/miniconda3/envs/ros2_humble/lib/gcc/aarch64-conda-linux-gnu/14.3.0/include/c++/bits/predefined_ops.h:318:30:[m[K [01;31m[Kerror: [m[Kno match for call to '[01m[K(rclcpp::wait_set_policies::DynamicStorage::storage_prune_deleted_entities()::<lambda(const int&)>) (std::weak_ptr<rclcpp::GuardCondition>&)[m[K'
[4.360s]   318 |         { return bool([01;31m[K_M_pred(*__it)[m[K); }
[4.361s]       |                       [01;31m[K~~~~~~~^~~~~~~[m[K
[4.361s] [01m[K/open_app/miniconda3/envs/ros2_humble/include/rclcpp/rclcpp/wait_set_policies/dynamic_storage.hpp:380:7:[m[K [01;36m[Knote: [m[Kcandidate: '[01m[Krclcpp::wait_set_policies::DynamicStorage::storage_prune_deleted_entities()::<lambda(const int&)>[m[K'
[4.361s]   380 |       [01;36m[K[[m[K](const auto & weak_ptr) {
[4.361s]       |       [01;36m[K^[m[K
[4.361s] [01m[K/open_app/miniconda3/envs/ros2_humble/include/rclcpp/rclcpp/wait_set_policies/dynamic_storage.hpp:380:7:[m[K [01;36m[Knote: [m[K  no known conversion for argument 1 from '[01m[Kstd::weak_ptr<rclcpp::GuardCondition>[m[K' to '[01m[Kconst int&[m[K'
[4.362s] /open_app/miniconda3/envs/ros2_humble/lib/gcc/aarch64-conda-linux-gnu/14.3.0/include/c++/bits/predefined_ops.h: In instantiation of '[01m[Kbool __gnu_cxx::__ops::_Iter_pred<_Predicate>::[01;32m[Koperator()[m[K(_Iterator) [35m[K[with _Iterator = __gnu_cxx::__normal_iterator<std::weak_ptr<rclcpp::TimerBase>*, std::vector<std::weak_ptr<rclcpp::TimerBase> > >; _Predicate = rclcpp::wait_set_policies::DynamicStorage::storage_prune_deleted_entities()::<lambda(const int&)>][m[K[m[K':
[4.362s] [01m[K/open_app/miniconda3/envs/ros2_humble/lib/gcc/aarch64-conda-linux-gnu/14.3.0/include/c++/bits/stl_algobase.h:2180:13:[m[K   required from '[01m[K_ForwardIterator std::[01;32m[K__remove_if[m[K(_ForwardIterator, _ForwardIterator, _Predicate) [35m[K[with _ForwardIterator = __gnu_cxx::__normal_iterator<weak_ptr<rclcpp::TimerBase>*, vector<weak_ptr<rclcpp::TimerBase> > >; _Predicate = __gnu_cxx::__ops::_Iter_pred<rclcpp::wait_set_policies::DynamicStorage::storage_prune_deleted_entities()::<lambda(const int&)> >][m[K[m[K'
[4.362s]  2180 |         if (![01;36m[K__pred(__first)[m[K)
[4.362s]       |              [01;36m[K~~~~~~^~~~~~~~~[m[K
[4.362s] [01m[K/open_app/miniconda3/envs/ros2_humble/lib/gcc/aarch64-conda-linux-gnu/14.3.0/include/c++/bits/stl_algo.h:832:30:[m[K   required from '[01m[K_FIter std::[01;32m[Kremove_if[m[K(_FIter, _FIter, _Predicate) [35m[K[with _FIter = __gnu_cxx::__normal_iterator<weak_ptr<rclcpp::TimerBase>*, vector<weak_ptr<rclcpp::TimerBase> > >; _Predicate = rclcpp::wait_set_policies::DynamicStorage::storage_prune_deleted_entities()::<lambda(const int&)>][m[K[m[K'
[4.362s]   832 |       return [01;36m[Kstd::__remove_if(__first, __last,[m[K
[4.363s]       |              [01;36m[K~~~~~~~~~~~~~~~~^~~~~~~~~~~~~~~~~[m[K
[4.363s]   833 | [01;36m[K                              __gnu_cxx::__ops::__pred_iter(__pred))[m[K;
[4.363s]       |                               [01;36m[K~~~~~~~~~~~~~~~~~~~~~~~~~~~~~~~~~~~~~~[m[K
[4.363s] [01m[K/open_app/miniconda3/envs/ros2_humble/include/rclcpp/rclcpp/wait_set_policies/dynamic_storage.hpp:388:33:[m[K   required from here
[4.363s]   388 |     timers_.erase([01;36m[Kstd::remove_if(timers_.begin(), timers_.end(), p)[m[K, timers_.end());
[4.363s]       |                   [01;36m[K~~~~~~~~~~~~~~^~~~~~~~~~~~~~~~~~~~~~~~~~~~~~~~~~~[m[K
[4.363s] [01m[K/open_app/miniconda3/envs/ros2_humble/lib/gcc/aarch64-conda-linux-gnu/14.3.0/include/c++/bits/predefined_ops.h:318:30:[m[K [01;31m[Kerror: [m[Kno match for call to '[01m[K(rclcpp::wait_set_policies::DynamicStorage::storage_prune_deleted_entities()::<lambda(const int&)>) (std::weak_ptr<rclcpp::TimerBase>&)[m[K'
[4.363s]   318 |         { return bool([01;31m[K_M_pred(*__it)[m[K); }
[4.364s]       |                       [01;31m[K~~~~~~~^~~~~~~[m[K
[4.364s] [01m[K/open_app/miniconda3/envs/ros2_humble/include/rclcpp/rclcpp/wait_set_policies/dynamic_storage.hpp:380:7:[m[K [01;36m[Knote: [m[Kcandidate: '[01m[Krclcpp::wait_set_policies::DynamicStorage::storage_prune_deleted_entities()::<lambda(const int&)>[m[K'
[4.364s]   380 |       [01;36m[K[[m[K](const auto & weak_ptr) {
[4.364s]       |       [01;36m[K^[m[K
[4.364s] [01m[K/open_app/miniconda3/envs/ros2_humble/include/rclcpp/rclcpp/wait_set_policies/dynamic_storage.hpp:380:7:[m[K [01;36m[Knote: [m[K  no known conversion for argument 1 from '[01m[Kstd::weak_ptr<rclcpp::TimerBase>[m[K' to '[01m[Kconst int&[m[K'
[4.364s] /open_app/miniconda3/envs/ros2_humble/lib/gcc/aarch64-conda-linux-gnu/14.3.0/include/c++/bits/predefined_ops.h: In instantiation of '[01m[Kbool __gnu_cxx::__ops::_Iter_pred<_Predicate>::[01;32m[Koperator()[m[K(_Iterator) [35m[K[with _Iterator = __gnu_cxx::__normal_iterator<std::weak_ptr<rclcpp::ClientBase>*, std::vector<std::weak_ptr<rclcpp::ClientBase> > >; _Predicate = rclcpp::wait_set_policies::DynamicStorage::storage_prune_deleted_entities()::<lambda(const int&)>][m[K[m[K':
[4.365s] [01m[K/open_app/miniconda3/envs/ros2_humble/lib/gcc/aarch64-conda-linux-gnu/14.3.0/include/c++/bits/stl_algobase.h:2180:13:[m[K   required from '[01m[K_ForwardIterator std::[01;32m[K__remove_if[m[K(_ForwardIterator, _ForwardIterator, _Predicate) [35m[K[with _ForwardIterator = __gnu_cxx::__normal_iterator<weak_ptr<rclcpp::ClientBase>*, vector<weak_ptr<rclcpp::ClientBase> > >; _Predicate = __gnu_cxx::__ops::_Iter_pred<rclcpp::wait_set_policies::DynamicStorage::storage_prune_deleted_entities()::<lambda(const int&)> >][m[K[m[K'
[4.365s]  2180 |         if (![01;36m[K__pred(__first)[m[K)
[4.365s]       |              [01;36m[K~~~~~~^~~~~~~~~[m[K
[4.365s] [01m[K/open_app/miniconda3/envs/ros2_humble/lib/gcc/aarch64-conda-linux-gnu/14.3.0/include/c++/bits/stl_algo.h:832:30:[m[K   required from '[01m[K_FIter std::[01;32m[Kremove_if[m[K(_FIter, _FIter, _Predicate) [35m[K[with _FIter = __gnu_cxx::__normal_iterator<weak_ptr<rclcpp::ClientBase>*, vector<weak_ptr<rclcpp::ClientBase> > >; _Predicate = rclcpp::wait_set_policies::DynamicStorage::storage_prune_deleted_entities()::<lambda(const int&)>][m[K[m[K'
[4.365s]   832 |       return [01;36m[Kstd::__remove_if(__first, __last,[m[K
[4.365s]       |              [01;36m[K~~~~~~~~~~~~~~~~^~~~~~~~~~~~~~~~~[m[K
[4.365s]   833 | [01;36m[K                              __gnu_cxx::__ops::__pred_iter(__pred))[m[K;
[4.365s]       |                               [01;36m[K~~~~~~~~~~~~~~~~~~~~~~~~~~~~~~~~~~~~~~[m[K
[4.366s] [01m[K/open_app/miniconda3/envs/ros2_humble/include/rclcpp/rclcpp/wait_set_policies/dynamic_storage.hpp:389:34:[m[K   required from here
[4.366s]   389 |     clients_.erase([01;36m[Kstd::remove_if(clients_.begin(), clients_.end(), p)[m[K, clients_.end());
[4.366s]       |                    [01;36m[K~~~~~~~~~~~~~~^~~~~~~~~~~~~~~~~~~~~~~~~~~~~~~~~~~~~[m[K
[4.366s] [01m[K/open_app/miniconda3/envs/ros2_humble/lib/gcc/aarch64-conda-linux-gnu/14.3.0/include/c++/bits/predefined_ops.h:318:30:[m[K [01;31m[Kerror: [m[Kno match for call to '[01m[K(rclcpp::wait_set_policies::DynamicStorage::storage_prune_deleted_entities()::<lambda(const int&)>) (std::weak_ptr<rclcpp::ClientBase>&)[m[K'
[4.366s]   318 |         { return bool([01;31m[K_M_pred(*__it)[m[K); }
[4.366s]       |                       [01;31m[K~~~~~~~^~~~~~~[m[K
[4.366s] [01m[K/open_app/miniconda3/envs/ros2_humble/include/rclcpp/rclcpp/wait_set_policies/dynamic_storage.hpp:380:7:[m[K [01;36m[Knote: [m[Kcandidate: '[01m[Krclcpp::wait_set_policies::DynamicStorage::storage_prune_deleted_entities()::<lambda(const int&)>[m[K'
[4.366s]   380 |       [01;36m[K[[m[K](const auto & weak_ptr) {
[4.367s]       |       [01;36m[K^[m[K
[4.367s] [01m[K/open_app/miniconda3/envs/ros2_humble/include/rclcpp/rclcpp/wait_set_policies/dynamic_storage.hpp:380:7:[m[K [01;36m[Knote: [m[K  no known conversion for argument 1 from '[01m[Kstd::weak_ptr<rclcpp::ClientBase>[m[K' to '[01m[Kconst int&[m[K'
[4.367s] /open_app/miniconda3/envs/ros2_humble/lib/gcc/aarch64-conda-linux-gnu/14.3.0/include/c++/bits/predefined_ops.h: In instantiation of '[01m[Kbool __gnu_cxx::__ops::_Iter_pred<_Predicate>::[01;32m[Koperator()[m[K(_Iterator) [35m[K[with _Iterator = __gnu_cxx::__normal_iterator<std::weak_ptr<rclcpp::ServiceBase>*, std::vector<std::weak_ptr<rclcpp::ServiceBase> > >; _Predicate = rclcpp::wait_set_policies::DynamicStorage::storage_prune_deleted_entities()::<lambda(const int&)>][m[K[m[K':
[4.367s] [01m[K/open_app/miniconda3/envs/ros2_humble/lib/gcc/aarch64-conda-linux-gnu/14.3.0/include/c++/bits/stl_algobase.h:2180:13:[m[K   required from '[01m[K_ForwardIterator std::[01;32m[K__remove_if[m[K(_ForwardIterator, _ForwardIterator, _Predicate) [35m[K[with _ForwardIterator = __gnu_cxx::__normal_iterator<weak_ptr<rclcpp::ServiceBase>*, vector<weak_ptr<rclcpp::ServiceBase> > >; _Predicate = __gnu_cxx::__ops::_Iter_pred<rclcpp::wait_set_policies::DynamicStorage::storage_prune_deleted_entities()::<lambda(const int&)> >][m[K[m[K'
[4.367s]  2180 |         if (![01;36m[K__pred(__first)[m[K)
[4.367s]       |              [01;36m[K~~~~~~^~~~~~~~~[m[K
[4.367s] [01m[K/open_app/miniconda3/envs/ros2_humble/lib/gcc/aarch64-conda-linux-gnu/14.3.0/include/c++/bits/stl_algo.h:832:30:[m[K   required from '[01m[K_FIter std::[01;32m[Kremove_if[m[K(_FIter, _FIter, _Predicate) [35m[K[with _FIter = __gnu_cxx::__normal_iterator<weak_ptr<rclcpp::ServiceBase>*, vector<weak_ptr<rclcpp::ServiceBase> > >; _Predicate = rclcpp::wait_set_policies::DynamicStorage::storage_prune_deleted_entities()::<lambda(const int&)>][m[K[m[K'
[4.368s]   832 |       return [01;36m[Kstd::__remove_if(__first, __last,[m[K
[4.368s]       |              [01;36m[K~~~~~~~~~~~~~~~~^~~~~~~~~~~~~~~~~[m[K
[4.368s]   833 | [01;36m[K                              __gnu_cxx::__ops::__pred_iter(__pred))[m[K;
[4.368s]       |                               [01;36m[K~~~~~~~~~~~~~~~~~~~~~~~~~~~~~~~~~~~~~~[m[K
[4.368s] [01m[K/open_app/miniconda3/envs/ros2_humble/include/rclcpp/rclcpp/wait_set_policies/dynamic_storage.hpp:390:35:[m[K   required from here
[4.368s]   390 |     services_.erase([01;36m[Kstd::remove_if(services_.begin(), services_.end(), p)[m[K, services_.end());
[4.368s]       |                     [01;36m[K~~~~~~~~~~~~~~^~~~~~~~~~~~~~~~~~~~~~~~~~~~~~~~~~~~~~~[m[K
[4.368s] [01m[K/open_app/miniconda3/envs/ros2_humble/lib/gcc/aarch64-conda-linux-gnu/14.3.0/include/c++/bits/predefined_ops.h:318:30:[m[K [01;31m[Kerror: [m[Kno match for call to '[01m[K(rclcpp::wait_set_policies::DynamicStorage::storage_prune_deleted_entities()::<lambda(const int&)>) (std::weak_ptr<rclcpp::ServiceBase>&)[m[K'
[4.369s]   318 |         { return bool([01;31m[K_M_pred(*__it)[m[K); }
[4.369s]       |                       [01;31m[K~~~~~~~^~~~~~~[m[K
[4.369s] [01m[K/open_app/miniconda3/envs/ros2_humble/include/rclcpp/rclcpp/wait_set_policies/dynamic_storage.hpp:380:7:[m[K [01;36m[Knote: [m[Kcandidate: '[01m[Krclcpp::wait_set_policies::DynamicStorage::storage_prune_deleted_entities()::<lambda(const int&)>[m[K'
[4.369s]   380 |       [01;36m[K[[m[K](const auto & weak_ptr) {
[4.369s]       |       [01;36m[K^[m[K
[4.369s] [01m[K/open_app/miniconda3/envs/ros2_humble/include/rclcpp/rclcpp/wait_set_policies/dynamic_storage.hpp:380:7:[m[K [01;36m[Knote: [m[K  no known conversion for argument 1 from '[01m[Kstd::weak_ptr<rclcpp::ServiceBase>[m[K' to '[01m[Kconst int&[m[K'
[4.369s] /open_app/miniconda3/envs/ros2_humble/lib/gcc/aarch64-conda-linux-gnu/14.3.0/include/c++/bits/predefined_ops.h: In instantiation of '[01m[Kbool __gnu_cxx::__ops::_Iter_pred<_Predicate>::[01;32m[Koperator()[m[K(_Iterator) [35m[K[with _Iterator = __gnu_cxx::__normal_iterator<rclcpp::wait_set_policies::DynamicStorage::WeakWaitableEntry*, std::vector<rclcpp::wait_set_policies::DynamicStorage::WeakWaitableEntry> >; _Predicate = rclcpp::wait_set_policies::DynamicStorage::storage_prune_deleted_entities()::<lambda(const int&)>][m[K[m[K':
[4.369s] [01m[K/open_app/miniconda3/envs/ros2_humble/lib/gcc/aarch64-conda-linux-gnu/14.3.0/include/c++/bits/stl_algobase.h:2180:13:[m[K   required from '[01m[K_ForwardIterator std::[01;32m[K__remove_if[m[K(_ForwardIterator, _ForwardIterator, _Predicate) [35m[K[with _ForwardIterator = __gnu_cxx::__normal_iterator<rclcpp::wait_set_policies::DynamicStorage::WeakWaitableEntry*, vector<rclcpp::wait_set_policies::DynamicStorage::WeakWaitableEntry> >; _Predicate = __gnu_cxx::__ops::_Iter_pred<rclcpp::wait_set_policies::DynamicStorage::storage_prune_deleted_entities()::<lambda(const int&)> >][m[K[m[K'
[4.370s]  2180 |         if (![01;36m[K__pred(__first)[m[K)
[4.370s]       |              [01;36m[K~~~~~~^~~~~~~~~[m[K
[4.370s] [01m[K/open_app/miniconda3/envs/ros2_humble/lib/gcc/aarch64-conda-linux-gnu/14.3.0/include/c++/bits/stl_algo.h:832:30:[m[K   required from '[01m[K_FIter std::[01;32m[Kremove_if[m[K(_FIter, _FIter, _Predicate) [35m[K[with _FIter = __gnu_cxx::__normal_iterator<rclcpp::wait_set_policies::DynamicStorage::WeakWaitableEntry*, vector<rclcpp::wait_set_policies::DynamicStorage::WeakWaitableEntry> >; _Predicate = rclcpp::wait_set_policies::DynamicStorage::storage_prune_deleted_entities()::<lambda(const int&)>][m[K[m[K'
[4.370s]   832 |       return [01;36m[Kstd::__remove_if(__first, __last,[m[K
[4.370s]       |              [01;36m[K~~~~~~~~~~~~~~~~^~~~~~~~~~~~~~~~~[m[K
[4.370s]   833 | [01;36m[K                              __gnu_cxx::__ops::__pred_iter(__pred))[m[K;
[4.370s]       |                               [01;36m[K~~~~~~~~~~~~~~~~~~~~~~~~~~~~~~~~~~~~~~[m[K
[4.370s] [01m[K/open_app/miniconda3/envs/ros2_humble/include/rclcpp/rclcpp/wait_set_policies/dynamic_storage.hpp:391:36:[m[K   required from here
[4.371s]   391 |     waitables_.erase([01;36m[Kstd::remove_if(waitables_.begin(), waitables_.end(), p)[m[K, waitables_.end());
[4.371s]       |                      [01;36m[K~~~~~~~~~~~~~~^~~~~~~~~~~~~~~~~~~~~~~~~~~~~~~~~~~~~~~~~[m[K
[4.371s] [01m[K/open_app/miniconda3/envs/ros2_humble/lib/gcc/aarch64-conda-linux-gnu/14.3.0/include/c++/bits/predefined_ops.h:318:30:[m[K [01;31m[Kerror: [m[Kno match for call to '[01m[K(rclcpp::wait_set_policies::DynamicStorage::storage_prune_deleted_entities()::<lambda(const int&)>) (rclcpp::wait_set_policies::DynamicStorage::WeakWaitableEntry&)[m[K'
[4.371s]   318 |         { return bool([01;31m[K_M_pred(*__it)[m[K); }
[4.371s]       |                       [01;31m[K~~~~~~~^~~~~~~[m[K
[4.371s] [01m[K/open_app/miniconda3/envs/ros2_humble/include/rclcpp/rclcpp/wait_set_policies/dynamic_storage.hpp:380:7:[m[K [01;36m[Knote: [m[Kcandidate: '[01m[Krclcpp::wait_set_policies::DynamicStorage::storage_prune_deleted_entities()::<lambda(const int&)>[m[K'
[4.371s]   380 |       [01;36m[K[[m[K](const auto & weak_ptr) {
[4.371s]       |       [01;36m[K^[m[K
[4.372s] [01m[K/open_app/miniconda3/envs/ros2_humble/include/rclcpp/rclcpp/wait_set_policies/dynamic_storage.hpp:380:7:[m[K [01;36m[Knote: [m[K  no known conversion for argument 1 from '[01m[Krclcpp::wait_set_policies::DynamicStorage::WeakWaitableEntry[m[K' to '[01m[Kconst int&[m[K'
[4.441s] /open_app/miniconda3/envs/ros2_humble/lib/gcc/aarch64-conda-linux-gnu/14.3.0/include/c++/bits/predefined_ops.h: In instantiation of '[01m[Kbool __gnu_cxx::__ops::_Iter_pred<_Predicate>::[01;32m[Koperator()[m[K(_Iterator) [35m[K[with _Iterator = __gnu_cxx::__normal_iterator<const rclcpp::wait_set_policies::DynamicStorage::WeakSubscriptionEntry*, std::vector<rclcpp::wait_set_policies::DynamicStorage::WeakSubscriptionEntry> >; _Predicate = rclcpp::wait_set_policies::DynamicStorage::storage_find_entity<rclcpp::SubscriptionBase, std::vector<WeakSubscriptionEntry> >(const rclcpp::SubscriptionBase&, const std::vector<WeakSubscriptionEntry>&)::<lambda(const int&)>][m[K[m[K':
[4.441s] [01m[K/open_app/miniconda3/envs/ros2_humble/lib/gcc/aarch64-conda-linux-gnu/14.3.0/include/c++/bits/stl_algobase.h:2107:14:[m[K   required from '[01m[K_RandomAccessIterator std::[01;32m[K__find_if[m[K(_RandomAccessIterator, _RandomAccessIterator, _Predicate, random_access_iterator_tag) [35m[K[with _RandomAccessIterator = __gnu_cxx::__normal_iterator<const rclcpp::wait_set_policies::DynamicStorage::WeakSubscriptionEntry*, vector<rclcpp::wait_set_policies::DynamicStorage::WeakSubscriptionEntry> >; _Predicate = __gnu_cxx::__ops::_Iter_pred<rclcpp::wait_set_policies::DynamicStorage::storage_find_entity<rclcpp::SubscriptionBase, std::vector<WeakSubscriptionEntry> >(const rclcpp::SubscriptionBase&, const std::vector<WeakSubscriptionEntry>&)::<lambda(const int&)> >][m[K[m[K'
[4.441s]  2107 |           if ([01;36m[K__pred(__first)[m[K)
[4.442s]       |               [01;36m[K~~~~~~^~~~~~~~~[m[K
[4.442s] [01m[K/open_app/miniconda3/envs/ros2_humble/lib/gcc/aarch64-conda-linux-gnu/14.3.0/include/c++/bits/stl_algobase.h:2152:23:[m[K   required from '[01m[K_Iterator std::[01;32m[K__find_if[m[K(_Iterator, _Iterator, _Predicate) [35m[K[with _Iterator = __gnu_cxx::__normal_iterator<const rclcpp::wait_set_policies::DynamicStorage::WeakSubscriptionEntry*, vector<rclcpp::wait_set_policies::DynamicStorage::WeakSubscriptionEntry> >; _Predicate = __gnu_cxx::__ops::_Iter_pred<rclcpp::wait_set_policies::DynamicStorage::storage_find_entity<rclcpp::SubscriptionBase, std::vector<WeakSubscriptionEntry> >(const rclcpp::SubscriptionBase&, const std::vector<WeakSubscriptionEntry>&)::<lambda(const int&)> >][m[K[m[K'
[4.442s]  2152 |       return [01;36m[K__find_if(__first, __last, __pred,[m[K
[4.442s]       |              [01;36m[K~~~~~~~~~^~~~~~~~~~~~~~~~~~~~~~~~~[m[K
[4.442s]  2153 | [01;36m[K                       std::__iterator_category(__first))[m[K;
[4.442s]       |                        [01;36m[K~~~~~~~~~~~~~~~~~~~~~~~~~~~~~~~~~~[m[K
[4.442s] [01m[K/open_app/miniconda3/envs/ros2_humble/lib/gcc/aarch64-conda-linux-gnu/14.3.0/include/c++/bits/stl_algo.h:3876:28:[m[K   required from '[01m[K_IIter std::[01;32m[Kfind_if[m[K(_IIter, _IIter, _Predicate) [35m[K[with _IIter = __gnu_cxx::__normal_iterator<const rclcpp::wait_set_policies::DynamicStorage::WeakSubscriptionEntry*, vector<rclcpp::wait_set_policies::DynamicStorage::WeakSubscriptionEntry> >; _Predicate = rclcpp::wait_set_policies::DynamicStorage::storage_find_entity<rclcpp::SubscriptionBase, std::vector<WeakSubscriptionEntry> >(const rclcpp::SubscriptionBase&, const std::vector<WeakSubscriptionEntry>&)::<lambda(const int&)>][m[K[m[K'
[4.443s]  3876 |       return [01;36m[Kstd::__find_if(__first, __last,[m[K
[4.443s]       |              [01;36m[K~~~~~~~~~~~~~~^~~~~~~~~~~~~~~~~[m[K
[4.443s]  3877 | [01;36m[K                            __gnu_cxx::__ops::__pred_iter(__pred))[m[K;
[4.443s]       |                             [01;36m[K~~~~~~~~~~~~~~~~~~~~~~~~~~~~~~~~~~~~~~[m[K
[4.443s] [01m[K/open_app/miniconda3/envs/ros2_humble/include/rclcpp/rclcpp/wait_set_policies/dynamic_storage.hpp:234:24:[m[K   required from '[01m[Kstatic auto rclcpp::wait_set_policies::DynamicStorage::[01;32m[Kstorage_find_entity[m[K(const EntityT&, const SequenceOfEntitiesT&) [35m[K[with EntityT = rclcpp::SubscriptionBase; SequenceOfEntitiesT = std::vector<WeakSubscriptionEntry>][m[K[m[K'
[4.443s]   234 |     return [01;36m[Kstd::find_if([m[K
[4.444s]       |            [01;36m[K~~~~~~~~~~~~^[m[K
[4.444s]   235 | [01;36m[K      entities.cbegin(),[m[K
[4.444s]       |       [01;36m[K~~~~~~~~~~~~~~~~~~[m[K
[4.444s]   236 | [01;36m[K      entities.cend(),[m[K
[4.444s]       |       [01;36m[K~~~~~~~~~~~~~~~~[m[K  
[4.444s]   237 | [01;36m[K      [&entity](const auto & inner) {return &entity == inner.lock().get();})[m[K;
[4.445s]       |       [01;36m[K~~~~~~~~~~~~~~~~~~~~~~~~~~~~~~~~~~~~~~~~~~~~~~~~~~~~~~~~~~~~~~~~~~~~~~[m[K
[4.445s] [01m[K/open_app/miniconda3/envs/ros2_humble/include/rclcpp/rclcpp/wait_set_policies/dynamic_storage.hpp:254:40:[m[K   required from here
[4.445s]   254 |     auto it = [01;36m[Kthis->storage_find_entity(*subscription, subscriptions_)[m[K;
[4.445s]       |               [01;36m[K~~~~~~~~~~~~~~~~~~~~~~~~~^~~~~~~~~~~~~~~~~~~~~~~~~~~~~~~[m[K
[4.445s] [01m[K/open_app/miniconda3/envs/ros2_humble/lib/gcc/aarch64-conda-linux-gnu/14.3.0/include/c++/bits/predefined_ops.h:318:30:[m[K [01;31m[Kerror: [m[Kno match for call to '[01m[K(rclcpp::wait_set_policies::DynamicStorage::storage_find_entity<rclcpp::SubscriptionBase, std::vector<WeakSubscriptionEntry> >(const rclcpp::SubscriptionBase&, const std::vector<WeakSubscriptionEntry>&)::<lambda(const int&)>) (const rclcpp::wait_set_policies::DynamicStorage::WeakSubscriptionEntry&)[m[K'
[4.445s]   318 |         { return bool([01;31m[K_M_pred(*__it)[m[K); }
[4.445s]       |                       [01;31m[K~~~~~~~^~~~~~~[m[K
[4.445s] [01m[K/open_app/miniconda3/envs/ros2_humble/include/rclcpp/rclcpp/wait_set_policies/dynamic_storage.hpp:237:7:[m[K [01;36m[Knote: [m[Kcandidate: '[01m[Krclcpp::wait_set_policies::DynamicStorage::storage_find_entity<rclcpp::SubscriptionBase, std::vector<WeakSubscriptionEntry> >(const rclcpp::SubscriptionBase&, const std::vector<WeakSubscriptionEntry>&)::<lambda(const int&)>[m[K'
[4.446s]   237 |       [01;36m[K[[m[K&entity](const auto & inner) {return &entity == inner.lock().get();});
[4.446s]       |       [01;36m[K^[m[K
[4.446s] [01m[K/open_app/miniconda3/envs/ros2_humble/include/rclcpp/rclcpp/wait_set_policies/dynamic_storage.hpp:237:7:[m[K [01;36m[Knote: [m[K  no known conversion for argument 1 from '[01m[Kconst rclcpp::wait_set_policies::DynamicStorage::WeakSubscriptionEntry[m[K' to '[01m[Kconst int&[m[K'
[4.446s] /open_app/miniconda3/envs/ros2_humble/lib/gcc/aarch64-conda-linux-gnu/14.3.0/include/c++/bits/predefined_ops.h: In instantiation of '[01m[Kbool __gnu_cxx::__ops::_Iter_pred<_Predicate>::[01;32m[Koperator()[m[K(_Iterator) [35m[K[with _Iterator = __gnu_cxx::__normal_iterator<const std::weak_ptr<rclcpp::GuardCondition>*, std::vector<std::weak_ptr<rclcpp::GuardCondition> > >; _Predicate = rclcpp::wait_set_policies::DynamicStorage::storage_find_entity<rclcpp::GuardCondition, std::vector<std::weak_ptr<rclcpp::GuardCondition> > >(const rclcpp::GuardCondition&, const std::vector<std::weak_ptr<rclcpp::GuardCondition> >&)::<lambda(const int&)>][m[K[m[K':
[4.446s] [01m[K/open_app/miniconda3/envs/ros2_humble/lib/gcc/aarch64-conda-linux-gnu/14.3.0/include/c++/bits/stl_algobase.h:2107:14:[m[K   required from '[01m[K_RandomAccessIterator std::[01;32m[K__find_if[m[K(_RandomAccessIterator, _RandomAccessIterator, _Predicate, random_access_iterator_tag) [35m[K[with _RandomAccessIterator = __gnu_cxx::__normal_iterator<const weak_ptr<rclcpp::GuardCondition>*, vector<weak_ptr<rclcpp::GuardCondition> > >; _Predicate = __gnu_cxx::__ops::_Iter_pred<rclcpp::wait_set_policies::DynamicStorage::storage_find_entity<rclcpp::GuardCondition, std::vector<std::weak_ptr<rclcpp::GuardCondition> > >(const rclcpp::GuardCondition&, const std::vector<std::weak_ptr<rclcpp::GuardCondition> >&)::<lambda(const int&)> >][m[K[m[K'
[4.446s]  2107 |           if ([01;36m[K__pred(__first)[m[K)
[4.447s]       |               [01;36m[K~~~~~~^~~~~~~~~[m[K
[4.447s] [01m[K/open_app/miniconda3/envs/ros2_humble/lib/gcc/aarch64-conda-linux-gnu/14.3.0/include/c++/bits/stl_algobase.h:2152:23:[m[K   required from '[01m[K_Iterator std::[01;32m[K__find_if[m[K(_Iterator, _Iterator, _Predicate) [35m[K[with _Iterator = __gnu_cxx::__normal_iterator<const weak_ptr<rclcpp::GuardCondition>*, vector<weak_ptr<rclcpp::GuardCondition> > >; _Predicate = __gnu_cxx::__ops::_Iter_pred<rclcpp::wait_set_policies::DynamicStorage::storage_find_entity<rclcpp::GuardCondition, std::vector<std::weak_ptr<rclcpp::GuardCondition> > >(const rclcpp::GuardCondition&, const std::vector<std::weak_ptr<rclcpp::GuardCondition> >&)::<lambda(const int&)> >][m[K[m[K'
[4.447s]  2152 |       return [01;36m[K__find_if(__first, __last, __pred,[m[K
[4.447s]       |              [01;36m[K~~~~~~~~~^~~~~~~~~~~~~~~~~~~~~~~~~[m[K
[4.447s]  2153 | [01;36m[K                       std::__iterator_category(__first))[m[K;
[4.447s]       |                        [01;36m[K~~~~~~~~~~~~~~~~~~~~~~~~~~~~~~~~~~[m[K
[4.447s] [01m[K/open_app/miniconda3/envs/ros2_humble/lib/gcc/aarch64-conda-linux-gnu/14.3.0/include/c++/bits/stl_algo.h:3876:28:[m[K   required from '[01m[K_IIter std::[01;32m[Kfind_if[m[K(_IIter, _IIter, _Predicate) [35m[K[with _IIter = __gnu_cxx::__normal_iterator<const weak_ptr<rclcpp::GuardCondition>*, vector<weak_ptr<rclcpp::GuardCondition> > >; _Predicate = rclcpp::wait_set_policies::DynamicStorage::storage_find_entity<rclcpp::GuardCondition, std::vector<std::weak_ptr<rclcpp::GuardCondition> > >(const rclcpp::GuardCondition&, const std::vector<std::weak_ptr<rclcpp::GuardCondition> >&)::<lambda(const int&)>][m[K[m[K'
[4.447s]  3876 |       return [01;36m[Kstd::__find_if(__first, __last,[m[K
[4.448s]       |              [01;36m[K~~~~~~~~~~~~~~^~~~~~~~~~~~~~~~~[m[K
[4.448s]  3877 | [01;36m[K                            __gnu_cxx::__ops::__pred_iter(__pred))[m[K;
[4.448s]       |                             [01;36m[K~~~~~~~~~~~~~~~~~~~~~~~~~~~~~~~~~~~~~~[m[K
[4.448s] [01m[K/open_app/miniconda3/envs/ros2_humble/include/rclcpp/rclcpp/wait_set_policies/dynamic_storage.hpp:234:24:[m[K   required from '[01m[Kstatic auto rclcpp::wait_set_policies::DynamicStorage::[01;32m[Kstorage_find_entity[m[K(const EntityT&, const SequenceOfEntitiesT&) [35m[K[with EntityT = rclcpp::GuardCondition; SequenceOfEntitiesT = std::vector<std::weak_ptr<rclcpp::GuardCondition> >][m[K[m[K'
[4.448s]   234 |     return [01;36m[Kstd::find_if([m[K
[4.449s]       |            [01;36m[K~~~~~~~~~~~~^[m[K
[4.449s]   235 | [01;36m[K      entities.cbegin(),[m[K
[4.449s]       |       [01;36m[K~~~~~~~~~~~~~~~~~~[m[K
[4.449s]   236 | [01;36m[K      entities.cend(),[m[K
[4.449s]       |       [01;36m[K~~~~~~~~~~~~~~~~[m[K  
[4.449s]   237 | [01;36m[K      [&entity](const auto & inner) {return &entity == inner.lock().get();})[m[K;
[4.449s]       |       [01;36m[K~~~~~~~~~~~~~~~~~~~~~~~~~~~~~~~~~~~~~~~~~~~~~~~~~~~~~~~~~~~~~~~~~~~~~~[m[K
[4.450s] [01m[K/open_app/miniconda3/envs/ros2_humble/include/rclcpp/rclcpp/wait_set_policies/dynamic_storage.hpp:275:40:[m[K   required from here
[4.450s]   275 |     auto it = [01;36m[Kthis->storage_find_entity(*guard_condition, guard_conditions_)[m[K;
[4.450s]       |               [01;36m[K~~~~~~~~~~~~~~~~~~~~~~~~~^~~~~~~~~~~~~~~~~~~~~~~~~~~~~~~~~~~~~[m[K
[4.450s] [01m[K/open_app/miniconda3/envs/ros2_humble/lib/gcc/aarch64-conda-linux-gnu/14.3.0/include/c++/bits/predefined_ops.h:318:30:[m[K [01;31m[Kerror: [m[Kno match for call to '[01m[K(rclcpp::wait_set_policies::DynamicStorage::storage_find_entity<rclcpp::GuardCondition, std::vector<std::weak_ptr<rclcpp::GuardCondition> > >(const rclcpp::GuardCondition&, const std::vector<std::weak_ptr<rclcpp::GuardCondition> >&)::<lambda(const int&)>) (const std::weak_ptr<rclcpp::GuardCondition>&)[m[K'
[4.450s]   318 |         { return bool([01;31m[K_M_pred(*__it)[m[K); }
[4.450s]       |                       [01;31m[K~~~~~~~^~~~~~~[m[K
[4.450s] [01m[K/open_app/miniconda3/envs/ros2_humble/include/rclcpp/rclcpp/wait_set_policies/dynamic_storage.hpp:237:7:[m[K [01;36m[Knote: [m[Kcandidate: '[01m[Krclcpp::wait_set_policies::DynamicStorage::storage_find_entity<rclcpp::GuardCondition, std::vector<std::weak_ptr<rclcpp::GuardCondition> > >(const rclcpp::GuardCondition&, const std::vector<std::weak_ptr<rclcpp::GuardCondition> >&)::<lambda(const int&)>[m[K'
[4.450s]   237 |       [01;36m[K[[m[K&entity](const auto & inner) {return &entity == inner.lock().get();});
[4.451s]       |       [01;36m[K^[m[K
[4.451s] [01m[K/open_app/miniconda3/envs/ros2_humble/include/rclcpp/rclcpp/wait_set_policies/dynamic_storage.hpp:237:7:[m[K [01;36m[Knote: [m[K  no known conversion for argument 1 from '[01m[Kconst std::weak_ptr<rclcpp::GuardCondition>[m[K' to '[01m[Kconst int&[m[K'
[4.451s] /open_app/miniconda3/envs/ros2_humble/lib/gcc/aarch64-conda-linux-gnu/14.3.0/include/c++/bits/predefined_ops.h: In instantiation of '[01m[Kbool __gnu_cxx::__ops::_Iter_pred<_Predicate>::[01;32m[Koperator()[m[K(_Iterator) [35m[K[with _Iterator = __gnu_cxx::__normal_iterator<const std::weak_ptr<rclcpp::TimerBase>*, std::vector<std::weak_ptr<rclcpp::TimerBase> > >; _Predicate = rclcpp::wait_set_policies::DynamicStorage::storage_find_entity<rclcpp::TimerBase, std::vector<std::weak_ptr<rclcpp::TimerBase> > >(const rclcpp::TimerBase&, const std::vector<std::weak_ptr<rclcpp::TimerBase> >&)::<lambda(const int&)>][m[K[m[K':
[4.451s] [01m[K/open_app/miniconda3/envs/ros2_humble/lib/gcc/aarch64-conda-linux-gnu/14.3.0/include/c++/bits/stl_algobase.h:2107:14:[m[K   required from '[01m[K_RandomAccessIterator std::[01;32m[K__find_if[m[K(_RandomAccessIterator, _RandomAccessIterator, _Predicate, random_access_iterator_tag) [35m[K[with _RandomAccessIterator = __gnu_cxx::__normal_iterator<const weak_ptr<rclcpp::TimerBase>*, vector<weak_ptr<rclcpp::TimerBase> > >; _Predicate = __gnu_cxx::__ops::_Iter_pred<rclcpp::wait_set_policies::DynamicStorage::storage_find_entity<rclcpp::TimerBase, std::vector<std::weak_ptr<rclcpp::TimerBase> > >(const rclcpp::TimerBase&, const std::vector<std::weak_ptr<rclcpp::TimerBase> >&)::<lambda(const int&)> >][m[K[m[K'
[4.451s]  2107 |           if ([01;36m[K__pred(__first)[m[K)
[4.451s]       |               [01;36m[K~~~~~~^~~~~~~~~[m[K
[4.451s] [01m[K/open_app/miniconda3/envs/ros2_humble/lib/gcc/aarch64-conda-linux-gnu/14.3.0/include/c++/bits/stl_algobase.h:2152:23:[m[K   required from '[01m[K_Iterator std::[01;32m[K__find_if[m[K(_Iterator, _Iterator, _Predicate) [35m[K[with _Iterator = __gnu_cxx::__normal_iterator<const weak_ptr<rclcpp::TimerBase>*, vector<weak_ptr<rclcpp::TimerBase> > >; _Predicate = __gnu_cxx::__ops::_Iter_pred<rclcpp::wait_set_policies::DynamicStorage::storage_find_entity<rclcpp::TimerBase, std::vector<std::weak_ptr<rclcpp::TimerBase> > >(const rclcpp::TimerBase&, const std::vector<std::weak_ptr<rclcpp::TimerBase> >&)::<lambda(const int&)> >][m[K[m[K'
[4.452s]  2152 |       return [01;36m[K__find_if(__first, __last, __pred,[m[K
[4.452s]       |              [01;36m[K~~~~~~~~~^~~~~~~~~~~~~~~~~~~~~~~~~[m[K
[4.452s]  2153 | [01;36m[K                       std::__iterator_category(__first))[m[K;
[4.452s]       |                        [01;36m[K~~~~~~~~~~~~~~~~~~~~~~~~~~~~~~~~~~[m[K
[4.452s] [01m[K/open_app/miniconda3/envs/ros2_humble/lib/gcc/aarch64-conda-linux-gnu/14.3.0/include/c++/bits/stl_algo.h:3876:28:[m[K   required from '[01m[K_IIter std::[01;32m[Kfind_if[m[K(_IIter, _IIter, _Predicate) [35m[K[with _IIter = __gnu_cxx::__normal_iterator<const weak_ptr<rclcpp::TimerBase>*, vector<weak_ptr<rclcpp::TimerBase> > >; _Predicate = rclcpp::wait_set_policies::DynamicStorage::storage_find_entity<rclcpp::TimerBase, std::vector<std::weak_ptr<rclcpp::TimerBase> > >(const rclcpp::TimerBase&, const std::vector<std::weak_ptr<rclcpp::TimerBase> >&)::<lambda(const int&)>][m[K[m[K'
[4.453s]  3876 |       return [01;36m[Kstd::__find_if(__first, __last,[m[K
[4.453s]       |              [01;36m[K~~~~~~~~~~~~~~^~~~~~~~~~~~~~~~~[m[K
[4.453s]  3877 | [01;36m[K                            __gnu_cxx::__ops::__pred_iter(__pred))[m[K;
[4.453s]       |                             [01;36m[K~~~~~~~~~~~~~~~~~~~~~~~~~~~~~~~~~~~~~~[m[K
[4.453s] [01m[K/open_app/miniconda3/envs/ros2_humble/include/rclcpp/rclcpp/wait_set_policies/dynamic_storage.hpp:234:24:[m[K   required from '[01m[Kstatic auto rclcpp::wait_set_policies::DynamicStorage::[01;32m[Kstorage_find_entity[m[K(const EntityT&, const SequenceOfEntitiesT&) [35m[K[with EntityT = rclcpp::TimerBase; SequenceOfEntitiesT = std::vector<std::weak_ptr<rclcpp::TimerBase> >][m[K[m[K'
[4.453s]   234 |     return [01;36m[Kstd::find_if([m[K
[4.453s]       |            [01;36m[K~~~~~~~~~~~~^[m[K
[4.453s]   235 | [01;36m[K      entities.cbegin(),[m[K
[4.454s]       |       [01;36m[K~~~~~~~~~~~~~~~~~~[m[K
[4.454s]   236 | [01;36m[K      entities.cend(),[m[K
[4.454s]       |       [01;36m[K~~~~~~~~~~~~~~~~[m[K  
[4.454s]   237 | [01;36m[K      [&entity](const auto & inner) {return &entity == inner.lock().get();})[m[K;
[4.454s]       |       [01;36m[K~~~~~~~~~~~~~~~~~~~~~~~~~~~~~~~~~~~~~~~~~~~~~~~~~~~~~~~~~~~~~~~~~~~~~~[m[K
[4.454s] [01m[K/open_app/miniconda3/envs/ros2_humble/include/rclcpp/rclcpp/wait_set_policies/dynamic_storage.hpp:296:40:[m[K   required from here
[4.454s]   296 |     auto it = [01;36m[Kthis->storage_find_entity(*timer, timers_)[m[K;
[4.455s]       |               [01;36m[K~~~~~~~~~~~~~~~~~~~~~~~~~^~~~~~~~~~~~~~~~~[m[K
[4.455s] [01m[K/open_app/miniconda3/envs/ros2_humble/lib/gcc/aarch64-conda-linux-gnu/14.3.0/include/c++/bits/predefined_ops.h:318:30:[m[K [01;31m[Kerror: [m[Kno match for call to '[01m[K(rclcpp::wait_set_policies::DynamicStorage::storage_find_entity<rclcpp::TimerBase, std::vector<std::weak_ptr<rclcpp::TimerBase> > >(const rclcpp::TimerBase&, const std::vector<std::weak_ptr<rclcpp::TimerBase> >&)::<lambda(const int&)>) (const std::weak_ptr<rclcpp::TimerBase>&)[m[K'
[4.455s]   318 |         { return bool([01;31m[K_M_pred(*__it)[m[K); }
[4.455s]       |                       [01;31m[K~~~~~~~^~~~~~~[m[K
[4.455s] [01m[K/open_app/miniconda3/envs/ros2_humble/include/rclcpp/rclcpp/wait_set_policies/dynamic_storage.hpp:237:7:[m[K [01;36m[Knote: [m[Kcandidate: '[01m[Krclcpp::wait_set_policies::DynamicStorage::storage_find_entity<rclcpp::TimerBase, std::vector<std::weak_ptr<rclcpp::TimerBase> > >(const rclcpp::TimerBase&, const std::vector<std::weak_ptr<rclcpp::TimerBase> >&)::<lambda(const int&)>[m[K'
[4.455s]   237 |       [01;36m[K[[m[K&entity](const auto & inner) {return &entity == inner.lock().get();});
[4.455s]       |       [01;36m[K^[m[K
[4.456s] [01m[K/open_app/miniconda3/envs/ros2_humble/include/rclcpp/rclcpp/wait_set_policies/dynamic_storage.hpp:237:7:[m[K [01;36m[Knote: [m[K  no known conversion for argument 1 from '[01m[Kconst std::weak_ptr<rclcpp::TimerBase>[m[K' to '[01m[Kconst int&[m[K'
[4.456s] /open_app/miniconda3/envs/ros2_humble/lib/gcc/aarch64-conda-linux-gnu/14.3.0/include/c++/bits/predefined_ops.h: In instantiation of '[01m[Kbool __gnu_cxx::__ops::_Iter_pred<_Predicate>::[01;32m[Koperator()[m[K(_Iterator) [35m[K[with _Iterator = __gnu_cxx::__normal_iterator<const std::weak_ptr<rclcpp::ClientBase>*, std::vector<std::weak_ptr<rclcpp::ClientBase> > >; _Predicate = rclcpp::wait_set_policies::DynamicStorage::storage_find_entity<rclcpp::ClientBase, std::vector<std::weak_ptr<rclcpp::ClientBase> > >(const rclcpp::ClientBase&, const std::vector<std::weak_ptr<rclcpp::ClientBase> >&)::<lambda(const int&)>][m[K[m[K':
[4.456s] [01m[K/open_app/miniconda3/envs/ros2_humble/lib/gcc/aarch64-conda-linux-gnu/14.3.0/include/c++/bits/stl_algobase.h:2107:14:[m[K   required from '[01m[K_RandomAccessIterator std::[01;32m[K__find_if[m[K(_RandomAccessIterator, _RandomAccessIterator, _Predicate, random_access_iterator_tag) [35m[K[with _RandomAccessIterator = __gnu_cxx::__normal_iterator<const weak_ptr<rclcpp::ClientBase>*, vector<weak_ptr<rclcpp::ClientBase> > >; _Predicate = __gnu_cxx::__ops::_Iter_pred<rclcpp::wait_set_policies::DynamicStorage::storage_find_entity<rclcpp::ClientBase, std::vector<std::weak_ptr<rclcpp::ClientBase> > >(const rclcpp::ClientBase&, const std::vector<std::weak_ptr<rclcpp::ClientBase> >&)::<lambda(const int&)> >][m[K[m[K'
[4.456s]  2107 |           if ([01;36m[K__pred(__first)[m[K)
[4.456s]       |               [01;36m[K~~~~~~^~~~~~~~~[m[K
[4.456s] [01m[K/open_app/miniconda3/envs/ros2_humble/lib/gcc/aarch64-conda-linux-gnu/14.3.0/include/c++/bits/stl_algobase.h:2152:23:[m[K   required from '[01m[K_Iterator std::[01;32m[K__find_if[m[K(_Iterator, _Iterator, _Predicate) [35m[K[with _Iterator = __gnu_cxx::__normal_iterator<const weak_ptr<rclcpp::ClientBase>*, vector<weak_ptr<rclcpp::ClientBase> > >; _Predicate = __gnu_cxx::__ops::_Iter_pred<rclcpp::wait_set_policies::DynamicStorage::storage_find_entity<rclcpp::ClientBase, std::vector<std::weak_ptr<rclcpp::ClientBase> > >(const rclcpp::ClientBase&, const std::vector<std::weak_ptr<rclcpp::ClientBase> >&)::<lambda(const int&)> >][m[K[m[K'
[4.457s]  2152 |       return [01;36m[K__find_if(__first, __last, __pred,[m[K
[4.457s]       |              [01;36m[K~~~~~~~~~^~~~~~~~~~~~~~~~~~~~~~~~~[m[K
[4.457s]  2153 | [01;36m[K                       std::__iterator_category(__first))[m[K;
[4.457s]       |                        [01;36m[K~~~~~~~~~~~~~~~~~~~~~~~~~~~~~~~~~~[m[K
[4.457s] [01m[K/open_app/miniconda3/envs/ros2_humble/lib/gcc/aarch64-conda-linux-gnu/14.3.0/include/c++/bits/stl_algo.h:3876:28:[m[K   required from '[01m[K_IIter std::[01;32m[Kfind_if[m[K(_IIter, _IIter, _Predicate) [35m[K[with _IIter = __gnu_cxx::__normal_iterator<const weak_ptr<rclcpp::ClientBase>*, vector<weak_ptr<rclcpp::ClientBase> > >; _Predicate = rclcpp::wait_set_policies::DynamicStorage::storage_find_entity<rclcpp::ClientBase, std::vector<std::weak_ptr<rclcpp::ClientBase> > >(const rclcpp::ClientBase&, const std::vector<std::weak_ptr<rclcpp::ClientBase> >&)::<lambda(const int&)>][m[K[m[K'
[4.457s]  3876 |       return [01;36m[Kstd::__find_if(__first, __last,[m[K
[4.457s]       |              [01;36m[K~~~~~~~~~~~~~~^~~~~~~~~~~~~~~~~[m[K
[4.458s]  3877 | [01;36m[K                            __gnu_cxx::__ops::__pred_iter(__pred))[m[K;
[4.458s]       |                             [01;36m[K~~~~~~~~~~~~~~~~~~~~~~~~~~~~~~~~~~~~~~[m[K
[4.458s] [01m[K/open_app/miniconda3/envs/ros2_humble/include/rclcpp/rclcpp/wait_set_policies/dynamic_storage.hpp:234:24:[m[K   required from '[01m[Kstatic auto rclcpp::wait_set_policies::DynamicStorage::[01;32m[Kstorage_find_entity[m[K(const EntityT&, const SequenceOfEntitiesT&) [35m[K[with EntityT = rclcpp::ClientBase; SequenceOfEntitiesT = std::vector<std::weak_ptr<rclcpp::ClientBase> >][m[K[m[K'
[4.458s]   234 |     return [01;36m[Kstd::find_if([m[K
[4.458s]       |            [01;36m[K~~~~~~~~~~~~^[m[K
[4.458s]   235 | [01;36m[K      entities.cbegin(),[m[K
[4.458s]       |       [01;36m[K~~~~~~~~~~~~~~~~~~[m[K
[4.458s]   236 | [01;36m[K      entities.cend(),[m[K
[4.459s]       |       [01;36m[K~~~~~~~~~~~~~~~~[m[K  
[4.459s]   237 | [01;36m[K      [&entity](const auto & inner) {return &entity == inner.lock().get();})[m[K;
[4.459s]       |       [01;36m[K~~~~~~~~~~~~~~~~~~~~~~~~~~~~~~~~~~~~~~~~~~~~~~~~~~~~~~~~~~~~~~~~~~~~~~[m[K
[4.459s] [01m[K/open_app/miniconda3/envs/ros2_humble/include/rclcpp/rclcpp/wait_set_policies/dynamic_storage.hpp:317:40:[m[K   required from here
[4.459s]   317 |     auto it = [01;36m[Kthis->storage_find_entity(*client, clients_)[m[K;
[4.459s]       |               [01;36m[K~~~~~~~~~~~~~~~~~~~~~~~~~^~~~~~~~~~~~~~~~~~~[m[K
[4.459s] [01m[K/open_app/miniconda3/envs/ros2_humble/lib/gcc/aarch64-conda-linux-gnu/14.3.0/include/c++/bits/predefined_ops.h:318:30:[m[K [01;31m[Kerror: [m[Kno match for call to '[01m[K(rclcpp::wait_set_policies::DynamicStorage::storage_find_entity<rclcpp::ClientBase, std::vector<std::weak_ptr<rclcpp::ClientBase> > >(const rclcpp::ClientBase&, const std::vector<std::weak_ptr<rclcpp::ClientBase> >&)::<lambda(const int&)>) (const std::weak_ptr<rclcpp::ClientBase>&)[m[K'
[4.459s]   318 |         { return bool([01;31m[K_M_pred(*__it)[m[K); }
[4.460s]       |                       [01;31m[K~~~~~~~^~~~~~~[m[K
[4.460s] [01m[K/open_app/miniconda3/envs/ros2_humble/include/rclcpp/rclcpp/wait_set_policies/dynamic_storage.hpp:237:7:[m[K [01;36m[Knote: [m[Kcandidate: '[01m[Krclcpp::wait_set_policies::DynamicStorage::storage_find_entity<rclcpp::ClientBase, std::vector<std::weak_ptr<rclcpp::ClientBase> > >(const rclcpp::ClientBase&, const std::vector<std::weak_ptr<rclcpp::ClientBase> >&)::<lambda(const int&)>[m[K'
[4.460s]   237 |       [01;36m[K[[m[K&entity](const auto & inner) {return &entity == inner.lock().get();});
[4.460s]       |       [01;36m[K^[m[K
[4.460s] [01m[K/open_app/miniconda3/envs/ros2_humble/include/rclcpp/rclcpp/wait_set_policies/dynamic_storage.hpp:237:7:[m[K [01;36m[Knote: [m[K  no known conversion for argument 1 from '[01m[Kconst std::weak_ptr<rclcpp::ClientBase>[m[K' to '[01m[Kconst int&[m[K'
[4.460s] /open_app/miniconda3/envs/ros2_humble/lib/gcc/aarch64-conda-linux-gnu/14.3.0/include/c++/bits/predefined_ops.h: In instantiation of '[01m[Kbool __gnu_cxx::__ops::_Iter_pred<_Predicate>::[01;32m[Koperator()[m[K(_Iterator) [35m[K[with _Iterator = __gnu_cxx::__normal_iterator<const std::weak_ptr<rclcpp::ServiceBase>*, std::vector<std::weak_ptr<rclcpp::ServiceBase> > >; _Predicate = rclcpp::wait_set_policies::DynamicStorage::storage_find_entity<rclcpp::ServiceBase, std::vector<std::weak_ptr<rclcpp::ServiceBase> > >(const rclcpp::ServiceBase&, const std::vector<std::weak_ptr<rclcpp::ServiceBase> >&)::<lambda(const int&)>][m[K[m[K':
[4.461s] [01m[K/open_app/miniconda3/envs/ros2_humble/lib/gcc/aarch64-conda-linux-gnu/14.3.0/include/c++/bits/stl_algobase.h:2107:14:[m[K   required from '[01m[K_RandomAccessIterator std::[01;32m[K__find_if[m[K(_RandomAccessIterator, _RandomAccessIterator, _Predicate, random_access_iterator_tag) [35m[K[with _RandomAccessIterator = __gnu_cxx::__normal_iterator<const weak_ptr<rclcpp::ServiceBase>*, vector<weak_ptr<rclcpp::ServiceBase> > >; _Predicate = __gnu_cxx::__ops::_Iter_pred<rclcpp::wait_set_policies::DynamicStorage::storage_find_entity<rclcpp::ServiceBase, std::vector<std::weak_ptr<rclcpp::ServiceBase> > >(const rclcpp::ServiceBase&, const std::vector<std::weak_ptr<rclcpp::ServiceBase> >&)::<lambda(const int&)> >][m[K[m[K'
[4.461s]  2107 |           if ([01;36m[K__pred(__first)[m[K)
[4.461s]       |               [01;36m[K~~~~~~^~~~~~~~~[m[K
[4.461s] [01m[K/open_app/miniconda3/envs/ros2_humble/lib/gcc/aarch64-conda-linux-gnu/14.3.0/include/c++/bits/stl_algobase.h:2152:23:[m[K   required from '[01m[K_Iterator std::[01;32m[K__find_if[m[K(_Iterator, _Iterator, _Predicate) [35m[K[with _Iterator = __gnu_cxx::__normal_iterator<const weak_ptr<rclcpp::ServiceBase>*, vector<weak_ptr<rclcpp::ServiceBase> > >; _Predicate = __gnu_cxx::__ops::_Iter_pred<rclcpp::wait_set_policies::DynamicStorage::storage_find_entity<rclcpp::ServiceBase, std::vector<std::weak_ptr<rclcpp::ServiceBase> > >(const rclcpp::ServiceBase&, const std::vector<std::weak_ptr<rclcpp::ServiceBase> >&)::<lambda(const int&)> >][m[K[m[K'
[4.461s]  2152 |       return [01;36m[K__find_if(__first, __last, __pred,[m[K
[4.461s]       |              [01;36m[K~~~~~~~~~^~~~~~~~~~~~~~~~~~~~~~~~~[m[K
[4.461s]  2153 | [01;36m[K                       std::__iterator_category(__first))[m[K;
[4.462s]       |                        [01;36m[K~~~~~~~~~~~~~~~~~~~~~~~~~~~~~~~~~~[m[K
[4.462s] [01m[K/open_app/miniconda3/envs/ros2_humble/lib/gcc/aarch64-conda-linux-gnu/14.3.0/include/c++/bits/stl_algo.h:3876:28:[m[K   required from '[01m[K_IIter std::[01;32m[Kfind_if[m[K(_IIter, _IIter, _Predicate) [35m[K[with _IIter = __gnu_cxx::__normal_iterator<const weak_ptr<rclcpp::ServiceBase>*, vector<weak_ptr<rclcpp::ServiceBase> > >; _Predicate = rclcpp::wait_set_policies::DynamicStorage::storage_find_entity<rclcpp::ServiceBase, std::vector<std::weak_ptr<rclcpp::ServiceBase> > >(const rclcpp::ServiceBase&, const std::vector<std::weak_ptr<rclcpp::ServiceBase> >&)::<lambda(const int&)>][m[K[m[K'
[4.462s]  3876 |       return [01;36m[Kstd::__find_if(__first, __last,[m[K
[4.462s]       |              [01;36m[K~~~~~~~~~~~~~~^~~~~~~~~~~~~~~~~[m[K
[4.462s]  3877 | [01;36m[K                            __gnu_cxx::__ops::__pred_iter(__pred))[m[K;
[4.462s]       |                             [01;36m[K~~~~~~~~~~~~~~~~~~~~~~~~~~~~~~~~~~~~~~[m[K
[4.462s] [01m[K/open_app/miniconda3/envs/ros2_humble/include/rclcpp/rclcpp/wait_set_policies/dynamic_storage.hpp:234:24:[m[K   required from '[01m[Kstatic auto rclcpp::wait_set_policies::DynamicStorage::[01;32m[Kstorage_find_entity[m[K(const EntityT&, const SequenceOfEntitiesT&) [35m[K[with EntityT = rclcpp::ServiceBase; SequenceOfEntitiesT = std::vector<std::weak_ptr<rclcpp::ServiceBase> >][m[K[m[K'
[4.462s]   234 |     return [01;36m[Kstd::find_if([m[K
[4.463s]       |            [01;36m[K~~~~~~~~~~~~^[m[K
[4.463s]   235 | [01;36m[K      entities.cbegin(),[m[K
[4.463s]       |       [01;36m[K~~~~~~~~~~~~~~~~~~[m[K
[4.463s]   236 | [01;36m[K      entities.cend(),[m[K
[4.463s]       |       [01;36m[K~~~~~~~~~~~~~~~~[m[K  
[4.463s]   237 | [01;36m[K      [&entity](const auto & inner) {return &entity == inner.lock().get();})[m[K;
[4.463s]       |       [01;36m[K~~~~~~~~~~~~~~~~~~~~~~~~~~~~~~~~~~~~~~~~~~~~~~~~~~~~~~~~~~~~~~~~~~~~~~[m[K
[4.464s] [01m[K/open_app/miniconda3/envs/ros2_humble/include/rclcpp/rclcpp/wait_set_policies/dynamic_storage.hpp:338:40:[m[K   required from here
[4.464s]   338 |     auto it = [01;36m[Kthis->storage_find_entity(*service, services_)[m[K;
[4.464s]       |               [01;36m[K~~~~~~~~~~~~~~~~~~~~~~~~~^~~~~~~~~~~~~~~~~~~~~[m[K
[4.464s] [01m[K/open_app/miniconda3/envs/ros2_humble/lib/gcc/aarch64-conda-linux-gnu/14.3.0/include/c++/bits/predefined_ops.h:318:30:[m[K [01;31m[Kerror: [m[Kno match for call to '[01m[K(rclcpp::wait_set_policies::DynamicStorage::storage_find_entity<rclcpp::ServiceBase, std::vector<std::weak_ptr<rclcpp::ServiceBase> > >(const rclcpp::ServiceBase&, const std::vector<std::weak_ptr<rclcpp::ServiceBase> >&)::<lambda(const int&)>) (const std::weak_ptr<rclcpp::ServiceBase>&)[m[K'
[4.464s]   318 |         { return bool([01;31m[K_M_pred(*__it)[m[K); }
[4.464s]       |                       [01;31m[K~~~~~~~^~~~~~~[m[K
[4.464s] [01m[K/open_app/miniconda3/envs/ros2_humble/include/rclcpp/rclcpp/wait_set_policies/dynamic_storage.hpp:237:7:[m[K [01;36m[Knote: [m[Kcandidate: '[01m[Krclcpp::wait_set_policies::DynamicStorage::storage_find_entity<rclcpp::ServiceBase, std::vector<std::weak_ptr<rclcpp::ServiceBase> > >(const rclcpp::ServiceBase&, const std::vector<std::weak_ptr<rclcpp::ServiceBase> >&)::<lambda(const int&)>[m[K'
[4.464s]   237 |       [01;36m[K[[m[K&entity](const auto & inner) {return &entity == inner.lock().get();});
[4.465s]       |       [01;36m[K^[m[K
[4.465s] [01m[K/open_app/miniconda3/envs/ros2_humble/include/rclcpp/rclcpp/wait_set_policies/dynamic_storage.hpp:237:7:[m[K [01;36m[Knote: [m[K  no known conversion for argument 1 from '[01m[Kconst std::weak_ptr<rclcpp::ServiceBase>[m[K' to '[01m[Kconst int&[m[K'
[4.465s] /open_app/miniconda3/envs/ros2_humble/lib/gcc/aarch64-conda-linux-gnu/14.3.0/include/c++/bits/predefined_ops.h: In instantiation of '[01m[Kbool __gnu_cxx::__ops::_Iter_pred<_Predicate>::[01;32m[Koperator()[m[K(_Iterator) [35m[K[with _Iterator = __gnu_cxx::__normal_iterator<const rclcpp::wait_set_policies::DynamicStorage::WeakWaitableEntry*, std::vector<rclcpp::wait_set_policies::DynamicStorage::WeakWaitableEntry> >; _Predicate = rclcpp::wait_set_policies::DynamicStorage::storage_find_entity<rclcpp::Waitable, std::vector<WeakWaitableEntry> >(const rclcpp::Waitable&, const std::vector<WeakWaitableEntry>&)::<lambda(const int&)>][m[K[m[K':
[4.465s] [01m[K/open_app/miniconda3/envs/ros2_humble/lib/gcc/aarch64-conda-linux-gnu/14.3.0/include/c++/bits/stl_algobase.h:2107:14:[m[K   required from '[01m[K_RandomAccessIterator std::[01;32m[K__find_if[m[K(_RandomAccessIterator, _RandomAccessIterator, _Predicate, random_access_iterator_tag) [35m[K[with _RandomAccessIterator = __gnu_cxx::__normal_iterator<const rclcpp::wait_set_policies::DynamicStorage::WeakWaitableEntry*, vector<rclcpp::wait_set_policies::DynamicStorage::WeakWaitableEntry> >; _Predicate = __gnu_cxx::__ops::_Iter_pred<rclcpp::wait_set_policies::DynamicStorage::storage_find_entity<rclcpp::Waitable, std::vector<WeakWaitableEntry> >(const rclcpp::Waitable&, const std::vector<WeakWaitableEntry>&)::<lambda(const int&)> >][m[K[m[K'
[4.465s]  2107 |           if ([01;36m[K__pred(__first)[m[K)
[4.465s]       |               [01;36m[K~~~~~~^~~~~~~~~[m[K
[4.465s] [01m[K/open_app/miniconda3/envs/ros2_humble/lib/gcc/aarch64-conda-linux-gnu/14.3.0/include/c++/bits/stl_algobase.h:2152:23:[m[K   required from '[01m[K_Iterator std::[01;32m[K__find_if[m[K(_Iterator, _Iterator, _Predicate) [35m[K[with _Iterator = __gnu_cxx::__normal_iterator<const rclcpp::wait_set_policies::DynamicStorage::WeakWaitableEntry*, vector<rclcpp::wait_set_policies::DynamicStorage::WeakWaitableEntry> >; _Predicate = __gnu_cxx::__ops::_Iter_pred<rclcpp::wait_set_policies::DynamicStorage::storage_find_entity<rclcpp::Waitable, std::vector<WeakWaitableEntry> >(const rclcpp::Waitable&, const std::vector<WeakWaitableEntry>&)::<lambda(const int&)> >][m[K[m[K'
[4.465s]  2152 |       return [01;36m[K__find_if(__first, __last, __pred,[m[K
[4.466s]       |              [01;36m[K~~~~~~~~~^~~~~~~~~~~~~~~~~~~~~~~~~[m[K
[4.466s]  2153 | [01;36m[K                       std::__iterator_category(__first))[m[K;
[4.466s]       |                        [01;36m[K~~~~~~~~~~~~~~~~~~~~~~~~~~~~~~~~~~[m[K
[4.466s] [01m[K/open_app/miniconda3/envs/ros2_humble/lib/gcc/aarch64-conda-linux-gnu/14.3.0/include/c++/bits/stl_algo.h:3876:28:[m[K   required from '[01m[K_IIter std::[01;32m[Kfind_if[m[K(_IIter, _IIter, _Predicate) [35m[K[with _IIter = __gnu_cxx::__normal_iterator<const rclcpp::wait_set_policies::DynamicStorage::WeakWaitableEntry*, vector<rclcpp::wait_set_policies::DynamicStorage::WeakWaitableEntry> >; _Predicate = rclcpp::wait_set_policies::DynamicStorage::storage_find_entity<rclcpp::Waitable, std::vector<WeakWaitableEntry> >(const rclcpp::Waitable&, const std::vector<WeakWaitableEntry>&)::<lambda(const int&)>][m[K[m[K'
[4.466s]  3876 |       return [01;36m[Kstd::__find_if(__first, __last,[m[K
[4.466s]       |              [01;36m[K~~~~~~~~~~~~~~^~~~~~~~~~~~~~~~~[m[K
[4.467s]  3877 | [01;36m[K                            __gnu_cxx::__ops::__pred_iter(__pred))[m[K;
[4.467s]       |                             [01;36m[K~~~~~~~~~~~~~~~~~~~~~~~~~~~~~~~~~~~~~~[m[K
[4.467s] [01m[K/open_app/miniconda3/envs/ros2_humble/include/rclcpp/rclcpp/wait_set_policies/dynamic_storage.hpp:234:24:[m[K   required from '[01m[Kstatic auto rclcpp::wait_set_policies::DynamicStorage::[01;32m[Kstorage_find_entity[m[K(const EntityT&, const SequenceOfEntitiesT&) [35m[K[with EntityT = rclcpp::Waitable; SequenceOfEntitiesT = std::vector<WeakWaitableEntry>][m[K[m[K'
[4.467s]   234 |     return [01;36m[Kstd::find_if([m[K
[4.467s]       |            [01;36m[K~~~~~~~~~~~~^[m[K
[4.467s]   235 | [01;36m[K      entities.cbegin(),[m[K
[4.467s]       |       [01;36m[K~~~~~~~~~~~~~~~~~~[m[K
[4.467s]   236 | [01;36m[K      entities.cend(),[m[K
[4.468s]       |       [01;36m[K~~~~~~~~~~~~~~~~[m[K  
[4.468s]   237 | [01;36m[K      [&entity](const auto & inner) {return &entity == inner.lock().get();})[m[K;
[4.468s]       |       [01;36m[K~~~~~~~~~~~~~~~~~~~~~~~~~~~~~~~~~~~~~~~~~~~~~~~~~~~~~~~~~~~~~~~~~~~~~~[m[K
[4.468s] [01m[K/open_app/miniconda3/envs/ros2_humble/include/rclcpp/rclcpp/wait_set_policies/dynamic_storage.hpp:362:40:[m[K   required from here
[4.468s]   362 |     auto it = [01;36m[Kthis->storage_find_entity(*waitable, waitables_)[m[K;
[4.468s]       |               [01;36m[K~~~~~~~~~~~~~~~~~~~~~~~~~^~~~~~~~~~~~~~~~~~~~~~~[m[K
[4.468s] [01m[K/open_app/miniconda3/envs/ros2_humble/lib/gcc/aarch64-conda-linux-gnu/14.3.0/include/c++/bits/predefined_ops.h:318:30:[m[K [01;31m[Kerror: [m[Kno match for call to '[01m[K(rclcpp::wait_set_policies::DynamicStorage::storage_find_entity<rclcpp::Waitable, std::vector<WeakWaitableEntry> >(const rclcpp::Waitable&, const std::vector<WeakWaitableEntry>&)::<lambda(const int&)>) (const rclcpp::wait_set_policies::DynamicStorage::WeakWaitableEntry&)[m[K'
[4.468s]   318 |         { return bool([01;31m[K_M_pred(*__it)[m[K); }
[4.469s]       |                       [01;31m[K~~~~~~~^~~~~~~[m[K
[4.469s] [01m[K/open_app/miniconda3/envs/ros2_humble/include/rclcpp/rclcpp/wait_set_policies/dynamic_storage.hpp:237:7:[m[K [01;36m[Knote: [m[Kcandidate: '[01m[Krclcpp::wait_set_policies::DynamicStorage::storage_find_entity<rclcpp::Waitable, std::vector<WeakWaitableEntry> >(const rclcpp::Waitable&, const std::vector<WeakWaitableEntry>&)::<lambda(const int&)>[m[K'
[4.469s]   237 |       [01;36m[K[[m[K&entity](const auto & inner) {return &entity == inner.lock().get();});
[4.469s]       |       [01;36m[K^[m[K
[4.469s] [01m[K/open_app/miniconda3/envs/ros2_humble/include/rclcpp/rclcpp/wait_set_policies/dynamic_storage.hpp:237:7:[m[K [01;36m[Knote: [m[K  no known conversion for argument 1 from '[01m[Kconst rclcpp::wait_set_policies::DynamicStorage::WeakWaitableEntry[m[K' to '[01m[Kconst int&[m[K'
[4.594s] /open_app/miniconda3/envs/ros2_humble/lib/gcc/aarch64-conda-linux-gnu/14.3.0/include/c++/bits/predefined_ops.h: In instantiation of '[01m[Kbool __gnu_cxx::__ops::_Iter_pred<_Predicate>::[01;32m[Koperator()[m[K(_Iterator) [35m[K[with _Iterator = __gnu_cxx::__normal_iterator<const rclcpp::wait_set_policies::DynamicStorage::WeakSubscriptionEntry*, std::vector<rclcpp::wait_set_policies::DynamicStorage::WeakSubscriptionEntry> >; _Predicate = rclcpp::wait_set_policies::DynamicStorage::storage_has_entity<rclcpp::SubscriptionBase, std::vector<WeakSubscriptionEntry> >(const rclcpp::SubscriptionBase&, const std::vector<WeakSubscriptionEntry>&)::<lambda(const int&)>][m[K[m[K':
[4.594s] [01m[K/open_app/miniconda3/envs/ros2_humble/lib/gcc/aarch64-conda-linux-gnu/14.3.0/include/c++/bits/stl_algobase.h:2107:14:[m[K   required from '[01m[K_RandomAccessIterator std::[01;32m[K__find_if[m[K(_RandomAccessIterator, _RandomAccessIterator, _Predicate, random_access_iterator_tag) [35m[K[with _RandomAccessIterator = __gnu_cxx::__normal_iterator<const rclcpp::wait_set_policies::DynamicStorage::WeakSubscriptionEntry*, vector<rclcpp::wait_set_policies::DynamicStorage::WeakSubscriptionEntry> >; _Predicate = __gnu_cxx::__ops::_Iter_pred<rclcpp::wait_set_policies::DynamicStorage::storage_has_entity<rclcpp::SubscriptionBase, std::vector<WeakSubscriptionEntry> >(const rclcpp::SubscriptionBase&, const std::vector<WeakSubscriptionEntry>&)::<lambda(const int&)> >][m[K[m[K'
[4.595s]  2107 |           if ([01;36m[K__pred(__first)[m[K)
[4.595s]       |               [01;36m[K~~~~~~^~~~~~~~~[m[K
[4.595s] [01m[K/open_app/miniconda3/envs/ros2_humble/lib/gcc/aarch64-conda-linux-gnu/14.3.0/include/c++/bits/stl_algobase.h:2152:23:[m[K   required from '[01m[K_Iterator std::[01;32m[K__find_if[m[K(_Iterator, _Iterator, _Predicate) [35m[K[with _Iterator = __gnu_cxx::__normal_iterator<const rclcpp::wait_set_policies::DynamicStorage::WeakSubscriptionEntry*, vector<rclcpp::wait_set_policies::DynamicStorage::WeakSubscriptionEntry> >; _Predicate = __gnu_cxx::__ops::_Iter_pred<rclcpp::wait_set_policies::DynamicStorage::storage_has_entity<rclcpp::SubscriptionBase, std::vector<WeakSubscriptionEntry> >(const rclcpp::SubscriptionBase&, const std::vector<WeakSubscriptionEntry>&)::<lambda(const int&)> >][m[K[m[K'
[4.595s]  2152 |       return [01;36m[K__find_if(__first, __last, __pred,[m[K
[4.595s]       |              [01;36m[K~~~~~~~~~^~~~~~~~~~~~~~~~~~~~~~~~~[m[K
[4.596s]  2153 | [01;36m[K                       std::__iterator_category(__first))[m[K;
[4.596s]       |                        [01;36m[K~~~~~~~~~~~~~~~~~~~~~~~~~~~~~~~~~~[m[K
[4.596s] [01m[K/open_app/miniconda3/envs/ros2_humble/lib/gcc/aarch64-conda-linux-gnu/14.3.0/include/c++/bits/stl_algo.h:3876:28:[m[K   required from '[01m[K_IIter std::[01;32m[Kfind_if[m[K(_IIter, _IIter, _Predicate) [35m[K[with _IIter = __gnu_cxx::__normal_iterator<const rclcpp::wait_set_policies::DynamicStorage::WeakSubscriptionEntry*, vector<rclcpp::wait_set_policies::DynamicStorage::WeakSubscriptionEntry> >; _Predicate = rclcpp::wait_set_policies::DynamicStorage::storage_has_entity<rclcpp::SubscriptionBase, std::vector<WeakSubscriptionEntry> >(const rclcpp::SubscriptionBase&, const std::vector<WeakSubscriptionEntry>&)::<lambda(const int&)>][m[K[m[K'
[4.596s]  3876 |       return [01;36m[Kstd::__find_if(__first, __last,[m[K
[4.596s]       |              [01;36m[K~~~~~~~~~~~~~~^~~~~~~~~~~~~~~~~[m[K
[4.596s]  3877 | [01;36m[K                            __gnu_cxx::__ops::__pred_iter(__pred))[m[K;
[4.596s]       |                             [01;36m[K~~~~~~~~~~~~~~~~~~~~~~~~~~~~~~~~~~~~~~[m[K
[4.597s] [01m[K/open_app/miniconda3/envs/ros2_humble/lib/gcc/aarch64-conda-linux-gnu/14.3.0/include/c++/bits/stl_algo.h:429:47:[m[K   required from '[01m[Kbool std::[01;32m[Knone_of[m[K(_IIter, _IIter, _Predicate) [35m[K[with _IIter = __gnu_cxx::__normal_iterator<const rclcpp::wait_set_policies::DynamicStorage::WeakSubscriptionEntry*, vector<rclcpp::wait_set_policies::DynamicStorage::WeakSubscriptionEntry> >; _Predicate = rclcpp::wait_set_policies::DynamicStorage::storage_has_entity<rclcpp::SubscriptionBase, std::vector<WeakSubscriptionEntry> >(const rclcpp::SubscriptionBase&, const std::vector<WeakSubscriptionEntry>&)::<lambda(const int&)>][m[K[m[K'
[4.597s]   429 |     { return __last == _GLIBCXX_STD_A::find_if[01;36m[K([m[K__first, __last, __pred); }
[4.597s]       |                                               [01;36m[K^[m[K
[4.597s] [01m[K/open_app/miniconda3/envs/ros2_humble/lib/gcc/aarch64-conda-linux-gnu/14.3.0/include/c++/bits/stl_algo.h:448:27:[m[K   required from '[01m[Kbool std::[01;32m[Kany_of[m[K(_IIter, _IIter, _Predicate) [35m[K[with _IIter = __gnu_cxx::__normal_iterator<const rclcpp::wait_set_policies::DynamicStorage::WeakSubscriptionEntry*, vector<rclcpp::wait_set_policies::DynamicStorage::WeakSubscriptionEntry> >; _Predicate = rclcpp::wait_set_policies::DynamicStorage::storage_has_entity<rclcpp::SubscriptionBase, std::vector<WeakSubscriptionEntry> >(const rclcpp::SubscriptionBase&, const std::vector<WeakSubscriptionEntry>&)::<lambda(const int&)>][m[K[m[K'
[4.597s]   448 |     { return ![01;36m[Kstd::none_of(__first, __last, __pred)[m[K; }
[4.597s]       |               [01;36m[K~~~~~~~~~~~~^~~~~~~~~~~~~~~~~~~~~~~~~[m[K
[4.598s] [01m[K/open_app/miniconda3/envs/ros2_humble/include/rclcpp/rclcpp/wait_set_policies/dynamic_storage.hpp:223:23:[m[K   required from '[01m[Kstatic bool rclcpp::wait_set_policies::DynamicStorage::[01;32m[Kstorage_has_entity[m[K(const EntityT&, const SequenceOfEntitiesT&) [35m[K[with EntityT = rclcpp::SubscriptionBase; SequenceOfEntitiesT = std::vector<WeakSubscriptionEntry>][m[K[m[K'
[4.598s]   223 |     return [01;36m[Kstd::any_of([m[K
[4.598s]       |            [01;36m[K~~~~~~~~~~~^[m[K
[4.598s]   224 | [01;36m[K      entities.cbegin(),[m[K
[4.598s]       |       [01;36m[K~~~~~~~~~~~~~~~~~~[m[K
[4.599s]   225 | [01;36m[K      entities.cend(),[m[K
[4.599s]       |       [01;36m[K~~~~~~~~~~~~~~~~[m[K 
[4.599s]   226 | [01;36m[K      [&entity](const auto & inner) {return &entity == inner.lock().get();})[m[K;
[4.599s]       |       [01;36m[K~~~~~~~~~~~~~~~~~~~~~~~~~~~~~~~~~~~~~~~~~~~~~~~~~~~~~~~~~~~~~~~~~~~~~~[m[K
[4.599s] [01m[K/open_app/miniconda3/envs/ros2_humble/include/rclcpp/rclcpp/wait_set_policies/dynamic_storage.hpp:243:33:[m[K   required from here
[4.599s]   243 |     if ([01;36m[Kthis->storage_has_entity(*subscription, subscriptions_)[m[K) {
[4.599s]       |         [01;36m[K~~~~~~~~~~~~~~~~~~~~~~~~^~~~~~~~~~~~~~~~~~~~~~~~~~~~~~~[m[K
[4.600s] [01m[K/open_app/miniconda3/envs/ros2_humble/lib/gcc/aarch64-conda-linux-gnu/14.3.0/include/c++/bits/predefined_ops.h:318:30:[m[K [01;31m[Kerror: [m[Kno match for call to '[01m[K(rclcpp::wait_set_policies::DynamicStorage::storage_has_entity<rclcpp::SubscriptionBase, std::vector<WeakSubscriptionEntry> >(const rclcpp::SubscriptionBase&, const std::vector<WeakSubscriptionEntry>&)::<lambda(const int&)>) (const rclcpp::wait_set_policies::DynamicStorage::WeakSubscriptionEntry&)[m[K'
[4.600s]   318 |         { return bool([01;31m[K_M_pred(*__it)[m[K); }
[4.600s]       |                       [01;31m[K~~~~~~~^~~~~~~[m[K
[4.600s] [01m[K/open_app/miniconda3/envs/ros2_humble/include/rclcpp/rclcpp/wait_set_policies/dynamic_storage.hpp:226:7:[m[K [01;36m[Knote: [m[Kcandidate: '[01m[Krclcpp::wait_set_policies::DynamicStorage::storage_has_entity<rclcpp::SubscriptionBase, std::vector<WeakSubscriptionEntry> >(const rclcpp::SubscriptionBase&, const std::vector<WeakSubscriptionEntry>&)::<lambda(const int&)>[m[K'
[4.600s]   226 |       [01;36m[K[[m[K&entity](const auto & inner) {return &entity == inner.lock().get();});
[4.600s]       |       [01;36m[K^[m[K
[4.600s] [01m[K/open_app/miniconda3/envs/ros2_humble/include/rclcpp/rclcpp/wait_set_policies/dynamic_storage.hpp:226:7:[m[K [01;36m[Knote: [m[K  no known conversion for argument 1 from '[01m[Kconst rclcpp::wait_set_policies::DynamicStorage::WeakSubscriptionEntry[m[K' to '[01m[Kconst int&[m[K'
[4.601s] /open_app/miniconda3/envs/ros2_humble/lib/gcc/aarch64-conda-linux-gnu/14.3.0/include/c++/bits/predefined_ops.h: In instantiation of '[01m[Kbool __gnu_cxx::__ops::_Iter_pred<_Predicate>::[01;32m[Koperator()[m[K(_Iterator) [35m[K[with _Iterator = __gnu_cxx::__normal_iterator<const std::weak_ptr<rclcpp::GuardCondition>*, std::vector<std::weak_ptr<rclcpp::GuardCondition> > >; _Predicate = rclcpp::wait_set_policies::DynamicStorage::storage_has_entity<rclcpp::GuardCondition, std::vector<std::weak_ptr<rclcpp::GuardCondition> > >(const rclcpp::GuardCondition&, const std::vector<std::weak_ptr<rclcpp::GuardCondition> >&)::<lambda(const int&)>][m[K[m[K':
[4.601s] [01m[K/open_app/miniconda3/envs/ros2_humble/lib/gcc/aarch64-conda-linux-gnu/14.3.0/include/c++/bits/stl_algobase.h:2107:14:[m[K   required from '[01m[K_RandomAccessIterator std::[01;32m[K__find_if[m[K(_RandomAccessIterator, _RandomAccessIterator, _Predicate, random_access_iterator_tag) [35m[K[with _RandomAccessIterator = __gnu_cxx::__normal_iterator<const weak_ptr<rclcpp::GuardCondition>*, vector<weak_ptr<rclcpp::GuardCondition> > >; _Predicate = __gnu_cxx::__ops::_Iter_pred<rclcpp::wait_set_policies::DynamicStorage::storage_has_entity<rclcpp::GuardCondition, std::vector<std::weak_ptr<rclcpp::GuardCondition> > >(const rclcpp::GuardCondition&, const std::vector<std::weak_ptr<rclcpp::GuardCondition> >&)::<lambda(const int&)> >][m[K[m[K'
[4.601s]  2107 |           if ([01;36m[K__pred(__first)[m[K)
[4.601s]       |               [01;36m[K~~~~~~^~~~~~~~~[m[K
[4.601s] [01m[K/open_app/miniconda3/envs/ros2_humble/lib/gcc/aarch64-conda-linux-gnu/14.3.0/include/c++/bits/stl_algobase.h:2152:23:[m[K   required from '[01m[K_Iterator std::[01;32m[K__find_if[m[K(_Iterator, _Iterator, _Predicate) [35m[K[with _Iterator = __gnu_cxx::__normal_iterator<const weak_ptr<rclcpp::GuardCondition>*, vector<weak_ptr<rclcpp::GuardCondition> > >; _Predicate = __gnu_cxx::__ops::_Iter_pred<rclcpp::wait_set_policies::DynamicStorage::storage_has_entity<rclcpp::GuardCondition, std::vector<std::weak_ptr<rclcpp::GuardCondition> > >(const rclcpp::GuardCondition&, const std::vector<std::weak_ptr<rclcpp::GuardCondition> >&)::<lambda(const int&)> >][m[K[m[K'
[4.602s]  2152 |       return [01;36m[K__find_if(__first, __last, __pred,[m[K
[4.602s]       |              [01;36m[K~~~~~~~~~^~~~~~~~~~~~~~~~~~~~~~~~~[m[K
[4.602s]  2153 | [01;36m[K                       std::__iterator_category(__first))[m[K;
[4.602s]       |                        [01;36m[K~~~~~~~~~~~~~~~~~~~~~~~~~~~~~~~~~~[m[K
[4.602s] [01m[K/open_app/miniconda3/envs/ros2_humble/lib/gcc/aarch64-conda-linux-gnu/14.3.0/include/c++/bits/stl_algo.h:3876:28:[m[K   required from '[01m[K_IIter std::[01;32m[Kfind_if[m[K(_IIter, _IIter, _Predicate) [35m[K[with _IIter = __gnu_cxx::__normal_iterator<const weak_ptr<rclcpp::GuardCondition>*, vector<weak_ptr<rclcpp::GuardCondition> > >; _Predicate = rclcpp::wait_set_policies::DynamicStorage::storage_has_entity<rclcpp::GuardCondition, std::vector<std::weak_ptr<rclcpp::GuardCondition> > >(const rclcpp::GuardCondition&, const std::vector<std::weak_ptr<rclcpp::GuardCondition> >&)::<lambda(const int&)>][m[K[m[K'
[4.602s]  3876 |       return [01;36m[Kstd::__find_if(__first, __last,[m[K
[4.602s]       |              [01;36m[K~~~~~~~~~~~~~~^~~~~~~~~~~~~~~~~[m[K
[4.603s]  3877 | [01;36m[K                            __gnu_cxx::__ops::__pred_iter(__pred))[m[K;
[4.603s]       |                             [01;36m[K~~~~~~~~~~~~~~~~~~~~~~~~~~~~~~~~~~~~~~[m[K
[4.603s] [01m[K/open_app/miniconda3/envs/ros2_humble/lib/gcc/aarch64-conda-linux-gnu/14.3.0/include/c++/bits/stl_algo.h:429:47:[m[K   required from '[01m[Kbool std::[01;32m[Knone_of[m[K(_IIter, _IIter, _Predicate) [35m[K[with _IIter = __gnu_cxx::__normal_iterator<const weak_ptr<rclcpp::GuardCondition>*, vector<weak_ptr<rclcpp::GuardCondition> > >; _Predicate = rclcpp::wait_set_policies::DynamicStorage::storage_has_entity<rclcpp::GuardCondition, std::vector<std::weak_ptr<rclcpp::GuardCondition> > >(const rclcpp::GuardCondition&, const std::vector<std::weak_ptr<rclcpp::GuardCondition> >&)::<lambda(const int&)>][m[K[m[K'
[4.603s]   429 |     { return __last == _GLIBCXX_STD_A::find_if[01;36m[K([m[K__first, __last, __pred); }
[4.603s]       |                                               [01;36m[K^[m[K
[4.603s] [01m[K/open_app/miniconda3/envs/ros2_humble/lib/gcc/aarch64-conda-linux-gnu/14.3.0/include/c++/bits/stl_algo.h:448:27:[m[K   required from '[01m[Kbool std::[01;32m[Kany_of[m[K(_IIter, _IIter, _Predicate) [35m[K[with _IIter = __gnu_cxx::__normal_iterator<const weak_ptr<rclcpp::GuardCondition>*, vector<weak_ptr<rclcpp::GuardCondition> > >; _Predicate = rclcpp::wait_set_policies::DynamicStorage::storage_has_entity<rclcpp::GuardCondition, std::vector<std::weak_ptr<rclcpp::GuardCondition> > >(const rclcpp::GuardCondition&, const std::vector<std::weak_ptr<rclcpp::GuardCondition> >&)::<lambda(const int&)>][m[K[m[K'
[4.604s]   448 |     { return ![01;36m[Kstd::none_of(__first, __last, __pred)[m[K; }
[4.604s]       |               [01;36m[K~~~~~~~~~~~~^~~~~~~~~~~~~~~~~~~~~~~~~[m[K
[4.604s] [01m[K/open_app/miniconda3/envs/ros2_humble/include/rclcpp/rclcpp/wait_set_policies/dynamic_storage.hpp:223:23:[m[K   required from '[01m[Kstatic bool rclcpp::wait_set_policies::DynamicStorage::[01;32m[Kstorage_has_entity[m[K(const EntityT&, const SequenceOfEntitiesT&) [35m[K[with EntityT = rclcpp::GuardCondition; SequenceOfEntitiesT = std::vector<std::weak_ptr<rclcpp::GuardCondition> >][m[K[m[K'
[4.604s]   223 |     return [01;36m[Kstd::any_of([m[K
[4.604s]       |            [01;36m[K~~~~~~~~~~~^[m[K
[4.604s]   224 | [01;36m[K      entities.cbegin(),[m[K
[4.604s]       |       [01;36m[K~~~~~~~~~~~~~~~~~~[m[K
[4.604s]   225 | [01;36m[K      entities.cend(),[m[K
[4.605s]       |       [01;36m[K~~~~~~~~~~~~~~~~[m[K 
[4.605s]   226 | [01;36m[K      [&entity](const auto & inner) {return &entity == inner.lock().get();})[m[K;
[4.605s]       |       [01;36m[K~~~~~~~~~~~~~~~~~~~~~~~~~~~~~~~~~~~~~~~~~~~~~~~~~~~~~~~~~~~~~~~~~~~~~~[m[K
[4.605s] [01m[K/open_app/miniconda3/envs/ros2_humble/include/rclcpp/rclcpp/wait_set_policies/dynamic_storage.hpp:265:33:[m[K   required from here
[4.605s]   265 |     if ([01;36m[Kthis->storage_has_entity(*guard_condition, guard_conditions_)[m[K) {
[4.605s]       |         [01;36m[K~~~~~~~~~~~~~~~~~~~~~~~~^~~~~~~~~~~~~~~~~~~~~~~~~~~~~~~~~~~~~[m[K
[4.605s] [01m[K/open_app/miniconda3/envs/ros2_humble/lib/gcc/aarch64-conda-linux-gnu/14.3.0/include/c++/bits/predefined_ops.h:318:30:[m[K [01;31m[Kerror: [m[Kno match for call to '[01m[K(rclcpp::wait_set_policies::DynamicStorage::storage_has_entity<rclcpp::GuardCondition, std::vector<std::weak_ptr<rclcpp::GuardCondition> > >(const rclcpp::GuardCondition&, const std::vector<std::weak_ptr<rclcpp::GuardCondition> >&)::<lambda(const int&)>) (const std::weak_ptr<rclcpp::GuardCondition>&)[m[K'
[4.606s]   318 |         { return bool([01;31m[K_M_pred(*__it)[m[K); }
[4.606s]       |                       [01;31m[K~~~~~~~^~~~~~~[m[K
[4.606s] [01m[K/open_app/miniconda3/envs/ros2_humble/include/rclcpp/rclcpp/wait_set_policies/dynamic_storage.hpp:226:7:[m[K [01;36m[Knote: [m[Kcandidate: '[01m[Krclcpp::wait_set_policies::DynamicStorage::storage_has_entity<rclcpp::GuardCondition, std::vector<std::weak_ptr<rclcpp::GuardCondition> > >(const rclcpp::GuardCondition&, const std::vector<std::weak_ptr<rclcpp::GuardCondition> >&)::<lambda(const int&)>[m[K'
[4.606s]   226 |       [01;36m[K[[m[K&entity](const auto & inner) {return &entity == inner.lock().get();});
[4.606s]       |       [01;36m[K^[m[K
[4.606s] [01m[K/open_app/miniconda3/envs/ros2_humble/include/rclcpp/rclcpp/wait_set_policies/dynamic_storage.hpp:226:7:[m[K [01;36m[Knote: [m[K  no known conversion for argument 1 from '[01m[Kconst std::weak_ptr<rclcpp::GuardCondition>[m[K' to '[01m[Kconst int&[m[K'
[4.606s] /open_app/miniconda3/envs/ros2_humble/lib/gcc/aarch64-conda-linux-gnu/14.3.0/include/c++/bits/predefined_ops.h: In instantiation of '[01m[Kbool __gnu_cxx::__ops::_Iter_pred<_Predicate>::[01;32m[Koperator()[m[K(_Iterator) [35m[K[with _Iterator = __gnu_cxx::__normal_iterator<const std::weak_ptr<rclcpp::TimerBase>*, std::vector<std::weak_ptr<rclcpp::TimerBase> > >; _Predicate = rclcpp::wait_set_policies::DynamicStorage::storage_has_entity<rclcpp::TimerBase, std::vector<std::weak_ptr<rclcpp::TimerBase> > >(const rclcpp::TimerBase&, const std::vector<std::weak_ptr<rclcpp::TimerBase> >&)::<lambda(const int&)>][m[K[m[K':
[4.607s] [01m[K/open_app/miniconda3/envs/ros2_humble/lib/gcc/aarch64-conda-linux-gnu/14.3.0/include/c++/bits/stl_algobase.h:2107:14:[m[K   required from '[01m[K_RandomAccessIterator std::[01;32m[K__find_if[m[K(_RandomAccessIterator, _RandomAccessIterator, _Predicate, random_access_iterator_tag) [35m[K[with _RandomAccessIterator = __gnu_cxx::__normal_iterator<const weak_ptr<rclcpp::TimerBase>*, vector<weak_ptr<rclcpp::TimerBase> > >; _Predicate = __gnu_cxx::__ops::_Iter_pred<rclcpp::wait_set_policies::DynamicStorage::storage_has_entity<rclcpp::TimerBase, std::vector<std::weak_ptr<rclcpp::TimerBase> > >(const rclcpp::TimerBase&, const std::vector<std::weak_ptr<rclcpp::TimerBase> >&)::<lambda(const int&)> >][m[K[m[K'
[4.607s]  2107 |           if ([01;36m[K__pred(__first)[m[K)
[4.607s]       |               [01;36m[K~~~~~~^~~~~~~~~[m[K
[4.607s] [01m[K/open_app/miniconda3/envs/ros2_humble/lib/gcc/aarch64-conda-linux-gnu/14.3.0/include/c++/bits/stl_algobase.h:2152:23:[m[K   required from '[01m[K_Iterator std::[01;32m[K__find_if[m[K(_Iterator, _Iterator, _Predicate) [35m[K[with _Iterator = __gnu_cxx::__normal_iterator<const weak_ptr<rclcpp::TimerBase>*, vector<weak_ptr<rclcpp::TimerBase> > >; _Predicate = __gnu_cxx::__ops::_Iter_pred<rclcpp::wait_set_policies::DynamicStorage::storage_has_entity<rclcpp::TimerBase, std::vector<std::weak_ptr<rclcpp::TimerBase> > >(const rclcpp::TimerBase&, const std::vector<std::weak_ptr<rclcpp::TimerBase> >&)::<lambda(const int&)> >][m[K[m[K'
[4.607s]  2152 |       return [01;36m[K__find_if(__first, __last, __pred,[m[K
[4.607s]       |              [01;36m[K~~~~~~~~~^~~~~~~~~~~~~~~~~~~~~~~~~[m[K
[4.607s]  2153 | [01;36m[K                       std::__iterator_category(__first))[m[K;
[4.607s]       |                        [01;36m[K~~~~~~~~~~~~~~~~~~~~~~~~~~~~~~~~~~[m[K
[4.608s] [01m[K/open_app/miniconda3/envs/ros2_humble/lib/gcc/aarch64-conda-linux-gnu/14.3.0/include/c++/bits/stl_algo.h:3876:28:[m[K   required from '[01m[K_IIter std::[01;32m[Kfind_if[m[K(_IIter, _IIter, _Predicate) [35m[K[with _IIter = __gnu_cxx::__normal_iterator<const weak_ptr<rclcpp::TimerBase>*, vector<weak_ptr<rclcpp::TimerBase> > >; _Predicate = rclcpp::wait_set_policies::DynamicStorage::storage_has_entity<rclcpp::TimerBase, std::vector<std::weak_ptr<rclcpp::TimerBase> > >(const rclcpp::TimerBase&, const std::vector<std::weak_ptr<rclcpp::TimerBase> >&)::<lambda(const int&)>][m[K[m[K'
[4.608s]  3876 |       return [01;36m[Kstd::__find_if(__first, __last,[m[K
[4.608s]       |              [01;36m[K~~~~~~~~~~~~~~^~~~~~~~~~~~~~~~~[m[K
[4.608s]  3877 | [01;36m[K                            __gnu_cxx::__ops::__pred_iter(__pred))[m[K;
[4.608s]       |                             [01;36m[K~~~~~~~~~~~~~~~~~~~~~~~~~~~~~~~~~~~~~~[m[K
[4.608s] [01m[K/open_app/miniconda3/envs/ros2_humble/lib/gcc/aarch64-conda-linux-gnu/14.3.0/include/c++/bits/stl_algo.h:429:47:[m[K   required from '[01m[Kbool std::[01;32m[Knone_of[m[K(_IIter, _IIter, _Predicate) [35m[K[with _IIter = __gnu_cxx::__normal_iterator<const weak_ptr<rclcpp::TimerBase>*, vector<weak_ptr<rclcpp::TimerBase> > >; _Predicate = rclcpp::wait_set_policies::DynamicStorage::storage_has_entity<rclcpp::TimerBase, std::vector<std::weak_ptr<rclcpp::TimerBase> > >(const rclcpp::TimerBase&, const std::vector<std::weak_ptr<rclcpp::TimerBase> >&)::<lambda(const int&)>][m[K[m[K'
[4.608s]   429 |     { return __last == _GLIBCXX_STD_A::find_if[01;36m[K([m[K__first, __last, __pred); }
[4.609s]       |                                               [01;36m[K^[m[K
[4.609s] [01m[K/open_app/miniconda3/envs/ros2_humble/lib/gcc/aarch64-conda-linux-gnu/14.3.0/include/c++/bits/stl_algo.h:448:27:[m[K   required from '[01m[Kbool std::[01;32m[Kany_of[m[K(_IIter, _IIter, _Predicate) [35m[K[with _IIter = __gnu_cxx::__normal_iterator<const weak_ptr<rclcpp::TimerBase>*, vector<weak_ptr<rclcpp::TimerBase> > >; _Predicate = rclcpp::wait_set_policies::DynamicStorage::storage_has_entity<rclcpp::TimerBase, std::vector<std::weak_ptr<rclcpp::TimerBase> > >(const rclcpp::TimerBase&, const std::vector<std::weak_ptr<rclcpp::TimerBase> >&)::<lambda(const int&)>][m[K[m[K'
[4.609s]   448 |     { return ![01;36m[Kstd::none_of(__first, __last, __pred)[m[K; }
[4.609s]       |               [01;36m[K~~~~~~~~~~~~^~~~~~~~~~~~~~~~~~~~~~~~~[m[K
[4.609s] [01m[K/open_app/miniconda3/envs/ros2_humble/include/rclcpp/rclcpp/wait_set_policies/dynamic_storage.hpp:223:23:[m[K   required from '[01m[Kstatic bool rclcpp::wait_set_policies::DynamicStorage::[01;32m[Kstorage_has_entity[m[K(const EntityT&, const SequenceOfEntitiesT&) [35m[K[with EntityT = rclcpp::TimerBase; SequenceOfEntitiesT = std::vector<std::weak_ptr<rclcpp::TimerBase> >][m[K[m[K'
[4.609s]   223 |     return [01;36m[Kstd::any_of([m[K
[4.609s]       |            [01;36m[K~~~~~~~~~~~^[m[K
[4.610s]   224 | [01;36m[K      entities.cbegin(),[m[K
[4.610s]       |       [01;36m[K~~~~~~~~~~~~~~~~~~[m[K
[4.610s]   225 | [01;36m[K      entities.cend(),[m[K
[4.610s]       |       [01;36m[K~~~~~~~~~~~~~~~~[m[K 
[4.610s]   226 | [01;36m[K      [&entity](const auto & inner) {return &entity == inner.lock().get();})[m[K;
[4.610s]       |       [01;36m[K~~~~~~~~~~~~~~~~~~~~~~~~~~~~~~~~~~~~~~~~~~~~~~~~~~~~~~~~~~~~~~~~~~~~~~[m[K
[4.610s] [01m[K/open_app/miniconda3/envs/ros2_humble/include/rclcpp/rclcpp/wait_set_policies/dynamic_storage.hpp:286:33:[m[K   required from here
[4.610s]   286 |     if ([01;36m[Kthis->storage_has_entity(*timer, timers_)[m[K) {
[4.611s]       |         [01;36m[K~~~~~~~~~~~~~~~~~~~~~~~~^~~~~~~~~~~~~~~~~[m[K
[4.611s] [01m[K/open_app/miniconda3/envs/ros2_humble/lib/gcc/aarch64-conda-linux-gnu/14.3.0/include/c++/bits/predefined_ops.h:318:30:[m[K [01;31m[Kerror: [m[Kno match for call to '[01m[K(rclcpp::wait_set_policies::DynamicStorage::storage_has_entity<rclcpp::TimerBase, std::vector<std::weak_ptr<rclcpp::TimerBase> > >(const rclcpp::TimerBase&, const std::vector<std::weak_ptr<rclcpp::TimerBase> >&)::<lambda(const int&)>) (const std::weak_ptr<rclcpp::TimerBase>&)[m[K'
[4.611s]   318 |         { return bool([01;31m[K_M_pred(*__it)[m[K); }
[4.611s]       |                       [01;31m[K~~~~~~~^~~~~~~[m[K
[4.611s] [01m[K/open_app/miniconda3/envs/ros2_humble/include/rclcpp/rclcpp/wait_set_policies/dynamic_storage.hpp:226:7:[m[K [01;36m[Knote: [m[Kcandidate: '[01m[Krclcpp::wait_set_policies::DynamicStorage::storage_has_entity<rclcpp::TimerBase, std::vector<std::weak_ptr<rclcpp::TimerBase> > >(const rclcpp::TimerBase&, const std::vector<std::weak_ptr<rclcpp::TimerBase> >&)::<lambda(const int&)>[m[K'
[4.611s]   226 |       [01;36m[K[[m[K&entity](const auto & inner) {return &entity == inner.lock().get();});
[4.611s]       |       [01;36m[K^[m[K
[4.612s] [01m[K/open_app/miniconda3/envs/ros2_humble/include/rclcpp/rclcpp/wait_set_policies/dynamic_storage.hpp:226:7:[m[K [01;36m[Knote: [m[K  no known conversion for argument 1 from '[01m[Kconst std::weak_ptr<rclcpp::TimerBase>[m[K' to '[01m[Kconst int&[m[K'
[4.612s] /open_app/miniconda3/envs/ros2_humble/lib/gcc/aarch64-conda-linux-gnu/14.3.0/include/c++/bits/predefined_ops.h: In instantiation of '[01m[Kbool __gnu_cxx::__ops::_Iter_pred<_Predicate>::[01;32m[Koperator()[m[K(_Iterator) [35m[K[with _Iterator = __gnu_cxx::__normal_iterator<const std::weak_ptr<rclcpp::ClientBase>*, std::vector<std::weak_ptr<rclcpp::ClientBase> > >; _Predicate = rclcpp::wait_set_policies::DynamicStorage::storage_has_entity<rclcpp::ClientBase, std::vector<std::weak_ptr<rclcpp::ClientBase> > >(const rclcpp::ClientBase&, const std::vector<std::weak_ptr<rclcpp::ClientBase> >&)::<lambda(const int&)>][m[K[m[K':
[4.612s] [01m[K/open_app/miniconda3/envs/ros2_humble/lib/gcc/aarch64-conda-linux-gnu/14.3.0/include/c++/bits/stl_algobase.h:2107:14:[m[K   required from '[01m[K_RandomAccessIterator std::[01;32m[K__find_if[m[K(_RandomAccessIterator, _RandomAccessIterator, _Predicate, random_access_iterator_tag) [35m[K[with _RandomAccessIterator = __gnu_cxx::__normal_iterator<const weak_ptr<rclcpp::ClientBase>*, vector<weak_ptr<rclcpp::ClientBase> > >; _Predicate = __gnu_cxx::__ops::_Iter_pred<rclcpp::wait_set_policies::DynamicStorage::storage_has_entity<rclcpp::ClientBase, std::vector<std::weak_ptr<rclcpp::ClientBase> > >(const rclcpp::ClientBase&, const std::vector<std::weak_ptr<rclcpp::ClientBase> >&)::<lambda(const int&)> >][m[K[m[K'
[4.612s]  2107 |           if ([01;36m[K__pred(__first)[m[K)
[4.612s]       |               [01;36m[K~~~~~~^~~~~~~~~[m[K
[4.612s] [01m[K/open_app/miniconda3/envs/ros2_humble/lib/gcc/aarch64-conda-linux-gnu/14.3.0/include/c++/bits/stl_algobase.h:2152:23:[m[K   required from '[01m[K_Iterator std::[01;32m[K__find_if[m[K(_Iterator, _Iterator, _Predicate) [35m[K[with _Iterator = __gnu_cxx::__normal_iterator<const weak_ptr<rclcpp::ClientBase>*, vector<weak_ptr<rclcpp::ClientBase> > >; _Predicate = __gnu_cxx::__ops::_Iter_pred<rclcpp::wait_set_policies::DynamicStorage::storage_has_entity<rclcpp::ClientBase, std::vector<std::weak_ptr<rclcpp::ClientBase> > >(const rclcpp::ClientBase&, const std::vector<std::weak_ptr<rclcpp::ClientBase> >&)::<lambda(const int&)> >][m[K[m[K'
[4.612s]  2152 |       return [01;36m[K__find_if(__first, __last, __pred,[m[K
[4.612s]       |              [01;36m[K~~~~~~~~~^~~~~~~~~~~~~~~~~~~~~~~~~[m[K
[4.613s]  2153 | [01;36m[K                       std::__iterator_category(__first))[m[K;
[4.613s]       |                        [01;36m[K~~~~~~~~~~~~~~~~~~~~~~~~~~~~~~~~~~[m[K
[4.613s] [01m[K/open_app/miniconda3/envs/ros2_humble/lib/gcc/aarch64-conda-linux-gnu/14.3.0/include/c++/bits/stl_algo.h:3876:28:[m[K   required from '[01m[K_IIter std::[01;32m[Kfind_if[m[K(_IIter, _IIter, _Predicate) [35m[K[with _IIter = __gnu_cxx::__normal_iterator<const weak_ptr<rclcpp::ClientBase>*, vector<weak_ptr<rclcpp::ClientBase> > >; _Predicate = rclcpp::wait_set_policies::DynamicStorage::storage_has_entity<rclcpp::ClientBase, std::vector<std::weak_ptr<rclcpp::ClientBase> > >(const rclcpp::ClientBase&, const std::vector<std::weak_ptr<rclcpp::ClientBase> >&)::<lambda(const int&)>][m[K[m[K'
[4.613s]  3876 |       return [01;36m[Kstd::__find_if(__first, __last,[m[K
[4.613s]       |              [01;36m[K~~~~~~~~~~~~~~^~~~~~~~~~~~~~~~~[m[K
[4.613s]  3877 | [01;36m[K                            __gnu_cxx::__ops::__pred_iter(__pred))[m[K;
[4.613s]       |                             [01;36m[K~~~~~~~~~~~~~~~~~~~~~~~~~~~~~~~~~~~~~~[m[K
[4.613s] [01m[K/open_app/miniconda3/envs/ros2_humble/lib/gcc/aarch64-conda-linux-gnu/14.3.0/include/c++/bits/stl_algo.h:429:47:[m[K   required from '[01m[Kbool std::[01;32m[Knone_of[m[K(_IIter, _IIter, _Predicate) [35m[K[with _IIter = __gnu_cxx::__normal_iterator<const weak_ptr<rclcpp::ClientBase>*, vector<weak_ptr<rclcpp::ClientBase> > >; _Predicate = rclcpp::wait_set_policies::DynamicStorage::storage_has_entity<rclcpp::ClientBase, std::vector<std::weak_ptr<rclcpp::ClientBase> > >(const rclcpp::ClientBase&, const std::vector<std::weak_ptr<rclcpp::ClientBase> >&)::<lambda(const int&)>][m[K[m[K'
[4.614s]   429 |     { return __last == _GLIBCXX_STD_A::find_if[01;36m[K([m[K__first, __last, __pred); }
[4.614s]       |                                               [01;36m[K^[m[K
[4.614s] [01m[K/open_app/miniconda3/envs/ros2_humble/lib/gcc/aarch64-conda-linux-gnu/14.3.0/include/c++/bits/stl_algo.h:448:27:[m[K   required from '[01m[Kbool std::[01;32m[Kany_of[m[K(_IIter, _IIter, _Predicate) [35m[K[with _IIter = __gnu_cxx::__normal_iterator<const weak_ptr<rclcpp::ClientBase>*, vector<weak_ptr<rclcpp::ClientBase> > >; _Predicate = rclcpp::wait_set_policies::DynamicStorage::storage_has_entity<rclcpp::ClientBase, std::vector<std::weak_ptr<rclcpp::ClientBase> > >(const rclcpp::ClientBase&, const std::vector<std::weak_ptr<rclcpp::ClientBase> >&)::<lambda(const int&)>][m[K[m[K'
[4.614s]   448 |     { return ![01;36m[Kstd::none_of(__first, __last, __pred)[m[K; }
[4.614s]       |               [01;36m[K~~~~~~~~~~~~^~~~~~~~~~~~~~~~~~~~~~~~~[m[K
[4.614s] [01m[K/open_app/miniconda3/envs/ros2_humble/include/rclcpp/rclcpp/wait_set_policies/dynamic_storage.hpp:223:23:[m[K   required from '[01m[Kstatic bool rclcpp::wait_set_policies::DynamicStorage::[01;32m[Kstorage_has_entity[m[K(const EntityT&, const SequenceOfEntitiesT&) [35m[K[with EntityT = rclcpp::ClientBase; SequenceOfEntitiesT = std::vector<std::weak_ptr<rclcpp::ClientBase> >][m[K[m[K'
[4.615s]   223 |     return [01;36m[Kstd::any_of([m[K
[4.615s]       |            [01;36m[K~~~~~~~~~~~^[m[K
[4.615s]   224 | [01;36m[K      entities.cbegin(),[m[K
[4.615s]       |       [01;36m[K~~~~~~~~~~~~~~~~~~[m[K
[4.615s]   225 | [01;36m[K      entities.cend(),[m[K
[4.615s]       |       [01;36m[K~~~~~~~~~~~~~~~~[m[K 
[4.615s]   226 | [01;36m[K      [&entity](const auto & inner) {return &entity == inner.lock().get();})[m[K;
[4.615s]       |       [01;36m[K~~~~~~~~~~~~~~~~~~~~~~~~~~~~~~~~~~~~~~~~~~~~~~~~~~~~~~~~~~~~~~~~~~~~~~[m[K
[4.616s] [01m[K/open_app/miniconda3/envs/ros2_humble/include/rclcpp/rclcpp/wait_set_policies/dynamic_storage.hpp:307:33:[m[K   required from here
[4.616s]   307 |     if ([01;36m[Kthis->storage_has_entity(*client, clients_)[m[K) {
[4.616s]       |         [01;36m[K~~~~~~~~~~~~~~~~~~~~~~~~^~~~~~~~~~~~~~~~~~~[m[K
[4.616s] [01m[K/open_app/miniconda3/envs/ros2_humble/lib/gcc/aarch64-conda-linux-gnu/14.3.0/include/c++/bits/predefined_ops.h:318:30:[m[K [01;31m[Kerror: [m[Kno match for call to '[01m[K(rclcpp::wait_set_policies::DynamicStorage::storage_has_entity<rclcpp::ClientBase, std::vector<std::weak_ptr<rclcpp::ClientBase> > >(const rclcpp::ClientBase&, const std::vector<std::weak_ptr<rclcpp::ClientBase> >&)::<lambda(const int&)>) (const std::weak_ptr<rclcpp::ClientBase>&)[m[K'
[4.616s]   318 |         { return bool([01;31m[K_M_pred(*__it)[m[K); }
[4.616s]       |                       [01;31m[K~~~~~~~^~~~~~~[m[K
[4.616s] [01m[K/open_app/miniconda3/envs/ros2_humble/include/rclcpp/rclcpp/wait_set_policies/dynamic_storage.hpp:226:7:[m[K [01;36m[Knote: [m[Kcandidate: '[01m[Krclcpp::wait_set_policies::DynamicStorage::storage_has_entity<rclcpp::ClientBase, std::vector<std::weak_ptr<rclcpp::ClientBase> > >(const rclcpp::ClientBase&, const std::vector<std::weak_ptr<rclcpp::ClientBase> >&)::<lambda(const int&)>[m[K'
[4.617s]   226 |       [01;36m[K[[m[K&entity](const auto & inner) {return &entity == inner.lock().get();});
[4.617s]       |       [01;36m[K^[m[K
[4.617s] [01m[K/open_app/miniconda3/envs/ros2_humble/include/rclcpp/rclcpp/wait_set_policies/dynamic_storage.hpp:226:7:[m[K [01;36m[Knote: [m[K  no known conversion for argument 1 from '[01m[Kconst std::weak_ptr<rclcpp::ClientBase>[m[K' to '[01m[Kconst int&[m[K'
[4.617s] /open_app/miniconda3/envs/ros2_humble/lib/gcc/aarch64-conda-linux-gnu/14.3.0/include/c++/bits/predefined_ops.h: In instantiation of '[01m[Kbool __gnu_cxx::__ops::_Iter_pred<_Predicate>::[01;32m[Koperator()[m[K(_Iterator) [35m[K[with _Iterator = __gnu_cxx::__normal_iterator<const std::weak_ptr<rclcpp::ServiceBase>*, std::vector<std::weak_ptr<rclcpp::ServiceBase> > >; _Predicate = rclcpp::wait_set_policies::DynamicStorage::storage_has_entity<rclcpp::ServiceBase, std::vector<std::weak_ptr<rclcpp::ServiceBase> > >(const rclcpp::ServiceBase&, const std::vector<std::weak_ptr<rclcpp::ServiceBase> >&)::<lambda(const int&)>][m[K[m[K':
[4.617s] [01m[K/open_app/miniconda3/envs/ros2_humble/lib/gcc/aarch64-conda-linux-gnu/14.3.0/include/c++/bits/stl_algobase.h:2107:14:[m[K   required from '[01m[K_RandomAccessIterator std::[01;32m[K__find_if[m[K(_RandomAccessIterator, _RandomAccessIterator, _Predicate, random_access_iterator_tag) [35m[K[with _RandomAccessIterator = __gnu_cxx::__normal_iterator<const weak_ptr<rclcpp::ServiceBase>*, vector<weak_ptr<rclcpp::ServiceBase> > >; _Predicate = __gnu_cxx::__ops::_Iter_pred<rclcpp::wait_set_policies::DynamicStorage::storage_has_entity<rclcpp::ServiceBase, std::vector<std::weak_ptr<rclcpp::ServiceBase> > >(const rclcpp::ServiceBase&, const std::vector<std::weak_ptr<rclcpp::ServiceBase> >&)::<lambda(const int&)> >][m[K[m[K'
[4.617s]  2107 |           if ([01;36m[K__pred(__first)[m[K)
[4.617s]       |               [01;36m[K~~~~~~^~~~~~~~~[m[K
[4.617s] [01m[K/open_app/miniconda3/envs/ros2_humble/lib/gcc/aarch64-conda-linux-gnu/14.3.0/include/c++/bits/stl_algobase.h:2152:23:[m[K   required from '[01m[K_Iterator std::[01;32m[K__find_if[m[K(_Iterator, _Iterator, _Predicate) [35m[K[with _Iterator = __gnu_cxx::__normal_iterator<const weak_ptr<rclcpp::ServiceBase>*, vector<weak_ptr<rclcpp::ServiceBase> > >; _Predicate = __gnu_cxx::__ops::_Iter_pred<rclcpp::wait_set_policies::DynamicStorage::storage_has_entity<rclcpp::ServiceBase, std::vector<std::weak_ptr<rclcpp::ServiceBase> > >(const rclcpp::ServiceBase&, const std::vector<std::weak_ptr<rclcpp::ServiceBase> >&)::<lambda(const int&)> >][m[K[m[K'
[4.618s]  2152 |       return [01;36m[K__find_if(__first, __last, __pred,[m[K
[4.618s]       |              [01;36m[K~~~~~~~~~^~~~~~~~~~~~~~~~~~~~~~~~~[m[K
[4.618s]  2153 | [01;36m[K                       std::__iterator_category(__first))[m[K;
[4.618s]       |                        [01;36m[K~~~~~~~~~~~~~~~~~~~~~~~~~~~~~~~~~~[m[K
[4.618s] [01m[K/open_app/miniconda3/envs/ros2_humble/lib/gcc/aarch64-conda-linux-gnu/14.3.0/include/c++/bits/stl_algo.h:3876:28:[m[K   required from '[01m[K_IIter std::[01;32m[Kfind_if[m[K(_IIter, _IIter, _Predicate) [35m[K[with _IIter = __gnu_cxx::__normal_iterator<const weak_ptr<rclcpp::ServiceBase>*, vector<weak_ptr<rclcpp::ServiceBase> > >; _Predicate = rclcpp::wait_set_policies::DynamicStorage::storage_has_entity<rclcpp::ServiceBase, std::vector<std::weak_ptr<rclcpp::ServiceBase> > >(const rclcpp::ServiceBase&, const std::vector<std::weak_ptr<rclcpp::ServiceBase> >&)::<lambda(const int&)>][m[K[m[K'
[4.618s]  3876 |       return [01;36m[Kstd::__find_if(__first, __last,[m[K
[4.618s]       |              [01;36m[K~~~~~~~~~~~~~~^~~~~~~~~~~~~~~~~[m[K
[4.618s]  3877 | [01;36m[K                            __gnu_cxx::__ops::__pred_iter(__pred))[m[K;
[4.619s]       |                             [01;36m[K~~~~~~~~~~~~~~~~~~~~~~~~~~~~~~~~~~~~~~[m[K
[4.619s] [01m[K/open_app/miniconda3/envs/ros2_humble/lib/gcc/aarch64-conda-linux-gnu/14.3.0/include/c++/bits/stl_algo.h:429:47:[m[K   required from '[01m[Kbool std::[01;32m[Knone_of[m[K(_IIter, _IIter, _Predicate) [35m[K[with _IIter = __gnu_cxx::__normal_iterator<const weak_ptr<rclcpp::ServiceBase>*, vector<weak_ptr<rclcpp::ServiceBase> > >; _Predicate = rclcpp::wait_set_policies::DynamicStorage::storage_has_entity<rclcpp::ServiceBase, std::vector<std::weak_ptr<rclcpp::ServiceBase> > >(const rclcpp::ServiceBase&, const std::vector<std::weak_ptr<rclcpp::ServiceBase> >&)::<lambda(const int&)>][m[K[m[K'
[4.619s]   429 |     { return __last == _GLIBCXX_STD_A::find_if[01;36m[K([m[K__first, __last, __pred); }
[4.619s]       |                                               [01;36m[K^[m[K
[4.619s] [01m[K/open_app/miniconda3/envs/ros2_humble/lib/gcc/aarch64-conda-linux-gnu/14.3.0/include/c++/bits/stl_algo.h:448:27:[m[K   required from '[01m[Kbool std::[01;32m[Kany_of[m[K(_IIter, _IIter, _Predicate) [35m[K[with _IIter = __gnu_cxx::__normal_iterator<const weak_ptr<rclcpp::ServiceBase>*, vector<weak_ptr<rclcpp::ServiceBase> > >; _Predicate = rclcpp::wait_set_policies::DynamicStorage::storage_has_entity<rclcpp::ServiceBase, std::vector<std::weak_ptr<rclcpp::ServiceBase> > >(const rclcpp::ServiceBase&, const std::vector<std::weak_ptr<rclcpp::ServiceBase> >&)::<lambda(const int&)>][m[K[m[K'
[4.619s]   448 |     { return ![01;36m[Kstd::none_of(__first, __last, __pred)[m[K; }
[4.619s]       |               [01;36m[K~~~~~~~~~~~~^~~~~~~~~~~~~~~~~~~~~~~~~[m[K
[4.620s] [01m[K/open_app/miniconda3/envs/ros2_humble/include/rclcpp/rclcpp/wait_set_policies/dynamic_storage.hpp:223:23:[m[K   required from '[01m[Kstatic bool rclcpp::wait_set_policies::DynamicStorage::[01;32m[Kstorage_has_entity[m[K(const EntityT&, const SequenceOfEntitiesT&) [35m[K[with EntityT = rclcpp::ServiceBase; SequenceOfEntitiesT = std::vector<std::weak_ptr<rclcpp::ServiceBase> >][m[K[m[K'
[4.620s]   223 |     return [01;36m[Kstd::any_of([m[K
[4.620s]       |            [01;36m[K~~~~~~~~~~~^[m[K
[4.620s]   224 | [01;36m[K      entities.cbegin(),[m[K
[4.620s]       |       [01;36m[K~~~~~~~~~~~~~~~~~~[m[K
[4.620s]   225 | [01;36m[K      entities.cend(),[m[K
[4.620s]       |       [01;36m[K~~~~~~~~~~~~~~~~[m[K 
[4.620s]   226 | [01;36m[K      [&entity](const auto & inner) {return &entity == inner.lock().get();})[m[K;
[4.621s]       |       [01;36m[K~~~~~~~~~~~~~~~~~~~~~~~~~~~~~~~~~~~~~~~~~~~~~~~~~~~~~~~~~~~~~~~~~~~~~~[m[K
[4.621s] [01m[K/open_app/miniconda3/envs/ros2_humble/include/rclcpp/rclcpp/wait_set_policies/dynamic_storage.hpp:328:33:[m[K   required from here
[4.621s]   328 |     if ([01;36m[Kthis->storage_has_entity(*service, services_)[m[K) {
[4.621s]       |         [01;36m[K~~~~~~~~~~~~~~~~~~~~~~~~^~~~~~~~~~~~~~~~~~~~~[m[K
[4.622s] [01m[K/open_app/miniconda3/envs/ros2_humble/lib/gcc/aarch64-conda-linux-gnu/14.3.0/include/c++/bits/predefined_ops.h:318:30:[m[K [01;31m[Kerror: [m[Kno match for call to '[01m[K(rclcpp::wait_set_policies::DynamicStorage::storage_has_entity<rclcpp::ServiceBase, std::vector<std::weak_ptr<rclcpp::ServiceBase> > >(const rclcpp::ServiceBase&, const std::vector<std::weak_ptr<rclcpp::ServiceBase> >&)::<lambda(const int&)>) (const std::weak_ptr<rclcpp::ServiceBase>&)[m[K'
[4.622s]   318 |         { return bool([01;31m[K_M_pred(*__it)[m[K); }
[4.622s]       |                       [01;31m[K~~~~~~~^~~~~~~[m[K
[4.622s] [01m[K/open_app/miniconda3/envs/ros2_humble/include/rclcpp/rclcpp/wait_set_policies/dynamic_storage.hpp:226:7:[m[K [01;36m[Knote: [m[Kcandidate: '[01m[Krclcpp::wait_set_policies::DynamicStorage::storage_has_entity<rclcpp::ServiceBase, std::vector<std::weak_ptr<rclcpp::ServiceBase> > >(const rclcpp::ServiceBase&, const std::vector<std::weak_ptr<rclcpp::ServiceBase> >&)::<lambda(const int&)>[m[K'
[4.622s]   226 |       [01;36m[K[[m[K&entity](const auto & inner) {return &entity == inner.lock().get();});
[4.622s]       |       [01;36m[K^[m[K
[4.622s] [01m[K/open_app/miniconda3/envs/ros2_humble/include/rclcpp/rclcpp/wait_set_policies/dynamic_storage.hpp:226:7:[m[K [01;36m[Knote: [m[K  no known conversion for argument 1 from '[01m[Kconst std::weak_ptr<rclcpp::ServiceBase>[m[K' to '[01m[Kconst int&[m[K'
[4.623s] /open_app/miniconda3/envs/ros2_humble/lib/gcc/aarch64-conda-linux-gnu/14.3.0/include/c++/bits/predefined_ops.h: In instantiation of '[01m[Kbool __gnu_cxx::__ops::_Iter_pred<_Predicate>::[01;32m[Koperator()[m[K(_Iterator) [35m[K[with _Iterator = __gnu_cxx::__normal_iterator<const rclcpp::wait_set_policies::DynamicStorage::WeakWaitableEntry*, std::vector<rclcpp::wait_set_policies::DynamicStorage::WeakWaitableEntry> >; _Predicate = rclcpp::wait_set_policies::DynamicStorage::storage_has_entity<rclcpp::Waitable, std::vector<WeakWaitableEntry> >(const rclcpp::Waitable&, const std::vector<WeakWaitableEntry>&)::<lambda(const int&)>][m[K[m[K':
[4.623s] [01m[K/open_app/miniconda3/envs/ros2_humble/lib/gcc/aarch64-conda-linux-gnu/14.3.0/include/c++/bits/stl_algobase.h:2107:14:[m[K   required from '[01m[K_RandomAccessIterator std::[01;32m[K__find_if[m[K(_RandomAccessIterator, _RandomAccessIterator, _Predicate, random_access_iterator_tag) [35m[K[with _RandomAccessIterator = __gnu_cxx::__normal_iterator<const rclcpp::wait_set_policies::DynamicStorage::WeakWaitableEntry*, vector<rclcpp::wait_set_policies::DynamicStorage::WeakWaitableEntry> >; _Predicate = __gnu_cxx::__ops::_Iter_pred<rclcpp::wait_set_policies::DynamicStorage::storage_has_entity<rclcpp::Waitable, std::vector<WeakWaitableEntry> >(const rclcpp::Waitable&, const std::vector<WeakWaitableEntry>&)::<lambda(const int&)> >][m[K[m[K'
[4.623s]  2107 |           if ([01;36m[K__pred(__first)[m[K)
[4.623s]       |               [01;36m[K~~~~~~^~~~~~~~~[m[K
[4.623s] [01m[K/open_app/miniconda3/envs/ros2_humble/lib/gcc/aarch64-conda-linux-gnu/14.3.0/include/c++/bits/stl_algobase.h:2152:23:[m[K   required from '[01m[K_Iterator std::[01;32m[K__find_if[m[K(_Iterator, _Iterator, _Predicate) [35m[K[with _Iterator = __gnu_cxx::__normal_iterator<const rclcpp::wait_set_policies::DynamicStorage::WeakWaitableEntry*, vector<rclcpp::wait_set_policies::DynamicStorage::WeakWaitableEntry> >; _Predicate = __gnu_cxx::__ops::_Iter_pred<rclcpp::wait_set_policies::DynamicStorage::storage_has_entity<rclcpp::Waitable, std::vector<WeakWaitableEntry> >(const rclcpp::Waitable&, const std::vector<WeakWaitableEntry>&)::<lambda(const int&)> >][m[K[m[K'
[4.623s]  2152 |       return [01;36m[K__find_if(__first, __last, __pred,[m[K
[4.624s]       |              [01;36m[K~~~~~~~~~^~~~~~~~~~~~~~~~~~~~~~~~~[m[K
[4.624s]  2153 | [01;36m[K                       std::__iterator_category(__first))[m[K;
[4.624s]       |                        [01;36m[K~~~~~~~~~~~~~~~~~~~~~~~~~~~~~~~~~~[m[K
[4.624s] [01m[K/open_app/miniconda3/envs/ros2_humble/lib/gcc/aarch64-conda-linux-gnu/14.3.0/include/c++/bits/stl_algo.h:3876:28:[m[K   required from '[01m[K_IIter std::[01;32m[Kfind_if[m[K(_IIter, _IIter, _Predicate) [35m[K[with _IIter = __gnu_cxx::__normal_iterator<const rclcpp::wait_set_policies::DynamicStorage::WeakWaitableEntry*, vector<rclcpp::wait_set_policies::DynamicStorage::WeakWaitableEntry> >; _Predicate = rclcpp::wait_set_policies::DynamicStorage::storage_has_entity<rclcpp::Waitable, std::vector<WeakWaitableEntry> >(const rclcpp::Waitable&, const std::vector<WeakWaitableEntry>&)::<lambda(const int&)>][m[K[m[K'
[4.624s]  3876 |       return [01;36m[Kstd::__find_if(__first, __last,[m[K
[4.624s]       |              [01;36m[K~~~~~~~~~~~~~~^~~~~~~~~~~~~~~~~[m[K
[4.624s]  3877 | [01;36m[K                            __gnu_cxx::__ops::__pred_iter(__pred))[m[K;
[4.625s]       |                             [01;36m[K~~~~~~~~~~~~~~~~~~~~~~~~~~~~~~~~~~~~~~[m[K
[4.625s] [01m[K/open_app/miniconda3/envs/ros2_humble/lib/gcc/aarch64-conda-linux-gnu/14.3.0/include/c++/bits/stl_algo.h:429:47:[m[K   required from '[01m[Kbool std::[01;32m[Knone_of[m[K(_IIter, _IIter, _Predicate) [35m[K[with _IIter = __gnu_cxx::__normal_iterator<const rclcpp::wait_set_policies::DynamicStorage::WeakWaitableEntry*, vector<rclcpp::wait_set_policies::DynamicStorage::WeakWaitableEntry> >; _Predicate = rclcpp::wait_set_policies::DynamicStorage::storage_has_entity<rclcpp::Waitable, std::vector<WeakWaitableEntry> >(const rclcpp::Waitable&, const std::vector<WeakWaitableEntry>&)::<lambda(const int&)>][m[K[m[K'
[4.625s]   429 |     { return __last == _GLIBCXX_STD_A::find_if[01;36m[K([m[K__first, __last, __pred); }
[4.625s]       |                                               [01;36m[K^[m[K
[4.625s] [01m[K/open_app/miniconda3/envs/ros2_humble/lib/gcc/aarch64-conda-linux-gnu/14.3.0/include/c++/bits/stl_algo.h:448:27:[m[K   required from '[01m[Kbool std::[01;32m[Kany_of[m[K(_IIter, _IIter, _Predicate) [35m[K[with _IIter = __gnu_cxx::__normal_iterator<const rclcpp::wait_set_policies::DynamicStorage::WeakWaitableEntry*, vector<rclcpp::wait_set_policies::DynamicStorage::WeakWaitableEntry> >; _Predicate = rclcpp::wait_set_policies::DynamicStorage::storage_has_entity<rclcpp::Waitable, std::vector<WeakWaitableEntry> >(const rclcpp::Waitable&, const std::vector<WeakWaitableEntry>&)::<lambda(const int&)>][m[K[m[K'
[4.625s]   448 |     { return ![01;36m[Kstd::none_of(__first, __last, __pred)[m[K; }
[4.625s]       |               [01;36m[K~~~~~~~~~~~~^~~~~~~~~~~~~~~~~~~~~~~~~[m[K
[4.626s] [01m[K/open_app/miniconda3/envs/ros2_humble/include/rclcpp/rclcpp/wait_set_policies/dynamic_storage.hpp:223:23:[m[K   required from '[01m[Kstatic bool rclcpp::wait_set_policies::DynamicStorage::[01;32m[Kstorage_has_entity[m[K(const EntityT&, const SequenceOfEntitiesT&) [35m[K[with EntityT = rclcpp::Waitable; SequenceOfEntitiesT = std::vector<WeakWaitableEntry>][m[K[m[K'
[4.626s]   223 |     return [01;36m[Kstd::any_of([m[K
[4.626s]       |            [01;36m[K~~~~~~~~~~~^[m[K
[4.626s]   224 | [01;36m[K      entities.cbegin(),[m[K
[4.626s]       |       [01;36m[K~~~~~~~~~~~~~~~~~~[m[K
[4.626s]   225 | [01;36m[K      entities.cend(),[m[K
[4.626s]       |       [01;36m[K~~~~~~~~~~~~~~~~[m[K 
[4.626s]   226 | [01;36m[K      [&entity](const auto & inner) {return &entity == inner.lock().get();})[m[K;
[4.627s]       |       [01;36m[K~~~~~~~~~~~~~~~~~~~~~~~~~~~~~~~~~~~~~~~~~~~~~~~~~~~~~~~~~~~~~~~~~~~~~~[m[K
[4.627s] [01m[K/open_app/miniconda3/envs/ros2_humble/include/rclcpp/rclcpp/wait_set_policies/dynamic_storage.hpp:351:33:[m[K   required from here
[4.627s]   351 |     if ([01;36m[Kthis->storage_has_entity(*waitable, waitables_)[m[K) {
[4.627s]       |         [01;36m[K~~~~~~~~~~~~~~~~~~~~~~~~^~~~~~~~~~~~~~~~~~~~~~~[m[K
[4.627s] [01m[K/open_app/miniconda3/envs/ros2_humble/lib/gcc/aarch64-conda-linux-gnu/14.3.0/include/c++/bits/predefined_ops.h:318:30:[m[K [01;31m[Kerror: [m[Kno match for call to '[01m[K(rclcpp::wait_set_policies::DynamicStorage::storage_has_entity<rclcpp::Waitable, std::vector<WeakWaitableEntry> >(const rclcpp::Waitable&, const std::vector<WeakWaitableEntry>&)::<lambda(const int&)>) (const rclcpp::wait_set_policies::DynamicStorage::WeakWaitableEntry&)[m[K'
[4.627s]   318 |         { return bool([01;31m[K_M_pred(*__it)[m[K); }
[4.627s]       |                       [01;31m[K~~~~~~~^~~~~~~[m[K
[4.628s] [01m[K/open_app/miniconda3/envs/ros2_humble/include/rclcpp/rclcpp/wait_set_policies/dynamic_storage.hpp:226:7:[m[K [01;36m[Knote: [m[Kcandidate: '[01m[Krclcpp::wait_set_policies::DynamicStorage::storage_has_entity<rclcpp::Waitable, std::vector<WeakWaitableEntry> >(const rclcpp::Waitable&, const std::vector<WeakWaitableEntry>&)::<lambda(const int&)>[m[K'
[4.628s]   226 |       [01;36m[K[[m[K&entity](const auto & inner) {return &entity == inner.lock().get();});
[4.628s]       |       [01;36m[K^[m[K
[4.628s] [01m[K/open_app/miniconda3/envs/ros2_humble/include/rclcpp/rclcpp/wait_set_policies/dynamic_storage.hpp:226:7:[m[K [01;36m[Knote: [m[K  no known conversion for argument 1 from '[01m[Kconst rclcpp::wait_set_policies::DynamicStorage::WeakWaitableEntry[m[K' to '[01m[Kconst int&[m[K'
[5.127s] make[2]: *** [CMakeFiles/dji_precision_capture.dir/build.make:76: CMakeFiles/dji_precision_capture.dir/src/main.cpp.o] Error 1
[5.127s] make[1]: *** [CMakeFiles/Makefile2:85: CMakeFiles/dji_precision_capture.dir/all] Error 2
[5.128s] make: *** [Makefile:146: all] Error 2
[5.131s] Invoked command in '/home/dji/DJI_workshop/LZP_PSDK/ros2_workplace/build/dji_precision_capture' returned '2': CONDA_PROMPT_MODIFIER=(ros2_humble) /open_app/miniconda3/envs/ros2_humble/bin/cmake --build /home/dji/DJI_workshop/LZP_PSDK/ros2_workplace/build/dji_precision_capture -- -j4 -l4
