   0.006	            core	[Info]	               dji_core.c:110  Payload SDK Version : V3.14.0-beta.0-build.2296 Nov  3 2025 18:20:53
   0.006	          linker	[Debug]	             dji_linker.c:129  init linker success, protocol:2, channelId:3
   0.006	          linker	[Debug]	        dji_protocol_v1.c:189  <0000>V1-Send: 0x0503->0x0801 0x0000
   0.007	          linker	[Debug]	        dji_protocol_v1.c:309  <0000>V1-Recv: 0x0801->0x0503 0x0000
   0.007	           utils	[Debug]	          dji_root_task.c:131  work execution time:
   0.007	           utils	[Debug]	          dji_root_task.c:132  name	                execution time (ms)	  max execution time (ms)
   0.007	           utils	[Debug]	          dji_root_task.c:134  recorderWork                    	0       	0       
   0.007	           utils	[Debug]	          dji_root_task.c:134  flowControllerTask              	0       	0       
12-30 22:17:42.503	          linker	[Debug]	             dji_linker.c:171  deinit linker success, protocol:2, channelId:3
12-30 22:17:42.503	            core	[Info]	               dji_core.c:138  Identify device : manifold3
12-30 22:17:42.503	          linker	[Debug]	        dji_protocol_v1.c:264  protocol frame length error
12-30 22:17:42.503	          linker	[Debug]	             dji_linker.c:129  init linker success, protocol:2, channelId:1
12-30 22:17:42.513	          linker	[Debug]	        dji_protocol_v1.c:264  protocol frame length error
12-30 22:17:42.513	          linker	[Debug]	        dji_protocol_v1.c:264  protocol frame length error
12-30 22:17:42.513	          linker	[Debug]	        dji_protocol_v1.c:264  protocol frame length error
12-30 22:17:42.513	          linker	[Debug]	        dji_protocol_v1.c:264  protocol frame length error
12-30 22:17:42.513	          linker	[Debug]	        dji_protocol_v1.c:264  protocol frame length error
12-30 22:17:42.513	          linker	[Debug]	        dji_protocol_v1.c:264  protocol frame length error
12-30 22:17:42.513	          linker	[Debug]	        dji_protocol_v1.c:264  protocol frame length error
12-30 22:17:42.513	          linker	[Debug]	        dji_protocol_v1.c:264  protocol frame length error
12-30 22:17:42.513	          linker	[Debug]	        dji_protocol_v1.c:264  protocol frame length error
12-30 22:17:42.513	          linker	[Debug]	        dji_protocol_v1.c:264  protocol frame length error
12-30 22:17:42.513	          linker	[Debug]	        dji_protocol_v1.c:264  protocol frame length error
12-30 22:17:42.513	          linker	[Debug]	        dji_protocol_v1.c:264  protocol frame length error
12-30 22:17:42.513	          linker	[Debug]	        dji_protocol_v1.c:264  protocol frame length error
12-30 22:17:42.513	          linker	[Debug]	        dji_protocol_v1.c:264  protocol frame length error
12-30 22:17:42.513	          linker	[Debug]	        dji_protocol_v1.c:264  protocol frame length error
12-30 22:17:42.513	          linker	[Debug]	        dji_protocol_v1.c:264  protocol frame length error
12-30 22:17:42.513	          linker	[Debug]	        dji_protocol_v1.c:264  protocol frame length error
12-30 22:17:42.513	          linker	[Debug]	        dji_protocol_v1.c:264  protocol frame length error
12-30 22:17:42.513	          linker	[Debug]	        dji_protocol_v1.c:264  protocol frame length error
12-30 22:17:42.513	          linker	[Debug]	        dji_protocol_v1.c:264  protocol frame length error
12-30 22:17:42.513	          linker	[Debug]	        dji_protocol_v1.c:264  protocol frame length error
12-30 22:17:42.513	          linker	[Debug]	        dji_protocol_v1.c:264  protocol frame length error
12-30 22:17:42.513	          linker	[Debug]	        dji_protocol_v1.c:264  protocol frame length error
12-30 22:17:42.513	          linker	[Debug]	        dji_protocol_v1.c:264  protocol frame length error
12-30 22:17:42.513	          linker	[Debug]	        dji_protocol_v1.c:264  protocol frame length error
12-30 22:17:42.513	          linker	[Debug]	        dji_protocol_v1.c:264  protocol frame length error
12-30 22:17:42.513	          linker	[Debug]	        dji_protocol_v1.c:264  protocol frame length error
12-30 22:17:42.513	          linker	[Debug]	        dji_protocol_v1.c:264  protocol frame length error
12-30 22:17:42.513	          linker	[Debug]	        dji_protocol_v1.c:264  protocol frame length error
12-30 22:17:42.513	          linker	[Debug]	        dji_protocol_v1.c:264  protocol frame length error
12-30 22:17:42.513	          linker	[Debug]	        dji_protocol_v1.c:264  protocol frame length error
12-30 22:17:42.513	          linker	[Debug]	        dji_protocol_v1.c:264  protocol frame length error
12-30 22:17:42.513	          linker	[Debug]	        dji_protocol_v1.c:264  protocol frame length error
12-30 22:17:42.513	          linker	[Debug]	        dji_protocol_v1.c:264  protocol frame length error
12-30 22:17:42.513	          linker	[Debug]	        dji_protocol_v1.c:264  protocol frame length error
12-30 22:17:42.513	          linker	[Debug]	        dji_protocol_v1.c:264  protocol frame length error
12-30 22:17:42.513	          linker	[Debug]	        dji_protocol_v1.c:264  protocol frame length error
12-30 22:17:42.513	          linker	[Debug]	        dji_protocol_v1.c:264  protocol frame length error
12-30 22:17:42.513	          linker	[Debug]	        dji_protocol_v1.c:264  protocol frame length error
12-30 22:17:42.513	          linker	[Debug]	        dji_protocol_v1.c:264  protocol frame length error
12-30 22:17:42.513	          linker	[Debug]	        dji_protocol_v1.c:264  protocol frame length error
12-30 22:17:42.513	          linker	[Debug]	        dji_protocol_v1.c:264  protocol frame length error
12-30 22:17:42.513	          linker	[Debug]	        dji_protocol_v1.c:264  protocol frame length error
12-30 22:17:42.513	          linker	[Debug]	        dji_protocol_v1.c:264  protocol frame length error
12-30 22:17:42.513	          linker	[Debug]	        dji_protocol_v1.c:264  protocol frame length error
12-30 22:17:42.513	          linker	[Debug]	        dji_protocol_v1.c:264  protocol frame length error
12-30 22:17:42.513	          linker	[Debug]	        dji_protocol_v1.c:264  protocol frame length error
12-30 22:17:42.513	          linker	[Debug]	        dji_protocol_v1.c:264  protocol frame length error
12-30 22:17:42.513	          linker	[Debug]	        dji_protocol_v1.c:264  protocol frame length error
12-30 22:17:42.513	          linker	[Debug]	        dji_protocol_v1.c:264  protocol frame length error
12-30 22:17:42.513	          linker	[Debug]	        dji_protocol_v1.c:264  protocol frame length error
12-30 22:17:42.513	          linker	[Debug]	        dji_protocol_v1.c:264  protocol frame length error
12-30 22:17:42.513	          linker	[Debug]	        dji_protocol_v1.c:264  protocol frame length error
12-30 22:17:42.513	          linker	[Debug]	        dji_protocol_v1.c:264  protocol frame length error
12-30 22:17:42.513	          linker	[Debug]	        dji_protocol_v1.c:264  protocol frame length error
12-30 22:17:42.513	          linker	[Debug]	        dji_protocol_v1.c:264  protocol frame length error
12-30 22:17:42.513	          linker	[Debug]	        dji_protocol_v1.c:264  protocol frame length error
12-30 22:17:42.513	          linker	[Debug]	        dji_protocol_v1.c:264  protocol frame length error
12-30 22:17:42.513	          linker	[Debug]	        dji_protocol_v1.c:264  protocol frame length error
12-30 22:17:42.513	          linker	[Debug]	        dji_protocol_v1.c:264  protocol frame length error
12-30 22:17:42.513	          linker	[Debug]	        dji_protocol_v1.c:264  protocol frame length error
12-30 22:17:42.513	          linker	[Debug]	        dji_protocol_v1.c:264  protocol frame length error
12-30 22:17:42.513	          linker	[Debug]	        dji_protocol_v1.c:264  protocol frame length error
12-30 22:17:42.513	          linker	[Debug]	        dji_protocol_v1.c:264  protocol frame length error
12-30 22:17:42.513	          linker	[Debug]	        dji_protocol_v1.c:264  protocol frame length error
12-30 22:17:42.513	          linker	[Debug]	        dji_protocol_v1.c:264  protocol frame length error
12-30 22:17:42.513	          linker	[Debug]	        dji_protocol_v1.c:264  protocol frame length error
12-30 22:17:42.513	          linker	[Debug]	        dji_protocol_v1.c:264  protocol frame length error
12-30 22:17:42.513	          linker	[Debug]	        dji_protocol_v1.c:264  protocol frame length error
12-30 22:17:42.513	          linker	[Debug]	        dji_protocol_v1.c:264  protocol frame length error
12-30 22:17:42.513	          linker	[Debug]	        dji_protocol_v1.c:264  protocol frame length error
12-30 22:17:42.513	          linker	[Debug]	        dji_protocol_v1.c:264  protocol frame length error
12-30 22:17:42.514	          linker	[Debug]	        dji_protocol_v1.c:264  protocol frame length error
12-30 22:17:42.514	          linker	[Debug]	        dji_protocol_v1.c:264  protocol frame length error
12-30 22:17:42.514	          linker	[Debug]	        dji_protocol_v1.c:264  protocol frame length error
12-30 22:17:42.514	          linker	[Debug]	        dji_protocol_v1.c:264  protocol frame length error
12-30 22:17:42.514	          linker	[Debug]	        dji_protocol_v1.c:264  protocol frame length error
12-30 22:17:42.514	          linker	[Debug]	        dji_protocol_v1.c:264  protocol frame length error
12-30 22:17:42.514	          linker	[Debug]	        dji_protocol_v1.c:264  protocol frame length error
12-30 22:17:42.514	          linker	[Debug]	        dji_protocol_v1.c:264  protocol frame length error
12-30 22:17:42.514	          linker	[Debug]	        dji_protocol_v1.c:264  protocol frame length error
12-30 22:17:42.514	          linker	[Debug]	        dji_protocol_v1.c:264  protocol frame length error
12-30 22:17:42.514	          linker	[Debug]	        dji_protocol_v1.c:264  protocol frame length error
12-30 22:17:42.514	          linker	[Debug]	        dji_protocol_v1.c:264  protocol frame length error
12-30 22:17:42.514	          linker	[Debug]	        dji_protocol_v1.c:264  protocol frame length error
12-30 22:17:42.514	          linker	[Debug]	        dji_protocol_v1.c:264  protocol frame length error
12-30 22:17:42.514	          linker	[Debug]	        dji_protocol_v1.c:264  protocol frame length error
12-30 22:17:42.514	          linker	[Debug]	        dji_protocol_v1.c:264  protocol frame length error
12-30 22:17:42.514	          linker	[Debug]	        dji_protocol_v1.c:264  protocol frame length error
12-30 22:17:42.514	          linker	[Debug]	        dji_protocol_v1.c:264  protocol frame length error
12-30 22:17:42.514	          linker	[Debug]	        dji_protocol_v1.c:264  protocol frame length error
12-30 22:17:42.514	          linker	[Debug]	        dji_protocol_v1.c:264  protocol frame length error
12-30 22:17:42.514	          linker	[Debug]	        dji_protocol_v1.c:264  protocol frame length error
12-30 22:17:42.514	          linker	[Debug]	        dji_protocol_v1.c:264  protocol frame length error
12-30 22:17:42.514	          linker	[Debug]	        dji_protocol_v1.c:264  protocol frame length error
12-30 22:17:42.514	          linker	[Debug]	        dji_protocol_v1.c:264  protocol frame length error
12-30 22:17:42.514	          linker	[Debug]	        dji_protocol_v1.c:264  protocol frame length error
12-30 22:17:42.514	          linker	[Debug]	        dji_protocol_v1.c:264  protocol frame length error
12-30 22:17:42.514	          linker	[Debug]	        dji_protocol_v1.c:264  protocol frame length error
12-30 22:17:42.514	          linker	[Debug]	        dji_protocol_v1.c:264  protocol frame length error
12-30 22:17:42.514	          linker	[Debug]	        dji_protocol_v1.c:264  protocol frame length error
12-30 22:17:42.514	          linker	[Debug]	        dji_protocol_v1.c:264  protocol frame length error
12-30 22:17:42.514	          linker	[Debug]	        dji_protocol_v1.c:264  protocol frame length error
12-30 22:17:42.514	          linker	[Debug]	        dji_protocol_v1.c:264  protocol frame length error
12-30 22:17:42.514	          linker	[Debug]	        dji_protocol_v1.c:264  protocol frame length error
12-30 22:17:42.514	          linker	[Debug]	        dji_protocol_v1.c:264  protocol frame length error
12-30 22:17:42.514	          linker	[Debug]	        dji_protocol_v1.c:264  protocol frame length error
12-30 22:17:42.514	          linker	[Debug]	        dji_protocol_v1.c:264  protocol frame length error
12-30 22:17:42.514	          linker	[Debug]	        dji_protocol_v1.c:264  protocol frame length error
12-30 22:17:42.514	          linker	[Debug]	        dji_protocol_v1.c:264  protocol frame length error
12-30 22:17:42.514	          linker	[Debug]	        dji_protocol_v1.c:264  protocol frame length error
12-30 22:17:42.514	          linker	[Debug]	        dji_protocol_v1.c:264  protocol frame length error
12-30 22:17:42.514	          linker	[Debug]	        dji_protocol_v1.c:264  protocol frame length error
12-30 22:17:42.514	          linker	[Debug]	        dji_protocol_v1.c:264  protocol frame length error
12-30 22:17:42.514	          linker	[Debug]	        dji_protocol_v1.c:264  protocol frame length error
12-30 22:17:42.514	          linker	[Debug]	        dji_protocol_v1.c:264  protocol frame length error
12-30 22:17:42.514	          linker	[Debug]	        dji_protocol_v1.c:264  protocol frame length error
12-30 22:17:42.514	          linker	[Debug]	        dji_protocol_v1.c:264  protocol frame length error
12-30 22:17:42.514	          linker	[Debug]	        dji_protocol_v1.c:264  protocol frame length error
12-30 22:17:42.514	          linker	[Debug]	        dji_protocol_v1.c:264  protocol frame length error
12-30 22:17:42.514	          linker	[Debug]	        dji_protocol_v1.c:264  protocol frame length error
12-30 22:17:42.514	          linker	[Debug]	        dji_protocol_v1.c:264  protocol frame length error
12-30 22:17:42.514	          linker	[Debug]	        dji_protocol_v1.c:264  protocol frame length error
12-30 22:17:42.514	          linker	[Debug]	        dji_protocol_v1.c:264  protocol frame length error
12-30 22:17:42.514	          linker	[Debug]	        dji_protocol_v1.c:264  protocol frame length error
12-30 22:17:42.514	          linker	[Debug]	        dji_protocol_v1.c:264  protocol frame length error
12-30 22:17:42.514	          linker	[Debug]	        dji_protocol_v1.c:264  protocol frame length error
12-30 22:17:42.514	          linker	[Debug]	        dji_protocol_v1.c:264  protocol frame length error
12-30 22:17:42.514	          linker	[Debug]	        dji_protocol_v1.c:264  protocol frame length error
12-30 22:17:42.514	          linker	[Debug]	        dji_protocol_v1.c:264  protocol frame length error
12-30 22:17:42.514	          linker	[Debug]	        dji_protocol_v1.c:264  protocol frame length error
12-30 22:17:42.514	          linker	[Debug]	        dji_protocol_v1.c:264  protocol frame length error
12-30 22:17:42.514	          linker	[Debug]	        dji_protocol_v1.c:264  protocol frame length error
12-30 22:17:42.514	          linker	[Debug]	        dji_protocol_v1.c:264  protocol frame length error
12-30 22:17:42.514	          linker	[Debug]	        dji_protocol_v1.c:264  protocol frame length error
12-30 22:17:42.514	          linker	[Debug]	        dji_protocol_v1.c:264  protocol frame length error
12-30 22:17:42.514	          linker	[Debug]	        dji_protocol_v1.c:264  protocol frame length error
12-30 22:17:42.514	          linker	[Debug]	        dji_protocol_v1.c:264  protocol frame length error
12-30 22:17:42.514	          linker	[Debug]	        dji_protocol_v1.c:264  protocol frame length error
12-30 22:17:42.514	          linker	[Debug]	        dji_protocol_v1.c:264  protocol frame length error
12-30 22:17:42.514	          linker	[Debug]	        dji_protocol_v1.c:264  protocol frame length error
12-30 22:17:42.514	          linker	[Debug]	        dji_protocol_v1.c:264  protocol frame length error
12-30 22:17:42.514	          linker	[Debug]	        dji_protocol_v1.c:264  protocol frame length error
12-30 22:17:42.514	          linker	[Debug]	        dji_protocol_v1.c:264  protocol frame length error
12-30 22:17:42.514	          linker	[Debug]	        dji_protocol_v1.c:264  protocol frame length error
12-30 22:17:42.514	          linker	[Debug]	        dji_protocol_v1.c:264  protocol frame length error
12-30 22:17:42.514	          linker	[Debug]	        dji_protocol_v1.c:264  protocol frame length error
12-30 22:17:42.514	          linker	[Debug]	        dji_protocol_v1.c:264  protocol frame length error
12-30 22:17:42.514	          linker	[Debug]	        dji_protocol_v1.c:264  protocol frame length error
12-30 22:17:42.514	          linker	[Debug]	        dji_protocol_v1.c:264  protocol frame length error
12-30 22:17:42.514	          linker	[Debug]	        dji_protocol_v1.c:264  protocol frame length error
12-30 22:17:42.514	          linker	[Debug]	        dji_protocol_v1.c:264  protocol frame length error
12-30 22:17:42.514	          linker	[Debug]	        dji_protocol_v1.c:264  protocol frame length error
12-30 22:17:42.514	          linker	[Debug]	        dji_protocol_v1.c:264  protocol frame length error
12-30 22:17:42.514	          linker	[Debug]	        dji_protocol_v1.c:264  protocol frame length error
12-30 22:17:42.514	          linker	[Debug]	        dji_protocol_v1.c:264  protocol frame length error
12-30 22:17:42.514	          linker	[Debug]	        dji_protocol_v1.c:264  protocol frame length error
12-30 22:17:42.514	          linker	[Debug]	        dji_protocol_v1.c:264  protocol frame length error
12-30 22:17:42.514	          linker	[Debug]	        dji_protocol_v1.c:264  protocol frame length error
12-30 22:17:42.514	          linker	[Debug]	        dji_protocol_v1.c:264  protocol frame length error
12-30 22:17:42.514	          linker	[Debug]	        dji_protocol_v1.c:264  protocol frame length error
12-30 22:17:42.514	          linker	[Debug]	        dji_protocol_v1.c:264  protocol frame length error
12-30 22:17:42.514	          linker	[Debug]	        dji_protocol_v1.c:264  protocol frame length error
12-30 22:17:42.514	          linker	[Debug]	        dji_protocol_v1.c:264  protocol frame length error
12-30 22:17:42.527	          linker	[Debug]	        dji_protocol_v1.c:264  protocol frame length error
12-30 22:17:42.607	          linker	[Debug]	        dji_protocol_v1.c:264  protocol frame length error
12-30 22:17:42.627	          linker	[Debug]	        dji_protocol_v1.c:264  protocol frame length error
12-30 22:17:42.640	          linker	[Debug]	        dji_protocol_v1.c:264  protocol frame length error
12-30 22:17:42.707	          linker	[Debug]	        dji_protocol_v1.c:264  protocol frame length error
12-30 22:17:42.727	          linker	[Debug]	        dji_protocol_v1.c:264  protocol frame length error
12-30 22:17:42.807	          linker	[Debug]	        dji_protocol_v1.c:264  protocol frame length error
12-30 22:17:42.827	          linker	[Debug]	        dji_protocol_v1.c:264  protocol frame length error
12-30 22:17:42.840	          linker	[Debug]	        dji_protocol_v1.c:264  protocol frame length error
12-30 22:17:42.907	          linker	[Debug]	        dji_protocol_v1.c:264  protocol frame length error
12-30 22:17:42.927	          linker	[Debug]	        dji_protocol_v1.c:264  protocol frame length error
12-30 22:17:43.007	          linker	[Debug]	        dji_protocol_v1.c:264  protocol frame length error
12-30 22:17:43.027	          linker	[Debug]	        dji_protocol_v1.c:264  protocol frame length error
12-30 22:17:43.040	          linker	[Debug]	        dji_protocol_v1.c:264  protocol frame length error
12-30 22:17:43.107	          linker	[Debug]	        dji_protocol_v1.c:264  protocol frame length error
12-30 22:17:43.127	          linker	[Debug]	        dji_protocol_v1.c:264  protocol frame length error
12-30 22:17:43.207	          linker	[Debug]	        dji_protocol_v1.c:264  protocol frame length error
12-30 22:17:43.227	          linker	[Debug]	        dji_protocol_v1.c:264  protocol frame length error
12-30 22:17:43.240	          linker	[Debug]	        dji_protocol_v1.c:264  protocol frame length error
12-30 22:17:43.307	          linker	[Debug]	        dji_protocol_v1.c:264  protocol frame length error
12-30 22:17:43.327	          linker	[Debug]	        dji_protocol_v1.c:264  protocol frame length error
12-30 22:17:43.407	          linker	[Debug]	        dji_protocol_v1.c:264  protocol frame length error
12-30 22:17:43.427	          linker	[Debug]	        dji_protocol_v1.c:264  protocol frame length error
12-30 22:17:43.440	          linker	[Debug]	        dji_protocol_v1.c:264  protocol frame length error
12-30 22:17:43.469	           utils	[Debug]	          dji_root_task.c:131  work execution time:
12-30 22:17:43.469	           utils	[Debug]	          dji_root_task.c:132  name	                execution time (ms)	  max execution time (ms)
12-30 22:17:43.469	           utils	[Debug]	          dji_root_task.c:134  recorderWork                    	0       	0       
12-30 22:17:43.469	           utils	[Debug]	          dji_root_task.c:134  flowControllerTask              	1       	1       
12-30 22:17:43.503	          linker	[Debug]	        dji_protocol_v1.c:189  <0000>V1-Send: 0x0503->0x0300 0x03FD
12-30 22:17:43.507	          linker	[Debug]	        dji_protocol_v1.c:264  protocol frame length error
12-30 22:17:43.527	          linker	[Debug]	        dji_protocol_v1.c:264  protocol frame length error
12-30 22:17:43.607	          linker	[Debug]	        dji_protocol_v1.c:264  protocol frame length error
12-30 22:17:43.627	          linker	[Debug]	        dji_protocol_v1.c:264  protocol frame length error
12-30 22:17:43.640	          linker	[Debug]	        dji_protocol_v1.c:264  protocol frame length error
12-30 22:17:43.707	          linker	[Debug]	        dji_protocol_v1.c:264  protocol frame length error
12-30 22:17:43.727	          linker	[Debug]	        dji_protocol_v1.c:264  protocol frame length error
12-30 22:17:43.807	          linker	[Debug]	        dji_protocol_v1.c:264  protocol frame length error
12-30 22:17:43.827	          linker	[Debug]	        dji_protocol_v1.c:264  protocol frame length error
12-30 22:17:43.840	          linker	[Debug]	        dji_protocol_v1.c:264  protocol frame length error
12-30 22:17:43.907	          linker	[Debug]	        dji_protocol_v1.c:264  protocol frame length error
12-30 22:17:43.927	          linker	[Debug]	        dji_protocol_v1.c:264  protocol frame length error
12-30 22:17:44.003	          linker	[Debug]	             dji_linker.c:171  deinit linker success, protocol:2, channelId:1
12-30 22:17:44.004	          linker	[Debug]	            dji_command.c:170  config list channel id:2
12-30 22:17:44.004	          linker	[Debug]	             dji_linker.c:129  init linker success, protocol:2, channelId:3
12-30 22:17:44.004	          linker	[Debug]	            dji_command.c:179  add linker node count:1
12-30 22:17:44.004	          linker	[Debug]	        dji_protocol_v1.c:189  <0x8c3a>V1-Send: 0x0503->0x0801 0x0088
12-30 22:17:44.004	          linker	[Debug]	            dji_command.c:556  Max wait ack item count is 32.
12-30 22:17:44.004	          linker	[Debug]	        dji_protocol_v1.c:309  <0x8c3a>V1-Recv: 0x0801->0x0503 0x0088
12-30 22:17:44.004	          linker	[Debug]	            dji_command.c:1128  <0x8c3a>Receive msg from linker, 0x0801(0x0028)->0x0503(0x0065) 0x0088 len:399
12-30 22:17:44.004	          linker	[Debug]	            dji_command.c:1076 PsdkCommand_SendSyncCallback success
12-30 22:17:44.005	          linker	[Debug]	            dji_command.c:890  callback function (cmdset: 0x00 cmdid: 0x88) deal time: 1 ms
12-30 22:17:44.005	          linker	[Debug]	            dji_command.c:612  sendSync callback success
12-30 22:17:44.005	          linker	[Debug]	            dji_command.c:620  The ack data length is not equal with expect length, actual:399 exp:71. Probably because ack struct definition has changed. Please check command ack struct definition if changed.
12-30 22:17:44.005	          linker	[Debug]	             dji_linker.c:171  deinit linker success, protocol:2, channelId:3
12-30 22:17:44.005	          linker	[Debug]	            dji_command.c:301  config list channel id:3
12-30 22:17:44.005	          linker	[Debug]	             dji_linker.c:129  init linker success, protocol:3, channelId:1
12-30 22:17:44.005	          linker	[Debug]	            dji_command.c:310  add linker node count:1
12-30 22:17:44.005	          linker	[Debug]	            dji_command.c:301  config list channel id:2
12-30 22:17:44.005	          linker	[Debug]	             dji_linker.c:129  init linker success, protocol:2, channelId:3
12-30 22:17:44.005	          linker	[Debug]	            dji_command.c:310  add linker node count:2
12-30 22:17:44.005	          linker	[Debug]	            dji_command.c:733  Reg command handle list success, index:0
12-30 22:17:44.005	          linker	[Debug]	            dji_command.c:733  Reg command handle list success, index:1
12-30 22:17:44.005	           infor	[Debug]	      dji_aircraft_info.c:297  Device mounting on pos 3
12-30 22:17:44.005	          linker	[Debug]	            dji_command.c:733  Reg command handle list success, index:2
12-30 22:17:44.005	            core	[Info]	               dji_core.c:207  Identify AircraftType = Matrice 400, MountPosition = Payload Port NO3, SdkAdapterType = None
12-30 22:17:44.005	          linker	[Debug]	            dji_command.c:733  Reg command handle list success, index:3
12-30 22:17:44.005	          linker	[Debug]	            dji_command.c:733  Reg command handle list success, index:4
12-30 22:17:44.005	           infor	[Debug]	    dji_identity_verify.c:543  the auth center is djisys@1
12-30 22:17:44.005	          linker	[Debug]	        dji_protocol_v3.c:266  <0x8c3b>V3-Send: 03:003F:001E:0x0503 -> 00:003F:001E:0x0801 0x3C40, tLen 33 dLen 12
12-30 22:17:44.005	            core	[Info]	    dji_identity_verify.c:646  Updating dji sdk policy file...
12-30 22:17:44.006	          linker	[Debug]	        dji_protocol_v3.c:387  <0x8c3b>V3-Recv: 00:003F:001E:0x0801 -> 03:003F:001E:0x0503 0x3C40, tLen 22 dLen 1
12-30 22:17:44.006	          linker	[Debug]	        dji_protocol_v3.c:506  0:0x0801 convert to 0028(0x0801)
12-30 22:17:44.006	          linker	[Debug]	        dji_protocol_v3.c:506  3:0x0503 convert to 0065(0x0503)
12-30 22:17:44.006	          linker	[Debug]	        dji_protocol_v1.c:189  <0x8c3c>V1-Send: 0x0503->0x1D02 0x00F0
12-30 22:17:44.006	          linker	[Debug]	            dji_command.c:1128  <0x8c3b>Receive msg from linker, 0x0801(0x0028)->0x0503(0x0065) 0x3C40 len:1
12-30 22:17:44.006	            auth	[Debug]	    dji_identity_verify.c:601  request update policy file success
12-30 22:17:44.006	          linker	[Debug]	            dji_command.c:890  callback function (cmdset: 0x3C cmdid: 0x40) deal time: 0 ms
12-30 22:17:44.006	          linker	[Debug]	        dji_protocol_v3.c:266  <0x8c3d>V3-Send: 03:003F:001E:0x0503 -> 00:003F:001E:0x0801 0x0000, tLen 21 dLen 0
12-30 22:17:44.006	           infor	[Debug]	dji_aircraft_connection.c:170  check connect status:1
12-30 22:17:44.016	          linker	[Debug]	        dji_protocol_v1.c:189  <0x8c3e>V1-Send: 0x0503->0x1D02 0x00F0
12-30 22:17:44.019	          linker	[Debug]	        dji_protocol_v3.c:387  <0x8c3d>V3-Recv: 00:003F:001E:0x0801 -> 03:003F:001E:0x0503 0x0000, tLen 22 dLen 1
12-30 22:17:44.019	          linker	[Debug]	        dji_protocol_v3.c:506  0:0x0801 convert to 0028(0x0801)
12-30 22:17:44.019	          linker	[Debug]	        dji_protocol_v3.c:506  3:0x0503 convert to 0065(0x0503)
12-30 22:17:44.019	          linker	[Debug]	        dji_protocol_v3.c:387  <0x50a7>V3-Recv: 00:003F:001E:0x1204 -> 03:003F:001E:0x0503 0x4900, tLen 23 dLen 2
12-30 22:17:44.019	          linker	[Debug]	        dji_protocol_v3.c:506  0:0x1204 convert to 0092(0x1204)
12-30 22:17:44.019	          linker	[Debug]	        dji_protocol_v3.c:506  3:0x0503 convert to 0065(0x0503)
12-30 22:17:44.019	          linker	[Debug]	        dji_protocol_v3.c:387  <0x194>V3-Recv: 00:003F:001E:0x0801 -> 03:003F:001E:0x0503 0x3C40, tLen 33 dLen 12
12-30 22:17:44.019	          linker	[Debug]	        dji_protocol_v3.c:506  0:0x0801 convert to 0028(0x0801)
12-30 22:17:44.019	          linker	[Debug]	        dji_protocol_v3.c:506  3:0x0503 convert to 0065(0x0503)
12-30 22:17:44.020	          linker	[Debug]	            dji_command.c:1128  <0x8c3d>Receive msg from linker, 0x0801(0x0028)->0x0503(0x0065) 0x0000 len:1
12-30 22:17:44.020	           infor	[Debug]	dji_aircraft_connection.c:303  connect status async sucess
12-30 22:17:44.020	          linker	[Debug]	            dji_command.c:890  callback function (cmdset: 0x00 cmdid: 0x00) deal time: 0 ms
12-30 22:17:44.021	          linker	[Debug]	            dji_command.c:1128  <0x50a7>Receive msg from linker, 0x1204(0x0092)->0x0503(0x0065) 0x4900 len:2
12-30 22:17:44.021	          linker	[Debug]	        dji_protocol_v3.c:266  <0x50a7>V3-Send: 03:003F:001E:0x0503 -> 00:003F:001E:0x1204 0x4900, tLen 23 dLen 2
12-30 22:17:44.022	          linker	[Debug]	            dji_command.c:1128  <0x194>Receive msg from linker, 0x0801(0x0028)->0x0503(0x0065) 0x3C40 len:12
12-30 22:17:44.022	            auth	[Debug]	    dji_identity_verify.c:426  request upload policy file type:0
12-30 22:17:44.022	            auth	[Debug]	    dji_identity_verify.c:439  upload policy file info md5 checksum and version
12-30 22:17:44.022	          linker	[Debug]	        dji_protocol_v3.c:266  <0x194>V3-Send: 03:003F:001E:0x0503 -> 00:003F:001E:0x0801 0x3C40, tLen 44 dLen 23
12-30 22:17:44.027	          linker	[Debug]	        dji_protocol_v1.c:189  <0x8c3f>V1-Send: 0x0503->0x1D02 0x00F0
12-30 22:17:44.034	          linker	[Debug]	        dji_protocol_v3.c:387  <0x195>V3-Recv: 00:003F:001E:0x0801 -> 03:003F:001E:0x0503 0x3C40, tLen 33 dLen 12
12-30 22:17:44.034	          linker	[Debug]	        dji_protocol_v3.c:506  0:0x0801 convert to 0028(0x0801)
12-30 22:17:44.034	          linker	[Debug]	        dji_protocol_v3.c:506  3:0x0503 convert to 0065(0x0503)
12-30 22:17:44.034	          linker	[Debug]	        dji_protocol_v3.c:387  <0x50ab>V3-Recv: 00:003F:001E:0x1204 -> 03:003F:001E:0x0503 0x22AD, tLen 68 dLen 47
12-30 22:17:44.034	          linker	[Debug]	        dji_protocol_v3.c:506  0:0x1204 convert to 0092(0x1204)
12-30 22:17:44.034	          linker	[Debug]	        dji_protocol_v3.c:506  3:0x0503 convert to 0065(0x0503)
12-30 22:17:44.035	          linker	[Debug]	            dji_command.c:1128  <0x195>Receive msg from linker, 0x0801(0x0028)->0x0503(0x0065) 0x3C40 len:12
12-30 22:17:44.035	            auth	[Debug]	    dji_identity_verify.c:426  request upload policy file type:1
12-30 22:17:44.035	            auth	[Debug]	    dji_identity_verify.c:458  request upload policy file data: 0 0 200
12-30 22:17:44.035	          linker	[Debug]	        dji_protocol_v3.c:266  <0x195>V3-Send: 03:003F:001E:0x0503 -> 00:003F:001E:0x0801 0x3C40, tLen 224 dLen 203
12-30 22:17:44.036	          linker	[Debug]	            dji_command.c:1128  <0x50ab>Receive msg from linker, 0x1204(0x0092)->0x0503(0x0065) 0x22AD len:47
12-30 22:17:44.036	          linker	[Debug]	            dji_command.c:980  received unsupport request cmd that need ack, <0x50ab> cmdset: 0x22 cmdid: 0xAD
12-30 22:17:44.038	          linker	[Debug]	        dji_protocol_v1.c:189  <0x8c40>V1-Send: 0x0503->0x1D02 0x00F0
12-30 22:17:44.046	          linker	[Debug]	        dji_protocol_v3.c:387  <0x196>V3-Recv: 00:003F:001E:0x0801 -> 03:003F:001E:0x0503 0x3C40, tLen 33 dLen 12
12-30 22:17:44.046	          linker	[Debug]	        dji_protocol_v3.c:506  0:0x0801 convert to 0028(0x0801)
12-30 22:17:44.046	          linker	[Debug]	        dji_protocol_v3.c:506  3:0x0503 convert to 0065(0x0503)
12-30 22:17:44.046	          linker	[Debug]	        dji_protocol_v3.c:387  <0x3de7>V3-Recv: 00:003F:001E:0x0300 -> 03:003F:001E:0x0503 0x3C57, tLen 37 dLen 16
12-30 22:17:44.046	          linker	[Debug]	        dji_protocol_v3.c:506  0:0x0300 convert to 0003(0x0300)
12-30 22:17:44.046	          linker	[Debug]	        dji_protocol_v3.c:506  3:0x0503 convert to 0065(0x0503)
12-30 22:17:44.046	          linker	[Debug]	            dji_command.c:1128  <0x196>Receive msg from linker, 0x0801(0x0028)->0x0503(0x0065) 0x3C40 len:12
12-30 22:17:44.046	            auth	[Debug]	    dji_identity_verify.c:426  request upload policy file type:1
12-30 22:17:44.046	            auth	[Debug]	    dji_identity_verify.c:458  request upload policy file data: 1 200 200
12-30 22:17:44.046	          linker	[Debug]	        dji_protocol_v3.c:266  <0x196>V3-Send: 03:003F:001E:0x0503 -> 00:003F:001E:0x0801 0x3C40, tLen 224 dLen 203
12-30 22:17:44.047	          linker	[Debug]	            dji_command.c:1128  <0x3de7>Receive msg from linker, 0x0300(0x0003)->0x0503(0x0065) 0x3C57 len:16
12-30 22:17:44.047	          linker	[Debug]	            dji_command.c:980  received unsupport request cmd that noneed ack, <0x3de7> cmdset: 0x3C cmdid: 0x57
12-30 22:17:44.049	          linker	[Debug]	        dji_protocol_v1.c:189  <0x8c41>V1-Send: 0x0503->0x1D02 0x00F0
12-30 22:17:44.060	          linker	[Debug]	        dji_protocol_v1.c:189  <0x8c42>V1-Send: 0x0503->0x1D02 0x00F0
12-30 22:17:44.063	          linker	[Debug]	        dji_protocol_v3.c:387  <0x197>V3-Recv: 00:003F:001E:0x0801 -> 03:003F:001E:0x0503 0x3C40, tLen 33 dLen 12
12-30 22:17:44.063	          linker	[Debug]	        dji_protocol_v3.c:506  0:0x0801 convert to 0028(0x0801)
12-30 22:17:44.063	          linker	[Debug]	        dji_protocol_v3.c:506  3:0x0503 convert to 0065(0x0503)
12-30 22:17:44.064	          linker	[Debug]	            dji_command.c:1128  <0x197>Receive msg from linker, 0x0801(0x0028)->0x0503(0x0065) 0x3C40 len:12
12-30 22:17:44.064	            auth	[Debug]	    dji_identity_verify.c:426  request upload policy file type:1
12-30 22:17:44.064	            auth	[Debug]	    dji_identity_verify.c:458  request upload policy file data: 2 400 130
12-30 22:17:44.064	          linker	[Debug]	        dji_protocol_v3.c:266  <0x197>V3-Send: 03:003F:001E:0x0503 -> 00:003F:001E:0x0801 0x3C40, tLen 154 dLen 133
12-30 22:17:44.071	          linker	[Debug]	        dji_protocol_v1.c:189  <0x8c43>V1-Send: 0x0503->0x1D02 0x00F0
12-30 22:17:44.078	          linker	[Debug]	        dji_protocol_v3.c:387  <0x198>V3-Recv: 00:003F:001E:0x0801 -> 03:003F:001E:0x0503 0x3C40, tLen 33 dLen 12
12-30 22:17:44.078	          linker	[Debug]	        dji_protocol_v3.c:506  0:0x0801 convert to 0028(0x0801)
12-30 22:17:44.078	          linker	[Debug]	        dji_protocol_v3.c:506  3:0x0503 convert to 0065(0x0503)
12-30 22:17:44.079	          linker	[Debug]	            dji_command.c:1128  <0x198>Receive msg from linker, 0x0801(0x0028)->0x0503(0x0065) 0x3C40 len:12
12-30 22:17:44.079	            auth	[Debug]	    dji_identity_verify.c:426  request upload policy file type:2
12-30 22:17:44.079	            auth	[Debug]	    dji_identity_verify.c:480  request upload policy file success
12-30 22:17:44.079	          linker	[Debug]	        dji_protocol_v3.c:266  <0x198>V3-Send: 03:003F:001E:0x0503 -> 00:003F:001E:0x0801 0x3C40, tLen 25 dLen 4
12-30 22:17:44.082	          linker	[Debug]	        dji_protocol_v1.c:189  <0x8c44>V1-Send: 0x0503->0x1D02 0x00F0
12-30 22:17:44.093	          linker	[Debug]	        dji_protocol_v1.c:189  <0x8c45>V1-Send: 0x0503->0x1D02 0x00F0
12-30 22:17:44.104	          linker	[Debug]	        dji_protocol_v1.c:189  <0x8c46>V1-Send: 0x0503->0x1D02 0x00F0
12-30 22:17:44.107	          linker	[Debug]	        dji_protocol_v3.c:387  <0x50b7>V3-Recv: 00:003F:001E:0x1204 -> 03:003F:001E:0x0503 0x4900, tLen 23 dLen 2
12-30 22:17:44.107	          linker	[Debug]	        dji_protocol_v3.c:506  0:0x1204 convert to 0092(0x1204)
12-30 22:17:44.107	          linker	[Debug]	        dji_protocol_v3.c:506  3:0x0503 convert to 0065(0x0503)
12-30 22:17:44.108	          linker	[Debug]	            dji_command.c:1128  <0x50b7>Receive msg from linker, 0x1204(0x0092)->0x0503(0x0065) 0x4900 len:2
12-30 22:17:44.108	          linker	[Debug]	        dji_protocol_v3.c:266  <0x50b7>V3-Send: 03:003F:001E:0x0503 -> 00:003F:001E:0x1204 0x4900, tLen 23 dLen 2
12-30 22:17:44.127	          linker	[Debug]	        dji_protocol_v3.c:387  <0x50bb>V3-Recv: 00:003F:001E:0x1204 -> 03:003F:001E:0x0503 0x22AD, tLen 68 dLen 47
12-30 22:17:44.127	          linker	[Debug]	        dji_protocol_v3.c:506  0:0x1204 convert to 0092(0x1204)
12-30 22:17:44.127	          linker	[Debug]	        dji_protocol_v3.c:506  3:0x0503 convert to 0065(0x0503)
12-30 22:17:44.127	          linker	[Debug]	            dji_command.c:1128  <0x50bb>Receive msg from linker, 0x1204(0x0092)->0x0503(0x0065) 0x22AD len:47
12-30 22:17:44.128	          linker	[Debug]	            dji_command.c:980  received unsupport request cmd that need ack, <0x50bb> cmdset: 0x22 cmdid: 0xAD
12-30 22:17:44.149	          linker	[Debug]	        dji_protocol_v1.c:309  <0x2030>V1-Recv: 0x0A06->0x0503 0x0866
12-30 22:17:44.150	          linker	[Debug]	            dji_command.c:1128  <0x2030>Receive msg from linker, 0x0A06(0x00CA)->0x0503(0x0065) 0x0866 len:102
12-30 22:17:44.150	          linker	[Debug]	            dji_command.c:980  received unsupport request cmd that noneed ack, <0x2030> cmdset: 0x08 cmdid: 0x66
12-30 22:17:44.207	          linker	[Debug]	        dji_protocol_v3.c:387  <0x50c7>V3-Recv: 00:003F:001E:0x1204 -> 03:003F:001E:0x0503 0x4900, tLen 23 dLen 2
12-30 22:17:44.207	          linker	[Debug]	        dji_protocol_v3.c:506  0:0x1204 convert to 0092(0x1204)
12-30 22:17:44.207	          linker	[Debug]	        dji_protocol_v3.c:506  3:0x0503 convert to 0065(0x0503)
12-30 22:17:44.207	          linker	[Debug]	            dji_command.c:1128  <0x50c7>Receive msg from linker, 0x1204(0x0092)->0x0503(0x0065) 0x4900 len:2
12-30 22:17:44.207	          linker	[Debug]	        dji_protocol_v3.c:266  <0x50c7>V3-Send: 03:003F:001E:0x0503 -> 00:003F:001E:0x1204 0x4900, tLen 23 dLen 2
12-30 22:17:44.227	          linker	[Debug]	        dji_protocol_v3.c:387  <0x50cb>V3-Recv: 00:003F:001E:0x1204 -> 03:003F:001E:0x0503 0x22AD, tLen 68 dLen 47
12-30 22:17:44.227	          linker	[Debug]	        dji_protocol_v3.c:506  0:0x1204 convert to 0092(0x1204)
12-30 22:17:44.227	          linker	[Debug]	        dji_protocol_v3.c:506  3:0x0503 convert to 0065(0x0503)
12-30 22:17:44.227	          linker	[Debug]	            dji_command.c:1128  <0x50cb>Receive msg from linker, 0x1204(0x0092)->0x0503(0x0065) 0x22AD len:47
12-30 22:17:44.227	          linker	[Debug]	            dji_command.c:980  received unsupport request cmd that need ack, <0x50cb> cmdset: 0x22 cmdid: 0xAD
12-30 22:17:44.239	          linker	[Debug]	        dji_protocol_v3.c:387  <0x3f4a>V3-Recv: 00:003F:001E:0x0300 -> 03:003F:001E:0x0503 0x3C57, tLen 37 dLen 16
12-30 22:17:44.240	          linker	[Debug]	        dji_protocol_v3.c:506  0:0x0300 convert to 0003(0x0300)
12-30 22:17:44.240	          linker	[Debug]	        dji_protocol_v3.c:506  3:0x0503 convert to 0065(0x0503)
12-30 22:17:44.240	          linker	[Debug]	            dji_command.c:1128  <0x3f4a>Receive msg from linker, 0x0300(0x0003)->0x0503(0x0065) 0x3C57 len:16
12-30 22:17:44.240	          linker	[Debug]	            dji_command.c:980  received unsupport request cmd that noneed ack, <0x3f4a> cmdset: 0x3C cmdid: 0x57
12-30 22:17:44.307	          linker	[Debug]	        dji_protocol_v3.c:387  <0x50d7>V3-Recv: 00:003F:001E:0x1204 -> 03:003F:001E:0x0503 0x4900, tLen 23 dLen 2
12-30 22:17:44.307	          linker	[Debug]	        dji_protocol_v3.c:506  0:0x1204 convert to 0092(0x1204)
12-30 22:17:44.307	          linker	[Debug]	        dji_protocol_v3.c:506  3:0x0503 convert to 0065(0x0503)
12-30 22:17:44.308	          linker	[Debug]	            dji_command.c:1128  <0x50d7>Receive msg from linker, 0x1204(0x0092)->0x0503(0x0065) 0x4900 len:2
12-30 22:17:44.308	          linker	[Debug]	        dji_protocol_v3.c:266  <0x50d7>V3-Send: 03:003F:001E:0x0503 -> 00:003F:001E:0x1204 0x4900, tLen 23 dLen 2
12-30 22:17:44.327	          linker	[Debug]	        dji_protocol_v3.c:387  <0x50db>V3-Recv: 00:003F:001E:0x1204 -> 03:003F:001E:0x0503 0x22AD, tLen 68 dLen 47
12-30 22:17:44.327	          linker	[Debug]	        dji_protocol_v3.c:506  0:0x1204 convert to 0092(0x1204)
12-30 22:17:44.327	          linker	[Debug]	        dji_protocol_v3.c:506  3:0x0503 convert to 0065(0x0503)
12-30 22:17:44.327	          linker	[Debug]	            dji_command.c:1128  <0x50db>Receive msg from linker, 0x1204(0x0092)->0x0503(0x0065) 0x22AD len:47
12-30 22:17:44.327	          linker	[Debug]	            dji_command.c:980  received unsupport request cmd that need ack, <0x50db> cmdset: 0x22 cmdid: 0xAD
12-30 22:17:44.407	          linker	[Debug]	        dji_protocol_v3.c:387  <0x50e7>V3-Recv: 00:003F:001E:0x1204 -> 03:003F:001E:0x0503 0x4900, tLen 23 dLen 2
12-30 22:17:44.407	          linker	[Debug]	        dji_protocol_v3.c:506  0:0x1204 convert to 0092(0x1204)
12-30 22:17:44.407	          linker	[Debug]	        dji_protocol_v3.c:506  3:0x0503 convert to 0065(0x0503)
12-30 22:17:44.407	          linker	[Debug]	            dji_command.c:1128  <0x50e7>Receive msg from linker, 0x1204(0x0092)->0x0503(0x0065) 0x4900 len:2
12-30 22:17:44.407	          linker	[Debug]	        dji_protocol_v3.c:266  <0x50e7>V3-Send: 03:003F:001E:0x0503 -> 00:003F:001E:0x1204 0x4900, tLen 23 dLen 2
12-30 22:17:44.427	          linker	[Debug]	        dji_protocol_v3.c:387  <0x50eb>V3-Recv: 00:003F:001E:0x1204 -> 03:003F:001E:0x0503 0x22AD, tLen 68 dLen 47
12-30 22:17:44.427	          linker	[Debug]	        dji_protocol_v3.c:506  0:0x1204 convert to 0092(0x1204)
12-30 22:17:44.427	          linker	[Debug]	        dji_protocol_v3.c:506  3:0x0503 convert to 0065(0x0503)
12-30 22:17:44.427	          linker	[Debug]	            dji_command.c:1128  <0x50eb>Receive msg from linker, 0x1204(0x0092)->0x0503(0x0065) 0x22AD len:47
12-30 22:17:44.427	          linker	[Debug]	            dji_command.c:980  received unsupport request cmd that need ack, <0x50eb> cmdset: 0x22 cmdid: 0xAD
12-30 22:17:44.439	          linker	[Debug]	        dji_protocol_v3.c:387  <0x40a8>V3-Recv: 00:003F:001E:0x0300 -> 03:003F:001E:0x0503 0x3C57, tLen 37 dLen 16
12-30 22:17:44.439	          linker	[Debug]	        dji_protocol_v3.c:506  0:0x0300 convert to 0003(0x0300)
12-30 22:17:44.439	          linker	[Debug]	        dji_protocol_v3.c:506  3:0x0503 convert to 0065(0x0503)
12-30 22:17:44.440	          linker	[Debug]	            dji_command.c:1128  <0x40a8>Receive msg from linker, 0x0300(0x0003)->0x0503(0x0065) 0x3C57 len:16
12-30 22:17:44.440	          linker	[Debug]	            dji_command.c:980  received unsupport request cmd that noneed ack, <0x40a8> cmdset: 0x3C cmdid: 0x57
12-30 22:17:44.507	          linker	[Debug]	        dji_protocol_v3.c:387  <0x50f7>V3-Recv: 00:003F:001E:0x1204 -> 03:003F:001E:0x0503 0x4900, tLen 23 dLen 2
12-30 22:17:44.507	          linker	[Debug]	        dji_protocol_v3.c:506  0:0x1204 convert to 0092(0x1204)
12-30 22:17:44.507	          linker	[Debug]	        dji_protocol_v3.c:506  3:0x0503 convert to 0065(0x0503)
12-30 22:17:44.507	          linker	[Debug]	            dji_command.c:1128  <0x50f7>Receive msg from linker, 0x1204(0x0092)->0x0503(0x0065) 0x4900 len:2
12-30 22:17:44.508	          linker	[Debug]	        dji_protocol_v3.c:266  <0x50f7>V3-Send: 03:003F:001E:0x0503 -> 00:003F:001E:0x1204 0x4900, tLen 23 dLen 2
12-30 22:17:44.527	          linker	[Debug]	        dji_protocol_v3.c:387  <0x50fb>V3-Recv: 00:003F:001E:0x1204 -> 03:003F:001E:0x0503 0x22AD, tLen 68 dLen 47
12-30 22:17:44.527	          linker	[Debug]	        dji_protocol_v3.c:506  0:0x1204 convert to 0092(0x1204)
12-30 22:17:44.527	          linker	[Debug]	        dji_protocol_v3.c:506  3:0x0503 convert to 0065(0x0503)
12-30 22:17:44.527	          linker	[Debug]	            dji_command.c:1128  <0x50fb>Receive msg from linker, 0x1204(0x0092)->0x0503(0x0065) 0x22AD len:47
12-30 22:17:44.527	          linker	[Debug]	            dji_command.c:980  received unsupport request cmd that need ack, <0x50fb> cmdset: 0x22 cmdid: 0xAD
12-30 22:17:44.542	           utils	[Debug]	          dji_root_task.c:131  work execution time:
12-30 22:17:44.542	           utils	[Debug]	          dji_root_task.c:132  name	                execution time (ms)	  max execution time (ms)
12-30 22:17:44.542	           utils	[Debug]	          dji_root_task.c:134  recorderWork                    	0       	0       
12-30 22:17:44.542	           utils	[Debug]	          dji_root_task.c:134  flowControllerTask              	0       	1       
12-30 22:17:44.542	           utils	[Debug]	          dji_root_task.c:134  commandTask                     	1       	1       
12-30 22:17:44.542	           utils	[Debug]	          dji_root_task.c:134  aircraftWorkNode                	0       	0       
12-30 22:17:44.607	          linker	[Debug]	        dji_protocol_v3.c:387  <0x5107>V3-Recv: 00:003F:001E:0x1204 -> 03:003F:001E:0x0503 0x4900, tLen 23 dLen 2
12-30 22:17:44.607	          linker	[Debug]	        dji_protocol_v3.c:506  0:0x1204 convert to 0092(0x1204)
12-30 22:17:44.607	          linker	[Debug]	        dji_protocol_v3.c:506  3:0x0503 convert to 0065(0x0503)
12-30 22:17:44.607	          linker	[Debug]	            dji_command.c:1128  <0x5107>Receive msg from linker, 0x1204(0x0092)->0x0503(0x0065) 0x4900 len:2
12-30 22:17:44.607	          linker	[Debug]	        dji_protocol_v3.c:266  <0x5107>V3-Send: 03:003F:001E:0x0503 -> 00:003F:001E:0x1204 0x4900, tLen 23 dLen 2
12-30 22:17:44.627	          linker	[Debug]	        dji_protocol_v3.c:387  <0x510b>V3-Recv: 00:003F:001E:0x1204 -> 03:003F:001E:0x0503 0x22AD, tLen 68 dLen 47
12-30 22:17:44.627	          linker	[Debug]	        dji_protocol_v3.c:506  0:0x1204 convert to 0092(0x1204)
12-30 22:17:44.627	          linker	[Debug]	        dji_protocol_v3.c:506  3:0x0503 convert to 0065(0x0503)
12-30 22:17:44.628	          linker	[Debug]	            dji_command.c:1128  <0x510b>Receive msg from linker, 0x1204(0x0092)->0x0503(0x0065) 0x22AD len:47
12-30 22:17:44.628	          linker	[Debug]	            dji_command.c:980  received unsupport request cmd that need ack, <0x510b> cmdset: 0x22 cmdid: 0xAD
12-30 22:17:44.640	          linker	[Debug]	        dji_protocol_v3.c:387  <0x4211>V3-Recv: 00:003F:001E:0x0300 -> 03:003F:001E:0x0503 0x3C57, tLen 37 dLen 16
12-30 22:17:44.640	          linker	[Debug]	        dji_protocol_v3.c:506  0:0x0300 convert to 0003(0x0300)
12-30 22:17:44.640	          linker	[Debug]	        dji_protocol_v3.c:506  3:0x0503 convert to 0065(0x0503)
12-30 22:17:44.641	          linker	[Debug]	            dji_command.c:1128  <0x4211>Receive msg from linker, 0x0300(0x0003)->0x0503(0x0065) 0x3C57 len:16
12-30 22:17:44.641	          linker	[Debug]	            dji_command.c:980  received unsupport request cmd that noneed ack, <0x4211> cmdset: 0x3C cmdid: 0x57
12-30 22:17:44.649	          linker	[Debug]	        dji_protocol_v1.c:309  <0x2030>V1-Recv: 0x0A06->0x0503 0x0866
12-30 22:17:44.649	          linker	[Debug]	            dji_command.c:1128  <0x2030>Receive msg from linker, 0x0A06(0x00CA)->0x0503(0x0065) 0x0866 len:102
12-30 22:17:44.649	          linker	[Debug]	            dji_command.c:980  received unsupport request cmd that noneed ack, <0x2030> cmdset: 0x08 cmdid: 0x66
12-30 22:17:44.707	          linker	[Debug]	        dji_protocol_v3.c:387  <0x5117>V3-Recv: 00:003F:001E:0x1204 -> 03:003F:001E:0x0503 0x4900, tLen 23 dLen 2
12-30 22:17:44.707	          linker	[Debug]	        dji_protocol_v3.c:506  0:0x1204 convert to 0092(0x1204)
12-30 22:17:44.707	          linker	[Debug]	        dji_protocol_v3.c:506  3:0x0503 convert to 0065(0x0503)
12-30 22:17:44.707	          linker	[Debug]	            dji_command.c:1128  <0x5117>Receive msg from linker, 0x1204(0x0092)->0x0503(0x0065) 0x4900 len:2
12-30 22:17:44.707	          linker	[Debug]	        dji_protocol_v3.c:266  <0x5117>V3-Send: 03:003F:001E:0x0503 -> 00:003F:001E:0x1204 0x4900, tLen 23 dLen 2
12-30 22:17:44.727	          linker	[Debug]	        dji_protocol_v3.c:387  <0x511b>V3-Recv: 00:003F:001E:0x1204 -> 03:003F:001E:0x0503 0x22AD, tLen 68 dLen 47
12-30 22:17:44.727	          linker	[Debug]	        dji_protocol_v3.c:506  0:0x1204 convert to 0092(0x1204)
12-30 22:17:44.727	          linker	[Debug]	        dji_protocol_v3.c:506  3:0x0503 convert to 0065(0x0503)
12-30 22:17:44.728	          linker	[Debug]	            dji_command.c:1128  <0x511b>Receive msg from linker, 0x1204(0x0092)->0x0503(0x0065) 0x22AD len:47
12-30 22:17:44.728	          linker	[Debug]	            dji_command.c:980  received unsupport request cmd that need ack, <0x511b> cmdset: 0x22 cmdid: 0xAD
12-30 22:17:44.766	          linker	[Debug]	        dji_protocol_v3.c:387  <0x5123>V3-Recv: 00:003F:001E:0x1204 -> 03:003F:001E:0x0503 0x0000, tLen 22 dLen 1
12-30 22:17:44.766	          linker	[Debug]	        dji_protocol_v3.c:506  0:0x1204 convert to 0092(0x1204)
12-30 22:17:44.767	          linker	[Debug]	        dji_protocol_v3.c:506  3:0x0503 convert to 0065(0x0503)
12-30 22:17:44.767	          linker	[Debug]	            dji_command.c:1128  <0x5123>Receive msg from linker, 0x1204(0x0092)->0x0503(0x0065) 0x0000 len:1
12-30 22:17:44.767	          linker	[Debug]	        dji_protocol_v3.c:266  <0x5123>V3-Send: 03:003F:001E:0x0503 -> 00:003F:001E:0x1204 0x0000, tLen 22 dLen 1
12-30 22:17:44.807	          linker	[Debug]	        dji_protocol_v3.c:387  <0x5129>V3-Recv: 00:003F:001E:0x1204 -> 03:003F:001E:0x0503 0x4900, tLen 23 dLen 2
12-30 22:17:44.807	          linker	[Debug]	        dji_protocol_v3.c:506  0:0x1204 convert to 0092(0x1204)
12-30 22:17:44.807	          linker	[Debug]	        dji_protocol_v3.c:506  3:0x0503 convert to 0065(0x0503)
12-30 22:17:44.807	          linker	[Debug]	            dji_command.c:1128  <0x5129>Receive msg from linker, 0x1204(0x0092)->0x0503(0x0065) 0x4900 len:2
12-30 22:17:44.807	          linker	[Debug]	        dji_protocol_v3.c:266  <0x5129>V3-Send: 03:003F:001E:0x0503 -> 00:003F:001E:0x1204 0x4900, tLen 23 dLen 2
12-30 22:17:44.827	          linker	[Debug]	        dji_protocol_v3.c:387  <0x512d>V3-Recv: 00:003F:001E:0x1204 -> 03:003F:001E:0x0503 0x22AD, tLen 68 dLen 47
12-30 22:17:44.827	          linker	[Debug]	        dji_protocol_v3.c:506  0:0x1204 convert to 0092(0x1204)
12-30 22:17:44.827	          linker	[Debug]	        dji_protocol_v3.c:506  3:0x0503 convert to 0065(0x0503)
12-30 22:17:44.827	          linker	[Debug]	            dji_command.c:1128  <0x512d>Receive msg from linker, 0x1204(0x0092)->0x0503(0x0065) 0x22AD len:47
12-30 22:17:44.827	          linker	[Debug]	            dji_command.c:980  received unsupport request cmd that need ack, <0x512d> cmdset: 0x22 cmdid: 0xAD
12-30 22:17:44.840	          linker	[Debug]	        dji_protocol_v3.c:387  <0x4395>V3-Recv: 00:003F:001E:0x0300 -> 03:003F:001E:0x0503 0x3C57, tLen 37 dLen 16
12-30 22:17:44.840	          linker	[Debug]	        dji_protocol_v3.c:506  0:0x0300 convert to 0003(0x0300)
12-30 22:17:44.840	          linker	[Debug]	        dji_protocol_v3.c:506  3:0x0503 convert to 0065(0x0503)
12-30 22:17:44.840	          linker	[Debug]	            dji_command.c:1128  <0x4395>Receive msg from linker, 0x0300(0x0003)->0x0503(0x0065) 0x3C57 len:16
12-30 22:17:44.840	          linker	[Debug]	            dji_command.c:980  received unsupport request cmd that noneed ack, <0x4395> cmdset: 0x3C cmdid: 0x57
12-30 22:17:44.907	          linker	[Debug]	        dji_protocol_v3.c:387  <0x513a>V3-Recv: 00:003F:001E:0x1204 -> 03:003F:001E:0x0503 0x4900, tLen 23 dLen 2
12-30 22:17:44.907	          linker	[Debug]	        dji_protocol_v3.c:506  0:0x1204 convert to 0092(0x1204)
12-30 22:17:44.907	          linker	[Debug]	        dji_protocol_v3.c:506  3:0x0503 convert to 0065(0x0503)
12-30 22:17:44.907	          linker	[Debug]	            dji_command.c:1128  <0x513a>Receive msg from linker, 0x1204(0x0092)->0x0503(0x0065) 0x4900 len:2
12-30 22:17:44.907	          linker	[Debug]	        dji_protocol_v3.c:266  <0x513a>V3-Send: 03:003F:001E:0x0503 -> 00:003F:001E:0x1204 0x4900, tLen 23 dLen 2
12-30 22:17:44.927	          linker	[Debug]	        dji_protocol_v3.c:387  <0x513e>V3-Recv: 00:003F:001E:0x1204 -> 03:003F:001E:0x0503 0x22AD, tLen 68 dLen 47
12-30 22:17:44.927	          linker	[Debug]	        dji_protocol_v3.c:506  0:0x1204 convert to 0092(0x1204)
12-30 22:17:44.927	          linker	[Debug]	        dji_protocol_v3.c:506  3:0x0503 convert to 0065(0x0503)
12-30 22:17:44.927	          linker	[Debug]	            dji_command.c:1128  <0x513e>Receive msg from linker, 0x1204(0x0092)->0x0503(0x0065) 0x22AD len:47
12-30 22:17:44.927	          linker	[Debug]	            dji_command.c:980  received unsupport request cmd that need ack, <0x513e> cmdset: 0x22 cmdid: 0xAD
12-30 22:17:45.005	            core	[Info]	    dji_identity_verify.c:654  Update dji sdk policy file successfully
12-30 22:17:45.005	          linker	[Debug]	            dji_command.c:733  Reg command handle list success, index:5
12-30 22:17:45.005	          linker	[Debug]	            dji_command.c:733  Reg command handle list success, index:6
12-30 22:17:45.006	          linker	[Debug]	            dji_command.c:733  Reg command handle list success, index:7
12-30 22:17:45.006	            auth	[Debug]	dji_auth_sha256_rsa_verify.c:110  Application info verify successfully, ID: 174358, Key: 01a0202c33a0c82c75045863b012c65
12-30 22:17:45.006	          linker	[Debug]	            dji_command.c:733  Reg command handle list success, index:8
12-30 22:17:45.006	             sub	[Debug]	  dji_data_subscription.c:60   Init data subscription.
12-30 22:17:45.006	             sub	[Debug]	dji_data_subscription_xrce_v3.c:54   Checking version is not yet supported on the DDS Agent 3.0.
12-30 22:17:45.006	          linker	[Debug]	            dji_command.c:733  Reg command handle list success, index:9
12-30 22:17:45.006	        position	[Debug]	dji_payload_online_perception.c:82   No needed.
12-30 22:17:45.006	          linker	[Debug]	        dji_protocol_v1.c:189  <0x8c47>V1-Send: 0x0503->0x1D02 0x00F0
12-30 22:17:45.006	            core	[Info]	       dji_product_info.c:186  Set alias: PSDK_APPALIAS
12-30 22:17:45.006	      downloader	[Debug]	         dji_downloader.c:204  s_downloaderPackDataLength = 900
12-30 22:17:45.006	          linker	[Debug]	            dji_command.c:733  Reg command handle list success, index:10
12-30 22:17:45.006	          linker	[Debug]	        dji_protocol_v3.c:266  <0x8c48>V3-Send: 03:003F:001E:0x0503 -> 00:003F:001E:0x0801 0x0076, tLen 224 dLen 203
12-30 22:17:45.006	          linker	[Debug]	        dji_protocol_v3.c:266  <0x8c49>V3-Send: 03:003F:001E:0x0503 -> 00:003F:001E:0x0801 0x0076, tLen 416 dLen 395
12-30 22:17:45.007	          linker	[Debug]	        dji_protocol_v3.c:266  <0x8c4a>V3-Send: 03:003F:001E:0x0503 -> 00:003F:001E:0x0200 0x3C10, tLen 85 dLen 64
12-30 22:17:45.007	          linker	[Debug]	        dji_protocol_v3.c:387  <0x514a>V3-Recv: 00:003F:001E:0x1204 -> 03:003F:001E:0x0503 0x4900, tLen 23 dLen 2
12-30 22:17:45.007	          linker	[Debug]	        dji_protocol_v3.c:506  0:0x1204 convert to 0092(0x1204)
12-30 22:17:45.007	          linker	[Debug]	        dji_protocol_v3.c:506  3:0x0503 convert to 0065(0x0503)
12-30 22:17:45.007	          linker	[Debug]	        dji_protocol_v3.c:266  <0x8c4b>V3-Send: 03:003F:001E:0x0503 -> 00:003F:001E:0x0300 0x3C10, tLen 85 dLen 64
12-30 22:17:45.007	          linker	[Debug]	        dji_protocol_v3.c:266  <0x8c4c>V3-Send: 03:003F:001E:0x0503 -> 00:003F:001E:0x1104 0x3C10, tLen 85 dLen 64
12-30 22:17:45.007	          linker	[Debug]	        dji_protocol_v3.c:266  <0x8c4d>V3-Send: 03:003F:001E:0x0503 -> 00:003F:001E:0x0701 0x3C10, tLen 85 dLen 64
12-30 22:17:45.007	          linker	[Debug]	        dji_protocol_v3.c:266  <0x8c4e>V3-Send: 03:003F:001E:0x0503 -> 00:003F:001E:0x1100 0x3C10, tLen 85 dLen 64
12-30 22:17:45.008	          linker	[Debug]	            dji_command.c:1128  <0x514a>Receive msg from linker, 0x1204(0x0092)->0x0503(0x0065) 0x4900 len:2
12-30 22:17:45.008	          linker	[Debug]	        dji_protocol_v3.c:266  <0x514a>V3-Send: 03:003F:001E:0x0503 -> 00:003F:001E:0x1204 0x4900, tLen 23 dLen 2
12-30 22:17:45.017	          linker	[Debug]	        dji_protocol_v3.c:387  <0x8c48>V3-Recv: 00:003F:001E:0x0801 -> 03:003F:001E:0x0503 0x0076, tLen 23 dLen 2
12-30 22:17:45.017	          linker	[Debug]	        dji_protocol_v3.c:506  0:0x0801 convert to 0028(0x0801)
12-30 22:17:45.017	          linker	[Debug]	        dji_protocol_v3.c:506  3:0x0503 convert to 0065(0x0503)
12-30 22:17:45.017	          linker	[Debug]	        dji_protocol_v3.c:387  <0x8c49>V3-Recv: 00:003F:001E:0x0801 -> 03:003F:001E:0x0503 0x0076, tLen 23 dLen 2
12-30 22:17:45.017	          linker	[Debug]	        dji_protocol_v3.c:506  0:0x0801 convert to 0028(0x0801)
12-30 22:17:45.017	          linker	[Debug]	        dji_protocol_v3.c:506  3:0x0503 convert to 0065(0x0503)
12-30 22:17:45.018	          linker	[Debug]	        dji_protocol_v1.c:189  <0x8c4f>V1-Send: 0x0503->0x1D02 0x00F0
12-30 22:17:45.018	          linker	[Debug]	            dji_command.c:1128  <0x8c48>Receive msg from linker, 0x0801(0x0028)->0x0503(0x0065) 0x0076 len:2
12-30 22:17:45.018	            dbpt	[Debug]	  dji_data_buried_point.c:283  request data report success
12-30 22:17:45.018	          linker	[Debug]	            dji_command.c:890  callback function (cmdset: 0x00 cmdid: 0x76) deal time: 0 ms
12-30 22:17:45.019	          linker	[Debug]	            dji_command.c:1128  <0x8c49>Receive msg from linker, 0x0801(0x0028)->0x0503(0x0065) 0x0076 len:2
12-30 22:17:45.019	            dbpt	[Debug]	  dji_data_buried_point.c:283  request data report success
12-30 22:17:45.019	          linker	[Debug]	            dji_command.c:890  callback function (cmdset: 0x00 cmdid: 0x76) deal time: 0 ms
12-30 22:17:45.036	          linker	[Debug]	        dji_protocol_v3.c:387  <0x514e>V3-Recv: 00:003F:001E:0x1204 -> 03:003F:001E:0x0503 0x22AD, tLen 68 dLen 47
12-30 22:17:45.036	          linker	[Debug]	        dji_protocol_v3.c:506  0:0x1204 convert to 0092(0x1204)
12-30 22:17:45.036	          linker	[Debug]	        dji_protocol_v3.c:506  3:0x0503 convert to 0065(0x0503)
12-30 22:17:45.036	          linker	[Debug]	            dji_command.c:1128  <0x514e>Receive msg from linker, 0x1204(0x0092)->0x0503(0x0065) 0x22AD len:47
12-30 22:17:45.036	          linker	[Debug]	            dji_command.c:980  received unsupport request cmd that need ack, <0x514e> cmdset: 0x22 cmdid: 0xAD
12-30 22:17:45.051	          linker	[Debug]	        dji_protocol_v3.c:387  <0x4515>V3-Recv: 00:003F:001E:0x0300 -> 03:003F:001E:0x0503 0x3C57, tLen 37 dLen 16
12-30 22:17:45.051	          linker	[Debug]	        dji_protocol_v3.c:506  0:0x0300 convert to 0003(0x0300)
12-30 22:17:45.051	          linker	[Debug]	        dji_protocol_v3.c:506  3:0x0503 convert to 0065(0x0503)
12-30 22:17:45.052	          linker	[Debug]	            dji_command.c:1128  <0x4515>Receive msg from linker, 0x0300(0x0003)->0x0503(0x0065) 0x3C57 len:16
12-30 22:17:45.052	          linker	[Debug]	            dji_command.c:980  received unsupport request cmd that noneed ack, <0x4515> cmdset: 0x3C cmdid: 0x57
12-30 22:17:45.066	          linker	[Debug]	        dji_protocol_v3.c:387  <0xcfa3>V3-Recv: 00:0001:0000:0x0202 -> 03:0000:0001:0x0503 0x3C20, tLen 22 dLen 1
12-30 22:17:45.066	          linker	[Debug]	        dji_protocol_v3.c:506  0:0x0202 convert to 0042(0x0202)
12-30 22:17:45.066	          linker	[Debug]	        dji_protocol_v3.c:506  3:0x0503 convert to 0065(0x0503)
12-30 22:17:45.066	          linker	[Debug]	        dji_protocol_v3.c:387  <0xcfa4>V3-Recv: 00:0001:0000:0x0202 -> 03:0000:0001:0x0503 0x3C36, tLen 21 dLen 0
12-30 22:17:45.066	          linker	[Debug]	        dji_protocol_v3.c:506  0:0x0202 convert to 0042(0x0202)
12-30 22:17:45.066	          linker	[Debug]	        dji_protocol_v3.c:506  3:0x0503 convert to 0065(0x0503)
12-30 22:17:45.066	          linker	[Debug]	            dji_command.c:1128  <0xcfa3>Receive msg from linker, 0x0202(0x0042)->0x0503(0x0065) 0x3C20 len:1
12-30 22:17:45.066	          linker	[Debug]	            dji_command.c:980  received unsupport request cmd that need ack, <0xcfa3> cmdset: 0x3C cmdid: 0x20
12-30 22:17:45.067	          linker	[Debug]	            dji_command.c:1128  <0xcfa4>Receive msg from linker, 0x0202(0x0042)->0x0503(0x0065) 0x3C36 len:0
12-30 22:17:45.068	          linker	[Debug]	        dji_protocol_v3.c:266  <0xcfa4>V3-Send: 03:003F:001E:0x0503 -> 00:003F:001E:0x0202 0x3C36, tLen 173 dLen 152
12-30 22:17:45.083	          linker	[Debug]	        dji_protocol_v3.c:266  <0x8c50>V3-Send: 03:003F:001E:0x0503 -> 00:003F:001E:0x0801 0x0000, tLen 21 dLen 0
12-30 22:17:45.083	           infor	[Debug]	dji_aircraft_connection.c:170  check connect status:1
12-30 22:17:45.083	          linker	[Debug]	        dji_protocol_v3.c:387  <0x8c50>V3-Recv: 00:003F:001E:0x0801 -> 03:003F:001E:0x0503 0x0000, tLen 22 dLen 1
12-30 22:17:45.083	          linker	[Debug]	        dji_protocol_v3.c:506  0:0x0801 convert to 0028(0x0801)
12-30 22:17:45.083	          linker	[Debug]	        dji_protocol_v3.c:506  3:0x0503 convert to 0065(0x0503)
12-30 22:17:45.084	          linker	[Debug]	            dji_command.c:1128  <0x8c50>Receive msg from linker, 0x0801(0x0028)->0x0503(0x0065) 0x0000 len:1
12-30 22:17:45.084	           infor	[Debug]	dji_aircraft_connection.c:303  connect status async sucess
12-30 22:17:45.084	          linker	[Debug]	            dji_command.c:890  callback function (cmdset: 0x00 cmdid: 0x00) deal time: 0 ms
12-30 22:17:45.107	          linker	[Debug]	        dji_protocol_v3.c:387  <0x515a>V3-Recv: 00:003F:001E:0x1204 -> 03:003F:001E:0x0503 0x4900, tLen 23 dLen 2
12-30 22:17:45.107	          linker	[Debug]	        dji_protocol_v3.c:506  0:0x1204 convert to 0092(0x1204)
12-30 22:17:45.107	          linker	[Debug]	        dji_protocol_v3.c:506  3:0x0503 convert to 0065(0x0503)
12-30 22:17:45.108	          linker	[Debug]	            dji_command.c:1128  <0x515a>Receive msg from linker, 0x1204(0x0092)->0x0503(0x0065) 0x4900 len:2
12-30 22:17:45.108	          linker	[Debug]	        dji_protocol_v3.c:266  <0x515a>V3-Send: 03:003F:001E:0x0503 -> 00:003F:001E:0x1204 0x4900, tLen 23 dLen 2
12-30 22:17:45.127	          linker	[Debug]	        dji_protocol_v3.c:387  <0x515e>V3-Recv: 00:003F:001E:0x1204 -> 03:003F:001E:0x0503 0x22AD, tLen 68 dLen 47
12-30 22:17:45.127	          linker	[Debug]	        dji_protocol_v3.c:506  0:0x1204 convert to 0092(0x1204)
12-30 22:17:45.127	          linker	[Debug]	        dji_protocol_v3.c:506  3:0x0503 convert to 0065(0x0503)
12-30 22:17:45.127	          linker	[Debug]	            dji_command.c:1128  <0x515e>Receive msg from linker, 0x1204(0x0092)->0x0503(0x0065) 0x22AD len:47
12-30 22:17:45.127	          linker	[Debug]	            dji_command.c:980  received unsupport request cmd that need ack, <0x515e> cmdset: 0x22 cmdid: 0xAD
12-30 22:17:45.149	          linker	[Debug]	        dji_protocol_v1.c:309  <0x2030>V1-Recv: 0x0A06->0x0503 0x0866
12-30 22:17:45.149	          linker	[Debug]	            dji_command.c:1128  <0x2030>Receive msg from linker, 0x0A06(0x00CA)->0x0503(0x0065) 0x0866 len:102
12-30 22:17:45.149	          linker	[Debug]	            dji_command.c:980  received unsupport request cmd that noneed ack, <0x2030> cmdset: 0x08 cmdid: 0x66
12-30 22:17:45.207	          linker	[Debug]	        dji_protocol_v3.c:387  <0x516b>V3-Recv: 00:003F:001E:0x1204 -> 03:003F:001E:0x0503 0x4900, tLen 23 dLen 2
12-30 22:17:45.207	          linker	[Debug]	        dji_protocol_v3.c:506  0:0x1204 convert to 0092(0x1204)
12-30 22:17:45.207	          linker	[Debug]	        dji_protocol_v3.c:506  3:0x0503 convert to 0065(0x0503)
12-30 22:17:45.207	          linker	[Debug]	            dji_command.c:1128  <0x516b>Receive msg from linker, 0x1204(0x0092)->0x0503(0x0065) 0x4900 len:2
12-30 22:17:45.207	          linker	[Debug]	        dji_protocol_v3.c:266  <0x516b>V3-Send: 03:003F:001E:0x0503 -> 00:003F:001E:0x1204 0x4900, tLen 23 dLen 2
12-30 22:17:45.222	          linker	[Debug]	        dji_protocol_v3.c:266  <0x8c51>V3-Send: 03:003F:001E:0x0503 -> 00:003F:001E:0x0200 0x3C10, tLen 85 dLen 64
12-30 22:17:45.223	          linker	[Debug]	        dji_protocol_v3.c:266  <0x8c52>V3-Send: 03:003F:001E:0x0503 -> 00:003F:001E:0x0300 0x3C10, tLen 85 dLen 64
12-30 22:17:45.223	          linker	[Debug]	        dji_protocol_v3.c:266  <0x8c53>V3-Send: 03:003F:001E:0x0503 -> 00:003F:001E:0x1104 0x3C10, tLen 85 dLen 64
12-30 22:17:45.223	          linker	[Debug]	        dji_protocol_v3.c:266  <0x8c54>V3-Send: 03:003F:001E:0x0503 -> 00:003F:001E:0x0701 0x3C10, tLen 85 dLen 64
12-30 22:17:45.223	          linker	[Debug]	        dji_protocol_v3.c:266  <0x8c55>V3-Send: 03:003F:001E:0x0503 -> 00:003F:001E:0x1100 0x3C10, tLen 85 dLen 64
12-30 22:17:45.227	          linker	[Debug]	        dji_protocol_v3.c:387  <0x516f>V3-Recv: 00:003F:001E:0x1204 -> 03:003F:001E:0x0503 0x22AD, tLen 68 dLen 47
12-30 22:17:45.227	          linker	[Debug]	        dji_protocol_v3.c:506  0:0x1204 convert to 0092(0x1204)
12-30 22:17:45.227	          linker	[Debug]	        dji_protocol_v3.c:506  3:0x0503 convert to 0065(0x0503)
12-30 22:17:45.227	          linker	[Debug]	            dji_command.c:1128  <0x516f>Receive msg from linker, 0x1204(0x0092)->0x0503(0x0065) 0x22AD len:47
12-30 22:17:45.227	          linker	[Debug]	            dji_command.c:980  received unsupport request cmd that need ack, <0x516f> cmdset: 0x22 cmdid: 0xAD
12-30 22:17:45.239	          linker	[Debug]	        dji_protocol_v3.c:387  <0x4677>V3-Recv: 00:003F:001E:0x0300 -> 03:003F:001E:0x0503 0x3C57, tLen 37 dLen 16
12-30 22:17:45.240	          linker	[Debug]	        dji_protocol_v3.c:506  0:0x0300 convert to 0003(0x0300)
12-30 22:17:45.240	          linker	[Debug]	        dji_protocol_v3.c:506  3:0x0503 convert to 0065(0x0503)
12-30 22:17:45.240	          linker	[Debug]	            dji_command.c:1128  <0x4677>Receive msg from linker, 0x0300(0x0003)->0x0503(0x0065) 0x3C57 len:16
12-30 22:17:45.240	          linker	[Debug]	            dji_command.c:980  received unsupport request cmd that noneed ack, <0x4677> cmdset: 0x3C cmdid: 0x57
12-30 22:17:45.307	          linker	[Debug]	        dji_protocol_v3.c:387  <0x517b>V3-Recv: 00:003F:001E:0x1204 -> 03:003F:001E:0x0503 0x4900, tLen 23 dLen 2
12-30 22:17:45.307	          linker	[Debug]	        dji_protocol_v3.c:506  0:0x1204 convert to 0092(0x1204)
12-30 22:17:45.307	          linker	[Debug]	        dji_protocol_v3.c:506  3:0x0503 convert to 0065(0x0503)
12-30 22:17:45.308	          linker	[Debug]	            dji_command.c:1128  <0x517b>Receive msg from linker, 0x1204(0x0092)->0x0503(0x0065) 0x4900 len:2
12-30 22:17:45.308	          linker	[Debug]	        dji_protocol_v3.c:266  <0x517b>V3-Send: 03:003F:001E:0x0503 -> 00:003F:001E:0x1204 0x4900, tLen 23 dLen 2
12-30 22:17:45.327	          linker	[Debug]	        dji_protocol_v3.c:387  <0x517f>V3-Recv: 00:003F:001E:0x1204 -> 03:003F:001E:0x0503 0x22AD, tLen 68 dLen 47
12-30 22:17:45.327	          linker	[Debug]	        dji_protocol_v3.c:506  0:0x1204 convert to 0092(0x1204)
12-30 22:17:45.327	          linker	[Debug]	        dji_protocol_v3.c:506  3:0x0503 convert to 0065(0x0503)
12-30 22:17:45.327	          linker	[Debug]	            dji_command.c:1128  <0x517f>Receive msg from linker, 0x1204(0x0092)->0x0503(0x0065) 0x22AD len:47
12-30 22:17:45.327	          linker	[Debug]	            dji_command.c:980  received unsupport request cmd that need ack, <0x517f> cmdset: 0x22 cmdid: 0xAD
12-30 22:17:45.407	          linker	[Debug]	        dji_protocol_v3.c:387  <0x5189>V3-Recv: 00:003F:001E:0x1204 -> 03:003F:001E:0x0503 0x4900, tLen 23 dLen 2
12-30 22:17:45.407	          linker	[Debug]	        dji_protocol_v3.c:506  0:0x1204 convert to 0092(0x1204)
12-30 22:17:45.407	          linker	[Debug]	        dji_protocol_v3.c:506  3:0x0503 convert to 0065(0x0503)
12-30 22:17:45.408	          linker	[Debug]	            dji_command.c:1128  <0x5189>Receive msg from linker, 0x1204(0x0092)->0x0503(0x0065) 0x4900 len:2
12-30 22:17:45.408	          linker	[Debug]	        dji_protocol_v3.c:266  <0x5189>V3-Send: 03:003F:001E:0x0503 -> 00:003F:001E:0x1204 0x4900, tLen 23 dLen 2
12-30 22:17:45.427	          linker	[Debug]	        dji_protocol_v3.c:387  <0x518b>V3-Recv: 00:003F:001E:0x1204 -> 03:003F:001E:0x0503 0x22AD, tLen 68 dLen 47
12-30 22:17:45.427	          linker	[Debug]	        dji_protocol_v3.c:506  0:0x1204 convert to 0092(0x1204)
12-30 22:17:45.427	          linker	[Debug]	        dji_protocol_v3.c:506  3:0x0503 convert to 0065(0x0503)
12-30 22:17:45.427	          linker	[Debug]	            dji_command.c:1128  <0x518b>Receive msg from linker, 0x1204(0x0092)->0x0503(0x0065) 0x22AD len:47
12-30 22:17:45.427	          linker	[Debug]	            dji_command.c:980  received unsupport request cmd that need ack, <0x518b> cmdset: 0x22 cmdid: 0xAD
12-30 22:17:45.438	          linker	[Debug]	        dji_protocol_v3.c:266  <0x8c56>V3-Send: 03:003F:001E:0x0503 -> 00:003F:001E:0x0200 0x3C10, tLen 85 dLen 64
12-30 22:17:45.438	          linker	[Debug]	        dji_protocol_v3.c:266  <0x8c57>V3-Send: 03:003F:001E:0x0503 -> 00:003F:001E:0x0300 0x3C10, tLen 85 dLen 64
12-30 22:17:45.438	          linker	[Debug]	        dji_protocol_v3.c:266  <0x8c58>V3-Send: 03:003F:001E:0x0503 -> 00:003F:001E:0x1104 0x3C10, tLen 85 dLen 64
12-30 22:17:45.438	          linker	[Debug]	        dji_protocol_v3.c:266  <0x8c59>V3-Send: 03:003F:001E:0x0503 -> 00:003F:001E:0x0701 0x3C10, tLen 85 dLen 64
12-30 22:17:45.439	          linker	[Debug]	        dji_protocol_v3.c:266  <0x8c5a>V3-Send: 03:003F:001E:0x0503 -> 00:003F:001E:0x1100 0x3C10, tLen 85 dLen 64
12-30 22:17:45.440	          linker	[Debug]	        dji_protocol_v3.c:387  <0x47d5>V3-Recv: 00:003F:001E:0x0300 -> 03:003F:001E:0x0503 0x3C57, tLen 37 dLen 16
12-30 22:17:45.440	          linker	[Debug]	        dji_protocol_v3.c:506  0:0x0300 convert to 0003(0x0300)
12-30 22:17:45.440	          linker	[Debug]	        dji_protocol_v3.c:506  3:0x0503 convert to 0065(0x0503)
12-30 22:17:45.440	          linker	[Debug]	            dji_command.c:1128  <0x47d5>Receive msg from linker, 0x0300(0x0003)->0x0503(0x0065) 0x3C57 len:16
12-30 22:17:45.440	          linker	[Debug]	            dji_command.c:980  received unsupport request cmd that noneed ack, <0x47d5> cmdset: 0x3C cmdid: 0x57
12-30 22:17:45.506	          linker	[Debug]	            dji_command.c:733  Reg command handle list success, index:11
12-30 22:17:45.507	            user	[Info]	            test_widget.c:141  widget file: /home/dji/DJI_workshop/LZP_PSDK/Payload-SDK/samples/sample_c/module_sample/widget/widget_file/en_big_screen
12-30 22:17:45.507	          linker	[Debug]	        dji_protocol_v3.c:387  <0x519b>V3-Recv: 00:003F:001E:0x1204 -> 03:003F:001E:0x0503 0x4900, tLen 23 dLen 2
12-30 22:17:45.507	          linker	[Debug]	        dji_protocol_v3.c:506  0:0x1204 convert to 0092(0x1204)
12-30 22:17:45.507	          linker	[Debug]	        dji_protocol_v3.c:506  3:0x0503 convert to 0065(0x0503)
12-30 22:17:45.507	          widget	[Debug]	 dji_widget_json_parser.c:85   Json file: main interface widget count = 4
12-30 22:17:45.507	          widget	[Debug]	 dji_widget_json_parser.c:90   Json file: config interface widget count = 5
12-30 22:17:45.507	          linker	[Debug]	            dji_command.c:1128  <0x519b>Receive msg from linker, 0x1204(0x0092)->0x0503(0x0065) 0x4900 len:2
12-30 22:17:45.507	          linker	[Debug]	        dji_protocol_v3.c:266  <0x519b>V3-Send: 03:003F:001E:0x0503 -> 00:003F:001E:0x1204 0x4900, tLen 23 dLen 2
12-30 22:17:45.508	          widget	[Debug]	 dji_widget_json_parser.c:85   Json file: main interface widget count = 4
12-30 22:17:45.508	          widget	[Debug]	 dji_widget_json_parser.c:90   Json file: config interface widget count = 5
12-30 22:17:45.508	          widget	[Debug]	 dji_widget_json_parser.c:85   Json file: main interface widget count = 4
12-30 22:17:45.508	          widget	[Debug]	 dji_widget_json_parser.c:90   Json file: config interface widget count = 5
12-30 22:17:45.508	          linker	[Debug]	        dji_protocol_v3.c:266  <0x8c5b>V3-Send: 03:003F:001E:0x0503 -> 00:003F:001E:0x0200 0x3C1F, tLen 58 dLen 37
12-30 22:17:45.508	            core	[Info]	               dji_core.c:340  Start dji sdk application
12-30 22:17:45.508	            user	[Info]	          application.cpp:250  Application start.
12-30 22:17:45.515	          linker	[Debug]	        dji_protocol_v1.c:189  <0x8c5c>V1-Send: 0x0503->0x1D02 0x00F0
12-30 22:17:45.525	          linker	[Debug]	        dji_protocol_v1.c:189  <0x8c5d>V1-Send: 0x0503->0x1D02 0x00F0
12-30 22:17:45.527	          linker	[Debug]	        dji_protocol_v3.c:387  <0x519f>V3-Recv: 00:003F:001E:0x1204 -> 03:003F:001E:0x0503 0x22AD, tLen 68 dLen 47
12-30 22:17:45.527	          linker	[Debug]	        dji_protocol_v3.c:506  0:0x1204 convert to 0092(0x1204)
12-30 22:17:45.527	          linker	[Debug]	        dji_protocol_v3.c:506  3:0x0503 convert to 0065(0x0503)
12-30 22:17:45.527	          linker	[Debug]	            dji_command.c:1128  <0x519f>Receive msg from linker, 0x1204(0x0092)->0x0503(0x0065) 0x22AD len:47
12-30 22:17:45.528	          linker	[Debug]	            dji_command.c:980  received unsupport request cmd that need ack, <0x519f> cmdset: 0x22 cmdid: 0xAD
12-30 22:17:45.536	          linker	[Debug]	        dji_protocol_v1.c:189  <0x8c5e>V1-Send: 0x0503->0x1D02 0x00F0
12-30 22:17:45.607	          linker	[Debug]	        dji_protocol_v3.c:387  <0x51ab>V3-Recv: 00:003F:001E:0x1204 -> 03:003F:001E:0x0503 0x4900, tLen 23 dLen 2
12-30 22:17:45.607	          linker	[Debug]	        dji_protocol_v3.c:506  0:0x1204 convert to 0092(0x1204)
12-30 22:17:45.607	          linker	[Debug]	        dji_protocol_v3.c:506  3:0x0503 convert to 0065(0x0503)
12-30 22:17:45.607	          linker	[Debug]	            dji_command.c:1128  <0x51ab>Receive msg from linker, 0x1204(0x0092)->0x0503(0x0065) 0x4900 len:2
12-30 22:17:45.607	          linker	[Debug]	        dji_protocol_v3.c:266  <0x51ab>V3-Send: 03:003F:001E:0x0503 -> 00:003F:001E:0x1204 0x4900, tLen 23 dLen 2
12-30 22:17:45.620	           utils	[Debug]	          dji_root_task.c:131  work execution time:
12-30 22:17:45.620	           utils	[Debug]	          dji_root_task.c:132  name	                execution time (ms)	  max execution time (ms)
12-30 22:17:45.620	           utils	[Debug]	          dji_root_task.c:134  recorderWork                    	0       	0       
12-30 22:17:45.620	           utils	[Debug]	          dji_root_task.c:134  flowControllerTask              	0       	1       
12-30 22:17:45.620	           utils	[Debug]	          dji_root_task.c:134  commandTask                     	1       	1       
12-30 22:17:45.620	           utils	[Debug]	          dji_root_task.c:134  aircraftWorkNode                	1       	1       
12-30 22:17:45.620	           utils	[Debug]	          dji_root_task.c:134  dataBuriedPointTask             	1       	1       
12-30 22:17:45.620	           utils	[Debug]	          dji_root_task.c:134  StatePushWork                   	1       	1       
12-30 22:17:45.620	           utils	[Debug]	          dji_root_task.c:134  WidgetWork                      	0       	0       
12-30 22:17:45.620	           utils	[Debug]	          dji_root_task.c:134  hmsTask                         	0       	0       
12-30 22:17:45.627	          linker	[Debug]	        dji_protocol_v3.c:387  <0x51af>V3-Recv: 00:003F:001E:0x1204 -> 03:003F:001E:0x0503 0x22AD, tLen 68 dLen 47
12-30 22:17:45.627	          linker	[Debug]	        dji_protocol_v3.c:506  0:0x1204 convert to 0092(0x1204)
12-30 22:17:45.627	          linker	[Debug]	        dji_protocol_v3.c:506  3:0x0503 convert to 0065(0x0503)
12-30 22:17:45.628	          linker	[Debug]	            dji_command.c:1128  <0x51af>Receive msg from linker, 0x1204(0x0092)->0x0503(0x0065) 0x22AD len:47
12-30 22:17:45.628	          linker	[Debug]	            dji_command.c:980  received unsupport request cmd that need ack, <0x51af> cmdset: 0x22 cmdid: 0xAD
12-30 22:17:45.640	          linker	[Debug]	        dji_protocol_v3.c:387  <0x4940>V3-Recv: 00:003F:001E:0x0300 -> 03:003F:001E:0x0503 0x3C57, tLen 37 dLen 16
12-30 22:17:45.640	          linker	[Debug]	        dji_protocol_v3.c:506  0:0x0300 convert to 0003(0x0300)
12-30 22:17:45.640	          linker	[Debug]	        dji_protocol_v3.c:506  3:0x0503 convert to 0065(0x0503)
12-30 22:17:45.641	          linker	[Debug]	            dji_command.c:1128  <0x4940>Receive msg from linker, 0x0300(0x0003)->0x0503(0x0065) 0x3C57 len:16
12-30 22:17:45.641	          linker	[Debug]	            dji_command.c:980  received unsupport request cmd that noneed ack, <0x4940> cmdset: 0x3C cmdid: 0x57
12-30 22:17:45.648	          linker	[Debug]	        dji_protocol_v1.c:309  <0x2030>V1-Recv: 0x0A06->0x0503 0x0866
12-30 22:17:45.649	          linker	[Debug]	            dji_command.c:1128  <0x2030>Receive msg from linker, 0x0A06(0x00CA)->0x0503(0x0065) 0x0866 len:102
12-30 22:17:45.650	          linker	[Debug]	            dji_command.c:980  received unsupport request cmd that noneed ack, <0x2030> cmdset: 0x08 cmdid: 0x66
12-30 22:17:45.655	          linker	[Debug]	        dji_protocol_v1.c:189  <0x8c5f>V1-Send: 0x0503->0x1007 0x198B
12-30 22:17:45.655	          linker	[Debug]	        dji_protocol_v3.c:266  <0x8c60>V3-Send: 03:003F:001E:0x0503 -> 00:003F:001E:0x0200 0x3C10, tLen 85 dLen 64
12-30 22:17:45.655	          linker	[Debug]	        dji_protocol_v3.c:266  <0x8c61>V3-Send: 03:003F:001E:0x0503 -> 00:003F:001E:0x0300 0x3C10, tLen 85 dLen 64
12-30 22:17:45.656	          linker	[Debug]	        dji_protocol_v3.c:266  <0x8c62>V3-Send: 03:003F:001E:0x0503 -> 00:003F:001E:0x1104 0x3C10, tLen 85 dLen 64
12-30 22:17:45.656	          linker	[Debug]	        dji_protocol_v3.c:266  <0x8c63>V3-Send: 03:003F:001E:0x0503 -> 00:003F:001E:0x0701 0x3C10, tLen 85 dLen 64
12-30 22:17:45.656	          linker	[Debug]	        dji_protocol_v3.c:266  <0x8c64>V3-Send: 03:003F:001E:0x0503 -> 00:003F:001E:0x1100 0x3C10, tLen 85 dLen 64
12-30 22:17:45.707	          linker	[Debug]	        dji_protocol_v3.c:387  <0x51bb>V3-Recv: 00:003F:001E:0x1204 -> 03:003F:001E:0x0503 0x4900, tLen 23 dLen 2
12-30 22:17:45.707	          linker	[Debug]	        dji_protocol_v3.c:506  0:0x1204 convert to 0092(0x1204)
12-30 22:17:45.707	          linker	[Debug]	        dji_protocol_v3.c:506  3:0x0503 convert to 0065(0x0503)
12-30 22:17:45.708	          linker	[Debug]	            dji_command.c:1128  <0x51bb>Receive msg from linker, 0x1204(0x0092)->0x0503(0x0065) 0x4900 len:2
12-30 22:17:45.708	          linker	[Debug]	        dji_protocol_v3.c:266  <0x51bb>V3-Send: 03:003F:001E:0x0503 -> 00:003F:001E:0x1204 0x4900, tLen 23 dLen 2
12-30 22:17:45.708	          linker	[Debug]	        dji_protocol_v3.c:266  <0x8c65>V3-Send: 03:003F:001E:0x0503 -> 00:003F:001E:0x0200 0x3C1F, tLen 58 dLen 37
12-30 22:17:45.725	          linker	[Debug]	        dji_protocol_v3.c:266  <0x8c66>V3-Send: 03:003F:001E:0x0503 -> 00:003F:001E:0x0200 0x3C1B, tLen 77 dLen 56
12-30 22:17:45.727	          linker	[Debug]	        dji_protocol_v3.c:387  <0x51bf>V3-Recv: 00:003F:001E:0x1204 -> 03:003F:001E:0x0503 0x22AD, tLen 68 dLen 47
12-30 22:17:45.727	          linker	[Debug]	        dji_protocol_v3.c:506  0:0x1204 convert to 0092(0x1204)
12-30 22:17:45.727	          linker	[Debug]	        dji_protocol_v3.c:506  3:0x0503 convert to 0065(0x0503)
12-30 22:17:45.727	          linker	[Debug]	            dji_command.c:1128  <0x51bf>Receive msg from linker, 0x1204(0x0092)->0x0503(0x0065) 0x22AD len:47
12-30 22:17:45.727	          linker	[Debug]	            dji_command.c:980  received unsupport request cmd that need ack, <0x51bf> cmdset: 0x22 cmdid: 0xAD
12-30 22:17:45.742	          linker	[Debug]	        dji_protocol_v3.c:387  <0xcffd>V3-Recv: 00:0001:0000:0x0202 -> 03:0000:0001:0x0503 0x0001, tLen 21 dLen 0
12-30 22:17:45.742	          linker	[Debug]	        dji_protocol_v3.c:506  0:0x0202 convert to 0042(0x0202)
12-30 22:17:45.742	          linker	[Debug]	        dji_protocol_v3.c:506  3:0x0503 convert to 0065(0x0503)
12-30 22:17:45.742	          linker	[Debug]	            dji_command.c:1128  <0xcffd>Receive msg from linker, 0x0202(0x0042)->0x0503(0x0065) 0x0001 len:0
12-30 22:17:45.743	            core	[Debug]	dji_application_ready_state.c:331  Get payload custom version from 0x00000042
12-30 22:17:45.743	          linker	[Debug]	        dji_protocol_v3.c:266  <0xcffd>V3-Send: 03:003F:001E:0x0503 -> 00:003F:001E:0x0202 0x0001, tLen 51 dLen 30
12-30 22:17:45.756	          linker	[Debug]	        dji_protocol_v3.c:387  <0xd001>V3-Recv: 00:0001:0000:0x0202 -> 03:0000:0001:0x0503 0x3C36, tLen 21 dLen 0
12-30 22:17:45.757	          linker	[Debug]	        dji_protocol_v3.c:506  0:0x0202 convert to 0042(0x0202)
12-30 22:17:45.757	          linker	[Debug]	        dji_protocol_v3.c:506  3:0x0503 convert to 0065(0x0503)
12-30 22:17:45.757	          linker	[Debug]	            dji_command.c:1128  <0xd001>Receive msg from linker, 0x0202(0x0042)->0x0503(0x0065) 0x3C36 len:0
12-30 22:17:45.757	          linker	[Debug]	        dji_protocol_v3.c:266  <0xd001>V3-Send: 03:003F:001E:0x0503 -> 00:003F:001E:0x0202 0x3C36, tLen 173 dLen 152
12-30 22:17:45.767	          linker	[Debug]	        dji_protocol_v3.c:387  <0xd002>V3-Recv: 00:0001:0000:0x0202 -> 03:0000:0001:0x0503 0x0051, tLen 22 dLen 1
12-30 22:17:45.767	          linker	[Debug]	        dji_protocol_v3.c:506  0:0x0202 convert to 0042(0x0202)
12-30 22:17:45.767	          linker	[Debug]	        dji_protocol_v3.c:506  3:0x0503 convert to 0065(0x0503)
12-30 22:17:45.767	          linker	[Debug]	        dji_protocol_v3.c:387  <0xd004>V3-Recv: 00:0001:0000:0x0202 -> 03:0000:0001:0x0503 0x3C3C, tLen 23 dLen 2
12-30 22:17:45.767	          linker	[Debug]	        dji_protocol_v3.c:506  0:0x0202 convert to 0042(0x0202)
12-30 22:17:45.767	          linker	[Debug]	        dji_protocol_v3.c:506  3:0x0503 convert to 0065(0x0503)
12-30 22:17:45.768	          linker	[Debug]	            dji_command.c:1128  <0xd002>Receive msg from linker, 0x0202(0x0042)->0x0503(0x0065) 0x0051 len:1
12-30 22:17:45.768	          linker	[Debug]	        dji_protocol_v3.c:266  <0xd002>V3-Send: 03:003F:001E:0x0503 -> 00:003F:001E:0x0202 0x0051, tLen 56 dLen 35
12-30 22:17:45.769	          linker	[Debug]	            dji_command.c:1128  <0xd004>Receive msg from linker, 0x0202(0x0042)->0x0503(0x0065) 0x3C3C len:2
12-30 22:17:45.769	           infor	[Info]	      dji_aircraft_info.c:769  Set mobile app info, language is Chinese, screen type is Big Screen
12-30 22:17:45.769	          linker	[Debug]	        dji_protocol_v3.c:266  <0xd004>V3-Send: 03:003F:001E:0x0503 -> 00:003F:001E:0x0202 0x3C3C, tLen 22 dLen 1
12-30 22:17:45.775	          linker	[Debug]	        dji_protocol_v1.c:189  <0x8c67>V1-Send: 0x0503->0x1D02 0x00F0
12-30 22:17:45.807	          linker	[Debug]	        dji_protocol_v3.c:387  <0x51c6>V3-Recv: 00:003F:001E:0x1204 -> 03:003F:001E:0x0503 0x4900, tLen 23 dLen 2
12-30 22:17:45.807	          linker	[Debug]	        dji_protocol_v3.c:506  0:0x1204 convert to 0092(0x1204)
12-30 22:17:45.807	          linker	[Debug]	        dji_protocol_v3.c:506  3:0x0503 convert to 0065(0x0503)
12-30 22:17:45.808	          linker	[Debug]	            dji_command.c:1128  <0x51c6>Receive msg from linker, 0x1204(0x0092)->0x0503(0x0065) 0x4900 len:2
12-30 22:17:45.808	          linker	[Debug]	        dji_protocol_v3.c:266  <0x51c6>V3-Send: 03:003F:001E:0x0503 -> 00:003F:001E:0x1204 0x4900, tLen 23 dLen 2
12-30 22:17:45.817	          linker	[Debug]	        dji_protocol_v3.c:387  <0xd008>V3-Recv: 00:0001:0000:0x0202 -> 03:0000:0001:0x0503 0x0026, tLen 58 dLen 37
12-30 22:17:45.817	          linker	[Debug]	        dji_protocol_v3.c:506  0:0x0202 convert to 0042(0x0202)
12-30 22:17:45.817	          linker	[Debug]	        dji_protocol_v3.c:506  3:0x0503 convert to 0065(0x0503)
12-30 22:17:45.818	          linker	[Debug]	            dji_command.c:1128  <0xd008>Receive msg from linker, 0x0202(0x0042)->0x0503(0x0065) 0x0026 len:37
12-30 22:17:45.818	      downloader	[Debug]	         dji_downloader.c:355  Request, host = 0x42, receiver = 0x65, session = 65, taskId = 0, funcId = 0
12-30 22:17:45.818	          linker	[Debug]	        dji_protocol_v3.c:266  <0xd008>V3-Send: 03:003F:001E:0x0503 -> 00:003F:001E:0x0202 0x0026, tLen 22 dLen 1
12-30 22:17:45.818	      downloader	[Debug]	         dji_downloader.c:476  Downloader data start send, session id = 65 task:0 type:14
12-30 22:17:45.829	      downloader	[Debug]	 dji_download_data_list.c:190  Download data list data length = 460
12-30 22:17:45.836	          linker	[Debug]	        dji_protocol_v3.c:387  <0x51c8>V3-Recv: 00:003F:001E:0x1204 -> 03:003F:001E:0x0503 0x22AD, tLen 68 dLen 47
12-30 22:17:45.836	          linker	[Debug]	        dji_protocol_v3.c:266  <0x8c68>V3-Send: 03:003F:001E:0x0503 -> 00:003F:001E:0x0202 0x0027, tLen 491 dLen 470
12-30 22:17:45.836	          linker	[Debug]	        dji_protocol_v3.c:506  0:0x1204 convert to 0092(0x1204)
12-30 22:17:45.836	          linker	[Debug]	        dji_protocol_v3.c:506  3:0x0503 convert to 0065(0x0503)
12-30 22:17:45.836	      downloader	[Debug]	         dji_downloader.c:691  data downloader update info, seq:0 offset:0 dataLen:460 totalLen:460 process:0
12-30 22:17:45.836	      downloader	[Debug]	         dji_downloader.c:703  Downloader already send last package
12-30 22:17:45.837	          linker	[Debug]	            dji_command.c:1128  <0x51c8>Receive msg from linker, 0x1204(0x0092)->0x0503(0x0065) 0x22AD len:47
12-30 22:17:45.837	          linker	[Debug]	            dji_command.c:980  received unsupport request cmd that need ack, <0x51c8> cmdset: 0x22 cmdid: 0xAD
12-30 22:17:45.850	          linker	[Debug]	        dji_protocol_v3.c:387  <0x4ac2>V3-Recv: 00:003F:001E:0x0300 -> 03:003F:001E:0x0503 0x3C57, tLen 37 dLen 16
12-30 22:17:45.850	          linker	[Debug]	        dji_protocol_v3.c:506  0:0x0300 convert to 0003(0x0300)
12-30 22:17:45.850	          linker	[Debug]	        dji_protocol_v3.c:506  3:0x0503 convert to 0065(0x0503)
12-30 22:17:45.851	          linker	[Debug]	            dji_command.c:1128  <0x4ac2>Receive msg from linker, 0x0300(0x0003)->0x0503(0x0065) 0x3C57 len:16
12-30 22:17:45.851	          linker	[Debug]	            dji_command.c:980  received unsupport request cmd that noneed ack, <0x4ac2> cmdset: 0x3C cmdid: 0x57
12-30 22:17:45.873	          linker	[Debug]	        dji_protocol_v1.c:189  <0x8c69>V1-Send: 0x0503->0x1007 0x198B
12-30 22:17:45.873	          linker	[Debug]	        dji_protocol_v3.c:266  <0x8c6a>V3-Send: 03:003F:001E:0x0503 -> 00:003F:001E:0x0200 0x3C10, tLen 85 dLen 64
12-30 22:17:45.873	          linker	[Debug]	        dji_protocol_v3.c:266  <0x8c6b>V3-Send: 03:003F:001E:0x0503 -> 00:003F:001E:0x0300 0x3C10, tLen 85 dLen 64
12-30 22:17:45.873	          linker	[Debug]	        dji_protocol_v3.c:266  <0x8c6c>V3-Send: 03:003F:001E:0x0503 -> 00:003F:001E:0x1104 0x3C10, tLen 85 dLen 64
12-30 22:17:45.873	          linker	[Debug]	        dji_protocol_v3.c:266  <0x8c6d>V3-Send: 03:003F:001E:0x0503 -> 00:003F:001E:0x0701 0x3C10, tLen 85 dLen 64
12-30 22:17:45.873	          linker	[Debug]	        dji_protocol_v3.c:266  <0x8c6e>V3-Send: 03:003F:001E:0x0503 -> 00:003F:001E:0x1100 0x3C10, tLen 85 dLen 64
12-30 22:17:45.877	          linker	[Debug]	        dji_protocol_v3.c:387  <0xd010>V3-Recv: 00:0001:0000:0x0202 -> 03:0000:0001:0x0503 0x0026, tLen 35 dLen 14
12-30 22:17:45.877	          linker	[Debug]	        dji_protocol_v3.c:506  0:0x0202 convert to 0042(0x0202)
12-30 22:17:45.877	          linker	[Debug]	        dji_protocol_v3.c:506  3:0x0503 convert to 0065(0x0503)
12-30 22:17:45.878	          linker	[Debug]	            dji_command.c:1128  <0xd010>Receive msg from linker, 0x0202(0x0042)->0x0503(0x0065) 0x0026 len:14
12-30 22:17:45.878	      downloader	[Debug]	         dji_downloader.c:355  Request, host = 0x42, receiver = 0x65, session = 65, taskId = 0, funcId = 4
12-30 22:17:45.878	          linker	[Debug]	        dji_protocol_v3.c:266  <0xd010>V3-Send: 03:003F:001E:0x0503 -> 00:003F:001E:0x0202 0x0026, tLen 22 dLen 1
12-30 22:17:45.879	      downloader	[Debug]	         dji_downloader.c:550  Downloader data end send
12-30 22:17:45.888	          linker	[Debug]	        dji_protocol_v3.c:387  <0xd011>V3-Recv: 00:0001:0000:0x0202 -> 03:0000:0001:0x0503 0x0026, tLen 69 dLen 48
12-30 22:17:45.888	          linker	[Debug]	        dji_protocol_v3.c:506  0:0x0202 convert to 0042(0x0202)
12-30 22:17:45.888	          linker	[Debug]	        dji_protocol_v3.c:506  3:0x0503 convert to 0065(0x0503)
12-30 22:17:45.889	          linker	[Debug]	            dji_command.c:1128  <0xd011>Receive msg from linker, 0x0202(0x0042)->0x0503(0x0065) 0x0026 len:48
12-30 22:17:45.889	      downloader	[Debug]	         dji_downloader.c:355  Request, host = 0x42, receiver = 0x65, session = 66, taskId = 1, funcId = 0
12-30 22:17:45.889	          linker	[Debug]	        dji_protocol_v3.c:266  <0xd011>V3-Send: 03:003F:001E:0x0503 -> 00:003F:001E:0x0202 0x0026, tLen 22 dLen 1
12-30 22:17:45.890	      downloader	[Debug]	         dji_downloader.c:476  Downloader data start send, session id = 66 task:1 type:14
12-30 22:17:45.890	      downloader	[Debug]	 dji_download_data_file.c:92   Download file object info, index = 0  drive = 0 type = 14 offset = 0 size = -1
12-30 22:17:45.890	          linker	[Debug]	        dji_protocol_v3.c:266  <0x8c6f>V3-Send: 03:003F:001E:0x0503 -> 00:003F:001E:0x0202 0x0027, tLen 931 dLen 910
12-30 22:17:45.890	      downloader	[Debug]	         dji_downloader.c:691  data downloader update info, seq:0 offset:0 dataLen:900 totalLen:22491 process:0
12-30 22:17:45.899	          linker	[Debug]	        dji_protocol_v3.c:266  <0x8c70>V3-Send: 03:003F:001E:0x0503 -> 00:003F:001E:0x0202 0x0027, tLen 931 dLen 910
12-30 22:17:45.899	      downloader	[Debug]	         dji_downloader.c:691  data downloader update info, seq:1 offset:900 dataLen:900 totalLen:22491 process:4
12-30 22:17:45.907	          linker	[Debug]	        dji_protocol_v3.c:387  <0x51cc>V3-Recv: 00:003F:001E:0x1204 -> 03:003F:001E:0x0503 0x4900, tLen 23 dLen 2
12-30 22:17:45.907	          linker	[Debug]	        dji_protocol_v3.c:506  0:0x1204 convert to 0092(0x1204)
12-30 22:17:45.907	          linker	[Debug]	        dji_protocol_v3.c:506  3:0x0503 convert to 0065(0x0503)
12-30 22:17:45.907	          linker	[Debug]	            dji_command.c:1128  <0x51cc>Receive msg from linker, 0x1204(0x0092)->0x0503(0x0065) 0x4900 len:2
12-30 22:17:45.907	          linker	[Debug]	        dji_protocol_v3.c:266  <0x51cc>V3-Send: 03:003F:001E:0x0503 -> 00:003F:001E:0x1204 0x4900, tLen 23 dLen 2
12-30 22:17:45.907	          linker	[Debug]	        dji_protocol_v3.c:266  <0x8c71>V3-Send: 03:003F:001E:0x0503 -> 00:003F:001E:0x0202 0x0027, tLen 931 dLen 910
12-30 22:17:45.908	      downloader	[Debug]	         dji_downloader.c:691  data downloader update info, seq:2 offset:1800 dataLen:900 totalLen:22491 process:8
12-30 22:17:45.909	          linker	[Debug]	        dji_protocol_v3.c:266  <0x8c72>V3-Send: 03:003F:001E:0x0503 -> 00:003F:001E:0x0200 0x3C1F, tLen 58 dLen 37
12-30 22:17:45.916	          linker	[Debug]	        dji_protocol_v3.c:266  <0x8c73>V3-Send: 03:003F:001E:0x0503 -> 00:003F:001E:0x0202 0x0027, tLen 931 dLen 910
12-30 22:17:45.916	      downloader	[Debug]	         dji_downloader.c:691  data downloader update info, seq:3 offset:2700 dataLen:900 totalLen:22491 process:12
12-30 22:17:45.925	          linker	[Debug]	        dji_protocol_v3.c:266  <0x8c74>V3-Send: 03:003F:001E:0x0503 -> 00:003F:001E:0x0202 0x0027, tLen 931 dLen 910
12-30 22:17:45.925	      downloader	[Debug]	         dji_downloader.c:691  data downloader update info, seq:4 offset:3600 dataLen:900 totalLen:22491 process:16
12-30 22:17:45.927	          linker	[Debug]	        dji_protocol_v3.c:387  <0x51ce>V3-Recv: 00:003F:001E:0x1204 -> 03:003F:001E:0x0503 0x22AD, tLen 68 dLen 47
12-30 22:17:45.927	          linker	[Debug]	        dji_protocol_v3.c:506  0:0x1204 convert to 0092(0x1204)
12-30 22:17:45.927	          linker	[Debug]	        dji_protocol_v3.c:506  3:0x0503 convert to 0065(0x0503)
12-30 22:17:45.928	          linker	[Debug]	            dji_command.c:1128  <0x51ce>Receive msg from linker, 0x1204(0x0092)->0x0503(0x0065) 0x22AD len:47
12-30 22:17:45.928	          linker	[Debug]	            dji_command.c:980  received unsupport request cmd that need ack, <0x51ce> cmdset: 0x22 cmdid: 0xAD
12-30 22:17:45.934	          linker	[Debug]	        dji_protocol_v3.c:266  <0x8c75>V3-Send: 03:003F:001E:0x0503 -> 00:003F:001E:0x0202 0x0027, tLen 931 dLen 910
12-30 22:17:45.934	      downloader	[Debug]	         dji_downloader.c:691  data downloader update info, seq:5 offset:4500 dataLen:900 totalLen:22491 process:20
12-30 22:17:45.943	          linker	[Debug]	        dji_protocol_v3.c:266  <0x8c76>V3-Send: 03:003F:001E:0x0503 -> 00:003F:001E:0x0202 0x0027, tLen 931 dLen 910
12-30 22:17:45.943	      downloader	[Debug]	         dji_downloader.c:691  data downloader update info, seq:6 offset:5400 dataLen:900 totalLen:22491 process:24
12-30 22:17:45.943	          linker	[Debug]	        dji_protocol_v3.c:266  <0x8c77>V3-Send: 03:003F:001E:0x0503 -> 00:003F:001E:0x0200 0x3C1B, tLen 77 dLen 56
12-30 22:17:45.951	          linker	[Debug]	        dji_protocol_v3.c:266  <0x8c78>V3-Send: 03:003F:001E:0x0503 -> 00:003F:001E:0x0202 0x0027, tLen 931 dLen 910
12-30 22:17:45.952	      downloader	[Debug]	         dji_downloader.c:691  data downloader update info, seq:7 offset:6300 dataLen:900 totalLen:22491 process:28
12-30 22:17:45.960	          linker	[Debug]	        dji_protocol_v3.c:266  <0x8c79>V3-Send: 03:003F:001E:0x0503 -> 00:003F:001E:0x0202 0x0027, tLen 931 dLen 910
12-30 22:17:45.960	      downloader	[Debug]	         dji_downloader.c:691  data downloader update info, seq:8 offset:7200 dataLen:900 totalLen:22491 process:32
12-30 22:17:45.969	          linker	[Debug]	        dji_protocol_v3.c:266  <0x8c7a>V3-Send: 03:003F:001E:0x0503 -> 00:003F:001E:0x0202 0x0027, tLen 931 dLen 910
12-30 22:17:45.969	      downloader	[Debug]	         dji_downloader.c:691  data downloader update info, seq:9 offset:8100 dataLen:900 totalLen:22491 process:36
12-30 22:17:45.978	          linker	[Debug]	        dji_protocol_v3.c:266  <0x8c7b>V3-Send: 03:003F:001E:0x0503 -> 00:003F:001E:0x0202 0x0027, tLen 931 dLen 910
12-30 22:17:45.978	      downloader	[Debug]	         dji_downloader.c:691  data downloader update info, seq:10 offset:9000 dataLen:900 totalLen:22491 process:40
12-30 22:17:45.987	          linker	[Debug]	        dji_protocol_v3.c:266  <0x8c7c>V3-Send: 03:003F:001E:0x0503 -> 00:003F:001E:0x0202 0x0027, tLen 931 dLen 910
12-30 22:17:45.987	      downloader	[Debug]	         dji_downloader.c:691  data downloader update info, seq:11 offset:9900 dataLen:900 totalLen:22491 process:44
12-30 22:17:45.996	          linker	[Debug]	        dji_protocol_v3.c:266  <0x8c7d>V3-Send: 03:003F:001E:0x0503 -> 00:003F:001E:0x0202 0x0027, tLen 931 dLen 910
12-30 22:17:45.996	      downloader	[Debug]	         dji_downloader.c:691  data downloader update info, seq:12 offset:10800 dataLen:900 totalLen:22491 process:48
12-30 22:17:46.004	          linker	[Debug]	        dji_protocol_v3.c:266  <0x8c7e>V3-Send: 03:003F:001E:0x0503 -> 00:003F:001E:0x0202 0x0027, tLen 931 dLen 910
12-30 22:17:46.005	      downloader	[Debug]	         dji_downloader.c:691  data downloader update info, seq:13 offset:11700 dataLen:900 totalLen:22491 process:52
12-30 22:17:46.007	          linker	[Debug]	        dji_protocol_v3.c:387  <0x51d2>V3-Recv: 00:003F:001E:0x1204 -> 03:003F:001E:0x0503 0x4900, tLen 23 dLen 2
12-30 22:17:46.007	          linker	[Debug]	        dji_protocol_v3.c:506  0:0x1204 convert to 0092(0x1204)
12-30 22:17:46.007	          linker	[Debug]	        dji_protocol_v3.c:506  3:0x0503 convert to 0065(0x0503)
12-30 22:17:46.007	          linker	[Debug]	            dji_command.c:1128  <0x51d2>Receive msg from linker, 0x1204(0x0092)->0x0503(0x0065) 0x4900 len:2
12-30 22:17:46.008	          linker	[Debug]	        dji_protocol_v3.c:266  <0x51d2>V3-Send: 03:003F:001E:0x0503 -> 00:003F:001E:0x1204 0x4900, tLen 23 dLen 2
12-30 22:17:46.013	          linker	[Debug]	        dji_protocol_v3.c:266  <0x8c7f>V3-Send: 03:003F:001E:0x0503 -> 00:003F:001E:0x0202 0x0027, tLen 931 dLen 910
12-30 22:17:46.013	      downloader	[Debug]	         dji_downloader.c:691  data downloader update info, seq:14 offset:12600 dataLen:900 totalLen:22491 process:56
12-30 22:17:46.022	          linker	[Debug]	        dji_protocol_v3.c:266  <0x8c80>V3-Send: 03:003F:001E:0x0503 -> 00:003F:001E:0x0202 0x0027, tLen 931 dLen 910
12-30 22:17:46.022	      downloader	[Debug]	         dji_downloader.c:691  data downloader update info, seq:15 offset:13500 dataLen:900 totalLen:22491 process:60
12-30 22:17:46.027	          linker	[Debug]	        dji_protocol_v3.c:387  <0x51d4>V3-Recv: 00:003F:001E:0x1204 -> 03:003F:001E:0x0503 0x22AD, tLen 68 dLen 47
12-30 22:17:46.027	          linker	[Debug]	        dji_protocol_v3.c:506  0:0x1204 convert to 0092(0x1204)
12-30 22:17:46.027	          linker	[Debug]	        dji_protocol_v3.c:506  3:0x0503 convert to 0065(0x0503)
12-30 22:17:46.027	          linker	[Debug]	            dji_command.c:1128  <0x51d4>Receive msg from linker, 0x1204(0x0092)->0x0503(0x0065) 0x22AD len:47
12-30 22:17:46.027	          linker	[Debug]	            dji_command.c:980  received unsupport request cmd that need ack, <0x51d4> cmdset: 0x22 cmdid: 0xAD
12-30 22:17:46.031	          linker	[Debug]	        dji_protocol_v3.c:266  <0x8c81>V3-Send: 03:003F:001E:0x0503 -> 00:003F:001E:0x0202 0x0027, tLen 931 dLen 910
12-30 22:17:46.031	      downloader	[Debug]	         dji_downloader.c:691  data downloader update info, seq:16 offset:14400 dataLen:900 totalLen:22491 process:64
12-30 22:17:46.037	          linker	[Debug]	        dji_protocol_v3.c:387  <0xd02a>V3-Recv: 00:0001:0000:0x0202 -> 03:0000:0001:0x0503 0x3C1C, tLen 28 dLen 7
12-30 22:17:46.037	          linker	[Debug]	        dji_protocol_v3.c:506  0:0x0202 convert to 0042(0x0202)
12-30 22:17:46.037	          linker	[Debug]	        dji_protocol_v3.c:506  3:0x0503 convert to 0065(0x0503)
12-30 22:17:46.038	          linker	[Debug]	            dji_command.c:1128  <0xd02a>Receive msg from linker, 0x0202(0x0042)->0x0503(0x0065) 0x3C1C len:7
12-30 22:17:46.038	       time_sync	[Info]	      dji_time_sync_app.c:112  Current time: 2025.12.30 22:17:46.
12-30 22:17:46.040	          linker	[Debug]	        dji_protocol_v3.c:266  <0x8c82>V3-Send: 03:003F:001E:0x0503 -> 00:003F:001E:0x0202 0x0027, tLen 931 dLen 910
12-30 22:17:46.040	      downloader	[Debug]	         dji_downloader.c:691  data downloader update info, seq:17 offset:15300 dataLen:900 totalLen:22491 process:68
12-30 22:17:46.046	          linker	[Debug]	        dji_protocol_v1.c:189  <0x8c83>V1-Send: 0x0503->0x1D02 0x00F0
12-30 22:17:46.048	          linker	[Debug]	        dji_protocol_v3.c:266  <0x8c84>V3-Send: 03:003F:001E:0x0503 -> 00:003F:001E:0x0202 0x0027, tLen 931 dLen 910
12-30 22:17:46.048	      downloader	[Debug]	         dji_downloader.c:691  data downloader update info, seq:18 offset:16200 dataLen:900 totalLen:22491 process:72
12-30 22:17:46.049	          linker	[Debug]	        dji_protocol_v3.c:387  <0x4c41>V3-Recv: 00:003F:001E:0x0300 -> 03:003F:001E:0x0503 0x3C57, tLen 37 dLen 16
12-30 22:17:46.049	          linker	[Debug]	        dji_protocol_v3.c:506  0:0x0300 convert to 0003(0x0300)
12-30 22:17:46.049	          linker	[Debug]	        dji_protocol_v3.c:506  3:0x0503 convert to 0065(0x0503)
12-30 22:17:46.050	          linker	[Debug]	            dji_command.c:1128  <0x4c41>Receive msg from linker, 0x0300(0x0003)->0x0503(0x0065) 0x3C57 len:16
12-30 22:17:46.050	          linker	[Debug]	            dji_command.c:980  received unsupport request cmd that noneed ack, <0x4c41> cmdset: 0x3C cmdid: 0x57
12-30 22:17:46.057	          linker	[Debug]	        dji_protocol_v3.c:266  <0x8c85>V3-Send: 03:003F:001E:0x0503 -> 00:003F:001E:0x0202 0x0027, tLen 35 dLen 14
12-30 22:17:46.057	          linker	[Debug]	        dji_protocol_v3.c:266  <0x8c86>V3-Send: 03:003F:001E:0x0503 -> 00:003F:001E:0x0202 0x0027, tLen 931 dLen 910
12-30 22:17:46.057	      downloader	[Debug]	         dji_downloader.c:691  data downloader update info, seq:19 offset:17100 dataLen:900 totalLen:22491 process:76
12-30 22:17:46.064	          linker	[Debug]	        dji_protocol_v3.c:387  <0xd02b>V3-Recv: 00:0001:0000:0x0202 -> 03:0000:0001:0x0503 0x3C25, tLen 23 dLen 2
12-30 22:17:46.064	          linker	[Debug]	        dji_protocol_v3.c:506  0:0x0202 convert to 0042(0x0202)
12-30 22:17:46.064	          linker	[Debug]	        dji_protocol_v3.c:506  3:0x0503 convert to 0065(0x0503)
12-30 22:17:46.065	          linker	[Debug]	            dji_command.c:1128  <0xd02b>Receive msg from linker, 0x0202(0x0042)->0x0503(0x0065) 0x3C25 len:2
12-30 22:17:46.065	          linker	[Debug]	            dji_command.c:980  received unsupport request cmd that need ack, <0xd02b> cmdset: 0x3C cmdid: 0x25
12-30 22:17:46.066	          linker	[Debug]	        dji_protocol_v3.c:266  <0x8c87>V3-Send: 03:003F:001E:0x0503 -> 00:003F:001E:0x0202 0x0027, tLen 931 dLen 910
12-30 22:17:46.066	      downloader	[Debug]	         dji_downloader.c:691  data downloader update info, seq:20 offset:18000 dataLen:900 totalLen:22491 process:80
12-30 22:17:46.075	          linker	[Debug]	        dji_protocol_v3.c:387  <0xcfa3>V3-Recv: 00:0001:0000:0x0202 -> 03:0000:0001:0x0503 0x3C20, tLen 22 dLen 1
12-30 22:17:46.075	          linker	[Debug]	        dji_protocol_v3.c:506  0:0x0202 convert to 0042(0x0202)
12-30 22:17:46.075	          linker	[Debug]	        dji_protocol_v3.c:506  3:0x0503 convert to 0065(0x0503)
12-30 22:17:46.075	          linker	[Debug]	        dji_protocol_v3.c:266  <0x8c88>V3-Send: 03:003F:001E:0x0503 -> 00:003F:001E:0x0202 0x0027, tLen 931 dLen 910
12-30 22:17:46.075	      downloader	[Debug]	         dji_downloader.c:691  data downloader update info, seq:21 offset:18900 dataLen:900 totalLen:22491 process:84
12-30 22:17:46.076	          linker	[Debug]	            dji_command.c:1128  <0xcfa3>Receive msg from linker, 0x0202(0x0042)->0x0503(0x0065) 0x3C20 len:1
12-30 22:17:46.076	          linker	[Debug]	            dji_command.c:980  received unsupport request cmd that need ack, <0xcfa3> cmdset: 0x3C cmdid: 0x20
12-30 22:17:46.084	          linker	[Debug]	        dji_protocol_v3.c:266  <0x8c89>V3-Send: 03:003F:001E:0x0503 -> 00:003F:001E:0x0202 0x0027, tLen 931 dLen 910
12-30 22:17:46.084	      downloader	[Debug]	         dji_downloader.c:691  data downloader update info, seq:22 offset:19800 dataLen:900 totalLen:22491 process:88
12-30 22:17:46.087	          linker	[Debug]	        dji_protocol_v3.c:387  <0xd03a>V3-Recv: 00:0001:0000:0x0202 -> 03:0000:0001:0x0503 0x0026, tLen 36 dLen 15
12-30 22:17:46.087	          linker	[Debug]	        dji_protocol_v3.c:506  0:0x0202 convert to 0042(0x0202)
12-30 22:17:46.087	          linker	[Debug]	        dji_protocol_v3.c:506  3:0x0503 convert to 0065(0x0503)
12-30 22:17:46.088	          linker	[Debug]	            dji_command.c:1128  <0xd03a>Receive msg from linker, 0x0202(0x0042)->0x0503(0x0065) 0x0026 len:15
12-30 22:17:46.088	      downloader	[Debug]	         dji_downloader.c:355  Request, host = 0x42, receiver = 0x65, session = 66, taskId = 0, funcId = 2
12-30 22:17:46.088	          linker	[Debug]	        dji_protocol_v3.c:266  <0xd03a>V3-Send: 03:003F:001E:0x0503 -> 00:003F:001E:0x0202 0x0026, tLen 22 dLen 1
12-30 22:17:46.090	          linker	[Debug]	        dji_protocol_v1.c:189  <0x8c8a>V1-Send: 0x0503->0x1007 0x198B
12-30 22:17:46.090	          linker	[Debug]	        dji_protocol_v3.c:266  <0x8c8b>V3-Send: 03:003F:001E:0x0503 -> 00:003F:001E:0x0200 0x3C10, tLen 85 dLen 64
12-30 22:17:46.090	          linker	[Debug]	        dji_protocol_v3.c:266  <0x8c8c>V3-Send: 03:003F:001E:0x0503 -> 00:003F:001E:0x0300 0x3C10, tLen 85 dLen 64
12-30 22:17:46.090	          linker	[Debug]	        dji_protocol_v3.c:266  <0x8c8d>V3-Send: 03:003F:001E:0x0503 -> 00:003F:001E:0x1104 0x3C10, tLen 85 dLen 64
12-30 22:17:46.090	          linker	[Debug]	        dji_protocol_v3.c:266  <0x8c8e>V3-Send: 03:003F:001E:0x0503 -> 00:003F:001E:0x0701 0x3C10, tLen 85 dLen 64
12-30 22:17:46.091	          linker	[Debug]	        dji_protocol_v3.c:266  <0x8c8f>V3-Send: 03:003F:001E:0x0503 -> 00:003F:001E:0x1100 0x3C10, tLen 85 dLen 64
12-30 22:17:46.092	          linker	[Debug]	        dji_protocol_v3.c:266  <0x8c90>V3-Send: 03:003F:001E:0x0503 -> 00:003F:001E:0x0202 0x0027, tLen 931 dLen 910
12-30 22:17:46.093	      downloader	[Debug]	         dji_downloader.c:691  data downloader update info, seq:23 offset:20700 dataLen:900 totalLen:22491 process:92
12-30 22:17:46.101	          linker	[Debug]	        dji_protocol_v3.c:266  <0x8c91>V3-Send: 03:003F:001E:0x0503 -> 00:003F:001E:0x0202 0x0027, tLen 922 dLen 901
12-30 22:17:46.101	      downloader	[Debug]	         dji_downloader.c:691  data downloader update info, seq:24 offset:21600 dataLen:891 totalLen:22491 process:96
12-30 22:17:46.102	      downloader	[Debug]	         dji_downloader.c:703  Downloader already send last package
12-30 22:17:46.107	          linker	[Debug]	        dji_protocol_v3.c:387  <0x51d8>V3-Recv: 00:003F:001E:0x1204 -> 03:003F:001E:0x0503 0x4900, tLen 23 dLen 2
12-30 22:17:46.107	          linker	[Debug]	        dji_protocol_v3.c:506  0:0x1204 convert to 0092(0x1204)
12-30 22:17:46.107	          linker	[Debug]	        dji_protocol_v3.c:506  3:0x0503 convert to 0065(0x0503)
12-30 22:17:46.107	          linker	[Debug]	            dji_command.c:1128  <0x51d8>Receive msg from linker, 0x1204(0x0092)->0x0503(0x0065) 0x4900 len:2
12-30 22:17:46.107	          linker	[Debug]	        dji_protocol_v3.c:266  <0x51d8>V3-Send: 03:003F:001E:0x0503 -> 00:003F:001E:0x1204 0x4900, tLen 23 dLen 2
12-30 22:17:46.109	          linker	[Debug]	        dji_protocol_v3.c:266  <0x8c92>V3-Send: 03:003F:001E:0x0503 -> 00:003F:001E:0x0200 0x3C1F, tLen 58 dLen 37
12-30 22:17:46.127	          linker	[Debug]	        dji_protocol_v3.c:387  <0x51da>V3-Recv: 00:003F:001E:0x1204 -> 03:003F:001E:0x0503 0x22AD, tLen 68 dLen 47
12-30 22:17:46.127	          linker	[Debug]	        dji_protocol_v3.c:506  0:0x1204 convert to 0092(0x1204)
12-30 22:17:46.127	          linker	[Debug]	        dji_protocol_v3.c:506  3:0x0503 convert to 0065(0x0503)
12-30 22:17:46.128	          linker	[Debug]	            dji_command.c:1128  <0x51da>Receive msg from linker, 0x1204(0x0092)->0x0503(0x0065) 0x22AD len:47
12-30 22:17:46.128	          linker	[Debug]	            dji_command.c:980  received unsupport request cmd that need ack, <0x51da> cmdset: 0x22 cmdid: 0xAD
12-30 22:17:46.144	          linker	[Debug]	        dji_protocol_v3.c:387  <0xd043>V3-Recv: 00:0001:0000:0x0202 -> 03:0000:0001:0x0503 0x0026, tLen 35 dLen 14
12-30 22:17:46.144	          linker	[Debug]	        dji_protocol_v3.c:506  0:0x0202 convert to 0042(0x0202)
12-30 22:17:46.144	          linker	[Debug]	        dji_protocol_v3.c:506  3:0x0503 convert to 0065(0x0503)
12-30 22:17:46.145	          linker	[Debug]	            dji_command.c:1128  <0xd043>Receive msg from linker, 0x0202(0x0042)->0x0503(0x0065) 0x0026 len:14
12-30 22:17:46.145	      downloader	[Debug]	         dji_downloader.c:355  Request, host = 0x42, receiver = 0x65, session = 66, taskId = 1, funcId = 4
12-30 22:17:46.145	          linker	[Debug]	        dji_protocol_v3.c:266  <0xd043>V3-Send: 03:003F:001E:0x0503 -> 00:003F:001E:0x0202 0x0026, tLen 22 dLen 1
12-30 22:17:46.145	      downloader	[Debug]	         dji_downloader.c:550  Downloader data end send
12-30 22:17:46.148	          linker	[Debug]	        dji_protocol_v1.c:309  <0x2030>V1-Recv: 0x0A06->0x0503 0x0866
12-30 22:17:46.148	          linker	[Debug]	            dji_command.c:1128  <0x2030>Receive msg from linker, 0x0A06(0x00CA)->0x0503(0x0065) 0x0866 len:102
12-30 22:17:46.148	          linker	[Debug]	            dji_command.c:980  received unsupport request cmd that noneed ack, <0x2030> cmdset: 0x08 cmdid: 0x66
12-30 22:17:46.160	          linker	[Debug]	        dji_protocol_v3.c:266  <0x8c93>V3-Send: 03:003F:001E:0x0503 -> 00:003F:001E:0x0200 0x3C1B, tLen 77 dLen 56
12-30 22:17:46.167	          linker	[Debug]	        dji_protocol_v3.c:266  <0x8c94>V3-Send: 03:003F:001E:0x0503 -> 00:003F:001E:0x0801 0x0000, tLen 21 dLen 0
12-30 22:17:46.167	           infor	[Debug]	dji_aircraft_connection.c:170  check connect status:1
12-30 22:17:46.167	          linker	[Debug]	        dji_protocol_v3.c:387  <0x8c94>V3-Recv: 00:003F:001E:0x0801 -> 03:003F:001E:0x0503 0x0000, tLen 22 dLen 1
12-30 22:17:46.167	          linker	[Debug]	        dji_protocol_v3.c:506  0:0x0801 convert to 0028(0x0801)
12-30 22:17:46.167	          linker	[Debug]	        dji_protocol_v3.c:506  3:0x0503 convert to 0065(0x0503)
12-30 22:17:46.168	          linker	[Debug]	            dji_command.c:1128  <0x8c94>Receive msg from linker, 0x0801(0x0028)->0x0503(0x0065) 0x0000 len:1
12-30 22:17:46.168	           infor	[Debug]	dji_aircraft_connection.c:303  connect status async sucess
12-30 22:17:46.168	          linker	[Debug]	            dji_command.c:890  callback function (cmdset: 0x00 cmdid: 0x00) deal time: 0 ms
12-30 22:17:46.207	          linker	[Debug]	        dji_protocol_v3.c:387  <0x51de>V3-Recv: 00:003F:001E:0x1204 -> 03:003F:001E:0x0503 0x4900, tLen 23 dLen 2
12-30 22:17:46.207	          linker	[Debug]	        dji_protocol_v3.c:506  0:0x1204 convert to 0092(0x1204)
12-30 22:17:46.207	          linker	[Debug]	        dji_protocol_v3.c:506  3:0x0503 convert to 0065(0x0503)
12-30 22:17:46.208	          linker	[Debug]	            dji_command.c:1128  <0x51de>Receive msg from linker, 0x1204(0x0092)->0x0503(0x0065) 0x4900 len:2
12-30 22:17:46.208	          linker	[Debug]	        dji_protocol_v3.c:266  <0x51de>V3-Send: 03:003F:001E:0x0503 -> 00:003F:001E:0x1204 0x4900, tLen 23 dLen 2
12-30 22:17:46.227	          linker	[Debug]	        dji_protocol_v3.c:387  <0x51e0>V3-Recv: 00:003F:001E:0x1204 -> 03:003F:001E:0x0503 0x22AD, tLen 68 dLen 47
12-30 22:17:46.227	          linker	[Debug]	        dji_protocol_v3.c:506  0:0x1204 convert to 0092(0x1204)
12-30 22:17:46.227	          linker	[Debug]	        dji_protocol_v3.c:506  3:0x0503 convert to 0065(0x0503)
12-30 22:17:46.227	          linker	[Debug]	            dji_command.c:1128  <0x51e0>Receive msg from linker, 0x1204(0x0092)->0x0503(0x0065) 0x22AD len:47
12-30 22:17:46.227	          linker	[Debug]	            dji_command.c:980  received unsupport request cmd that need ack, <0x51e0> cmdset: 0x22 cmdid: 0xAD
12-30 22:17:46.237	          linker	[Debug]	        dji_protocol_v3.c:387  <0xd04b>V3-Recv: 00:0001:0000:0x0202 -> 03:0000:0001:0x0503 0x3C50, tLen 21 dLen 0
12-30 22:17:46.238	          linker	[Debug]	        dji_protocol_v3.c:506  0:0x0202 convert to 0042(0x0202)
12-30 22:17:46.238	          linker	[Debug]	        dji_protocol_v3.c:506  3:0x0503 convert to 0065(0x0503)
12-30 22:17:46.238	          linker	[Debug]	            dji_command.c:1128  <0xd04b>Receive msg from linker, 0x0202(0x0042)->0x0503(0x0065) 0x3C50 len:0
12-30 22:17:46.238	            core	[Debug]	dji_application_ready_state.c:310  Get payload capability set handle, ver: 1, support: 1 0 0 0
12-30 22:17:46.238	          linker	[Debug]	        dji_protocol_v3.c:266  <0xd04b>V3-Send: 03:003F:001E:0x0503 -> 00:003F:001E:0x0202 0x3C50, tLen 27 dLen 6
12-30 22:17:46.255	          linker	[Debug]	        dji_protocol_v3.c:387  <0x4da2>V3-Recv: 00:003F:001E:0x0300 -> 03:003F:001E:0x0503 0x3C57, tLen 37 dLen 16
12-30 22:17:46.255	          linker	[Debug]	        dji_protocol_v3.c:506  0:0x0300 convert to 0003(0x0300)
12-30 22:17:46.255	          linker	[Debug]	        dji_protocol_v3.c:506  3:0x0503 convert to 0065(0x0503)
12-30 22:17:46.255	          linker	[Debug]	            dji_command.c:1128  <0x4da2>Receive msg from linker, 0x0300(0x0003)->0x0503(0x0065) 0x3C57 len:16
12-30 22:17:46.256	          linker	[Debug]	            dji_command.c:980  received unsupport request cmd that noneed ack, <0x4da2> cmdset: 0x3C cmdid: 0x57
12-30 22:17:46.307	          linker	[Debug]	        dji_protocol_v3.c:387  <0x51e4>V3-Recv: 00:003F:001E:0x1204 -> 03:003F:001E:0x0503 0x4900, tLen 23 dLen 2
12-30 22:17:46.307	          linker	[Debug]	        dji_protocol_v3.c:506  0:0x1204 convert to 0092(0x1204)
12-30 22:17:46.307	          linker	[Debug]	        dji_protocol_v3.c:506  3:0x0503 convert to 0065(0x0503)
12-30 22:17:46.307	          linker	[Debug]	            dji_command.c:1128  <0x51e4>Receive msg from linker, 0x1204(0x0092)->0x0503(0x0065) 0x4900 len:2
12-30 22:17:46.307	          linker	[Debug]	        dji_protocol_v3.c:266  <0x51e4>V3-Send: 03:003F:001E:0x0503 -> 00:003F:001E:0x1204 0x4900, tLen 23 dLen 2
12-30 22:17:46.307	          linker	[Debug]	        dji_protocol_v1.c:189  <0x8c95>V1-Send: 0x0503->0x1007 0x198B
12-30 22:17:46.307	          linker	[Debug]	        dji_protocol_v3.c:266  <0x8c96>V3-Send: 03:003F:001E:0x0503 -> 00:003F:001E:0x0200 0x3C10, tLen 85 dLen 64
12-30 22:17:46.307	          linker	[Debug]	        dji_protocol_v3.c:266  <0x8c97>V3-Send: 03:003F:001E:0x0503 -> 00:003F:001E:0x0300 0x3C10, tLen 85 dLen 64
12-30 22:17:46.308	          linker	[Debug]	        dji_protocol_v3.c:266  <0x8c98>V3-Send: 03:003F:001E:0x0503 -> 00:003F:001E:0x1104 0x3C10, tLen 85 dLen 64
12-30 22:17:46.308	          linker	[Debug]	        dji_protocol_v3.c:266  <0x8c99>V3-Send: 03:003F:001E:0x0503 -> 00:003F:001E:0x0701 0x3C10, tLen 85 dLen 64
12-30 22:17:46.308	          linker	[Debug]	        dji_protocol_v3.c:266  <0x8c9a>V3-Send: 03:003F:001E:0x0503 -> 00:003F:001E:0x1100 0x3C10, tLen 85 dLen 64
12-30 22:17:46.309	          linker	[Debug]	        dji_protocol_v3.c:266  <0x8c9b>V3-Send: 03:003F:001E:0x0503 -> 00:003F:001E:0x0200 0x3C1F, tLen 58 dLen 37
12-30 22:17:46.322	          linker	[Debug]	        dji_protocol_v3.c:387  <0xd051>V3-Recv: 00:0001:0000:0x0202 -> 03:0000:0001:0x0503 0x0026, tLen 58 dLen 37
12-30 22:17:46.322	          linker	[Debug]	        dji_protocol_v3.c:506  0:0x0202 convert to 0042(0x0202)
12-30 22:17:46.322	          linker	[Debug]	        dji_protocol_v3.c:506  3:0x0503 convert to 0065(0x0503)
12-30 22:17:46.322	          linker	[Debug]	            dji_command.c:1128  <0xd051>Receive msg from linker, 0x0202(0x0042)->0x0503(0x0065) 0x0026 len:37
12-30 22:17:46.322	      downloader	[Debug]	         dji_downloader.c:355  Request, host = 0x42, receiver = 0x65, session = 67, taskId = 0, funcId = 0
12-30 22:17:46.322	          linker	[Debug]	        dji_protocol_v3.c:266  <0xd051>V3-Send: 03:003F:001E:0x0503 -> 00:003F:001E:0x0202 0x0026, tLen 22 dLen 1
12-30 22:17:46.322	      downloader	[Debug]	         dji_downloader.c:476  Downloader data start send, session id = 67 task:0 type:20
12-30 22:17:46.323	      downloader	[Debug]	 dji_download_data_list.c:190  Download data list data length = 66
12-30 22:17:46.331	          linker	[Debug]	        dji_protocol_v3.c:266  <0x8c9c>V3-Send: 03:003F:001E:0x0503 -> 00:003F:001E:0x0202 0x0027, tLen 97 dLen 76
12-30 22:17:46.331	      downloader	[Debug]	         dji_downloader.c:691  data downloader update info, seq:0 offset:0 dataLen:66 totalLen:66 process:0
12-30 22:17:46.331	      downloader	[Debug]	         dji_downloader.c:703  Downloader already send last package
12-30 22:17:46.341	          linker	[Debug]	        dji_protocol_v3.c:387  <0x51e6>V3-Recv: 00:003F:001E:0x1204 -> 03:003F:001E:0x0503 0x22AD, tLen 68 dLen 47
12-30 22:17:46.342	          linker	[Debug]	        dji_protocol_v3.c:506  0:0x1204 convert to 0092(0x1204)
12-30 22:17:46.342	          linker	[Debug]	        dji_protocol_v3.c:506  3:0x0503 convert to 0065(0x0503)
12-30 22:17:46.342	          linker	[Debug]	            dji_command.c:1128  <0x51e6>Receive msg from linker, 0x1204(0x0092)->0x0503(0x0065) 0x22AD len:47
12-30 22:17:46.342	          linker	[Debug]	            dji_command.c:980  received unsupport request cmd that need ack, <0x51e6> cmdset: 0x22 cmdid: 0xAD
12-30 22:17:46.367	          linker	[Debug]	        dji_protocol_v3.c:387  <0xd054>V3-Recv: 00:0001:0000:0x0202 -> 03:0000:0001:0x0503 0x0026, tLen 35 dLen 14
12-30 22:17:46.367	          linker	[Debug]	        dji_protocol_v3.c:506  0:0x0202 convert to 0042(0x0202)
12-30 22:17:46.367	          linker	[Debug]	        dji_protocol_v3.c:506  3:0x0503 convert to 0065(0x0503)
12-30 22:17:46.367	          linker	[Debug]	            dji_command.c:1128  <0xd054>Receive msg from linker, 0x0202(0x0042)->0x0503(0x0065) 0x0026 len:14
12-30 22:17:46.367	      downloader	[Debug]	         dji_downloader.c:355  Request, host = 0x42, receiver = 0x65, session = 67, taskId = 0, funcId = 4
12-30 22:17:46.367	          linker	[Debug]	        dji_protocol_v3.c:266  <0xd054>V3-Send: 03:003F:001E:0x0503 -> 00:003F:001E:0x0202 0x0026, tLen 22 dLen 1
12-30 22:17:46.368	      downloader	[Debug]	         dji_downloader.c:550  Downloader data end send
12-30 22:17:46.377	          linker	[Debug]	        dji_protocol_v3.c:266  <0x8c9d>V3-Send: 03:003F:001E:0x0503 -> 00:003F:001E:0x0200 0x3C1B, tLen 77 dLen 56
12-30 22:17:46.379	          linker	[Debug]	        dji_protocol_v3.c:387  <0xd056>V3-Recv: 00:0001:0000:0x0202 -> 03:0000:0001:0x0503 0x0026, tLen 69 dLen 48
12-30 22:17:46.379	          linker	[Debug]	        dji_protocol_v3.c:506  0:0x0202 convert to 0042(0x0202)
12-30 22:17:46.379	          linker	[Debug]	        dji_protocol_v3.c:506  3:0x0503 convert to 0065(0x0503)
12-30 22:17:46.379	          linker	[Debug]	            dji_command.c:1128  <0xd056>Receive msg from linker, 0x0202(0x0042)->0x0503(0x0065) 0x0026 len:48
12-30 22:17:46.380	      downloader	[Debug]	         dji_downloader.c:355  Request, host = 0x42, receiver = 0x65, session = 68, taskId = 1, funcId = 0
12-30 22:17:46.380	          linker	[Debug]	        dji_protocol_v3.c:266  <0xd056>V3-Send: 03:003F:001E:0x0503 -> 00:003F:001E:0x0202 0x0026, tLen 22 dLen 1
12-30 22:17:46.380	      downloader	[Debug]	         dji_downloader.c:476  Downloader data start send, session id = 68 task:1 type:20
12-30 22:17:46.380	      downloader	[Debug]	 dji_download_data_file.c:92   Download file object info, index = 0  drive = 0 type = 20 offset = 0 size = -1
12-30 22:17:46.386	          linker	[Debug]	        dji_protocol_v3.c:266  <0x8c9e>V3-Send: 03:003F:001E:0x0503 -> 00:003F:001E:0x0202 0x0027, tLen 931 dLen 910
12-30 22:17:46.386	      downloader	[Debug]	         dji_downloader.c:691  data downloader update info, seq:0 offset:0 dataLen:900 totalLen:2880 process:0
12-30 22:17:46.394	          linker	[Debug]	        dji_protocol_v3.c:266  <0x8c9f>V3-Send: 03:003F:001E:0x0503 -> 00:003F:001E:0x0202 0x0027, tLen 931 dLen 910
12-30 22:17:46.395	      downloader	[Debug]	         dji_downloader.c:691  data downloader update info, seq:1 offset:900 dataLen:900 totalLen:2880 process:31
12-30 22:17:46.403	          linker	[Debug]	        dji_protocol_v3.c:266  <0x8ca0>V3-Send: 03:003F:001E:0x0503 -> 00:003F:001E:0x0202 0x0027, tLen 931 dLen 910
12-30 22:17:46.403	      downloader	[Debug]	         dji_downloader.c:691  data downloader update info, seq:2 offset:1800 dataLen:900 totalLen:2880 process:62
12-30 22:17:46.407	          linker	[Debug]	        dji_protocol_v3.c:387  <0x522c>V3-Recv: 00:003F:001E:0x1204 -> 03:003F:001E:0x0503 0x4900, tLen 23 dLen 2
12-30 22:17:46.407	          linker	[Debug]	        dji_protocol_v3.c:506  0:0x1204 convert to 0092(0x1204)
12-30 22:17:46.407	          linker	[Debug]	        dji_protocol_v3.c:506  3:0x0503 convert to 0065(0x0503)
12-30 22:17:46.408	          linker	[Debug]	            dji_command.c:1128  <0x522c>Receive msg from linker, 0x1204(0x0092)->0x0503(0x0065) 0x4900 len:2
12-30 22:17:46.408	          linker	[Debug]	        dji_protocol_v3.c:266  <0x522c>V3-Send: 03:003F:001E:0x0503 -> 00:003F:001E:0x1204 0x4900, tLen 23 dLen 2
12-30 22:17:46.412	          linker	[Debug]	        dji_protocol_v3.c:266  <0x8ca1>V3-Send: 03:003F:001E:0x0503 -> 00:003F:001E:0x0202 0x0027, tLen 211 dLen 190
12-30 22:17:46.412	      downloader	[Debug]	         dji_downloader.c:691  data downloader update info, seq:3 offset:2700 dataLen:180 totalLen:2880 process:93
12-30 22:17:46.412	      downloader	[Debug]	         dji_downloader.c:703  Downloader already send last package
12-30 22:17:46.427	          linker	[Debug]	        dji_protocol_v3.c:387  <0x5230>V3-Recv: 00:003F:001E:0x1204 -> 03:003F:001E:0x0503 0x22AD, tLen 68 dLen 47
12-30 22:17:46.427	          linker	[Debug]	        dji_protocol_v3.c:506  0:0x1204 convert to 0092(0x1204)
12-30 22:17:46.427	          linker	[Debug]	        dji_protocol_v3.c:506  3:0x0503 convert to 0065(0x0503)
12-30 22:17:46.427	          linker	[Debug]	            dji_command.c:1128  <0x5230>Receive msg from linker, 0x1204(0x0092)->0x0503(0x0065) 0x22AD len:47
12-30 22:17:46.427	          linker	[Debug]	            dji_command.c:980  received unsupport request cmd that need ack, <0x5230> cmdset: 0x22 cmdid: 0xAD
12-30 22:17:46.440	          linker	[Debug]	        dji_protocol_v3.c:387  <0x4eff>V3-Recv: 00:003F:001E:0x0300 -> 03:003F:001E:0x0503 0x3C57, tLen 37 dLen 16
12-30 22:17:46.440	          linker	[Debug]	        dji_protocol_v3.c:506  0:0x0300 convert to 0003(0x0300)
12-30 22:17:46.440	          linker	[Debug]	        dji_protocol_v3.c:506  3:0x0503 convert to 0065(0x0503)
12-30 22:17:46.440	          linker	[Debug]	            dji_command.c:1128  <0x4eff>Receive msg from linker, 0x0300(0x0003)->0x0503(0x0065) 0x3C57 len:16
12-30 22:17:46.440	          linker	[Debug]	            dji_command.c:980  received unsupport request cmd that noneed ack, <0x4eff> cmdset: 0x3C cmdid: 0x57
12-30 22:17:46.450	          linker	[Debug]	        dji_protocol_v3.c:387  <0xd062>V3-Recv: 00:0001:0000:0x0202 -> 03:0000:0001:0x0503 0x0026, tLen 35 dLen 14
12-30 22:17:46.450	          linker	[Debug]	        dji_protocol_v3.c:506  0:0x0202 convert to 0042(0x0202)
12-30 22:17:46.450	          linker	[Debug]	        dji_protocol_v3.c:506  3:0x0503 convert to 0065(0x0503)
12-30 22:17:46.451	          linker	[Debug]	            dji_command.c:1128  <0xd062>Receive msg from linker, 0x0202(0x0042)->0x0503(0x0065) 0x0026 len:14
12-30 22:17:46.451	      downloader	[Debug]	         dji_downloader.c:355  Request, host = 0x42, receiver = 0x65, session = 68, taskId = 1, funcId = 4
12-30 22:17:46.451	          linker	[Debug]	        dji_protocol_v3.c:266  <0xd062>V3-Send: 03:003F:001E:0x0503 -> 00:003F:001E:0x0202 0x0026, tLen 22 dLen 1
12-30 22:17:46.452	      downloader	[Debug]	         dji_downloader.c:550  Downloader data end send
12-30 22:17:46.507	          linker	[Debug]	        dji_protocol_v3.c:387  <0x523c>V3-Recv: 00:003F:001E:0x1204 -> 03:003F:001E:0x0503 0x4900, tLen 23 dLen 2
12-30 22:17:46.507	          linker	[Debug]	        dji_protocol_v3.c:506  0:0x1204 convert to 0092(0x1204)
12-30 22:17:46.507	          linker	[Debug]	        dji_protocol_v3.c:506  3:0x0503 convert to 0065(0x0503)
12-30 22:17:46.508	          linker	[Debug]	            dji_command.c:1128  <0x523c>Receive msg from linker, 0x1204(0x0092)->0x0503(0x0065) 0x4900 len:2
12-30 22:17:46.508	          linker	[Debug]	        dji_protocol_v3.c:266  <0x523c>V3-Send: 03:003F:001E:0x0503 -> 00:003F:001E:0x1204 0x4900, tLen 23 dLen 2
12-30 22:17:46.509	          linker	[Debug]	        dji_protocol_v3.c:266  <0x8ca2>V3-Send: 03:003F:001E:0x0503 -> 00:003F:001E:0x0200 0x3C1F, tLen 58 dLen 37
12-30 22:17:46.524	          linker	[Debug]	        dji_protocol_v1.c:189  <0x8ca3>V1-Send: 0x0503->0x1007 0x198B
12-30 22:17:46.524	          linker	[Debug]	        dji_protocol_v3.c:266  <0x8ca4>V3-Send: 03:003F:001E:0x0503 -> 00:003F:001E:0x0200 0x3C10, tLen 85 dLen 64
12-30 22:17:46.524	          linker	[Debug]	        dji_protocol_v3.c:266  <0x8ca5>V3-Send: 03:003F:001E:0x0503 -> 00:003F:001E:0x0300 0x3C10, tLen 85 dLen 64
12-30 22:17:46.524	          linker	[Debug]	        dji_protocol_v3.c:266  <0x8ca6>V3-Send: 03:003F:001E:0x0503 -> 00:003F:001E:0x1104 0x3C10, tLen 85 dLen 64
12-30 22:17:46.524	          linker	[Debug]	        dji_protocol_v3.c:266  <0x8ca7>V3-Send: 03:003F:001E:0x0503 -> 00:003F:001E:0x0701 0x3C10, tLen 85 dLen 64
12-30 22:17:46.525	          linker	[Debug]	        dji_protocol_v3.c:266  <0x8ca8>V3-Send: 03:003F:001E:0x0503 -> 00:003F:001E:0x1100 0x3C10, tLen 85 dLen 64
12-30 22:17:46.527	          linker	[Debug]	        dji_protocol_v3.c:387  <0x5240>V3-Recv: 00:003F:001E:0x1204 -> 03:003F:001E:0x0503 0x22AD, tLen 68 dLen 47
12-30 22:17:46.527	          linker	[Debug]	        dji_protocol_v3.c:506  0:0x1204 convert to 0092(0x1204)
12-30 22:17:46.527	          linker	[Debug]	        dji_protocol_v3.c:506  3:0x0503 convert to 0065(0x0503)
12-30 22:17:46.527	          linker	[Debug]	            dji_command.c:1128  <0x5240>Receive msg from linker, 0x1204(0x0092)->0x0503(0x0065) 0x22AD len:47
12-30 22:17:46.527	          linker	[Debug]	            dji_command.c:980  received unsupport request cmd that need ack, <0x5240> cmdset: 0x22 cmdid: 0xAD
12-30 22:17:46.594	          linker	[Debug]	        dji_protocol_v3.c:266  <0x8ca9>V3-Send: 03:003F:001E:0x0503 -> 00:003F:001E:0x0200 0x3C1B, tLen 77 dLen 56
12-30 22:17:46.607	          linker	[Debug]	        dji_protocol_v3.c:387  <0x524c>V3-Recv: 00:003F:001E:0x1204 -> 03:003F:001E:0x0503 0x4900, tLen 23 dLen 2
12-30 22:17:46.607	          linker	[Debug]	        dji_protocol_v3.c:506  0:0x1204 convert to 0092(0x1204)
12-30 22:17:46.607	          linker	[Debug]	        dji_protocol_v3.c:506  3:0x0503 convert to 0065(0x0503)
12-30 22:17:46.608	          linker	[Debug]	            dji_command.c:1128  <0x524c>Receive msg from linker, 0x1204(0x0092)->0x0503(0x0065) 0x4900 len:2
12-30 22:17:46.608	          linker	[Debug]	        dji_protocol_v3.c:266  <0x524c>V3-Send: 03:003F:001E:0x0503 -> 00:003F:001E:0x1204 0x4900, tLen 23 dLen 2
12-30 22:17:46.627	          linker	[Debug]	        dji_protocol_v3.c:387  <0x5250>V3-Recv: 00:003F:001E:0x1204 -> 03:003F:001E:0x0503 0x22AD, tLen 68 dLen 47
12-30 22:17:46.627	          linker	[Debug]	        dji_protocol_v3.c:506  0:0x1204 convert to 0092(0x1204)
12-30 22:17:46.627	          linker	[Debug]	        dji_protocol_v3.c:506  3:0x0503 convert to 0065(0x0503)
12-30 22:17:46.627	          linker	[Debug]	            dji_command.c:1128  <0x5250>Receive msg from linker, 0x1204(0x0092)->0x0503(0x0065) 0x22AD len:47
12-30 22:17:46.627	          linker	[Debug]	            dji_command.c:980  received unsupport request cmd that need ack, <0x5250> cmdset: 0x22 cmdid: 0xAD
12-30 22:17:46.640	          linker	[Debug]	        dji_protocol_v3.c:387  <0x5068>V3-Recv: 00:003F:001E:0x0300 -> 03:003F:001E:0x0503 0x3C57, tLen 37 dLen 16
12-30 22:17:46.640	          linker	[Debug]	        dji_protocol_v3.c:506  0:0x0300 convert to 0003(0x0300)
12-30 22:17:46.640	          linker	[Debug]	        dji_protocol_v3.c:506  3:0x0503 convert to 0065(0x0503)
12-30 22:17:46.640	          linker	[Debug]	            dji_command.c:1128  <0x5068>Receive msg from linker, 0x0300(0x0003)->0x0503(0x0065) 0x3C57 len:16
12-30 22:17:46.640	          linker	[Debug]	            dji_command.c:980  received unsupport request cmd that noneed ack, <0x5068> cmdset: 0x3C cmdid: 0x57
12-30 22:17:46.648	          linker	[Debug]	        dji_protocol_v1.c:309  <0x2030>V1-Recv: 0x0A06->0x0503 0x0866
12-30 22:17:46.649	          linker	[Debug]	            dji_command.c:1128  <0x2030>Receive msg from linker, 0x0A06(0x00CA)->0x0503(0x0065) 0x0866 len:102
12-30 22:17:46.649	          linker	[Debug]	            dji_command.c:980  received unsupport request cmd that noneed ack, <0x2030> cmdset: 0x08 cmdid: 0x66
12-30 22:17:46.706	           utils	[Debug]	          dji_root_task.c:131  work execution time:
12-30 22:17:46.706	           utils	[Debug]	          dji_root_task.c:132  name	                execution time (ms)	  max execution time (ms)
12-30 22:17:46.706	           utils	[Debug]	          dji_root_task.c:134  recorderWork                    	1       	1       
12-30 22:17:46.706	           utils	[Debug]	          dji_root_task.c:134  flowControllerTask              	1       	1       
12-30 22:17:46.706	           utils	[Debug]	          dji_root_task.c:134  commandTask                     	1       	1       
12-30 22:17:46.706	           utils	[Debug]	          dji_root_task.c:134  aircraftWorkNode                	0       	1       
12-30 22:17:46.706	           utils	[Debug]	          dji_root_task.c:134  dataBuriedPointTask             	0       	1       
12-30 22:17:46.706	           utils	[Debug]	          dji_root_task.c:134  StatePushWork                   	1       	1       
12-30 22:17:46.706	           utils	[Debug]	          dji_root_task.c:134  WidgetWork                      	1       	1       
12-30 22:17:46.706	           utils	[Debug]	          dji_root_task.c:134  hmsTask                         	1       	1       
12-30 22:17:46.707	          linker	[Debug]	        dji_protocol_v3.c:387  <0x525c>V3-Recv: 00:003F:001E:0x1204 -> 03:003F:001E:0x0503 0x4900, tLen 23 dLen 2
12-30 22:17:46.707	          linker	[Debug]	        dji_protocol_v3.c:506  0:0x1204 convert to 0092(0x1204)
12-30 22:17:46.707	          linker	[Debug]	        dji_protocol_v3.c:506  3:0x0503 convert to 0065(0x0503)
12-30 22:17:46.707	          linker	[Debug]	            dji_command.c:1128  <0x525c>Receive msg from linker, 0x1204(0x0092)->0x0503(0x0065) 0x4900 len:2
12-30 22:17:46.707	          linker	[Debug]	        dji_protocol_v3.c:266  <0x525c>V3-Send: 03:003F:001E:0x0503 -> 00:003F:001E:0x1204 0x4900, tLen 23 dLen 2
12-30 22:17:46.709	          linker	[Debug]	        dji_protocol_v3.c:266  <0x8caa>V3-Send: 03:003F:001E:0x0503 -> 00:003F:001E:0x0200 0x3C1F, tLen 58 dLen 37
12-30 22:17:46.726	          linker	[Debug]	        dji_protocol_v3.c:387  <0x5260>V3-Recv: 00:003F:001E:0x1204 -> 03:003F:001E:0x0503 0x22AD, tLen 68 dLen 47
12-30 22:17:46.727	          linker	[Debug]	        dji_protocol_v3.c:506  0:0x1204 convert to 0092(0x1204)
12-30 22:17:46.727	          linker	[Debug]	        dji_protocol_v3.c:506  3:0x0503 convert to 0065(0x0503)
12-30 22:17:46.728	          linker	[Debug]	            dji_command.c:1128  <0x5260>Receive msg from linker, 0x1204(0x0092)->0x0503(0x0065) 0x22AD len:47
12-30 22:17:46.728	          linker	[Debug]	            dji_command.c:980  received unsupport request cmd that need ack, <0x5260> cmdset: 0x22 cmdid: 0xAD
12-30 22:17:46.741	          linker	[Debug]	        dji_protocol_v1.c:189  <0x8cab>V1-Send: 0x0503->0x1007 0x198B
12-30 22:17:46.741	          linker	[Debug]	        dji_protocol_v3.c:266  <0x8cac>V3-Send: 03:003F:001E:0x0503 -> 00:003F:001E:0x0200 0x3C10, tLen 85 dLen 64
12-30 22:17:46.741	          linker	[Debug]	        dji_protocol_v3.c:266  <0x8cad>V3-Send: 03:003F:001E:0x0503 -> 00:003F:001E:0x0300 0x3C10, tLen 85 dLen 64
12-30 22:17:46.741	          linker	[Debug]	        dji_protocol_v3.c:266  <0x8cae>V3-Send: 03:003F:001E:0x0503 -> 00:003F:001E:0x1104 0x3C10, tLen 85 dLen 64
12-30 22:17:46.741	          linker	[Debug]	        dji_protocol_v3.c:266  <0x8caf>V3-Send: 03:003F:001E:0x0503 -> 00:003F:001E:0x0701 0x3C10, tLen 85 dLen 64
12-30 22:17:46.741	          linker	[Debug]	        dji_protocol_v3.c:266  <0x8cb0>V3-Send: 03:003F:001E:0x0503 -> 00:003F:001E:0x1100 0x3C10, tLen 85 dLen 64
12-30 22:17:46.807	          linker	[Debug]	        dji_protocol_v3.c:387  <0x526c>V3-Recv: 00:003F:001E:0x1204 -> 03:003F:001E:0x0503 0x4900, tLen 23 dLen 2
12-30 22:17:46.807	          linker	[Debug]	        dji_protocol_v3.c:506  0:0x1204 convert to 0092(0x1204)
12-30 22:17:46.807	          linker	[Debug]	        dji_protocol_v3.c:506  3:0x0503 convert to 0065(0x0503)
12-30 22:17:46.808	          linker	[Debug]	            dji_command.c:1128  <0x526c>Receive msg from linker, 0x1204(0x0092)->0x0503(0x0065) 0x4900 len:2
12-30 22:17:46.808	          linker	[Debug]	        dji_protocol_v3.c:266  <0x526c>V3-Send: 03:003F:001E:0x0503 -> 00:003F:001E:0x1204 0x4900, tLen 23 dLen 2
12-30 22:17:46.810	          linker	[Debug]	        dji_protocol_v3.c:266  <0x8cb1>V3-Send: 03:003F:001E:0x0503 -> 00:003F:001E:0x0200 0x3C1B, tLen 77 dLen 56
12-30 22:17:46.827	          linker	[Debug]	        dji_protocol_v3.c:387  <0x5270>V3-Recv: 00:003F:001E:0x1204 -> 03:003F:001E:0x0503 0x22AD, tLen 68 dLen 47
12-30 22:17:46.827	          linker	[Debug]	        dji_protocol_v3.c:506  0:0x1204 convert to 0092(0x1204)
12-30 22:17:46.827	          linker	[Debug]	        dji_protocol_v3.c:506  3:0x0503 convert to 0065(0x0503)
12-30 22:17:46.827	          linker	[Debug]	            dji_command.c:1128  <0x5270>Receive msg from linker, 0x1204(0x0092)->0x0503(0x0065) 0x22AD len:47
12-30 22:17:46.827	          linker	[Debug]	            dji_command.c:980  received unsupport request cmd that need ack, <0x5270> cmdset: 0x22 cmdid: 0xAD
12-30 22:17:46.840	          linker	[Debug]	        dji_protocol_v3.c:387  <0x51e7>V3-Recv: 00:003F:001E:0x0300 -> 03:003F:001E:0x0503 0x3C57, tLen 37 dLen 16
12-30 22:17:46.840	          linker	[Debug]	        dji_protocol_v3.c:506  0:0x0300 convert to 0003(0x0300)
12-30 22:17:46.840	          linker	[Debug]	        dji_protocol_v3.c:506  3:0x0503 convert to 0065(0x0503)
12-30 22:17:46.840	          linker	[Debug]	            dji_command.c:1128  <0x51e7>Receive msg from linker, 0x0300(0x0003)->0x0503(0x0065) 0x3C57 len:16
12-30 22:17:46.840	          linker	[Debug]	            dji_command.c:980  received unsupport request cmd that noneed ack, <0x51e7> cmdset: 0x3C cmdid: 0x57
12-30 22:17:46.907	          linker	[Debug]	        dji_protocol_v3.c:387  <0x527c>V3-Recv: 00:003F:001E:0x1204 -> 03:003F:001E:0x0503 0x4900, tLen 23 dLen 2
12-30 22:17:46.907	          linker	[Debug]	        dji_protocol_v3.c:506  0:0x1204 convert to 0092(0x1204)
12-30 22:17:46.907	          linker	[Debug]	        dji_protocol_v3.c:506  3:0x0503 convert to 0065(0x0503)
12-30 22:17:46.908	          linker	[Debug]	            dji_command.c:1128  <0x527c>Receive msg from linker, 0x1204(0x0092)->0x0503(0x0065) 0x4900 len:2
12-30 22:17:46.908	          linker	[Debug]	        dji_protocol_v3.c:266  <0x527c>V3-Send: 03:003F:001E:0x0503 -> 00:003F:001E:0x1204 0x4900, tLen 23 dLen 2
12-30 22:17:46.909	          linker	[Debug]	        dji_protocol_v3.c:266  <0x8cb2>V3-Send: 03:003F:001E:0x0503 -> 00:003F:001E:0x0200 0x3C1F, tLen 58 dLen 37
12-30 22:17:46.927	          linker	[Debug]	        dji_protocol_v3.c:387  <0x5280>V3-Recv: 00:003F:001E:0x1204 -> 03:003F:001E:0x0503 0x22AD, tLen 68 dLen 47
12-30 22:17:46.927	          linker	[Debug]	        dji_protocol_v3.c:506  0:0x1204 convert to 0092(0x1204)
12-30 22:17:46.927	          linker	[Debug]	        dji_protocol_v3.c:506  3:0x0503 convert to 0065(0x0503)
12-30 22:17:46.927	          linker	[Debug]	            dji_command.c:1128  <0x5280>Receive msg from linker, 0x1204(0x0092)->0x0503(0x0065) 0x22AD len:47
12-30 22:17:46.927	          linker	[Debug]	            dji_command.c:980  received unsupport request cmd that need ack, <0x5280> cmdset: 0x22 cmdid: 0xAD
12-30 22:17:46.956	          linker	[Debug]	        dji_protocol_v1.c:189  <0x8cb3>V1-Send: 0x0503->0x1007 0x198B
12-30 22:17:46.956	          linker	[Debug]	        dji_protocol_v3.c:266  <0x8cb4>V3-Send: 03:003F:001E:0x0503 -> 00:003F:001E:0x0200 0x3C10, tLen 85 dLen 64
12-30 22:17:46.956	          linker	[Debug]	        dji_protocol_v3.c:266  <0x8cb5>V3-Send: 03:003F:001E:0x0503 -> 00:003F:001E:0x0300 0x3C10, tLen 85 dLen 64
12-30 22:17:46.957	          linker	[Debug]	        dji_protocol_v3.c:266  <0x8cb6>V3-Send: 03:003F:001E:0x0503 -> 00:003F:001E:0x1104 0x3C10, tLen 85 dLen 64
12-30 22:17:46.957	          linker	[Debug]	        dji_protocol_v3.c:266  <0x8cb7>V3-Send: 03:003F:001E:0x0503 -> 00:003F:001E:0x0701 0x3C10, tLen 85 dLen 64
12-30 22:17:46.957	          linker	[Debug]	        dji_protocol_v3.c:266  <0x8cb8>V3-Send: 03:003F:001E:0x0503 -> 00:003F:001E:0x1100 0x3C10, tLen 85 dLen 64
12-30 22:17:47.007	          linker	[Debug]	        dji_protocol_v3.c:387  <0x528c>V3-Recv: 00:003F:001E:0x1204 -> 03:003F:001E:0x0503 0x4900, tLen 23 dLen 2
12-30 22:17:47.007	          linker	[Debug]	        dji_protocol_v3.c:506  0:0x1204 convert to 0092(0x1204)
12-30 22:17:47.007	          linker	[Debug]	        dji_protocol_v3.c:506  3:0x0503 convert to 0065(0x0503)
12-30 22:17:47.007	          linker	[Debug]	            dji_command.c:1128  <0x528c>Receive msg from linker, 0x1204(0x0092)->0x0503(0x0065) 0x4900 len:2
12-30 22:17:47.007	          linker	[Debug]	        dji_protocol_v3.c:266  <0x528c>V3-Send: 03:003F:001E:0x0503 -> 00:003F:001E:0x1204 0x4900, tLen 23 dLen 2
12-30 22:17:47.026	          linker	[Debug]	        dji_protocol_v3.c:266  <0x8cb9>V3-Send: 03:003F:001E:0x0503 -> 00:003F:001E:0x0200 0x3C1B, tLen 77 dLen 56
12-30 22:17:47.027	          linker	[Debug]	        dji_protocol_v3.c:387  <0x5290>V3-Recv: 00:003F:001E:0x1204 -> 03:003F:001E:0x0503 0x22AD, tLen 68 dLen 47
12-30 22:17:47.027	          linker	[Debug]	        dji_protocol_v3.c:506  0:0x1204 convert to 0092(0x1204)
12-30 22:17:47.027	          linker	[Debug]	        dji_protocol_v3.c:506  3:0x0503 convert to 0065(0x0503)
12-30 22:17:47.027	          linker	[Debug]	            dji_command.c:1128  <0x5290>Receive msg from linker, 0x1204(0x0092)->0x0503(0x0065) 0x22AD len:47
12-30 22:17:47.027	          linker	[Debug]	            dji_command.c:980  received unsupport request cmd that need ack, <0x5290> cmdset: 0x22 cmdid: 0xAD
12-30 22:17:47.040	          linker	[Debug]	        dji_protocol_v3.c:387  <0x5367>V3-Recv: 00:003F:001E:0x0300 -> 03:003F:001E:0x0503 0x3C57, tLen 37 dLen 16
12-30 22:17:47.040	          linker	[Debug]	        dji_protocol_v3.c:506  0:0x0300 convert to 0003(0x0300)
12-30 22:17:47.040	          linker	[Debug]	        dji_protocol_v3.c:506  3:0x0503 convert to 0065(0x0503)
12-30 22:17:47.041	          linker	[Debug]	            dji_command.c:1128  <0x5367>Receive msg from linker, 0x0300(0x0003)->0x0503(0x0065) 0x3C57 len:16
12-30 22:17:47.041	          linker	[Debug]	            dji_command.c:980  received unsupport request cmd that noneed ack, <0x5367> cmdset: 0x3C cmdid: 0x57
12-30 22:17:47.055	          linker	[Debug]	        dji_protocol_v3.c:387  <0xd0b2>V3-Recv: 00:0001:0000:0x0202 -> 03:0000:0001:0x0503 0x3C1C, tLen 28 dLen 7
12-30 22:17:47.055	          linker	[Debug]	        dji_protocol_v3.c:506  0:0x0202 convert to 0042(0x0202)
12-30 22:17:47.055	          linker	[Debug]	        dji_protocol_v3.c:506  3:0x0503 convert to 0065(0x0503)
12-30 22:17:47.055	          linker	[Debug]	            dji_command.c:1128  <0xd0b2>Receive msg from linker, 0x0202(0x0042)->0x0503(0x0065) 0x3C1C len:7
12-30 22:17:47.072	          linker	[Debug]	        dji_protocol_v3.c:387  <0xd0b3>V3-Recv: 00:0001:0000:0x0202 -> 03:0000:0001:0x0503 0x3C25, tLen 23 dLen 2
12-30 22:17:47.072	          linker	[Debug]	        dji_protocol_v3.c:506  0:0x0202 convert to 0042(0x0202)
12-30 22:17:47.072	          linker	[Debug]	        dji_protocol_v3.c:506  3:0x0503 convert to 0065(0x0503)
12-30 22:17:47.072	          linker	[Debug]	            dji_command.c:1128  <0xd0b3>Receive msg from linker, 0x0202(0x0042)->0x0503(0x0065) 0x3C25 len:2
12-30 22:17:47.072	          linker	[Debug]	            dji_command.c:980  received unsupport request cmd that need ack, <0xd0b3> cmdset: 0x3C cmdid: 0x25
12-30 22:17:47.086	          linker	[Debug]	        dji_protocol_v3.c:387  <0xcfa3>V3-Recv: 00:0001:0000:0x0202 -> 03:0000:0001:0x0503 0x3C20, tLen 22 dLen 1
12-30 22:17:47.087	          linker	[Debug]	        dji_protocol_v3.c:506  0:0x0202 convert to 0042(0x0202)
12-30 22:17:47.087	          linker	[Debug]	        dji_protocol_v3.c:506  3:0x0503 convert to 0065(0x0503)
12-30 22:17:47.087	          linker	[Debug]	            dji_command.c:1128  <0xcfa3>Receive msg from linker, 0x0202(0x0042)->0x0503(0x0065) 0x3C20 len:1
12-30 22:17:47.087	          linker	[Debug]	            dji_command.c:980  received unsupport request cmd that need ack, <0xcfa3> cmdset: 0x3C cmdid: 0x20
12-30 22:17:47.107	          linker	[Debug]	        dji_protocol_v3.c:387  <0x529c>V3-Recv: 00:003F:001E:0x1204 -> 03:003F:001E:0x0503 0x4900, tLen 23 dLen 2
12-30 22:17:47.107	          linker	[Debug]	        dji_protocol_v3.c:506  0:0x1204 convert to 0092(0x1204)
12-30 22:17:47.107	          linker	[Debug]	        dji_protocol_v3.c:506  3:0x0503 convert to 0065(0x0503)
12-30 22:17:47.108	          linker	[Debug]	            dji_command.c:1128  <0x529c>Receive msg from linker, 0x1204(0x0092)->0x0503(0x0065) 0x4900 len:2
12-30 22:17:47.108	          linker	[Debug]	        dji_protocol_v3.c:266  <0x529c>V3-Send: 03:003F:001E:0x0503 -> 00:003F:001E:0x1204 0x4900, tLen 23 dLen 2
12-30 22:17:47.109	          linker	[Debug]	        dji_protocol_v3.c:266  <0x8cba>V3-Send: 03:003F:001E:0x0503 -> 00:003F:001E:0x0200 0x3C1F, tLen 58 dLen 37
12-30 22:17:47.127	          linker	[Debug]	        dji_protocol_v3.c:387  <0x52a0>V3-Recv: 00:003F:001E:0x1204 -> 03:003F:001E:0x0503 0x22AD, tLen 68 dLen 47
12-30 22:17:47.127	          linker	[Debug]	        dji_protocol_v3.c:506  0:0x1204 convert to 0092(0x1204)
12-30 22:17:47.127	          linker	[Debug]	        dji_protocol_v3.c:506  3:0x0503 convert to 0065(0x0503)
12-30 22:17:47.127	          linker	[Debug]	            dji_command.c:1128  <0x52a0>Receive msg from linker, 0x1204(0x0092)->0x0503(0x0065) 0x22AD len:47
12-30 22:17:47.127	          linker	[Debug]	            dji_command.c:980  received unsupport request cmd that need ack, <0x52a0> cmdset: 0x22 cmdid: 0xAD
12-30 22:17:47.148	          linker	[Debug]	        dji_protocol_v1.c:309  <0x2030>V1-Recv: 0x0A06->0x0503 0x0866
12-30 22:17:47.149	          linker	[Debug]	            dji_command.c:1128  <0x2030>Receive msg from linker, 0x0A06(0x00CA)->0x0503(0x0065) 0x0866 len:102
12-30 22:17:47.149	          linker	[Debug]	            dji_command.c:980  received unsupport request cmd that noneed ack, <0x2030> cmdset: 0x08 cmdid: 0x66
12-30 22:17:47.172	          linker	[Debug]	        dji_protocol_v1.c:189  <0x8cbb>V1-Send: 0x0503->0x1007 0x198B
12-30 22:17:47.172	          linker	[Debug]	        dji_protocol_v3.c:266  <0x8cbc>V3-Send: 03:003F:001E:0x0503 -> 00:003F:001E:0x0200 0x3C10, tLen 85 dLen 64
12-30 22:17:47.173	          linker	[Debug]	        dji_protocol_v3.c:266  <0x8cbd>V3-Send: 03:003F:001E:0x0503 -> 00:003F:001E:0x0300 0x3C10, tLen 85 dLen 64
12-30 22:17:47.173	          linker	[Debug]	        dji_protocol_v3.c:266  <0x8cbe>V3-Send: 03:003F:001E:0x0503 -> 00:003F:001E:0x1104 0x3C10, tLen 85 dLen 64
12-30 22:17:47.173	          linker	[Debug]	        dji_protocol_v3.c:266  <0x8cbf>V3-Send: 03:003F:001E:0x0503 -> 00:003F:001E:0x0701 0x3C10, tLen 85 dLen 64
12-30 22:17:47.173	          linker	[Debug]	        dji_protocol_v3.c:266  <0x8cc0>V3-Send: 03:003F:001E:0x0503 -> 00:003F:001E:0x1100 0x3C10, tLen 85 dLen 64
12-30 22:17:47.207	          linker	[Debug]	        dji_protocol_v3.c:387  <0x52ac>V3-Recv: 00:003F:001E:0x1204 -> 03:003F:001E:0x0503 0x4900, tLen 23 dLen 2
12-30 22:17:47.207	          linker	[Debug]	        dji_protocol_v3.c:506  0:0x1204 convert to 0092(0x1204)
12-30 22:17:47.207	          linker	[Debug]	        dji_protocol_v3.c:506  3:0x0503 convert to 0065(0x0503)
12-30 22:17:47.208	          linker	[Debug]	            dji_command.c:1128  <0x52ac>Receive msg from linker, 0x1204(0x0092)->0x0503(0x0065) 0x4900 len:2
12-30 22:17:47.208	          linker	[Debug]	        dji_protocol_v3.c:266  <0x52ac>V3-Send: 03:003F:001E:0x0503 -> 00:003F:001E:0x1204 0x4900, tLen 23 dLen 2
12-30 22:17:47.227	          linker	[Debug]	        dji_protocol_v3.c:387  <0x52b0>V3-Recv: 00:003F:001E:0x1204 -> 03:003F:001E:0x0503 0x22AD, tLen 68 dLen 47
12-30 22:17:47.227	          linker	[Debug]	        dji_protocol_v3.c:506  0:0x1204 convert to 0092(0x1204)
12-30 22:17:47.227	          linker	[Debug]	        dji_protocol_v3.c:506  3:0x0503 convert to 0065(0x0503)
12-30 22:17:47.227	          linker	[Debug]	            dji_command.c:1128  <0x52b0>Receive msg from linker, 0x1204(0x0092)->0x0503(0x0065) 0x22AD len:47
12-30 22:17:47.227	          linker	[Debug]	            dji_command.c:980  received unsupport request cmd that need ack, <0x52b0> cmdset: 0x22 cmdid: 0xAD
12-30 22:17:47.240	          linker	[Debug]	        dji_protocol_v3.c:387  <0x54c8>V3-Recv: 00:003F:001E:0x0300 -> 03:003F:001E:0x0503 0x3C57, tLen 37 dLen 16
12-30 22:17:47.240	          linker	[Debug]	        dji_protocol_v3.c:506  0:0x0300 convert to 0003(0x0300)
12-30 22:17:47.240	          linker	[Debug]	        dji_protocol_v3.c:506  3:0x0503 convert to 0065(0x0503)
12-30 22:17:47.240	          linker	[Debug]	            dji_command.c:1128  <0x54c8>Receive msg from linker, 0x0300(0x0003)->0x0503(0x0065) 0x3C57 len:16
12-30 22:17:47.240	          linker	[Debug]	            dji_command.c:980  received unsupport request cmd that noneed ack, <0x54c8> cmdset: 0x3C cmdid: 0x57
12-30 22:17:47.242	          linker	[Debug]	        dji_protocol_v3.c:266  <0x8cc1>V3-Send: 03:003F:001E:0x0503 -> 00:003F:001E:0x0200 0x3C1B, tLen 77 dLen 56
12-30 22:17:47.249	          linker	[Debug]	        dji_protocol_v3.c:266  <0x8cc2>V3-Send: 03:003F:001E:0x0503 -> 00:003F:001E:0x0801 0x0000, tLen 21 dLen 0
12-30 22:17:47.249	           infor	[Debug]	dji_aircraft_connection.c:170  check connect status:1
12-30 22:17:47.258	          linker	[Debug]	        dji_protocol_v3.c:387  <0x8cc2>V3-Recv: 00:003F:001E:0x0801 -> 03:003F:001E:0x0503 0x0000, tLen 22 dLen 1
12-30 22:17:47.259	          linker	[Debug]	        dji_protocol_v3.c:506  0:0x0801 convert to 0028(0x0801)
12-30 22:17:47.259	          linker	[Debug]	        dji_protocol_v3.c:506  3:0x0503 convert to 0065(0x0503)
12-30 22:17:47.259	          linker	[Debug]	            dji_command.c:1128  <0x8cc2>Receive msg from linker, 0x0801(0x0028)->0x0503(0x0065) 0x0000 len:1
12-30 22:17:47.259	           infor	[Debug]	dji_aircraft_connection.c:303  connect status async sucess
12-30 22:17:47.259	          linker	[Debug]	            dji_command.c:890  callback function (cmdset: 0x00 cmdid: 0x00) deal time: 0 ms
12-30 22:17:47.307	          linker	[Debug]	        dji_protocol_v3.c:387  <0x52bc>V3-Recv: 00:003F:001E:0x1204 -> 03:003F:001E:0x0503 0x4900, tLen 23 dLen 2
12-30 22:17:47.307	          linker	[Debug]	        dji_protocol_v3.c:506  0:0x1204 convert to 0092(0x1204)
12-30 22:17:47.307	          linker	[Debug]	        dji_protocol_v3.c:506  3:0x0503 convert to 0065(0x0503)
12-30 22:17:47.308	          linker	[Debug]	            dji_command.c:1128  <0x52bc>Receive msg from linker, 0x1204(0x0092)->0x0503(0x0065) 0x4900 len:2
12-30 22:17:47.308	          linker	[Debug]	        dji_protocol_v3.c:266  <0x52bc>V3-Send: 03:003F:001E:0x0503 -> 00:003F:001E:0x1204 0x4900, tLen 23 dLen 2
12-30 22:17:47.310	          linker	[Debug]	        dji_protocol_v3.c:266  <0x8cc3>V3-Send: 03:003F:001E:0x0503 -> 00:003F:001E:0x0200 0x3C1F, tLen 58 dLen 37
12-30 22:17:47.327	          linker	[Debug]	        dji_protocol_v3.c:387  <0x52c0>V3-Recv: 00:003F:001E:0x1204 -> 03:003F:001E:0x0503 0x22AD, tLen 68 dLen 47
12-30 22:17:47.327	          linker	[Debug]	        dji_protocol_v3.c:506  0:0x1204 convert to 0092(0x1204)
12-30 22:17:47.327	          linker	[Debug]	        dji_protocol_v3.c:506  3:0x0503 convert to 0065(0x0503)
12-30 22:17:47.327	          linker	[Debug]	            dji_command.c:1128  <0x52c0>Receive msg from linker, 0x1204(0x0092)->0x0503(0x0065) 0x22AD len:47
12-30 22:17:47.327	          linker	[Debug]	            dji_command.c:980  received unsupport request cmd that need ack, <0x52c0> cmdset: 0x22 cmdid: 0xAD
12-30 22:17:47.388	          linker	[Debug]	        dji_protocol_v1.c:189  <0x8cc4>V1-Send: 0x0503->0x1007 0x198B
12-30 22:17:47.388	          linker	[Debug]	        dji_protocol_v3.c:266  <0x8cc5>V3-Send: 03:003F:001E:0x0503 -> 00:003F:001E:0x0200 0x3C10, tLen 85 dLen 64
12-30 22:17:47.388	          linker	[Debug]	        dji_protocol_v3.c:266  <0x8cc6>V3-Send: 03:003F:001E:0x0503 -> 00:003F:001E:0x0300 0x3C10, tLen 85 dLen 64
12-30 22:17:47.389	          linker	[Debug]	        dji_protocol_v3.c:266  <0x8cc7>V3-Send: 03:003F:001E:0x0503 -> 00:003F:001E:0x1104 0x3C10, tLen 85 dLen 64
12-30 22:17:47.389	          linker	[Debug]	        dji_protocol_v3.c:266  <0x8cc8>V3-Send: 03:003F:001E:0x0503 -> 00:003F:001E:0x0701 0x3C10, tLen 85 dLen 64
12-30 22:17:47.389	          linker	[Debug]	        dji_protocol_v3.c:266  <0x8cc9>V3-Send: 03:003F:001E:0x0503 -> 00:003F:001E:0x1100 0x3C10, tLen 85 dLen 64
12-30 22:17:47.407	          linker	[Debug]	        dji_protocol_v3.c:387  <0x52cc>V3-Recv: 00:003F:001E:0x1204 -> 03:003F:001E:0x0503 0x4900, tLen 23 dLen 2
12-30 22:17:47.407	          linker	[Debug]	        dji_protocol_v3.c:506  0:0x1204 convert to 0092(0x1204)
12-30 22:17:47.407	          linker	[Debug]	        dji_protocol_v3.c:506  3:0x0503 convert to 0065(0x0503)
12-30 22:17:47.407	          linker	[Debug]	            dji_command.c:1128  <0x52cc>Receive msg from linker, 0x1204(0x0092)->0x0503(0x0065) 0x4900 len:2
12-30 22:17:47.407	          linker	[Debug]	        dji_protocol_v3.c:266  <0x52cc>V3-Send: 03:003F:001E:0x0503 -> 00:003F:001E:0x1204 0x4900, tLen 23 dLen 2
12-30 22:17:47.427	          linker	[Debug]	        dji_protocol_v3.c:387  <0x52d0>V3-Recv: 00:003F:001E:0x1204 -> 03:003F:001E:0x0503 0x22AD, tLen 68 dLen 47
12-30 22:17:47.427	          linker	[Debug]	        dji_protocol_v3.c:506  0:0x1204 convert to 0092(0x1204)
12-30 22:17:47.427	          linker	[Debug]	        dji_protocol_v3.c:506  3:0x0503 convert to 0065(0x0503)
12-30 22:17:47.427	          linker	[Debug]	            dji_command.c:1128  <0x52d0>Receive msg from linker, 0x1204(0x0092)->0x0503(0x0065) 0x22AD len:47
12-30 22:17:47.427	          linker	[Debug]	            dji_command.c:980  received unsupport request cmd that need ack, <0x52d0> cmdset: 0x22 cmdid: 0xAD
12-30 22:17:47.440	          linker	[Debug]	        dji_protocol_v3.c:387  <0x5625>V3-Recv: 00:003F:001E:0x0300 -> 03:003F:001E:0x0503 0x3C57, tLen 37 dLen 16
12-30 22:17:47.440	          linker	[Debug]	        dji_protocol_v3.c:506  0:0x0300 convert to 0003(0x0300)
12-30 22:17:47.440	          linker	[Debug]	        dji_protocol_v3.c:506  3:0x0503 convert to 0065(0x0503)
12-30 22:17:47.440	          linker	[Debug]	            dji_command.c:1128  <0x5625>Receive msg from linker, 0x0300(0x0003)->0x0503(0x0065) 0x3C57 len:16
12-30 22:17:47.440	          linker	[Debug]	            dji_command.c:980  received unsupport request cmd that noneed ack, <0x5625> cmdset: 0x3C cmdid: 0x57
12-30 22:17:47.457	          linker	[Debug]	        dji_protocol_v3.c:266  <0x8cca>V3-Send: 03:003F:001E:0x0503 -> 00:003F:001E:0x0200 0x3C1B, tLen 77 dLen 56
12-30 22:17:47.507	          linker	[Debug]	        dji_protocol_v3.c:387  <0x52dc>V3-Recv: 00:003F:001E:0x1204 -> 03:003F:001E:0x0503 0x4900, tLen 23 dLen 2
12-30 22:17:47.507	          linker	[Debug]	        dji_protocol_v3.c:506  0:0x1204 convert to 0092(0x1204)
12-30 22:17:47.507	          linker	[Debug]	        dji_protocol_v3.c:506  3:0x0503 convert to 0065(0x0503)
12-30 22:17:47.507	          linker	[Debug]	            dji_command.c:1128  <0x52dc>Receive msg from linker, 0x1204(0x0092)->0x0503(0x0065) 0x4900 len:2
12-30 22:17:47.507	          linker	[Debug]	        dji_protocol_v3.c:266  <0x52dc>V3-Send: 03:003F:001E:0x0503 -> 00:003F:001E:0x1204 0x4900, tLen 23 dLen 2
12-30 22:17:47.510	          linker	[Debug]	        dji_protocol_v3.c:266  <0x8ccb>V3-Send: 03:003F:001E:0x0503 -> 00:003F:001E:0x0200 0x3C1F, tLen 58 dLen 37
12-30 22:17:47.527	          linker	[Debug]	        dji_protocol_v3.c:387  <0x52e0>V3-Recv: 00:003F:001E:0x1204 -> 03:003F:001E:0x0503 0x22AD, tLen 68 dLen 47
12-30 22:17:47.527	          linker	[Debug]	        dji_protocol_v3.c:506  0:0x1204 convert to 0092(0x1204)
12-30 22:17:47.527	          linker	[Debug]	        dji_protocol_v3.c:506  3:0x0503 convert to 0065(0x0503)
12-30 22:17:47.528	          linker	[Debug]	            dji_command.c:1128  <0x52e0>Receive msg from linker, 0x1204(0x0092)->0x0503(0x0065) 0x22AD len:47
12-30 22:17:47.528	          linker	[Debug]	            dji_command.c:980  received unsupport request cmd that need ack, <0x52e0> cmdset: 0x22 cmdid: 0xAD
12-30 22:17:47.603	          linker	[Debug]	        dji_protocol_v1.c:189  <0x8ccc>V1-Send: 0x0503->0x1007 0x198B
12-30 22:17:47.604	          linker	[Debug]	        dji_protocol_v3.c:266  <0x8ccd>V3-Send: 03:003F:001E:0x0503 -> 00:003F:001E:0x0200 0x3C10, tLen 85 dLen 64
12-30 22:17:47.604	          linker	[Debug]	        dji_protocol_v3.c:266  <0x8cce>V3-Send: 03:003F:001E:0x0503 -> 00:003F:001E:0x0300 0x3C10, tLen 85 dLen 64
12-30 22:17:47.604	          linker	[Debug]	        dji_protocol_v3.c:266  <0x8ccf>V3-Send: 03:003F:001E:0x0503 -> 00:003F:001E:0x1104 0x3C10, tLen 85 dLen 64
12-30 22:17:47.604	          linker	[Debug]	        dji_protocol_v3.c:266  <0x8cd0>V3-Send: 03:003F:001E:0x0503 -> 00:003F:001E:0x0701 0x3C10, tLen 85 dLen 64
12-30 22:17:47.604	          linker	[Debug]	        dji_protocol_v3.c:266  <0x8cd1>V3-Send: 03:003F:001E:0x0503 -> 00:003F:001E:0x1100 0x3C10, tLen 85 dLen 64
12-30 22:17:47.607	          linker	[Debug]	        dji_protocol_v3.c:387  <0x52ec>V3-Recv: 00:003F:001E:0x1204 -> 03:003F:001E:0x0503 0x4900, tLen 23 dLen 2
12-30 22:17:47.607	          linker	[Debug]	        dji_protocol_v3.c:506  0:0x1204 convert to 0092(0x1204)
12-30 22:17:47.607	          linker	[Debug]	        dji_protocol_v3.c:506  3:0x0503 convert to 0065(0x0503)
12-30 22:17:47.608	          linker	[Debug]	            dji_command.c:1128  <0x52ec>Receive msg from linker, 0x1204(0x0092)->0x0503(0x0065) 0x4900 len:2
12-30 22:17:47.608	          linker	[Debug]	        dji_protocol_v3.c:266  <0x52ec>V3-Send: 03:003F:001E:0x0503 -> 00:003F:001E:0x1204 0x4900, tLen 23 dLen 2
12-30 22:17:47.627	          linker	[Debug]	        dji_protocol_v3.c:387  <0x52f0>V3-Recv: 00:003F:001E:0x1204 -> 03:003F:001E:0x0503 0x22AD, tLen 68 dLen 47
12-30 22:17:47.627	          linker	[Debug]	        dji_protocol_v3.c:506  0:0x1204 convert to 0092(0x1204)
12-30 22:17:47.627	          linker	[Debug]	        dji_protocol_v3.c:506  3:0x0503 convert to 0065(0x0503)
12-30 22:17:47.627	          linker	[Debug]	            dji_command.c:1128  <0x52f0>Receive msg from linker, 0x1204(0x0092)->0x0503(0x0065) 0x22AD len:47
12-30 22:17:47.627	          linker	[Debug]	            dji_command.c:980  received unsupport request cmd that need ack, <0x52f0> cmdset: 0x22 cmdid: 0xAD
12-30 22:17:47.640	          linker	[Debug]	        dji_protocol_v3.c:387  <0x578d>V3-Recv: 00:003F:001E:0x0300 -> 03:003F:001E:0x0503 0x3C57, tLen 37 dLen 16
12-30 22:17:47.640	          linker	[Debug]	        dji_protocol_v3.c:506  0:0x0300 convert to 0003(0x0300)
12-30 22:17:47.640	          linker	[Debug]	        dji_protocol_v3.c:506  3:0x0503 convert to 0065(0x0503)
12-30 22:17:47.641	          linker	[Debug]	            dji_command.c:1128  <0x578d>Receive msg from linker, 0x0300(0x0003)->0x0503(0x0065) 0x3C57 len:16
12-30 22:17:47.641	          linker	[Debug]	            dji_command.c:980  received unsupport request cmd that noneed ack, <0x578d> cmdset: 0x3C cmdid: 0x57
12-30 22:17:47.648	          linker	[Debug]	        dji_protocol_v1.c:309  <0x2030>V1-Recv: 0x0A06->0x0503 0x0866
12-30 22:17:47.649	          linker	[Debug]	            dji_command.c:1128  <0x2030>Receive msg from linker, 0x0A06(0x00CA)->0x0503(0x0065) 0x0866 len:102
12-30 22:17:47.649	          linker	[Debug]	            dji_command.c:980  received unsupport request cmd that noneed ack, <0x2030> cmdset: 0x08 cmdid: 0x66
12-30 22:17:47.673	          linker	[Debug]	        dji_protocol_v3.c:266  <0x8cd2>V3-Send: 03:003F:001E:0x0503 -> 00:003F:001E:0x0200 0x3C1B, tLen 77 dLen 56
12-30 22:17:47.707	          linker	[Debug]	        dji_protocol_v3.c:387  <0x52fc>V3-Recv: 00:003F:001E:0x1204 -> 03:003F:001E:0x0503 0x4900, tLen 23 dLen 2
12-30 22:17:47.707	          linker	[Debug]	        dji_protocol_v3.c:506  0:0x1204 convert to 0092(0x1204)
12-30 22:17:47.707	          linker	[Debug]	        dji_protocol_v3.c:506  3:0x0503 convert to 0065(0x0503)
12-30 22:17:47.708	          linker	[Debug]	            dji_command.c:1128  <0x52fc>Receive msg from linker, 0x1204(0x0092)->0x0503(0x0065) 0x4900 len:2
12-30 22:17:47.708	          linker	[Debug]	        dji_protocol_v3.c:266  <0x52fc>V3-Send: 03:003F:001E:0x0503 -> 00:003F:001E:0x1204 0x4900, tLen 23 dLen 2
12-30 22:17:47.710	          linker	[Debug]	        dji_protocol_v3.c:266  <0x8cd3>V3-Send: 03:003F:001E:0x0503 -> 00:003F:001E:0x0200 0x3C1F, tLen 58 dLen 37
12-30 22:17:47.727	          linker	[Debug]	        dji_protocol_v3.c:387  <0x5300>V3-Recv: 00:003F:001E:0x1204 -> 03:003F:001E:0x0503 0x22AD, tLen 68 dLen 47
12-30 22:17:47.727	          linker	[Debug]	        dji_protocol_v3.c:506  0:0x1204 convert to 0092(0x1204)
12-30 22:17:47.727	          linker	[Debug]	        dji_protocol_v3.c:506  3:0x0503 convert to 0065(0x0503)
12-30 22:17:47.727	          linker	[Debug]	            dji_command.c:1128  <0x5300>Receive msg from linker, 0x1204(0x0092)->0x0503(0x0065) 0x22AD len:47
12-30 22:17:47.727	          linker	[Debug]	            dji_command.c:980  received unsupport request cmd that need ack, <0x5300> cmdset: 0x22 cmdid: 0xAD
12-30 22:17:47.785	           utils	[Debug]	          dji_root_task.c:131  work execution time:
12-30 22:17:47.785	           utils	[Debug]	          dji_root_task.c:132  name	                execution time (ms)	  max execution time (ms)
12-30 22:17:47.785	           utils	[Debug]	          dji_root_task.c:134  recorderWork                    	0       	1       
12-30 22:17:47.785	           utils	[Debug]	          dji_root_task.c:134  flowControllerTask              	0       	1       
12-30 22:17:47.785	           utils	[Debug]	          dji_root_task.c:134  commandTask                     	1       	1       
12-30 22:17:47.785	           utils	[Debug]	          dji_root_task.c:134  aircraftWorkNode                	0       	1       
12-30 22:17:47.785	           utils	[Debug]	          dji_root_task.c:134  dataBuriedPointTask             	1       	1       
12-30 22:17:47.785	           utils	[Debug]	          dji_root_task.c:134  StatePushWork                   	1       	1       
12-30 22:17:47.785	           utils	[Debug]	          dji_root_task.c:134  WidgetWork                      	0       	1       
12-30 22:17:47.785	           utils	[Debug]	          dji_root_task.c:134  hmsTask                         	1       	1       
12-30 22:17:47.807	          linker	[Debug]	        dji_protocol_v3.c:387  <0x530d>V3-Recv: 00:003F:001E:0x1204 -> 03:003F:001E:0x0503 0x4900, tLen 23 dLen 2
12-30 22:17:47.807	          linker	[Debug]	        dji_protocol_v3.c:506  0:0x1204 convert to 0092(0x1204)
12-30 22:17:47.807	          linker	[Debug]	        dji_protocol_v3.c:506  3:0x0503 convert to 0065(0x0503)
12-30 22:17:47.808	          linker	[Debug]	            dji_command.c:1128  <0x530d>Receive msg from linker, 0x1204(0x0092)->0x0503(0x0065) 0x4900 len:2
12-30 22:17:47.808	          linker	[Debug]	        dji_protocol_v3.c:266  <0x530d>V3-Send: 03:003F:001E:0x0503 -> 00:003F:001E:0x1204 0x4900, tLen 23 dLen 2
12-30 22:17:47.820	          linker	[Debug]	        dji_protocol_v1.c:189  <0x8cd4>V1-Send: 0x0503->0x1007 0x198B
12-30 22:17:47.820	          linker	[Debug]	        dji_protocol_v3.c:266  <0x8cd5>V3-Send: 03:003F:001E:0x0503 -> 00:003F:001E:0x0200 0x3C10, tLen 85 dLen 64
12-30 22:17:47.820	          linker	[Debug]	        dji_protocol_v3.c:266  <0x8cd6>V3-Send: 03:003F:001E:0x0503 -> 00:003F:001E:0x0300 0x3C10, tLen 85 dLen 64
12-30 22:17:47.820	          linker	[Debug]	        dji_protocol_v3.c:266  <0x8cd7>V3-Send: 03:003F:001E:0x0503 -> 00:003F:001E:0x1104 0x3C10, tLen 85 dLen 64
12-30 22:17:47.820	          linker	[Debug]	        dji_protocol_v3.c:266  <0x8cd8>V3-Send: 03:003F:001E:0x0503 -> 00:003F:001E:0x0701 0x3C10, tLen 85 dLen 64
12-30 22:17:47.820	          linker	[Debug]	        dji_protocol_v3.c:266  <0x8cd9>V3-Send: 03:003F:001E:0x0503 -> 00:003F:001E:0x1100 0x3C10, tLen 85 dLen 64
12-30 22:17:47.827	          linker	[Debug]	        dji_protocol_v3.c:387  <0x5311>V3-Recv: 00:003F:001E:0x1204 -> 03:003F:001E:0x0503 0x22AD, tLen 68 dLen 47
12-30 22:17:47.827	          linker	[Debug]	        dji_protocol_v3.c:506  0:0x1204 convert to 0092(0x1204)
12-30 22:17:47.827	          linker	[Debug]	        dji_protocol_v3.c:506  3:0x0503 convert to 0065(0x0503)
12-30 22:17:47.827	          linker	[Debug]	            dji_command.c:1128  <0x5311>Receive msg from linker, 0x1204(0x0092)->0x0503(0x0065) 0x22AD len:47
12-30 22:17:47.827	          linker	[Debug]	            dji_command.c:980  received unsupport request cmd that need ack, <0x5311> cmdset: 0x22 cmdid: 0xAD
12-30 22:17:47.840	          linker	[Debug]	        dji_protocol_v3.c:387  <0x5914>V3-Recv: 00:003F:001E:0x0300 -> 03:003F:001E:0x0503 0x3C57, tLen 37 dLen 16
12-30 22:17:47.840	          linker	[Debug]	        dji_protocol_v3.c:506  0:0x0300 convert to 0003(0x0300)
12-30 22:17:47.840	          linker	[Debug]	        dji_protocol_v3.c:506  3:0x0503 convert to 0065(0x0503)
12-30 22:17:47.840	          linker	[Debug]	            dji_command.c:1128  <0x5914>Receive msg from linker, 0x0300(0x0003)->0x0503(0x0065) 0x3C57 len:16
12-30 22:17:47.840	          linker	[Debug]	            dji_command.c:980  received unsupport request cmd that noneed ack, <0x5914> cmdset: 0x3C cmdid: 0x57
12-30 22:17:47.889	          linker	[Debug]	        dji_protocol_v3.c:266  <0x8cda>V3-Send: 03:003F:001E:0x0503 -> 00:003F:001E:0x0200 0x3C1B, tLen 77 dLen 56
12-30 22:17:47.907	          linker	[Debug]	        dji_protocol_v3.c:387  <0x531e>V3-Recv: 00:003F:001E:0x1204 -> 03:003F:001E:0x0503 0x4900, tLen 23 dLen 2
12-30 22:17:47.907	          linker	[Debug]	        dji_protocol_v3.c:506  0:0x1204 convert to 0092(0x1204)
12-30 22:17:47.907	          linker	[Debug]	        dji_protocol_v3.c:506  3:0x0503 convert to 0065(0x0503)
12-30 22:17:47.908	          linker	[Debug]	            dji_command.c:1128  <0x531e>Receive msg from linker, 0x1204(0x0092)->0x0503(0x0065) 0x4900 len:2
12-30 22:17:47.908	          linker	[Debug]	        dji_protocol_v3.c:266  <0x531e>V3-Send: 03:003F:001E:0x0503 -> 00:003F:001E:0x1204 0x4900, tLen 23 dLen 2
12-30 22:17:47.910	          linker	[Debug]	        dji_protocol_v3.c:266  <0x8cdb>V3-Send: 03:003F:001E:0x0503 -> 00:003F:001E:0x0200 0x3C1F, tLen 58 dLen 37
12-30 22:17:47.926	          linker	[Debug]	        dji_protocol_v3.c:387  <0x5322>V3-Recv: 00:003F:001E:0x1204 -> 03:003F:001E:0x0503 0x22AD, tLen 68 dLen 47
12-30 22:17:47.927	          linker	[Debug]	        dji_protocol_v3.c:506  0:0x1204 convert to 0092(0x1204)
12-30 22:17:47.927	          linker	[Debug]	        dji_protocol_v3.c:506  3:0x0503 convert to 0065(0x0503)
12-30 22:17:47.927	          linker	[Debug]	            dji_command.c:1128  <0x5322>Receive msg from linker, 0x1204(0x0092)->0x0503(0x0065) 0x22AD len:47
12-30 22:17:47.927	          linker	[Debug]	            dji_command.c:980  received unsupport request cmd that need ack, <0x5322> cmdset: 0x22 cmdid: 0xAD
12-30 22:17:48.007	          linker	[Debug]	        dji_protocol_v3.c:387  <0x532e>V3-Recv: 00:003F:001E:0x1204 -> 03:003F:001E:0x0503 0x4900, tLen 23 dLen 2
12-30 22:17:48.007	          linker	[Debug]	        dji_protocol_v3.c:506  0:0x1204 convert to 0092(0x1204)
12-30 22:17:48.007	          linker	[Debug]	        dji_protocol_v3.c:506  3:0x0503 convert to 0065(0x0503)
12-30 22:17:48.007	          linker	[Debug]	            dji_command.c:1128  <0x532e>Receive msg from linker, 0x1204(0x0092)->0x0503(0x0065) 0x4900 len:2
12-30 22:17:48.007	          linker	[Debug]	        dji_protocol_v3.c:266  <0x532e>V3-Send: 03:003F:001E:0x0503 -> 00:003F:001E:0x1204 0x4900, tLen 23 dLen 2
12-30 22:17:48.026	          linker	[Debug]	        dji_protocol_v3.c:387  <0x5332>V3-Recv: 00:003F:001E:0x1204 -> 03:003F:001E:0x0503 0x22AD, tLen 68 dLen 47
12-30 22:17:48.027	          linker	[Debug]	        dji_protocol_v3.c:506  0:0x1204 convert to 0092(0x1204)
12-30 22:17:48.027	          linker	[Debug]	        dji_protocol_v3.c:506  3:0x0503 convert to 0065(0x0503)
12-30 22:17:48.027	          linker	[Debug]	            dji_command.c:1128  <0x5332>Receive msg from linker, 0x1204(0x0092)->0x0503(0x0065) 0x22AD len:47
12-30 22:17:48.027	          linker	[Debug]	            dji_command.c:980  received unsupport request cmd that need ack, <0x5332> cmdset: 0x22 cmdid: 0xAD
12-30 22:17:48.035	          linker	[Debug]	        dji_protocol_v1.c:189  <0x8cdc>V1-Send: 0x0503->0x1007 0x198B
12-30 22:17:48.035	          linker	[Debug]	        dji_protocol_v3.c:266  <0x8cdd>V3-Send: 03:003F:001E:0x0503 -> 00:003F:001E:0x0200 0x3C10, tLen 85 dLen 64
12-30 22:17:48.036	          linker	[Debug]	        dji_protocol_v3.c:266  <0x8cde>V3-Send: 03:003F:001E:0x0503 -> 00:003F:001E:0x0300 0x3C10, tLen 85 dLen 64
12-30 22:17:48.036	          linker	[Debug]	        dji_protocol_v3.c:266  <0x8cdf>V3-Send: 03:003F:001E:0x0503 -> 00:003F:001E:0x1104 0x3C10, tLen 85 dLen 64
12-30 22:17:48.036	          linker	[Debug]	        dji_protocol_v3.c:266  <0x8ce0>V3-Send: 03:003F:001E:0x0503 -> 00:003F:001E:0x0701 0x3C10, tLen 85 dLen 64
12-30 22:17:48.036	          linker	[Debug]	        dji_protocol_v3.c:266  <0x8ce1>V3-Send: 03:003F:001E:0x0503 -> 00:003F:001E:0x1100 0x3C10, tLen 85 dLen 64
12-30 22:17:48.040	          linker	[Debug]	        dji_protocol_v3.c:387  <0xd11a>V3-Recv: 00:0001:0000:0x0202 -> 03:0000:0001:0x0503 0x3C1C, tLen 28 dLen 7
12-30 22:17:48.040	          linker	[Debug]	        dji_protocol_v3.c:506  0:0x0202 convert to 0042(0x0202)
12-30 22:17:48.040	          linker	[Debug]	        dji_protocol_v3.c:506  3:0x0503 convert to 0065(0x0503)
12-30 22:17:48.040	          linker	[Debug]	            dji_command.c:1128  <0xd11a>Receive msg from linker, 0x0202(0x0042)->0x0503(0x0065) 0x3C1C len:7
12-30 22:17:48.054	          linker	[Debug]	        dji_protocol_v3.c:387  <0x5a98>V3-Recv: 00:003F:001E:0x0300 -> 03:003F:001E:0x0503 0x3C57, tLen 37 dLen 16
12-30 22:17:48.054	          linker	[Debug]	        dji_protocol_v3.c:506  0:0x0300 convert to 0003(0x0300)
12-30 22:17:48.054	          linker	[Debug]	        dji_protocol_v3.c:506  3:0x0503 convert to 0065(0x0503)
12-30 22:17:48.054	          linker	[Debug]	        dji_protocol_v3.c:387  <0xd11b>V3-Recv: 00:0001:0000:0x0202 -> 03:0000:0001:0x0503 0x3C25, tLen 23 dLen 2
12-30 22:17:48.054	          linker	[Debug]	        dji_protocol_v3.c:506  0:0x0202 convert to 0042(0x0202)
12-30 22:17:48.054	          linker	[Debug]	        dji_protocol_v3.c:506  3:0x0503 convert to 0065(0x0503)
12-30 22:17:48.055	          linker	[Debug]	            dji_command.c:1128  <0x5a98>Receive msg from linker, 0x0300(0x0003)->0x0503(0x0065) 0x3C57 len:16
12-30 22:17:48.055	          linker	[Debug]	            dji_command.c:980  received unsupport request cmd that noneed ack, <0x5a98> cmdset: 0x3C cmdid: 0x57
12-30 22:17:48.056	          linker	[Debug]	            dji_command.c:1128  <0xd11b>Receive msg from linker, 0x0202(0x0042)->0x0503(0x0065) 0x3C25 len:2
12-30 22:17:48.056	          linker	[Debug]	            dji_command.c:980  received unsupport request cmd that need ack, <0xd11b> cmdset: 0x3C cmdid: 0x25
12-30 22:17:48.105	          linker	[Debug]	        dji_protocol_v3.c:266  <0x8ce2>V3-Send: 03:003F:001E:0x0503 -> 00:003F:001E:0x0200 0x3C1B, tLen 77 dLen 56
12-30 22:17:48.107	          linker	[Debug]	        dji_protocol_v3.c:387  <0x533e>V3-Recv: 00:003F:001E:0x1204 -> 03:003F:001E:0x0503 0x4900, tLen 23 dLen 2
12-30 22:17:48.107	          linker	[Debug]	        dji_protocol_v3.c:506  0:0x1204 convert to 0092(0x1204)
12-30 22:17:48.107	          linker	[Debug]	        dji_protocol_v3.c:506  3:0x0503 convert to 0065(0x0503)
12-30 22:17:48.107	          linker	[Debug]	            dji_command.c:1128  <0x533e>Receive msg from linker, 0x1204(0x0092)->0x0503(0x0065) 0x4900 len:2
12-30 22:17:48.107	          linker	[Debug]	        dji_protocol_v3.c:266  <0x533e>V3-Send: 03:003F:001E:0x0503 -> 00:003F:001E:0x1204 0x4900, tLen 23 dLen 2
12-30 22:17:48.111	          linker	[Debug]	        dji_protocol_v3.c:266  <0x8ce3>V3-Send: 03:003F:001E:0x0503 -> 00:003F:001E:0x0200 0x3C1F, tLen 58 dLen 37
12-30 22:17:48.126	          linker	[Debug]	        dji_protocol_v3.c:387  <0x5342>V3-Recv: 00:003F:001E:0x1204 -> 03:003F:001E:0x0503 0x22AD, tLen 68 dLen 47
12-30 22:17:48.127	          linker	[Debug]	        dji_protocol_v3.c:506  0:0x1204 convert to 0092(0x1204)
12-30 22:17:48.127	          linker	[Debug]	        dji_protocol_v3.c:506  3:0x0503 convert to 0065(0x0503)
12-30 22:17:48.127	          linker	[Debug]	            dji_command.c:1128  <0x5342>Receive msg from linker, 0x1204(0x0092)->0x0503(0x0065) 0x22AD len:47
12-30 22:17:48.127	          linker	[Debug]	            dji_command.c:980  received unsupport request cmd that need ack, <0x5342> cmdset: 0x22 cmdid: 0xAD
12-30 22:17:48.149	          linker	[Debug]	        dji_protocol_v1.c:309  <0x2030>V1-Recv: 0x0A06->0x0503 0x0866
12-30 22:17:48.149	          linker	[Debug]	            dji_command.c:1128  <0x2030>Receive msg from linker, 0x0A06(0x00CA)->0x0503(0x0065) 0x0866 len:102
12-30 22:17:48.149	          linker	[Debug]	            dji_command.c:980  received unsupport request cmd that noneed ack, <0x2030> cmdset: 0x08 cmdid: 0x66
12-30 22:17:48.207	          linker	[Debug]	        dji_protocol_v3.c:387  <0x534e>V3-Recv: 00:003F:001E:0x1204 -> 03:003F:001E:0x0503 0x4900, tLen 23 dLen 2
12-30 22:17:48.207	          linker	[Debug]	        dji_protocol_v3.c:506  0:0x1204 convert to 0092(0x1204)
12-30 22:17:48.207	          linker	[Debug]	        dji_protocol_v3.c:506  3:0x0503 convert to 0065(0x0503)
12-30 22:17:48.207	          linker	[Debug]	            dji_command.c:1128  <0x534e>Receive msg from linker, 0x1204(0x0092)->0x0503(0x0065) 0x4900 len:2
12-30 22:17:48.207	          linker	[Debug]	        dji_protocol_v3.c:266  <0x534e>V3-Send: 03:003F:001E:0x0503 -> 00:003F:001E:0x1204 0x4900, tLen 23 dLen 2
12-30 22:17:48.226	          linker	[Debug]	        dji_protocol_v3.c:387  <0x5352>V3-Recv: 00:003F:001E:0x1204 -> 03:003F:001E:0x0503 0x22AD, tLen 68 dLen 47
12-30 22:17:48.227	          linker	[Debug]	        dji_protocol_v3.c:506  0:0x1204 convert to 0092(0x1204)
12-30 22:17:48.227	          linker	[Debug]	        dji_protocol_v3.c:506  3:0x0503 convert to 0065(0x0503)
12-30 22:17:48.227	          linker	[Debug]	            dji_command.c:1128  <0x5352>Receive msg from linker, 0x1204(0x0092)->0x0503(0x0065) 0x22AD len:47
12-30 22:17:48.227	          linker	[Debug]	            dji_command.c:980  received unsupport request cmd that need ack, <0x5352> cmdset: 0x22 cmdid: 0xAD
12-30 22:17:48.240	          linker	[Debug]	        dji_protocol_v3.c:387  <0x5bf9>V3-Recv: 00:003F:001E:0x0300 -> 03:003F:001E:0x0503 0x3C57, tLen 37 dLen 16
12-30 22:17:48.240	          linker	[Debug]	        dji_protocol_v3.c:506  0:0x0300 convert to 0003(0x0300)
12-30 22:17:48.240	          linker	[Debug]	        dji_protocol_v3.c:506  3:0x0503 convert to 0065(0x0503)
12-30 22:17:48.240	          linker	[Debug]	            dji_command.c:1128  <0x5bf9>Receive msg from linker, 0x0300(0x0003)->0x0503(0x0065) 0x3C57 len:16
12-30 22:17:48.240	          linker	[Debug]	            dji_command.c:980  received unsupport request cmd that noneed ack, <0x5bf9> cmdset: 0x3C cmdid: 0x57
12-30 22:17:48.251	          linker	[Debug]	        dji_protocol_v1.c:189  <0x8ce4>V1-Send: 0x0503->0x1007 0x198B
12-30 22:17:48.251	          linker	[Debug]	        dji_protocol_v3.c:266  <0x8ce5>V3-Send: 03:003F:001E:0x0503 -> 00:003F:001E:0x0200 0x3C10, tLen 85 dLen 64
12-30 22:17:48.251	          linker	[Debug]	        dji_protocol_v3.c:266  <0x8ce6>V3-Send: 03:003F:001E:0x0503 -> 00:003F:001E:0x0300 0x3C10, tLen 85 dLen 64
12-30 22:17:48.251	          linker	[Debug]	        dji_protocol_v3.c:266  <0x8ce7>V3-Send: 03:003F:001E:0x0503 -> 00:003F:001E:0x1104 0x3C10, tLen 85 dLen 64
12-30 22:17:48.251	          linker	[Debug]	        dji_protocol_v3.c:266  <0x8ce8>V3-Send: 03:003F:001E:0x0503 -> 00:003F:001E:0x0701 0x3C10, tLen 85 dLen 64
12-30 22:17:48.252	          linker	[Debug]	        dji_protocol_v3.c:266  <0x8ce9>V3-Send: 03:003F:001E:0x0503 -> 00:003F:001E:0x1100 0x3C10, tLen 85 dLen 64
12-30 22:17:48.307	          linker	[Debug]	        dji_protocol_v3.c:387  <0x535e>V3-Recv: 00:003F:001E:0x1204 -> 03:003F:001E:0x0503 0x4900, tLen 23 dLen 2
12-30 22:17:48.307	          linker	[Debug]	        dji_protocol_v3.c:506  0:0x1204 convert to 0092(0x1204)
12-30 22:17:48.307	          linker	[Debug]	        dji_protocol_v3.c:506  3:0x0503 convert to 0065(0x0503)
12-30 22:17:48.307	          linker	[Debug]	            dji_command.c:1128  <0x535e>Receive msg from linker, 0x1204(0x0092)->0x0503(0x0065) 0x4900 len:2
12-30 22:17:48.307	          linker	[Debug]	        dji_protocol_v3.c:266  <0x535e>V3-Send: 03:003F:001E:0x0503 -> 00:003F:001E:0x1204 0x4900, tLen 23 dLen 2
12-30 22:17:48.311	          linker	[Debug]	        dji_protocol_v3.c:266  <0x8cea>V3-Send: 03:003F:001E:0x0503 -> 00:003F:001E:0x0200 0x3C1F, tLen 58 dLen 37
12-30 22:17:48.320	          linker	[Debug]	        dji_protocol_v3.c:266  <0x8ceb>V3-Send: 03:003F:001E:0x0503 -> 00:003F:001E:0x0200 0x3C1B, tLen 77 dLen 56
12-30 22:17:48.326	          linker	[Debug]	        dji_protocol_v3.c:387  <0x5362>V3-Recv: 00:003F:001E:0x1204 -> 03:003F:001E:0x0503 0x22AD, tLen 68 dLen 47
12-30 22:17:48.327	          linker	[Debug]	        dji_protocol_v3.c:506  0:0x1204 convert to 0092(0x1204)
12-30 22:17:48.327	          linker	[Debug]	        dji_protocol_v3.c:266  <0x8cec>V3-Send: 03:003F:001E:0x0503 -> 00:003F:001E:0x0801 0x0000, tLen 21 dLen 0
12-30 22:17:48.327	          linker	[Debug]	        dji_protocol_v3.c:506  3:0x0503 convert to 0065(0x0503)
12-30 22:17:48.327	           infor	[Debug]	dji_aircraft_connection.c:170  check connect status:1
12-30 22:17:48.328	          linker	[Debug]	            dji_command.c:1128  <0x5362>Receive msg from linker, 0x1204(0x0092)->0x0503(0x0065) 0x22AD len:47
12-30 22:17:48.328	          linker	[Debug]	            dji_command.c:980  received unsupport request cmd that need ack, <0x5362> cmdset: 0x22 cmdid: 0xAD
12-30 22:17:48.340	          linker	[Debug]	        dji_protocol_v3.c:387  <0x8cec>V3-Recv: 00:003F:001E:0x0801 -> 03:003F:001E:0x0503 0x0000, tLen 22 dLen 1
12-30 22:17:48.340	          linker	[Debug]	        dji_protocol_v3.c:506  0:0x0801 convert to 0028(0x0801)
12-30 22:17:48.340	          linker	[Debug]	        dji_protocol_v3.c:506  3:0x0503 convert to 0065(0x0503)
12-30 22:17:48.341	          linker	[Debug]	            dji_command.c:1128  <0x8cec>Receive msg from linker, 0x0801(0x0028)->0x0503(0x0065) 0x0000 len:1
12-30 22:17:48.341	           infor	[Debug]	dji_aircraft_connection.c:303  connect status async sucess
12-30 22:17:48.341	          linker	[Debug]	            dji_command.c:890  callback function (cmdset: 0x00 cmdid: 0x00) deal time: 0 ms
12-30 22:17:48.407	          linker	[Debug]	        dji_protocol_v3.c:387  <0x536e>V3-Recv: 00:003F:001E:0x1204 -> 03:003F:001E:0x0503 0x4900, tLen 23 dLen 2
12-30 22:17:48.407	          linker	[Debug]	        dji_protocol_v3.c:506  0:0x1204 convert to 0092(0x1204)
12-30 22:17:48.407	          linker	[Debug]	        dji_protocol_v3.c:506  3:0x0503 convert to 0065(0x0503)
12-30 22:17:48.407	          linker	[Debug]	            dji_command.c:1128  <0x536e>Receive msg from linker, 0x1204(0x0092)->0x0503(0x0065) 0x4900 len:2
12-30 22:17:48.407	          linker	[Debug]	        dji_protocol_v3.c:266  <0x536e>V3-Send: 03:003F:001E:0x0503 -> 00:003F:001E:0x1204 0x4900, tLen 23 dLen 2
12-30 22:17:48.427	          linker	[Debug]	        dji_protocol_v3.c:387  <0x5372>V3-Recv: 00:003F:001E:0x1204 -> 03:003F:001E:0x0503 0x22AD, tLen 68 dLen 47
12-30 22:17:48.427	          linker	[Debug]	        dji_protocol_v3.c:506  0:0x1204 convert to 0092(0x1204)
12-30 22:17:48.427	          linker	[Debug]	        dji_protocol_v3.c:506  3:0x0503 convert to 0065(0x0503)
12-30 22:17:48.428	          linker	[Debug]	            dji_command.c:1128  <0x5372>Receive msg from linker, 0x1204(0x0092)->0x0503(0x0065) 0x22AD len:47
12-30 22:17:48.428	          linker	[Debug]	            dji_command.c:980  received unsupport request cmd that need ack, <0x5372> cmdset: 0x22 cmdid: 0xAD
12-30 22:17:48.440	          linker	[Debug]	        dji_protocol_v3.c:387  <0x5d54>V3-Recv: 00:003F:001E:0x0300 -> 03:003F:001E:0x0503 0x3C57, tLen 37 dLen 16
12-30 22:17:48.440	          linker	[Debug]	        dji_protocol_v3.c:506  0:0x0300 convert to 0003(0x0300)
12-30 22:17:48.440	          linker	[Debug]	        dji_protocol_v3.c:506  3:0x0503 convert to 0065(0x0503)
12-30 22:17:48.441	          linker	[Debug]	            dji_command.c:1128  <0x5d54>Receive msg from linker, 0x0300(0x0003)->0x0503(0x0065) 0x3C57 len:16
12-30 22:17:48.441	          linker	[Debug]	            dji_command.c:980  received unsupport request cmd that noneed ack, <0x5d54> cmdset: 0x3C cmdid: 0x57
12-30 22:17:48.466	          linker	[Debug]	        dji_protocol_v1.c:189  <0x8ced>V1-Send: 0x0503->0x1007 0x198B
12-30 22:17:48.466	          linker	[Debug]	        dji_protocol_v3.c:266  <0x8cee>V3-Send: 03:003F:001E:0x0503 -> 00:003F:001E:0x0200 0x3C10, tLen 85 dLen 64
12-30 22:17:48.467	          linker	[Debug]	        dji_protocol_v3.c:266  <0x8cef>V3-Send: 03:003F:001E:0x0503 -> 00:003F:001E:0x0300 0x3C10, tLen 85 dLen 64
12-30 22:17:48.467	          linker	[Debug]	        dji_protocol_v3.c:266  <0x8cf0>V3-Send: 03:003F:001E:0x0503 -> 00:003F:001E:0x1104 0x3C10, tLen 85 dLen 64
12-30 22:17:48.467	          linker	[Debug]	        dji_protocol_v3.c:266  <0x8cf1>V3-Send: 03:003F:001E:0x0503 -> 00:003F:001E:0x0701 0x3C10, tLen 85 dLen 64
12-30 22:17:48.467	          linker	[Debug]	        dji_protocol_v3.c:266  <0x8cf2>V3-Send: 03:003F:001E:0x0503 -> 00:003F:001E:0x1100 0x3C10, tLen 85 dLen 64
12-30 22:17:48.507	          linker	[Debug]	        dji_protocol_v3.c:387  <0x537a>V3-Recv: 00:003F:001E:0x1204 -> 03:003F:001E:0x0503 0x4900, tLen 23 dLen 2
12-30 22:17:48.507	          linker	[Debug]	        dji_protocol_v3.c:506  0:0x1204 convert to 0092(0x1204)
12-30 22:17:48.507	          linker	[Debug]	        dji_protocol_v3.c:506  3:0x0503 convert to 0065(0x0503)
12-30 22:17:48.508	          linker	[Debug]	            dji_command.c:1128  <0x537a>Receive msg from linker, 0x1204(0x0092)->0x0503(0x0065) 0x4900 len:2
12-30 22:17:48.508	          linker	[Debug]	        dji_protocol_v3.c:266  <0x537a>V3-Send: 03:003F:001E:0x0503 -> 00:003F:001E:0x1204 0x4900, tLen 23 dLen 2
12-30 22:17:48.508	            user	[Info]	                 main.cpp:71   --> Step 1: Init camera manager module
12-30 22:17:48.508	          linker	[Debug]	            dji_command.c:733  Reg command handle list success, index:12
12-30 22:17:48.508	         channel	[Info]	dji_camera_manager_media_downloader.c:393  Ready to create data stream bulk channel: ishost 0, v2ca3p3181, itf 3, epout 03, epin 84, virchnl 2
12-30 22:17:48.508	         channel	[Debug]	dji_stream_channel_usbbulk.c:128  USBBULK channel create, ifhost 0, vid:pid 2ca3:3181, itf 3 epin 132 epout 3, channel id 2
12-30 22:17:48.509	         channel	[Debug]	dji_stream_channel_usbbulk.c:228  Register usb bulk recv data callback, channel:2, index:0.
12-30 22:17:48.509	      downloader	[Info]	dji_camera_manager_media_downloader.c:577  init hms module.
12-30 22:17:48.509	             hms	[Debug]	  dji_hms_customization.c:92   hms customization init success.
12-30 22:17:48.509	          linker	[Debug]	            dji_command.c:733  Reg command handle list success, index:13
12-30 22:17:48.509	             sub	[Debug]	dji_data_subscription_dds_v3.c:425  Start subscribe topic name = multi_stream_fusion_mode, topic index = 0 @Agent 0x0801 filterhost 0x0100
12-30 22:17:48.509	          linker	[Debug]	        dji_protocol_v3.c:266  <0x8cf3>V3-Send: 03:003F:001E:0x0503 -> 00:003F:001E:0x0801 0x0099, tLen 59 dLen 38
12-30 22:17:48.510	          linker	[Debug]	        dji_protocol_v1.c:189  <0x8cf4>V1-Send: 0x0503->0x1D02 0x00F0
12-30 22:17:48.511	          linker	[Debug]	        dji_protocol_v3.c:266  <0x8cf5>V3-Send: 03:003F:001E:0x0503 -> 00:003F:001E:0x0200 0x3C1F, tLen 58 dLen 37
12-30 22:17:48.517	          linker	[Debug]	        dji_protocol_v3.c:387  <0x8cf3>V3-Recv: 00:003F:001E:0x0801 -> 03:003F:001E:0x0503 0x0099, tLen 30 dLen 9
12-30 22:17:48.517	          linker	[Debug]	        dji_protocol_v3.c:506  0:0x0801 convert to 0028(0x0801)
12-30 22:17:48.517	          linker	[Debug]	        dji_protocol_v3.c:506  3:0x0503 convert to 0065(0x0503)
12-30 22:17:48.517	          linker	[Debug]	            dji_command.c:1128  <0x8cf3>Receive msg from linker, 0x0801(0x0028)->0x0503(0x0065) 0x0099 len:9
12-30 22:17:48.518	          linker	[Debug]	            dji_command.c:1076 PsdkCommand_SendSyncCallback success
12-30 22:17:48.518	          linker	[Debug]	            dji_command.c:890  callback function (cmdset: 0x00 cmdid: 0x99) deal time: 0 ms
12-30 22:17:48.518	          linker	[Debug]	            dji_command.c:612  sendSync callback success
12-30 22:17:48.518	          linker	[Debug]	        dji_protocol_v3.c:266  <0x8cf6>V3-Send: 03:003F:001E:0x0503 -> 00:003F:001E:0x0801 0x0099, tLen 57 dLen 36
12-30 22:17:48.521	          linker	[Debug]	        dji_protocol_v1.c:189  <0x8cf7>V1-Send: 0x0503->0x1D02 0x00F0
12-30 22:17:48.531	          linker	[Debug]	        dji_protocol_v1.c:189  <0x8cf8>V1-Send: 0x0503->0x1D02 0x00F0
12-30 22:17:48.536	          linker	[Debug]	        dji_protocol_v3.c:266  <0x8cf9>V3-Send: 03:003F:001E:0x0503 -> 00:003F:001E:0x0200 0x3C1B, tLen 77 dLen 56
12-30 22:17:48.536	          linker	[Debug]	        dji_protocol_v3.c:387  <0x8cf6>V3-Recv: 00:003F:001E:0x0801 -> 03:003F:001E:0x0503 0x0099, tLen 30 dLen 9
12-30 22:17:48.536	          linker	[Debug]	        dji_protocol_v3.c:506  0:0x0801 convert to 0028(0x0801)
12-30 22:17:48.536	          linker	[Debug]	        dji_protocol_v3.c:506  3:0x0503 convert to 0065(0x0503)
12-30 22:17:48.536	          linker	[Debug]	        dji_protocol_v3.c:387  <0x5382>V3-Recv: 00:003F:001E:0x1204 -> 03:003F:001E:0x0503 0x22AD, tLen 68 dLen 47
12-30 22:17:48.536	          linker	[Debug]	        dji_protocol_v3.c:506  0:0x1204 convert to 0092(0x1204)
12-30 22:17:48.536	          linker	[Debug]	        dji_protocol_v3.c:506  3:0x0503 convert to 0065(0x0503)
12-30 22:17:48.537	          linker	[Debug]	            dji_command.c:1128  <0x8cf6>Receive msg from linker, 0x0801(0x0028)->0x0503(0x0065) 0x0099 len:9
12-30 22:17:48.537	          linker	[Debug]	            dji_command.c:1076 PsdkCommand_SendSyncCallback success
12-30 22:17:48.537	          linker	[Debug]	            dji_command.c:890  callback function (cmdset: 0x00 cmdid: 0x99) deal time: 0 ms
12-30 22:17:48.537	          linker	[Debug]	            dji_command.c:612  sendSync callback success
12-30 22:17:48.537	             sub	[Debug]	dji_data_subscription_xrce_v3.c:261  Successfully update topic multi_stream_fusion_mode period to 1000 ms
12-30 22:17:48.537	             sub	[Debug]	dji_data_subscription_dds_v3.c:465  topic multi_stream_fusion_mode owns 1 subscriber
12-30 22:17:48.537	             sub	[Debug]	dji_camera_manager_ir_manager.c:1485 subscribedTopicTable[0] pos 1 type 0 topic 16777218
12-30 22:17:48.537	             sub	[Debug]	dji_data_subscription_dds_v3.c:425  Start subscribe topic name = cam_status, topic index = 1 @Agent 0x0801 filterhost 0x0100
12-30 22:17:48.537	          linker	[Debug]	        dji_protocol_v3.c:266  <0x8cfa>V3-Send: 03:003F:001E:0x0503 -> 00:003F:001E:0x0801 0x0099, tLen 45 dLen 24
12-30 22:17:48.538	          linker	[Debug]	            dji_command.c:1128  <0x5382>Receive msg from linker, 0x1204(0x0092)->0x0503(0x0065) 0x22AD len:47
12-30 22:17:48.538	          linker	[Debug]	            dji_command.c:980  received unsupport request cmd that need ack, <0x5382> cmdset: 0x22 cmdid: 0xAD
12-30 22:17:48.554	          linker	[Debug]	        dji_protocol_v3.c:387  <0x8cfa>V3-Recv: 00:003F:001E:0x0801 -> 03:003F:001E:0x0503 0x0099, tLen 30 dLen 9
12-30 22:17:48.554	          linker	[Debug]	        dji_protocol_v3.c:506  0:0x0801 convert to 0028(0x0801)
12-30 22:17:48.554	          linker	[Debug]	        dji_protocol_v3.c:506  3:0x0503 convert to 0065(0x0503)
12-30 22:17:48.554	          linker	[Debug]	        dji_protocol_v3.c:387  <0x199>V3-Recv: 00:003F:001E:0x0801 -> 03:003F:001E:0x0503 0x0099, tLen 56 dLen 35
12-30 22:17:48.554	          linker	[Debug]	        dji_protocol_v3.c:506  0:0x0801 convert to 0028(0x0801)
12-30 22:17:48.554	          linker	[Debug]	        dji_protocol_v3.c:506  3:0x0503 convert to 0065(0x0503)
12-30 22:17:48.555	          linker	[Debug]	            dji_command.c:1128  <0x8cfa>Receive msg from linker, 0x0801(0x0028)->0x0503(0x0065) 0x0099 len:9
12-30 22:17:48.555	          linker	[Debug]	            dji_command.c:1076 PsdkCommand_SendSyncCallback success
12-30 22:17:48.555	          linker	[Debug]	            dji_command.c:890  callback function (cmdset: 0x00 cmdid: 0x99) deal time: 0 ms
12-30 22:17:48.555	          linker	[Debug]	            dji_command.c:612  sendSync callback success
12-30 22:17:48.555	          linker	[Debug]	        dji_protocol_v3.c:266  <0x8cfb>V3-Send: 03:003F:001E:0x0503 -> 00:003F:001E:0x0801 0x0099, tLen 43 dLen 22
12-30 22:17:48.556	          linker	[Debug]	            dji_command.c:1128  <0x199>Receive msg from linker, 0x0801(0x0028)->0x0503(0x0065) 0x0099 len:35
12-30 22:17:48.570	          linker	[Debug]	        dji_protocol_v3.c:387  <0x8cfb>V3-Recv: 00:003F:001E:0x0801 -> 03:003F:001E:0x0503 0x0099, tLen 30 dLen 9
12-30 22:17:48.570	          linker	[Debug]	        dji_protocol_v3.c:506  0:0x0801 convert to 0028(0x0801)
12-30 22:17:48.570	          linker	[Debug]	        dji_protocol_v3.c:506  3:0x0503 convert to 0065(0x0503)
12-30 22:17:48.571	          linker	[Debug]	            dji_command.c:1128  <0x8cfb>Receive msg from linker, 0x0801(0x0028)->0x0503(0x0065) 0x0099 len:9
12-30 22:17:48.571	          linker	[Debug]	            dji_command.c:1076 PsdkCommand_SendSyncCallback success
12-30 22:17:48.571	          linker	[Debug]	            dji_command.c:890  callback function (cmdset: 0x00 cmdid: 0x99) deal time: 0 ms
12-30 22:17:48.571	          linker	[Debug]	            dji_command.c:612  sendSync callback success
12-30 22:17:48.572	             sub	[Debug]	dji_data_subscription_xrce_v3.c:261  Successfully update topic cam_status period to 1000 ms
12-30 22:17:48.572	             sub	[Debug]	dji_data_subscription_dds_v3.c:465  topic cam_status owns 1 subscriber
12-30 22:17:48.572	             sub	[Debug]	dji_camera_manager_ir_manager.c:1485 subscribedTopicTable[1] pos 1 type 0 topic 16777219
12-30 22:17:48.572	             sub	[Debug]	dji_data_subscription_dds_v3.c:425  Start subscribe topic name = cam_lens_state, topic index = 2 @Agent 0x0801 filterhost 0x0100
12-30 22:17:48.572	          linker	[Debug]	        dji_protocol_v3.c:266  <0x8cfc>V3-Send: 03:003F:001E:0x0503 -> 00:003F:001E:0x0801 0x0099, tLen 49 dLen 28
12-30 22:17:48.583	          linker	[Debug]	        dji_protocol_v3.c:387  <0x8cfc>V3-Recv: 00:003F:001E:0x0801 -> 03:003F:001E:0x0503 0x0099, tLen 30 dLen 9
12-30 22:17:48.583	          linker	[Debug]	        dji_protocol_v3.c:506  0:0x0801 convert to 0028(0x0801)
12-30 22:17:48.583	          linker	[Debug]	        dji_protocol_v3.c:506  3:0x0503 convert to 0065(0x0503)
12-30 22:17:48.583	          linker	[Debug]	        dji_protocol_v3.c:387  <0x19a>V3-Recv: 00:003F:001E:0x0801 -> 03:003F:001E:0x0503 0x0099, tLen 98 dLen 77
12-30 22:17:48.583	          linker	[Debug]	        dji_protocol_v3.c:506  0:0x0801 convert to 0028(0x0801)
12-30 22:17:48.584	          linker	[Debug]	        dji_protocol_v3.c:506  3:0x0503 convert to 0065(0x0503)
12-30 22:17:48.584	          linker	[Debug]	        dji_protocol_v3.c:387  <0xcfa3>V3-Recv: 00:0001:0000:0x0202 -> 03:0000:0001:0x0503 0x3C20, tLen 22 dLen 1
12-30 22:17:48.584	          linker	[Debug]	        dji_protocol_v3.c:506  0:0x0202 convert to 0042(0x0202)
12-30 22:17:48.584	          linker	[Debug]	        dji_protocol_v3.c:506  3:0x0503 convert to 0065(0x0503)
12-30 22:17:48.584	          linker	[Debug]	            dji_command.c:1128  <0x8cfc>Receive msg from linker, 0x0801(0x0028)->0x0503(0x0065) 0x0099 len:9
12-30 22:17:48.584	          linker	[Debug]	            dji_command.c:1076 PsdkCommand_SendSyncCallback success
12-30 22:17:48.584	          linker	[Debug]	            dji_command.c:890  callback function (cmdset: 0x00 cmdid: 0x99) deal time: 0 ms
12-30 22:17:48.584	          linker	[Debug]	            dji_command.c:612  sendSync callback success
12-30 22:17:48.584	          linker	[Debug]	        dji_protocol_v3.c:266  <0x8cfd>V3-Send: 03:003F:001E:0x0503 -> 00:003F:001E:0x0801 0x0099, tLen 47 dLen 26
12-30 22:17:48.585	          linker	[Debug]	            dji_command.c:1128  <0x19a>Receive msg from linker, 0x0801(0x0028)->0x0503(0x0065) 0x0099 len:77
12-30 22:17:48.587	          linker	[Debug]	            dji_command.c:1128  <0xcfa3>Receive msg from linker, 0x0202(0x0042)->0x0503(0x0065) 0x3C20 len:1
12-30 22:17:48.587	          linker	[Debug]	            dji_command.c:980  received unsupport request cmd that need ack, <0xcfa3> cmdset: 0x3C cmdid: 0x20
12-30 22:17:48.599	          linker	[Debug]	        dji_protocol_v3.c:387  <0x8cfd>V3-Recv: 00:003F:001E:0x0801 -> 03:003F:001E:0x0503 0x0099, tLen 30 dLen 9
12-30 22:17:48.599	          linker	[Debug]	        dji_protocol_v3.c:506  0:0x0801 convert to 0028(0x0801)
12-30 22:17:48.599	          linker	[Debug]	        dji_protocol_v3.c:506  3:0x0503 convert to 0065(0x0503)
12-30 22:17:48.599	          linker	[Debug]	            dji_command.c:1128  <0x8cfd>Receive msg from linker, 0x0801(0x0028)->0x0503(0x0065) 0x0099 len:9
12-30 22:17:48.600	          linker	[Debug]	            dji_command.c:1076 PsdkCommand_SendSyncCallback success
12-30 22:17:48.600	          linker	[Debug]	            dji_command.c:890  callback function (cmdset: 0x00 cmdid: 0x99) deal time: 0 ms
12-30 22:17:48.600	          linker	[Debug]	            dji_command.c:612  sendSync callback success
12-30 22:17:48.600	             sub	[Debug]	dji_data_subscription_xrce_v3.c:261  Successfully update topic cam_lens_state period to 1000 ms
12-30 22:17:48.600	             sub	[Debug]	dji_data_subscription_dds_v3.c:465  topic cam_lens_state owns 1 subscriber
12-30 22:17:48.600	             sub	[Debug]	dji_camera_manager_ir_manager.c:1485 subscribedTopicTable[2] pos 1 type 0 topic 16777220
12-30 22:17:48.600	             sub	[Debug]	dji_data_subscription_dds_v3.c:425  Start subscribe topic name = cam_photo_param, topic index = 3 @Agent 0x0801 filterhost 0x0100
12-30 22:17:48.600	          linker	[Debug]	        dji_protocol_v3.c:266  <0x8cfe>V3-Send: 03:003F:001E:0x0503 -> 00:003F:001E:0x0801 0x0099, tLen 50 dLen 29
12-30 22:17:48.614	          linker	[Debug]	        dji_protocol_v3.c:387  <0x19b>V3-Recv: 00:003F:001E:0x0801 -> 03:003F:001E:0x0503 0x0099, tLen 65 dLen 44
12-30 22:17:48.614	          linker	[Debug]	        dji_protocol_v3.c:506  0:0x0801 convert to 0028(0x0801)
12-30 22:17:48.614	          linker	[Debug]	        dji_protocol_v3.c:506  3:0x0503 convert to 0065(0x0503)
12-30 22:17:48.614	          linker	[Debug]	        dji_protocol_v3.c:387  <0x8cfe>V3-Recv: 00:003F:001E:0x0801 -> 03:003F:001E:0x0503 0x0099, tLen 30 dLen 9
12-30 22:17:48.614	          linker	[Debug]	        dji_protocol_v3.c:506  0:0x0801 convert to 0028(0x0801)
12-30 22:17:48.614	          linker	[Debug]	        dji_protocol_v3.c:506  3:0x0503 convert to 0065(0x0503)
12-30 22:17:48.614	          linker	[Debug]	        dji_protocol_v3.c:387  <0x538e>V3-Recv: 00:003F:001E:0x1204 -> 03:003F:001E:0x0503 0x4900, tLen 23 dLen 2
12-30 22:17:48.614	          linker	[Debug]	        dji_protocol_v3.c:506  0:0x1204 convert to 0092(0x1204)
12-30 22:17:48.614	          linker	[Debug]	        dji_protocol_v3.c:506  3:0x0503 convert to 0065(0x0503)
12-30 22:17:48.614	          linker	[Debug]	            dji_command.c:1128  <0x19b>Receive msg from linker, 0x0801(0x0028)->0x0503(0x0065) 0x0099 len:44
12-30 22:17:48.616	          linker	[Debug]	            dji_command.c:1128  <0x8cfe>Receive msg from linker, 0x0801(0x0028)->0x0503(0x0065) 0x0099 len:9
12-30 22:17:48.616	          linker	[Debug]	            dji_command.c:1076 PsdkCommand_SendSyncCallback success
12-30 22:17:48.616	          linker	[Debug]	            dji_command.c:890  callback function (cmdset: 0x00 cmdid: 0x99) deal time: 0 ms
12-30 22:17:48.616	          linker	[Debug]	            dji_command.c:612  sendSync callback success
12-30 22:17:48.616	          linker	[Debug]	        dji_protocol_v3.c:266  <0x8cff>V3-Send: 03:003F:001E:0x0503 -> 00:003F:001E:0x0801 0x0099, tLen 48 dLen 27
12-30 22:17:48.617	          linker	[Debug]	            dji_command.c:1128  <0x538e>Receive msg from linker, 0x1204(0x0092)->0x0503(0x0065) 0x4900 len:2
12-30 22:17:48.617	          linker	[Debug]	        dji_protocol_v3.c:266  <0x538e>V3-Send: 03:003F:001E:0x0503 -> 00:003F:001E:0x1204 0x4900, tLen 23 dLen 2
12-30 22:17:48.626	          linker	[Debug]	        dji_protocol_v3.c:387  <0x8cff>V3-Recv: 00:003F:001E:0x0801 -> 03:003F:001E:0x0503 0x0099, tLen 30 dLen 9
12-30 22:17:48.627	          linker	[Debug]	        dji_protocol_v3.c:506  0:0x0801 convert to 0028(0x0801)
12-30 22:17:48.627	          linker	[Debug]	        dji_protocol_v3.c:506  3:0x0503 convert to 0065(0x0503)
12-30 22:17:48.627	          linker	[Debug]	        dji_protocol_v3.c:387  <0x5392>V3-Recv: 00:003F:001E:0x1204 -> 03:003F:001E:0x0503 0x22AD, tLen 68 dLen 47
12-30 22:17:48.627	          linker	[Debug]	        dji_protocol_v3.c:506  0:0x1204 convert to 0092(0x1204)
12-30 22:17:48.627	          linker	[Debug]	        dji_protocol_v3.c:506  3:0x0503 convert to 0065(0x0503)
12-30 22:17:48.627	          linker	[Debug]	            dji_command.c:1128  <0x8cff>Receive msg from linker, 0x0801(0x0028)->0x0503(0x0065) 0x0099 len:9
12-30 22:17:48.627	          linker	[Debug]	            dji_command.c:1076 PsdkCommand_SendSyncCallback success
12-30 22:17:48.627	          linker	[Debug]	            dji_command.c:890  callback function (cmdset: 0x00 cmdid: 0x99) deal time: 0 ms
12-30 22:17:48.627	          linker	[Debug]	            dji_command.c:612  sendSync callback success
12-30 22:17:48.627	             sub	[Debug]	dji_data_subscription_xrce_v3.c:261  Successfully update topic cam_photo_param period to 1000 ms
12-30 22:17:48.627	             sub	[Debug]	dji_data_subscription_dds_v3.c:465  topic cam_photo_param owns 1 subscriber
12-30 22:17:48.627	             sub	[Debug]	dji_camera_manager_ir_manager.c:1485 subscribedTopicTable[3] pos 1 type 0 topic 16777221
12-30 22:17:48.627	             sub	[Debug]	dji_data_subscription_dds_v3.c:425  Start subscribe topic name = cam_record_time, topic index = 4 @Agent 0x0801 filterhost 0x0100
12-30 22:17:48.627	          linker	[Debug]	        dji_protocol_v3.c:266  <0x8d00>V3-Send: 03:003F:001E:0x0503 -> 00:003F:001E:0x0801 0x0099, tLen 50 dLen 29
12-30 22:17:48.628	          linker	[Debug]	            dji_command.c:1128  <0x5392>Receive msg from linker, 0x1204(0x0092)->0x0503(0x0065) 0x22AD len:47
12-30 22:17:48.628	          linker	[Debug]	            dji_command.c:980  received unsupport request cmd that need ack, <0x5392> cmdset: 0x22 cmdid: 0xAD
12-30 22:17:48.640	          linker	[Debug]	        dji_protocol_v3.c:387  <0x8d00>V3-Recv: 00:003F:001E:0x0801 -> 03:003F:001E:0x0503 0x0099, tLen 30 dLen 9
12-30 22:17:48.640	          linker	[Debug]	        dji_protocol_v3.c:506  0:0x0801 convert to 0028(0x0801)
12-30 22:17:48.640	          linker	[Debug]	        dji_protocol_v3.c:506  3:0x0503 convert to 0065(0x0503)
12-30 22:17:48.640	          linker	[Debug]	        dji_protocol_v3.c:387  <0x19c>V3-Recv: 00:003F:001E:0x0801 -> 03:003F:001E:0x0503 0x0099, tLen 58 dLen 37
12-30 22:17:48.640	          linker	[Debug]	        dji_protocol_v3.c:506  0:0x0801 convert to 0028(0x0801)
12-30 22:17:48.640	          linker	[Debug]	        dji_protocol_v3.c:506  3:0x0503 convert to 0065(0x0503)
12-30 22:17:48.640	          linker	[Debug]	        dji_protocol_v3.c:387  <0x5ebd>V3-Recv: 00:003F:001E:0x0300 -> 03:003F:001E:0x0503 0x3C57, tLen 37 dLen 16
12-30 22:17:48.640	          linker	[Debug]	        dji_protocol_v3.c:506  0:0x0300 convert to 0003(0x0300)
12-30 22:17:48.640	          linker	[Debug]	        dji_protocol_v3.c:506  3:0x0503 convert to 0065(0x0503)
12-30 22:17:48.641	          linker	[Debug]	            dji_command.c:1128  <0x8d00>Receive msg from linker, 0x0801(0x0028)->0x0503(0x0065) 0x0099 len:9
12-30 22:17:48.641	          linker	[Debug]	            dji_command.c:1076 PsdkCommand_SendSyncCallback success
12-30 22:17:48.641	          linker	[Debug]	            dji_command.c:890  callback function (cmdset: 0x00 cmdid: 0x99) deal time: 0 ms
12-30 22:17:48.641	          linker	[Debug]	            dji_command.c:612  sendSync callback success
12-30 22:17:48.641	          linker	[Debug]	        dji_protocol_v3.c:266  <0x8d01>V3-Send: 03:003F:001E:0x0503 -> 00:003F:001E:0x0801 0x0099, tLen 48 dLen 27
12-30 22:17:48.642	          linker	[Debug]	            dji_command.c:1128  <0x19c>Receive msg from linker, 0x0801(0x0028)->0x0503(0x0065) 0x0099 len:37
12-30 22:17:48.643	          linker	[Debug]	            dji_command.c:1128  <0x5ebd>Receive msg from linker, 0x0300(0x0003)->0x0503(0x0065) 0x3C57 len:16
12-30 22:17:48.643	          linker	[Debug]	            dji_command.c:980  received unsupport request cmd that noneed ack, <0x5ebd> cmdset: 0x3C cmdid: 0x57
12-30 22:17:48.648	          linker	[Debug]	        dji_protocol_v1.c:309  <0x2030>V1-Recv: 0x0A06->0x0503 0x0866
12-30 22:17:48.649	          linker	[Debug]	            dji_command.c:1128  <0x2030>Receive msg from linker, 0x0A06(0x00CA)->0x0503(0x0065) 0x0866 len:102
12-30 22:17:48.649	          linker	[Debug]	            dji_command.c:980  received unsupport request cmd that noneed ack, <0x2030> cmdset: 0x08 cmdid: 0x66
12-30 22:17:48.655	          linker	[Debug]	        dji_protocol_v3.c:387  <0x8d01>V3-Recv: 00:003F:001E:0x0801 -> 03:003F:001E:0x0503 0x0099, tLen 30 dLen 9
12-30 22:17:48.655	          linker	[Debug]	        dji_protocol_v3.c:506  0:0x0801 convert to 0028(0x0801)
12-30 22:17:48.655	          linker	[Debug]	        dji_protocol_v3.c:506  3:0x0503 convert to 0065(0x0503)
12-30 22:17:48.656	          linker	[Debug]	            dji_command.c:1128  <0x8d01>Receive msg from linker, 0x0801(0x0028)->0x0503(0x0065) 0x0099 len:9
12-30 22:17:48.656	          linker	[Debug]	            dji_command.c:1076 PsdkCommand_SendSyncCallback success
12-30 22:17:48.656	          linker	[Debug]	            dji_command.c:890  callback function (cmdset: 0x00 cmdid: 0x99) deal time: 0 ms
12-30 22:17:48.656	          linker	[Debug]	            dji_command.c:612  sendSync callback success
12-30 22:17:48.656	             sub	[Debug]	dji_data_subscription_xrce_v3.c:261  Successfully update topic cam_record_time period to 1000 ms
12-30 22:17:48.656	             sub	[Debug]	dji_data_subscription_dds_v3.c:465  topic cam_record_time owns 1 subscriber
12-30 22:17:48.656	             sub	[Debug]	dji_camera_manager_ir_manager.c:1485 subscribedTopicTable[4] pos 1 type 0 topic 16777222
12-30 22:17:48.656	             sub	[Debug]	dji_data_subscription_dds_v3.c:425  Start subscribe topic name = cam_storage, topic index = 5 @Agent 0x0801 filterhost 0x0100
12-30 22:17:48.656	          linker	[Debug]	        dji_protocol_v3.c:266  <0x8d02>V3-Send: 03:003F:001E:0x0503 -> 00:003F:001E:0x0801 0x0099, tLen 46 dLen 25
12-30 22:17:48.669	          linker	[Debug]	        dji_protocol_v3.c:387  <0x8d02>V3-Recv: 00:003F:001E:0x0801 -> 03:003F:001E:0x0503 0x0099, tLen 30 dLen 9
12-30 22:17:48.669	          linker	[Debug]	        dji_protocol_v3.c:506  0:0x0801 convert to 0028(0x0801)
12-30 22:17:48.669	          linker	[Debug]	        dji_protocol_v3.c:506  3:0x0503 convert to 0065(0x0503)
12-30 22:17:48.669	          linker	[Debug]	        dji_protocol_v3.c:387  <0x19d>V3-Recv: 00:003F:001E:0x0801 -> 03:003F:001E:0x0503 0x0099, tLen 70 dLen 49
12-30 22:17:48.669	          linker	[Debug]	        dji_protocol_v3.c:506  0:0x0801 convert to 0028(0x0801)
12-30 22:17:48.669	          linker	[Debug]	        dji_protocol_v3.c:506  3:0x0503 convert to 0065(0x0503)
12-30 22:17:48.669	          linker	[Debug]	            dji_command.c:1128  <0x8d02>Receive msg from linker, 0x0801(0x0028)->0x0503(0x0065) 0x0099 len:9
12-30 22:17:48.669	          linker	[Debug]	            dji_command.c:1076 PsdkCommand_SendSyncCallback success
12-30 22:17:48.669	          linker	[Debug]	            dji_command.c:890  callback function (cmdset: 0x00 cmdid: 0x99) deal time: 0 ms
12-30 22:17:48.669	          linker	[Debug]	            dji_command.c:612  sendSync callback success
12-30 22:17:48.669	          linker	[Debug]	        dji_protocol_v3.c:266  <0x8d03>V3-Send: 03:003F:001E:0x0503 -> 00:003F:001E:0x0801 0x0099, tLen 44 dLen 23
12-30 22:17:48.670	          linker	[Debug]	            dji_command.c:1128  <0x19d>Receive msg from linker, 0x0801(0x0028)->0x0503(0x0065) 0x0099 len:49
12-30 22:17:48.682	          linker	[Debug]	        dji_protocol_v3.c:387  <0x8d03>V3-Recv: 00:003F:001E:0x0801 -> 03:003F:001E:0x0503 0x0099, tLen 30 dLen 9
12-30 22:17:48.682	          linker	[Debug]	        dji_protocol_v3.c:506  0:0x0801 convert to 0028(0x0801)
12-30 22:17:48.682	          linker	[Debug]	        dji_protocol_v3.c:506  3:0x0503 convert to 0065(0x0503)
12-30 22:17:48.683	          linker	[Debug]	            dji_command.c:1128  <0x8d03>Receive msg from linker, 0x0801(0x0028)->0x0503(0x0065) 0x0099 len:9
12-30 22:17:48.683	          linker	[Debug]	            dji_command.c:1076 PsdkCommand_SendSyncCallback success
12-30 22:17:48.683	          linker	[Debug]	            dji_command.c:890  callback function (cmdset: 0x00 cmdid: 0x99) deal time: 0 ms
12-30 22:17:48.683	          linker	[Debug]	            dji_command.c:612  sendSync callback success
12-30 22:17:48.683	          linker	[Debug]	        dji_protocol_v1.c:189  <0x8d04>V1-Send: 0x0503->0x1007 0x198B
12-30 22:17:48.683	             sub	[Debug]	dji_data_subscription_xrce_v3.c:261  Successfully update topic cam_storage period to 1000 ms
12-30 22:17:48.683	          linker	[Debug]	        dji_protocol_v3.c:266  <0x8d05>V3-Send: 03:003F:001E:0x0503 -> 00:003F:001E:0x0200 0x3C10, tLen 85 dLen 64
12-30 22:17:48.683	             sub	[Debug]	dji_data_subscription_dds_v3.c:465  topic cam_storage owns 1 subscriber
12-30 22:17:48.683	             sub	[Debug]	dji_camera_manager_ir_manager.c:1485 subscribedTopicTable[5] pos 1 type 0 topic 16777223
12-30 22:17:48.683	             sub	[Debug]	dji_data_subscription_dds_v3.c:425  Start subscribe topic name = cam_expo_param, topic index = 6 @Agent 0x0801 filterhost 0x0100
12-30 22:17:48.683	          linker	[Debug]	        dji_protocol_v3.c:266  <0x8d07>V3-Send: 03:003F:001E:0x0503 -> 00:003F:001E:0x0300 0x3C10, tLen 85 dLen 64
12-30 22:17:48.684	          linker	[Debug]	        dji_protocol_v3.c:266  <0x8d08>V3-Send: 03:003F:001E:0x0503 -> 00:003F:001E:0x1104 0x3C10, tLen 85 dLen 64
12-30 22:17:48.684	          linker	[Debug]	        dji_protocol_v3.c:266  <0x8d09>V3-Send: 03:003F:001E:0x0503 -> 00:003F:001E:0x0701 0x3C10, tLen 85 dLen 64
12-30 22:17:48.684	          linker	[Debug]	        dji_protocol_v3.c:266  <0x8d0a>V3-Send: 03:003F:001E:0x0503 -> 00:003F:001E:0x1100 0x3C10, tLen 85 dLen 64
12-30 22:17:48.684	          linker	[Debug]	        dji_protocol_v3.c:266  <0x8d06>V3-Send: 03:003F:001E:0x0503 -> 00:003F:001E:0x0801 0x0099, tLen 49 dLen 28
12-30 22:17:48.694	          linker	[Debug]	        dji_protocol_v3.c:387  <0x8d06>V3-Recv: 00:003F:001E:0x0801 -> 03:003F:001E:0x0503 0x0099, tLen 30 dLen 9
12-30 22:17:48.694	          linker	[Debug]	        dji_protocol_v3.c:506  0:0x0801 convert to 0028(0x0801)
12-30 22:17:48.694	          linker	[Debug]	        dji_protocol_v3.c:506  3:0x0503 convert to 0065(0x0503)
12-30 22:17:48.694	          linker	[Debug]	        dji_protocol_v3.c:387  <0x19e>V3-Recv: 00:003F:001E:0x0801 -> 03:003F:001E:0x0503 0x0099, tLen 95 dLen 74
12-30 22:17:48.694	          linker	[Debug]	        dji_protocol_v3.c:506  0:0x0801 convert to 0028(0x0801)
12-30 22:17:48.694	          linker	[Debug]	        dji_protocol_v3.c:506  3:0x0503 convert to 0065(0x0503)
12-30 22:17:48.695	          linker	[Debug]	            dji_command.c:1128  <0x8d06>Receive msg from linker, 0x0801(0x0028)->0x0503(0x0065) 0x0099 len:9
12-30 22:17:48.695	          linker	[Debug]	            dji_command.c:1076 PsdkCommand_SendSyncCallback success
12-30 22:17:48.695	          linker	[Debug]	            dji_command.c:890  callback function (cmdset: 0x00 cmdid: 0x99) deal time: 0 ms
12-30 22:17:48.695	          linker	[Debug]	            dji_command.c:612  sendSync callback success
12-30 22:17:48.695	          linker	[Debug]	        dji_protocol_v3.c:266  <0x8d0b>V3-Send: 03:003F:001E:0x0503 -> 00:003F:001E:0x0801 0x0099, tLen 47 dLen 26
12-30 22:17:48.696	          linker	[Debug]	            dji_command.c:1128  <0x19e>Receive msg from linker, 0x0801(0x0028)->0x0503(0x0065) 0x0099 len:74
12-30 22:17:48.707	          linker	[Debug]	        dji_protocol_v3.c:387  <0x8d0b>V3-Recv: 00:003F:001E:0x0801 -> 03:003F:001E:0x0503 0x0099, tLen 30 dLen 9
12-30 22:17:48.707	          linker	[Debug]	        dji_protocol_v3.c:506  0:0x0801 convert to 0028(0x0801)
12-30 22:17:48.707	          linker	[Debug]	        dji_protocol_v3.c:506  3:0x0503 convert to 0065(0x0503)
12-30 22:17:48.707	          linker	[Debug]	        dji_protocol_v3.c:387  <0x539e>V3-Recv: 00:003F:001E:0x1204 -> 03:003F:001E:0x0503 0x4900, tLen 23 dLen 2
12-30 22:17:48.707	          linker	[Debug]	        dji_protocol_v3.c:506  0:0x1204 convert to 0092(0x1204)
12-30 22:17:48.707	          linker	[Debug]	        dji_protocol_v3.c:506  3:0x0503 convert to 0065(0x0503)
12-30 22:17:48.708	          linker	[Debug]	            dji_command.c:1128  <0x8d0b>Receive msg from linker, 0x0801(0x0028)->0x0503(0x0065) 0x0099 len:9
12-30 22:17:48.708	          linker	[Debug]	            dji_command.c:1076 PsdkCommand_SendSyncCallback success
12-30 22:17:48.708	          linker	[Debug]	            dji_command.c:890  callback function (cmdset: 0x00 cmdid: 0x99) deal time: 0 ms
12-30 22:17:48.708	          linker	[Debug]	            dji_command.c:612  sendSync callback success
12-30 22:17:48.708	             sub	[Debug]	dji_data_subscription_xrce_v3.c:261  Successfully update topic cam_expo_param period to 1000 ms
12-30 22:17:48.708	             sub	[Debug]	dji_data_subscription_dds_v3.c:465  topic cam_expo_param owns 1 subscriber
12-30 22:17:48.708	             sub	[Debug]	dji_camera_manager_ir_manager.c:1485 subscribedTopicTable[6] pos 1 type 0 topic 16777224
12-30 22:17:48.709	          linker	[Debug]	            dji_command.c:1128  <0x539e>Receive msg from linker, 0x1204(0x0092)->0x0503(0x0065) 0x4900 len:2
12-30 22:17:48.709	          linker	[Debug]	        dji_protocol_v3.c:266  <0x539e>V3-Send: 03:003F:001E:0x0503 -> 00:003F:001E:0x1204 0x4900, tLen 23 dLen 2
12-30 22:17:48.711	          linker	[Debug]	        dji_protocol_v3.c:266  <0x8d0c>V3-Send: 03:003F:001E:0x0503 -> 00:003F:001E:0x0200 0x3C1F, tLen 58 dLen 37
12-30 22:17:48.727	          linker	[Debug]	        dji_protocol_v3.c:387  <0x53a2>V3-Recv: 00:003F:001E:0x1204 -> 03:003F:001E:0x0503 0x22AD, tLen 68 dLen 47
12-30 22:17:48.727	          linker	[Debug]	        dji_protocol_v3.c:506  0:0x1204 convert to 0092(0x1204)
12-30 22:17:48.727	          linker	[Debug]	        dji_protocol_v3.c:506  3:0x0503 convert to 0065(0x0503)
12-30 22:17:48.727	          linker	[Debug]	            dji_command.c:1128  <0x53a2>Receive msg from linker, 0x1204(0x0092)->0x0503(0x0065) 0x22AD len:47
12-30 22:17:48.727	          linker	[Debug]	            dji_command.c:980  received unsupport request cmd that need ack, <0x53a2> cmdset: 0x22 cmdid: 0xAD
12-30 22:17:48.753	          linker	[Debug]	        dji_protocol_v3.c:266  <0x8d0d>V3-Send: 03:003F:001E:0x0503 -> 00:003F:001E:0x0200 0x3C1B, tLen 77 dLen 56
12-30 22:17:48.807	          linker	[Debug]	        dji_protocol_v3.c:387  <0x53ae>V3-Recv: 00:003F:001E:0x1204 -> 03:003F:001E:0x0503 0x4900, tLen 23 dLen 2
12-30 22:17:48.807	          linker	[Debug]	        dji_protocol_v3.c:506  0:0x1204 convert to 0092(0x1204)
12-30 22:17:48.807	          linker	[Debug]	        dji_protocol_v3.c:506  3:0x0503 convert to 0065(0x0503)
12-30 22:17:48.807	          linker	[Debug]	            dji_command.c:1128  <0x53ae>Receive msg from linker, 0x1204(0x0092)->0x0503(0x0065) 0x4900 len:2
12-30 22:17:48.807	          linker	[Debug]	        dji_protocol_v3.c:266  <0x53ae>V3-Send: 03:003F:001E:0x0503 -> 00:003F:001E:0x1204 0x4900, tLen 23 dLen 2
12-30 22:17:48.826	          linker	[Debug]	        dji_protocol_v3.c:387  <0x53b2>V3-Recv: 00:003F:001E:0x1204 -> 03:003F:001E:0x0503 0x22AD, tLen 68 dLen 47
12-30 22:17:48.827	          linker	[Debug]	        dji_protocol_v3.c:506  0:0x1204 convert to 0092(0x1204)
12-30 22:17:48.827	          linker	[Debug]	        dji_protocol_v3.c:506  3:0x0503 convert to 0065(0x0503)
12-30 22:17:48.828	          linker	[Debug]	            dji_command.c:1128  <0x53b2>Receive msg from linker, 0x1204(0x0092)->0x0503(0x0065) 0x22AD len:47
12-30 22:17:48.828	          linker	[Debug]	            dji_command.c:980  received unsupport request cmd that need ack, <0x53b2> cmdset: 0x22 cmdid: 0xAD
12-30 22:17:48.840	          linker	[Debug]	        dji_protocol_v3.c:387  <0x6042>V3-Recv: 00:003F:001E:0x0300 -> 03:003F:001E:0x0503 0x3C57, tLen 37 dLen 16
12-30 22:17:48.840	          linker	[Debug]	        dji_protocol_v3.c:506  0:0x0300 convert to 0003(0x0300)
12-30 22:17:48.840	          linker	[Debug]	        dji_protocol_v3.c:506  3:0x0503 convert to 0065(0x0503)
12-30 22:17:48.841	          linker	[Debug]	            dji_command.c:1128  <0x6042>Receive msg from linker, 0x0300(0x0003)->0x0503(0x0065) 0x3C57 len:16
12-30 22:17:48.841	          linker	[Debug]	            dji_command.c:980  received unsupport request cmd that noneed ack, <0x6042> cmdset: 0x3C cmdid: 0x57
12-30 22:17:48.864	           utils	[Debug]	          dji_root_task.c:131  work execution time:
12-30 22:17:48.864	           utils	[Debug]	          dji_root_task.c:132  name	                execution time (ms)	  max execution time (ms)
12-30 22:17:48.864	           utils	[Debug]	          dji_root_task.c:134  recorderWork                    	0       	1       
12-30 22:17:48.864	           utils	[Debug]	          dji_root_task.c:134  flowControllerTask              	0       	1       
12-30 22:17:48.864	           utils	[Debug]	          dji_root_task.c:134  commandTask                     	1       	1       
12-30 22:17:48.864	           utils	[Debug]	          dji_root_task.c:134  aircraftWorkNode                	0       	1       
12-30 22:17:48.864	           utils	[Debug]	          dji_root_task.c:134  dataBuriedPointTask             	0       	1       
12-30 22:17:48.864	           utils	[Debug]	          dji_root_task.c:134  StatePushWork                   	1       	1       
12-30 22:17:48.864	           utils	[Debug]	          dji_root_task.c:134  WidgetWork                      	1       	1       
12-30 22:17:48.865	           utils	[Debug]	          dji_root_task.c:134  hmsTask                         	0       	1       
12-30 22:17:48.899	          linker	[Debug]	        dji_protocol_v1.c:189  <0x8d0e>V1-Send: 0x0503->0x1007 0x198B
12-30 22:17:48.899	          linker	[Debug]	        dji_protocol_v3.c:266  <0x8d0f>V3-Send: 03:003F:001E:0x0503 -> 00:003F:001E:0x0200 0x3C10, tLen 85 dLen 64
12-30 22:17:48.899	          linker	[Debug]	        dji_protocol_v3.c:266  <0x8d10>V3-Send: 03:003F:001E:0x0503 -> 00:003F:001E:0x0300 0x3C10, tLen 85 dLen 64
12-30 22:17:48.899	          linker	[Debug]	        dji_protocol_v3.c:266  <0x8d11>V3-Send: 03:003F:001E:0x0503 -> 00:003F:001E:0x1104 0x3C10, tLen 85 dLen 64
12-30 22:17:48.900	          linker	[Debug]	        dji_protocol_v3.c:266  <0x8d12>V3-Send: 03:003F:001E:0x0503 -> 00:003F:001E:0x0701 0x3C10, tLen 85 dLen 64
12-30 22:17:48.900	          linker	[Debug]	        dji_protocol_v3.c:266  <0x8d13>V3-Send: 03:003F:001E:0x0503 -> 00:003F:001E:0x1100 0x3C10, tLen 85 dLen 64
12-30 22:17:48.907	          linker	[Debug]	        dji_protocol_v3.c:387  <0x53be>V3-Recv: 00:003F:001E:0x1204 -> 03:003F:001E:0x0503 0x4900, tLen 23 dLen 2
12-30 22:17:48.907	          linker	[Debug]	        dji_protocol_v3.c:506  0:0x1204 convert to 0092(0x1204)
12-30 22:17:48.907	          linker	[Debug]	        dji_protocol_v3.c:506  3:0x0503 convert to 0065(0x0503)
12-30 22:17:48.908	          linker	[Debug]	            dji_command.c:1128  <0x53be>Receive msg from linker, 0x1204(0x0092)->0x0503(0x0065) 0x4900 len:2
12-30 22:17:48.908	          linker	[Debug]	        dji_protocol_v3.c:266  <0x53be>V3-Send: 03:003F:001E:0x0503 -> 00:003F:001E:0x1204 0x4900, tLen 23 dLen 2
12-30 22:17:48.911	          linker	[Debug]	        dji_protocol_v3.c:266  <0x8d14>V3-Send: 03:003F:001E:0x0503 -> 00:003F:001E:0x0200 0x3C1F, tLen 58 dLen 37
12-30 22:17:48.926	          linker	[Debug]	        dji_protocol_v3.c:387  <0x53c2>V3-Recv: 00:003F:001E:0x1204 -> 03:003F:001E:0x0503 0x22AD, tLen 68 dLen 47
12-30 22:17:48.927	          linker	[Debug]	        dji_protocol_v3.c:506  0:0x1204 convert to 0092(0x1204)
12-30 22:17:48.927	          linker	[Debug]	        dji_protocol_v3.c:506  3:0x0503 convert to 0065(0x0503)
12-30 22:17:48.927	          linker	[Debug]	            dji_command.c:1128  <0x53c2>Receive msg from linker, 0x1204(0x0092)->0x0503(0x0065) 0x22AD len:47
12-30 22:17:48.927	          linker	[Debug]	            dji_command.c:980  received unsupport request cmd that need ack, <0x53c2> cmdset: 0x22 cmdid: 0xAD
12-30 22:17:48.969	          linker	[Debug]	        dji_protocol_v3.c:266  <0x8d15>V3-Send: 03:003F:001E:0x0503 -> 00:003F:001E:0x0200 0x3C1B, tLen 77 dLen 56
12-30 22:17:49.007	          linker	[Debug]	        dji_protocol_v3.c:387  <0x53ce>V3-Recv: 00:003F:001E:0x1204 -> 03:003F:001E:0x0503 0x4900, tLen 23 dLen 2
12-30 22:17:49.007	          linker	[Debug]	        dji_protocol_v3.c:506  0:0x1204 convert to 0092(0x1204)
12-30 22:17:49.007	          linker	[Debug]	        dji_protocol_v3.c:506  3:0x0503 convert to 0065(0x0503)
12-30 22:17:49.007	          linker	[Debug]	            dji_command.c:1128  <0x53ce>Receive msg from linker, 0x1204(0x0092)->0x0503(0x0065) 0x4900 len:2
12-30 22:17:49.007	          linker	[Debug]	        dji_protocol_v3.c:266  <0x53ce>V3-Send: 03:003F:001E:0x0503 -> 00:003F:001E:0x1204 0x4900, tLen 23 dLen 2
12-30 22:17:49.026	          linker	[Debug]	        dji_protocol_v3.c:387  <0x53d2>V3-Recv: 00:003F:001E:0x1204 -> 03:003F:001E:0x0503 0x22AD, tLen 68 dLen 47
12-30 22:17:49.027	          linker	[Debug]	        dji_protocol_v3.c:506  0:0x1204 convert to 0092(0x1204)
12-30 22:17:49.027	          linker	[Debug]	        dji_protocol_v3.c:506  3:0x0503 convert to 0065(0x0503)
12-30 22:17:49.027	          linker	[Debug]	            dji_command.c:1128  <0x53d2>Receive msg from linker, 0x1204(0x0092)->0x0503(0x0065) 0x22AD len:47
12-30 22:17:49.027	          linker	[Debug]	            dji_command.c:980  received unsupport request cmd that need ack, <0x53d2> cmdset: 0x22 cmdid: 0xAD
12-30 22:17:49.040	          linker	[Debug]	        dji_protocol_v3.c:387  <0x61c2>V3-Recv: 00:003F:001E:0x0300 -> 03:003F:001E:0x0503 0x3C57, tLen 37 dLen 16
12-30 22:17:49.040	          linker	[Debug]	        dji_protocol_v3.c:506  0:0x0300 convert to 0003(0x0300)
12-30 22:17:49.040	          linker	[Debug]	        dji_protocol_v3.c:506  3:0x0503 convert to 0065(0x0503)
12-30 22:17:49.041	          linker	[Debug]	            dji_command.c:1128  <0x61c2>Receive msg from linker, 0x0300(0x0003)->0x0503(0x0065) 0x3C57 len:16
12-30 22:17:49.041	          linker	[Debug]	            dji_command.c:980  received unsupport request cmd that noneed ack, <0x61c2> cmdset: 0x3C cmdid: 0x57
12-30 22:17:49.052	          linker	[Debug]	        dji_protocol_v3.c:387  <0xd174>V3-Recv: 00:0001:0000:0x0202 -> 03:0000:0001:0x0503 0x3C1C, tLen 28 dLen 7
12-30 22:17:49.052	          linker	[Debug]	        dji_protocol_v3.c:506  0:0x0202 convert to 0042(0x0202)
12-30 22:17:49.052	          linker	[Debug]	        dji_protocol_v3.c:506  3:0x0503 convert to 0065(0x0503)
12-30 22:17:49.053	          linker	[Debug]	            dji_command.c:1128  <0xd174>Receive msg from linker, 0x0202(0x0042)->0x0503(0x0065) 0x3C1C len:7
12-30 22:17:49.063	          linker	[Debug]	        dji_protocol_v3.c:387  <0xd175>V3-Recv: 00:0001:0000:0x0202 -> 03:0000:0001:0x0503 0x3C25, tLen 23 dLen 2
12-30 22:17:49.063	          linker	[Debug]	        dji_protocol_v3.c:506  0:0x0202 convert to 0042(0x0202)
12-30 22:17:49.063	          linker	[Debug]	        dji_protocol_v3.c:506  3:0x0503 convert to 0065(0x0503)
12-30 22:17:49.063	          linker	[Debug]	            dji_command.c:1128  <0xd175>Receive msg from linker, 0x0202(0x0042)->0x0503(0x0065) 0x3C25 len:2
12-30 22:17:49.063	          linker	[Debug]	            dji_command.c:980  received unsupport request cmd that need ack, <0xd175> cmdset: 0x3C cmdid: 0x25
12-30 22:17:49.103	          linker	[Debug]	        dji_protocol_v3.c:387  <0x19f>V3-Recv: 00:003F:001E:0x0801 -> 03:003F:001E:0x0503 0x0099, tLen 70 dLen 49
12-30 22:17:49.103	          linker	[Debug]	        dji_protocol_v3.c:506  0:0x0801 convert to 0028(0x0801)
12-30 22:17:49.103	          linker	[Debug]	        dji_protocol_v3.c:506  3:0x0503 convert to 0065(0x0503)
12-30 22:17:49.103	          linker	[Debug]	            dji_command.c:1128  <0x19f>Receive msg from linker, 0x0801(0x0028)->0x0503(0x0065) 0x0099 len:49
12-30 22:17:49.112	          linker	[Debug]	        dji_protocol_v3.c:266  <0x8d16>V3-Send: 03:003F:001E:0x0503 -> 00:003F:001E:0x0200 0x3C1F, tLen 58 dLen 37
12-30 22:17:49.115	          linker	[Debug]	        dji_protocol_v1.c:189  <0x8d17>V1-Send: 0x0503->0x1007 0x198B
12-30 22:17:49.115	          linker	[Debug]	        dji_protocol_v3.c:266  <0x8d18>V3-Send: 03:003F:001E:0x0503 -> 00:003F:001E:0x0200 0x3C10, tLen 85 dLen 64
12-30 22:17:49.115	          linker	[Debug]	        dji_protocol_v3.c:266  <0x8d19>V3-Send: 03:003F:001E:0x0503 -> 00:003F:001E:0x0300 0x3C10, tLen 85 dLen 64
12-30 22:17:49.115	          linker	[Debug]	        dji_protocol_v3.c:266  <0x8d1a>V3-Send: 03:003F:001E:0x0503 -> 00:003F:001E:0x1104 0x3C10, tLen 85 dLen 64
12-30 22:17:49.116	          linker	[Debug]	        dji_protocol_v3.c:266  <0x8d1b>V3-Send: 03:003F:001E:0x0503 -> 00:003F:001E:0x0701 0x3C10, tLen 85 dLen 64
12-30 22:17:49.116	          linker	[Debug]	        dji_protocol_v3.c:266  <0x8d1c>V3-Send: 03:003F:001E:0x0503 -> 00:003F:001E:0x1100 0x3C10, tLen 85 dLen 64
12-30 22:17:49.118	          linker	[Debug]	        dji_protocol_v3.c:387  <0x53de>V3-Recv: 00:003F:001E:0x1204 -> 03:003F:001E:0x0503 0x4900, tLen 23 dLen 2
12-30 22:17:49.118	          linker	[Debug]	        dji_protocol_v3.c:506  0:0x1204 convert to 0092(0x1204)
12-30 22:17:49.118	          linker	[Debug]	        dji_protocol_v3.c:506  3:0x0503 convert to 0065(0x0503)
12-30 22:17:49.118	          linker	[Debug]	            dji_command.c:1128  <0x53de>Receive msg from linker, 0x1204(0x0092)->0x0503(0x0065) 0x4900 len:2
12-30 22:17:49.118	          linker	[Debug]	        dji_protocol_v3.c:266  <0x53de>V3-Send: 03:003F:001E:0x0503 -> 00:003F:001E:0x1204 0x4900, tLen 23 dLen 2
12-30 22:17:49.135	          linker	[Debug]	        dji_protocol_v3.c:387  <0x53e2>V3-Recv: 00:003F:001E:0x1204 -> 03:003F:001E:0x0503 0x22AD, tLen 68 dLen 47
12-30 22:17:49.135	          linker	[Debug]	        dji_protocol_v3.c:506  0:0x1204 convert to 0092(0x1204)
12-30 22:17:49.136	          linker	[Debug]	        dji_protocol_v3.c:506  3:0x0503 convert to 0065(0x0503)
12-30 22:17:49.136	          linker	[Debug]	            dji_command.c:1128  <0x53e2>Receive msg from linker, 0x1204(0x0092)->0x0503(0x0065) 0x22AD len:47
12-30 22:17:49.136	          linker	[Debug]	            dji_command.c:980  received unsupport request cmd that need ack, <0x53e2> cmdset: 0x22 cmdid: 0xAD
12-30 22:17:49.148	          linker	[Debug]	        dji_protocol_v1.c:309  <0x2030>V1-Recv: 0x0A06->0x0503 0x0866
12-30 22:17:49.149	          linker	[Debug]	            dji_command.c:1128  <0x2030>Receive msg from linker, 0x0A06(0x00CA)->0x0503(0x0065) 0x0866 len:102
12-30 22:17:49.149	          linker	[Debug]	            dji_command.c:980  received unsupport request cmd that noneed ack, <0x2030> cmdset: 0x08 cmdid: 0x66
12-30 22:17:49.185	          linker	[Debug]	        dji_protocol_v3.c:266  <0x8d1d>V3-Send: 03:003F:001E:0x0503 -> 00:003F:001E:0x0200 0x3C1B, tLen 77 dLen 56
12-30 22:17:49.207	          linker	[Debug]	        dji_protocol_v3.c:387  <0x53ee>V3-Recv: 00:003F:001E:0x1204 -> 03:003F:001E:0x0503 0x4900, tLen 23 dLen 2
12-30 22:17:49.207	          linker	[Debug]	        dji_protocol_v3.c:506  0:0x1204 convert to 0092(0x1204)
12-30 22:17:49.207	          linker	[Debug]	        dji_protocol_v3.c:506  3:0x0503 convert to 0065(0x0503)
12-30 22:17:49.207	          linker	[Debug]	            dji_command.c:1128  <0x53ee>Receive msg from linker, 0x1204(0x0092)->0x0503(0x0065) 0x4900 len:2
12-30 22:17:49.207	          linker	[Debug]	        dji_protocol_v3.c:266  <0x53ee>V3-Send: 03:003F:001E:0x0503 -> 00:003F:001E:0x1204 0x4900, tLen 23 dLen 2
12-30 22:17:49.226	          linker	[Debug]	        dji_protocol_v3.c:387  <0x53f2>V3-Recv: 00:003F:001E:0x1204 -> 03:003F:001E:0x0503 0x22AD, tLen 68 dLen 47
12-30 22:17:49.227	          linker	[Debug]	        dji_protocol_v3.c:506  0:0x1204 convert to 0092(0x1204)
12-30 22:17:49.227	          linker	[Debug]	        dji_protocol_v3.c:506  3:0x0503 convert to 0065(0x0503)
12-30 22:17:49.228	          linker	[Debug]	            dji_command.c:1128  <0x53f2>Receive msg from linker, 0x1204(0x0092)->0x0503(0x0065) 0x22AD len:47
12-30 22:17:49.228	          linker	[Debug]	            dji_command.c:980  received unsupport request cmd that need ack, <0x53f2> cmdset: 0x22 cmdid: 0xAD
12-30 22:17:49.240	          linker	[Debug]	        dji_protocol_v3.c:387  <0x1a0>V3-Recv: 00:003F:001E:0x0801 -> 03:003F:001E:0x0503 0x0099, tLen 56 dLen 35
12-30 22:17:49.240	          linker	[Debug]	        dji_protocol_v3.c:506  0:0x0801 convert to 0028(0x0801)
12-30 22:17:49.240	          linker	[Debug]	        dji_protocol_v3.c:506  3:0x0503 convert to 0065(0x0503)
12-30 22:17:49.240	          linker	[Debug]	        dji_protocol_v3.c:387  <0x6324>V3-Recv: 00:003F:001E:0x0300 -> 03:003F:001E:0x0503 0x3C57, tLen 37 dLen 16
12-30 22:17:49.240	          linker	[Debug]	        dji_protocol_v3.c:506  0:0x0300 convert to 0003(0x0300)
12-30 22:17:49.240	          linker	[Debug]	        dji_protocol_v3.c:506  3:0x0503 convert to 0065(0x0503)
12-30 22:17:49.240	          linker	[Debug]	            dji_command.c:1128  <0x1a0>Receive msg from linker, 0x0801(0x0028)->0x0503(0x0065) 0x0099 len:35
12-30 22:17:49.242	          linker	[Debug]	            dji_command.c:1128  <0x6324>Receive msg from linker, 0x0300(0x0003)->0x0503(0x0065) 0x3C57 len:16
12-30 22:17:49.242	          linker	[Debug]	            dji_command.c:980  received unsupport request cmd that noneed ack, <0x6324> cmdset: 0x3C cmdid: 0x57
12-30 22:17:49.304	          linker	[Debug]	        dji_protocol_v3.c:387  <0x1a1>V3-Recv: 00:003F:001E:0x0801 -> 03:003F:001E:0x0503 0x0099, tLen 95 dLen 74
12-30 22:17:49.304	          linker	[Debug]	        dji_protocol_v3.c:506  0:0x0801 convert to 0028(0x0801)
12-30 22:17:49.304	          linker	[Debug]	        dji_protocol_v3.c:506  3:0x0503 convert to 0065(0x0503)
12-30 22:17:49.305	          linker	[Debug]	            dji_command.c:1128  <0x1a1>Receive msg from linker, 0x0801(0x0028)->0x0503(0x0065) 0x0099 len:74
12-30 22:17:49.312	          linker	[Debug]	        dji_protocol_v3.c:266  <0x8d1e>V3-Send: 03:003F:001E:0x0503 -> 00:003F:001E:0x0200 0x3C1F, tLen 58 dLen 37
12-30 22:17:49.315	          linker	[Debug]	        dji_protocol_v3.c:387  <0x53fe>V3-Recv: 00:003F:001E:0x1204 -> 03:003F:001E:0x0503 0x4900, tLen 23 dLen 2
12-30 22:17:49.315	          linker	[Debug]	        dji_protocol_v3.c:506  0:0x1204 convert to 0092(0x1204)
12-30 22:17:49.315	          linker	[Debug]	        dji_protocol_v3.c:506  3:0x0503 convert to 0065(0x0503)
12-30 22:17:49.315	          linker	[Debug]	        dji_protocol_v3.c:387  <0x1a2>V3-Recv: 00:003F:001E:0x0801 -> 03:003F:001E:0x0503 0x0099, tLen 65 dLen 44
12-30 22:17:49.315	          linker	[Debug]	        dji_protocol_v3.c:506  0:0x0801 convert to 0028(0x0801)
12-30 22:17:49.315	          linker	[Debug]	        dji_protocol_v3.c:506  3:0x0503 convert to 0065(0x0503)
12-30 22:17:49.315	          linker	[Debug]	        dji_protocol_v3.c:387  <0x1a3>V3-Recv: 00:003F:001E:0x0801 -> 03:003F:001E:0x0503 0x0099, tLen 98 dLen 77
12-30 22:17:49.315	          linker	[Debug]	        dji_protocol_v3.c:506  0:0x0801 convert to 0028(0x0801)
12-30 22:17:49.315	          linker	[Debug]	        dji_protocol_v3.c:506  3:0x0503 convert to 0065(0x0503)
12-30 22:17:49.315	          linker	[Debug]	            dji_command.c:1128  <0x53fe>Receive msg from linker, 0x1204(0x0092)->0x0503(0x0065) 0x4900 len:2
12-30 22:17:49.315	          linker	[Debug]	        dji_protocol_v3.c:266  <0x53fe>V3-Send: 03:003F:001E:0x0503 -> 00:003F:001E:0x1204 0x4900, tLen 23 dLen 2
12-30 22:17:49.317	          linker	[Debug]	            dji_command.c:1128  <0x1a2>Receive msg from linker, 0x0801(0x0028)->0x0503(0x0065) 0x0099 len:44
12-30 22:17:49.318	          linker	[Debug]	            dji_command.c:1128  <0x1a3>Receive msg from linker, 0x0801(0x0028)->0x0503(0x0065) 0x0099 len:77
12-30 22:17:49.326	          linker	[Debug]	        dji_protocol_v3.c:387  <0x5402>V3-Recv: 00:003F:001E:0x1204 -> 03:003F:001E:0x0503 0x22AD, tLen 68 dLen 47
12-30 22:17:49.327	          linker	[Debug]	        dji_protocol_v3.c:506  0:0x1204 convert to 0092(0x1204)
12-30 22:17:49.327	          linker	[Debug]	        dji_protocol_v3.c:506  3:0x0503 convert to 0065(0x0503)
12-30 22:17:49.327	          linker	[Debug]	            dji_command.c:1128  <0x5402>Receive msg from linker, 0x1204(0x0092)->0x0503(0x0065) 0x22AD len:47
12-30 22:17:49.327	          linker	[Debug]	            dji_command.c:980  received unsupport request cmd that need ack, <0x5402> cmdset: 0x22 cmdid: 0xAD
12-30 22:17:49.331	          linker	[Debug]	        dji_protocol_v1.c:189  <0x8d1f>V1-Send: 0x0503->0x1007 0x198B
12-30 22:17:49.331	          linker	[Debug]	        dji_protocol_v3.c:266  <0x8d20>V3-Send: 03:003F:001E:0x0503 -> 00:003F:001E:0x0200 0x3C10, tLen 85 dLen 64
12-30 22:17:49.331	          linker	[Debug]	        dji_protocol_v3.c:266  <0x8d21>V3-Send: 03:003F:001E:0x0503 -> 00:003F:001E:0x0300 0x3C10, tLen 85 dLen 64
12-30 22:17:49.331	          linker	[Debug]	        dji_protocol_v3.c:266  <0x8d22>V3-Send: 03:003F:001E:0x0503 -> 00:003F:001E:0x1104 0x3C10, tLen 85 dLen 64
12-30 22:17:49.331	          linker	[Debug]	        dji_protocol_v3.c:266  <0x8d23>V3-Send: 03:003F:001E:0x0503 -> 00:003F:001E:0x0701 0x3C10, tLen 85 dLen 64
12-30 22:17:49.331	          linker	[Debug]	        dji_protocol_v3.c:266  <0x8d24>V3-Send: 03:003F:001E:0x0503 -> 00:003F:001E:0x1100 0x3C10, tLen 85 dLen 64
12-30 22:17:49.400	          linker	[Debug]	        dji_protocol_v3.c:266  <0x8d25>V3-Send: 03:003F:001E:0x0503 -> 00:003F:001E:0x0200 0x3C1B, tLen 77 dLen 56
12-30 22:17:49.407	          linker	[Debug]	        dji_protocol_v3.c:387  <0x540e>V3-Recv: 00:003F:001E:0x1204 -> 03:003F:001E:0x0503 0x4900, tLen 23 dLen 2
12-30 22:17:49.407	          linker	[Debug]	        dji_protocol_v3.c:266  <0x8d26>V3-Send: 03:003F:001E:0x0503 -> 00:003F:001E:0x0801 0x0000, tLen 21 dLen 0
12-30 22:17:49.407	          linker	[Debug]	        dji_protocol_v3.c:506  0:0x1204 convert to 0092(0x1204)
12-30 22:17:49.407	           infor	[Debug]	dji_aircraft_connection.c:170  check connect status:1
12-30 22:17:49.407	          linker	[Debug]	        dji_protocol_v3.c:506  3:0x0503 convert to 0065(0x0503)
12-30 22:17:49.408	          linker	[Debug]	            dji_command.c:1128  <0x540e>Receive msg from linker, 0x1204(0x0092)->0x0503(0x0065) 0x4900 len:2
12-30 22:17:49.408	          linker	[Debug]	        dji_protocol_v3.c:266  <0x540e>V3-Send: 03:003F:001E:0x0503 -> 00:003F:001E:0x1204 0x4900, tLen 23 dLen 2
12-30 22:17:49.425	          linker	[Debug]	        dji_protocol_v3.c:387  <0x8d26>V3-Recv: 00:003F:001E:0x0801 -> 03:003F:001E:0x0503 0x0000, tLen 22 dLen 1
12-30 22:17:49.425	          linker	[Debug]	        dji_protocol_v3.c:506  0:0x0801 convert to 0028(0x0801)
12-30 22:17:49.425	          linker	[Debug]	        dji_protocol_v3.c:506  3:0x0503 convert to 0065(0x0503)
12-30 22:17:49.425	          linker	[Debug]	            dji_command.c:1128  <0x8d26>Receive msg from linker, 0x0801(0x0028)->0x0503(0x0065) 0x0000 len:1
12-30 22:17:49.425	           infor	[Debug]	dji_aircraft_connection.c:303  connect status async sucess
12-30 22:17:49.425	          linker	[Debug]	            dji_command.c:890  callback function (cmdset: 0x00 cmdid: 0x00) deal time: 0 ms
12-30 22:17:49.437	          linker	[Debug]	        dji_protocol_v3.c:387  <0x5412>V3-Recv: 00:003F:001E:0x1204 -> 03:003F:001E:0x0503 0x22AD, tLen 68 dLen 47
12-30 22:17:49.437	          linker	[Debug]	        dji_protocol_v3.c:506  0:0x1204 convert to 0092(0x1204)
12-30 22:17:49.437	          linker	[Debug]	        dji_protocol_v3.c:506  3:0x0503 convert to 0065(0x0503)
12-30 22:17:49.438	          linker	[Debug]	            dji_command.c:1128  <0x5412>Receive msg from linker, 0x1204(0x0092)->0x0503(0x0065) 0x22AD len:47
12-30 22:17:49.438	          linker	[Debug]	            dji_command.c:980  received unsupport request cmd that need ack, <0x5412> cmdset: 0x22 cmdid: 0xAD
12-30 22:17:49.447	          linker	[Debug]	        dji_protocol_v3.c:387  <0x6481>V3-Recv: 00:003F:001E:0x0300 -> 03:003F:001E:0x0503 0x3C57, tLen 37 dLen 16
12-30 22:17:49.447	          linker	[Debug]	        dji_protocol_v3.c:506  0:0x0300 convert to 0003(0x0300)
12-30 22:17:49.448	          linker	[Debug]	        dji_protocol_v3.c:506  3:0x0503 convert to 0065(0x0503)
12-30 22:17:49.448	          linker	[Debug]	            dji_command.c:1128  <0x6481>Receive msg from linker, 0x0300(0x0003)->0x0503(0x0065) 0x3C57 len:16
12-30 22:17:49.448	          linker	[Debug]	            dji_command.c:980  received unsupport request cmd that noneed ack, <0x6481> cmdset: 0x3C cmdid: 0x57
12-30 22:17:49.507	          linker	[Debug]	        dji_protocol_v3.c:387  <0x541e>V3-Recv: 00:003F:001E:0x1204 -> 03:003F:001E:0x0503 0x4900, tLen 23 dLen 2
12-30 22:17:49.507	          linker	[Debug]	        dji_protocol_v3.c:506  0:0x1204 convert to 0092(0x1204)
12-30 22:17:49.507	          linker	[Debug]	        dji_protocol_v3.c:506  3:0x0503 convert to 0065(0x0503)
12-30 22:17:49.507	          linker	[Debug]	            dji_command.c:1128  <0x541e>Receive msg from linker, 0x1204(0x0092)->0x0503(0x0065) 0x4900 len:2
12-30 22:17:49.507	          linker	[Debug]	        dji_protocol_v3.c:266  <0x541e>V3-Send: 03:003F:001E:0x0503 -> 00:003F:001E:0x1204 0x4900, tLen 23 dLen 2
12-30 22:17:49.512	          linker	[Debug]	        dji_protocol_v3.c:266  <0x8d27>V3-Send: 03:003F:001E:0x0503 -> 00:003F:001E:0x0200 0x3C1F, tLen 58 dLen 37
12-30 22:17:49.526	          linker	[Debug]	        dji_protocol_v3.c:387  <0x5420>V3-Recv: 00:003F:001E:0x1204 -> 03:003F:001E:0x0503 0x22AD, tLen 68 dLen 47
12-30 22:17:49.527	          linker	[Debug]	        dji_protocol_v3.c:506  0:0x1204 convert to 0092(0x1204)
12-30 22:17:49.527	          linker	[Debug]	        dji_protocol_v3.c:506  3:0x0503 convert to 0065(0x0503)
12-30 22:17:49.528	          linker	[Debug]	            dji_command.c:1128  <0x5420>Receive msg from linker, 0x1204(0x0092)->0x0503(0x0065) 0x22AD len:47
12-30 22:17:49.528	          linker	[Debug]	            dji_command.c:980  received unsupport request cmd that need ack, <0x5420> cmdset: 0x22 cmdid: 0xAD
12-30 22:17:49.543	          linker	[Debug]	        dji_protocol_v3.c:387  <0x1a4>V3-Recv: 00:003F:001E:0x0801 -> 03:003F:001E:0x0503 0x0099, tLen 58 dLen 37
12-30 22:17:49.543	          linker	[Debug]	        dji_protocol_v3.c:506  0:0x0801 convert to 0028(0x0801)
12-30 22:17:49.543	          linker	[Debug]	        dji_protocol_v3.c:506  3:0x0503 convert to 0065(0x0503)
12-30 22:17:49.544	          linker	[Debug]	            dji_command.c:1128  <0x1a4>Receive msg from linker, 0x0801(0x0028)->0x0503(0x0065) 0x0099 len:37
12-30 22:17:49.547	          linker	[Debug]	        dji_protocol_v1.c:189  <0x8d28>V1-Send: 0x0503->0x1007 0x198B
12-30 22:17:49.547	          linker	[Debug]	        dji_protocol_v3.c:266  <0x8d29>V3-Send: 03:003F:001E:0x0503 -> 00:003F:001E:0x0200 0x3C10, tLen 85 dLen 64
12-30 22:17:49.547	          linker	[Debug]	        dji_protocol_v3.c:266  <0x8d2a>V3-Send: 03:003F:001E:0x0503 -> 00:003F:001E:0x0300 0x3C10, tLen 85 dLen 64
12-30 22:17:49.547	          linker	[Debug]	        dji_protocol_v3.c:266  <0x8d2b>V3-Send: 03:003F:001E:0x0503 -> 00:003F:001E:0x1104 0x3C10, tLen 85 dLen 64
12-30 22:17:49.547	          linker	[Debug]	        dji_protocol_v3.c:266  <0x8d2c>V3-Send: 03:003F:001E:0x0503 -> 00:003F:001E:0x0701 0x3C10, tLen 85 dLen 64
12-30 22:17:49.548	          linker	[Debug]	        dji_protocol_v3.c:266  <0x8d2d>V3-Send: 03:003F:001E:0x0503 -> 00:003F:001E:0x1100 0x3C10, tLen 85 dLen 64
12-30 22:17:49.607	          linker	[Debug]	        dji_protocol_v3.c:387  <0x542e>V3-Recv: 00:003F:001E:0x1204 -> 03:003F:001E:0x0503 0x4900, tLen 23 dLen 2
12-30 22:17:49.607	          linker	[Debug]	        dji_protocol_v3.c:506  0:0x1204 convert to 0092(0x1204)
12-30 22:17:49.607	          linker	[Debug]	        dji_protocol_v3.c:506  3:0x0503 convert to 0065(0x0503)
12-30 22:17:49.608	          linker	[Debug]	            dji_command.c:1128  <0x542e>Receive msg from linker, 0x1204(0x0092)->0x0503(0x0065) 0x4900 len:2
12-30 22:17:49.608	          linker	[Debug]	        dji_protocol_v3.c:266  <0x542e>V3-Send: 03:003F:001E:0x0503 -> 00:003F:001E:0x1204 0x4900, tLen 23 dLen 2
12-30 22:17:49.616	          linker	[Debug]	        dji_protocol_v3.c:266  <0x8d2e>V3-Send: 03:003F:001E:0x0503 -> 00:003F:001E:0x0200 0x3C1B, tLen 77 dLen 56
12-30 22:17:49.627	          linker	[Debug]	        dji_protocol_v3.c:387  <0x5432>V3-Recv: 00:003F:001E:0x1204 -> 03:003F:001E:0x0503 0x22AD, tLen 68 dLen 47
12-30 22:17:49.627	          linker	[Debug]	        dji_protocol_v3.c:506  0:0x1204 convert to 0092(0x1204)
12-30 22:17:49.627	          linker	[Debug]	        dji_protocol_v3.c:506  3:0x0503 convert to 0065(0x0503)
12-30 22:17:49.627	          linker	[Debug]	            dji_command.c:1128  <0x5432>Receive msg from linker, 0x1204(0x0092)->0x0503(0x0065) 0x22AD len:47
12-30 22:17:49.627	          linker	[Debug]	            dji_command.c:980  received unsupport request cmd that need ack, <0x5432> cmdset: 0x22 cmdid: 0xAD
12-30 22:17:49.640	          linker	[Debug]	        dji_protocol_v3.c:387  <0x65e8>V3-Recv: 00:003F:001E:0x0300 -> 03:003F:001E:0x0503 0x3C57, tLen 37 dLen 16
12-30 22:17:49.640	          linker	[Debug]	        dji_protocol_v3.c:506  0:0x0300 convert to 0003(0x0300)
12-30 22:17:49.640	          linker	[Debug]	        dji_protocol_v3.c:506  3:0x0503 convert to 0065(0x0503)
12-30 22:17:49.641	          linker	[Debug]	            dji_command.c:1128  <0x65e8>Receive msg from linker, 0x0300(0x0003)->0x0503(0x0065) 0x3C57 len:16
12-30 22:17:49.641	          linker	[Debug]	            dji_command.c:980  received unsupport request cmd that noneed ack, <0x65e8> cmdset: 0x3C cmdid: 0x57
12-30 22:17:49.649	          linker	[Debug]	        dji_protocol_v1.c:309  <0x2030>V1-Recv: 0x0A06->0x0503 0x0866
12-30 22:17:49.649	          linker	[Debug]	            dji_command.c:1128  <0x2030>Receive msg from linker, 0x0A06(0x00CA)->0x0503(0x0065) 0x0866 len:102
12-30 22:17:49.649	          linker	[Debug]	            dji_command.c:980  received unsupport request cmd that noneed ack, <0x2030> cmdset: 0x08 cmdid: 0x66
12-30 22:17:49.707	          linker	[Debug]	        dji_protocol_v3.c:387  <0x543e>V3-Recv: 00:003F:001E:0x1204 -> 03:003F:001E:0x0503 0x4900, tLen 23 dLen 2
12-30 22:17:49.707	          linker	[Debug]	        dji_protocol_v3.c:506  0:0x1204 convert to 0092(0x1204)
12-30 22:17:49.707	          linker	[Debug]	        dji_protocol_v3.c:506  3:0x0503 convert to 0065(0x0503)
12-30 22:17:49.707	          linker	[Debug]	            dji_command.c:1128  <0x543e>Receive msg from linker, 0x1204(0x0092)->0x0503(0x0065) 0x4900 len:2
12-30 22:17:49.707	          linker	[Debug]	        dji_protocol_v3.c:266  <0x543e>V3-Send: 03:003F:001E:0x0503 -> 00:003F:001E:0x1204 0x4900, tLen 23 dLen 2
12-30 22:17:49.708	            user	[Info]	                 main.cpp:78   --> Step 2: Get camera type and version
12-30 22:17:49.708	          linker	[Debug]	        dji_protocol_v3.c:266  <0x8d2f>V3-Send: 03:003F:001E:0x0503 -> 01:003F:001E:0x0100 0x0001, tLen 21 dLen 0
12-30 22:17:49.709	          linker	[Debug]	        dji_protocol_v1.c:189  <0x8d30>V1-Send: 0x0503->0x1D02 0x00F0
12-30 22:17:49.713	          linker	[Debug]	        dji_protocol_v3.c:266  <0x8d31>V3-Send: 03:003F:001E:0x0503 -> 00:003F:001E:0x0200 0x3C1F, tLen 58 dLen 37
12-30 22:17:49.720	          linker	[Debug]	        dji_protocol_v3.c:387  <0x8d2f>V3-Recv: 01:003F:001E:0x0100 -> 03:003F:001E:0x0503 0x0001, tLen 52 dLen 31
12-30 22:17:49.720	          linker	[Debug]	        dji_protocol_v3.c:506  1:0x0100 convert to 0001(0x0100)
12-30 22:17:49.720	          linker	[Debug]	        dji_protocol_v3.c:506  3:0x0503 convert to 0065(0x0503)
12-30 22:17:49.720	          linker	[Debug]	            dji_command.c:1128  <0x8d2f>Receive msg from linker, 0x0100(0x0001)->0x0503(0x0065) 0x0001 len:31
12-30 22:17:49.720	          linker	[Debug]	            dji_command.c:1076 PsdkCommand_SendSyncCallback success
12-30 22:17:49.720	          linker	[Debug]	            dji_command.c:890  callback function (cmdset: 0x00 cmdid: 0x01) deal time: 0 ms
12-30 22:17:49.720	          linker	[Debug]	            dji_command.c:612  sendSync callback success
12-30 22:17:49.720	          linker	[Debug]	            dji_command.c:620  The ack data length is not equal with expect length, actual:31 exp:30. Probably because ack struct definition has changed. Please check command ack struct definition if changed.
12-30 22:17:49.720	          linker	[Debug]	        dji_protocol_v3.c:266  <0x8d32>V3-Send: 03:003F:001E:0x0503 -> 01:003F:001E:0x0100 0x0001, tLen 21 dLen 0
12-30 22:17:49.733	          linker	[Debug]	        dji_protocol_v3.c:387  <0x8d32>V3-Recv: 01:003F:001E:0x0100 -> 03:003F:001E:0x0503 0x0001, tLen 52 dLen 31
12-30 22:17:49.733	          linker	[Debug]	        dji_protocol_v3.c:506  1:0x0100 convert to 0001(0x0100)
12-30 22:17:49.733	          linker	[Debug]	        dji_protocol_v3.c:506  3:0x0503 convert to 0065(0x0503)
12-30 22:17:49.733	          linker	[Debug]	        dji_protocol_v3.c:387  <0x5442>V3-Recv: 00:003F:001E:0x1204 -> 03:003F:001E:0x0503 0x22AD, tLen 68 dLen 47
12-30 22:17:49.733	          linker	[Debug]	        dji_protocol_v3.c:506  0:0x1204 convert to 0092(0x1204)
12-30 22:17:49.733	          linker	[Debug]	        dji_protocol_v3.c:506  3:0x0503 convert to 0065(0x0503)
12-30 22:17:49.734	          linker	[Debug]	            dji_command.c:1128  <0x8d32>Receive msg from linker, 0x0100(0x0001)->0x0503(0x0065) 0x0001 len:31
12-30 22:17:49.734	          linker	[Debug]	            dji_command.c:1076 PsdkCommand_SendSyncCallback success
12-30 22:17:49.734	          linker	[Debug]	            dji_command.c:890  callback function (cmdset: 0x00 cmdid: 0x01) deal time: 0 ms
12-30 22:17:49.734	          linker	[Debug]	            dji_command.c:612  sendSync callback success
12-30 22:17:49.735	          linker	[Debug]	            dji_command.c:620  The ack data length is not equal with expect length, actual:31 exp:30. Probably because ack struct definition has changed. Please check command ack struct definition if changed.
12-30 22:17:49.735	            user	[Info]	                 main.cpp:92   Mounted position 1 camera's firmware is V10.00.07.02

12-30 22:17:49.735	            user	[Info]	                 main.cpp:97   --> Step 1: Init gimbal manager module
12-30 22:17:49.735	            user	[Info]	                 main.cpp:104  --> Step 2: Set gimbal to free mode
12-30 22:17:49.735	          linker	[Debug]	        dji_protocol_v3.c:266  <0x8d33>V3-Send: 03:003F:001E:0x0503 -> 01:003F:001E:0x0400 0x044C, tLen 23 dLen 2
12-30 22:17:49.736	          linker	[Debug]	            dji_command.c:1128  <0x5442>Receive msg from linker, 0x1204(0x0092)->0x0503(0x0065) 0x22AD len:47
12-30 22:17:49.736	          linker	[Debug]	            dji_command.c:980  received unsupport request cmd that need ack, <0x5442> cmdset: 0x22 cmdid: 0xAD
12-30 22:17:49.742	          linker	[Debug]	        dji_protocol_v1.c:189  <0x8d34>V1-Send: 0x0503->0x1D02 0x00F0
12-30 22:17:49.744	          linker	[Debug]	        dji_protocol_v3.c:387  <0x8d33>V3-Recv: 01:003F:001E:0x0400 -> 03:003F:001E:0x0503 0x044C, tLen 22 dLen 1
12-30 22:17:49.744	          linker	[Debug]	        dji_protocol_v3.c:506  1:0x0400 convert to 0004(0x0400)
12-30 22:17:49.744	          linker	[Debug]	        dji_protocol_v3.c:506  3:0x0503 convert to 0065(0x0503)
12-30 22:17:49.745	          linker	[Debug]	            dji_command.c:1128  <0x8d33>Receive msg from linker, 0x0400(0x0004)->0x0503(0x0065) 0x044C len:1
12-30 22:17:49.745	          linker	[Debug]	            dji_command.c:1076 PsdkCommand_SendSyncCallback success
12-30 22:17:49.745	          linker	[Debug]	            dji_command.c:890  callback function (cmdset: 0x04 cmdid: 0x4C) deal time: 0 ms
12-30 22:17:49.745	          linker	[Debug]	            dji_command.c:612  sendSync callback success
12-30 22:17:49.746	            user	[Info]	                 main.cpp:107  --> Step 3: Reset gimbal angles.

12-30 22:17:49.746	          linker	[Debug]	        dji_protocol_v3.c:266  <0x8d35>V3-Send: 03:003F:001E:0x0503 -> 01:003F:001E:0x0400 0x044C, tLen 23 dLen 2
12-30 22:17:49.753	          linker	[Debug]	        dji_protocol_v1.c:189  <0x8d36>V1-Send: 0x0503->0x1D02 0x00F0
12-30 22:17:49.758	          linker	[Debug]	        dji_protocol_v3.c:387  <0x8d35>V3-Recv: 01:003F:001E:0x0400 -> 03:003F:001E:0x0503 0x044C, tLen 22 dLen 1
12-30 22:17:49.758	          linker	[Debug]	        dji_protocol_v3.c:506  1:0x0400 convert to 0004(0x0400)
12-30 22:17:49.758	          linker	[Debug]	        dji_protocol_v3.c:506  3:0x0503 convert to 0065(0x0503)
12-30 22:17:49.759	          linker	[Debug]	            dji_command.c:1128  <0x8d35>Receive msg from linker, 0x0400(0x0004)->0x0503(0x0065) 0x044C len:1
12-30 22:17:49.759	          linker	[Debug]	            dji_command.c:1076 PsdkCommand_SendSyncCallback success
12-30 22:17:49.759	          linker	[Debug]	            dji_command.c:890  callback function (cmdset: 0x04 cmdid: 0x4C) deal time: 0 ms
12-30 22:17:49.759	          linker	[Debug]	            dji_command.c:612  sendSync callback success
12-30 22:17:49.764	          linker	[Debug]	        dji_protocol_v1.c:189  <0x8d37>V1-Send: 0x0503->0x1D02 0x00F0
12-30 22:17:49.764	          linker	[Debug]	        dji_protocol_v1.c:189  <0x8d38>V1-Send: 0x0503->0x1007 0x198B
12-30 22:17:49.764	          linker	[Debug]	        dji_protocol_v3.c:266  <0x8d39>V3-Send: 03:003F:001E:0x0503 -> 00:003F:001E:0x0200 0x3C10, tLen 85 dLen 64
12-30 22:17:49.764	          linker	[Debug]	        dji_protocol_v3.c:266  <0x8d3a>V3-Send: 03:003F:001E:0x0503 -> 00:003F:001E:0x0300 0x3C10, tLen 85 dLen 64
12-30 22:17:49.764	          linker	[Debug]	        dji_protocol_v3.c:266  <0x8d3b>V3-Send: 03:003F:001E:0x0503 -> 00:003F:001E:0x1104 0x3C10, tLen 85 dLen 64
12-30 22:17:49.765	          linker	[Debug]	        dji_protocol_v3.c:266  <0x8d3c>V3-Send: 03:003F:001E:0x0503 -> 00:003F:001E:0x0701 0x3C10, tLen 85 dLen 64
12-30 22:17:49.765	          linker	[Debug]	        dji_protocol_v3.c:266  <0x8d3d>V3-Send: 03:003F:001E:0x0503 -> 00:003F:001E:0x1100 0x3C10, tLen 85 dLen 64
12-30 22:17:49.776	          linker	[Debug]	        dji_protocol_v1.c:189  <0x8d3e>V1-Send: 0x0503->0x1D02 0x00F0
12-30 22:17:49.807	          linker	[Debug]	        dji_protocol_v3.c:387  <0x544f>V3-Recv: 00:003F:001E:0x1204 -> 03:003F:001E:0x0503 0x4900, tLen 23 dLen 2
12-30 22:17:49.807	          linker	[Debug]	        dji_protocol_v3.c:506  0:0x1204 convert to 0092(0x1204)
12-30 22:17:49.807	          linker	[Debug]	        dji_protocol_v3.c:506  3:0x0503 convert to 0065(0x0503)
12-30 22:17:49.808	          linker	[Debug]	            dji_command.c:1128  <0x544f>Receive msg from linker, 0x1204(0x0092)->0x0503(0x0065) 0x4900 len:2
12-30 22:17:49.808	          linker	[Debug]	        dji_protocol_v3.c:266  <0x544f>V3-Send: 03:003F:001E:0x0503 -> 00:003F:001E:0x1204 0x4900, tLen 23 dLen 2
12-30 22:17:49.826	          linker	[Debug]	        dji_protocol_v3.c:387  <0x5453>V3-Recv: 00:003F:001E:0x1204 -> 03:003F:001E:0x0503 0x22AD, tLen 68 dLen 47
12-30 22:17:49.827	          linker	[Debug]	        dji_protocol_v3.c:506  0:0x1204 convert to 0092(0x1204)
12-30 22:17:49.827	          linker	[Debug]	        dji_protocol_v3.c:506  3:0x0503 convert to 0065(0x0503)
12-30 22:17:49.827	          linker	[Debug]	            dji_command.c:1128  <0x5453>Receive msg from linker, 0x1204(0x0092)->0x0503(0x0065) 0x22AD len:47
12-30 22:17:49.827	          linker	[Debug]	            dji_command.c:980  received unsupport request cmd that need ack, <0x5453> cmdset: 0x22 cmdid: 0xAD
12-30 22:17:49.834	          linker	[Debug]	        dji_protocol_v3.c:266  <0x8d3f>V3-Send: 03:003F:001E:0x0503 -> 00:003F:001E:0x0200 0x3C1B, tLen 77 dLen 56
12-30 22:17:49.839	          linker	[Debug]	        dji_protocol_v3.c:387  <0x6761>V3-Recv: 00:003F:001E:0x0300 -> 03:003F:001E:0x0503 0x3C57, tLen 37 dLen 16
12-30 22:17:49.839	          linker	[Debug]	        dji_protocol_v3.c:506  0:0x0300 convert to 0003(0x0300)
12-30 22:17:49.839	          linker	[Debug]	        dji_protocol_v3.c:506  3:0x0503 convert to 0065(0x0503)
12-30 22:17:49.840	          linker	[Debug]	            dji_command.c:1128  <0x6761>Receive msg from linker, 0x0300(0x0003)->0x0503(0x0065) 0x3C57 len:16
12-30 22:17:49.841	          linker	[Debug]	            dji_command.c:980  received unsupport request cmd that noneed ack, <0x6761> cmdset: 0x3C cmdid: 0x57
12-30 22:17:49.886	          linker	[Debug]	        dji_protocol_v3.c:387  <0x545d>V3-Recv: 00:003F:001E:0x1204 -> 03:003F:001E:0x0503 0x0000, tLen 22 dLen 1
12-30 22:17:49.886	          linker	[Debug]	        dji_protocol_v3.c:506  0:0x1204 convert to 0092(0x1204)
12-30 22:17:49.886	          linker	[Debug]	        dji_protocol_v3.c:506  3:0x0503 convert to 0065(0x0503)
12-30 22:17:49.887	          linker	[Debug]	            dji_command.c:1128  <0x545d>Receive msg from linker, 0x1204(0x0092)->0x0503(0x0065) 0x0000 len:1
12-30 22:17:49.887	          linker	[Debug]	        dji_protocol_v3.c:266  <0x545d>V3-Send: 03:003F:001E:0x0503 -> 00:003F:001E:0x1204 0x0000, tLen 22 dLen 1
12-30 22:17:49.902	          linker	[Debug]	        dji_protocol_v3.c:387  <0x1a5>V3-Recv: 00:003F:001E:0x0801 -> 03:003F:001E:0x0503 0x0099, tLen 70 dLen 49
12-30 22:17:49.902	          linker	[Debug]	        dji_protocol_v3.c:506  0:0x0801 convert to 0028(0x0801)
12-30 22:17:49.902	          linker	[Debug]	        dji_protocol_v3.c:506  3:0x0503 convert to 0065(0x0503)
12-30 22:17:49.903	          linker	[Debug]	            dji_command.c:1128  <0x1a5>Receive msg from linker, 0x0801(0x0028)->0x0503(0x0065) 0x0099 len:49
12-30 22:17:49.912	          linker	[Debug]	        dji_protocol_v3.c:387  <0x5461>V3-Recv: 00:003F:001E:0x1204 -> 03:003F:001E:0x0503 0x4900, tLen 23 dLen 2
12-30 22:17:49.912	          linker	[Debug]	        dji_protocol_v3.c:506  0:0x1204 convert to 0092(0x1204)
12-30 22:17:49.912	          linker	[Debug]	        dji_protocol_v3.c:506  3:0x0503 convert to 0065(0x0503)
12-30 22:17:49.912	          linker	[Debug]	            dji_command.c:1128  <0x5461>Receive msg from linker, 0x1204(0x0092)->0x0503(0x0065) 0x4900 len:2
12-30 22:17:49.912	          linker	[Debug]	        dji_protocol_v3.c:266  <0x5461>V3-Send: 03:003F:001E:0x0503 -> 00:003F:001E:0x1204 0x4900, tLen 23 dLen 2
12-30 22:17:49.913	          linker	[Debug]	        dji_protocol_v3.c:266  <0x8d40>V3-Send: 03:003F:001E:0x0503 -> 00:003F:001E:0x0200 0x3C1F, tLen 58 dLen 37
12-30 22:17:49.927	          linker	[Debug]	        dji_protocol_v3.c:387  <0x5465>V3-Recv: 00:003F:001E:0x1204 -> 03:003F:001E:0x0503 0x22AD, tLen 68 dLen 47
12-30 22:17:49.927	          linker	[Debug]	        dji_protocol_v3.c:506  0:0x1204 convert to 0092(0x1204)
12-30 22:17:49.927	          linker	[Debug]	        dji_protocol_v3.c:506  3:0x0503 convert to 0065(0x0503)
12-30 22:17:49.927	          linker	[Debug]	            dji_command.c:1128  <0x5465>Receive msg from linker, 0x1204(0x0092)->0x0503(0x0065) 0x22AD len:47
12-30 22:17:49.927	          linker	[Debug]	            dji_command.c:980  received unsupport request cmd that need ack, <0x5465> cmdset: 0x22 cmdid: 0xAD
12-30 22:17:49.946	           utils	[Debug]	          dji_root_task.c:131  work execution time:
12-30 22:17:49.946	           utils	[Debug]	          dji_root_task.c:132  name	                execution time (ms)	  max execution time (ms)
12-30 22:17:49.946	           utils	[Debug]	          dji_root_task.c:134  recorderWork                    	1       	1       
12-30 22:17:49.946	           utils	[Debug]	          dji_root_task.c:134  flowControllerTask              	0       	1       
12-30 22:17:49.946	           utils	[Debug]	          dji_root_task.c:134  commandTask                     	1       	1       
12-30 22:17:49.946	           utils	[Debug]	          dji_root_task.c:134  aircraftWorkNode                	0       	1       
12-30 22:17:49.946	           utils	[Debug]	          dji_root_task.c:134  dataBuriedPointTask             	0       	1       
12-30 22:17:49.946	           utils	[Debug]	          dji_root_task.c:134  StatePushWork                   	1       	1       
12-30 22:17:49.946	           utils	[Debug]	          dji_root_task.c:134  WidgetWork                      	0       	1       
12-30 22:17:49.946	           utils	[Debug]	          dji_root_task.c:134  hmsTask                         	0       	1       
12-30 22:17:49.980	          linker	[Debug]	        dji_protocol_v1.c:189  <0x8d41>V1-Send: 0x0503->0x1007 0x198B
12-30 22:17:49.980	          linker	[Debug]	        dji_protocol_v3.c:266  <0x8d42>V3-Send: 03:003F:001E:0x0503 -> 00:003F:001E:0x0200 0x3C10, tLen 85 dLen 64
12-30 22:17:49.981	          linker	[Debug]	        dji_protocol_v3.c:266  <0x8d43>V3-Send: 03:003F:001E:0x0503 -> 00:003F:001E:0x0300 0x3C10, tLen 85 dLen 64
12-30 22:17:49.981	          linker	[Debug]	        dji_protocol_v3.c:266  <0x8d44>V3-Send: 03:003F:001E:0x0503 -> 00:003F:001E:0x1104 0x3C10, tLen 85 dLen 64
12-30 22:17:49.981	          linker	[Debug]	        dji_protocol_v3.c:266  <0x8d45>V3-Send: 03:003F:001E:0x0503 -> 00:003F:001E:0x0701 0x3C10, tLen 85 dLen 64
12-30 22:17:49.981	          linker	[Debug]	        dji_protocol_v3.c:266  <0x8d46>V3-Send: 03:003F:001E:0x0503 -> 00:003F:001E:0x1100 0x3C10, tLen 85 dLen 64
12-30 22:17:50.006	         channel	[Debug]	        dji_mop_channel.c:242  MOP data channel found at [3].
12-30 22:17:50.007	          linker	[Debug]	        dji_protocol_v3.c:387  <0x5471>V3-Recv: 00:003F:001E:0x1204 -> 03:003F:001E:0x0503 0x4900, tLen 23 dLen 2
12-30 22:17:50.007	          linker	[Debug]	        dji_protocol_v3.c:506  0:0x1204 convert to 0092(0x1204)
12-30 22:17:50.007	          linker	[Debug]	        dji_protocol_v3.c:506  3:0x0503 convert to 0065(0x0503)
12-30 22:17:50.007	          linker	[Debug]	            dji_command.c:1128  <0x5471>Receive msg from linker, 0x1204(0x0092)->0x0503(0x0065) 0x4900 len:2
12-30 22:17:50.007	          linker	[Debug]	        dji_protocol_v3.c:266  <0x5471>V3-Send: 03:003F:001E:0x0503 -> 00:003F:001E:0x1204 0x4900, tLen 23 dLen 2
12-30 22:17:50.010	             cam	[Debug]	        dji_mop_channel.c:274  mop_net_layer_init by (dev, slot)=(2, 2)
12-30 22:17:50.010	         channel	[Debug]	          mop_net_layer.c:407  MOP_NET:in mop net layer 1
12-30 22:17:50.010	         channel	[Debug]	          mop_net_layer.c:677  MOP_NET:there is no link node in list
12-30 22:17:50.010	         channel	[Debug]	          mop_net_layer.c:697  MOP_NET:there is no link node in list
12-30 22:17:50.011	         channel	[Debug]	        mop_trans_layer.c:1456 MOP_TRANS:MOP tran layer thread in!
12-30 22:17:50.011	         channel	[Debug]	        dji_mop_channel.c:344  phyMountPosition 3 router slot is 1
12-30 22:17:50.011	         channel	[Debug]	         mop_link_layer.c:623  MOP_LINK:mop_link_layer_node_init 1
12-30 22:17:50.011	         channel	[Debug]	         mop_link_layer.c:636  MOP_LINK:mop_link_layer_node_init 2
12-30 22:17:50.011	         channel	[Debug]	         mop_link_layer.c:334  MOP_LINK:mop_link_layer_send_thread begin
12-30 22:17:50.011	         channel	[Debug]	         mop_link_layer.c:442  MOP_LINK:mop_link_layer_recv_thread begin
12-30 22:17:50.011	         channel	[Debug]	         mop_link_layer.c:649  MOP_LINK:mop_link_layer_node_init 3
12-30 22:17:50.011	         channel	[Debug]	        dji_mop_channel.c:397  MOP usbbulk channel create, ifhost 0, vid:pid 2ca3:3181, itf 3 epin 132 epout 3, channel id 4
12-30 22:17:50.011	         channel	[Debug]	          mop_net_layer.c:429  MOP_NET:add link node to bak
12-30 22:17:50.011	         channel	[Debug]	dji_stream_channel_usbbulk.c:128  USBBULK channel create, ifhost 0, vid:pid 2ca3:3181, itf 3 epin 132 epout 3, channel id 4
12-30 22:17:50.011	         channel	[Debug]	dji_stream_channel_usbbulk.c:433  Usb bulk port has inited, interfaceNum:3.
12-30 22:17:50.011	         channel	[Debug]	         mop_link_layer.c:229  MOP_LINK:mop_link_layer_reconn_thread begin check_hw_status
12-30 22:17:50.011	         channel	[Debug]	        mop_trans_layer.c:1538 MOP_TRANS:In trans layer bind
12-30 22:17:50.011	         channel	[Debug]	         mop_link_layer.c:243  MOP_LINK:mop_link_layer_reconn_thread begin reconnect
12-30 22:17:50.011	         channel	[Debug]	        mop_trans_layer.c:299  MOP_TRANS:bind_channel_process channel id 8848 is ok
12-30 22:17:50.011	         channel	[Debug]	        mop_trans_layer.c:306  MOP_TRANS:bind_channel_process, before sema post1
12-30 22:17:50.011	         channel	[Debug]	        mop_trans_layer.c:314  MOP_TRANS:bind_channel_process, sema post SUCCESS
12-30 22:17:50.011	         channel	[Debug]	dji_stream_channel_usbbulk.c:228  Register usb bulk recv data callback, channel:4, index:1.
12-30 22:17:50.011	         channel	[Debug]	         mop_link_layer.c:257  MOP_LINK:mop_link_layer_reconn_thread reconnect end
12-30 22:17:50.011	         channel	[Debug]	         mop_link_layer.c:265  MOP_LINK:reconnect success
12-30 22:17:50.011	         channel	[Debug]	          mop_net_layer.c:420  MOP_NET:add link node
12-30 22:17:50.011	         channel	[Debug]	         mop_link_layer.c:342  MOP_LINK:send thread in, type: 2 slot: 2
12-30 22:17:50.011	         channel	[Debug]	         mop_link_layer.c:450  MOP_LINK:recv thread in, type: 2 slot: 2
12-30 22:17:50.011	         channel	[Debug]	         mop_link_layer.c:271  MOP_LINK:mop_link_layer_reconn_thread start success
12-30 22:17:50.011	         channel	[Debug]	          mop_net_layer.c:1127 MOP_NET:send heart beat req success
12-30 22:17:50.011	         channel	[Debug]	         mop_link_layer.c:387  MOP_LINK:0xffff38015b50 snd_tsk psize 24 ret 24, pkt_info: ttype 0x0080 dlen 0 seq 0,(2 2 0)->(0 1 0) 0x66dd
12-30 22:17:50.012	         channel	[Debug]	         mop_link_layer.c:167  MOP_LINK:entry recv_data func
12-30 22:17:50.026	          linker	[Debug]	        dji_protocol_v3.c:387  <0x5475>V3-Recv: 00:003F:001E:0x1204 -> 03:003F:001E:0x0503 0x22AD, tLen 68 dLen 47
12-30 22:17:50.026	          linker	[Debug]	        dji_protocol_v3.c:506  0:0x1204 convert to 0092(0x1204)
12-30 22:17:50.027	          linker	[Debug]	        dji_protocol_v3.c:506  3:0x0503 convert to 0065(0x0503)
12-30 22:17:50.027	          linker	[Debug]	            dji_command.c:1128  <0x5475>Receive msg from linker, 0x1204(0x0092)->0x0503(0x0065) 0x22AD len:47
12-30 22:17:50.027	          linker	[Debug]	            dji_command.c:980  received unsupport request cmd that need ack, <0x5475> cmdset: 0x22 cmdid: 0xAD
12-30 22:17:50.040	          linker	[Debug]	        dji_protocol_v3.c:387  <0x1a6>V3-Recv: 00:003F:001E:0x0801 -> 03:003F:001E:0x0503 0x0099, tLen 56 dLen 35
12-30 22:17:50.040	          linker	[Debug]	        dji_protocol_v3.c:506  0:0x0801 convert to 0028(0x0801)
12-30 22:17:50.040	          linker	[Debug]	        dji_protocol_v3.c:506  3:0x0503 convert to 0065(0x0503)
12-30 22:17:50.040	          linker	[Debug]	        dji_protocol_v3.c:387  <0x68e3>V3-Recv: 00:003F:001E:0x0300 -> 03:003F:001E:0x0503 0x3C57, tLen 37 dLen 16
12-30 22:17:50.040	          linker	[Debug]	        dji_protocol_v3.c:506  0:0x0300 convert to 0003(0x0300)
12-30 22:17:50.040	          linker	[Debug]	        dji_protocol_v3.c:506  3:0x0503 convert to 0065(0x0503)
12-30 22:17:50.041	          linker	[Debug]	            dji_command.c:1128  <0x1a6>Receive msg from linker, 0x0801(0x0028)->0x0503(0x0065) 0x0099 len:35
12-30 22:17:50.042	          linker	[Debug]	            dji_command.c:1128  <0x68e3>Receive msg from linker, 0x0300(0x0003)->0x0503(0x0065) 0x3C57 len:16
12-30 22:17:50.042	          linker	[Debug]	            dji_command.c:980  received unsupport request cmd that noneed ack, <0x68e3> cmdset: 0x3C cmdid: 0x57
12-30 22:17:50.049	          linker	[Debug]	        dji_protocol_v3.c:266  <0x8d47>V3-Send: 03:003F:001E:0x0503 -> 00:003F:001E:0x0200 0x3C1B, tLen 77 dLen 56
12-30 22:17:50.058	          linker	[Debug]	        dji_protocol_v3.c:387  <0xd1c8>V3-Recv: 00:0001:0000:0x0202 -> 03:0000:0001:0x0503 0x3C1C, tLen 28 dLen 7
12-30 22:17:50.058	          linker	[Debug]	        dji_protocol_v3.c:506  0:0x0202 convert to 0042(0x0202)
12-30 22:17:50.058	          linker	[Debug]	        dji_protocol_v3.c:506  3:0x0503 convert to 0065(0x0503)
12-30 22:17:50.058	          linker	[Debug]	        dji_protocol_v3.c:387  <0xd1c9>V3-Recv: 00:0001:0000:0x0202 -> 03:0000:0001:0x0503 0x3C25, tLen 23 dLen 2
12-30 22:17:50.058	          linker	[Debug]	        dji_protocol_v3.c:506  0:0x0202 convert to 0042(0x0202)
12-30 22:17:50.058	          linker	[Debug]	        dji_protocol_v3.c:506  3:0x0503 convert to 0065(0x0503)
12-30 22:17:50.059	          linker	[Debug]	            dji_command.c:1128  <0xd1c8>Receive msg from linker, 0x0202(0x0042)->0x0503(0x0065) 0x3C1C len:7
12-30 22:17:50.060	          linker	[Debug]	            dji_command.c:1128  <0xd1c9>Receive msg from linker, 0x0202(0x0042)->0x0503(0x0065) 0x3C25 len:2
12-30 22:17:50.060	          linker	[Debug]	            dji_command.c:980  received unsupport request cmd that need ack, <0xd1c9> cmdset: 0x3C cmdid: 0x25
12-30 22:17:50.081	          linker	[Debug]	        dji_protocol_v3.c:387  <0xcfa3>V3-Recv: 00:0001:0000:0x0202 -> 03:0000:0001:0x0503 0x3C20, tLen 22 dLen 1
12-30 22:17:50.081	          linker	[Debug]	        dji_protocol_v3.c:506  0:0x0202 convert to 0042(0x0202)
12-30 22:17:50.081	          linker	[Debug]	        dji_protocol_v3.c:506  3:0x0503 convert to 0065(0x0503)
12-30 22:17:50.082	          linker	[Debug]	            dji_command.c:1128  <0xcfa3>Receive msg from linker, 0x0202(0x0042)->0x0503(0x0065) 0x3C20 len:1
12-30 22:17:50.082	          linker	[Debug]	            dji_command.c:980  received unsupport request cmd that need ack, <0xcfa3> cmdset: 0x3C cmdid: 0x20
12-30 22:17:50.102	          linker	[Debug]	        dji_protocol_v3.c:387  <0x1a7>V3-Recv: 00:003F:001E:0x0801 -> 03:003F:001E:0x0503 0x0099, tLen 95 dLen 74
12-30 22:17:50.102	          linker	[Debug]	        dji_protocol_v3.c:506  0:0x0801 convert to 0028(0x0801)
12-30 22:17:50.102	          linker	[Debug]	        dji_protocol_v3.c:506  3:0x0503 convert to 0065(0x0503)
12-30 22:17:50.103	          linker	[Debug]	            dji_command.c:1128  <0x1a7>Receive msg from linker, 0x0801(0x0028)->0x0503(0x0065) 0x0099 len:74
12-30 22:17:50.113	          linker	[Debug]	        dji_protocol_v3.c:266  <0x8d48>V3-Send: 03:003F:001E:0x0503 -> 00:003F:001E:0x0200 0x3C1F, tLen 58 dLen 37
12-30 22:17:50.118	          linker	[Debug]	        dji_protocol_v3.c:387  <0x5481>V3-Recv: 00:003F:001E:0x1204 -> 03:003F:001E:0x0503 0x4900, tLen 23 dLen 2
12-30 22:17:50.118	          linker	[Debug]	        dji_protocol_v3.c:506  0:0x1204 convert to 0092(0x1204)
12-30 22:17:50.118	          linker	[Debug]	        dji_protocol_v3.c:506  3:0x0503 convert to 0065(0x0503)
12-30 22:17:50.118	          linker	[Debug]	        dji_protocol_v3.c:387  <0x1a8>V3-Recv: 00:003F:001E:0x0801 -> 03:003F:001E:0x0503 0x0099, tLen 98 dLen 77
12-30 22:17:50.118	          linker	[Debug]	        dji_protocol_v3.c:506  0:0x0801 convert to 0028(0x0801)
12-30 22:17:50.118	          linker	[Debug]	        dji_protocol_v3.c:506  3:0x0503 convert to 0065(0x0503)
12-30 22:17:50.118	          linker	[Debug]	        dji_protocol_v3.c:387  <0x1a9>V3-Recv: 00:003F:001E:0x0801 -> 03:003F:001E:0x0503 0x0099, tLen 65 dLen 44
12-30 22:17:50.118	          linker	[Debug]	        dji_protocol_v3.c:506  0:0x0801 convert to 0028(0x0801)
12-30 22:17:50.118	          linker	[Debug]	        dji_protocol_v3.c:506  3:0x0503 convert to 0065(0x0503)
12-30 22:17:50.118	          linker	[Debug]	            dji_command.c:1128  <0x5481>Receive msg from linker, 0x1204(0x0092)->0x0503(0x0065) 0x4900 len:2
12-30 22:17:50.118	          linker	[Debug]	        dji_protocol_v3.c:266  <0x5481>V3-Send: 03:003F:001E:0x0503 -> 00:003F:001E:0x1204 0x4900, tLen 23 dLen 2
12-30 22:17:50.119	          linker	[Debug]	            dji_command.c:1128  <0x1a8>Receive msg from linker, 0x0801(0x0028)->0x0503(0x0065) 0x0099 len:77
12-30 22:17:50.120	          linker	[Debug]	            dji_command.c:1128  <0x1a9>Receive msg from linker, 0x0801(0x0028)->0x0503(0x0065) 0x0099 len:44
12-30 22:17:50.135	          linker	[Debug]	        dji_protocol_v3.c:387  <0x5485>V3-Recv: 00:003F:001E:0x1204 -> 03:003F:001E:0x0503 0x22AD, tLen 68 dLen 47
12-30 22:17:50.135	          linker	[Debug]	        dji_protocol_v3.c:506  0:0x1204 convert to 0092(0x1204)
12-30 22:17:50.135	          linker	[Debug]	        dji_protocol_v3.c:506  3:0x0503 convert to 0065(0x0503)
12-30 22:17:50.136	          linker	[Debug]	            dji_command.c:1128  <0x5485>Receive msg from linker, 0x1204(0x0092)->0x0503(0x0065) 0x22AD len:47
12-30 22:17:50.136	          linker	[Debug]	            dji_command.c:980  received unsupport request cmd that need ack, <0x5485> cmdset: 0x22 cmdid: 0xAD
12-30 22:17:50.149	          linker	[Debug]	        dji_protocol_v1.c:309  <0x2030>V1-Recv: 0x0A06->0x0503 0x0866
12-30 22:17:50.149	          linker	[Debug]	            dji_command.c:1128  <0x2030>Receive msg from linker, 0x0A06(0x00CA)->0x0503(0x0065) 0x0866 len:102
12-30 22:17:50.149	          linker	[Debug]	            dji_command.c:980  received unsupport request cmd that noneed ack, <0x2030> cmdset: 0x08 cmdid: 0x66
12-30 22:17:50.195	          linker	[Debug]	        dji_protocol_v1.c:189  <0x8d49>V1-Send: 0x0503->0x1007 0x198B
12-30 22:17:50.196	          linker	[Debug]	        dji_protocol_v3.c:266  <0x8d4a>V3-Send: 03:003F:001E:0x0503 -> 00:003F:001E:0x0200 0x3C10, tLen 85 dLen 64
12-30 22:17:50.196	          linker	[Debug]	        dji_protocol_v3.c:266  <0x8d4b>V3-Send: 03:003F:001E:0x0503 -> 00:003F:001E:0x0300 0x3C10, tLen 85 dLen 64
12-30 22:17:50.196	          linker	[Debug]	        dji_protocol_v3.c:266  <0x8d4c>V3-Send: 03:003F:001E:0x0503 -> 00:003F:001E:0x1104 0x3C10, tLen 85 dLen 64
12-30 22:17:50.196	          linker	[Debug]	        dji_protocol_v3.c:266  <0x8d4d>V3-Send: 03:003F:001E:0x0503 -> 00:003F:001E:0x0701 0x3C10, tLen 85 dLen 64
12-30 22:17:50.196	          linker	[Debug]	        dji_protocol_v3.c:266  <0x8d4e>V3-Send: 03:003F:001E:0x0503 -> 00:003F:001E:0x1100 0x3C10, tLen 85 dLen 64
12-30 22:17:50.207	          linker	[Debug]	        dji_protocol_v3.c:387  <0x5492>V3-Recv: 00:003F:001E:0x1204 -> 03:003F:001E:0x0503 0x4900, tLen 23 dLen 2
12-30 22:17:50.207	          linker	[Debug]	        dji_protocol_v3.c:506  0:0x1204 convert to 0092(0x1204)
12-30 22:17:50.207	          linker	[Debug]	        dji_protocol_v3.c:506  3:0x0503 convert to 0065(0x0503)
12-30 22:17:50.207	          linker	[Debug]	            dji_command.c:1128  <0x5492>Receive msg from linker, 0x1204(0x0092)->0x0503(0x0065) 0x4900 len:2
12-30 22:17:50.207	          linker	[Debug]	        dji_protocol_v3.c:266  <0x5492>V3-Send: 03:003F:001E:0x0503 -> 00:003F:001E:0x1204 0x4900, tLen 23 dLen 2
12-30 22:17:50.215	         channel	[Debug]	         mop_link_layer.c:169  MOP_LINK:return from recv_data func
12-30 22:17:50.215	         channel	[Debug]	         mop_link_layer.c:167  MOP_LINK:entry recv_data func
12-30 22:17:50.227	          linker	[Debug]	        dji_protocol_v3.c:387  <0x5496>V3-Recv: 00:003F:001E:0x1204 -> 03:003F:001E:0x0503 0x22AD, tLen 68 dLen 47
12-30 22:17:50.227	          linker	[Debug]	        dji_protocol_v3.c:506  0:0x1204 convert to 0092(0x1204)
12-30 22:17:50.227	          linker	[Debug]	        dji_protocol_v3.c:506  3:0x0503 convert to 0065(0x0503)
12-30 22:17:50.227	          linker	[Debug]	            dji_command.c:1128  <0x5496>Receive msg from linker, 0x1204(0x0092)->0x0503(0x0065) 0x22AD len:47
12-30 22:17:50.227	          linker	[Debug]	            dji_command.c:980  received unsupport request cmd that need ack, <0x5496> cmdset: 0x22 cmdid: 0xAD
12-30 22:17:50.240	          linker	[Debug]	        dji_protocol_v3.c:387  <0x6a44>V3-Recv: 00:003F:001E:0x0300 -> 03:003F:001E:0x0503 0x3C57, tLen 37 dLen 16
12-30 22:17:50.240	          linker	[Debug]	        dji_protocol_v3.c:506  0:0x0300 convert to 0003(0x0300)
12-30 22:17:50.240	          linker	[Debug]	        dji_protocol_v3.c:506  3:0x0503 convert to 0065(0x0503)
12-30 22:17:50.240	          linker	[Debug]	            dji_command.c:1128  <0x6a44>Receive msg from linker, 0x0300(0x0003)->0x0503(0x0065) 0x3C57 len:16
12-30 22:17:50.240	          linker	[Debug]	            dji_command.c:980  received unsupport request cmd that noneed ack, <0x6a44> cmdset: 0x3C cmdid: 0x57
12-30 22:17:50.265	          linker	[Debug]	        dji_protocol_v3.c:266  <0x8d4f>V3-Send: 03:003F:001E:0x0503 -> 00:003F:001E:0x0200 0x3C1B, tLen 77 dLen 56
12-30 22:17:50.307	          linker	[Debug]	        dji_protocol_v3.c:387  <0x54a2>V3-Recv: 00:003F:001E:0x1204 -> 03:003F:001E:0x0503 0x4900, tLen 23 dLen 2
12-30 22:17:50.307	          linker	[Debug]	        dji_protocol_v3.c:506  0:0x1204 convert to 0092(0x1204)
12-30 22:17:50.307	          linker	[Debug]	        dji_protocol_v3.c:506  3:0x0503 convert to 0065(0x0503)
12-30 22:17:50.307	          linker	[Debug]	            dji_command.c:1128  <0x54a2>Receive msg from linker, 0x1204(0x0092)->0x0503(0x0065) 0x4900 len:2
12-30 22:17:50.307	          linker	[Debug]	        dji_protocol_v3.c:266  <0x54a2>V3-Send: 03:003F:001E:0x0503 -> 00:003F:001E:0x1204 0x4900, tLen 23 dLen 2
12-30 22:17:50.313	          linker	[Debug]	        dji_protocol_v3.c:266  <0x8d50>V3-Send: 03:003F:001E:0x0503 -> 00:003F:001E:0x0200 0x3C1F, tLen 58 dLen 37
12-30 22:17:50.327	          linker	[Debug]	        dji_protocol_v3.c:387  <0x54a6>V3-Recv: 00:003F:001E:0x1204 -> 03:003F:001E:0x0503 0x22AD, tLen 68 dLen 47
12-30 22:17:50.327	          linker	[Debug]	        dji_protocol_v3.c:506  0:0x1204 convert to 0092(0x1204)
12-30 22:17:50.327	          linker	[Debug]	        dji_protocol_v3.c:506  3:0x0503 convert to 0065(0x0503)
12-30 22:17:50.327	          linker	[Debug]	            dji_command.c:1128  <0x54a6>Receive msg from linker, 0x1204(0x0092)->0x0503(0x0065) 0x22AD len:47
12-30 22:17:50.327	          linker	[Debug]	            dji_command.c:980  received unsupport request cmd that need ack, <0x54a6> cmdset: 0x22 cmdid: 0xAD
12-30 22:17:50.407	          linker	[Debug]	        dji_protocol_v3.c:387  <0x54b2>V3-Recv: 00:003F:001E:0x1204 -> 03:003F:001E:0x0503 0x4900, tLen 23 dLen 2
12-30 22:17:50.407	          linker	[Debug]	        dji_protocol_v3.c:506  0:0x1204 convert to 0092(0x1204)
12-30 22:17:50.407	          linker	[Debug]	        dji_protocol_v3.c:506  3:0x0503 convert to 0065(0x0503)
12-30 22:17:50.408	          linker	[Debug]	            dji_command.c:1128  <0x54b2>Receive msg from linker, 0x1204(0x0092)->0x0503(0x0065) 0x4900 len:2
12-30 22:17:50.408	          linker	[Debug]	        dji_protocol_v3.c:266  <0x54b2>V3-Send: 03:003F:001E:0x0503 -> 00:003F:001E:0x1204 0x4900, tLen 23 dLen 2
12-30 22:17:50.411	          linker	[Debug]	        dji_protocol_v1.c:189  <0x8d51>V1-Send: 0x0503->0x1007 0x198B
12-30 22:17:50.411	          linker	[Debug]	        dji_protocol_v3.c:266  <0x8d52>V3-Send: 03:003F:001E:0x0503 -> 00:003F:001E:0x0200 0x3C10, tLen 85 dLen 64
12-30 22:17:50.411	          linker	[Debug]	        dji_protocol_v3.c:266  <0x8d53>V3-Send: 03:003F:001E:0x0503 -> 00:003F:001E:0x0300 0x3C10, tLen 85 dLen 64
12-30 22:17:50.412	          linker	[Debug]	        dji_protocol_v3.c:266  <0x8d54>V3-Send: 03:003F:001E:0x0503 -> 00:003F:001E:0x1104 0x3C10, tLen 85 dLen 64
12-30 22:17:50.412	          linker	[Debug]	        dji_protocol_v3.c:266  <0x8d55>V3-Send: 03:003F:001E:0x0503 -> 00:003F:001E:0x0701 0x3C10, tLen 85 dLen 64
12-30 22:17:50.412	          linker	[Debug]	        dji_protocol_v3.c:266  <0x8d56>V3-Send: 03:003F:001E:0x0503 -> 00:003F:001E:0x1100 0x3C10, tLen 85 dLen 64
12-30 22:17:50.418	         channel	[Debug]	         mop_link_layer.c:169  MOP_LINK:return from recv_data func
12-30 22:17:50.418	         channel	[Debug]	         mop_link_layer.c:167  MOP_LINK:entry recv_data func
12-30 22:17:50.427	          linker	[Debug]	        dji_protocol_v3.c:387  <0x54b6>V3-Recv: 00:003F:001E:0x1204 -> 03:003F:001E:0x0503 0x22AD, tLen 68 dLen 47
12-30 22:17:50.427	          linker	[Debug]	        dji_protocol_v3.c:506  0:0x1204 convert to 0092(0x1204)
12-30 22:17:50.427	          linker	[Debug]	        dji_protocol_v3.c:506  3:0x0503 convert to 0065(0x0503)
12-30 22:17:50.427	          linker	[Debug]	            dji_command.c:1128  <0x54b6>Receive msg from linker, 0x1204(0x0092)->0x0503(0x0065) 0x22AD len:47
12-30 22:17:50.427	          linker	[Debug]	            dji_command.c:980  received unsupport request cmd that need ack, <0x54b6> cmdset: 0x22 cmdid: 0xAD
12-30 22:17:50.440	          linker	[Debug]	        dji_protocol_v3.c:387  <0x6ba3>V3-Recv: 00:003F:001E:0x0300 -> 03:003F:001E:0x0503 0x3C57, tLen 37 dLen 16
12-30 22:17:50.440	          linker	[Debug]	        dji_protocol_v3.c:506  0:0x0300 convert to 0003(0x0300)
12-30 22:17:50.440	          linker	[Debug]	        dji_protocol_v3.c:506  3:0x0503 convert to 0065(0x0503)
12-30 22:17:50.440	          linker	[Debug]	            dji_command.c:1128  <0x6ba3>Receive msg from linker, 0x0300(0x0003)->0x0503(0x0065) 0x3C57 len:16
12-30 22:17:50.440	          linker	[Debug]	            dji_command.c:980  received unsupport request cmd that noneed ack, <0x6ba3> cmdset: 0x3C cmdid: 0x57
12-30 22:17:50.481	          linker	[Debug]	        dji_protocol_v3.c:266  <0x8d57>V3-Send: 03:003F:001E:0x0503 -> 00:003F:001E:0x0200 0x3C1B, tLen 77 dLen 56
12-30 22:17:50.488	          linker	[Debug]	        dji_protocol_v3.c:266  <0x8d58>V3-Send: 03:003F:001E:0x0503 -> 00:003F:001E:0x0801 0x0000, tLen 21 dLen 0
12-30 22:17:50.488	           infor	[Debug]	dji_aircraft_connection.c:170  check connect status:1
12-30 22:17:50.488	          linker	[Debug]	        dji_protocol_v3.c:387  <0x8d58>V3-Recv: 00:003F:001E:0x0801 -> 03:003F:001E:0x0503 0x0000, tLen 22 dLen 1
12-30 22:17:50.488	          linker	[Debug]	        dji_protocol_v3.c:506  0:0x0801 convert to 0028(0x0801)
12-30 22:17:50.488	          linker	[Debug]	        dji_protocol_v3.c:506  3:0x0503 convert to 0065(0x0503)
12-30 22:17:50.489	          linker	[Debug]	            dji_command.c:1128  <0x8d58>Receive msg from linker, 0x0801(0x0028)->0x0503(0x0065) 0x0000 len:1
12-30 22:17:50.489	           infor	[Debug]	dji_aircraft_connection.c:303  connect status async sucess
12-30 22:17:50.489	          linker	[Debug]	            dji_command.c:890  callback function (cmdset: 0x00 cmdid: 0x00) deal time: 0 ms
12-30 22:17:50.507	          linker	[Debug]	        dji_protocol_v3.c:387  <0x54c2>V3-Recv: 00:003F:001E:0x1204 -> 03:003F:001E:0x0503 0x4900, tLen 23 dLen 2
12-30 22:17:50.507	          linker	[Debug]	        dji_protocol_v3.c:506  0:0x1204 convert to 0092(0x1204)
12-30 22:17:50.507	          linker	[Debug]	        dji_protocol_v3.c:506  3:0x0503 convert to 0065(0x0503)
12-30 22:17:50.507	          linker	[Debug]	            dji_command.c:1128  <0x54c2>Receive msg from linker, 0x1204(0x0092)->0x0503(0x0065) 0x4900 len:2
12-30 22:17:50.507	          linker	[Debug]	        dji_protocol_v3.c:266  <0x54c2>V3-Send: 03:003F:001E:0x0503 -> 00:003F:001E:0x1204 0x4900, tLen 23 dLen 2
12-30 22:17:50.514	          linker	[Debug]	        dji_protocol_v3.c:266  <0x8d59>V3-Send: 03:003F:001E:0x0503 -> 00:003F:001E:0x0200 0x3C1F, tLen 58 dLen 37
12-30 22:17:50.527	          linker	[Debug]	        dji_protocol_v3.c:387  <0x54c6>V3-Recv: 00:003F:001E:0x1204 -> 03:003F:001E:0x0503 0x22AD, tLen 68 dLen 47
12-30 22:17:50.527	          linker	[Debug]	        dji_protocol_v3.c:506  0:0x1204 convert to 0092(0x1204)
12-30 22:17:50.527	          linker	[Debug]	        dji_protocol_v3.c:506  3:0x0503 convert to 0065(0x0503)
12-30 22:17:50.527	          linker	[Debug]	            dji_command.c:1128  <0x54c6>Receive msg from linker, 0x1204(0x0092)->0x0503(0x0065) 0x22AD len:47
12-30 22:17:50.527	          linker	[Debug]	            dji_command.c:980  received unsupport request cmd that need ack, <0x54c6> cmdset: 0x22 cmdid: 0xAD
12-30 22:17:50.544	          linker	[Debug]	        dji_protocol_v3.c:387  <0x1aa>V3-Recv: 00:003F:001E:0x0801 -> 03:003F:001E:0x0503 0x0099, tLen 58 dLen 37
12-30 22:17:50.544	          linker	[Debug]	        dji_protocol_v3.c:506  0:0x0801 convert to 0028(0x0801)
12-30 22:17:50.544	          linker	[Debug]	        dji_protocol_v3.c:506  3:0x0503 convert to 0065(0x0503)
12-30 22:17:50.545	          linker	[Debug]	            dji_command.c:1128  <0x1aa>Receive msg from linker, 0x0801(0x0028)->0x0503(0x0065) 0x0099 len:37
12-30 22:17:50.606	          linker	[Debug]	        dji_protocol_v3.c:387  <0x54d2>V3-Recv: 00:003F:001E:0x1204 -> 03:003F:001E:0x0503 0x4900, tLen 23 dLen 2
12-30 22:17:50.607	          linker	[Debug]	        dji_protocol_v3.c:506  0:0x1204 convert to 0092(0x1204)
12-30 22:17:50.607	          linker	[Debug]	        dji_protocol_v3.c:506  3:0x0503 convert to 0065(0x0503)
12-30 22:17:50.607	          linker	[Debug]	            dji_command.c:1128  <0x54d2>Receive msg from linker, 0x1204(0x0092)->0x0503(0x0065) 0x4900 len:2
12-30 22:17:50.607	          linker	[Debug]	        dji_protocol_v3.c:266  <0x54d2>V3-Send: 03:003F:001E:0x0503 -> 00:003F:001E:0x1204 0x4900, tLen 23 dLen 2
12-30 22:17:50.622	         channel	[Debug]	         mop_link_layer.c:169  MOP_LINK:return from recv_data func
12-30 22:17:50.622	         channel	[Debug]	         mop_link_layer.c:167  MOP_LINK:entry recv_data func
12-30 22:17:50.626	          linker	[Debug]	        dji_protocol_v3.c:387  <0x54d6>V3-Recv: 00:003F:001E:0x1204 -> 03:003F:001E:0x0503 0x22AD, tLen 68 dLen 47
12-30 22:17:50.626	          linker	[Debug]	        dji_protocol_v3.c:506  0:0x1204 convert to 0092(0x1204)
12-30 22:17:50.627	          linker	[Debug]	        dji_protocol_v3.c:506  3:0x0503 convert to 0065(0x0503)
12-30 22:17:50.627	          linker	[Debug]	            dji_command.c:1128  <0x54d6>Receive msg from linker, 0x1204(0x0092)->0x0503(0x0065) 0x22AD len:47
12-30 22:17:50.628	          linker	[Debug]	            dji_command.c:980  received unsupport request cmd that need ack, <0x54d6> cmdset: 0x22 cmdid: 0xAD
12-30 22:17:50.628	          linker	[Debug]	        dji_protocol_v1.c:189  <0x8d5a>V1-Send: 0x0503->0x1007 0x198B
12-30 22:17:50.628	          linker	[Debug]	        dji_protocol_v3.c:266  <0x8d5b>V3-Send: 03:003F:001E:0x0503 -> 00:003F:001E:0x0200 0x3C10, tLen 85 dLen 64
12-30 22:17:50.628	          linker	[Debug]	        dji_protocol_v3.c:266  <0x8d5c>V3-Send: 03:003F:001E:0x0503 -> 00:003F:001E:0x0300 0x3C10, tLen 85 dLen 64
12-30 22:17:50.628	          linker	[Debug]	        dji_protocol_v3.c:266  <0x8d5d>V3-Send: 03:003F:001E:0x0503 -> 00:003F:001E:0x1104 0x3C10, tLen 85 dLen 64
12-30 22:17:50.628	          linker	[Debug]	        dji_protocol_v3.c:266  <0x8d5e>V3-Send: 03:003F:001E:0x0503 -> 00:003F:001E:0x0701 0x3C10, tLen 85 dLen 64
12-30 22:17:50.628	          linker	[Debug]	        dji_protocol_v3.c:266  <0x8d5f>V3-Send: 03:003F:001E:0x0503 -> 00:003F:001E:0x1100 0x3C10, tLen 85 dLen 64
12-30 22:17:50.640	          linker	[Debug]	        dji_protocol_v3.c:387  <0x6d0a>V3-Recv: 00:003F:001E:0x0300 -> 03:003F:001E:0x0503 0x3C57, tLen 37 dLen 16
12-30 22:17:50.640	          linker	[Debug]	        dji_protocol_v3.c:506  0:0x0300 convert to 0003(0x0300)
12-30 22:17:50.640	          linker	[Debug]	        dji_protocol_v3.c:506  3:0x0503 convert to 0065(0x0503)
12-30 22:17:50.641	          linker	[Debug]	            dji_command.c:1128  <0x6d0a>Receive msg from linker, 0x0300(0x0003)->0x0503(0x0065) 0x3C57 len:16
12-30 22:17:50.641	          linker	[Debug]	            dji_command.c:980  received unsupport request cmd that noneed ack, <0x6d0a> cmdset: 0x3C cmdid: 0x57
12-30 22:17:50.648	          linker	[Debug]	        dji_protocol_v1.c:309  <0x2030>V1-Recv: 0x0A06->0x0503 0x0866
12-30 22:17:50.649	          linker	[Debug]	            dji_command.c:1128  <0x2030>Receive msg from linker, 0x0A06(0x00CA)->0x0503(0x0065) 0x0866 len:102
12-30 22:17:50.649	          linker	[Debug]	            dji_command.c:980  received unsupport request cmd that noneed ack, <0x2030> cmdset: 0x08 cmdid: 0x66
12-30 22:17:50.697	          linker	[Debug]	        dji_protocol_v3.c:266  <0x8d60>V3-Send: 03:003F:001E:0x0503 -> 00:003F:001E:0x0200 0x3C1B, tLen 77 dLen 56
12-30 22:17:50.703	          linker	[Debug]	        dji_protocol_v3.c:387  <0x1ab>V3-Recv: 00:003F:001E:0x0801 -> 03:003F:001E:0x0503 0x0099, tLen 70 dLen 49
12-30 22:17:50.703	          linker	[Debug]	        dji_protocol_v3.c:506  0:0x0801 convert to 0028(0x0801)
12-30 22:17:50.703	          linker	[Debug]	        dji_protocol_v3.c:506  3:0x0503 convert to 0065(0x0503)
12-30 22:17:50.704	          linker	[Debug]	            dji_command.c:1128  <0x1ab>Receive msg from linker, 0x0801(0x0028)->0x0503(0x0065) 0x0099 len:49
12-30 22:17:50.714	          linker	[Debug]	        dji_protocol_v3.c:266  <0x8d61>V3-Send: 03:003F:001E:0x0503 -> 00:003F:001E:0x0200 0x3C1F, tLen 58 dLen 37
12-30 22:17:50.717	          linker	[Debug]	        dji_protocol_v3.c:387  <0x54e2>V3-Recv: 00:003F:001E:0x1204 -> 03:003F:001E:0x0503 0x4900, tLen 23 dLen 2
12-30 22:17:50.717	          linker	[Debug]	        dji_protocol_v3.c:506  0:0x1204 convert to 0092(0x1204)
12-30 22:17:50.717	          linker	[Debug]	        dji_protocol_v3.c:506  3:0x0503 convert to 0065(0x0503)
12-30 22:17:50.718	          linker	[Debug]	            dji_command.c:1128  <0x54e2>Receive msg from linker, 0x1204(0x0092)->0x0503(0x0065) 0x4900 len:2
12-30 22:17:50.718	          linker	[Debug]	        dji_protocol_v3.c:266  <0x54e2>V3-Send: 03:003F:001E:0x0503 -> 00:003F:001E:0x1204 0x4900, tLen 23 dLen 2
12-30 22:17:50.736	          linker	[Debug]	        dji_protocol_v3.c:387  <0x54e6>V3-Recv: 00:003F:001E:0x1204 -> 03:003F:001E:0x0503 0x22AD, tLen 68 dLen 47
12-30 22:17:50.736	          linker	[Debug]	        dji_protocol_v3.c:506  0:0x1204 convert to 0092(0x1204)
12-30 22:17:50.736	          linker	[Debug]	        dji_protocol_v3.c:506  3:0x0503 convert to 0065(0x0503)
12-30 22:17:50.736	          linker	[Debug]	            dji_command.c:1128  <0x54e6>Receive msg from linker, 0x1204(0x0092)->0x0503(0x0065) 0x22AD len:47
12-30 22:17:50.736	          linker	[Debug]	            dji_command.c:980  received unsupport request cmd that need ack, <0x54e6> cmdset: 0x22 cmdid: 0xAD
12-30 22:17:50.807	          linker	[Debug]	        dji_protocol_v3.c:387  <0x54f2>V3-Recv: 00:003F:001E:0x1204 -> 03:003F:001E:0x0503 0x4900, tLen 23 dLen 2
12-30 22:17:50.807	          linker	[Debug]	        dji_protocol_v3.c:506  0:0x1204 convert to 0092(0x1204)
12-30 22:17:50.807	          linker	[Debug]	        dji_protocol_v3.c:506  3:0x0503 convert to 0065(0x0503)
12-30 22:17:50.807	          linker	[Debug]	            dji_command.c:1128  <0x54f2>Receive msg from linker, 0x1204(0x0092)->0x0503(0x0065) 0x4900 len:2
12-30 22:17:50.808	          linker	[Debug]	        dji_protocol_v3.c:266  <0x54f2>V3-Send: 03:003F:001E:0x0503 -> 00:003F:001E:0x1204 0x4900, tLen 23 dLen 2
12-30 22:17:50.825	         channel	[Debug]	         mop_link_layer.c:169  MOP_LINK:return from recv_data func
12-30 22:17:50.825	         channel	[Debug]	         mop_link_layer.c:167  MOP_LINK:entry recv_data func
12-30 22:17:50.826	          linker	[Debug]	        dji_protocol_v3.c:387  <0x54f6>V3-Recv: 00:003F:001E:0x1204 -> 03:003F:001E:0x0503 0x22AD, tLen 68 dLen 47
12-30 22:17:50.827	          linker	[Debug]	        dji_protocol_v3.c:506  0:0x1204 convert to 0092(0x1204)
12-30 22:17:50.827	          linker	[Debug]	        dji_protocol_v3.c:506  3:0x0503 convert to 0065(0x0503)
12-30 22:17:50.827	          linker	[Debug]	            dji_command.c:1128  <0x54f6>Receive msg from linker, 0x1204(0x0092)->0x0503(0x0065) 0x22AD len:47
12-30 22:17:50.827	          linker	[Debug]	            dji_command.c:980  received unsupport request cmd that need ack, <0x54f6> cmdset: 0x22 cmdid: 0xAD
12-30 22:17:50.837	          linker	[Debug]	        dji_protocol_v3.c:387  <0x1ac>V3-Recv: 00:003F:001E:0x0801 -> 03:003F:001E:0x0503 0x0099, tLen 56 dLen 35
12-30 22:17:50.837	          linker	[Debug]	        dji_protocol_v3.c:506  0:0x0801 convert to 0028(0x0801)
12-30 22:17:50.837	          linker	[Debug]	        dji_protocol_v3.c:506  3:0x0503 convert to 0065(0x0503)
12-30 22:17:50.838	          linker	[Debug]	            dji_command.c:1128  <0x1ac>Receive msg from linker, 0x0801(0x0028)->0x0503(0x0065) 0x0099 len:35
12-30 22:17:50.844	          linker	[Debug]	        dji_protocol_v1.c:189  <0x8d62>V1-Send: 0x0503->0x1007 0x198B
12-30 22:17:50.844	          linker	[Debug]	        dji_protocol_v3.c:266  <0x8d63>V3-Send: 03:003F:001E:0x0503 -> 00:003F:001E:0x0200 0x3C10, tLen 85 dLen 64
12-30 22:17:50.845	          linker	[Debug]	        dji_protocol_v3.c:266  <0x8d64>V3-Send: 03:003F:001E:0x0503 -> 00:003F:001E:0x0300 0x3C10, tLen 85 dLen 64
12-30 22:17:50.845	          linker	[Debug]	        dji_protocol_v3.c:266  <0x8d65>V3-Send: 03:003F:001E:0x0503 -> 00:003F:001E:0x1104 0x3C10, tLen 85 dLen 64
12-30 22:17:50.845	          linker	[Debug]	        dji_protocol_v3.c:266  <0x8d66>V3-Send: 03:003F:001E:0x0503 -> 00:003F:001E:0x0701 0x3C10, tLen 85 dLen 64
12-30 22:17:50.845	          linker	[Debug]	        dji_protocol_v3.c:266  <0x8d67>V3-Send: 03:003F:001E:0x0503 -> 00:003F:001E:0x1100 0x3C10, tLen 85 dLen 64
12-30 22:17:50.847	          linker	[Debug]	        dji_protocol_v3.c:387  <0x6e90>V3-Recv: 00:003F:001E:0x0300 -> 03:003F:001E:0x0503 0x3C57, tLen 37 dLen 16
12-30 22:17:50.847	          linker	[Debug]	        dji_protocol_v3.c:506  0:0x0300 convert to 0003(0x0300)
12-30 22:17:50.847	          linker	[Debug]	        dji_protocol_v3.c:506  3:0x0503 convert to 0065(0x0503)
12-30 22:17:50.848	          linker	[Debug]	            dji_command.c:1128  <0x6e90>Receive msg from linker, 0x0300(0x0003)->0x0503(0x0065) 0x3C57 len:16
12-30 22:17:50.848	          linker	[Debug]	            dji_command.c:980  received unsupport request cmd that noneed ack, <0x6e90> cmdset: 0x3C cmdid: 0x57
12-30 22:17:50.903	          linker	[Debug]	        dji_protocol_v3.c:387  <0x1ad>V3-Recv: 00:003F:001E:0x0801 -> 03:003F:001E:0x0503 0x0099, tLen 65 dLen 44
12-30 22:17:50.903	          linker	[Debug]	        dji_protocol_v3.c:506  0:0x0801 convert to 0028(0x0801)
12-30 22:17:50.903	          linker	[Debug]	        dji_protocol_v3.c:506  3:0x0503 convert to 0065(0x0503)
12-30 22:17:50.904	          linker	[Debug]	            dji_command.c:1128  <0x1ad>Receive msg from linker, 0x0801(0x0028)->0x0503(0x0065) 0x0099 len:44
12-30 22:17:50.913	         channel	[Debug]	        mop_trans_layer.c:1568 MOP_TRANS:trans layer timer: 1s!
12-30 22:17:50.914	          linker	[Debug]	        dji_protocol_v3.c:266  <0x8d68>V3-Send: 03:003F:001E:0x0503 -> 00:003F:001E:0x0200 0x3C1B, tLen 77 dLen 56
12-30 22:17:50.914	          linker	[Debug]	        dji_protocol_v3.c:266  <0x8d69>V3-Send: 03:003F:001E:0x0503 -> 00:003F:001E:0x0200 0x3C1F, tLen 58 dLen 37
12-30 22:17:50.919	          linker	[Debug]	        dji_protocol_v3.c:387  <0x5503>V3-Recv: 00:003F:001E:0x1204 -> 03:003F:001E:0x0503 0x4900, tLen 23 dLen 2
12-30 22:17:50.919	          linker	[Debug]	        dji_protocol_v3.c:506  0:0x1204 convert to 0092(0x1204)
12-30 22:17:50.920	          linker	[Debug]	        dji_protocol_v3.c:506  3:0x0503 convert to 0065(0x0503)
12-30 22:17:50.920	          linker	[Debug]	        dji_protocol_v3.c:387  <0x1ae>V3-Recv: 00:003F:001E:0x0801 -> 03:003F:001E:0x0503 0x0099, tLen 95 dLen 74
12-30 22:17:50.920	          linker	[Debug]	        dji_protocol_v3.c:506  0:0x0801 convert to 0028(0x0801)
12-30 22:17:50.920	          linker	[Debug]	        dji_protocol_v3.c:506  3:0x0503 convert to 0065(0x0503)
12-30 22:17:50.920	          linker	[Debug]	        dji_protocol_v3.c:387  <0x1af>V3-Recv: 00:003F:001E:0x0801 -> 03:003F:001E:0x0503 0x0099, tLen 98 dLen 77
12-30 22:17:50.920	          linker	[Debug]	        dji_protocol_v3.c:506  0:0x0801 convert to 0028(0x0801)
12-30 22:17:50.920	          linker	[Debug]	        dji_protocol_v3.c:506  3:0x0503 convert to 0065(0x0503)
12-30 22:17:50.920	          linker	[Debug]	            dji_command.c:1128  <0x5503>Receive msg from linker, 0x1204(0x0092)->0x0503(0x0065) 0x4900 len:2
12-30 22:17:50.920	          linker	[Debug]	        dji_protocol_v3.c:266  <0x5503>V3-Send: 03:003F:001E:0x0503 -> 00:003F:001E:0x1204 0x4900, tLen 23 dLen 2
12-30 22:17:50.922	          linker	[Debug]	            dji_command.c:1128  <0x1ae>Receive msg from linker, 0x0801(0x0028)->0x0503(0x0065) 0x0099 len:74
12-30 22:17:50.923	          linker	[Debug]	            dji_command.c:1128  <0x1af>Receive msg from linker, 0x0801(0x0028)->0x0503(0x0065) 0x0099 len:77
12-30 22:17:50.933	          linker	[Debug]	        dji_protocol_v3.c:387  <0x5507>V3-Recv: 00:003F:001E:0x1204 -> 03:003F:001E:0x0503 0x22AD, tLen 68 dLen 47
12-30 22:17:50.934	          linker	[Debug]	        dji_protocol_v3.c:506  0:0x1204 convert to 0092(0x1204)
12-30 22:17:50.934	          linker	[Debug]	        dji_protocol_v3.c:506  3:0x0503 convert to 0065(0x0503)
12-30 22:17:50.935	          linker	[Debug]	            dji_command.c:1128  <0x5507>Receive msg from linker, 0x1204(0x0092)->0x0503(0x0065) 0x22AD len:47
12-30 22:17:50.935	          linker	[Debug]	            dji_command.c:980  received unsupport request cmd that need ack, <0x5507> cmdset: 0x22 cmdid: 0xAD
12-30 22:17:51.007	          linker	[Debug]	        dji_protocol_v3.c:387  <0x5513>V3-Recv: 00:003F:001E:0x1204 -> 03:003F:001E:0x0503 0x4900, tLen 23 dLen 2
12-30 22:17:51.007	          linker	[Debug]	        dji_protocol_v3.c:506  0:0x1204 convert to 0092(0x1204)
12-30 22:17:51.007	          linker	[Debug]	        dji_protocol_v3.c:506  3:0x0503 convert to 0065(0x0503)
12-30 22:17:51.008	          linker	[Debug]	            dji_command.c:1128  <0x5513>Receive msg from linker, 0x1204(0x0092)->0x0503(0x0065) 0x4900 len:2
12-30 22:17:51.008	          linker	[Debug]	        dji_protocol_v3.c:266  <0x5513>V3-Send: 03:003F:001E:0x0503 -> 00:003F:001E:0x1204 0x4900, tLen 23 dLen 2
12-30 22:17:51.011	         channel	[Debug]	          mop_net_layer.c:789  MOP_NET:[FLOW_CTRL] limit:3145728 time:1 rx_cnt:0 rx_rate:0 cur_limit:1048576 busy:0 reliable:0
12-30 22:17:51.011	         channel	[Debug]	          mop_net_layer.c:1127 MOP_NET:send heart beat req success
12-30 22:17:51.012	         channel	[Debug]	         mop_link_layer.c:387  MOP_LINK:0xffff38015b50 snd_tsk psize 24 ret 24, pkt_info: ttype 0x0080 dlen 0 seq 0,(2 2 0)->(0 1 0) 0x66dd
12-30 22:17:51.020	         channel	[Debug]	         mop_link_layer.c:169  MOP_LINK:return from recv_data func
12-30 22:17:51.020	         channel	[Debug]	         mop_link_layer.c:173  MOP_LINK:recv version 1002
12-30 22:17:51.020	         channel	[Debug]	         mop_link_layer.c:78   MOP_LINK:crc length 24
12-30 22:17:51.020	         channel	[Debug]	         mop_link_layer.c:492  MOP_LINK:0xffff38015b50 rcv_tsk psize 24 ret 24, pkt_info: ttype 0x0081 dlen 0 seq 0,(0 1 0)->(2 2 0) 0x1002
12-30 22:17:51.020	         channel	[Debug]	         mop_link_layer.c:167  MOP_LINK:entry recv_data func
12-30 22:17:51.020	         channel	[Debug]	         mop_link_layer.c:169  MOP_LINK:return from recv_data func
12-30 22:17:51.020	         channel	[Debug]	         mop_link_layer.c:173  MOP_LINK:recv version 1002
12-30 22:17:51.020	         channel	[Debug]	         mop_link_layer.c:78   MOP_LINK:crc length 24
12-30 22:17:51.021	         channel	[Debug]	          mop_net_layer.c:466  MOP_NET:get heart beat ack
12-30 22:17:51.021	         channel	[Debug]	         mop_link_layer.c:492  MOP_LINK:0xffff38015b50 rcv_tsk psize 24 ret 24, pkt_info: ttype 0x0081 dlen 0 seq 0,(0 1 0)->(2 2 0) 0x1002
12-30 22:17:51.021	         channel	[Debug]	         mop_link_layer.c:167  MOP_LINK:entry recv_data func
12-30 22:17:51.021	         channel	[Debug]	          mop_net_layer.c:466  MOP_NET:get heart beat ack
12-30 22:17:51.026	           utils	[Debug]	          dji_root_task.c:131  work execution time:
12-30 22:17:51.026	           utils	[Debug]	          dji_root_task.c:132  name	                execution time (ms)	  max execution time (ms)
12-30 22:17:51.026	           utils	[Debug]	          dji_root_task.c:134  recorderWork                    	0       	1       
12-30 22:17:51.026	           utils	[Debug]	          dji_root_task.c:134  flowControllerTask              	1       	1       
12-30 22:17:51.026	           utils	[Debug]	          dji_root_task.c:134  commandTask                     	1       	1       
12-30 22:17:51.026	           utils	[Debug]	          dji_root_task.c:134  aircraftWorkNode                	0       	1       
12-30 22:17:51.026	           utils	[Debug]	          dji_root_task.c:134  dataBuriedPointTask             	0       	1       
12-30 22:17:51.026	           utils	[Debug]	          dji_root_task.c:134  StatePushWork                   	1       	1       
12-30 22:17:51.026	           utils	[Debug]	          dji_root_task.c:134  WidgetWork                      	1       	1       
12-30 22:17:51.026	           utils	[Debug]	          dji_root_task.c:134  hmsTask                         	1       	1       
12-30 22:17:51.026	          linker	[Debug]	        dji_protocol_v3.c:387  <0x5517>V3-Recv: 00:003F:001E:0x1204 -> 03:003F:001E:0x0503 0x22AD, tLen 68 dLen 47
12-30 22:17:51.026	          linker	[Debug]	        dji_protocol_v3.c:506  0:0x1204 convert to 0092(0x1204)
12-30 22:17:51.027	          linker	[Debug]	        dji_protocol_v3.c:506  3:0x0503 convert to 0065(0x0503)
12-30 22:17:51.027	          linker	[Debug]	            dji_command.c:1128  <0x5517>Receive msg from linker, 0x1204(0x0092)->0x0503(0x0065) 0x22AD len:47
12-30 22:17:51.027	          linker	[Debug]	            dji_command.c:980  received unsupport request cmd that need ack, <0x5517> cmdset: 0x22 cmdid: 0xAD
12-30 22:17:51.040	          linker	[Debug]	        dji_protocol_v3.c:387  <0x700d>V3-Recv: 00:003F:001E:0x0300 -> 03:003F:001E:0x0503 0x3C57, tLen 37 dLen 16
12-30 22:17:51.040	          linker	[Debug]	        dji_protocol_v3.c:506  0:0x0300 convert to 0003(0x0300)
12-30 22:17:51.040	          linker	[Debug]	        dji_protocol_v3.c:506  3:0x0503 convert to 0065(0x0503)
12-30 22:17:51.040	          linker	[Debug]	            dji_command.c:1128  <0x700d>Receive msg from linker, 0x0300(0x0003)->0x0503(0x0065) 0x3C57 len:16
12-30 22:17:51.040	          linker	[Debug]	            dji_command.c:980  received unsupport request cmd that noneed ack, <0x700d> cmdset: 0x3C cmdid: 0x57
12-30 22:17:51.050	          linker	[Debug]	        dji_protocol_v3.c:387  <0xd220>V3-Recv: 00:0001:0000:0x0202 -> 03:0000:0001:0x0503 0x3C1C, tLen 28 dLen 7
12-30 22:17:51.050	          linker	[Debug]	        dji_protocol_v3.c:506  0:0x0202 convert to 0042(0x0202)
12-30 22:17:51.050	          linker	[Debug]	        dji_protocol_v3.c:506  3:0x0503 convert to 0065(0x0503)
12-30 22:17:51.050	          linker	[Debug]	        dji_protocol_v3.c:387  <0xd221>V3-Recv: 00:0001:0000:0x0202 -> 03:0000:0001:0x0503 0x3C25, tLen 23 dLen 2
12-30 22:17:51.050	          linker	[Debug]	        dji_protocol_v3.c:506  0:0x0202 convert to 0042(0x0202)
12-30 22:17:51.050	          linker	[Debug]	        dji_protocol_v3.c:506  3:0x0503 convert to 0065(0x0503)
12-30 22:17:51.050	          linker	[Debug]	            dji_command.c:1128  <0xd220>Receive msg from linker, 0x0202(0x0042)->0x0503(0x0065) 0x3C1C len:7
12-30 22:17:51.051	          linker	[Debug]	            dji_command.c:1128  <0xd221>Receive msg from linker, 0x0202(0x0042)->0x0503(0x0065) 0x3C25 len:2
12-30 22:17:51.051	          linker	[Debug]	            dji_command.c:980  received unsupport request cmd that need ack, <0xd221> cmdset: 0x3C cmdid: 0x25
12-30 22:17:51.061	          linker	[Debug]	        dji_protocol_v1.c:189  <0x8d6a>V1-Send: 0x0503->0x1007 0x198B
12-30 22:17:51.061	          linker	[Debug]	        dji_protocol_v3.c:266  <0x8d6b>V3-Send: 03:003F:001E:0x0503 -> 00:003F:001E:0x0200 0x3C10, tLen 85 dLen 64
12-30 22:17:51.061	          linker	[Debug]	        dji_protocol_v3.c:266  <0x8d6c>V3-Send: 03:003F:001E:0x0503 -> 00:003F:001E:0x0300 0x3C10, tLen 85 dLen 64
12-30 22:17:51.061	          linker	[Debug]	        dji_protocol_v3.c:266  <0x8d6d>V3-Send: 03:003F:001E:0x0503 -> 00:003F:001E:0x1104 0x3C10, tLen 85 dLen 64
12-30 22:17:51.061	          linker	[Debug]	        dji_protocol_v3.c:266  <0x8d6e>V3-Send: 03:003F:001E:0x0503 -> 00:003F:001E:0x0701 0x3C10, tLen 85 dLen 64
12-30 22:17:51.062	          linker	[Debug]	        dji_protocol_v3.c:266  <0x8d6f>V3-Send: 03:003F:001E:0x0503 -> 00:003F:001E:0x1100 0x3C10, tLen 85 dLen 64
12-30 22:17:51.107	          linker	[Debug]	        dji_protocol_v3.c:387  <0x5523>V3-Recv: 00:003F:001E:0x1204 -> 03:003F:001E:0x0503 0x4900, tLen 23 dLen 2
12-30 22:17:51.107	          linker	[Debug]	        dji_protocol_v3.c:506  0:0x1204 convert to 0092(0x1204)
12-30 22:17:51.107	          linker	[Debug]	        dji_protocol_v3.c:506  3:0x0503 convert to 0065(0x0503)
12-30 22:17:51.107	          linker	[Debug]	            dji_command.c:1128  <0x5523>Receive msg from linker, 0x1204(0x0092)->0x0503(0x0065) 0x4900 len:2
12-30 22:17:51.107	          linker	[Debug]	        dji_protocol_v3.c:266  <0x5523>V3-Send: 03:003F:001E:0x0503 -> 00:003F:001E:0x1204 0x4900, tLen 23 dLen 2
12-30 22:17:51.114	          linker	[Debug]	        dji_protocol_v3.c:266  <0x8d70>V3-Send: 03:003F:001E:0x0503 -> 00:003F:001E:0x0200 0x3C1F, tLen 58 dLen 37
12-30 22:17:51.127	          linker	[Debug]	        dji_protocol_v3.c:387  <0x5527>V3-Recv: 00:003F:001E:0x1204 -> 03:003F:001E:0x0503 0x22AD, tLen 68 dLen 47
12-30 22:17:51.127	          linker	[Debug]	        dji_protocol_v3.c:506  0:0x1204 convert to 0092(0x1204)
12-30 22:17:51.127	          linker	[Debug]	        dji_protocol_v3.c:506  3:0x0503 convert to 0065(0x0503)
12-30 22:17:51.128	          linker	[Debug]	            dji_command.c:1128  <0x5527>Receive msg from linker, 0x1204(0x0092)->0x0503(0x0065) 0x22AD len:47
12-30 22:17:51.128	          linker	[Debug]	            dji_command.c:980  received unsupport request cmd that need ack, <0x5527> cmdset: 0x22 cmdid: 0xAD
12-30 22:17:51.131	          linker	[Debug]	        dji_protocol_v3.c:266  <0x8d71>V3-Send: 03:003F:001E:0x0503 -> 00:003F:001E:0x0200 0x3C1B, tLen 77 dLen 56
12-30 22:17:51.149	          linker	[Debug]	        dji_protocol_v1.c:309  <0x2030>V1-Recv: 0x0A06->0x0503 0x0866
12-30 22:17:51.149	          linker	[Debug]	            dji_command.c:1128  <0x2030>Receive msg from linker, 0x0A06(0x00CA)->0x0503(0x0065) 0x0866 len:102
12-30 22:17:51.149	          linker	[Debug]	            dji_command.c:980  received unsupport request cmd that noneed ack, <0x2030> cmdset: 0x08 cmdid: 0x66
12-30 22:17:51.207	          linker	[Debug]	        dji_protocol_v3.c:387  <0x5533>V3-Recv: 00:003F:001E:0x1204 -> 03:003F:001E:0x0503 0x4900, tLen 23 dLen 2
12-30 22:17:51.207	          linker	[Debug]	        dji_protocol_v3.c:506  0:0x1204 convert to 0092(0x1204)
12-30 22:17:51.207	          linker	[Debug]	        dji_protocol_v3.c:506  3:0x0503 convert to 0065(0x0503)
12-30 22:17:51.207	          linker	[Debug]	            dji_command.c:1128  <0x5533>Receive msg from linker, 0x1204(0x0092)->0x0503(0x0065) 0x4900 len:2
12-30 22:17:51.207	          linker	[Debug]	        dji_protocol_v3.c:266  <0x5533>V3-Send: 03:003F:001E:0x0503 -> 00:003F:001E:0x1204 0x4900, tLen 23 dLen 2
12-30 22:17:51.224	         channel	[Debug]	         mop_link_layer.c:169  MOP_LINK:return from recv_data func
12-30 22:17:51.224	         channel	[Debug]	         mop_link_layer.c:167  MOP_LINK:entry recv_data func
12-30 22:17:51.226	          linker	[Debug]	        dji_protocol_v3.c:387  <0x5537>V3-Recv: 00:003F:001E:0x1204 -> 03:003F:001E:0x0503 0x22AD, tLen 68 dLen 47
12-30 22:17:51.227	          linker	[Debug]	        dji_protocol_v3.c:506  0:0x1204 convert to 0092(0x1204)
12-30 22:17:51.227	          linker	[Debug]	        dji_protocol_v3.c:506  3:0x0503 convert to 0065(0x0503)
12-30 22:17:51.228	          linker	[Debug]	            dji_command.c:1128  <0x5537>Receive msg from linker, 0x1204(0x0092)->0x0503(0x0065) 0x22AD len:47
12-30 22:17:51.228	          linker	[Debug]	            dji_command.c:980  received unsupport request cmd that need ack, <0x5537> cmdset: 0x22 cmdid: 0xAD
12-30 22:17:51.239	          linker	[Debug]	        dji_protocol_v3.c:387  <0x716f>V3-Recv: 00:003F:001E:0x0300 -> 03:003F:001E:0x0503 0x3C57, tLen 37 dLen 16
12-30 22:17:51.240	          linker	[Debug]	        dji_protocol_v3.c:506  0:0x0300 convert to 0003(0x0300)
12-30 22:17:51.240	          linker	[Debug]	        dji_protocol_v3.c:506  3:0x0503 convert to 0065(0x0503)
12-30 22:17:51.241	          linker	[Debug]	            dji_command.c:1128  <0x716f>Receive msg from linker, 0x0300(0x0003)->0x0503(0x0065) 0x3C57 len:16
12-30 22:17:51.241	          linker	[Debug]	            dji_command.c:980  received unsupport request cmd that noneed ack, <0x716f> cmdset: 0x3C cmdid: 0x57
12-30 22:17:51.277	          linker	[Debug]	        dji_protocol_v1.c:189  <0x8d72>V1-Send: 0x0503->0x1007 0x198B
12-30 22:17:51.277	          linker	[Debug]	        dji_protocol_v3.c:266  <0x8d73>V3-Send: 03:003F:001E:0x0503 -> 00:003F:001E:0x0200 0x3C10, tLen 85 dLen 64
12-30 22:17:51.278	          linker	[Debug]	        dji_protocol_v3.c:266  <0x8d74>V3-Send: 03:003F:001E:0x0503 -> 00:003F:001E:0x0300 0x3C10, tLen 85 dLen 64
12-30 22:17:51.278	          linker	[Debug]	        dji_protocol_v3.c:266  <0x8d75>V3-Send: 03:003F:001E:0x0503 -> 00:003F:001E:0x1104 0x3C10, tLen 85 dLen 64
12-30 22:17:51.278	          linker	[Debug]	        dji_protocol_v3.c:266  <0x8d76>V3-Send: 03:003F:001E:0x0503 -> 00:003F:001E:0x0701 0x3C10, tLen 85 dLen 64
12-30 22:17:51.278	          linker	[Debug]	        dji_protocol_v3.c:266  <0x8d77>V3-Send: 03:003F:001E:0x0503 -> 00:003F:001E:0x1100 0x3C10, tLen 85 dLen 64
12-30 22:17:51.307	          linker	[Debug]	        dji_protocol_v3.c:387  <0x5543>V3-Recv: 00:003F:001E:0x1204 -> 03:003F:001E:0x0503 0x4900, tLen 23 dLen 2
12-30 22:17:51.307	          linker	[Debug]	        dji_protocol_v3.c:506  0:0x1204 convert to 0092(0x1204)
12-30 22:17:51.307	          linker	[Debug]	        dji_protocol_v3.c:506  3:0x0503 convert to 0065(0x0503)
12-30 22:17:51.308	          linker	[Debug]	            dji_command.c:1128  <0x5543>Receive msg from linker, 0x1204(0x0092)->0x0503(0x0065) 0x4900 len:2
12-30 22:17:51.308	          linker	[Debug]	        dji_protocol_v3.c:266  <0x5543>V3-Send: 03:003F:001E:0x0503 -> 00:003F:001E:0x1204 0x4900, tLen 23 dLen 2
12-30 22:17:51.314	          linker	[Debug]	        dji_protocol_v3.c:266  <0x8d78>V3-Send: 03:003F:001E:0x0503 -> 00:003F:001E:0x0200 0x3C1F, tLen 58 dLen 37
12-30 22:17:51.326	          linker	[Debug]	        dji_protocol_v3.c:387  <0x5547>V3-Recv: 00:003F:001E:0x1204 -> 03:003F:001E:0x0503 0x22AD, tLen 68 dLen 47
12-30 22:17:51.326	          linker	[Debug]	        dji_protocol_v3.c:506  0:0x1204 convert to 0092(0x1204)
12-30 22:17:51.326	          linker	[Debug]	        dji_protocol_v3.c:506  3:0x0503 convert to 0065(0x0503)
12-30 22:17:51.327	          linker	[Debug]	            dji_command.c:1128  <0x5547>Receive msg from linker, 0x1204(0x0092)->0x0503(0x0065) 0x22AD len:47
12-30 22:17:51.327	          linker	[Debug]	            dji_command.c:980  received unsupport request cmd that need ack, <0x5547> cmdset: 0x22 cmdid: 0xAD
12-30 22:17:51.347	          linker	[Debug]	        dji_protocol_v3.c:266  <0x8d79>V3-Send: 03:003F:001E:0x0503 -> 00:003F:001E:0x0200 0x3C1B, tLen 77 dLen 56
12-30 22:17:51.407	          linker	[Debug]	        dji_protocol_v3.c:387  <0x5553>V3-Recv: 00:003F:001E:0x1204 -> 03:003F:001E:0x0503 0x4900, tLen 23 dLen 2
12-30 22:17:51.407	          linker	[Debug]	        dji_protocol_v3.c:506  0:0x1204 convert to 0092(0x1204)
12-30 22:17:51.407	          linker	[Debug]	        dji_protocol_v3.c:506  3:0x0503 convert to 0065(0x0503)
12-30 22:17:51.407	          linker	[Debug]	            dji_command.c:1128  <0x5553>Receive msg from linker, 0x1204(0x0092)->0x0503(0x0065) 0x4900 len:2
12-30 22:17:51.407	          linker	[Debug]	        dji_protocol_v3.c:266  <0x5553>V3-Send: 03:003F:001E:0x0503 -> 00:003F:001E:0x1204 0x4900, tLen 23 dLen 2
12-30 22:17:51.426	          linker	[Debug]	        dji_protocol_v3.c:387  <0x5557>V3-Recv: 00:003F:001E:0x1204 -> 03:003F:001E:0x0503 0x22AD, tLen 68 dLen 47
12-30 22:17:51.427	          linker	[Debug]	        dji_protocol_v3.c:506  0:0x1204 convert to 0092(0x1204)
12-30 22:17:51.427	          linker	[Debug]	        dji_protocol_v3.c:506  3:0x0503 convert to 0065(0x0503)
12-30 22:17:51.427	          linker	[Debug]	            dji_command.c:1128  <0x5557>Receive msg from linker, 0x1204(0x0092)->0x0503(0x0065) 0x22AD len:47
12-30 22:17:51.427	          linker	[Debug]	            dji_command.c:980  received unsupport request cmd that need ack, <0x5557> cmdset: 0x22 cmdid: 0xAD
12-30 22:17:51.428	         channel	[Debug]	         mop_link_layer.c:169  MOP_LINK:return from recv_data func
12-30 22:17:51.428	         channel	[Debug]	         mop_link_layer.c:167  MOP_LINK:entry recv_data func
12-30 22:17:51.439	          linker	[Debug]	        dji_protocol_v3.c:387  <0x72cd>V3-Recv: 00:003F:001E:0x0300 -> 03:003F:001E:0x0503 0x3C57, tLen 37 dLen 16
12-30 22:17:51.439	          linker	[Debug]	        dji_protocol_v3.c:506  0:0x0300 convert to 0003(0x0300)
12-30 22:17:51.439	          linker	[Debug]	        dji_protocol_v3.c:506  3:0x0503 convert to 0065(0x0503)
12-30 22:17:51.440	          linker	[Debug]	            dji_command.c:1128  <0x72cd>Receive msg from linker, 0x0300(0x0003)->0x0503(0x0065) 0x3C57 len:16
12-30 22:17:51.440	          linker	[Debug]	            dji_command.c:980  received unsupport request cmd that noneed ack, <0x72cd> cmdset: 0x3C cmdid: 0x57
12-30 22:17:51.494	          linker	[Debug]	        dji_protocol_v1.c:189  <0x8d7a>V1-Send: 0x0503->0x1007 0x198B
12-30 22:17:51.494	          linker	[Debug]	        dji_protocol_v3.c:266  <0x8d7b>V3-Send: 03:003F:001E:0x0503 -> 00:003F:001E:0x0200 0x3C10, tLen 85 dLen 64
12-30 22:17:51.494	          linker	[Debug]	        dji_protocol_v3.c:266  <0x8d7c>V3-Send: 03:003F:001E:0x0503 -> 00:003F:001E:0x0300 0x3C10, tLen 85 dLen 64
12-30 22:17:51.494	          linker	[Debug]	        dji_protocol_v3.c:266  <0x8d7d>V3-Send: 03:003F:001E:0x0503 -> 00:003F:001E:0x1104 0x3C10, tLen 85 dLen 64
12-30 22:17:51.494	          linker	[Debug]	        dji_protocol_v3.c:266  <0x8d7e>V3-Send: 03:003F:001E:0x0503 -> 00:003F:001E:0x0701 0x3C10, tLen 85 dLen 64
12-30 22:17:51.494	          linker	[Debug]	        dji_protocol_v3.c:266  <0x8d7f>V3-Send: 03:003F:001E:0x0503 -> 00:003F:001E:0x1100 0x3C10, tLen 85 dLen 64
12-30 22:17:51.504	          linker	[Debug]	        dji_protocol_v3.c:387  <0x1b0>V3-Recv: 00:003F:001E:0x0801 -> 03:003F:001E:0x0503 0x0099, tLen 98 dLen 77
12-30 22:17:51.504	          linker	[Debug]	        dji_protocol_v3.c:506  0:0x0801 convert to 0028(0x0801)
12-30 22:17:51.504	          linker	[Debug]	        dji_protocol_v3.c:506  3:0x0503 convert to 0065(0x0503)
12-30 22:17:51.504	          linker	[Debug]	            dji_command.c:1128  <0x1b0>Receive msg from linker, 0x0801(0x0028)->0x0503(0x0065) 0x0099 len:77
12-30 22:17:51.515	          linker	[Debug]	        dji_protocol_v3.c:266  <0x8d80>V3-Send: 03:003F:001E:0x0503 -> 00:003F:001E:0x0200 0x3C1F, tLen 58 dLen 37
12-30 22:17:51.515	          linker	[Debug]	        dji_protocol_v3.c:387  <0x1b1>V3-Recv: 00:003F:001E:0x0801 -> 03:003F:001E:0x0503 0x0099, tLen 70 dLen 49
12-30 22:17:51.515	          linker	[Debug]	        dji_protocol_v3.c:506  0:0x0801 convert to 0028(0x0801)
12-30 22:17:51.515	          linker	[Debug]	        dji_protocol_v3.c:506  3:0x0503 convert to 0065(0x0503)
12-30 22:17:51.516	          linker	[Debug]	        dji_protocol_v3.c:387  <0x5563>V3-Recv: 00:003F:001E:0x1204 -> 03:003F:001E:0x0503 0x4900, tLen 23 dLen 2
12-30 22:17:51.516	          linker	[Debug]	        dji_protocol_v3.c:506  0:0x1204 convert to 0092(0x1204)
12-30 22:17:51.516	          linker	[Debug]	        dji_protocol_v3.c:506  3:0x0503 convert to 0065(0x0503)
12-30 22:17:51.516	          linker	[Debug]	            dji_command.c:1128  <0x1b1>Receive msg from linker, 0x0801(0x0028)->0x0503(0x0065) 0x0099 len:49
12-30 22:17:51.517	          linker	[Debug]	            dji_command.c:1128  <0x5563>Receive msg from linker, 0x1204(0x0092)->0x0503(0x0065) 0x4900 len:2
12-30 22:17:51.517	          linker	[Debug]	        dji_protocol_v3.c:266  <0x5563>V3-Send: 03:003F:001E:0x0503 -> 00:003F:001E:0x1204 0x4900, tLen 23 dLen 2
12-30 22:17:51.527	          linker	[Debug]	        dji_protocol_v3.c:387  <0x5567>V3-Recv: 00:003F:001E:0x1204 -> 03:003F:001E:0x0503 0x22AD, tLen 68 dLen 47
12-30 22:17:51.527	          linker	[Debug]	        dji_protocol_v3.c:506  0:0x1204 convert to 0092(0x1204)
12-30 22:17:51.527	          linker	[Debug]	        dji_protocol_v3.c:506  3:0x0503 convert to 0065(0x0503)
12-30 22:17:51.527	          linker	[Debug]	            dji_command.c:1128  <0x5567>Receive msg from linker, 0x1204(0x0092)->0x0503(0x0065) 0x22AD len:47
12-30 22:17:51.527	          linker	[Debug]	            dji_command.c:980  received unsupport request cmd that need ack, <0x5567> cmdset: 0x22 cmdid: 0xAD
12-30 22:17:51.543	          linker	[Debug]	        dji_protocol_v3.c:387  <0x1b2>V3-Recv: 00:003F:001E:0x0801 -> 03:003F:001E:0x0503 0x0099, tLen 58 dLen 37
12-30 22:17:51.543	          linker	[Debug]	        dji_protocol_v3.c:506  0:0x0801 convert to 0028(0x0801)
12-30 22:17:51.543	          linker	[Debug]	        dji_protocol_v3.c:506  3:0x0503 convert to 0065(0x0503)
12-30 22:17:51.544	          linker	[Debug]	            dji_command.c:1128  <0x1b2>Receive msg from linker, 0x0801(0x0028)->0x0503(0x0065) 0x0099 len:37
12-30 22:17:51.564	          linker	[Debug]	        dji_protocol_v3.c:266  <0x8d81>V3-Send: 03:003F:001E:0x0503 -> 00:003F:001E:0x0200 0x3C1B, tLen 77 dLen 56
12-30 22:17:51.570	          linker	[Debug]	        dji_protocol_v3.c:266  <0x8d82>V3-Send: 03:003F:001E:0x0503 -> 00:003F:001E:0x0801 0x0000, tLen 21 dLen 0
12-30 22:17:51.570	           infor	[Debug]	dji_aircraft_connection.c:170  check connect status:1
12-30 22:17:51.571	          linker	[Debug]	        dji_protocol_v3.c:387  <0x8d82>V3-Recv: 00:003F:001E:0x0801 -> 03:003F:001E:0x0503 0x0000, tLen 22 dLen 1
12-30 22:17:51.571	          linker	[Debug]	        dji_protocol_v3.c:506  0:0x0801 convert to 0028(0x0801)
12-30 22:17:51.571	          linker	[Debug]	        dji_protocol_v3.c:506  3:0x0503 convert to 0065(0x0503)
12-30 22:17:51.571	          linker	[Debug]	            dji_command.c:1128  <0x8d82>Receive msg from linker, 0x0801(0x0028)->0x0503(0x0065) 0x0000 len:1
12-30 22:17:51.572	           infor	[Debug]	dji_aircraft_connection.c:303  connect status async sucess
12-30 22:17:51.572	          linker	[Debug]	            dji_command.c:890  callback function (cmdset: 0x00 cmdid: 0x00) deal time: 0 ms
12-30 22:17:51.583	          linker	[Debug]	        dji_protocol_v3.c:387  <0xcfa3>V3-Recv: 00:0001:0000:0x0202 -> 03:0000:0001:0x0503 0x3C20, tLen 22 dLen 1
12-30 22:17:51.583	          linker	[Debug]	        dji_protocol_v3.c:506  0:0x0202 convert to 0042(0x0202)
12-30 22:17:51.583	          linker	[Debug]	        dji_protocol_v3.c:506  3:0x0503 convert to 0065(0x0503)
12-30 22:17:51.583	          linker	[Debug]	            dji_command.c:1128  <0xcfa3>Receive msg from linker, 0x0202(0x0042)->0x0503(0x0065) 0x3C20 len:1
12-30 22:17:51.583	          linker	[Debug]	            dji_command.c:980  received unsupport request cmd that need ack, <0xcfa3> cmdset: 0x3C cmdid: 0x20
12-30 22:17:51.607	          linker	[Debug]	        dji_protocol_v3.c:387  <0x556f>V3-Recv: 00:003F:001E:0x1204 -> 03:003F:001E:0x0503 0x4900, tLen 23 dLen 2
12-30 22:17:51.607	          linker	[Debug]	        dji_protocol_v3.c:506  0:0x1204 convert to 0092(0x1204)
12-30 22:17:51.607	          linker	[Debug]	        dji_protocol_v3.c:506  3:0x0503 convert to 0065(0x0503)
12-30 22:17:51.607	          linker	[Debug]	            dji_command.c:1128  <0x556f>Receive msg from linker, 0x1204(0x0092)->0x0503(0x0065) 0x4900 len:2
12-30 22:17:51.607	          linker	[Debug]	        dji_protocol_v3.c:266  <0x556f>V3-Send: 03:003F:001E:0x0503 -> 00:003F:001E:0x1204 0x4900, tLen 23 dLen 2
12-30 22:17:51.626	          linker	[Debug]	        dji_protocol_v3.c:387  <0x5577>V3-Recv: 00:003F:001E:0x1204 -> 03:003F:001E:0x0503 0x22AD, tLen 68 dLen 47
12-30 22:17:51.626	          linker	[Debug]	        dji_protocol_v3.c:506  0:0x1204 convert to 0092(0x1204)
12-30 22:17:51.627	          linker	[Debug]	        dji_protocol_v3.c:506  3:0x0503 convert to 0065(0x0503)
12-30 22:17:51.627	          linker	[Debug]	            dji_command.c:1128  <0x5577>Receive msg from linker, 0x1204(0x0092)->0x0503(0x0065) 0x22AD len:47
12-30 22:17:51.627	          linker	[Debug]	            dji_command.c:980  received unsupport request cmd that need ack, <0x5577> cmdset: 0x22 cmdid: 0xAD
12-30 22:17:51.631	         channel	[Debug]	         mop_link_layer.c:169  MOP_LINK:return from recv_data func
12-30 22:17:51.631	         channel	[Debug]	         mop_link_layer.c:167  MOP_LINK:entry recv_data func
12-30 22:17:51.638	          linker	[Debug]	        dji_protocol_v3.c:387  <0x1b3>V3-Recv: 00:003F:001E:0x0801 -> 03:003F:001E:0x0503 0x0099, tLen 56 dLen 35
12-30 22:17:51.638	          linker	[Debug]	        dji_protocol_v3.c:506  0:0x0801 convert to 0028(0x0801)
12-30 22:17:51.638	          linker	[Debug]	        dji_protocol_v3.c:506  3:0x0503 convert to 0065(0x0503)
12-30 22:17:51.639	          linker	[Debug]	            dji_command.c:1128  <0x1b3>Receive msg from linker, 0x0801(0x0028)->0x0503(0x0065) 0x0099 len:35
12-30 22:17:51.648	          linker	[Debug]	        dji_protocol_v1.c:309  <0x2030>V1-Recv: 0x0A06->0x0503 0x0866
12-30 22:17:51.648	          linker	[Debug]	            dji_command.c:1128  <0x2030>Receive msg from linker, 0x0A06(0x00CA)->0x0503(0x0065) 0x0866 len:102
12-30 22:17:51.648	          linker	[Debug]	            dji_command.c:980  received unsupport request cmd that noneed ack, <0x2030> cmdset: 0x08 cmdid: 0x66
12-30 22:17:51.649	          linker	[Debug]	        dji_protocol_v3.c:387  <0x7436>V3-Recv: 00:003F:001E:0x0300 -> 03:003F:001E:0x0503 0x3C57, tLen 37 dLen 16
12-30 22:17:51.649	          linker	[Debug]	        dji_protocol_v3.c:506  0:0x0300 convert to 0003(0x0300)
12-30 22:17:51.649	          linker	[Debug]	        dji_protocol_v3.c:506  3:0x0503 convert to 0065(0x0503)
12-30 22:17:51.649	          linker	[Debug]	            dji_command.c:1128  <0x7436>Receive msg from linker, 0x0300(0x0003)->0x0503(0x0065) 0x3C57 len:16
12-30 22:17:51.649	          linker	[Debug]	            dji_command.c:980  received unsupport request cmd that noneed ack, <0x7436> cmdset: 0x3C cmdid: 0x57
12-30 22:17:51.704	          linker	[Debug]	        dji_protocol_v3.c:387  <0x1b4>V3-Recv: 00:003F:001E:0x0801 -> 03:003F:001E:0x0503 0x0099, tLen 65 dLen 44
12-30 22:17:51.704	          linker	[Debug]	        dji_protocol_v3.c:506  0:0x0801 convert to 0028(0x0801)
12-30 22:17:51.704	          linker	[Debug]	        dji_protocol_v3.c:506  3:0x0503 convert to 0065(0x0503)
12-30 22:17:51.704	          linker	[Debug]	            dji_command.c:1128  <0x1b4>Receive msg from linker, 0x0801(0x0028)->0x0503(0x0065) 0x0099 len:44
12-30 22:17:51.711	          linker	[Debug]	        dji_protocol_v1.c:189  <0x8d83>V1-Send: 0x0503->0x1007 0x198B
12-30 22:17:51.711	          linker	[Debug]	        dji_protocol_v3.c:266  <0x8d84>V3-Send: 03:003F:001E:0x0503 -> 00:003F:001E:0x0200 0x3C10, tLen 85 dLen 64
12-30 22:17:51.711	          linker	[Debug]	        dji_protocol_v3.c:266  <0x8d85>V3-Send: 03:003F:001E:0x0503 -> 00:003F:001E:0x0300 0x3C10, tLen 85 dLen 64
12-30 22:17:51.711	          linker	[Debug]	        dji_protocol_v3.c:266  <0x8d86>V3-Send: 03:003F:001E:0x0503 -> 00:003F:001E:0x1104 0x3C10, tLen 85 dLen 64
12-30 22:17:51.712	          linker	[Debug]	        dji_protocol_v3.c:266  <0x8d87>V3-Send: 03:003F:001E:0x0503 -> 00:003F:001E:0x0701 0x3C10, tLen 85 dLen 64
12-30 22:17:51.712	          linker	[Debug]	        dji_protocol_v3.c:266  <0x8d88>V3-Send: 03:003F:001E:0x0503 -> 00:003F:001E:0x1100 0x3C10, tLen 85 dLen 64
12-30 22:17:51.715	          linker	[Debug]	        dji_protocol_v3.c:266  <0x8d89>V3-Send: 03:003F:001E:0x0503 -> 00:003F:001E:0x0200 0x3C1F, tLen 58 dLen 37
12-30 22:17:51.715	          linker	[Debug]	        dji_protocol_v3.c:387  <0x5583>V3-Recv: 00:003F:001E:0x1204 -> 03:003F:001E:0x0503 0x4900, tLen 23 dLen 2
12-30 22:17:51.715	          linker	[Debug]	        dji_protocol_v3.c:506  0:0x1204 convert to 0092(0x1204)
12-30 22:17:51.715	          linker	[Debug]	        dji_protocol_v3.c:506  3:0x0503 convert to 0065(0x0503)
12-30 22:17:51.715	          linker	[Debug]	        dji_protocol_v3.c:387  <0x1b5>V3-Recv: 00:003F:001E:0x0801 -> 03:003F:001E:0x0503 0x0099, tLen 95 dLen 74
12-30 22:17:51.715	          linker	[Debug]	        dji_protocol_v3.c:506  0:0x0801 convert to 0028(0x0801)
12-30 22:17:51.715	          linker	[Debug]	        dji_protocol_v3.c:506  3:0x0503 convert to 0065(0x0503)
12-30 22:17:51.716	          linker	[Debug]	            dji_command.c:1128  <0x5583>Receive msg from linker, 0x1204(0x0092)->0x0503(0x0065) 0x4900 len:2
12-30 22:17:51.716	          linker	[Debug]	        dji_protocol_v3.c:266  <0x5583>V3-Send: 03:003F:001E:0x0503 -> 00:003F:001E:0x1204 0x4900, tLen 23 dLen 2
12-30 22:17:51.717	          linker	[Debug]	            dji_command.c:1128  <0x1b5>Receive msg from linker, 0x0801(0x0028)->0x0503(0x0065) 0x0099 len:74
12-30 22:17:51.726	          linker	[Debug]	        dji_protocol_v3.c:387  <0x5587>V3-Recv: 00:003F:001E:0x1204 -> 03:003F:001E:0x0503 0x22AD, tLen 68 dLen 47
12-30 22:17:51.726	          linker	[Debug]	        dji_protocol_v3.c:506  0:0x1204 convert to 0092(0x1204)
12-30 22:17:51.727	          linker	[Debug]	        dji_protocol_v3.c:506  3:0x0503 convert to 0065(0x0503)
12-30 22:17:51.727	          linker	[Debug]	            dji_command.c:1128  <0x5587>Receive msg from linker, 0x1204(0x0092)->0x0503(0x0065) 0x22AD len:47
12-30 22:17:51.727	          linker	[Debug]	            dji_command.c:980  received unsupport request cmd that need ack, <0x5587> cmdset: 0x22 cmdid: 0xAD
12-30 22:17:51.759	          linker	[Debug]	        dji_protocol_v3.c:266  <0x8d8a>V3-Send: 03:003F:001E:0x0503 -> 01:003F:001E:0x0400 0x040A, tLen 34 dLen 13
12-30 22:17:51.766	          linker	[Debug]	        dji_protocol_v3.c:387  <0x8d8a>V3-Recv: 01:003F:001E:0x0400 -> 03:003F:001E:0x0503 0x040A, tLen 23 dLen 2
12-30 22:17:51.766	          linker	[Debug]	        dji_protocol_v3.c:506  1:0x0400 convert to 0004(0x0400)
12-30 22:17:51.766	          linker	[Debug]	        dji_protocol_v3.c:506  3:0x0503 convert to 0065(0x0503)
12-30 22:17:51.767	          linker	[Debug]	            dji_command.c:1128  <0x8d8a>Receive msg from linker, 0x0400(0x0004)->0x0503(0x0065) 0x040A len:2
12-30 22:17:51.767	          linker	[Debug]	            dji_command.c:1076 PsdkCommand_SendSyncCallback success
12-30 22:17:51.767	          linker	[Debug]	            dji_command.c:890  callback function (cmdset: 0x04 cmdid: 0x0A) deal time: 0 ms
12-30 22:17:51.767	          linker	[Debug]	            dji_command.c:612  sendSync callback success
12-30 22:17:51.767	             cam	[Debug]	dji_camera_manager_ir_manager.c:373  Try to unsub topic[0] 16777218
12-30 22:17:51.767	             cam	[Debug]	dji_camera_manager_ir_manager.c:379  Unsub: original type data sub scription
12-30 22:17:51.767	             sub	[Debug]	dji_data_subscription_dds_v3.c:587  Begin unsubscribe topic name = multi_stream_fusion_mode topic index = 0 @0x0801
12-30 22:17:51.767	          linker	[Debug]	        dji_protocol_v3.c:266  <0x8d8b>V3-Send: 03:003F:001E:0x0503 -> 00:003F:001E:0x0801 0x0099, tLen 59 dLen 38
12-30 22:17:51.767	             sub	[Debug]	dji_data_subscription_xrce_v3.c:334  Successfully stop to subscribe to topic: multi_stream_fusion_mode @0x0801
12-30 22:17:51.767	             sub	[Debug]	dji_data_subscription_dds_v3.c:602  Clear callback info of topic multi_stream_fusion_mode @0x0801
12-30 22:17:51.767	             sub	[Debug]	dji_data_subscription_dds_v3.c:610  topic  remains 0 subscriber
12-30 22:17:51.772	             cam	[Debug]	dji_camera_manager_ir_manager.c:373  Try to unsub topic[1] 16777219
12-30 22:17:51.772	             cam	[Debug]	dji_camera_manager_ir_manager.c:379  Unsub: original type data sub scription
12-30 22:17:51.772	             sub	[Debug]	dji_data_subscription_dds_v3.c:587  Begin unsubscribe topic name = cam_status topic index = 1 @0x0801
12-30 22:17:51.772	          linker	[Debug]	        dji_protocol_v3.c:266  <0x8d8c>V3-Send: 03:003F:001E:0x0503 -> 00:003F:001E:0x0801 0x0099, tLen 45 dLen 24
12-30 22:17:51.772	             sub	[Debug]	dji_data_subscription_xrce_v3.c:334  Successfully stop to subscribe to topic: cam_status @0x0801
12-30 22:17:51.772	             sub	[Debug]	dji_data_subscription_dds_v3.c:602  Clear callback info of topic cam_status @0x0801
12-30 22:17:51.772	             sub	[Debug]	dji_data_subscription_dds_v3.c:610  topic  remains 0 subscriber
12-30 22:17:51.777	             cam	[Debug]	dji_camera_manager_ir_manager.c:373  Try to unsub topic[2] 16777220
12-30 22:17:51.778	             cam	[Debug]	dji_camera_manager_ir_manager.c:379  Unsub: original type data sub scription
12-30 22:17:51.778	             sub	[Debug]	dji_data_subscription_dds_v3.c:587  Begin unsubscribe topic name = cam_lens_state topic index = 2 @0x0801
12-30 22:17:51.778	          linker	[Debug]	        dji_protocol_v3.c:266  <0x8d8d>V3-Send: 03:003F:001E:0x0503 -> 00:003F:001E:0x0801 0x0099, tLen 49 dLen 28
12-30 22:17:51.778	             sub	[Debug]	dji_data_subscription_xrce_v3.c:334  Successfully stop to subscribe to topic: cam_lens_state @0x0801
12-30 22:17:51.778	             sub	[Debug]	dji_data_subscription_dds_v3.c:602  Clear callback info of topic cam_lens_state @0x0801
12-30 22:17:51.778	             sub	[Debug]	dji_data_subscription_dds_v3.c:610  topic  remains 0 subscriber
12-30 22:17:51.778	          linker	[Debug]	        dji_protocol_v3.c:387  <0x8d8b>V3-Recv: 00:003F:001E:0x0801 -> 03:003F:001E:0x0503 0x0099, tLen 30 dLen 9
12-30 22:17:51.778	          linker	[Debug]	        dji_protocol_v3.c:506  0:0x0801 convert to 0028(0x0801)
12-30 22:17:51.778	          linker	[Debug]	        dji_protocol_v3.c:506  3:0x0503 convert to 0065(0x0503)
12-30 22:17:51.778	          linker	[Debug]	        dji_protocol_v3.c:387  <0x8d8c>V3-Recv: 00:003F:001E:0x0801 -> 03:003F:001E:0x0503 0x0099, tLen 30 dLen 9
12-30 22:17:51.778	          linker	[Debug]	        dji_protocol_v3.c:506  0:0x0801 convert to 0028(0x0801)
12-30 22:17:51.778	          linker	[Debug]	        dji_protocol_v3.c:506  3:0x0503 convert to 0065(0x0503)
12-30 22:17:51.778	          linker	[Debug]	        dji_protocol_v3.c:387  <0x8d8d>V3-Recv: 00:003F:001E:0x0801 -> 03:003F:001E:0x0503 0x0099, tLen 30 dLen 9
12-30 22:17:51.778	          linker	[Debug]	        dji_protocol_v3.c:506  0:0x0801 convert to 0028(0x0801)
12-30 22:17:51.778	          linker	[Debug]	        dji_protocol_v3.c:506  3:0x0503 convert to 0065(0x0503)
12-30 22:17:51.779	          linker	[Debug]	            dji_command.c:1128  <0x8d8b>Receive msg from linker, 0x0801(0x0028)->0x0503(0x0065) 0x0099 len:9
12-30 22:17:51.779	             sub	[Debug]	dji_data_subscription_dds_v3.c:889  Unsubscribe topic
12-30 22:17:51.779	          linker	[Debug]	            dji_command.c:890  callback function (cmdset: 0x00 cmdid: 0x99) deal time: 0 ms
12-30 22:17:51.780	          linker	[Debug]	            dji_command.c:1128  <0x8d8c>Receive msg from linker, 0x0801(0x0028)->0x0503(0x0065) 0x0099 len:9
12-30 22:17:51.780	             sub	[Debug]	dji_data_subscription_dds_v3.c:889  Unsubscribe topic
12-30 22:17:51.780	          linker	[Debug]	            dji_command.c:890  callback function (cmdset: 0x00 cmdid: 0x99) deal time: 0 ms
12-30 22:17:51.781	          linker	[Debug]	            dji_command.c:1128  <0x8d8d>Receive msg from linker, 0x0801(0x0028)->0x0503(0x0065) 0x0099 len:9
12-30 22:17:51.781	             sub	[Debug]	dji_data_subscription_dds_v3.c:889  Unsubscribe topic
12-30 22:17:51.781	          linker	[Debug]	            dji_command.c:890  callback function (cmdset: 0x00 cmdid: 0x99) deal time: 0 ms
12-30 22:17:51.781	          linker	[Debug]	        dji_protocol_v3.c:266  <0x8d8e>V3-Send: 03:003F:001E:0x0503 -> 00:003F:001E:0x0200 0x3C1B, tLen 77 dLen 56
12-30 22:17:51.783	             cam	[Debug]	dji_camera_manager_ir_manager.c:373  Try to unsub topic[3] 16777221
12-30 22:17:51.783	             cam	[Debug]	dji_camera_manager_ir_manager.c:379  Unsub: original type data sub scription
12-30 22:17:51.783	             sub	[Debug]	dji_data_subscription_dds_v3.c:587  Begin unsubscribe topic name = cam_photo_param topic index = 3 @0x0801
12-30 22:17:51.783	          linker	[Debug]	        dji_protocol_v3.c:266  <0x8d8f>V3-Send: 03:003F:001E:0x0503 -> 00:003F:001E:0x0801 0x0099, tLen 50 dLen 29
12-30 22:17:51.783	             sub	[Debug]	dji_data_subscription_xrce_v3.c:334  Successfully stop to subscribe to topic: cam_photo_param @0x0801
12-30 22:17:51.783	             sub	[Debug]	dji_data_subscription_dds_v3.c:602  Clear callback info of topic cam_photo_param @0x0801
12-30 22:17:51.783	             sub	[Debug]	dji_data_subscription_dds_v3.c:610  topic  remains 0 subscriber
12-30 22:17:51.788	             cam	[Debug]	dji_camera_manager_ir_manager.c:373  Try to unsub topic[4] 16777222
12-30 22:17:51.788	             cam	[Debug]	dji_camera_manager_ir_manager.c:379  Unsub: original type data sub scription
12-30 22:17:51.788	             sub	[Debug]	dji_data_subscription_dds_v3.c:587  Begin unsubscribe topic name = cam_record_time topic index = 4 @0x0801
12-30 22:17:51.788	          linker	[Debug]	        dji_protocol_v3.c:266  <0x8d90>V3-Send: 03:003F:001E:0x0503 -> 00:003F:001E:0x0801 0x0099, tLen 50 dLen 29
12-30 22:17:51.788	             sub	[Debug]	dji_data_subscription_xrce_v3.c:334  Successfully stop to subscribe to topic: cam_record_time @0x0801
12-30 22:17:51.788	             sub	[Debug]	dji_data_subscription_dds_v3.c:602  Clear callback info of topic cam_record_time @0x0801
12-30 22:17:51.788	             sub	[Debug]	dji_data_subscription_dds_v3.c:610  topic  remains 0 subscriber
12-30 22:17:51.789	          linker	[Debug]	        dji_protocol_v3.c:387  <0x8d8f>V3-Recv: 00:003F:001E:0x0801 -> 03:003F:001E:0x0503 0x0099, tLen 30 dLen 9
12-30 22:17:51.789	          linker	[Debug]	        dji_protocol_v3.c:506  0:0x0801 convert to 0028(0x0801)
12-30 22:17:51.789	          linker	[Debug]	        dji_protocol_v3.c:506  3:0x0503 convert to 0065(0x0503)
12-30 22:17:51.789	          linker	[Debug]	        dji_protocol_v3.c:387  <0x8d90>V3-Recv: 00:003F:001E:0x0801 -> 03:003F:001E:0x0503 0x0099, tLen 30 dLen 9
12-30 22:17:51.789	          linker	[Debug]	        dji_protocol_v3.c:506  0:0x0801 convert to 0028(0x0801)
12-30 22:17:51.789	          linker	[Debug]	        dji_protocol_v3.c:506  3:0x0503 convert to 0065(0x0503)
12-30 22:17:51.789	          linker	[Debug]	            dji_command.c:1128  <0x8d8f>Receive msg from linker, 0x0801(0x0028)->0x0503(0x0065) 0x0099 len:9
12-30 22:17:51.789	             sub	[Debug]	dji_data_subscription_dds_v3.c:889  Unsubscribe topic
12-30 22:17:51.789	          linker	[Debug]	            dji_command.c:890  callback function (cmdset: 0x00 cmdid: 0x99) deal time: 0 ms
12-30 22:17:51.790	          linker	[Debug]	            dji_command.c:1128  <0x8d90>Receive msg from linker, 0x0801(0x0028)->0x0503(0x0065) 0x0099 len:9
12-30 22:17:51.790	             sub	[Debug]	dji_data_subscription_dds_v3.c:889  Unsubscribe topic
12-30 22:17:51.790	          linker	[Debug]	            dji_command.c:890  callback function (cmdset: 0x00 cmdid: 0x99) deal time: 0 ms
12-30 22:17:51.793	             cam	[Debug]	dji_camera_manager_ir_manager.c:373  Try to unsub topic[5] 16777223
12-30 22:17:51.794	             cam	[Debug]	dji_camera_manager_ir_manager.c:379  Unsub: original type data sub scription
12-30 22:17:51.794	             sub	[Debug]	dji_data_subscription_dds_v3.c:587  Begin unsubscribe topic name = cam_storage topic index = 5 @0x0801
12-30 22:17:51.794	          linker	[Debug]	        dji_protocol_v3.c:266  <0x8d91>V3-Send: 03:003F:001E:0x0503 -> 00:003F:001E:0x0801 0x0099, tLen 46 dLen 25
12-30 22:17:51.794	             sub	[Debug]	dji_data_subscription_xrce_v3.c:334  Successfully stop to subscribe to topic: cam_storage @0x0801
12-30 22:17:51.794	             sub	[Debug]	dji_data_subscription_dds_v3.c:602  Clear callback info of topic cam_storage @0x0801
12-30 22:17:51.794	             sub	[Debug]	dji_data_subscription_dds_v3.c:610  topic  remains 0 subscriber
12-30 22:17:51.799	             cam	[Debug]	dji_camera_manager_ir_manager.c:373  Try to unsub topic[6] 16777224
12-30 22:17:51.799	             cam	[Debug]	dji_camera_manager_ir_manager.c:379  Unsub: original type data sub scription
12-30 22:17:51.799	             sub	[Debug]	dji_data_subscription_dds_v3.c:587  Begin unsubscribe topic name = cam_expo_param topic index = 6 @0x0801
12-30 22:17:51.799	          linker	[Debug]	        dji_protocol_v3.c:266  <0x8d92>V3-Send: 03:003F:001E:0x0503 -> 00:003F:001E:0x0801 0x0099, tLen 49 dLen 28
12-30 22:17:51.799	             sub	[Debug]	dji_data_subscription_xrce_v3.c:334  Successfully stop to subscribe to topic: cam_expo_param @0x0801
12-30 22:17:51.799	             sub	[Debug]	dji_data_subscription_dds_v3.c:602  Clear callback info of topic cam_expo_param @0x0801
12-30 22:17:51.799	             sub	[Debug]	dji_data_subscription_dds_v3.c:610  topic  remains 0 subscriber
12-30 22:17:51.799	          linker	[Debug]	        dji_protocol_v3.c:387  <0x8d91>V3-Recv: 00:003F:001E:0x0801 -> 03:003F:001E:0x0503 0x0099, tLen 30 dLen 9
12-30 22:17:51.799	          linker	[Debug]	        dji_protocol_v3.c:506  0:0x0801 convert to 0028(0x0801)
12-30 22:17:51.799	          linker	[Debug]	        dji_protocol_v3.c:506  3:0x0503 convert to 0065(0x0503)
12-30 22:17:51.799	          linker	[Debug]	        dji_protocol_v3.c:387  <0x8d92>V3-Recv: 00:003F:001E:0x0801 -> 03:003F:001E:0x0503 0x0099, tLen 30 dLen 9
12-30 22:17:51.799	          linker	[Debug]	        dji_protocol_v3.c:506  0:0x0801 convert to 0028(0x0801)
12-30 22:17:51.799	          linker	[Debug]	        dji_protocol_v3.c:506  3:0x0503 convert to 0065(0x0503)
12-30 22:17:51.800	          linker	[Debug]	            dji_command.c:1128  <0x8d91>Receive msg from linker, 0x0801(0x0028)->0x0503(0x0065) 0x0099 len:9
12-30 22:17:51.800	             sub	[Debug]	dji_data_subscription_dds_v3.c:889  Unsubscribe topic
12-30 22:17:51.800	          linker	[Debug]	            dji_command.c:890  callback function (cmdset: 0x00 cmdid: 0x99) deal time: 0 ms
12-30 22:17:51.801	          linker	[Debug]	            dji_command.c:1128  <0x8d92>Receive msg from linker, 0x0801(0x0028)->0x0503(0x0065) 0x0099 len:9
12-30 22:17:51.801	             sub	[Debug]	dji_data_subscription_dds_v3.c:889  Unsubscribe topic
12-30 22:17:51.801	          linker	[Debug]	            dji_command.c:890  callback function (cmdset: 0x00 cmdid: 0x99) deal time: 0 ms
12-30 22:17:51.804	          linker	[Debug]	            dji_command.c:781  Anti reg command handle list success, index:12
12-30 22:17:51.804	         channel	[Debug]	dji_stream_channel_usbbulk.c:532  Usb bulk port has other handle used, interfaceNum:3.
12-30 22:17:51.804	      downloader	[Info]	dji_camera_manager_media_downloader.c:682  deinit hms module.
12-30 22:17:51.804	          linker	[Debug]	            dji_command.c:781  Anti reg command handle list success, index:13
