   0.006	            core	[Info]	               dji_core.c:110  Payload SDK Version : V3.14.0-beta.0-build.2296 Nov  3 2025 18:20:53
   0.006	          linker	[Debug]	             dji_linker.c:129  init linker success, protocol:2, channelId:3
   0.006	          linker	[Debug]	        dji_protocol_v1.c:189  <0000>V1-Send: 0x0503->0x0801 0x0000
   0.006	          linker	[Debug]	        dji_protocol_v1.c:309  <0000>V1-Recv: 0x0801->0x0503 0x0000
   0.007	           utils	[Debug]	          dji_root_task.c:131  work execution time:
   0.007	           utils	[Debug]	          dji_root_task.c:132  name	                execution time (ms)	  max execution time (ms)
   0.007	           utils	[Debug]	          dji_root_task.c:134  recorderWork                    	0       	0       
   0.007	           utils	[Debug]	          dji_root_task.c:134  flowControllerTask              	0       	0       
12-28 16:18:37.177	          linker	[Debug]	             dji_linker.c:171  deinit linker success, protocol:2, channelId:3
12-28 16:18:37.177	            core	[Info]	               dji_core.c:138  Identify device : manifold3
12-28 16:18:37.178	          linker	[Debug]	        dji_protocol_v1.c:264  protocol frame length error
12-28 16:18:37.178	          linker	[Debug]	             dji_linker.c:129  init linker success, protocol:2, channelId:1
12-28 16:18:37.178	          linker	[Debug]	        dji_protocol_v1.c:264  protocol frame length error
12-28 16:18:37.189	          linker	[Debug]	        dji_protocol_v1.c:264  protocol frame length error
12-28 16:18:37.189	          linker	[Debug]	        dji_protocol_v1.c:264  protocol frame length error
12-28 16:18:37.189	          linker	[Debug]	        dji_protocol_v1.c:264  protocol frame length error
12-28 16:18:37.189	          linker	[Debug]	        dji_protocol_v1.c:264  protocol frame length error
12-28 16:18:37.189	          linker	[Debug]	        dji_protocol_v1.c:264  protocol frame length error
12-28 16:18:37.189	          linker	[Debug]	        dji_protocol_v1.c:264  protocol frame length error
12-28 16:18:37.189	          linker	[Debug]	        dji_protocol_v1.c:264  protocol frame length error
12-28 16:18:37.189	          linker	[Debug]	        dji_protocol_v1.c:264  protocol frame length error
12-28 16:18:37.189	          linker	[Debug]	        dji_protocol_v1.c:264  protocol frame length error
12-28 16:18:37.189	          linker	[Debug]	        dji_protocol_v1.c:264  protocol frame length error
12-28 16:18:37.189	          linker	[Debug]	        dji_protocol_v1.c:264  protocol frame length error
12-28 16:18:37.189	          linker	[Debug]	        dji_protocol_v1.c:264  protocol frame length error
12-28 16:18:37.189	          linker	[Debug]	        dji_protocol_v1.c:264  protocol frame length error
12-28 16:18:37.189	          linker	[Debug]	        dji_protocol_v1.c:264  protocol frame length error
12-28 16:18:37.189	          linker	[Debug]	        dji_protocol_v1.c:264  protocol frame length error
12-28 16:18:37.189	          linker	[Debug]	        dji_protocol_v1.c:264  protocol frame length error
12-28 16:18:37.189	          linker	[Debug]	        dji_protocol_v1.c:264  protocol frame length error
12-28 16:18:37.189	          linker	[Debug]	        dji_protocol_v1.c:264  protocol frame length error
12-28 16:18:37.189	          linker	[Debug]	        dji_protocol_v1.c:264  protocol frame length error
12-28 16:18:37.189	          linker	[Debug]	        dji_protocol_v1.c:264  protocol frame length error
12-28 16:18:37.189	          linker	[Debug]	        dji_protocol_v1.c:264  protocol frame length error
12-28 16:18:37.189	          linker	[Debug]	        dji_protocol_v1.c:264  protocol frame length error
12-28 16:18:37.189	          linker	[Debug]	        dji_protocol_v1.c:264  protocol frame length error
12-28 16:18:37.189	          linker	[Debug]	        dji_protocol_v1.c:264  protocol frame length error
12-28 16:18:37.189	          linker	[Debug]	        dji_protocol_v1.c:264  protocol frame length error
12-28 16:18:37.189	          linker	[Debug]	        dji_protocol_v1.c:264  protocol frame length error
12-28 16:18:37.189	          linker	[Debug]	        dji_protocol_v1.c:264  protocol frame length error
12-28 16:18:37.189	          linker	[Debug]	        dji_protocol_v1.c:264  protocol frame length error
12-28 16:18:37.189	          linker	[Debug]	        dji_protocol_v1.c:264  protocol frame length error
12-28 16:18:37.189	          linker	[Debug]	        dji_protocol_v1.c:264  protocol frame length error
12-28 16:18:37.189	          linker	[Debug]	        dji_protocol_v1.c:264  protocol frame length error
12-28 16:18:37.189	          linker	[Debug]	        dji_protocol_v1.c:264  protocol frame length error
12-28 16:18:37.189	          linker	[Debug]	        dji_protocol_v1.c:264  protocol frame length error
12-28 16:18:37.189	          linker	[Debug]	        dji_protocol_v1.c:264  protocol frame length error
12-28 16:18:37.189	          linker	[Debug]	        dji_protocol_v1.c:264  protocol frame length error
12-28 16:18:37.189	          linker	[Debug]	        dji_protocol_v1.c:264  protocol frame length error
12-28 16:18:37.189	          linker	[Debug]	        dji_protocol_v1.c:264  protocol frame length error
12-28 16:18:37.189	          linker	[Debug]	        dji_protocol_v1.c:264  protocol frame length error
12-28 16:18:37.189	          linker	[Debug]	        dji_protocol_v1.c:264  protocol frame length error
12-28 16:18:37.189	          linker	[Debug]	        dji_protocol_v1.c:264  protocol frame length error
12-28 16:18:37.189	          linker	[Debug]	        dji_protocol_v1.c:264  protocol frame length error
12-28 16:18:37.189	          linker	[Debug]	        dji_protocol_v1.c:264  protocol frame length error
12-28 16:18:37.189	          linker	[Debug]	        dji_protocol_v1.c:264  protocol frame length error
12-28 16:18:37.189	          linker	[Debug]	        dji_protocol_v1.c:264  protocol frame length error
12-28 16:18:37.189	          linker	[Debug]	        dji_protocol_v1.c:264  protocol frame length error
12-28 16:18:37.189	          linker	[Debug]	        dji_protocol_v1.c:264  protocol frame length error
12-28 16:18:37.189	          linker	[Debug]	        dji_protocol_v1.c:264  protocol frame length error
12-28 16:18:37.189	          linker	[Debug]	        dji_protocol_v1.c:264  protocol frame length error
12-28 16:18:37.189	          linker	[Debug]	        dji_protocol_v1.c:264  protocol frame length error
12-28 16:18:37.189	          linker	[Debug]	        dji_protocol_v1.c:264  protocol frame length error
12-28 16:18:37.189	          linker	[Debug]	        dji_protocol_v1.c:264  protocol frame length error
12-28 16:18:37.189	          linker	[Debug]	        dji_protocol_v1.c:264  protocol frame length error
12-28 16:18:37.189	          linker	[Debug]	        dji_protocol_v1.c:264  protocol frame length error
12-28 16:18:37.189	          linker	[Debug]	        dji_protocol_v1.c:264  protocol frame length error
12-28 16:18:37.189	          linker	[Debug]	        dji_protocol_v1.c:264  protocol frame length error
12-28 16:18:37.189	          linker	[Debug]	        dji_protocol_v1.c:264  protocol frame length error
12-28 16:18:37.189	          linker	[Debug]	        dji_protocol_v1.c:264  protocol frame length error
12-28 16:18:37.189	          linker	[Debug]	        dji_protocol_v1.c:264  protocol frame length error
12-28 16:18:37.189	          linker	[Debug]	        dji_protocol_v1.c:264  protocol frame length error
12-28 16:18:37.189	          linker	[Debug]	        dji_protocol_v1.c:264  protocol frame length error
12-28 16:18:37.189	          linker	[Debug]	        dji_protocol_v1.c:264  protocol frame length error
12-28 16:18:37.189	          linker	[Debug]	        dji_protocol_v1.c:264  protocol frame length error
12-28 16:18:37.189	          linker	[Debug]	        dji_protocol_v1.c:264  protocol frame length error
12-28 16:18:37.189	          linker	[Debug]	        dji_protocol_v1.c:264  protocol frame length error
12-28 16:18:37.189	          linker	[Debug]	        dji_protocol_v1.c:264  protocol frame length error
12-28 16:18:37.189	          linker	[Debug]	        dji_protocol_v1.c:264  protocol frame length error
12-28 16:18:37.189	          linker	[Debug]	        dji_protocol_v1.c:264  protocol frame length error
12-28 16:18:37.189	          linker	[Debug]	        dji_protocol_v1.c:264  protocol frame length error
12-28 16:18:37.189	          linker	[Debug]	        dji_protocol_v1.c:264  protocol frame length error
12-28 16:18:37.189	          linker	[Debug]	        dji_protocol_v1.c:264  protocol frame length error
12-28 16:18:37.189	          linker	[Debug]	        dji_protocol_v1.c:264  protocol frame length error
12-28 16:18:37.189	          linker	[Debug]	        dji_protocol_v1.c:264  protocol frame length error
12-28 16:18:37.189	          linker	[Debug]	        dji_protocol_v1.c:264  protocol frame length error
12-28 16:18:37.189	          linker	[Debug]	        dji_protocol_v1.c:264  protocol frame length error
12-28 16:18:37.189	          linker	[Debug]	        dji_protocol_v1.c:264  protocol frame length error
12-28 16:18:37.189	          linker	[Debug]	        dji_protocol_v1.c:264  protocol frame length error
The log is overflow
The log is overflow
The log is overflow
The log is overflow
The log is overflow
The log is overflow
The log is overflow
The log is overflow
The log is overflow
The log is overflow
The log is overflow
The log is overflow
The log is overflow
The log is overflow
The log is overflow
The log is overflow
The log is overflow
The log is overflow
The log is overflow
The log is overflow
The log is overflow
The log is overflow
The log is overflow
The log is overflow
The log is overflow
The log is overflow
The log is overflow
The log is overflow
The log is overflow
The log is overflow
The log is overflow
The log is overflow
The log is overflow
The log is overflow
The log is overflow
The log is overflow
The log is overflow
The log is overflow
The log is overflow
The log is overflow
The log is overflow
The log is overflow
The log is overflow
The log is overflow
The log is overflow
The log is overflow
The log is overflow
The log is overflow
The log is overflow
The log is overflow
The log is overflow
The log is overflow
The log is overflow
The log is overflow
The log is overflow
The log is overflow
The log is overflow
The log is overflow
The log is overflow
The log is overflow
The log is overflow
The log is overflow
The log is overflow
The log is overflow
The log is overflow
The log is overflow
The log is overflow
The log is overflow
The log is overflow
The log is overflow
The log is overflow
The log is overflow
The log is overflow
The log is overflow
The log is overflow
The log is overflow
The log is overflow
The log is overflow
The log is overflow
The log is overflow
The log is overflow
The log is overflow
The log is overflow
The log is overflow
The log is overflow
The log is overflow
The log is overflow
The log is overflow
The log is overflow
The log is overflow
The log is overflow
The log is overflow
The log is overflow
The log is overflow
The log is overflow
The log is overflow
The log is overflow
The log is overflow
The log is overflow
The log is overflow
The log is overflow
The log is overflow
The log is overflow
The log is overflow
The log is overflow
12-28 16:18:37.189	          linker	[Debug]	        dji_protocol_v1.c:264  protocol frame length error
The log is overflow
The log is overflow
The log is overflow
The log is overflow
The log is overflow
The log is overflow
The log is overflow
The log is overflow
The log is overflow
The log is overflow
The log is overflow
The log is overflow
The log is overflow
The log is overflow
The log is overflow
The log is overflow
The log is overflow
The log is overflow
The log is overflow
The log is overflow
The log is overflow
The log is overflow
The log is overflow
The log is overflow
The log is overflow
The log is overflow
The log is overflow
The log is overflow
The log is overflow
The log is overflow
The log is overflow
The log is overflow
The log is overflow
The log is overflow
The log is overflow
The log is overflow
The log is overflow
The log is overflow
The log is overflow
The log is overflow
The log is overflow
The log is overflow
The log is overflow
The log is overflow
The log is overflow
12-28 16:18:37.189	          linker	[Debug]	        dji_protocol_v1.c:264  protocol frame length error
The log is overflow
12-28 16:18:37.189	          linker	[Debug]	        dji_protocol_v1.c:264  protocol frame length error
12-28 16:18:37.189	          linker	[Debug]	        dji_protocol_v1.c:264  protocol frame length error
12-28 16:18:37.189	          linker	[Debug]	        dji_protocol_v1.c:264  protocol frame length error
12-28 16:18:37.189	          linker	[Debug]	        dji_protocol_v1.c:264  protocol frame length error
12-28 16:18:37.189	          linker	[Debug]	        dji_protocol_v1.c:264  protocol frame length error
12-28 16:18:37.189	          linker	[Debug]	        dji_protocol_v1.c:264  protocol frame length error
12-28 16:18:37.189	          linker	[Debug]	        dji_protocol_v1.c:264  protocol frame length error
12-28 16:18:37.189	          linker	[Debug]	        dji_protocol_v1.c:264  protocol frame length error
12-28 16:18:37.189	          linker	[Debug]	        dji_protocol_v1.c:264  protocol frame length error
12-28 16:18:37.189	          linker	[Debug]	        dji_protocol_v1.c:264  protocol frame length error
12-28 16:18:37.189	          linker	[Debug]	        dji_protocol_v1.c:264  protocol frame length error
12-28 16:18:37.189	          linker	[Debug]	        dji_protocol_v1.c:264  protocol frame length error
12-28 16:18:37.191	          linker	[Debug]	        dji_protocol_v1.c:264  protocol frame length error
12-28 16:18:37.191	          linker	[Debug]	        dji_protocol_v1.c:264  protocol frame length error
12-28 16:18:37.192	          linker	[Debug]	        dji_protocol_v1.c:264  protocol frame length error
12-28 16:18:37.192	          linker	[Debug]	        dji_protocol_v1.c:264  protocol frame length error
12-28 16:18:37.192	          linker	[Debug]	        dji_protocol_v1.c:264  protocol frame length error
12-28 16:18:37.192	          linker	[Debug]	        dji_protocol_v1.c:264  protocol frame length error
12-28 16:18:37.192	          linker	[Debug]	        dji_protocol_v1.c:264  protocol frame length error
12-28 16:18:37.192	          linker	[Debug]	        dji_protocol_v1.c:264  protocol frame length error
12-28 16:18:37.192	          linker	[Debug]	        dji_protocol_v1.c:264  protocol frame length error
12-28 16:18:37.192	          linker	[Debug]	        dji_protocol_v1.c:264  protocol frame length error
12-28 16:18:37.192	          linker	[Debug]	        dji_protocol_v1.c:264  protocol frame length error
12-28 16:18:37.192	          linker	[Debug]	        dji_protocol_v1.c:264  protocol frame length error
12-28 16:18:37.192	          linker	[Debug]	        dji_protocol_v1.c:264  protocol frame length error
12-28 16:18:37.192	          linker	[Debug]	        dji_protocol_v1.c:264  protocol frame length error
12-28 16:18:37.192	          linker	[Debug]	        dji_protocol_v1.c:264  protocol frame length error
12-28 16:18:37.192	          linker	[Debug]	        dji_protocol_v1.c:264  protocol frame length error
12-28 16:18:37.192	          linker	[Debug]	        dji_protocol_v1.c:264  protocol frame length error
12-28 16:18:37.192	          linker	[Debug]	        dji_protocol_v1.c:264  protocol frame length error
12-28 16:18:37.192	          linker	[Debug]	        dji_protocol_v1.c:264  protocol frame length error
12-28 16:18:37.192	          linker	[Debug]	        dji_protocol_v1.c:264  protocol frame length error
12-28 16:18:37.192	          linker	[Debug]	        dji_protocol_v1.c:264  protocol frame length error
12-28 16:18:37.192	          linker	[Debug]	        dji_protocol_v1.c:264  protocol frame length error
12-28 16:18:37.192	          linker	[Debug]	        dji_protocol_v1.c:264  protocol frame length error
12-28 16:18:37.192	          linker	[Debug]	        dji_protocol_v1.c:264  protocol frame length error
12-28 16:18:37.192	          linker	[Debug]	        dji_protocol_v1.c:264  protocol frame length error
12-28 16:18:37.192	          linker	[Debug]	        dji_protocol_v1.c:264  protocol frame length error
12-28 16:18:37.192	          linker	[Debug]	        dji_protocol_v1.c:264  protocol frame length error
12-28 16:18:37.192	          linker	[Debug]	        dji_protocol_v1.c:264  protocol frame length error
12-28 16:18:37.192	          linker	[Debug]	        dji_protocol_v1.c:264  protocol frame length error
12-28 16:18:37.192	          linker	[Debug]	        dji_protocol_v1.c:264  protocol frame length error
12-28 16:18:37.192	          linker	[Debug]	        dji_protocol_v1.c:264  protocol frame length error
12-28 16:18:37.192	          linker	[Debug]	        dji_protocol_v1.c:264  protocol frame length error
12-28 16:18:37.192	          linker	[Debug]	        dji_protocol_v1.c:264  protocol frame length error
12-28 16:18:37.192	          linker	[Debug]	        dji_protocol_v1.c:264  protocol frame length error
12-28 16:18:37.192	          linker	[Debug]	        dji_protocol_v1.c:264  protocol frame length error
12-28 16:18:37.192	          linker	[Debug]	        dji_protocol_v1.c:264  protocol frame length error
12-28 16:18:37.192	          linker	[Debug]	        dji_protocol_v1.c:264  protocol frame length error
12-28 16:18:37.192	          linker	[Debug]	        dji_protocol_v1.c:264  protocol frame length error
12-28 16:18:37.192	          linker	[Debug]	        dji_protocol_v1.c:264  protocol frame length error
12-28 16:18:37.192	          linker	[Debug]	        dji_protocol_v1.c:264  protocol frame length error
12-28 16:18:37.192	          linker	[Debug]	        dji_protocol_v1.c:264  protocol frame length error
12-28 16:18:37.192	          linker	[Debug]	        dji_protocol_v1.c:264  protocol frame length error
12-28 16:18:37.192	          linker	[Debug]	        dji_protocol_v1.c:264  protocol frame length error
12-28 16:18:37.192	          linker	[Debug]	        dji_protocol_v1.c:264  protocol frame length error
12-28 16:18:37.192	          linker	[Debug]	        dji_protocol_v1.c:264  protocol frame length error
12-28 16:18:37.192	          linker	[Debug]	        dji_protocol_v1.c:264  protocol frame length error
12-28 16:18:37.192	          linker	[Debug]	        dji_protocol_v1.c:264  protocol frame length error
12-28 16:18:37.192	          linker	[Debug]	        dji_protocol_v1.c:264  protocol frame length error
12-28 16:18:37.192	          linker	[Debug]	        dji_protocol_v1.c:264  protocol frame length error
12-28 16:18:37.192	          linker	[Debug]	        dji_protocol_v1.c:264  protocol frame length error
12-28 16:18:37.192	          linker	[Debug]	        dji_protocol_v1.c:264  protocol frame length error
12-28 16:18:37.192	          linker	[Debug]	        dji_protocol_v1.c:264  protocol frame length error
12-28 16:18:37.192	          linker	[Debug]	        dji_protocol_v1.c:264  protocol frame length error
12-28 16:18:37.192	          linker	[Debug]	        dji_protocol_v1.c:264  protocol frame length error
12-28 16:18:37.192	          linker	[Debug]	        dji_protocol_v1.c:264  protocol frame length error
12-28 16:18:37.192	          linker	[Debug]	        dji_protocol_v1.c:264  protocol frame length error
12-28 16:18:37.192	          linker	[Debug]	        dji_protocol_v1.c:264  protocol frame length error
12-28 16:18:37.192	          linker	[Debug]	        dji_protocol_v1.c:264  protocol frame length error
12-28 16:18:37.192	          linker	[Debug]	        dji_protocol_v1.c:264  protocol frame length error
12-28 16:18:37.192	          linker	[Debug]	        dji_protocol_v1.c:264  protocol frame length error
12-28 16:18:37.192	          linker	[Debug]	        dji_protocol_v1.c:264  protocol frame length error
12-28 16:18:37.192	          linker	[Debug]	        dji_protocol_v1.c:264  protocol frame length error
12-28 16:18:37.192	          linker	[Debug]	        dji_protocol_v1.c:264  protocol frame length error
12-28 16:18:37.192	          linker	[Debug]	        dji_protocol_v1.c:264  protocol frame length error
12-28 16:18:37.192	          linker	[Debug]	        dji_protocol_v1.c:264  protocol frame length error
12-28 16:18:37.192	          linker	[Debug]	        dji_protocol_v1.c:264  protocol frame length error
12-28 16:18:37.192	          linker	[Debug]	        dji_protocol_v1.c:264  protocol frame length error
12-28 16:18:37.192	          linker	[Debug]	        dji_protocol_v1.c:264  protocol frame length error
12-28 16:18:37.192	          linker	[Debug]	        dji_protocol_v1.c:264  protocol frame length error
12-28 16:18:37.192	          linker	[Debug]	        dji_protocol_v1.c:264  protocol frame length error
12-28 16:18:37.192	          linker	[Debug]	        dji_protocol_v1.c:264  protocol frame length error
12-28 16:18:37.192	          linker	[Debug]	        dji_protocol_v1.c:264  protocol frame length error
12-28 16:18:37.192	          linker	[Debug]	        dji_protocol_v1.c:264  protocol frame length error
12-28 16:18:37.192	          linker	[Debug]	        dji_protocol_v1.c:264  protocol frame length error
12-28 16:18:37.192	          linker	[Debug]	        dji_protocol_v1.c:264  protocol frame length error
12-28 16:18:37.192	          linker	[Debug]	        dji_protocol_v1.c:264  protocol frame length error
12-28 16:18:37.192	          linker	[Debug]	        dji_protocol_v1.c:264  protocol frame length error
12-28 16:18:37.192	          linker	[Debug]	        dji_protocol_v1.c:264  protocol frame length error
12-28 16:18:37.192	          linker	[Debug]	        dji_protocol_v1.c:264  protocol frame length error
12-28 16:18:37.192	          linker	[Debug]	        dji_protocol_v1.c:264  protocol frame length error
12-28 16:18:37.192	          linker	[Debug]	        dji_protocol_v1.c:264  protocol frame length error
12-28 16:18:37.192	          linker	[Debug]	        dji_protocol_v1.c:264  protocol frame length error
12-28 16:18:37.192	          linker	[Debug]	        dji_protocol_v1.c:264  protocol frame length error
12-28 16:18:37.192	          linker	[Debug]	        dji_protocol_v1.c:264  protocol frame length error
12-28 16:18:37.192	          linker	[Debug]	        dji_protocol_v1.c:264  protocol frame length error
12-28 16:18:37.192	          linker	[Debug]	        dji_protocol_v1.c:264  protocol frame length error
12-28 16:18:37.192	          linker	[Debug]	        dji_protocol_v1.c:264  protocol frame length error
12-28 16:18:37.192	          linker	[Debug]	        dji_protocol_v1.c:264  protocol frame length error
12-28 16:18:37.192	          linker	[Debug]	        dji_protocol_v1.c:264  protocol frame length error
12-28 16:18:37.192	          linker	[Debug]	        dji_protocol_v1.c:264  protocol frame length error
12-28 16:18:37.192	          linker	[Debug]	        dji_protocol_v1.c:264  protocol frame length error
12-28 16:18:37.192	          linker	[Debug]	        dji_protocol_v1.c:264  protocol frame length error
12-28 16:18:37.192	          linker	[Debug]	        dji_protocol_v1.c:264  protocol frame length error
12-28 16:18:37.192	          linker	[Debug]	        dji_protocol_v1.c:264  protocol frame length error
12-28 16:18:37.192	          linker	[Debug]	        dji_protocol_v1.c:264  protocol frame length error
12-28 16:18:37.192	          linker	[Debug]	        dji_protocol_v1.c:264  protocol frame length error
12-28 16:18:37.192	          linker	[Debug]	        dji_protocol_v1.c:264  protocol frame length error
12-28 16:18:37.192	          linker	[Debug]	        dji_protocol_v1.c:264  protocol frame length error
12-28 16:18:37.192	          linker	[Debug]	        dji_protocol_v1.c:264  protocol frame length error
12-28 16:18:37.192	          linker	[Debug]	        dji_protocol_v1.c:264  protocol frame length error
12-28 16:18:37.192	          linker	[Debug]	        dji_protocol_v1.c:264  protocol frame length error
12-28 16:18:37.192	          linker	[Debug]	        dji_protocol_v1.c:264  protocol frame length error
12-28 16:18:37.192	          linker	[Debug]	        dji_protocol_v1.c:264  protocol frame length error
12-28 16:18:37.192	          linker	[Debug]	        dji_protocol_v1.c:264  protocol frame length error
12-28 16:18:37.192	          linker	[Debug]	        dji_protocol_v1.c:264  protocol frame length error
12-28 16:18:37.192	          linker	[Debug]	        dji_protocol_v1.c:264  protocol frame length error
12-28 16:18:37.192	          linker	[Debug]	        dji_protocol_v1.c:264  protocol frame length error
12-28 16:18:37.192	          linker	[Debug]	        dji_protocol_v1.c:264  protocol frame length error
12-28 16:18:37.192	          linker	[Debug]	        dji_protocol_v1.c:264  protocol frame length error
12-28 16:18:37.192	          linker	[Debug]	        dji_protocol_v1.c:264  protocol frame length error
12-28 16:18:37.192	          linker	[Debug]	        dji_protocol_v1.c:264  protocol frame length error
12-28 16:18:37.192	          linker	[Debug]	        dji_protocol_v1.c:264  protocol frame length error
12-28 16:18:37.192	          linker	[Debug]	        dji_protocol_v1.c:264  protocol frame length error
12-28 16:18:37.192	          linker	[Debug]	        dji_protocol_v1.c:264  protocol frame length error
12-28 16:18:37.192	          linker	[Debug]	        dji_protocol_v1.c:264  protocol frame length error
12-28 16:18:37.192	          linker	[Debug]	        dji_protocol_v1.c:264  protocol frame length error
12-28 16:18:37.192	          linker	[Debug]	        dji_protocol_v1.c:264  protocol frame length error
12-28 16:18:37.192	          linker	[Debug]	        dji_protocol_v1.c:264  protocol frame length error
12-28 16:18:37.192	          linker	[Debug]	        dji_protocol_v1.c:264  protocol frame length error
12-28 16:18:37.192	          linker	[Debug]	        dji_protocol_v1.c:264  protocol frame length error
12-28 16:18:37.192	          linker	[Debug]	        dji_protocol_v1.c:264  protocol frame length error
12-28 16:18:37.192	          linker	[Debug]	        dji_protocol_v1.c:264  protocol frame length error
12-28 16:18:37.193	          linker	[Debug]	        dji_protocol_v1.c:264  protocol frame length error
12-28 16:18:37.193	          linker	[Debug]	        dji_protocol_v1.c:264  protocol frame length error
12-28 16:18:37.193	          linker	[Debug]	        dji_protocol_v1.c:264  protocol frame length error
12-28 16:18:37.193	          linker	[Debug]	        dji_protocol_v1.c:264  protocol frame length error
12-28 16:18:37.193	          linker	[Debug]	        dji_protocol_v1.c:264  protocol frame length error
12-28 16:18:37.193	          linker	[Debug]	        dji_protocol_v1.c:264  protocol frame length error
12-28 16:18:37.193	          linker	[Debug]	        dji_protocol_v1.c:264  protocol frame length error
12-28 16:18:37.193	          linker	[Debug]	        dji_protocol_v1.c:264  protocol frame length error
12-28 16:18:37.193	          linker	[Debug]	        dji_protocol_v1.c:264  protocol frame length error
12-28 16:18:37.193	          linker	[Debug]	        dji_protocol_v1.c:264  protocol frame length error
12-28 16:18:37.193	          linker	[Debug]	        dji_protocol_v1.c:264  protocol frame length error
12-28 16:18:37.193	          linker	[Debug]	        dji_protocol_v1.c:264  protocol frame length error
12-28 16:18:37.193	          linker	[Debug]	        dji_protocol_v1.c:264  protocol frame length error
12-28 16:18:37.193	          linker	[Debug]	        dji_protocol_v1.c:264  protocol frame length error
12-28 16:18:37.193	          linker	[Debug]	        dji_protocol_v1.c:264  protocol frame length error
12-28 16:18:37.193	          linker	[Debug]	        dji_protocol_v1.c:264  protocol frame length error
12-28 16:18:37.193	          linker	[Debug]	        dji_protocol_v1.c:264  protocol frame length error
12-28 16:18:37.193	          linker	[Debug]	        dji_protocol_v1.c:264  protocol frame length error
12-28 16:18:37.193	          linker	[Debug]	        dji_protocol_v1.c:264  protocol frame length error
12-28 16:18:37.193	          linker	[Debug]	        dji_protocol_v1.c:264  protocol frame length error
12-28 16:18:37.193	          linker	[Debug]	        dji_protocol_v1.c:264  protocol frame length error
12-28 16:18:37.193	          linker	[Debug]	        dji_protocol_v1.c:264  protocol frame length error
12-28 16:18:37.193	          linker	[Debug]	        dji_protocol_v1.c:264  protocol frame length error
12-28 16:18:37.193	          linker	[Debug]	        dji_protocol_v1.c:264  protocol frame length error
12-28 16:18:37.193	          linker	[Debug]	        dji_protocol_v1.c:264  protocol frame length error
12-28 16:18:37.193	          linker	[Debug]	        dji_protocol_v1.c:264  protocol frame length error
12-28 16:18:37.193	          linker	[Debug]	        dji_protocol_v1.c:264  protocol frame length error
12-28 16:18:37.193	          linker	[Debug]	        dji_protocol_v1.c:264  protocol frame length error
12-28 16:18:37.193	          linker	[Debug]	        dji_protocol_v1.c:264  protocol frame length error
12-28 16:18:37.193	          linker	[Debug]	        dji_protocol_v1.c:264  protocol frame length error
12-28 16:18:37.193	          linker	[Debug]	        dji_protocol_v1.c:264  protocol frame length error
12-28 16:18:37.193	          linker	[Debug]	        dji_protocol_v1.c:264  protocol frame length error
12-28 16:18:37.193	          linker	[Debug]	        dji_protocol_v1.c:264  protocol frame length error
12-28 16:18:37.193	          linker	[Debug]	        dji_protocol_v1.c:264  protocol frame length error
12-28 16:18:37.193	          linker	[Debug]	        dji_protocol_v1.c:264  protocol frame length error
12-28 16:18:37.193	          linker	[Debug]	        dji_protocol_v1.c:264  protocol frame length error
12-28 16:18:37.193	          linker	[Debug]	        dji_protocol_v1.c:264  protocol frame length error
12-28 16:18:37.193	          linker	[Debug]	        dji_protocol_v1.c:264  protocol frame length error
12-28 16:18:37.193	          linker	[Debug]	        dji_protocol_v1.c:264  protocol frame length error
12-28 16:18:37.193	          linker	[Debug]	        dji_protocol_v1.c:264  protocol frame length error
12-28 16:18:37.193	          linker	[Debug]	        dji_protocol_v1.c:264  protocol frame length error
12-28 16:18:37.193	          linker	[Debug]	        dji_protocol_v1.c:264  protocol frame length error
12-28 16:18:37.193	          linker	[Debug]	        dji_protocol_v1.c:264  protocol frame length error
12-28 16:18:37.193	          linker	[Debug]	        dji_protocol_v1.c:264  protocol frame length error
12-28 16:18:37.193	          linker	[Debug]	        dji_protocol_v1.c:264  protocol frame length error
12-28 16:18:37.193	          linker	[Debug]	        dji_protocol_v1.c:264  protocol frame length error
12-28 16:18:37.193	          linker	[Debug]	        dji_protocol_v1.c:264  protocol frame length error
12-28 16:18:37.193	          linker	[Debug]	        dji_protocol_v1.c:264  protocol frame length error
12-28 16:18:37.193	          linker	[Debug]	        dji_protocol_v1.c:264  protocol frame length error
12-28 16:18:37.193	          linker	[Debug]	        dji_protocol_v1.c:264  protocol frame length error
12-28 16:18:37.193	          linker	[Debug]	        dji_protocol_v1.c:264  protocol frame length error
12-28 16:18:37.193	          linker	[Debug]	        dji_protocol_v1.c:264  protocol frame length error
12-28 16:18:37.193	          linker	[Debug]	        dji_protocol_v1.c:264  protocol frame length error
12-28 16:18:37.193	          linker	[Debug]	        dji_protocol_v1.c:264  protocol frame length error
12-28 16:18:37.193	          linker	[Debug]	        dji_protocol_v1.c:264  protocol frame length error
12-28 16:18:37.193	          linker	[Debug]	        dji_protocol_v1.c:264  protocol frame length error
12-28 16:18:37.193	          linker	[Debug]	        dji_protocol_v1.c:264  protocol frame length error
12-28 16:18:37.193	          linker	[Debug]	        dji_protocol_v1.c:264  protocol frame length error
12-28 16:18:37.193	          linker	[Debug]	        dji_protocol_v1.c:264  protocol frame length error
12-28 16:18:37.193	          linker	[Debug]	        dji_protocol_v1.c:264  protocol frame length error
12-28 16:18:37.193	          linker	[Debug]	        dji_protocol_v1.c:264  protocol frame length error
12-28 16:18:37.193	          linker	[Debug]	        dji_protocol_v1.c:264  protocol frame length error
12-28 16:18:37.193	          linker	[Debug]	        dji_protocol_v1.c:264  protocol frame length error
12-28 16:18:37.193	          linker	[Debug]	        dji_protocol_v1.c:264  protocol frame length error
12-28 16:18:37.193	          linker	[Debug]	        dji_protocol_v1.c:264  protocol frame length error
12-28 16:18:37.193	          linker	[Debug]	        dji_protocol_v1.c:264  protocol frame length error
12-28 16:18:37.193	          linker	[Debug]	        dji_protocol_v1.c:264  protocol frame length error
12-28 16:18:37.193	          linker	[Debug]	        dji_protocol_v1.c:264  protocol frame length error
12-28 16:18:37.193	          linker	[Debug]	        dji_protocol_v1.c:264  protocol frame length error
12-28 16:18:37.193	          linker	[Debug]	        dji_protocol_v1.c:264  protocol frame length error
12-28 16:18:37.193	          linker	[Debug]	        dji_protocol_v1.c:264  protocol frame length error
12-28 16:18:37.193	          linker	[Debug]	        dji_protocol_v1.c:264  protocol frame length error
12-28 16:18:37.193	          linker	[Debug]	        dji_protocol_v1.c:264  protocol frame length error
12-28 16:18:37.193	          linker	[Debug]	        dji_protocol_v1.c:264  protocol frame length error
12-28 16:18:37.193	          linker	[Debug]	        dji_protocol_v1.c:264  protocol frame length error
12-28 16:18:37.193	          linker	[Debug]	        dji_protocol_v1.c:264  protocol frame length error
12-28 16:18:37.193	          linker	[Debug]	        dji_protocol_v1.c:264  protocol frame length error
12-28 16:18:37.193	          linker	[Debug]	        dji_protocol_v1.c:264  protocol frame length error
12-28 16:18:37.193	          linker	[Debug]	        dji_protocol_v1.c:264  protocol frame length error
12-28 16:18:37.193	          linker	[Debug]	        dji_protocol_v1.c:264  protocol frame length error
12-28 16:18:37.193	          linker	[Debug]	        dji_protocol_v1.c:264  protocol frame length error
12-28 16:18:37.193	          linker	[Debug]	        dji_protocol_v1.c:264  protocol frame length error
12-28 16:18:37.193	          linker	[Debug]	        dji_protocol_v1.c:264  protocol frame length error
12-28 16:18:37.193	          linker	[Debug]	        dji_protocol_v1.c:264  protocol frame length error
12-28 16:18:37.193	          linker	[Debug]	        dji_protocol_v1.c:264  protocol frame length error
12-28 16:18:37.193	          linker	[Debug]	        dji_protocol_v1.c:264  protocol frame length error
12-28 16:18:37.193	          linker	[Debug]	        dji_protocol_v1.c:264  protocol frame length error
12-28 16:18:37.193	          linker	[Debug]	        dji_protocol_v1.c:264  protocol frame length error
12-28 16:18:37.193	          linker	[Debug]	        dji_protocol_v1.c:264  protocol frame length error
12-28 16:18:37.193	          linker	[Debug]	        dji_protocol_v1.c:264  protocol frame length error
12-28 16:18:37.193	          linker	[Debug]	        dji_protocol_v1.c:264  protocol frame length error
12-28 16:18:37.193	          linker	[Debug]	        dji_protocol_v1.c:264  protocol frame length error
12-28 16:18:37.193	          linker	[Debug]	        dji_protocol_v1.c:264  protocol frame length error
12-28 16:18:37.193	          linker	[Debug]	        dji_protocol_v1.c:264  protocol frame length error
12-28 16:18:37.193	          linker	[Debug]	        dji_protocol_v1.c:264  protocol frame length error
12-28 16:18:37.193	          linker	[Debug]	        dji_protocol_v1.c:264  protocol frame length error
12-28 16:18:37.193	          linker	[Debug]	        dji_protocol_v1.c:264  protocol frame length error
12-28 16:18:37.193	          linker	[Debug]	        dji_protocol_v1.c:264  protocol frame length error
12-28 16:18:37.193	          linker	[Debug]	        dji_protocol_v1.c:264  protocol frame length error
12-28 16:18:37.193	          linker	[Debug]	        dji_protocol_v1.c:264  protocol frame length error
12-28 16:18:37.193	          linker	[Debug]	        dji_protocol_v1.c:264  protocol frame length error
12-28 16:18:37.193	          linker	[Debug]	        dji_protocol_v1.c:264  protocol frame length error
12-28 16:18:37.193	          linker	[Debug]	        dji_protocol_v1.c:264  protocol frame length error
12-28 16:18:37.193	          linker	[Debug]	        dji_protocol_v1.c:264  protocol frame length error
12-28 16:18:37.193	          linker	[Debug]	        dji_protocol_v1.c:264  protocol frame length error
12-28 16:18:37.193	          linker	[Debug]	        dji_protocol_v1.c:264  protocol frame length error
12-28 16:18:37.193	          linker	[Debug]	        dji_protocol_v1.c:264  protocol frame length error
12-28 16:18:37.193	          linker	[Debug]	        dji_protocol_v1.c:264  protocol frame length error
12-28 16:18:37.193	          linker	[Debug]	        dji_protocol_v1.c:264  protocol frame length error
12-28 16:18:37.193	          linker	[Debug]	        dji_protocol_v1.c:264  protocol frame length error
12-28 16:18:37.193	          linker	[Debug]	        dji_protocol_v1.c:264  protocol frame length error
12-28 16:18:37.193	          linker	[Debug]	        dji_protocol_v1.c:264  protocol frame length error
The log is overflow
The log is overflow
The log is overflow
The log is overflow
The log is overflow
The log is overflow
The log is overflow
The log is overflow
The log is overflow
The log is overflow
The log is overflow
The log is overflow
The log is overflow
12-28 16:18:37.193	          linker	[Debug]	        dji_protocol_v1.c:264  protocol frame length error
12-28 16:18:37.193	          linker	[Debug]	        dji_protocol_v1.c:264  protocol frame length error
12-28 16:18:37.193	          linker	[Debug]	        dji_protocol_v1.c:264  protocol frame length error
12-28 16:18:37.193	          linker	[Debug]	        dji_protocol_v1.c:264  protocol frame length error
12-28 16:18:37.193	          linker	[Debug]	        dji_protocol_v1.c:264  protocol frame length error
12-28 16:18:37.193	          linker	[Debug]	        dji_protocol_v1.c:264  protocol frame length error
12-28 16:18:37.193	          linker	[Debug]	        dji_protocol_v1.c:264  protocol frame length error
12-28 16:18:37.193	          linker	[Debug]	        dji_protocol_v1.c:264  protocol frame length error
12-28 16:18:37.193	          linker	[Debug]	        dji_protocol_v1.c:264  protocol frame length error
12-28 16:18:37.193	          linker	[Debug]	        dji_protocol_v1.c:264  protocol frame length error
12-28 16:18:37.193	          linker	[Debug]	        dji_protocol_v1.c:264  protocol frame length error
12-28 16:18:37.193	          linker	[Debug]	        dji_protocol_v1.c:264  protocol frame length error
12-28 16:18:37.193	          linker	[Debug]	        dji_protocol_v1.c:264  protocol frame length error
12-28 16:18:37.194	          linker	[Debug]	        dji_protocol_v1.c:264  protocol frame length error
12-28 16:18:37.201	          linker	[Debug]	        dji_protocol_v1.c:264  protocol frame length error
12-28 16:18:37.255	          linker	[Debug]	        dji_protocol_v1.c:264  protocol frame length error
12-28 16:18:37.275	          linker	[Debug]	        dji_protocol_v1.c:264  protocol frame length error
12-28 16:18:37.295	          linker	[Debug]	        dji_protocol_v1.c:264  protocol frame length error
12-28 16:18:37.375	          linker	[Debug]	        dji_protocol_v1.c:264  protocol frame length error
12-28 16:18:37.387	          linker	[Debug]	        dji_protocol_v1.c:264  protocol frame length error
12-28 16:18:37.403	          linker	[Debug]	        dji_protocol_v1.c:264  protocol frame length error
12-28 16:18:37.475	          linker	[Debug]	        dji_protocol_v1.c:264  protocol frame length error
12-28 16:18:37.495	          linker	[Debug]	        dji_protocol_v1.c:264  protocol frame length error
12-28 16:18:37.575	          linker	[Debug]	        dji_protocol_v1.c:264  protocol frame length error
12-28 16:18:37.586	          linker	[Debug]	        dji_protocol_v1.c:264  protocol frame length error
12-28 16:18:37.603	          linker	[Debug]	        dji_protocol_v1.c:264  protocol frame length error
12-28 16:18:37.675	          linker	[Debug]	        dji_protocol_v1.c:264  protocol frame length error
12-28 16:18:37.695	          linker	[Debug]	        dji_protocol_v1.c:264  protocol frame length error
12-28 16:18:37.775	          linker	[Debug]	        dji_protocol_v1.c:264  protocol frame length error
12-28 16:18:37.786	          linker	[Debug]	        dji_protocol_v1.c:264  protocol frame length error
12-28 16:18:37.803	          linker	[Debug]	        dji_protocol_v1.c:264  protocol frame length error
12-28 16:18:37.875	          linker	[Debug]	        dji_protocol_v1.c:264  protocol frame length error
12-28 16:18:37.895	          linker	[Debug]	        dji_protocol_v1.c:264  protocol frame length error
12-28 16:18:37.975	          linker	[Debug]	        dji_protocol_v1.c:264  protocol frame length error
12-28 16:18:37.986	          linker	[Debug]	        dji_protocol_v1.c:264  protocol frame length error
12-28 16:18:38.003	          linker	[Debug]	        dji_protocol_v1.c:264  protocol frame length error
12-28 16:18:38.075	          linker	[Debug]	        dji_protocol_v1.c:264  protocol frame length error
12-28 16:18:38.095	          linker	[Debug]	        dji_protocol_v1.c:264  protocol frame length error
12-28 16:18:38.144	           utils	[Debug]	          dji_root_task.c:131  work execution time:
12-28 16:18:38.144	           utils	[Debug]	          dji_root_task.c:132  name	                execution time (ms)	  max execution time (ms)
12-28 16:18:38.144	           utils	[Debug]	          dji_root_task.c:134  recorderWork                    	0       	0       
12-28 16:18:38.144	           utils	[Debug]	          dji_root_task.c:134  flowControllerTask              	0       	0       
12-28 16:18:38.175	          linker	[Debug]	        dji_protocol_v1.c:264  protocol frame length error
12-28 16:18:38.178	          linker	[Debug]	        dji_protocol_v1.c:189  <0000>V1-Send: 0x0503->0x0300 0x03FD
12-28 16:18:38.186	          linker	[Debug]	        dji_protocol_v1.c:264  protocol frame length error
12-28 16:18:38.203	          linker	[Debug]	        dji_protocol_v1.c:264  protocol frame length error
12-28 16:18:38.275	          linker	[Debug]	        dji_protocol_v1.c:264  protocol frame length error
12-28 16:18:38.295	          linker	[Debug]	        dji_protocol_v1.c:264  protocol frame length error
12-28 16:18:38.375	          linker	[Debug]	        dji_protocol_v1.c:264  protocol frame length error
12-28 16:18:38.386	          linker	[Debug]	        dji_protocol_v1.c:264  protocol frame length error
12-28 16:18:38.403	          linker	[Debug]	        dji_protocol_v1.c:264  protocol frame length error
12-28 16:18:38.475	          linker	[Debug]	        dji_protocol_v1.c:264  protocol frame length error
12-28 16:18:38.495	          linker	[Debug]	        dji_protocol_v1.c:264  protocol frame length error
12-28 16:18:38.575	          linker	[Debug]	        dji_protocol_v1.c:264  protocol frame length error
12-28 16:18:38.586	          linker	[Debug]	        dji_protocol_v1.c:264  protocol frame length error
12-28 16:18:38.603	          linker	[Debug]	        dji_protocol_v1.c:264  protocol frame length error
12-28 16:18:38.675	          linker	[Debug]	        dji_protocol_v1.c:264  protocol frame length error
12-28 16:18:38.678	          linker	[Debug]	             dji_linker.c:171  deinit linker success, protocol:2, channelId:1
12-28 16:18:38.678	          linker	[Debug]	            dji_command.c:170  config list channel id:2
12-28 16:18:38.678	          linker	[Debug]	             dji_linker.c:129  init linker success, protocol:2, channelId:3
12-28 16:18:38.678	          linker	[Debug]	            dji_command.c:179  add linker node count:1
12-28 16:18:38.678	          linker	[Debug]	        dji_protocol_v1.c:189  <0x5ce4>V1-Send: 0x0503->0x0801 0x0088
12-28 16:18:38.679	          linker	[Debug]	            dji_command.c:556  Max wait ack item count is 32.
12-28 16:18:38.679	          linker	[Debug]	        dji_protocol_v1.c:309  <0x5ce4>V1-Recv: 0x0801->0x0503 0x0088
12-28 16:18:38.679	          linker	[Debug]	            dji_command.c:1128  <0x5ce4>Receive msg from linker, 0x0801(0x0028)->0x0503(0x0065) 0x0088 len:399
12-28 16:18:38.679	          linker	[Debug]	            dji_command.c:1076 PsdkCommand_SendSyncCallback success
12-28 16:18:38.679	          linker	[Debug]	            dji_command.c:890  callback function (cmdset: 0x00 cmdid: 0x88) deal time: 0 ms
12-28 16:18:38.679	          linker	[Debug]	            dji_command.c:612  sendSync callback success
12-28 16:18:38.679	          linker	[Debug]	            dji_command.c:620  The ack data length is not equal with expect length, actual:399 exp:71. Probably because ack struct definition has changed. Please check command ack struct definition if changed.
12-28 16:18:38.679	          linker	[Debug]	             dji_linker.c:171  deinit linker success, protocol:2, channelId:3
12-28 16:18:38.680	          linker	[Debug]	            dji_command.c:301  config list channel id:3
12-28 16:18:38.680	          linker	[Debug]	             dji_linker.c:129  init linker success, protocol:3, channelId:1
12-28 16:18:38.680	          linker	[Debug]	            dji_command.c:310  add linker node count:1
12-28 16:18:38.680	          linker	[Debug]	            dji_command.c:301  config list channel id:2
12-28 16:18:38.680	          linker	[Debug]	             dji_linker.c:129  init linker success, protocol:2, channelId:3
12-28 16:18:38.680	          linker	[Debug]	            dji_command.c:310  add linker node count:2
12-28 16:18:38.680	          linker	[Debug]	            dji_command.c:733  Reg command handle list success, index:0
12-28 16:18:38.680	          linker	[Debug]	            dji_command.c:733  Reg command handle list success, index:1
12-28 16:18:38.680	           infor	[Debug]	      dji_aircraft_info.c:297  Device mounting on pos 3
12-28 16:18:38.680	          linker	[Debug]	            dji_command.c:733  Reg command handle list success, index:2
12-28 16:18:38.680	            core	[Info]	               dji_core.c:207  Identify AircraftType = Matrice 400, MountPosition = Payload Port NO3, SdkAdapterType = None
12-28 16:18:38.680	          linker	[Debug]	            dji_command.c:733  Reg command handle list success, index:3
12-28 16:18:38.680	          linker	[Debug]	            dji_command.c:733  Reg command handle list success, index:4
12-28 16:18:38.680	           infor	[Debug]	    dji_identity_verify.c:543  the auth center is djisys@1
12-28 16:18:38.680	          linker	[Debug]	        dji_protocol_v3.c:266  <0x5ce5>V3-Send: 03:003F:001E:0x0503 -> 00:003F:001E:0x0801 0x3C40, tLen 33 dLen 12
12-28 16:18:38.680	            core	[Info]	    dji_identity_verify.c:646  Updating dji sdk policy file...
12-28 16:18:38.680	          linker	[Debug]	        dji_protocol_v1.c:189  <0x5ce6>V1-Send: 0x0503->0x1D02 0x00F0
12-28 16:18:38.681	          linker	[Debug]	        dji_protocol_v3.c:266  <0x5ce7>V3-Send: 03:003F:001E:0x0503 -> 00:003F:001E:0x0801 0x0000, tLen 21 dLen 0
12-28 16:18:38.681	           infor	[Debug]	dji_aircraft_connection.c:170  check connect status:1
12-28 16:18:38.688	          linker	[Debug]	        dji_protocol_v3.c:387  <0x5ce5>V3-Recv: 00:003F:001E:0x0801 -> 03:003F:001E:0x0503 0x3C40, tLen 22 dLen 1
12-28 16:18:38.688	          linker	[Debug]	        dji_protocol_v3.c:506  0:0x0801 convert to 0028(0x0801)
12-28 16:18:38.688	          linker	[Debug]	        dji_protocol_v3.c:506  3:0x0503 convert to 0065(0x0503)
12-28 16:18:38.688	          linker	[Debug]	        dji_protocol_v3.c:387  <0x5ce7>V3-Recv: 00:003F:001E:0x0801 -> 03:003F:001E:0x0503 0x0000, tLen 22 dLen 1
12-28 16:18:38.688	          linker	[Debug]	        dji_protocol_v3.c:506  0:0x0801 convert to 0028(0x0801)
12-28 16:18:38.688	          linker	[Debug]	        dji_protocol_v3.c:506  3:0x0503 convert to 0065(0x0503)
12-28 16:18:38.688	          linker	[Debug]	        dji_protocol_v3.c:387  <0x107>V3-Recv: 00:003F:001E:0x0801 -> 03:003F:001E:0x0503 0x3C40, tLen 33 dLen 12
12-28 16:18:38.688	          linker	[Debug]	        dji_protocol_v3.c:506  0:0x0801 convert to 0028(0x0801)
12-28 16:18:38.688	          linker	[Debug]	        dji_protocol_v3.c:506  3:0x0503 convert to 0065(0x0503)
12-28 16:18:38.688	          linker	[Debug]	            dji_command.c:1128  <0x5ce5>Receive msg from linker, 0x0801(0x0028)->0x0503(0x0065) 0x3C40 len:1
12-28 16:18:38.688	            auth	[Debug]	    dji_identity_verify.c:601  request update policy file success
12-28 16:18:38.688	          linker	[Debug]	            dji_command.c:890  callback function (cmdset: 0x3C cmdid: 0x40) deal time: 0 ms
12-28 16:18:38.689	          linker	[Debug]	            dji_command.c:1128  <0x5ce7>Receive msg from linker, 0x0801(0x0028)->0x0503(0x0065) 0x0000 len:1
12-28 16:18:38.689	           infor	[Debug]	dji_aircraft_connection.c:303  connect status async sucess
12-28 16:18:38.689	          linker	[Debug]	            dji_command.c:890  callback function (cmdset: 0x00 cmdid: 0x00) deal time: 0 ms
12-28 16:18:38.690	          linker	[Debug]	            dji_command.c:1128  <0x107>Receive msg from linker, 0x0801(0x0028)->0x0503(0x0065) 0x3C40 len:12
12-28 16:18:38.690	            auth	[Debug]	    dji_identity_verify.c:426  request upload policy file type:0
12-28 16:18:38.690	            auth	[Debug]	    dji_identity_verify.c:439  upload policy file info md5 checksum and version
12-28 16:18:38.690	          linker	[Debug]	        dji_protocol_v3.c:266  <0x107>V3-Send: 03:003F:001E:0x0503 -> 00:003F:001E:0x0801 0x3C40, tLen 44 dLen 23
12-28 16:18:38.691	          linker	[Debug]	        dji_protocol_v1.c:189  <0x5ce8>V1-Send: 0x0503->0x1D02 0x00F0
12-28 16:18:38.701	          linker	[Debug]	        dji_protocol_v3.c:387  <0x108>V3-Recv: 00:003F:001E:0x0801 -> 03:003F:001E:0x0503 0x3C40, tLen 33 dLen 12
12-28 16:18:38.702	          linker	[Debug]	        dji_protocol_v3.c:506  0:0x0801 convert to 0028(0x0801)
12-28 16:18:38.702	          linker	[Debug]	        dji_protocol_v3.c:506  3:0x0503 convert to 0065(0x0503)
12-28 16:18:38.702	          linker	[Debug]	        dji_protocol_v3.c:387  <0x9d21>V3-Recv: 00:003F:001E:0x1204 -> 03:003F:001E:0x0503 0x22AD, tLen 68 dLen 47
12-28 16:18:38.702	          linker	[Debug]	        dji_protocol_v3.c:506  0:0x1204 convert to 0092(0x1204)
12-28 16:18:38.702	          linker	[Debug]	        dji_protocol_v3.c:506  3:0x0503 convert to 0065(0x0503)
12-28 16:18:38.702	          linker	[Debug]	        dji_protocol_v1.c:189  <0x5ce9>V1-Send: 0x0503->0x1D02 0x00F0
12-28 16:18:38.702	          linker	[Debug]	            dji_command.c:1128  <0x108>Receive msg from linker, 0x0801(0x0028)->0x0503(0x0065) 0x3C40 len:12
12-28 16:18:38.702	            auth	[Debug]	    dji_identity_verify.c:426  request upload policy file type:1
12-28 16:18:38.702	            auth	[Debug]	    dji_identity_verify.c:458  request upload policy file data: 0 0 200
12-28 16:18:38.702	          linker	[Debug]	        dji_protocol_v3.c:266  <0x108>V3-Send: 03:003F:001E:0x0503 -> 00:003F:001E:0x0801 0x3C40, tLen 224 dLen 203
12-28 16:18:38.703	          linker	[Debug]	            dji_command.c:1128  <0x9d21>Receive msg from linker, 0x1204(0x0092)->0x0503(0x0065) 0x22AD len:47
12-28 16:18:38.703	          linker	[Debug]	            dji_command.c:980  received unsupport request cmd that need ack, <0x9d21> cmdset: 0x22 cmdid: 0xAD
12-28 16:18:38.713	          linker	[Debug]	        dji_protocol_v1.c:189  <0x5cea>V1-Send: 0x0503->0x1D02 0x00F0
12-28 16:18:38.719	          linker	[Debug]	        dji_protocol_v3.c:387  <0x109>V3-Recv: 00:003F:001E:0x0801 -> 03:003F:001E:0x0503 0x3C40, tLen 33 dLen 12
12-28 16:18:38.719	          linker	[Debug]	        dji_protocol_v3.c:506  0:0x0801 convert to 0028(0x0801)
12-28 16:18:38.719	          linker	[Debug]	        dji_protocol_v3.c:506  3:0x0503 convert to 0065(0x0503)
12-28 16:18:38.719	          linker	[Debug]	            dji_command.c:1128  <0x109>Receive msg from linker, 0x0801(0x0028)->0x0503(0x0065) 0x3C40 len:12
12-28 16:18:38.719	            auth	[Debug]	    dji_identity_verify.c:426  request upload policy file type:1
12-28 16:18:38.719	            auth	[Debug]	    dji_identity_verify.c:458  request upload policy file data: 1 200 200
12-28 16:18:38.719	          linker	[Debug]	        dji_protocol_v3.c:266  <0x109>V3-Send: 03:003F:001E:0x0503 -> 00:003F:001E:0x0801 0x3C40, tLen 224 dLen 203
12-28 16:18:38.724	          linker	[Debug]	        dji_protocol_v1.c:189  <0x5ceb>V1-Send: 0x0503->0x1D02 0x00F0
12-28 16:18:38.731	          linker	[Debug]	        dji_protocol_v3.c:387  <0x10a>V3-Recv: 00:003F:001E:0x0801 -> 03:003F:001E:0x0503 0x3C40, tLen 33 dLen 12
12-28 16:18:38.731	          linker	[Debug]	        dji_protocol_v3.c:506  0:0x0801 convert to 0028(0x0801)
12-28 16:18:38.731	          linker	[Debug]	        dji_protocol_v3.c:506  3:0x0503 convert to 0065(0x0503)
12-28 16:18:38.731	          linker	[Debug]	            dji_command.c:1128  <0x10a>Receive msg from linker, 0x0801(0x0028)->0x0503(0x0065) 0x3C40 len:12
12-28 16:18:38.731	            auth	[Debug]	    dji_identity_verify.c:426  request upload policy file type:1
12-28 16:18:38.731	            auth	[Debug]	    dji_identity_verify.c:458  request upload policy file data: 2 400 130
12-28 16:18:38.731	          linker	[Debug]	        dji_protocol_v3.c:266  <0x10a>V3-Send: 03:003F:001E:0x0503 -> 00:003F:001E:0x0801 0x3C40, tLen 154 dLen 133
12-28 16:18:38.735	          linker	[Debug]	        dji_protocol_v1.c:189  <0x5cec>V1-Send: 0x0503->0x1D02 0x00F0
12-28 16:18:38.746	          linker	[Debug]	        dji_protocol_v1.c:189  <0x5ced>V1-Send: 0x0503->0x1D02 0x00F0
12-28 16:18:38.747	          linker	[Debug]	        dji_protocol_v3.c:387  <0x10b>V3-Recv: 00:003F:001E:0x0801 -> 03:003F:001E:0x0503 0x3C40, tLen 33 dLen 12
12-28 16:18:38.747	          linker	[Debug]	        dji_protocol_v3.c:506  0:0x0801 convert to 0028(0x0801)
12-28 16:18:38.748	          linker	[Debug]	        dji_protocol_v3.c:506  3:0x0503 convert to 0065(0x0503)
12-28 16:18:38.748	          linker	[Debug]	            dji_command.c:1128  <0x10b>Receive msg from linker, 0x0801(0x0028)->0x0503(0x0065) 0x3C40 len:12
12-28 16:18:38.748	            auth	[Debug]	    dji_identity_verify.c:426  request upload policy file type:2
12-28 16:18:38.748	            auth	[Debug]	    dji_identity_verify.c:480  request upload policy file success
12-28 16:18:38.748	          linker	[Debug]	        dji_protocol_v3.c:266  <0x10b>V3-Send: 03:003F:001E:0x0503 -> 00:003F:001E:0x0801 0x3C40, tLen 25 dLen 4
12-28 16:18:38.757	          linker	[Debug]	        dji_protocol_v1.c:189  <0x5cee>V1-Send: 0x0503->0x1D02 0x00F0
12-28 16:18:38.767	          linker	[Debug]	        dji_protocol_v1.c:189  <0x5cef>V1-Send: 0x0503->0x1D02 0x00F0
12-28 16:18:38.775	          linker	[Debug]	        dji_protocol_v3.c:387  <0x9d2d>V3-Recv: 00:003F:001E:0x1204 -> 03:003F:001E:0x0503 0x4900, tLen 23 dLen 2
12-28 16:18:38.775	          linker	[Debug]	        dji_protocol_v3.c:506  0:0x1204 convert to 0092(0x1204)
12-28 16:18:38.775	          linker	[Debug]	        dji_protocol_v3.c:506  3:0x0503 convert to 0065(0x0503)
12-28 16:18:38.775	          linker	[Debug]	            dji_command.c:1128  <0x9d2d>Receive msg from linker, 0x1204(0x0092)->0x0503(0x0065) 0x4900 len:2
12-28 16:18:38.775	          linker	[Debug]	        dji_protocol_v3.c:266  <0x9d2d>V3-Send: 03:003F:001E:0x0503 -> 00:003F:001E:0x1204 0x4900, tLen 23 dLen 2
12-28 16:18:38.779	          linker	[Debug]	        dji_protocol_v1.c:189  <0x5cf0>V1-Send: 0x0503->0x1D02 0x00F0
12-28 16:18:38.786	          linker	[Debug]	        dji_protocol_v3.c:387  <0xfd19>V3-Recv: 00:003F:001E:0x0300 -> 03:003F:001E:0x0503 0x3C57, tLen 37 dLen 16
12-28 16:18:38.786	          linker	[Debug]	        dji_protocol_v3.c:506  0:0x0300 convert to 0003(0x0300)
12-28 16:18:38.786	          linker	[Debug]	        dji_protocol_v3.c:506  3:0x0503 convert to 0065(0x0503)
12-28 16:18:38.786	          linker	[Debug]	            dji_command.c:1128  <0xfd19>Receive msg from linker, 0x0300(0x0003)->0x0503(0x0065) 0x3C57 len:16
12-28 16:18:38.786	          linker	[Debug]	            dji_command.c:980  received unsupport request cmd that noneed ack, <0xfd19> cmdset: 0x3C cmdid: 0x57
12-28 16:18:38.804	          linker	[Debug]	        dji_protocol_v3.c:387  <0x9d31>V3-Recv: 00:003F:001E:0x1204 -> 03:003F:001E:0x0503 0x22AD, tLen 68 dLen 47
12-28 16:18:38.804	          linker	[Debug]	        dji_protocol_v3.c:506  0:0x1204 convert to 0092(0x1204)
12-28 16:18:38.804	          linker	[Debug]	        dji_protocol_v3.c:506  3:0x0503 convert to 0065(0x0503)
12-28 16:18:38.804	          linker	[Debug]	            dji_command.c:1128  <0x9d31>Receive msg from linker, 0x1204(0x0092)->0x0503(0x0065) 0x22AD len:47
12-28 16:18:38.804	          linker	[Debug]	            dji_command.c:980  received unsupport request cmd that need ack, <0x9d31> cmdset: 0x22 cmdid: 0xAD
12-28 16:18:38.844	          linker	[Debug]	        dji_protocol_v1.c:309  <0x2038>V1-Recv: 0x0A06->0x0503 0x0866
12-28 16:18:38.845	          linker	[Debug]	            dji_command.c:1128  <0x2038>Receive msg from linker, 0x0A06(0x00CA)->0x0503(0x0065) 0x0866 len:102
12-28 16:18:38.845	          linker	[Debug]	            dji_command.c:980  received unsupport request cmd that noneed ack, <0x2038> cmdset: 0x08 cmdid: 0x66
12-28 16:18:38.875	          linker	[Debug]	        dji_protocol_v3.c:387  <0x9d3d>V3-Recv: 00:003F:001E:0x1204 -> 03:003F:001E:0x0503 0x4900, tLen 23 dLen 2
12-28 16:18:38.875	          linker	[Debug]	        dji_protocol_v3.c:506  0:0x1204 convert to 0092(0x1204)
12-28 16:18:38.875	          linker	[Debug]	        dji_protocol_v3.c:506  3:0x0503 convert to 0065(0x0503)
12-28 16:18:38.875	          linker	[Debug]	            dji_command.c:1128  <0x9d3d>Receive msg from linker, 0x1204(0x0092)->0x0503(0x0065) 0x4900 len:2
12-28 16:18:38.875	          linker	[Debug]	        dji_protocol_v3.c:266  <0x9d3d>V3-Send: 03:003F:001E:0x0503 -> 00:003F:001E:0x1204 0x4900, tLen 23 dLen 2
12-28 16:18:38.895	          linker	[Debug]	        dji_protocol_v3.c:387  <0x9d41>V3-Recv: 00:003F:001E:0x1204 -> 03:003F:001E:0x0503 0x22AD, tLen 68 dLen 47
12-28 16:18:38.895	          linker	[Debug]	        dji_protocol_v3.c:506  0:0x1204 convert to 0092(0x1204)
12-28 16:18:38.895	          linker	[Debug]	        dji_protocol_v3.c:506  3:0x0503 convert to 0065(0x0503)
12-28 16:18:38.896	          linker	[Debug]	            dji_command.c:1128  <0x9d41>Receive msg from linker, 0x1204(0x0092)->0x0503(0x0065) 0x22AD len:47
12-28 16:18:38.896	          linker	[Debug]	            dji_command.c:980  received unsupport request cmd that need ack, <0x9d41> cmdset: 0x22 cmdid: 0xAD
12-28 16:18:38.975	          linker	[Debug]	        dji_protocol_v3.c:387  <0x9d4d>V3-Recv: 00:003F:001E:0x1204 -> 03:003F:001E:0x0503 0x4900, tLen 23 dLen 2
12-28 16:18:38.975	          linker	[Debug]	        dji_protocol_v3.c:506  0:0x1204 convert to 0092(0x1204)
12-28 16:18:38.975	          linker	[Debug]	        dji_protocol_v3.c:506  3:0x0503 convert to 0065(0x0503)
12-28 16:18:38.976	          linker	[Debug]	            dji_command.c:1128  <0x9d4d>Receive msg from linker, 0x1204(0x0092)->0x0503(0x0065) 0x4900 len:2
12-28 16:18:38.976	          linker	[Debug]	        dji_protocol_v3.c:266  <0x9d4d>V3-Send: 03:003F:001E:0x0503 -> 00:003F:001E:0x1204 0x4900, tLen 23 dLen 2
12-28 16:18:38.986	          linker	[Debug]	        dji_protocol_v3.c:387  <0xfe7a>V3-Recv: 00:003F:001E:0x0300 -> 03:003F:001E:0x0503 0x3C57, tLen 37 dLen 16
12-28 16:18:38.986	          linker	[Debug]	        dji_protocol_v3.c:506  0:0x0300 convert to 0003(0x0300)
12-28 16:18:38.986	          linker	[Debug]	        dji_protocol_v3.c:506  3:0x0503 convert to 0065(0x0503)
12-28 16:18:38.986	          linker	[Debug]	            dji_command.c:1128  <0xfe7a>Receive msg from linker, 0x0300(0x0003)->0x0503(0x0065) 0x3C57 len:16
12-28 16:18:38.986	          linker	[Debug]	            dji_command.c:980  received unsupport request cmd that noneed ack, <0xfe7a> cmdset: 0x3C cmdid: 0x57
12-28 16:18:39.004	          linker	[Debug]	        dji_protocol_v3.c:387  <0x9d51>V3-Recv: 00:003F:001E:0x1204 -> 03:003F:001E:0x0503 0x22AD, tLen 68 dLen 47
12-28 16:18:39.004	          linker	[Debug]	        dji_protocol_v3.c:506  0:0x1204 convert to 0092(0x1204)
12-28 16:18:39.004	          linker	[Debug]	        dji_protocol_v3.c:506  3:0x0503 convert to 0065(0x0503)
12-28 16:18:39.005	          linker	[Debug]	            dji_command.c:1128  <0x9d51>Receive msg from linker, 0x1204(0x0092)->0x0503(0x0065) 0x22AD len:47
12-28 16:18:39.005	          linker	[Debug]	            dji_command.c:980  received unsupport request cmd that need ack, <0x9d51> cmdset: 0x22 cmdid: 0xAD
12-28 16:18:39.075	          linker	[Debug]	        dji_protocol_v3.c:387  <0x9d5d>V3-Recv: 00:003F:001E:0x1204 -> 03:003F:001E:0x0503 0x4900, tLen 23 dLen 2
12-28 16:18:39.075	          linker	[Debug]	        dji_protocol_v3.c:506  0:0x1204 convert to 0092(0x1204)
12-28 16:18:39.075	          linker	[Debug]	        dji_protocol_v3.c:506  3:0x0503 convert to 0065(0x0503)
12-28 16:18:39.075	          linker	[Debug]	            dji_command.c:1128  <0x9d5d>Receive msg from linker, 0x1204(0x0092)->0x0503(0x0065) 0x4900 len:2
12-28 16:18:39.075	          linker	[Debug]	        dji_protocol_v3.c:266  <0x9d5d>V3-Send: 03:003F:001E:0x0503 -> 00:003F:001E:0x1204 0x4900, tLen 23 dLen 2
12-28 16:18:39.095	          linker	[Debug]	        dji_protocol_v3.c:387  <0x9d61>V3-Recv: 00:003F:001E:0x1204 -> 03:003F:001E:0x0503 0x22AD, tLen 68 dLen 47
12-28 16:18:39.095	          linker	[Debug]	        dji_protocol_v3.c:506  0:0x1204 convert to 0092(0x1204)
12-28 16:18:39.095	          linker	[Debug]	        dji_protocol_v3.c:506  3:0x0503 convert to 0065(0x0503)
12-28 16:18:39.096	          linker	[Debug]	            dji_command.c:1128  <0x9d61>Receive msg from linker, 0x1204(0x0092)->0x0503(0x0065) 0x22AD len:47
12-28 16:18:39.096	          linker	[Debug]	            dji_command.c:980  received unsupport request cmd that need ack, <0x9d61> cmdset: 0x22 cmdid: 0xAD
12-28 16:18:39.175	          linker	[Debug]	        dji_protocol_v3.c:387  <0x9d6d>V3-Recv: 00:003F:001E:0x1204 -> 03:003F:001E:0x0503 0x4900, tLen 23 dLen 2
12-28 16:18:39.175	          linker	[Debug]	        dji_protocol_v3.c:506  0:0x1204 convert to 0092(0x1204)
12-28 16:18:39.175	          linker	[Debug]	        dji_protocol_v3.c:506  3:0x0503 convert to 0065(0x0503)
12-28 16:18:39.176	          linker	[Debug]	            dji_command.c:1128  <0x9d6d>Receive msg from linker, 0x1204(0x0092)->0x0503(0x0065) 0x4900 len:2
12-28 16:18:39.176	          linker	[Debug]	        dji_protocol_v3.c:266  <0x9d6d>V3-Send: 03:003F:001E:0x0503 -> 00:003F:001E:0x1204 0x4900, tLen 23 dLen 2
12-28 16:18:39.186	          linker	[Debug]	        dji_protocol_v3.c:387  <0xfffd>V3-Recv: 00:003F:001E:0x0300 -> 03:003F:001E:0x0503 0x3C57, tLen 37 dLen 16
12-28 16:18:39.186	          linker	[Debug]	        dji_protocol_v3.c:506  0:0x0300 convert to 0003(0x0300)
12-28 16:18:39.186	          linker	[Debug]	        dji_protocol_v3.c:506  3:0x0503 convert to 0065(0x0503)
12-28 16:18:39.187	          linker	[Debug]	            dji_command.c:1128  <0xfffd>Receive msg from linker, 0x0300(0x0003)->0x0503(0x0065) 0x3C57 len:16
12-28 16:18:39.187	          linker	[Debug]	            dji_command.c:980  received unsupport request cmd that noneed ack, <0xfffd> cmdset: 0x3C cmdid: 0x57
12-28 16:18:39.204	          linker	[Debug]	        dji_protocol_v3.c:387  <0x9d71>V3-Recv: 00:003F:001E:0x1204 -> 03:003F:001E:0x0503 0x22AD, tLen 68 dLen 47
12-28 16:18:39.204	          linker	[Debug]	        dji_protocol_v3.c:506  0:0x1204 convert to 0092(0x1204)
12-28 16:18:39.204	          linker	[Debug]	        dji_protocol_v3.c:506  3:0x0503 convert to 0065(0x0503)
12-28 16:18:39.204	          linker	[Debug]	            dji_command.c:1128  <0x9d71>Receive msg from linker, 0x1204(0x0092)->0x0503(0x0065) 0x22AD len:47
12-28 16:18:39.204	          linker	[Debug]	            dji_command.c:980  received unsupport request cmd that need ack, <0x9d71> cmdset: 0x22 cmdid: 0xAD
12-28 16:18:39.217	           utils	[Debug]	          dji_root_task.c:131  work execution time:
12-28 16:18:39.217	           utils	[Debug]	          dji_root_task.c:132  name	                execution time (ms)	  max execution time (ms)
12-28 16:18:39.217	           utils	[Debug]	          dji_root_task.c:134  recorderWork                    	1       	1       
12-28 16:18:39.217	           utils	[Debug]	          dji_root_task.c:134  flowControllerTask              	0       	0       
12-28 16:18:39.217	           utils	[Debug]	          dji_root_task.c:134  commandTask                     	1       	1       
12-28 16:18:39.217	           utils	[Debug]	          dji_root_task.c:134  aircraftWorkNode                	1       	1       
12-28 16:18:39.275	          linker	[Debug]	        dji_protocol_v3.c:387  <0x9d7d>V3-Recv: 00:003F:001E:0x1204 -> 03:003F:001E:0x0503 0x4900, tLen 23 dLen 2
12-28 16:18:39.275	          linker	[Debug]	        dji_protocol_v3.c:506  0:0x1204 convert to 0092(0x1204)
12-28 16:18:39.275	          linker	[Debug]	        dji_protocol_v3.c:506  3:0x0503 convert to 0065(0x0503)
12-28 16:18:39.276	          linker	[Debug]	            dji_command.c:1128  <0x9d7d>Receive msg from linker, 0x1204(0x0092)->0x0503(0x0065) 0x4900 len:2
12-28 16:18:39.276	          linker	[Debug]	        dji_protocol_v3.c:266  <0x9d7d>V3-Send: 03:003F:001E:0x0503 -> 00:003F:001E:0x1204 0x4900, tLen 23 dLen 2
12-28 16:18:39.295	          linker	[Debug]	        dji_protocol_v3.c:387  <0x9d81>V3-Recv: 00:003F:001E:0x1204 -> 03:003F:001E:0x0503 0x22AD, tLen 68 dLen 47
12-28 16:18:39.295	          linker	[Debug]	        dji_protocol_v3.c:506  0:0x1204 convert to 0092(0x1204)
12-28 16:18:39.295	          linker	[Debug]	        dji_protocol_v3.c:506  3:0x0503 convert to 0065(0x0503)
12-28 16:18:39.295	          linker	[Debug]	            dji_command.c:1128  <0x9d81>Receive msg from linker, 0x1204(0x0092)->0x0503(0x0065) 0x22AD len:47
12-28 16:18:39.295	          linker	[Debug]	            dji_command.c:980  received unsupport request cmd that need ack, <0x9d81> cmdset: 0x22 cmdid: 0xAD
12-28 16:18:39.344	          linker	[Debug]	        dji_protocol_v1.c:309  <0x2038>V1-Recv: 0x0A06->0x0503 0x0866
12-28 16:18:39.344	          linker	[Debug]	            dji_command.c:1128  <0x2038>Receive msg from linker, 0x0A06(0x00CA)->0x0503(0x0065) 0x0866 len:102
12-28 16:18:39.344	          linker	[Debug]	            dji_command.c:980  received unsupport request cmd that noneed ack, <0x2038> cmdset: 0x08 cmdid: 0x66
12-28 16:18:39.375	          linker	[Debug]	        dji_protocol_v3.c:387  <0x9d8d>V3-Recv: 00:003F:001E:0x1204 -> 03:003F:001E:0x0503 0x4900, tLen 23 dLen 2
12-28 16:18:39.375	          linker	[Debug]	        dji_protocol_v3.c:506  0:0x1204 convert to 0092(0x1204)
12-28 16:18:39.375	          linker	[Debug]	        dji_protocol_v3.c:506  3:0x0503 convert to 0065(0x0503)
12-28 16:18:39.376	          linker	[Debug]	            dji_command.c:1128  <0x9d8d>Receive msg from linker, 0x1204(0x0092)->0x0503(0x0065) 0x4900 len:2
12-28 16:18:39.376	          linker	[Debug]	        dji_protocol_v3.c:266  <0x9d8d>V3-Send: 03:003F:001E:0x0503 -> 00:003F:001E:0x1204 0x4900, tLen 23 dLen 2
12-28 16:18:39.386	          linker	[Debug]	        dji_protocol_v3.c:387  <0x175>V3-Recv: 00:003F:001E:0x0300 -> 03:003F:001E:0x0503 0x3C57, tLen 37 dLen 16
12-28 16:18:39.386	          linker	[Debug]	        dji_protocol_v3.c:506  0:0x0300 convert to 0003(0x0300)
12-28 16:18:39.386	          linker	[Debug]	        dji_protocol_v3.c:506  3:0x0503 convert to 0065(0x0503)
12-28 16:18:39.387	          linker	[Debug]	            dji_command.c:1128  <0x175>Receive msg from linker, 0x0300(0x0003)->0x0503(0x0065) 0x3C57 len:16
12-28 16:18:39.387	          linker	[Debug]	            dji_command.c:980  received unsupport request cmd that noneed ack, <0x175> cmdset: 0x3C cmdid: 0x57
12-28 16:18:39.403	          linker	[Debug]	        dji_protocol_v3.c:387  <0x9d91>V3-Recv: 00:003F:001E:0x1204 -> 03:003F:001E:0x0503 0x22AD, tLen 68 dLen 47
12-28 16:18:39.403	          linker	[Debug]	        dji_protocol_v3.c:506  0:0x1204 convert to 0092(0x1204)
12-28 16:18:39.403	          linker	[Debug]	        dji_protocol_v3.c:506  3:0x0503 convert to 0065(0x0503)
12-28 16:18:39.404	          linker	[Debug]	            dji_command.c:1128  <0x9d91>Receive msg from linker, 0x1204(0x0092)->0x0503(0x0065) 0x22AD len:47
12-28 16:18:39.404	          linker	[Debug]	            dji_command.c:980  received unsupport request cmd that need ack, <0x9d91> cmdset: 0x22 cmdid: 0xAD
12-28 16:18:39.475	          linker	[Debug]	        dji_protocol_v3.c:387  <0x9d9d>V3-Recv: 00:003F:001E:0x1204 -> 03:003F:001E:0x0503 0x4900, tLen 23 dLen 2
12-28 16:18:39.475	          linker	[Debug]	        dji_protocol_v3.c:506  0:0x1204 convert to 0092(0x1204)
12-28 16:18:39.475	          linker	[Debug]	        dji_protocol_v3.c:506  3:0x0503 convert to 0065(0x0503)
12-28 16:18:39.475	          linker	[Debug]	            dji_command.c:1128  <0x9d9d>Receive msg from linker, 0x1204(0x0092)->0x0503(0x0065) 0x4900 len:2
12-28 16:18:39.475	          linker	[Debug]	        dji_protocol_v3.c:266  <0x9d9d>V3-Send: 03:003F:001E:0x0503 -> 00:003F:001E:0x1204 0x4900, tLen 23 dLen 2
12-28 16:18:39.495	          linker	[Debug]	        dji_protocol_v3.c:387  <0x9da1>V3-Recv: 00:003F:001E:0x1204 -> 03:003F:001E:0x0503 0x22AD, tLen 68 dLen 47
12-28 16:18:39.495	          linker	[Debug]	        dji_protocol_v3.c:506  0:0x1204 convert to 0092(0x1204)
12-28 16:18:39.495	          linker	[Debug]	        dji_protocol_v3.c:506  3:0x0503 convert to 0065(0x0503)
12-28 16:18:39.496	          linker	[Debug]	            dji_command.c:1128  <0x9da1>Receive msg from linker, 0x1204(0x0092)->0x0503(0x0065) 0x22AD len:47
12-28 16:18:39.496	          linker	[Debug]	            dji_command.c:980  received unsupport request cmd that need ack, <0x9da1> cmdset: 0x22 cmdid: 0xAD
12-28 16:18:39.575	          linker	[Debug]	        dji_protocol_v3.c:387  <0x9dad>V3-Recv: 00:003F:001E:0x1204 -> 03:003F:001E:0x0503 0x4900, tLen 23 dLen 2
12-28 16:18:39.575	          linker	[Debug]	        dji_protocol_v3.c:506  0:0x1204 convert to 0092(0x1204)
12-28 16:18:39.575	          linker	[Debug]	        dji_protocol_v3.c:506  3:0x0503 convert to 0065(0x0503)
12-28 16:18:39.575	          linker	[Debug]	            dji_command.c:1128  <0x9dad>Receive msg from linker, 0x1204(0x0092)->0x0503(0x0065) 0x4900 len:2
12-28 16:18:39.575	          linker	[Debug]	        dji_protocol_v3.c:266  <0x9dad>V3-Send: 03:003F:001E:0x0503 -> 00:003F:001E:0x1204 0x4900, tLen 23 dLen 2
12-28 16:18:39.586	          linker	[Debug]	        dji_protocol_v3.c:387  <0x2d0>V3-Recv: 00:003F:001E:0x0300 -> 03:003F:001E:0x0503 0x3C57, tLen 37 dLen 16
12-28 16:18:39.586	          linker	[Debug]	        dji_protocol_v3.c:506  0:0x0300 convert to 0003(0x0300)
12-28 16:18:39.586	          linker	[Debug]	        dji_protocol_v3.c:506  3:0x0503 convert to 0065(0x0503)
12-28 16:18:39.587	          linker	[Debug]	            dji_command.c:1128  <0x2d0>Receive msg from linker, 0x0300(0x0003)->0x0503(0x0065) 0x3C57 len:16
12-28 16:18:39.587	          linker	[Debug]	            dji_command.c:980  received unsupport request cmd that noneed ack, <0x2d0> cmdset: 0x3C cmdid: 0x57
12-28 16:18:39.603	          linker	[Debug]	        dji_protocol_v3.c:387  <0x9db1>V3-Recv: 00:003F:001E:0x1204 -> 03:003F:001E:0x0503 0x22AD, tLen 68 dLen 47
12-28 16:18:39.603	          linker	[Debug]	        dji_protocol_v3.c:506  0:0x1204 convert to 0092(0x1204)
12-28 16:18:39.603	          linker	[Debug]	        dji_protocol_v3.c:506  3:0x0503 convert to 0065(0x0503)
12-28 16:18:39.604	          linker	[Debug]	            dji_command.c:1128  <0x9db1>Receive msg from linker, 0x1204(0x0092)->0x0503(0x0065) 0x22AD len:47
12-28 16:18:39.604	          linker	[Debug]	            dji_command.c:980  received unsupport request cmd that need ack, <0x9db1> cmdset: 0x22 cmdid: 0xAD
12-28 16:18:39.675	          linker	[Debug]	        dji_protocol_v3.c:387  <0x9dbd>V3-Recv: 00:003F:001E:0x1204 -> 03:003F:001E:0x0503 0x4900, tLen 23 dLen 2
12-28 16:18:39.675	          linker	[Debug]	        dji_protocol_v3.c:506  0:0x1204 convert to 0092(0x1204)
12-28 16:18:39.675	          linker	[Debug]	        dji_protocol_v3.c:506  3:0x0503 convert to 0065(0x0503)
12-28 16:18:39.675	          linker	[Debug]	            dji_command.c:1128  <0x9dbd>Receive msg from linker, 0x1204(0x0092)->0x0503(0x0065) 0x4900 len:2
12-28 16:18:39.675	          linker	[Debug]	        dji_protocol_v3.c:266  <0x9dbd>V3-Send: 03:003F:001E:0x0503 -> 00:003F:001E:0x1204 0x4900, tLen 23 dLen 2
12-28 16:18:39.680	            core	[Info]	    dji_identity_verify.c:654  Update dji sdk policy file successfully
12-28 16:18:39.680	          linker	[Debug]	            dji_command.c:733  Reg command handle list success, index:5
12-28 16:18:39.680	          linker	[Debug]	            dji_command.c:733  Reg command handle list success, index:6
12-28 16:18:39.680	          linker	[Debug]	            dji_command.c:733  Reg command handle list success, index:7
12-28 16:18:39.680	            auth	[Debug]	dji_auth_sha256_rsa_verify.c:110  Application info verify successfully, ID: 174358, Key: 01a0202c33a0c82c75045863b012c65
12-28 16:18:39.680	          linker	[Debug]	            dji_command.c:733  Reg command handle list success, index:8
12-28 16:18:39.680	             sub	[Debug]	  dji_data_subscription.c:60   Init data subscription.
12-28 16:18:39.680	             sub	[Debug]	dji_data_subscription_xrce_v3.c:54   Checking version is not yet supported on the DDS Agent 3.0.
12-28 16:18:39.680	          linker	[Debug]	            dji_command.c:733  Reg command handle list success, index:9
12-28 16:18:39.680	        position	[Debug]	dji_payload_online_perception.c:82   No needed.
12-28 16:18:39.681	            core	[Info]	       dji_product_info.c:186  Set alias: PSDK_APPALIAS
12-28 16:18:39.681	          linker	[Debug]	        dji_protocol_v1.c:189  <0x5cf1>V1-Send: 0x0503->0x1D02 0x00F0
12-28 16:18:39.681	      downloader	[Debug]	         dji_downloader.c:204  s_downloaderPackDataLength = 900
12-28 16:18:39.681	          linker	[Debug]	            dji_command.c:733  Reg command handle list success, index:10
12-28 16:18:39.681	          linker	[Debug]	        dji_protocol_v3.c:266  <0x5cf2>V3-Send: 03:003F:001E:0x0503 -> 00:003F:001E:0x0801 0x0076, tLen 224 dLen 203
12-28 16:18:39.681	          linker	[Debug]	        dji_protocol_v3.c:266  <0x5cf3>V3-Send: 03:003F:001E:0x0503 -> 00:003F:001E:0x0801 0x0076, tLen 416 dLen 395
12-28 16:18:39.681	          linker	[Debug]	        dji_protocol_v3.c:266  <0x5cf4>V3-Send: 03:003F:001E:0x0503 -> 00:003F:001E:0x0200 0x3C10, tLen 85 dLen 64
12-28 16:18:39.681	          linker	[Debug]	        dji_protocol_v3.c:266  <0x5cf5>V3-Send: 03:003F:001E:0x0503 -> 00:003F:001E:0x0300 0x3C10, tLen 85 dLen 64
12-28 16:18:39.681	          linker	[Debug]	        dji_protocol_v3.c:266  <0x5cf6>V3-Send: 03:003F:001E:0x0503 -> 00:003F:001E:0x1104 0x3C10, tLen 85 dLen 64
12-28 16:18:39.682	          linker	[Debug]	        dji_protocol_v3.c:266  <0x5cf7>V3-Send: 03:003F:001E:0x0503 -> 00:003F:001E:0x0701 0x3C10, tLen 85 dLen 64
12-28 16:18:39.682	          linker	[Debug]	        dji_protocol_v3.c:266  <0x5cf8>V3-Send: 03:003F:001E:0x0503 -> 00:003F:001E:0x1100 0x3C10, tLen 85 dLen 64
12-28 16:18:39.688	          linker	[Debug]	        dji_protocol_v3.c:387  <0x5cf2>V3-Recv: 00:003F:001E:0x0801 -> 03:003F:001E:0x0503 0x0076, tLen 23 dLen 2
12-28 16:18:39.688	          linker	[Debug]	        dji_protocol_v3.c:506  0:0x0801 convert to 0028(0x0801)
12-28 16:18:39.688	          linker	[Debug]	        dji_protocol_v3.c:506  3:0x0503 convert to 0065(0x0503)
12-28 16:18:39.688	          linker	[Debug]	        dji_protocol_v3.c:387  <0x5cf3>V3-Recv: 00:003F:001E:0x0801 -> 03:003F:001E:0x0503 0x0076, tLen 23 dLen 2
12-28 16:18:39.688	          linker	[Debug]	        dji_protocol_v3.c:506  0:0x0801 convert to 0028(0x0801)
12-28 16:18:39.688	          linker	[Debug]	        dji_protocol_v3.c:506  3:0x0503 convert to 0065(0x0503)
12-28 16:18:39.689	          linker	[Debug]	            dji_command.c:1128  <0x5cf2>Receive msg from linker, 0x0801(0x0028)->0x0503(0x0065) 0x0076 len:2
12-28 16:18:39.689	            dbpt	[Debug]	  dji_data_buried_point.c:283  request data report success
12-28 16:18:39.689	          linker	[Debug]	            dji_command.c:890  callback function (cmdset: 0x00 cmdid: 0x76) deal time: 0 ms
12-28 16:18:39.690	          linker	[Debug]	            dji_command.c:1128  <0x5cf3>Receive msg from linker, 0x0801(0x0028)->0x0503(0x0065) 0x0076 len:2
12-28 16:18:39.690	            dbpt	[Debug]	  dji_data_buried_point.c:283  request data report success
12-28 16:18:39.690	          linker	[Debug]	            dji_command.c:890  callback function (cmdset: 0x00 cmdid: 0x76) deal time: 0 ms
12-28 16:18:39.693	          linker	[Debug]	        dji_protocol_v1.c:189  <0x5cf9>V1-Send: 0x0503->0x1D02 0x00F0
12-28 16:18:39.701	          linker	[Debug]	        dji_protocol_v3.c:387  <0x9dc1>V3-Recv: 00:003F:001E:0x1204 -> 03:003F:001E:0x0503 0x22AD, tLen 68 dLen 47
12-28 16:18:39.701	          linker	[Debug]	        dji_protocol_v3.c:506  0:0x1204 convert to 0092(0x1204)
12-28 16:18:39.701	          linker	[Debug]	        dji_protocol_v3.c:506  3:0x0503 convert to 0065(0x0503)
12-28 16:18:39.702	          linker	[Debug]	            dji_command.c:1128  <0x9dc1>Receive msg from linker, 0x1204(0x0092)->0x0503(0x0065) 0x22AD len:47
12-28 16:18:39.702	          linker	[Debug]	            dji_command.c:980  received unsupport request cmd that need ack, <0x9dc1> cmdset: 0x22 cmdid: 0xAD
12-28 16:18:39.731	          linker	[Debug]	        dji_protocol_v3.c:387  <0x99f2>V3-Recv: 00:0001:0000:0x0202 -> 03:0000:0001:0x0503 0x3C20, tLen 22 dLen 1
12-28 16:18:39.731	          linker	[Debug]	        dji_protocol_v3.c:506  0:0x0202 convert to 0042(0x0202)
12-28 16:18:39.731	          linker	[Debug]	        dji_protocol_v3.c:506  3:0x0503 convert to 0065(0x0503)
12-28 16:18:39.732	          linker	[Debug]	            dji_command.c:1128  <0x99f2>Receive msg from linker, 0x0202(0x0042)->0x0503(0x0065) 0x3C20 len:1
12-28 16:18:39.732	          linker	[Debug]	            dji_command.c:980  received unsupport request cmd that need ack, <0x99f2> cmdset: 0x3C cmdid: 0x20
12-28 16:18:39.743	          linker	[Debug]	        dji_protocol_v3.c:387  <0x99f3>V3-Recv: 00:0001:0000:0x0202 -> 03:0000:0001:0x0503 0x3C36, tLen 21 dLen 0
12-28 16:18:39.743	          linker	[Debug]	        dji_protocol_v3.c:506  0:0x0202 convert to 0042(0x0202)
12-28 16:18:39.743	          linker	[Debug]	        dji_protocol_v3.c:506  3:0x0503 convert to 0065(0x0503)
12-28 16:18:39.743	          linker	[Debug]	            dji_command.c:1128  <0x99f3>Receive msg from linker, 0x0202(0x0042)->0x0503(0x0065) 0x3C36 len:0
12-28 16:18:39.743	          linker	[Debug]	        dji_protocol_v3.c:266  <0x99f3>V3-Send: 03:003F:001E:0x0503 -> 00:003F:001E:0x0202 0x3C36, tLen 173 dLen 152
12-28 16:18:39.757	          linker	[Debug]	        dji_protocol_v3.c:266  <0x5cfa>V3-Send: 03:003F:001E:0x0503 -> 00:003F:001E:0x0801 0x0000, tLen 21 dLen 0
12-28 16:18:39.757	           infor	[Debug]	dji_aircraft_connection.c:170  check connect status:1
12-28 16:18:39.758	          linker	[Debug]	        dji_protocol_v3.c:387  <0x5cfa>V3-Recv: 00:003F:001E:0x0801 -> 03:003F:001E:0x0503 0x0000, tLen 22 dLen 1
12-28 16:18:39.758	          linker	[Debug]	        dji_protocol_v3.c:506  0:0x0801 convert to 0028(0x0801)
12-28 16:18:39.758	          linker	[Debug]	        dji_protocol_v3.c:506  3:0x0503 convert to 0065(0x0503)
12-28 16:18:39.758	          linker	[Debug]	            dji_command.c:1128  <0x5cfa>Receive msg from linker, 0x0801(0x0028)->0x0503(0x0065) 0x0000 len:1
12-28 16:18:39.758	           infor	[Debug]	dji_aircraft_connection.c:303  connect status async sucess
12-28 16:18:39.758	          linker	[Debug]	            dji_command.c:890  callback function (cmdset: 0x00 cmdid: 0x00) deal time: 0 ms
12-28 16:18:39.775	          linker	[Debug]	        dji_protocol_v3.c:387  <0x9dcd>V3-Recv: 00:003F:001E:0x1204 -> 03:003F:001E:0x0503 0x4900, tLen 23 dLen 2
12-28 16:18:39.775	          linker	[Debug]	        dji_protocol_v3.c:506  0:0x1204 convert to 0092(0x1204)
12-28 16:18:39.775	          linker	[Debug]	        dji_protocol_v3.c:506  3:0x0503 convert to 0065(0x0503)
12-28 16:18:39.776	          linker	[Debug]	            dji_command.c:1128  <0x9dcd>Receive msg from linker, 0x1204(0x0092)->0x0503(0x0065) 0x4900 len:2
12-28 16:18:39.776	          linker	[Debug]	        dji_protocol_v3.c:266  <0x9dcd>V3-Send: 03:003F:001E:0x0503 -> 00:003F:001E:0x1204 0x4900, tLen 23 dLen 2
12-28 16:18:39.786	          linker	[Debug]	        dji_protocol_v3.c:387  <0x432>V3-Recv: 00:003F:001E:0x0300 -> 03:003F:001E:0x0503 0x3C57, tLen 37 dLen 16
12-28 16:18:39.786	          linker	[Debug]	        dji_protocol_v3.c:506  0:0x0300 convert to 0003(0x0300)
12-28 16:18:39.786	          linker	[Debug]	        dji_protocol_v3.c:506  3:0x0503 convert to 0065(0x0503)
12-28 16:18:39.787	          linker	[Debug]	            dji_command.c:1128  <0x432>Receive msg from linker, 0x0300(0x0003)->0x0503(0x0065) 0x3C57 len:16
12-28 16:18:39.787	          linker	[Debug]	            dji_command.c:980  received unsupport request cmd that noneed ack, <0x432> cmdset: 0x3C cmdid: 0x57
12-28 16:18:39.804	          linker	[Debug]	        dji_protocol_v3.c:387  <0x9dd1>V3-Recv: 00:003F:001E:0x1204 -> 03:003F:001E:0x0503 0x22AD, tLen 68 dLen 47
12-28 16:18:39.804	          linker	[Debug]	        dji_protocol_v3.c:506  0:0x1204 convert to 0092(0x1204)
12-28 16:18:39.804	          linker	[Debug]	        dji_protocol_v3.c:506  3:0x0503 convert to 0065(0x0503)
12-28 16:18:39.804	          linker	[Debug]	            dji_command.c:1128  <0x9dd1>Receive msg from linker, 0x1204(0x0092)->0x0503(0x0065) 0x22AD len:47
12-28 16:18:39.804	          linker	[Debug]	            dji_command.c:980  received unsupport request cmd that need ack, <0x9dd1> cmdset: 0x22 cmdid: 0xAD
12-28 16:18:39.844	          linker	[Debug]	        dji_protocol_v1.c:309  <0x2038>V1-Recv: 0x0A06->0x0503 0x0866
12-28 16:18:39.845	          linker	[Debug]	            dji_command.c:1128  <0x2038>Receive msg from linker, 0x0A06(0x00CA)->0x0503(0x0065) 0x0866 len:102
12-28 16:18:39.845	          linker	[Debug]	            dji_command.c:980  received unsupport request cmd that noneed ack, <0x2038> cmdset: 0x08 cmdid: 0x66
12-28 16:18:39.875	          linker	[Debug]	        dji_protocol_v3.c:387  <0x9ddd>V3-Recv: 00:003F:001E:0x1204 -> 03:003F:001E:0x0503 0x4900, tLen 23 dLen 2
12-28 16:18:39.875	          linker	[Debug]	        dji_protocol_v3.c:506  0:0x1204 convert to 0092(0x1204)
12-28 16:18:39.875	          linker	[Debug]	        dji_protocol_v3.c:506  3:0x0503 convert to 0065(0x0503)
12-28 16:18:39.875	          linker	[Debug]	            dji_command.c:1128  <0x9ddd>Receive msg from linker, 0x1204(0x0092)->0x0503(0x0065) 0x4900 len:2
12-28 16:18:39.875	          linker	[Debug]	        dji_protocol_v3.c:266  <0x9ddd>V3-Send: 03:003F:001E:0x0503 -> 00:003F:001E:0x1204 0x4900, tLen 23 dLen 2
12-28 16:18:39.895	          linker	[Debug]	        dji_protocol_v3.c:387  <0x9de1>V3-Recv: 00:003F:001E:0x1204 -> 03:003F:001E:0x0503 0x22AD, tLen 68 dLen 47
12-28 16:18:39.895	          linker	[Debug]	        dji_protocol_v3.c:506  0:0x1204 convert to 0092(0x1204)
12-28 16:18:39.895	          linker	[Debug]	        dji_protocol_v3.c:506  3:0x0503 convert to 0065(0x0503)
12-28 16:18:39.895	          linker	[Debug]	            dji_command.c:1128  <0x9de1>Receive msg from linker, 0x1204(0x0092)->0x0503(0x0065) 0x22AD len:47
12-28 16:18:39.896	          linker	[Debug]	            dji_command.c:980  received unsupport request cmd that need ack, <0x9de1> cmdset: 0x22 cmdid: 0xAD
12-28 16:18:39.898	          linker	[Debug]	        dji_protocol_v3.c:266  <0x5cfb>V3-Send: 03:003F:001E:0x0503 -> 00:003F:001E:0x0200 0x3C10, tLen 85 dLen 64
12-28 16:18:39.898	          linker	[Debug]	        dji_protocol_v3.c:266  <0x5cfc>V3-Send: 03:003F:001E:0x0503 -> 00:003F:001E:0x0300 0x3C10, tLen 85 dLen 64
12-28 16:18:39.898	          linker	[Debug]	        dji_protocol_v3.c:266  <0x5cfd>V3-Send: 03:003F:001E:0x0503 -> 00:003F:001E:0x1104 0x3C10, tLen 85 dLen 64
12-28 16:18:39.898	          linker	[Debug]	        dji_protocol_v3.c:266  <0x5cfe>V3-Send: 03:003F:001E:0x0503 -> 00:003F:001E:0x0701 0x3C10, tLen 85 dLen 64
12-28 16:18:39.898	          linker	[Debug]	        dji_protocol_v3.c:266  <0x5cff>V3-Send: 03:003F:001E:0x0503 -> 00:003F:001E:0x1100 0x3C10, tLen 85 dLen 64
12-28 16:18:39.975	          linker	[Debug]	        dji_protocol_v3.c:387  <0x9dee>V3-Recv: 00:003F:001E:0x1204 -> 03:003F:001E:0x0503 0x4900, tLen 23 dLen 2
12-28 16:18:39.975	          linker	[Debug]	        dji_protocol_v3.c:506  0:0x1204 convert to 0092(0x1204)
12-28 16:18:39.975	          linker	[Debug]	        dji_protocol_v3.c:506  3:0x0503 convert to 0065(0x0503)
12-28 16:18:39.976	          linker	[Debug]	            dji_command.c:1128  <0x9dee>Receive msg from linker, 0x1204(0x0092)->0x0503(0x0065) 0x4900 len:2
12-28 16:18:39.976	          linker	[Debug]	        dji_protocol_v3.c:266  <0x9dee>V3-Send: 03:003F:001E:0x0503 -> 00:003F:001E:0x1204 0x4900, tLen 23 dLen 2
12-28 16:18:39.986	          linker	[Debug]	        dji_protocol_v3.c:387  <0x591>V3-Recv: 00:003F:001E:0x0300 -> 03:003F:001E:0x0503 0x3C57, tLen 37 dLen 16
12-28 16:18:39.986	          linker	[Debug]	        dji_protocol_v3.c:506  0:0x0300 convert to 0003(0x0300)
12-28 16:18:39.986	          linker	[Debug]	        dji_protocol_v3.c:506  3:0x0503 convert to 0065(0x0503)
12-28 16:18:39.987	          linker	[Debug]	            dji_command.c:1128  <0x591>Receive msg from linker, 0x0300(0x0003)->0x0503(0x0065) 0x3C57 len:16
12-28 16:18:39.987	          linker	[Debug]	            dji_command.c:980  received unsupport request cmd that noneed ack, <0x591> cmdset: 0x3C cmdid: 0x57
12-28 16:18:40.004	          linker	[Debug]	        dji_protocol_v3.c:387  <0x9df2>V3-Recv: 00:003F:001E:0x1204 -> 03:003F:001E:0x0503 0x22AD, tLen 68 dLen 47
12-28 16:18:40.004	          linker	[Debug]	        dji_protocol_v3.c:506  0:0x1204 convert to 0092(0x1204)
12-28 16:18:40.004	          linker	[Debug]	        dji_protocol_v3.c:506  3:0x0503 convert to 0065(0x0503)
12-28 16:18:40.005	          linker	[Debug]	            dji_command.c:1128  <0x9df2>Receive msg from linker, 0x1204(0x0092)->0x0503(0x0065) 0x22AD len:47
12-28 16:18:40.005	          linker	[Debug]	            dji_command.c:980  received unsupport request cmd that need ack, <0x9df2> cmdset: 0x22 cmdid: 0xAD
12-28 16:18:40.075	          linker	[Debug]	        dji_protocol_v3.c:387  <0x9dfe>V3-Recv: 00:003F:001E:0x1204 -> 03:003F:001E:0x0503 0x4900, tLen 23 dLen 2
12-28 16:18:40.075	          linker	[Debug]	        dji_protocol_v3.c:506  0:0x1204 convert to 0092(0x1204)
12-28 16:18:40.075	          linker	[Debug]	        dji_protocol_v3.c:506  3:0x0503 convert to 0065(0x0503)
12-28 16:18:40.075	          linker	[Debug]	            dji_command.c:1128  <0x9dfe>Receive msg from linker, 0x1204(0x0092)->0x0503(0x0065) 0x4900 len:2
12-28 16:18:40.076	          linker	[Debug]	        dji_protocol_v3.c:266  <0x9dfe>V3-Send: 03:003F:001E:0x0503 -> 00:003F:001E:0x1204 0x4900, tLen 23 dLen 2
12-28 16:18:40.095	          linker	[Debug]	        dji_protocol_v3.c:387  <0x9e03>V3-Recv: 00:003F:001E:0x1204 -> 03:003F:001E:0x0503 0x22AD, tLen 68 dLen 47
12-28 16:18:40.095	          linker	[Debug]	        dji_protocol_v3.c:506  0:0x1204 convert to 0092(0x1204)
12-28 16:18:40.095	          linker	[Debug]	        dji_protocol_v3.c:506  3:0x0503 convert to 0065(0x0503)
12-28 16:18:40.096	          linker	[Debug]	            dji_command.c:1128  <0x9e03>Receive msg from linker, 0x1204(0x0092)->0x0503(0x0065) 0x22AD len:47
12-28 16:18:40.096	          linker	[Debug]	            dji_command.c:980  received unsupport request cmd that need ack, <0x9e03> cmdset: 0x22 cmdid: 0xAD
12-28 16:18:40.113	          linker	[Debug]	        dji_protocol_v3.c:266  <0x5d00>V3-Send: 03:003F:001E:0x0503 -> 00:003F:001E:0x0200 0x3C10, tLen 85 dLen 64
12-28 16:18:40.113	          linker	[Debug]	        dji_protocol_v3.c:266  <0x5d01>V3-Send: 03:003F:001E:0x0503 -> 00:003F:001E:0x0300 0x3C10, tLen 85 dLen 64
12-28 16:18:40.113	          linker	[Debug]	        dji_protocol_v3.c:266  <0x5d02>V3-Send: 03:003F:001E:0x0503 -> 00:003F:001E:0x1104 0x3C10, tLen 85 dLen 64
12-28 16:18:40.113	          linker	[Debug]	        dji_protocol_v3.c:266  <0x5d03>V3-Send: 03:003F:001E:0x0503 -> 00:003F:001E:0x0701 0x3C10, tLen 85 dLen 64
12-28 16:18:40.113	          linker	[Debug]	        dji_protocol_v3.c:266  <0x5d04>V3-Send: 03:003F:001E:0x0503 -> 00:003F:001E:0x1100 0x3C10, tLen 85 dLen 64
12-28 16:18:40.175	          linker	[Debug]	        dji_protocol_v3.c:387  <0x9e0f>V3-Recv: 00:003F:001E:0x1204 -> 03:003F:001E:0x0503 0x4900, tLen 23 dLen 2
12-28 16:18:40.175	          linker	[Debug]	        dji_protocol_v3.c:506  0:0x1204 convert to 0092(0x1204)
12-28 16:18:40.175	          linker	[Debug]	        dji_protocol_v3.c:506  3:0x0503 convert to 0065(0x0503)
12-28 16:18:40.176	          linker	[Debug]	            dji_command.c:1128  <0x9e0f>Receive msg from linker, 0x1204(0x0092)->0x0503(0x0065) 0x4900 len:2
12-28 16:18:40.176	          linker	[Debug]	        dji_protocol_v3.c:266  <0x9e0f>V3-Send: 03:003F:001E:0x0503 -> 00:003F:001E:0x1204 0x4900, tLen 23 dLen 2
12-28 16:18:40.181	          linker	[Debug]	            dji_command.c:733  Reg command handle list success, index:11
12-28 16:18:40.181	            user	[Info]	            test_widget.c:141  widget file: /home/dji/DJI_workshop/LZP_PSDK/Payload-SDK/samples/sample_c/module_sample/widget/widget_file/en_big_screen
12-28 16:18:40.182	          widget	[Debug]	 dji_widget_json_parser.c:85   Json file: main interface widget count = 4
12-28 16:18:40.182	          widget	[Debug]	 dji_widget_json_parser.c:90   Json file: config interface widget count = 5
12-28 16:18:40.183	          widget	[Debug]	 dji_widget_json_parser.c:85   Json file: main interface widget count = 4
12-28 16:18:40.183	          widget	[Debug]	 dji_widget_json_parser.c:90   Json file: config interface widget count = 5
12-28 16:18:40.184	          widget	[Debug]	 dji_widget_json_parser.c:85   Json file: main interface widget count = 4
12-28 16:18:40.184	          widget	[Debug]	 dji_widget_json_parser.c:90   Json file: config interface widget count = 5
12-28 16:18:40.185	            core	[Info]	               dji_core.c:340  Start dji sdk application
12-28 16:18:40.185	            user	[Info]	          application.cpp:250  Application start.
12-28 16:18:40.185	          linker	[Debug]	        dji_protocol_v3.c:266  <0x5d05>V3-Send: 03:003F:001E:0x0503 -> 00:003F:001E:0x0200 0x3C1F, tLen 58 dLen 37
12-28 16:18:40.186	          linker	[Debug]	        dji_protocol_v3.c:387  <0x718>V3-Recv: 00:003F:001E:0x0300 -> 03:003F:001E:0x0503 0x3C57, tLen 37 dLen 16
12-28 16:18:40.186	          linker	[Debug]	        dji_protocol_v3.c:506  0:0x0300 convert to 0003(0x0300)
12-28 16:18:40.186	          linker	[Debug]	        dji_protocol_v3.c:506  3:0x0503 convert to 0065(0x0503)
12-28 16:18:40.187	          linker	[Debug]	            dji_command.c:1128  <0x718>Receive msg from linker, 0x0300(0x0003)->0x0503(0x0065) 0x3C57 len:16
12-28 16:18:40.187	          linker	[Debug]	            dji_command.c:980  received unsupport request cmd that noneed ack, <0x718> cmdset: 0x3C cmdid: 0x57
12-28 16:18:40.189	          linker	[Debug]	        dji_protocol_v1.c:189  <0x5d06>V1-Send: 0x0503->0x1D02 0x00F0
12-28 16:18:40.200	          linker	[Debug]	        dji_protocol_v1.c:189  <0x5d07>V1-Send: 0x0503->0x1D02 0x00F0
12-28 16:18:40.204	          linker	[Debug]	        dji_protocol_v3.c:387  <0x9e13>V3-Recv: 00:003F:001E:0x1204 -> 03:003F:001E:0x0503 0x22AD, tLen 68 dLen 47
12-28 16:18:40.204	          linker	[Debug]	        dji_protocol_v3.c:506  0:0x1204 convert to 0092(0x1204)
12-28 16:18:40.204	          linker	[Debug]	        dji_protocol_v3.c:506  3:0x0503 convert to 0065(0x0503)
12-28 16:18:40.204	          linker	[Debug]	            dji_command.c:1128  <0x9e13>Receive msg from linker, 0x1204(0x0092)->0x0503(0x0065) 0x22AD len:47
12-28 16:18:40.204	          linker	[Debug]	            dji_command.c:980  received unsupport request cmd that need ack, <0x9e13> cmdset: 0x22 cmdid: 0xAD
12-28 16:18:40.210	          linker	[Debug]	        dji_protocol_v1.c:189  <0x5d08>V1-Send: 0x0503->0x1D02 0x00F0
12-28 16:18:40.275	          linker	[Debug]	        dji_protocol_v3.c:387  <0x9e1c>V3-Recv: 00:003F:001E:0x1204 -> 03:003F:001E:0x0503 0x4900, tLen 23 dLen 2
12-28 16:18:40.275	          linker	[Debug]	        dji_protocol_v3.c:506  0:0x1204 convert to 0092(0x1204)
12-28 16:18:40.275	          linker	[Debug]	        dji_protocol_v3.c:506  3:0x0503 convert to 0065(0x0503)
12-28 16:18:40.275	          linker	[Debug]	            dji_command.c:1128  <0x9e1c>Receive msg from linker, 0x1204(0x0092)->0x0503(0x0065) 0x4900 len:2
12-28 16:18:40.276	          linker	[Debug]	        dji_protocol_v3.c:266  <0x9e1c>V3-Send: 03:003F:001E:0x0503 -> 00:003F:001E:0x1204 0x4900, tLen 23 dLen 2
12-28 16:18:40.294	           utils	[Debug]	          dji_root_task.c:131  work execution time:
12-28 16:18:40.294	           utils	[Debug]	          dji_root_task.c:132  name	                execution time (ms)	  max execution time (ms)
12-28 16:18:40.294	           utils	[Debug]	          dji_root_task.c:134  recorderWork                    	0       	1       
12-28 16:18:40.294	           utils	[Debug]	          dji_root_task.c:134  flowControllerTask              	0       	0       
12-28 16:18:40.294	           utils	[Debug]	          dji_root_task.c:134  commandTask                     	1       	1       
12-28 16:18:40.294	           utils	[Debug]	          dji_root_task.c:134  aircraftWorkNode                	0       	1       
12-28 16:18:40.294	           utils	[Debug]	          dji_root_task.c:134  dataBuriedPointTask             	0       	0       
12-28 16:18:40.294	           utils	[Debug]	          dji_root_task.c:134  StatePushWork                   	1       	1       
12-28 16:18:40.294	           utils	[Debug]	          dji_root_task.c:134  WidgetWork                      	0       	0       
12-28 16:18:40.294	           utils	[Debug]	          dji_root_task.c:134  hmsTask                         	0       	0       
12-28 16:18:40.295	          linker	[Debug]	        dji_protocol_v3.c:387  <0x9e24>V3-Recv: 00:003F:001E:0x1204 -> 03:003F:001E:0x0503 0x22AD, tLen 68 dLen 47
12-28 16:18:40.295	          linker	[Debug]	        dji_protocol_v3.c:506  0:0x1204 convert to 0092(0x1204)
12-28 16:18:40.295	          linker	[Debug]	        dji_protocol_v3.c:506  3:0x0503 convert to 0065(0x0503)
12-28 16:18:40.295	          linker	[Debug]	            dji_command.c:1128  <0x9e24>Receive msg from linker, 0x1204(0x0092)->0x0503(0x0065) 0x22AD len:47
12-28 16:18:40.295	          linker	[Debug]	            dji_command.c:980  received unsupport request cmd that need ack, <0x9e24> cmdset: 0x22 cmdid: 0xAD
12-28 16:18:40.328	          linker	[Debug]	        dji_protocol_v1.c:189  <0x5d09>V1-Send: 0x0503->0x1007 0x198B
12-28 16:18:40.329	          linker	[Debug]	        dji_protocol_v3.c:266  <0x5d0a>V3-Send: 03:003F:001E:0x0503 -> 00:003F:001E:0x0200 0x3C10, tLen 85 dLen 64
12-28 16:18:40.329	          linker	[Debug]	        dji_protocol_v3.c:266  <0x5d0b>V3-Send: 03:003F:001E:0x0503 -> 00:003F:001E:0x0300 0x3C10, tLen 85 dLen 64
12-28 16:18:40.329	          linker	[Debug]	        dji_protocol_v3.c:266  <0x5d0c>V3-Send: 03:003F:001E:0x0503 -> 00:003F:001E:0x1104 0x3C10, tLen 85 dLen 64
12-28 16:18:40.329	          linker	[Debug]	        dji_protocol_v3.c:266  <0x5d0d>V3-Send: 03:003F:001E:0x0503 -> 00:003F:001E:0x0701 0x3C10, tLen 85 dLen 64
12-28 16:18:40.329	          linker	[Debug]	        dji_protocol_v3.c:266  <0x5d0e>V3-Send: 03:003F:001E:0x0503 -> 00:003F:001E:0x1100 0x3C10, tLen 85 dLen 64
12-28 16:18:40.344	          linker	[Debug]	        dji_protocol_v1.c:309  <0x2038>V1-Recv: 0x0A06->0x0503 0x0866
12-28 16:18:40.344	          linker	[Debug]	            dji_command.c:1128  <0x2038>Receive msg from linker, 0x0A06(0x00CA)->0x0503(0x0065) 0x0866 len:102
12-28 16:18:40.344	          linker	[Debug]	            dji_command.c:980  received unsupport request cmd that noneed ack, <0x2038> cmdset: 0x08 cmdid: 0x66
12-28 16:18:40.375	          linker	[Debug]	        dji_protocol_v3.c:387  <0x9e30>V3-Recv: 00:003F:001E:0x1204 -> 03:003F:001E:0x0503 0x4900, tLen 23 dLen 2
12-28 16:18:40.375	          linker	[Debug]	        dji_protocol_v3.c:506  0:0x1204 convert to 0092(0x1204)
12-28 16:18:40.375	          linker	[Debug]	        dji_protocol_v3.c:506  3:0x0503 convert to 0065(0x0503)
12-28 16:18:40.376	          linker	[Debug]	            dji_command.c:1128  <0x9e30>Receive msg from linker, 0x1204(0x0092)->0x0503(0x0065) 0x4900 len:2
12-28 16:18:40.376	          linker	[Debug]	        dji_protocol_v3.c:266  <0x9e30>V3-Send: 03:003F:001E:0x0503 -> 00:003F:001E:0x1204 0x4900, tLen 23 dLen 2
12-28 16:18:40.385	          linker	[Debug]	        dji_protocol_v3.c:266  <0x5d0f>V3-Send: 03:003F:001E:0x0503 -> 00:003F:001E:0x0200 0x3C1F, tLen 58 dLen 37
12-28 16:18:40.386	          linker	[Debug]	        dji_protocol_v3.c:387  <0x891>V3-Recv: 00:003F:001E:0x0300 -> 03:003F:001E:0x0503 0x3C57, tLen 37 dLen 16
12-28 16:18:40.386	          linker	[Debug]	        dji_protocol_v3.c:506  0:0x0300 convert to 0003(0x0300)
12-28 16:18:40.386	          linker	[Debug]	        dji_protocol_v3.c:506  3:0x0503 convert to 0065(0x0503)
12-28 16:18:40.386	          linker	[Debug]	            dji_command.c:1128  <0x891>Receive msg from linker, 0x0300(0x0003)->0x0503(0x0065) 0x3C57 len:16
12-28 16:18:40.386	          linker	[Debug]	            dji_command.c:980  received unsupport request cmd that noneed ack, <0x891> cmdset: 0x3C cmdid: 0x57
12-28 16:18:40.397	          linker	[Debug]	        dji_protocol_v3.c:266  <0x5d10>V3-Send: 03:003F:001E:0x0503 -> 00:003F:001E:0x0200 0x3C1B, tLen 77 dLen 56
12-28 16:18:40.403	          linker	[Debug]	        dji_protocol_v3.c:387  <0x9e34>V3-Recv: 00:003F:001E:0x1204 -> 03:003F:001E:0x0503 0x22AD, tLen 68 dLen 47
12-28 16:18:40.403	          linker	[Debug]	        dji_protocol_v3.c:506  0:0x1204 convert to 0092(0x1204)
12-28 16:18:40.403	          linker	[Debug]	        dji_protocol_v3.c:506  3:0x0503 convert to 0065(0x0503)
12-28 16:18:40.404	          linker	[Debug]	            dji_command.c:1128  <0x9e34>Receive msg from linker, 0x1204(0x0092)->0x0503(0x0065) 0x22AD len:47
12-28 16:18:40.404	          linker	[Debug]	            dji_command.c:980  received unsupport request cmd that need ack, <0x9e34> cmdset: 0x22 cmdid: 0xAD
12-28 16:18:40.421	          linker	[Debug]	        dji_protocol_v3.c:387  <0x9a5f>V3-Recv: 00:0001:0000:0x0202 -> 03:0000:0001:0x0503 0x0001, tLen 21 dLen 0
12-28 16:18:40.421	          linker	[Debug]	        dji_protocol_v3.c:506  0:0x0202 convert to 0042(0x0202)
12-28 16:18:40.421	          linker	[Debug]	        dji_protocol_v3.c:506  3:0x0503 convert to 0065(0x0503)
12-28 16:18:40.422	          linker	[Debug]	            dji_command.c:1128  <0x9a5f>Receive msg from linker, 0x0202(0x0042)->0x0503(0x0065) 0x0001 len:0
12-28 16:18:40.422	            core	[Debug]	dji_application_ready_state.c:331  Get payload custom version from 0x00000042
12-28 16:18:40.422	          linker	[Debug]	        dji_protocol_v3.c:266  <0x9a5f>V3-Send: 03:003F:001E:0x0503 -> 00:003F:001E:0x0202 0x0001, tLen 51 dLen 30
12-28 16:18:40.431	          linker	[Debug]	        dji_protocol_v3.c:387  <0x9a60>V3-Recv: 00:0001:0000:0x0202 -> 03:0000:0001:0x0503 0x3C36, tLen 21 dLen 0
12-28 16:18:40.431	          linker	[Debug]	        dji_protocol_v3.c:506  0:0x0202 convert to 0042(0x0202)
12-28 16:18:40.432	          linker	[Debug]	        dji_protocol_v3.c:506  3:0x0503 convert to 0065(0x0503)
12-28 16:18:40.432	          linker	[Debug]	            dji_command.c:1128  <0x9a60>Receive msg from linker, 0x0202(0x0042)->0x0503(0x0065) 0x3C36 len:0
12-28 16:18:40.432	          linker	[Debug]	        dji_protocol_v3.c:266  <0x9a60>V3-Send: 03:003F:001E:0x0503 -> 00:003F:001E:0x0202 0x3C36, tLen 173 dLen 152
12-28 16:18:40.444	          linker	[Debug]	        dji_protocol_v3.c:387  <0x9a63>V3-Recv: 00:0001:0000:0x0202 -> 03:0000:0001:0x0503 0x0051, tLen 22 dLen 1
12-28 16:18:40.444	          linker	[Debug]	        dji_protocol_v3.c:506  0:0x0202 convert to 0042(0x0202)
12-28 16:18:40.444	          linker	[Debug]	        dji_protocol_v3.c:506  3:0x0503 convert to 0065(0x0503)
12-28 16:18:40.446	          linker	[Debug]	            dji_command.c:1128  <0x9a63>Receive msg from linker, 0x0202(0x0042)->0x0503(0x0065) 0x0051 len:1
12-28 16:18:40.446	          linker	[Debug]	        dji_protocol_v3.c:266  <0x9a63>V3-Send: 03:003F:001E:0x0503 -> 00:003F:001E:0x0202 0x0051, tLen 56 dLen 35
12-28 16:18:40.459	          linker	[Debug]	        dji_protocol_v3.c:387  <0x9a65>V3-Recv: 00:0001:0000:0x0202 -> 03:0000:0001:0x0503 0x3C3C, tLen 23 dLen 2
12-28 16:18:40.459	          linker	[Debug]	        dji_protocol_v3.c:506  0:0x0202 convert to 0042(0x0202)
12-28 16:18:40.459	          linker	[Debug]	        dji_protocol_v3.c:506  3:0x0503 convert to 0065(0x0503)
12-28 16:18:40.460	          linker	[Debug]	            dji_command.c:1128  <0x9a65>Receive msg from linker, 0x0202(0x0042)->0x0503(0x0065) 0x3C3C len:2
12-28 16:18:40.460	           infor	[Info]	      dji_aircraft_info.c:769  Set mobile app info, language is Chinese, screen type is Big Screen
12-28 16:18:40.460	          linker	[Debug]	        dji_protocol_v3.c:266  <0x9a65>V3-Send: 03:003F:001E:0x0503 -> 00:003F:001E:0x0202 0x3C3C, tLen 22 dLen 1
12-28 16:18:40.471	          linker	[Debug]	        dji_protocol_v1.c:189  <0x5d11>V1-Send: 0x0503->0x1D02 0x00F0
12-28 16:18:40.475	          linker	[Debug]	        dji_protocol_v3.c:387  <0x9e40>V3-Recv: 00:003F:001E:0x1204 -> 03:003F:001E:0x0503 0x4900, tLen 23 dLen 2
12-28 16:18:40.475	          linker	[Debug]	        dji_protocol_v3.c:506  0:0x1204 convert to 0092(0x1204)
12-28 16:18:40.475	          linker	[Debug]	        dji_protocol_v3.c:506  3:0x0503 convert to 0065(0x0503)
12-28 16:18:40.475	          linker	[Debug]	            dji_command.c:1128  <0x9e40>Receive msg from linker, 0x1204(0x0092)->0x0503(0x0065) 0x4900 len:2
12-28 16:18:40.475	          linker	[Debug]	        dji_protocol_v3.c:266  <0x9e40>V3-Send: 03:003F:001E:0x0503 -> 00:003F:001E:0x1204 0x4900, tLen 23 dLen 2
12-28 16:18:40.495	          linker	[Debug]	        dji_protocol_v3.c:387  <0x9e44>V3-Recv: 00:003F:001E:0x1204 -> 03:003F:001E:0x0503 0x22AD, tLen 68 dLen 47
12-28 16:18:40.495	          linker	[Debug]	        dji_protocol_v3.c:506  0:0x1204 convert to 0092(0x1204)
12-28 16:18:40.495	          linker	[Debug]	        dji_protocol_v3.c:506  3:0x0503 convert to 0065(0x0503)
12-28 16:18:40.496	          linker	[Debug]	            dji_command.c:1128  <0x9e44>Receive msg from linker, 0x1204(0x0092)->0x0503(0x0065) 0x22AD len:47
12-28 16:18:40.496	          linker	[Debug]	            dji_command.c:980  received unsupport request cmd that need ack, <0x9e44> cmdset: 0x22 cmdid: 0xAD
12-28 16:18:40.541	          linker	[Debug]	        dji_protocol_v3.c:387  <0x9a6f>V3-Recv: 00:0001:0000:0x0202 -> 03:0000:0001:0x0503 0x0026, tLen 58 dLen 37
12-28 16:18:40.541	          linker	[Debug]	        dji_protocol_v3.c:506  0:0x0202 convert to 0042(0x0202)
12-28 16:18:40.541	          linker	[Debug]	        dji_protocol_v3.c:506  3:0x0503 convert to 0065(0x0503)
12-28 16:18:40.542	          linker	[Debug]	            dji_command.c:1128  <0x9a6f>Receive msg from linker, 0x0202(0x0042)->0x0503(0x0065) 0x0026 len:37
12-28 16:18:40.542	      downloader	[Debug]	         dji_downloader.c:355  Request, host = 0x42, receiver = 0x65, session = 33, taskId = 0, funcId = 0
12-28 16:18:40.542	          linker	[Debug]	        dji_protocol_v3.c:266  <0x9a6f>V3-Send: 03:003F:001E:0x0503 -> 00:003F:001E:0x0202 0x0026, tLen 22 dLen 1
12-28 16:18:40.542	      downloader	[Debug]	         dji_downloader.c:476  Downloader data start send, session id = 33 task:0 type:14
12-28 16:18:40.546	          linker	[Debug]	        dji_protocol_v1.c:189  <0x5d12>V1-Send: 0x0503->0x1007 0x198B
12-28 16:18:40.546	          linker	[Debug]	        dji_protocol_v3.c:266  <0x5d13>V3-Send: 03:003F:001E:0x0503 -> 00:003F:001E:0x0200 0x3C10, tLen 85 dLen 64
12-28 16:18:40.546	          linker	[Debug]	        dji_protocol_v3.c:266  <0x5d14>V3-Send: 03:003F:001E:0x0503 -> 00:003F:001E:0x0300 0x3C10, tLen 85 dLen 64
12-28 16:18:40.547	          linker	[Debug]	        dji_protocol_v3.c:266  <0x5d15>V3-Send: 03:003F:001E:0x0503 -> 00:003F:001E:0x1104 0x3C10, tLen 85 dLen 64
12-28 16:18:40.547	          linker	[Debug]	        dji_protocol_v3.c:266  <0x5d16>V3-Send: 03:003F:001E:0x0503 -> 00:003F:001E:0x0701 0x3C10, tLen 85 dLen 64
12-28 16:18:40.547	          linker	[Debug]	        dji_protocol_v3.c:266  <0x5d17>V3-Send: 03:003F:001E:0x0503 -> 00:003F:001E:0x1100 0x3C10, tLen 85 dLen 64
12-28 16:18:40.555	      downloader	[Debug]	 dji_download_data_list.c:190  Download data list data length = 460
12-28 16:18:40.562	          linker	[Debug]	        dji_protocol_v3.c:266  <0x5d18>V3-Send: 03:003F:001E:0x0503 -> 00:003F:001E:0x0202 0x0027, tLen 491 dLen 470
12-28 16:18:40.562	      downloader	[Debug]	         dji_downloader.c:691  data downloader update info, seq:0 offset:0 dataLen:460 totalLen:460 process:0
12-28 16:18:40.563	      downloader	[Debug]	         dji_downloader.c:703  Downloader already send last package
12-28 16:18:40.575	          linker	[Debug]	        dji_protocol_v3.c:387  <0x9e50>V3-Recv: 00:003F:001E:0x1204 -> 03:003F:001E:0x0503 0x4900, tLen 23 dLen 2
12-28 16:18:40.575	          linker	[Debug]	        dji_protocol_v3.c:506  0:0x1204 convert to 0092(0x1204)
12-28 16:18:40.575	          linker	[Debug]	        dji_protocol_v3.c:506  3:0x0503 convert to 0065(0x0503)
12-28 16:18:40.575	          linker	[Debug]	            dji_command.c:1128  <0x9e50>Receive msg from linker, 0x1204(0x0092)->0x0503(0x0065) 0x4900 len:2
12-28 16:18:40.575	          linker	[Debug]	        dji_protocol_v3.c:266  <0x9e50>V3-Send: 03:003F:001E:0x0503 -> 00:003F:001E:0x1204 0x4900, tLen 23 dLen 2
12-28 16:18:40.585	          linker	[Debug]	        dji_protocol_v3.c:266  <0x5d19>V3-Send: 03:003F:001E:0x0503 -> 00:003F:001E:0x0200 0x3C1F, tLen 58 dLen 37
12-28 16:18:40.586	          linker	[Debug]	        dji_protocol_v3.c:387  <0x9ec>V3-Recv: 00:003F:001E:0x0300 -> 03:003F:001E:0x0503 0x3C57, tLen 37 dLen 16
12-28 16:18:40.586	          linker	[Debug]	        dji_protocol_v3.c:506  0:0x0300 convert to 0003(0x0300)
12-28 16:18:40.586	          linker	[Debug]	        dji_protocol_v3.c:506  3:0x0503 convert to 0065(0x0503)
12-28 16:18:40.587	          linker	[Debug]	            dji_command.c:1128  <0x9ec>Receive msg from linker, 0x0300(0x0003)->0x0503(0x0065) 0x3C57 len:16
12-28 16:18:40.587	          linker	[Debug]	            dji_command.c:980  received unsupport request cmd that noneed ack, <0x9ec> cmdset: 0x3C cmdid: 0x57
12-28 16:18:40.604	          linker	[Debug]	        dji_protocol_v3.c:387  <0x9e54>V3-Recv: 00:003F:001E:0x1204 -> 03:003F:001E:0x0503 0x22AD, tLen 68 dLen 47
12-28 16:18:40.604	          linker	[Debug]	        dji_protocol_v3.c:506  0:0x1204 convert to 0092(0x1204)
12-28 16:18:40.604	          linker	[Debug]	        dji_protocol_v3.c:506  3:0x0503 convert to 0065(0x0503)
12-28 16:18:40.604	          linker	[Debug]	            dji_command.c:1128  <0x9e54>Receive msg from linker, 0x1204(0x0092)->0x0503(0x0065) 0x22AD len:47
12-28 16:18:40.604	          linker	[Debug]	            dji_command.c:980  received unsupport request cmd that need ack, <0x9e54> cmdset: 0x22 cmdid: 0xAD
12-28 16:18:40.615	          linker	[Debug]	        dji_protocol_v3.c:266  <0x5d1a>V3-Send: 03:003F:001E:0x0503 -> 00:003F:001E:0x0200 0x3C1B, tLen 77 dLen 56
12-28 16:18:40.626	          linker	[Debug]	        dji_protocol_v3.c:387  <0x9a7a>V3-Recv: 00:0001:0000:0x0202 -> 03:0000:0001:0x0503 0x0026, tLen 35 dLen 14
12-28 16:18:40.626	          linker	[Debug]	        dji_protocol_v3.c:506  0:0x0202 convert to 0042(0x0202)
12-28 16:18:40.626	          linker	[Debug]	        dji_protocol_v3.c:506  3:0x0503 convert to 0065(0x0503)
12-28 16:18:40.627	          linker	[Debug]	            dji_command.c:1128  <0x9a7a>Receive msg from linker, 0x0202(0x0042)->0x0503(0x0065) 0x0026 len:14
12-28 16:18:40.627	      downloader	[Debug]	         dji_downloader.c:355  Request, host = 0x42, receiver = 0x65, session = 33, taskId = 0, funcId = 4
12-28 16:18:40.627	          linker	[Debug]	        dji_protocol_v3.c:266  <0x9a7a>V3-Send: 03:003F:001E:0x0503 -> 00:003F:001E:0x0202 0x0026, tLen 22 dLen 1
12-28 16:18:40.628	      downloader	[Debug]	         dji_downloader.c:550  Downloader data end send
12-28 16:18:40.640	          linker	[Debug]	        dji_protocol_v3.c:387  <0x9a7b>V3-Recv: 00:0001:0000:0x0202 -> 03:0000:0001:0x0503 0x0026, tLen 69 dLen 48
12-28 16:18:40.640	          linker	[Debug]	        dji_protocol_v3.c:506  0:0x0202 convert to 0042(0x0202)
12-28 16:18:40.640	          linker	[Debug]	        dji_protocol_v3.c:506  3:0x0503 convert to 0065(0x0503)
12-28 16:18:40.641	          linker	[Debug]	            dji_command.c:1128  <0x9a7b>Receive msg from linker, 0x0202(0x0042)->0x0503(0x0065) 0x0026 len:48
12-28 16:18:40.641	      downloader	[Debug]	         dji_downloader.c:355  Request, host = 0x42, receiver = 0x65, session = 34, taskId = 1, funcId = 0
12-28 16:18:40.641	          linker	[Debug]	        dji_protocol_v3.c:266  <0x9a7b>V3-Send: 03:003F:001E:0x0503 -> 00:003F:001E:0x0202 0x0026, tLen 22 dLen 1
12-28 16:18:40.642	      downloader	[Debug]	         dji_downloader.c:476  Downloader data start send, session id = 34 task:1 type:14
12-28 16:18:40.642	      downloader	[Debug]	 dji_download_data_file.c:92   Download file object info, index = 0  drive = 0 type = 14 offset = 0 size = -1
12-28 16:18:40.645	          linker	[Debug]	        dji_protocol_v3.c:266  <0x5d1b>V3-Send: 03:003F:001E:0x0503 -> 00:003F:001E:0x0202 0x0027, tLen 931 dLen 910
12-28 16:18:40.645	      downloader	[Debug]	         dji_downloader.c:691  data downloader update info, seq:0 offset:0 dataLen:900 totalLen:22491 process:0
12-28 16:18:40.654	          linker	[Debug]	        dji_protocol_v3.c:266  <0x5d1c>V3-Send: 03:003F:001E:0x0503 -> 00:003F:001E:0x0202 0x0027, tLen 931 dLen 910
12-28 16:18:40.654	      downloader	[Debug]	         dji_downloader.c:691  data downloader update info, seq:1 offset:900 dataLen:900 totalLen:22491 process:4
12-28 16:18:40.663	          linker	[Debug]	        dji_protocol_v3.c:266  <0x5d1d>V3-Send: 03:003F:001E:0x0503 -> 00:003F:001E:0x0202 0x0027, tLen 931 dLen 910
12-28 16:18:40.663	      downloader	[Debug]	         dji_downloader.c:691  data downloader update info, seq:2 offset:1800 dataLen:900 totalLen:22491 process:8
12-28 16:18:40.671	          linker	[Debug]	        dji_protocol_v3.c:266  <0x5d1e>V3-Send: 03:003F:001E:0x0503 -> 00:003F:001E:0x0202 0x0027, tLen 931 dLen 910
12-28 16:18:40.672	      downloader	[Debug]	         dji_downloader.c:691  data downloader update info, seq:3 offset:2700 dataLen:900 totalLen:22491 process:12
12-28 16:18:40.675	          linker	[Debug]	        dji_protocol_v3.c:387  <0x9e60>V3-Recv: 00:003F:001E:0x1204 -> 03:003F:001E:0x0503 0x4900, tLen 23 dLen 2
12-28 16:18:40.675	          linker	[Debug]	        dji_protocol_v3.c:506  0:0x1204 convert to 0092(0x1204)
12-28 16:18:40.675	          linker	[Debug]	        dji_protocol_v3.c:506  3:0x0503 convert to 0065(0x0503)
12-28 16:18:40.675	          linker	[Debug]	            dji_command.c:1128  <0x9e60>Receive msg from linker, 0x1204(0x0092)->0x0503(0x0065) 0x4900 len:2
12-28 16:18:40.675	          linker	[Debug]	        dji_protocol_v3.c:266  <0x9e60>V3-Send: 03:003F:001E:0x0503 -> 00:003F:001E:0x1204 0x4900, tLen 23 dLen 2
12-28 16:18:40.680	          linker	[Debug]	        dji_protocol_v3.c:266  <0x5d1f>V3-Send: 03:003F:001E:0x0503 -> 00:003F:001E:0x0202 0x0027, tLen 931 dLen 910
12-28 16:18:40.680	      downloader	[Debug]	         dji_downloader.c:691  data downloader update info, seq:4 offset:3600 dataLen:900 totalLen:22491 process:16
12-28 16:18:40.689	          linker	[Debug]	        dji_protocol_v3.c:266  <0x5d20>V3-Send: 03:003F:001E:0x0503 -> 00:003F:001E:0x0202 0x0027, tLen 931 dLen 910
12-28 16:18:40.689	      downloader	[Debug]	         dji_downloader.c:691  data downloader update info, seq:5 offset:4500 dataLen:900 totalLen:22491 process:20
12-28 16:18:40.695	          linker	[Debug]	        dji_protocol_v3.c:387  <0x9e64>V3-Recv: 00:003F:001E:0x1204 -> 03:003F:001E:0x0503 0x22AD, tLen 68 dLen 47
12-28 16:18:40.695	          linker	[Debug]	        dji_protocol_v3.c:506  0:0x1204 convert to 0092(0x1204)
12-28 16:18:40.695	          linker	[Debug]	        dji_protocol_v3.c:506  3:0x0503 convert to 0065(0x0503)
12-28 16:18:40.696	          linker	[Debug]	            dji_command.c:1128  <0x9e64>Receive msg from linker, 0x1204(0x0092)->0x0503(0x0065) 0x22AD len:47
12-28 16:18:40.696	          linker	[Debug]	            dji_command.c:980  received unsupport request cmd that need ack, <0x9e64> cmdset: 0x22 cmdid: 0xAD
12-28 16:18:40.698	          linker	[Debug]	        dji_protocol_v3.c:266  <0x5d21>V3-Send: 03:003F:001E:0x0503 -> 00:003F:001E:0x0202 0x0027, tLen 931 dLen 910
12-28 16:18:40.698	      downloader	[Debug]	         dji_downloader.c:691  data downloader update info, seq:6 offset:5400 dataLen:900 totalLen:22491 process:24
12-28 16:18:40.707	          linker	[Debug]	        dji_protocol_v3.c:266  <0x5d22>V3-Send: 03:003F:001E:0x0503 -> 00:003F:001E:0x0202 0x0027, tLen 931 dLen 910
12-28 16:18:40.707	      downloader	[Debug]	         dji_downloader.c:691  data downloader update info, seq:7 offset:6300 dataLen:900 totalLen:22491 process:28
12-28 16:18:40.716	          linker	[Debug]	        dji_protocol_v3.c:266  <0x5d23>V3-Send: 03:003F:001E:0x0503 -> 00:003F:001E:0x0202 0x0027, tLen 931 dLen 910
12-28 16:18:40.716	      downloader	[Debug]	         dji_downloader.c:691  data downloader update info, seq:8 offset:7200 dataLen:900 totalLen:22491 process:32
12-28 16:18:40.720	          linker	[Debug]	        dji_protocol_v3.c:387  <0x9a86>V3-Recv: 00:0001:0000:0x0202 -> 03:0000:0001:0x0503 0x3C1C, tLen 28 dLen 7
12-28 16:18:40.720	          linker	[Debug]	        dji_protocol_v3.c:506  0:0x0202 convert to 0042(0x0202)
12-28 16:18:40.720	          linker	[Debug]	        dji_protocol_v3.c:506  3:0x0503 convert to 0065(0x0503)
12-28 16:18:40.721	          linker	[Debug]	            dji_command.c:1128  <0x9a86>Receive msg from linker, 0x0202(0x0042)->0x0503(0x0065) 0x3C1C len:7
12-28 16:18:40.721	       time_sync	[Info]	      dji_time_sync_app.c:112  Current time: 2025.12.28 16:18:41.
12-28 16:18:40.724	          linker	[Debug]	        dji_protocol_v3.c:266  <0x5d24>V3-Send: 03:003F:001E:0x0503 -> 00:003F:001E:0x0202 0x0027, tLen 931 dLen 910
12-28 16:18:40.724	      downloader	[Debug]	         dji_downloader.c:691  data downloader update info, seq:9 offset:8100 dataLen:900 totalLen:22491 process:36
12-28 16:18:40.730	          linker	[Debug]	        dji_protocol_v1.c:189  <0x5d25>V1-Send: 0x0503->0x1D02 0x00F0
12-28 16:18:40.733	          linker	[Debug]	        dji_protocol_v3.c:266  <0x5d26>V3-Send: 03:003F:001E:0x0503 -> 00:003F:001E:0x0202 0x0027, tLen 931 dLen 910
12-28 16:18:40.733	      downloader	[Debug]	         dji_downloader.c:691  data downloader update info, seq:10 offset:9000 dataLen:900 totalLen:22491 process:40
12-28 16:18:40.734	          linker	[Debug]	        dji_protocol_v3.c:387  <0x9a87>V3-Recv: 00:0001:0000:0x0202 -> 03:0000:0001:0x0503 0x3C25, tLen 23 dLen 2
12-28 16:18:40.734	          linker	[Debug]	        dji_protocol_v3.c:506  0:0x0202 convert to 0042(0x0202)
12-28 16:18:40.734	          linker	[Debug]	        dji_protocol_v3.c:506  3:0x0503 convert to 0065(0x0503)
12-28 16:18:40.735	          linker	[Debug]	            dji_command.c:1128  <0x9a87>Receive msg from linker, 0x0202(0x0042)->0x0503(0x0065) 0x3C25 len:2
12-28 16:18:40.735	          linker	[Debug]	            dji_command.c:980  received unsupport request cmd that need ack, <0x9a87> cmdset: 0x3C cmdid: 0x25
12-28 16:18:40.742	          linker	[Debug]	        dji_protocol_v3.c:266  <0x5d27>V3-Send: 03:003F:001E:0x0503 -> 00:003F:001E:0x0202 0x0027, tLen 931 dLen 910
12-28 16:18:40.742	      downloader	[Debug]	         dji_downloader.c:691  data downloader update info, seq:11 offset:9900 dataLen:900 totalLen:22491 process:44
12-28 16:18:40.751	          linker	[Debug]	        dji_protocol_v3.c:266  <0x5d28>V3-Send: 03:003F:001E:0x0503 -> 00:003F:001E:0x0202 0x0027, tLen 931 dLen 910
12-28 16:18:40.751	      downloader	[Debug]	         dji_downloader.c:691  data downloader update info, seq:12 offset:10800 dataLen:900 totalLen:22491 process:48
12-28 16:18:40.760	          linker	[Debug]	        dji_protocol_v3.c:266  <0x5d29>V3-Send: 03:003F:001E:0x0503 -> 00:003F:001E:0x0202 0x0027, tLen 931 dLen 910
12-28 16:18:40.760	      downloader	[Debug]	         dji_downloader.c:691  data downloader update info, seq:13 offset:11700 dataLen:900 totalLen:22491 process:52
12-28 16:18:40.763	          linker	[Debug]	        dji_protocol_v1.c:189  <0x5d2a>V1-Send: 0x0503->0x1007 0x198B
12-28 16:18:40.763	          linker	[Debug]	        dji_protocol_v3.c:266  <0x5d2b>V3-Send: 03:003F:001E:0x0503 -> 00:003F:001E:0x0200 0x3C10, tLen 85 dLen 64
12-28 16:18:40.763	          linker	[Debug]	        dji_protocol_v3.c:266  <0x5d2c>V3-Send: 03:003F:001E:0x0503 -> 00:003F:001E:0x0300 0x3C10, tLen 85 dLen 64
12-28 16:18:40.763	          linker	[Debug]	        dji_protocol_v3.c:266  <0x5d2d>V3-Send: 03:003F:001E:0x0503 -> 00:003F:001E:0x1104 0x3C10, tLen 85 dLen 64
12-28 16:18:40.763	          linker	[Debug]	        dji_protocol_v3.c:266  <0x5d2e>V3-Send: 03:003F:001E:0x0503 -> 00:003F:001E:0x0701 0x3C10, tLen 85 dLen 64
12-28 16:18:40.763	          linker	[Debug]	        dji_protocol_v3.c:266  <0x5d2f>V3-Send: 03:003F:001E:0x0503 -> 00:003F:001E:0x1100 0x3C10, tLen 85 dLen 64
12-28 16:18:40.769	          linker	[Debug]	        dji_protocol_v3.c:266  <0x5d30>V3-Send: 03:003F:001E:0x0503 -> 00:003F:001E:0x0202 0x0027, tLen 931 dLen 910
12-28 16:18:40.769	      downloader	[Debug]	         dji_downloader.c:691  data downloader update info, seq:14 offset:12600 dataLen:900 totalLen:22491 process:56
12-28 16:18:40.775	          linker	[Debug]	        dji_protocol_v3.c:387  <0x9e70>V3-Recv: 00:003F:001E:0x1204 -> 03:003F:001E:0x0503 0x4900, tLen 23 dLen 2
12-28 16:18:40.775	          linker	[Debug]	        dji_protocol_v3.c:506  0:0x1204 convert to 0092(0x1204)
12-28 16:18:40.775	          linker	[Debug]	        dji_protocol_v3.c:506  3:0x0503 convert to 0065(0x0503)
12-28 16:18:40.775	          linker	[Debug]	            dji_command.c:1128  <0x9e70>Receive msg from linker, 0x1204(0x0092)->0x0503(0x0065) 0x4900 len:2
12-28 16:18:40.775	          linker	[Debug]	        dji_protocol_v3.c:266  <0x9e70>V3-Send: 03:003F:001E:0x0503 -> 00:003F:001E:0x1204 0x4900, tLen 23 dLen 2
12-28 16:18:40.777	          linker	[Debug]	        dji_protocol_v3.c:266  <0x5d31>V3-Send: 03:003F:001E:0x0503 -> 00:003F:001E:0x0202 0x0027, tLen 931 dLen 910
12-28 16:18:40.778	      downloader	[Debug]	         dji_downloader.c:691  data downloader update info, seq:15 offset:13500 dataLen:900 totalLen:22491 process:60
12-28 16:18:40.785	          linker	[Debug]	        dji_protocol_v3.c:266  <0x5d32>V3-Send: 03:003F:001E:0x0503 -> 00:003F:001E:0x0200 0x3C1F, tLen 58 dLen 37
12-28 16:18:40.786	          linker	[Debug]	        dji_protocol_v3.c:387  <0xb4f>V3-Recv: 00:003F:001E:0x0300 -> 03:003F:001E:0x0503 0x3C57, tLen 37 dLen 16
12-28 16:18:40.786	          linker	[Debug]	        dji_protocol_v3.c:506  0:0x0300 convert to 0003(0x0300)
12-28 16:18:40.786	          linker	[Debug]	        dji_protocol_v3.c:506  3:0x0503 convert to 0065(0x0503)
12-28 16:18:40.786	          linker	[Debug]	            dji_command.c:1128  <0xb4f>Receive msg from linker, 0x0300(0x0003)->0x0503(0x0065) 0x3C57 len:16
12-28 16:18:40.786	          linker	[Debug]	            dji_command.c:980  received unsupport request cmd that noneed ack, <0xb4f> cmdset: 0x3C cmdid: 0x57
12-28 16:18:40.786	          linker	[Debug]	        dji_protocol_v3.c:266  <0x5d33>V3-Send: 03:003F:001E:0x0503 -> 00:003F:001E:0x0202 0x0027, tLen 35 dLen 14
12-28 16:18:40.786	          linker	[Debug]	        dji_protocol_v3.c:266  <0x5d34>V3-Send: 03:003F:001E:0x0503 -> 00:003F:001E:0x0202 0x0027, tLen 931 dLen 910
12-28 16:18:40.787	      downloader	[Debug]	         dji_downloader.c:691  data downloader update info, seq:16 offset:14400 dataLen:900 totalLen:22491 process:64
12-28 16:18:40.795	          linker	[Debug]	        dji_protocol_v3.c:266  <0x5d35>V3-Send: 03:003F:001E:0x0503 -> 00:003F:001E:0x0202 0x0027, tLen 931 dLen 910
12-28 16:18:40.795	      downloader	[Debug]	         dji_downloader.c:691  data downloader update info, seq:17 offset:15300 dataLen:900 totalLen:22491 process:68
12-28 16:18:40.804	          linker	[Debug]	        dji_protocol_v3.c:387  <0x9e74>V3-Recv: 00:003F:001E:0x1204 -> 03:003F:001E:0x0503 0x22AD, tLen 68 dLen 47
12-28 16:18:40.804	          linker	[Debug]	        dji_protocol_v3.c:506  0:0x1204 convert to 0092(0x1204)
12-28 16:18:40.804	          linker	[Debug]	        dji_protocol_v3.c:506  3:0x0503 convert to 0065(0x0503)
12-28 16:18:40.804	          linker	[Debug]	        dji_protocol_v3.c:266  <0x5d36>V3-Send: 03:003F:001E:0x0503 -> 00:003F:001E:0x0202 0x0027, tLen 931 dLen 910
12-28 16:18:40.804	      downloader	[Debug]	         dji_downloader.c:691  data downloader update info, seq:18 offset:16200 dataLen:900 totalLen:22491 process:72
12-28 16:18:40.805	          linker	[Debug]	            dji_command.c:1128  <0x9e74>Receive msg from linker, 0x1204(0x0092)->0x0503(0x0065) 0x22AD len:47
12-28 16:18:40.805	          linker	[Debug]	            dji_command.c:980  received unsupport request cmd that need ack, <0x9e74> cmdset: 0x22 cmdid: 0xAD
12-28 16:18:40.813	          linker	[Debug]	        dji_protocol_v3.c:266  <0x5d37>V3-Send: 03:003F:001E:0x0503 -> 00:003F:001E:0x0202 0x0027, tLen 931 dLen 910
12-28 16:18:40.813	      downloader	[Debug]	         dji_downloader.c:691  data downloader update info, seq:19 offset:17100 dataLen:900 totalLen:22491 process:76
12-28 16:18:40.822	          linker	[Debug]	        dji_protocol_v3.c:266  <0x5d38>V3-Send: 03:003F:001E:0x0503 -> 00:003F:001E:0x0202 0x0027, tLen 931 dLen 910
12-28 16:18:40.822	      downloader	[Debug]	         dji_downloader.c:691  data downloader update info, seq:20 offset:18000 dataLen:900 totalLen:22491 process:80
12-28 16:18:40.828	          linker	[Debug]	        dji_protocol_v3.c:387  <0x9a9a>V3-Recv: 00:0001:0000:0x0202 -> 03:0000:0001:0x0503 0x0026, tLen 36 dLen 15
12-28 16:18:40.828	          linker	[Debug]	        dji_protocol_v3.c:506  0:0x0202 convert to 0042(0x0202)
12-28 16:18:40.828	          linker	[Debug]	        dji_protocol_v3.c:506  3:0x0503 convert to 0065(0x0503)
12-28 16:18:40.828	          linker	[Debug]	            dji_command.c:1128  <0x9a9a>Receive msg from linker, 0x0202(0x0042)->0x0503(0x0065) 0x0026 len:15
12-28 16:18:40.828	      downloader	[Debug]	         dji_downloader.c:355  Request, host = 0x42, receiver = 0x65, session = 34, taskId = 0, funcId = 2
12-28 16:18:40.828	          linker	[Debug]	        dji_protocol_v3.c:266  <0x9a9a>V3-Send: 03:003F:001E:0x0503 -> 00:003F:001E:0x0202 0x0026, tLen 22 dLen 1
12-28 16:18:40.831	          linker	[Debug]	        dji_protocol_v3.c:266  <0x5d39>V3-Send: 03:003F:001E:0x0503 -> 00:003F:001E:0x0202 0x0027, tLen 931 dLen 910
12-28 16:18:40.831	      downloader	[Debug]	         dji_downloader.c:691  data downloader update info, seq:21 offset:18900 dataLen:900 totalLen:22491 process:84
12-28 16:18:40.832	          linker	[Debug]	        dji_protocol_v3.c:266  <0x5d3a>V3-Send: 03:003F:001E:0x0503 -> 00:003F:001E:0x0200 0x3C1B, tLen 77 dLen 56
12-28 16:18:40.839	          linker	[Debug]	        dji_protocol_v3.c:266  <0x5d3b>V3-Send: 03:003F:001E:0x0503 -> 00:003F:001E:0x0801 0x0000, tLen 21 dLen 0
12-28 16:18:40.840	           infor	[Debug]	dji_aircraft_connection.c:170  check connect status:1
12-28 16:18:40.840	          linker	[Debug]	        dji_protocol_v3.c:266  <0x5d3c>V3-Send: 03:003F:001E:0x0503 -> 00:003F:001E:0x0202 0x0027, tLen 931 dLen 910
12-28 16:18:40.840	      downloader	[Debug]	         dji_downloader.c:691  data downloader update info, seq:22 offset:19800 dataLen:900 totalLen:22491 process:88
12-28 16:18:40.840	          linker	[Debug]	        dji_protocol_v3.c:387  <0x5d3b>V3-Recv: 00:003F:001E:0x0801 -> 03:003F:001E:0x0503 0x0000, tLen 22 dLen 1
12-28 16:18:40.840	          linker	[Debug]	        dji_protocol_v3.c:506  0:0x0801 convert to 0028(0x0801)
12-28 16:18:40.840	          linker	[Debug]	        dji_protocol_v3.c:506  3:0x0503 convert to 0065(0x0503)
12-28 16:18:40.841	          linker	[Debug]	            dji_command.c:1128  <0x5d3b>Receive msg from linker, 0x0801(0x0028)->0x0503(0x0065) 0x0000 len:1
12-28 16:18:40.841	           infor	[Debug]	dji_aircraft_connection.c:303  connect status async sucess
12-28 16:18:40.841	          linker	[Debug]	            dji_command.c:890  callback function (cmdset: 0x00 cmdid: 0x00) deal time: 0 ms
12-28 16:18:40.844	          linker	[Debug]	        dji_protocol_v1.c:309  <0x2038>V1-Recv: 0x0A06->0x0503 0x0866
12-28 16:18:40.844	          linker	[Debug]	            dji_command.c:1128  <0x2038>Receive msg from linker, 0x0A06(0x00CA)->0x0503(0x0065) 0x0866 len:102
12-28 16:18:40.844	          linker	[Debug]	            dji_command.c:980  received unsupport request cmd that noneed ack, <0x2038> cmdset: 0x08 cmdid: 0x66
12-28 16:18:40.849	          linker	[Debug]	        dji_protocol_v3.c:266  <0x5d3d>V3-Send: 03:003F:001E:0x0503 -> 00:003F:001E:0x0202 0x0027, tLen 931 dLen 910
12-28 16:18:40.849	      downloader	[Debug]	         dji_downloader.c:691  data downloader update info, seq:23 offset:20700 dataLen:900 totalLen:22491 process:92
12-28 16:18:40.857	          linker	[Debug]	        dji_protocol_v3.c:266  <0x5d3e>V3-Send: 03:003F:001E:0x0503 -> 00:003F:001E:0x0202 0x0027, tLen 922 dLen 901
12-28 16:18:40.857	      downloader	[Debug]	         dji_downloader.c:691  data downloader update info, seq:24 offset:21600 dataLen:891 totalLen:22491 process:96
12-28 16:18:40.857	      downloader	[Debug]	         dji_downloader.c:703  Downloader already send last package
12-28 16:18:40.875	          linker	[Debug]	        dji_protocol_v3.c:387  <0x9e80>V3-Recv: 00:003F:001E:0x1204 -> 03:003F:001E:0x0503 0x4900, tLen 23 dLen 2
12-28 16:18:40.875	          linker	[Debug]	        dji_protocol_v3.c:506  0:0x1204 convert to 0092(0x1204)
12-28 16:18:40.875	          linker	[Debug]	        dji_protocol_v3.c:506  3:0x0503 convert to 0065(0x0503)
12-28 16:18:40.875	          linker	[Debug]	            dji_command.c:1128  <0x9e80>Receive msg from linker, 0x1204(0x0092)->0x0503(0x0065) 0x4900 len:2
12-28 16:18:40.875	          linker	[Debug]	        dji_protocol_v3.c:266  <0x9e80>V3-Send: 03:003F:001E:0x0503 -> 00:003F:001E:0x1204 0x4900, tLen 23 dLen 2
12-28 16:18:40.895	          linker	[Debug]	        dji_protocol_v3.c:387  <0x9e84>V3-Recv: 00:003F:001E:0x1204 -> 03:003F:001E:0x0503 0x22AD, tLen 68 dLen 47
12-28 16:18:40.895	          linker	[Debug]	        dji_protocol_v3.c:506  0:0x1204 convert to 0092(0x1204)
12-28 16:18:40.895	          linker	[Debug]	        dji_protocol_v3.c:506  3:0x0503 convert to 0065(0x0503)
12-28 16:18:40.895	          linker	[Debug]	            dji_command.c:1128  <0x9e84>Receive msg from linker, 0x1204(0x0092)->0x0503(0x0065) 0x22AD len:47
12-28 16:18:40.895	          linker	[Debug]	            dji_command.c:980  received unsupport request cmd that need ack, <0x9e84> cmdset: 0x22 cmdid: 0xAD
12-28 16:18:40.909	          linker	[Debug]	        dji_protocol_v3.c:387  <0x9aac>V3-Recv: 00:0001:0000:0x0202 -> 03:0000:0001:0x0503 0x0026, tLen 35 dLen 14
12-28 16:18:40.909	          linker	[Debug]	        dji_protocol_v3.c:506  0:0x0202 convert to 0042(0x0202)
12-28 16:18:40.909	          linker	[Debug]	        dji_protocol_v3.c:506  3:0x0503 convert to 0065(0x0503)
12-28 16:18:40.909	          linker	[Debug]	            dji_command.c:1128  <0x9aac>Receive msg from linker, 0x0202(0x0042)->0x0503(0x0065) 0x0026 len:14
12-28 16:18:40.909	      downloader	[Debug]	         dji_downloader.c:355  Request, host = 0x42, receiver = 0x65, session = 34, taskId = 1, funcId = 4
12-28 16:18:40.909	          linker	[Debug]	        dji_protocol_v3.c:266  <0x9aac>V3-Send: 03:003F:001E:0x0503 -> 00:003F:001E:0x0202 0x0026, tLen 22 dLen 1
12-28 16:18:40.909	      downloader	[Debug]	         dji_downloader.c:550  Downloader data end send
12-28 16:18:40.921	          linker	[Debug]	        dji_protocol_v3.c:387  <0x9ab2>V3-Recv: 00:0001:0000:0x0202 -> 03:0000:0001:0x0503 0x3C50, tLen 21 dLen 0
12-28 16:18:40.921	          linker	[Debug]	        dji_protocol_v3.c:506  0:0x0202 convert to 0042(0x0202)
12-28 16:18:40.921	          linker	[Debug]	        dji_protocol_v3.c:506  3:0x0503 convert to 0065(0x0503)
12-28 16:18:40.922	          linker	[Debug]	            dji_command.c:1128  <0x9ab2>Receive msg from linker, 0x0202(0x0042)->0x0503(0x0065) 0x3C50 len:0
12-28 16:18:40.922	            core	[Debug]	dji_application_ready_state.c:310  Get payload capability set handle, ver: 1, support: 1 0 0 0
12-28 16:18:40.922	          linker	[Debug]	        dji_protocol_v3.c:266  <0x9ab2>V3-Send: 03:003F:001E:0x0503 -> 00:003F:001E:0x0202 0x3C50, tLen 27 dLen 6
12-28 16:18:40.970	          linker	[Debug]	        dji_protocol_v3.c:387  <0x9abd>V3-Recv: 00:0001:0000:0x0202 -> 03:0000:0001:0x0503 0x0026, tLen 58 dLen 37
12-28 16:18:40.970	          linker	[Debug]	        dji_protocol_v3.c:506  0:0x0202 convert to 0042(0x0202)
12-28 16:18:40.970	          linker	[Debug]	        dji_protocol_v3.c:506  3:0x0503 convert to 0065(0x0503)
12-28 16:18:40.970	          linker	[Debug]	            dji_command.c:1128  <0x9abd>Receive msg from linker, 0x0202(0x0042)->0x0503(0x0065) 0x0026 len:37
12-28 16:18:40.970	      downloader	[Debug]	         dji_downloader.c:355  Request, host = 0x42, receiver = 0x65, session = 35, taskId = 0, funcId = 0
12-28 16:18:40.970	          linker	[Debug]	        dji_protocol_v3.c:266  <0x9abd>V3-Send: 03:003F:001E:0x0503 -> 00:003F:001E:0x0202 0x0026, tLen 22 dLen 1
12-28 16:18:40.971	      downloader	[Debug]	         dji_downloader.c:476  Downloader data start send, session id = 35 task:0 type:20
12-28 16:18:40.971	      downloader	[Debug]	 dji_download_data_list.c:190  Download data list data length = 66
12-28 16:18:40.978	          linker	[Debug]	        dji_protocol_v1.c:189  <0x5d3f>V1-Send: 0x0503->0x1007 0x198B
12-28 16:18:40.979	          linker	[Debug]	        dji_protocol_v3.c:266  <0x5d40>V3-Send: 03:003F:001E:0x0503 -> 00:003F:001E:0x0200 0x3C10, tLen 85 dLen 64
12-28 16:18:40.979	          linker	[Debug]	        dji_protocol_v3.c:266  <0x5d41>V3-Send: 03:003F:001E:0x0503 -> 00:003F:001E:0x0300 0x3C10, tLen 85 dLen 64
12-28 16:18:40.979	          linker	[Debug]	        dji_protocol_v3.c:266  <0x5d43>V3-Send: 03:003F:001E:0x0503 -> 00:003F:001E:0x1104 0x3C10, tLen 85 dLen 64
12-28 16:18:40.979	          linker	[Debug]	        dji_protocol_v3.c:266  <0x5d44>V3-Send: 03:003F:001E:0x0503 -> 00:003F:001E:0x0701 0x3C10, tLen 85 dLen 64
12-28 16:18:40.979	          linker	[Debug]	        dji_protocol_v3.c:266  <0x5d45>V3-Send: 03:003F:001E:0x0503 -> 00:003F:001E:0x1100 0x3C10, tLen 85 dLen 64
12-28 16:18:40.979	          linker	[Debug]	        dji_protocol_v3.c:266  <0x5d42>V3-Send: 03:003F:001E:0x0503 -> 00:003F:001E:0x0202 0x0027, tLen 97 dLen 76
12-28 16:18:40.980	          linker	[Debug]	        dji_protocol_v3.c:387  <0x9e90>V3-Recv: 00:003F:001E:0x1204 -> 03:003F:001E:0x0503 0x4900, tLen 23 dLen 2
12-28 16:18:40.980	      downloader	[Debug]	         dji_downloader.c:691  data downloader update info, seq:0 offset:0 dataLen:66 totalLen:66 process:0
12-28 16:18:40.980	          linker	[Debug]	        dji_protocol_v3.c:506  0:0x1204 convert to 0092(0x1204)
12-28 16:18:40.980	      downloader	[Debug]	         dji_downloader.c:703  Downloader already send last package
12-28 16:18:40.980	          linker	[Debug]	        dji_protocol_v3.c:506  3:0x0503 convert to 0065(0x0503)
12-28 16:18:40.981	          linker	[Debug]	            dji_command.c:1128  <0x9e90>Receive msg from linker, 0x1204(0x0092)->0x0503(0x0065) 0x4900 len:2
12-28 16:18:40.981	          linker	[Debug]	        dji_protocol_v3.c:266  <0x9e90>V3-Send: 03:003F:001E:0x0503 -> 00:003F:001E:0x1204 0x4900, tLen 23 dLen 2
12-28 16:18:40.985	          linker	[Debug]	        dji_protocol_v3.c:266  <0x5d46>V3-Send: 03:003F:001E:0x0503 -> 00:003F:001E:0x0200 0x3C1F, tLen 58 dLen 37
12-28 16:18:40.991	          linker	[Debug]	        dji_protocol_v3.c:387  <0xcad>V3-Recv: 00:003F:001E:0x0300 -> 03:003F:001E:0x0503 0x3C57, tLen 37 dLen 16
12-28 16:18:40.991	          linker	[Debug]	        dji_protocol_v3.c:506  0:0x0300 convert to 0003(0x0300)
12-28 16:18:40.991	          linker	[Debug]	        dji_protocol_v3.c:506  3:0x0503 convert to 0065(0x0503)
12-28 16:18:40.992	          linker	[Debug]	            dji_command.c:1128  <0xcad>Receive msg from linker, 0x0300(0x0003)->0x0503(0x0065) 0x3C57 len:16
12-28 16:18:40.992	          linker	[Debug]	            dji_command.c:980  received unsupport request cmd that noneed ack, <0xcad> cmdset: 0x3C cmdid: 0x57
12-28 16:18:41.005	          linker	[Debug]	        dji_protocol_v3.c:387  <0x9e94>V3-Recv: 00:003F:001E:0x1204 -> 03:003F:001E:0x0503 0x22AD, tLen 68 dLen 47
12-28 16:18:41.005	          linker	[Debug]	        dji_protocol_v3.c:506  0:0x1204 convert to 0092(0x1204)
12-28 16:18:41.005	          linker	[Debug]	        dji_protocol_v3.c:506  3:0x0503 convert to 0065(0x0503)
12-28 16:18:41.005	          linker	[Debug]	            dji_command.c:1128  <0x9e94>Receive msg from linker, 0x1204(0x0092)->0x0503(0x0065) 0x22AD len:47
12-28 16:18:41.005	          linker	[Debug]	            dji_command.c:980  received unsupport request cmd that need ack, <0x9e94> cmdset: 0x22 cmdid: 0xAD
12-28 16:18:41.021	          linker	[Debug]	        dji_protocol_v3.c:387  <0x9ac2>V3-Recv: 00:0001:0000:0x0202 -> 03:0000:0001:0x0503 0x0026, tLen 35 dLen 14
12-28 16:18:41.021	          linker	[Debug]	        dji_protocol_v3.c:506  0:0x0202 convert to 0042(0x0202)
12-28 16:18:41.021	          linker	[Debug]	        dji_protocol_v3.c:506  3:0x0503 convert to 0065(0x0503)
12-28 16:18:41.022	          linker	[Debug]	            dji_command.c:1128  <0x9ac2>Receive msg from linker, 0x0202(0x0042)->0x0503(0x0065) 0x0026 len:14
12-28 16:18:41.022	      downloader	[Debug]	         dji_downloader.c:355  Request, host = 0x42, receiver = 0x65, session = 35, taskId = 0, funcId = 4
12-28 16:18:41.022	          linker	[Debug]	        dji_protocol_v3.c:266  <0x9ac2>V3-Send: 03:003F:001E:0x0503 -> 00:003F:001E:0x0202 0x0026, tLen 22 dLen 1
12-28 16:18:41.023	      downloader	[Debug]	         dji_downloader.c:550  Downloader data end send
12-28 16:18:41.041	          linker	[Debug]	        dji_protocol_v3.c:387  <0x9ac3>V3-Recv: 00:0001:0000:0x0202 -> 03:0000:0001:0x0503 0x0026, tLen 69 dLen 48
12-28 16:18:41.041	          linker	[Debug]	        dji_protocol_v3.c:506  0:0x0202 convert to 0042(0x0202)
12-28 16:18:41.041	          linker	[Debug]	        dji_protocol_v3.c:506  3:0x0503 convert to 0065(0x0503)
12-28 16:18:41.041	          linker	[Debug]	            dji_command.c:1128  <0x9ac3>Receive msg from linker, 0x0202(0x0042)->0x0503(0x0065) 0x0026 len:48
12-28 16:18:41.041	      downloader	[Debug]	         dji_downloader.c:355  Request, host = 0x42, receiver = 0x65, session = 36, taskId = 1, funcId = 0
12-28 16:18:41.041	          linker	[Debug]	        dji_protocol_v3.c:266  <0x9ac3>V3-Send: 03:003F:001E:0x0503 -> 00:003F:001E:0x0202 0x0026, tLen 22 dLen 1
12-28 16:18:41.042	      downloader	[Debug]	         dji_downloader.c:476  Downloader data start send, session id = 36 task:1 type:20
12-28 16:18:41.042	      downloader	[Debug]	 dji_download_data_file.c:92   Download file object info, index = 0  drive = 0 type = 20 offset = 0 size = -1
12-28 16:18:41.047	          linker	[Debug]	        dji_protocol_v3.c:266  <0x5d47>V3-Send: 03:003F:001E:0x0503 -> 00:003F:001E:0x0200 0x3C1B, tLen 77 dLen 56
12-28 16:18:41.050	          linker	[Debug]	        dji_protocol_v3.c:266  <0x5d48>V3-Send: 03:003F:001E:0x0503 -> 00:003F:001E:0x0202 0x0027, tLen 931 dLen 910
12-28 16:18:41.050	      downloader	[Debug]	         dji_downloader.c:691  data downloader update info, seq:0 offset:0 dataLen:900 totalLen:2880 process:0
12-28 16:18:41.059	          linker	[Debug]	        dji_protocol_v3.c:266  <0x5d49>V3-Send: 03:003F:001E:0x0503 -> 00:003F:001E:0x0202 0x0027, tLen 931 dLen 910
12-28 16:18:41.059	      downloader	[Debug]	         dji_downloader.c:691  data downloader update info, seq:1 offset:900 dataLen:900 totalLen:2880 process:31
12-28 16:18:41.068	          linker	[Debug]	        dji_protocol_v3.c:266  <0x5d4a>V3-Send: 03:003F:001E:0x0503 -> 00:003F:001E:0x0202 0x0027, tLen 931 dLen 910
12-28 16:18:41.068	      downloader	[Debug]	         dji_downloader.c:691  data downloader update info, seq:2 offset:1800 dataLen:900 totalLen:2880 process:62
12-28 16:18:41.075	          linker	[Debug]	        dji_protocol_v3.c:387  <0x9ea0>V3-Recv: 00:003F:001E:0x1204 -> 03:003F:001E:0x0503 0x4900, tLen 23 dLen 2
12-28 16:18:41.075	          linker	[Debug]	        dji_protocol_v3.c:506  0:0x1204 convert to 0092(0x1204)
12-28 16:18:41.075	          linker	[Debug]	        dji_protocol_v3.c:506  3:0x0503 convert to 0065(0x0503)
12-28 16:18:41.076	          linker	[Debug]	            dji_command.c:1128  <0x9ea0>Receive msg from linker, 0x1204(0x0092)->0x0503(0x0065) 0x4900 len:2
12-28 16:18:41.076	          linker	[Debug]	        dji_protocol_v3.c:266  <0x9ea0>V3-Send: 03:003F:001E:0x0503 -> 00:003F:001E:0x1204 0x4900, tLen 23 dLen 2
12-28 16:18:41.076	          linker	[Debug]	        dji_protocol_v3.c:266  <0x5d4b>V3-Send: 03:003F:001E:0x0503 -> 00:003F:001E:0x0202 0x0027, tLen 211 dLen 190
12-28 16:18:41.076	      downloader	[Debug]	         dji_downloader.c:691  data downloader update info, seq:3 offset:2700 dataLen:180 totalLen:2880 process:93
12-28 16:18:41.076	      downloader	[Debug]	         dji_downloader.c:703  Downloader already send last package
12-28 16:18:41.085	          linker	[Debug]	        dji_protocol_v3.c:266  <0x5d4c>V3-Send: 03:003F:001E:0x0503 -> 00:003F:001E:0x0202 0x0027, tLen 35 dLen 14
12-28 16:18:41.088	          linker	[Debug]	        dji_protocol_v3.c:387  <0x99f2>V3-Recv: 00:0001:0000:0x0202 -> 03:0000:0001:0x0503 0x3C20, tLen 22 dLen 1
12-28 16:18:41.088	          linker	[Debug]	        dji_protocol_v3.c:506  0:0x0202 convert to 0042(0x0202)
12-28 16:18:41.088	          linker	[Debug]	        dji_protocol_v3.c:506  3:0x0503 convert to 0065(0x0503)
12-28 16:18:41.089	          linker	[Debug]	            dji_command.c:1128  <0x99f2>Receive msg from linker, 0x0202(0x0042)->0x0503(0x0065) 0x3C20 len:1
12-28 16:18:41.089	          linker	[Debug]	            dji_command.c:980  received unsupport request cmd that need ack, <0x99f2> cmdset: 0x3C cmdid: 0x20
12-28 16:18:41.102	          linker	[Debug]	        dji_protocol_v3.c:387  <0x9ea4>V3-Recv: 00:003F:001E:0x1204 -> 03:003F:001E:0x0503 0x22AD, tLen 68 dLen 47
12-28 16:18:41.102	          linker	[Debug]	        dji_protocol_v3.c:506  0:0x1204 convert to 0092(0x1204)
12-28 16:18:41.102	          linker	[Debug]	        dji_protocol_v3.c:506  3:0x0503 convert to 0065(0x0503)
12-28 16:18:41.103	          linker	[Debug]	            dji_command.c:1128  <0x9ea4>Receive msg from linker, 0x1204(0x0092)->0x0503(0x0065) 0x22AD len:47
12-28 16:18:41.103	          linker	[Debug]	            dji_command.c:980  received unsupport request cmd that need ack, <0x9ea4> cmdset: 0x22 cmdid: 0xAD
12-28 16:18:41.130	          linker	[Debug]	        dji_protocol_v3.c:387  <0x9ad0>V3-Recv: 00:0001:0000:0x0202 -> 03:0000:0001:0x0503 0x0026, tLen 35 dLen 14
12-28 16:18:41.131	          linker	[Debug]	        dji_protocol_v3.c:506  0:0x0202 convert to 0042(0x0202)
12-28 16:18:41.131	          linker	[Debug]	        dji_protocol_v3.c:506  3:0x0503 convert to 0065(0x0503)
12-28 16:18:41.131	          linker	[Debug]	            dji_command.c:1128  <0x9ad0>Receive msg from linker, 0x0202(0x0042)->0x0503(0x0065) 0x0026 len:14
12-28 16:18:41.131	      downloader	[Debug]	         dji_downloader.c:355  Request, host = 0x42, receiver = 0x65, session = 36, taskId = 1, funcId = 4
12-28 16:18:41.131	          linker	[Debug]	        dji_protocol_v3.c:266  <0x9ad0>V3-Send: 03:003F:001E:0x0503 -> 00:003F:001E:0x0202 0x0026, tLen 22 dLen 1
12-28 16:18:41.132	      downloader	[Debug]	         dji_downloader.c:550  Downloader data end send
12-28 16:18:41.175	          linker	[Debug]	        dji_protocol_v3.c:387  <0x9eb0>V3-Recv: 00:003F:001E:0x1204 -> 03:003F:001E:0x0503 0x4900, tLen 23 dLen 2
12-28 16:18:41.175	          linker	[Debug]	        dji_protocol_v3.c:506  0:0x1204 convert to 0092(0x1204)
12-28 16:18:41.175	          linker	[Debug]	        dji_protocol_v3.c:506  3:0x0503 convert to 0065(0x0503)
12-28 16:18:41.175	          linker	[Debug]	            dji_command.c:1128  <0x9eb0>Receive msg from linker, 0x1204(0x0092)->0x0503(0x0065) 0x4900 len:2
12-28 16:18:41.175	          linker	[Debug]	        dji_protocol_v3.c:266  <0x9eb0>V3-Send: 03:003F:001E:0x0503 -> 00:003F:001E:0x1204 0x4900, tLen 23 dLen 2
12-28 16:18:41.186	          linker	[Debug]	        dji_protocol_v3.c:266  <0x5d4d>V3-Send: 03:003F:001E:0x0503 -> 00:003F:001E:0x0200 0x3C1F, tLen 58 dLen 37
12-28 16:18:41.186	          linker	[Debug]	        dji_protocol_v3.c:387  <0xe2f>V3-Recv: 00:003F:001E:0x0300 -> 03:003F:001E:0x0503 0x3C57, tLen 37 dLen 16
12-28 16:18:41.186	          linker	[Debug]	        dji_protocol_v3.c:506  0:0x0300 convert to 0003(0x0300)
12-28 16:18:41.186	          linker	[Debug]	        dji_protocol_v3.c:506  3:0x0503 convert to 0065(0x0503)
12-28 16:18:41.187	          linker	[Debug]	            dji_command.c:1128  <0xe2f>Receive msg from linker, 0x0300(0x0003)->0x0503(0x0065) 0x3C57 len:16
12-28 16:18:41.187	          linker	[Debug]	            dji_command.c:980  received unsupport request cmd that noneed ack, <0xe2f> cmdset: 0x3C cmdid: 0x57
12-28 16:18:41.195	          linker	[Debug]	        dji_protocol_v1.c:189  <0x5d4e>V1-Send: 0x0503->0x1007 0x198B
12-28 16:18:41.195	          linker	[Debug]	        dji_protocol_v3.c:266  <0x5d4f>V3-Send: 03:003F:001E:0x0503 -> 00:003F:001E:0x0200 0x3C10, tLen 85 dLen 64
12-28 16:18:41.196	          linker	[Debug]	        dji_protocol_v3.c:266  <0x5d50>V3-Send: 03:003F:001E:0x0503 -> 00:003F:001E:0x0300 0x3C10, tLen 85 dLen 64
12-28 16:18:41.196	          linker	[Debug]	        dji_protocol_v3.c:266  <0x5d51>V3-Send: 03:003F:001E:0x0503 -> 00:003F:001E:0x1104 0x3C10, tLen 85 dLen 64
12-28 16:18:41.196	          linker	[Debug]	        dji_protocol_v3.c:266  <0x5d52>V3-Send: 03:003F:001E:0x0503 -> 00:003F:001E:0x0701 0x3C10, tLen 85 dLen 64
12-28 16:18:41.196	          linker	[Debug]	        dji_protocol_v3.c:266  <0x5d53>V3-Send: 03:003F:001E:0x0503 -> 00:003F:001E:0x1100 0x3C10, tLen 85 dLen 64
12-28 16:18:41.203	          linker	[Debug]	        dji_protocol_v3.c:387  <0x9eb4>V3-Recv: 00:003F:001E:0x1204 -> 03:003F:001E:0x0503 0x22AD, tLen 68 dLen 47
12-28 16:18:41.204	          linker	[Debug]	        dji_protocol_v3.c:506  0:0x1204 convert to 0092(0x1204)
12-28 16:18:41.204	          linker	[Debug]	        dji_protocol_v3.c:506  3:0x0503 convert to 0065(0x0503)
12-28 16:18:41.204	          linker	[Debug]	            dji_command.c:1128  <0x9eb4>Receive msg from linker, 0x1204(0x0092)->0x0503(0x0065) 0x22AD len:47
12-28 16:18:41.204	          linker	[Debug]	            dji_command.c:980  received unsupport request cmd that need ack, <0x9eb4> cmdset: 0x22 cmdid: 0xAD
12-28 16:18:41.264	          linker	[Debug]	        dji_protocol_v3.c:266  <0x5d54>V3-Send: 03:003F:001E:0x0503 -> 00:003F:001E:0x0200 0x3C1B, tLen 77 dLen 56
12-28 16:18:41.275	          linker	[Debug]	        dji_protocol_v3.c:387  <0x9ebe>V3-Recv: 00:003F:001E:0x1204 -> 03:003F:001E:0x0503 0x4900, tLen 23 dLen 2
12-28 16:18:41.275	          linker	[Debug]	        dji_protocol_v3.c:506  0:0x1204 convert to 0092(0x1204)
12-28 16:18:41.275	          linker	[Debug]	        dji_protocol_v3.c:506  3:0x0503 convert to 0065(0x0503)
12-28 16:18:41.275	          linker	[Debug]	            dji_command.c:1128  <0x9ebe>Receive msg from linker, 0x1204(0x0092)->0x0503(0x0065) 0x4900 len:2
12-28 16:18:41.275	          linker	[Debug]	        dji_protocol_v3.c:266  <0x9ebe>V3-Send: 03:003F:001E:0x0503 -> 00:003F:001E:0x1204 0x4900, tLen 23 dLen 2
12-28 16:18:41.295	          linker	[Debug]	        dji_protocol_v3.c:387  <0x9ec0>V3-Recv: 00:003F:001E:0x1204 -> 03:003F:001E:0x0503 0x22AD, tLen 68 dLen 47
12-28 16:18:41.295	          linker	[Debug]	        dji_protocol_v3.c:506  0:0x1204 convert to 0092(0x1204)
12-28 16:18:41.295	          linker	[Debug]	        dji_protocol_v3.c:506  3:0x0503 convert to 0065(0x0503)
12-28 16:18:41.295	          linker	[Debug]	            dji_command.c:1128  <0x9ec0>Receive msg from linker, 0x1204(0x0092)->0x0503(0x0065) 0x22AD len:47
12-28 16:18:41.295	          linker	[Debug]	            dji_command.c:980  received unsupport request cmd that need ack, <0x9ec0> cmdset: 0x22 cmdid: 0xAD
12-28 16:18:41.344	          linker	[Debug]	        dji_protocol_v1.c:309  <0x2038>V1-Recv: 0x0A06->0x0503 0x0866
12-28 16:18:41.345	          linker	[Debug]	            dji_command.c:1128  <0x2038>Receive msg from linker, 0x0A06(0x00CA)->0x0503(0x0065) 0x0866 len:102
12-28 16:18:41.345	          linker	[Debug]	            dji_command.c:980  received unsupport request cmd that noneed ack, <0x2038> cmdset: 0x08 cmdid: 0x66
12-28 16:18:41.375	          linker	[Debug]	        dji_protocol_v3.c:387  <0x9ed0>V3-Recv: 00:003F:001E:0x1204 -> 03:003F:001E:0x0503 0x4900, tLen 23 dLen 2
12-28 16:18:41.375	          linker	[Debug]	        dji_protocol_v3.c:506  0:0x1204 convert to 0092(0x1204)
12-28 16:18:41.375	          linker	[Debug]	        dji_protocol_v3.c:506  3:0x0503 convert to 0065(0x0503)
12-28 16:18:41.376	          linker	[Debug]	            dji_command.c:1128  <0x9ed0>Receive msg from linker, 0x1204(0x0092)->0x0503(0x0065) 0x4900 len:2
12-28 16:18:41.376	          linker	[Debug]	        dji_protocol_v3.c:266  <0x9ed0>V3-Send: 03:003F:001E:0x0503 -> 00:003F:001E:0x1204 0x4900, tLen 23 dLen 2
12-28 16:18:41.378	           utils	[Debug]	          dji_root_task.c:131  work execution time:
12-28 16:18:41.378	           utils	[Debug]	          dji_root_task.c:132  name	                execution time (ms)	  max execution time (ms)
12-28 16:18:41.378	           utils	[Debug]	          dji_root_task.c:134  recorderWork                    	1       	1       
12-28 16:18:41.378	           utils	[Debug]	          dji_root_task.c:134  flowControllerTask              	0       	0       
12-28 16:18:41.378	           utils	[Debug]	          dji_root_task.c:134  commandTask                     	1       	1       
12-28 16:18:41.378	           utils	[Debug]	          dji_root_task.c:134  aircraftWorkNode                	1       	1       
12-28 16:18:41.378	           utils	[Debug]	          dji_root_task.c:134  dataBuriedPointTask             	0       	0       
12-28 16:18:41.378	           utils	[Debug]	          dji_root_task.c:134  StatePushWork                   	1       	1       
12-28 16:18:41.378	           utils	[Debug]	          dji_root_task.c:134  WidgetWork                      	1       	1       
12-28 16:18:41.378	           utils	[Debug]	          dji_root_task.c:134  hmsTask                         	0       	0       
12-28 16:18:41.386	          linker	[Debug]	        dji_protocol_v3.c:266  <0x5d55>V3-Send: 03:003F:001E:0x0503 -> 00:003F:001E:0x0200 0x3C1F, tLen 58 dLen 37
12-28 16:18:41.386	          linker	[Debug]	        dji_protocol_v3.c:387  <0xfa7>V3-Recv: 00:003F:001E:0x0300 -> 03:003F:001E:0x0503 0x3C57, tLen 37 dLen 16
12-28 16:18:41.386	          linker	[Debug]	        dji_protocol_v3.c:506  0:0x0300 convert to 0003(0x0300)
12-28 16:18:41.386	          linker	[Debug]	        dji_protocol_v3.c:506  3:0x0503 convert to 0065(0x0503)
12-28 16:18:41.387	          linker	[Debug]	            dji_command.c:1128  <0xfa7>Receive msg from linker, 0x0300(0x0003)->0x0503(0x0065) 0x3C57 len:16
12-28 16:18:41.387	          linker	[Debug]	            dji_command.c:980  received unsupport request cmd that noneed ack, <0xfa7> cmdset: 0x3C cmdid: 0x57
12-28 16:18:41.403	          linker	[Debug]	        dji_protocol_v3.c:387  <0x9ed4>V3-Recv: 00:003F:001E:0x1204 -> 03:003F:001E:0x0503 0x22AD, tLen 68 dLen 47
12-28 16:18:41.403	          linker	[Debug]	        dji_protocol_v3.c:506  0:0x1204 convert to 0092(0x1204)
12-28 16:18:41.403	          linker	[Debug]	        dji_protocol_v3.c:506  3:0x0503 convert to 0065(0x0503)
12-28 16:18:41.404	          linker	[Debug]	            dji_command.c:1128  <0x9ed4>Receive msg from linker, 0x1204(0x0092)->0x0503(0x0065) 0x22AD len:47
12-28 16:18:41.405	          linker	[Debug]	            dji_command.c:980  received unsupport request cmd that need ack, <0x9ed4> cmdset: 0x22 cmdid: 0xAD
12-28 16:18:41.413	          linker	[Debug]	        dji_protocol_v1.c:189  <0x5d56>V1-Send: 0x0503->0x1007 0x198B
12-28 16:18:41.413	          linker	[Debug]	        dji_protocol_v3.c:266  <0x5d57>V3-Send: 03:003F:001E:0x0503 -> 00:003F:001E:0x0200 0x3C10, tLen 85 dLen 64
12-28 16:18:41.413	          linker	[Debug]	        dji_protocol_v3.c:266  <0x5d58>V3-Send: 03:003F:001E:0x0503 -> 00:003F:001E:0x0300 0x3C10, tLen 85 dLen 64
12-28 16:18:41.413	          linker	[Debug]	        dji_protocol_v3.c:266  <0x5d59>V3-Send: 03:003F:001E:0x0503 -> 00:003F:001E:0x1104 0x3C10, tLen 85 dLen 64
12-28 16:18:41.414	          linker	[Debug]	        dji_protocol_v3.c:266  <0x5d5a>V3-Send: 03:003F:001E:0x0503 -> 00:003F:001E:0x0701 0x3C10, tLen 85 dLen 64
12-28 16:18:41.414	          linker	[Debug]	        dji_protocol_v3.c:266  <0x5d5b>V3-Send: 03:003F:001E:0x0503 -> 00:003F:001E:0x1100 0x3C10, tLen 85 dLen 64
12-28 16:18:41.475	          linker	[Debug]	        dji_protocol_v3.c:387  <0x9ee0>V3-Recv: 00:003F:001E:0x1204 -> 03:003F:001E:0x0503 0x4900, tLen 23 dLen 2
12-28 16:18:41.475	          linker	[Debug]	        dji_protocol_v3.c:506  0:0x1204 convert to 0092(0x1204)
12-28 16:18:41.475	          linker	[Debug]	        dji_protocol_v3.c:506  3:0x0503 convert to 0065(0x0503)
12-28 16:18:41.475	          linker	[Debug]	            dji_command.c:1128  <0x9ee0>Receive msg from linker, 0x1204(0x0092)->0x0503(0x0065) 0x4900 len:2
12-28 16:18:41.475	          linker	[Debug]	        dji_protocol_v3.c:266  <0x9ee0>V3-Send: 03:003F:001E:0x0503 -> 00:003F:001E:0x1204 0x4900, tLen 23 dLen 2
12-28 16:18:41.482	          linker	[Debug]	        dji_protocol_v3.c:266  <0x5d5c>V3-Send: 03:003F:001E:0x0503 -> 00:003F:001E:0x0200 0x3C1B, tLen 77 dLen 56
12-28 16:18:41.495	          linker	[Debug]	        dji_protocol_v3.c:387  <0x9ee4>V3-Recv: 00:003F:001E:0x1204 -> 03:003F:001E:0x0503 0x22AD, tLen 68 dLen 47
12-28 16:18:41.495	          linker	[Debug]	        dji_protocol_v3.c:506  0:0x1204 convert to 0092(0x1204)
12-28 16:18:41.495	          linker	[Debug]	        dji_protocol_v3.c:506  3:0x0503 convert to 0065(0x0503)
12-28 16:18:41.496	          linker	[Debug]	            dji_command.c:1128  <0x9ee4>Receive msg from linker, 0x1204(0x0092)->0x0503(0x0065) 0x22AD len:47
12-28 16:18:41.496	          linker	[Debug]	            dji_command.c:980  received unsupport request cmd that need ack, <0x9ee4> cmdset: 0x22 cmdid: 0xAD
12-28 16:18:41.575	          linker	[Debug]	        dji_protocol_v3.c:387  <0x9ef0>V3-Recv: 00:003F:001E:0x1204 -> 03:003F:001E:0x0503 0x4900, tLen 23 dLen 2
12-28 16:18:41.575	          linker	[Debug]	        dji_protocol_v3.c:506  0:0x1204 convert to 0092(0x1204)
12-28 16:18:41.575	          linker	[Debug]	        dji_protocol_v3.c:506  3:0x0503 convert to 0065(0x0503)
12-28 16:18:41.575	          linker	[Debug]	            dji_command.c:1128  <0x9ef0>Receive msg from linker, 0x1204(0x0092)->0x0503(0x0065) 0x4900 len:2
12-28 16:18:41.575	          linker	[Debug]	        dji_protocol_v3.c:266  <0x9ef0>V3-Send: 03:003F:001E:0x0503 -> 00:003F:001E:0x1204 0x4900, tLen 23 dLen 2
12-28 16:18:41.586	          linker	[Debug]	        dji_protocol_v3.c:387  <0x1102>V3-Recv: 00:003F:001E:0x0300 -> 03:003F:001E:0x0503 0x3C57, tLen 37 dLen 16
12-28 16:18:41.586	          linker	[Debug]	        dji_protocol_v3.c:506  0:0x0300 convert to 0003(0x0300)
12-28 16:18:41.586	          linker	[Debug]	        dji_protocol_v3.c:506  3:0x0503 convert to 0065(0x0503)
12-28 16:18:41.586	          linker	[Debug]	        dji_protocol_v3.c:266  <0x5d5d>V3-Send: 03:003F:001E:0x0503 -> 00:003F:001E:0x0200 0x3C1F, tLen 58 dLen 37
12-28 16:18:41.587	          linker	[Debug]	            dji_command.c:1128  <0x1102>Receive msg from linker, 0x0300(0x0003)->0x0503(0x0065) 0x3C57 len:16
12-28 16:18:41.587	          linker	[Debug]	            dji_command.c:980  received unsupport request cmd that noneed ack, <0x1102> cmdset: 0x3C cmdid: 0x57
12-28 16:18:41.604	          linker	[Debug]	        dji_protocol_v3.c:387  <0x9ef4>V3-Recv: 00:003F:001E:0x1204 -> 03:003F:001E:0x0503 0x22AD, tLen 68 dLen 47
12-28 16:18:41.604	          linker	[Debug]	        dji_protocol_v3.c:506  0:0x1204 convert to 0092(0x1204)
12-28 16:18:41.604	          linker	[Debug]	        dji_protocol_v3.c:506  3:0x0503 convert to 0065(0x0503)
12-28 16:18:41.604	          linker	[Debug]	            dji_command.c:1128  <0x9ef4>Receive msg from linker, 0x1204(0x0092)->0x0503(0x0065) 0x22AD len:47
12-28 16:18:41.604	          linker	[Debug]	            dji_command.c:980  received unsupport request cmd that need ack, <0x9ef4> cmdset: 0x22 cmdid: 0xAD
12-28 16:18:41.629	          linker	[Debug]	        dji_protocol_v1.c:189  <0x5d5e>V1-Send: 0x0503->0x1007 0x198B
12-28 16:18:41.629	          linker	[Debug]	        dji_protocol_v3.c:266  <0x5d5f>V3-Send: 03:003F:001E:0x0503 -> 00:003F:001E:0x0200 0x3C10, tLen 85 dLen 64
12-28 16:18:41.629	          linker	[Debug]	        dji_protocol_v3.c:266  <0x5d60>V3-Send: 03:003F:001E:0x0503 -> 00:003F:001E:0x0300 0x3C10, tLen 85 dLen 64
12-28 16:18:41.629	          linker	[Debug]	        dji_protocol_v3.c:266  <0x5d61>V3-Send: 03:003F:001E:0x0503 -> 00:003F:001E:0x1104 0x3C10, tLen 85 dLen 64
12-28 16:18:41.630	          linker	[Debug]	        dji_protocol_v3.c:266  <0x5d62>V3-Send: 03:003F:001E:0x0503 -> 00:003F:001E:0x0701 0x3C10, tLen 85 dLen 64
12-28 16:18:41.630	          linker	[Debug]	        dji_protocol_v3.c:266  <0x5d63>V3-Send: 03:003F:001E:0x0503 -> 00:003F:001E:0x1100 0x3C10, tLen 85 dLen 64
12-28 16:18:41.675	          linker	[Debug]	        dji_protocol_v3.c:387  <0x9f00>V3-Recv: 00:003F:001E:0x1204 -> 03:003F:001E:0x0503 0x4900, tLen 23 dLen 2
12-28 16:18:41.675	          linker	[Debug]	        dji_protocol_v3.c:506  0:0x1204 convert to 0092(0x1204)
12-28 16:18:41.675	          linker	[Debug]	        dji_protocol_v3.c:506  3:0x0503 convert to 0065(0x0503)
12-28 16:18:41.676	          linker	[Debug]	            dji_command.c:1128  <0x9f00>Receive msg from linker, 0x1204(0x0092)->0x0503(0x0065) 0x4900 len:2
12-28 16:18:41.676	          linker	[Debug]	        dji_protocol_v3.c:266  <0x9f00>V3-Send: 03:003F:001E:0x0503 -> 00:003F:001E:0x1204 0x4900, tLen 23 dLen 2
12-28 16:18:41.695	          linker	[Debug]	        dji_protocol_v3.c:387  <0x9f04>V3-Recv: 00:003F:001E:0x1204 -> 03:003F:001E:0x0503 0x22AD, tLen 68 dLen 47
12-28 16:18:41.695	          linker	[Debug]	        dji_protocol_v3.c:506  0:0x1204 convert to 0092(0x1204)
12-28 16:18:41.695	          linker	[Debug]	        dji_protocol_v3.c:506  3:0x0503 convert to 0065(0x0503)
12-28 16:18:41.695	          linker	[Debug]	            dji_command.c:1128  <0x9f04>Receive msg from linker, 0x1204(0x0092)->0x0503(0x0065) 0x22AD len:47
12-28 16:18:41.695	          linker	[Debug]	            dji_command.c:980  received unsupport request cmd that need ack, <0x9f04> cmdset: 0x22 cmdid: 0xAD
12-28 16:18:41.697	          linker	[Debug]	        dji_protocol_v3.c:266  <0x5d64>V3-Send: 03:003F:001E:0x0503 -> 00:003F:001E:0x0200 0x3C1B, tLen 77 dLen 56
12-28 16:18:41.729	          linker	[Debug]	        dji_protocol_v3.c:387  <0x9b0f>V3-Recv: 00:0001:0000:0x0202 -> 03:0000:0001:0x0503 0x3C1C, tLen 28 dLen 7
12-28 16:18:41.729	          linker	[Debug]	        dji_protocol_v3.c:506  0:0x0202 convert to 0042(0x0202)
12-28 16:18:41.729	          linker	[Debug]	        dji_protocol_v3.c:506  3:0x0503 convert to 0065(0x0503)
12-28 16:18:41.729	          linker	[Debug]	            dji_command.c:1128  <0x9b0f>Receive msg from linker, 0x0202(0x0042)->0x0503(0x0065) 0x3C1C len:7
12-28 16:18:41.740	          linker	[Debug]	        dji_protocol_v3.c:387  <0x9b10>V3-Recv: 00:0001:0000:0x0202 -> 03:0000:0001:0x0503 0x3C25, tLen 23 dLen 2
12-28 16:18:41.741	          linker	[Debug]	        dji_protocol_v3.c:506  0:0x0202 convert to 0042(0x0202)
12-28 16:18:41.741	          linker	[Debug]	        dji_protocol_v3.c:506  3:0x0503 convert to 0065(0x0503)
12-28 16:18:41.741	          linker	[Debug]	            dji_command.c:1128  <0x9b10>Receive msg from linker, 0x0202(0x0042)->0x0503(0x0065) 0x3C25 len:2
12-28 16:18:41.741	          linker	[Debug]	            dji_command.c:980  received unsupport request cmd that need ack, <0x9b10> cmdset: 0x3C cmdid: 0x25
12-28 16:18:41.775	          linker	[Debug]	        dji_protocol_v3.c:387  <0x9f10>V3-Recv: 00:003F:001E:0x1204 -> 03:003F:001E:0x0503 0x4900, tLen 23 dLen 2
12-28 16:18:41.775	          linker	[Debug]	        dji_protocol_v3.c:506  0:0x1204 convert to 0092(0x1204)
12-28 16:18:41.775	          linker	[Debug]	        dji_protocol_v3.c:506  3:0x0503 convert to 0065(0x0503)
12-28 16:18:41.776	          linker	[Debug]	            dji_command.c:1128  <0x9f10>Receive msg from linker, 0x1204(0x0092)->0x0503(0x0065) 0x4900 len:2
12-28 16:18:41.776	          linker	[Debug]	        dji_protocol_v3.c:266  <0x9f10>V3-Send: 03:003F:001E:0x0503 -> 00:003F:001E:0x1204 0x4900, tLen 23 dLen 2
12-28 16:18:41.786	          linker	[Debug]	        dji_protocol_v3.c:387  <0x1263>V3-Recv: 00:003F:001E:0x0300 -> 03:003F:001E:0x0503 0x3C57, tLen 37 dLen 16
12-28 16:18:41.786	          linker	[Debug]	        dji_protocol_v3.c:506  0:0x0300 convert to 0003(0x0300)
12-28 16:18:41.786	          linker	[Debug]	        dji_protocol_v3.c:506  3:0x0503 convert to 0065(0x0503)
12-28 16:18:41.786	          linker	[Debug]	        dji_protocol_v3.c:266  <0x5d65>V3-Send: 03:003F:001E:0x0503 -> 00:003F:001E:0x0200 0x3C1F, tLen 58 dLen 37
12-28 16:18:41.786	          linker	[Debug]	            dji_command.c:1128  <0x1263>Receive msg from linker, 0x0300(0x0003)->0x0503(0x0065) 0x3C57 len:16
12-28 16:18:41.787	          linker	[Debug]	            dji_command.c:980  received unsupport request cmd that noneed ack, <0x1263> cmdset: 0x3C cmdid: 0x57
12-28 16:18:41.803	          linker	[Debug]	        dji_protocol_v3.c:387  <0x9f14>V3-Recv: 00:003F:001E:0x1204 -> 03:003F:001E:0x0503 0x22AD, tLen 68 dLen 47
12-28 16:18:41.803	          linker	[Debug]	        dji_protocol_v3.c:506  0:0x1204 convert to 0092(0x1204)
12-28 16:18:41.803	          linker	[Debug]	        dji_protocol_v3.c:506  3:0x0503 convert to 0065(0x0503)
12-28 16:18:41.804	          linker	[Debug]	            dji_command.c:1128  <0x9f14>Receive msg from linker, 0x1204(0x0092)->0x0503(0x0065) 0x22AD len:47
12-28 16:18:41.804	          linker	[Debug]	            dji_command.c:980  received unsupport request cmd that need ack, <0x9f14> cmdset: 0x22 cmdid: 0xAD
12-28 16:18:41.844	          linker	[Debug]	        dji_protocol_v1.c:309  <0x2038>V1-Recv: 0x0A06->0x0503 0x0866
12-28 16:18:41.844	          linker	[Debug]	            dji_command.c:1128  <0x2038>Receive msg from linker, 0x0A06(0x00CA)->0x0503(0x0065) 0x0866 len:102
12-28 16:18:41.844	          linker	[Debug]	            dji_command.c:980  received unsupport request cmd that noneed ack, <0x2038> cmdset: 0x08 cmdid: 0x66
12-28 16:18:41.845	          linker	[Debug]	        dji_protocol_v1.c:189  <0x5d66>V1-Send: 0x0503->0x1007 0x198B
12-28 16:18:41.846	          linker	[Debug]	        dji_protocol_v3.c:266  <0x5d67>V3-Send: 03:003F:001E:0x0503 -> 00:003F:001E:0x0200 0x3C10, tLen 85 dLen 64
12-28 16:18:41.846	          linker	[Debug]	        dji_protocol_v3.c:266  <0x5d68>V3-Send: 03:003F:001E:0x0503 -> 00:003F:001E:0x0300 0x3C10, tLen 85 dLen 64
12-28 16:18:41.846	          linker	[Debug]	        dji_protocol_v3.c:266  <0x5d69>V3-Send: 03:003F:001E:0x0503 -> 00:003F:001E:0x1104 0x3C10, tLen 85 dLen 64
12-28 16:18:41.846	          linker	[Debug]	        dji_protocol_v3.c:266  <0x5d6a>V3-Send: 03:003F:001E:0x0503 -> 00:003F:001E:0x0701 0x3C10, tLen 85 dLen 64
12-28 16:18:41.846	          linker	[Debug]	        dji_protocol_v3.c:266  <0x5d6b>V3-Send: 03:003F:001E:0x0503 -> 00:003F:001E:0x1100 0x3C10, tLen 85 dLen 64
12-28 16:18:41.875	          linker	[Debug]	        dji_protocol_v3.c:387  <0x9f20>V3-Recv: 00:003F:001E:0x1204 -> 03:003F:001E:0x0503 0x4900, tLen 23 dLen 2
12-28 16:18:41.875	          linker	[Debug]	        dji_protocol_v3.c:506  0:0x1204 convert to 0092(0x1204)
12-28 16:18:41.875	          linker	[Debug]	        dji_protocol_v3.c:506  3:0x0503 convert to 0065(0x0503)
12-28 16:18:41.875	          linker	[Debug]	            dji_command.c:1128  <0x9f20>Receive msg from linker, 0x1204(0x0092)->0x0503(0x0065) 0x4900 len:2
12-28 16:18:41.875	          linker	[Debug]	        dji_protocol_v3.c:266  <0x9f20>V3-Send: 03:003F:001E:0x0503 -> 00:003F:001E:0x1204 0x4900, tLen 23 dLen 2
12-28 16:18:41.895	          linker	[Debug]	        dji_protocol_v3.c:387  <0x9f24>V3-Recv: 00:003F:001E:0x1204 -> 03:003F:001E:0x0503 0x22AD, tLen 68 dLen 47
12-28 16:18:41.895	          linker	[Debug]	        dji_protocol_v3.c:506  0:0x1204 convert to 0092(0x1204)
12-28 16:18:41.895	          linker	[Debug]	        dji_protocol_v3.c:506  3:0x0503 convert to 0065(0x0503)
12-28 16:18:41.896	          linker	[Debug]	            dji_command.c:1128  <0x9f24>Receive msg from linker, 0x1204(0x0092)->0x0503(0x0065) 0x22AD len:47
12-28 16:18:41.896	          linker	[Debug]	            dji_command.c:980  received unsupport request cmd that need ack, <0x9f24> cmdset: 0x22 cmdid: 0xAD
12-28 16:18:41.914	          linker	[Debug]	        dji_protocol_v3.c:266  <0x5d6c>V3-Send: 03:003F:001E:0x0503 -> 00:003F:001E:0x0200 0x3C1B, tLen 77 dLen 56
12-28 16:18:41.922	          linker	[Debug]	        dji_protocol_v3.c:266  <0x5d6d>V3-Send: 03:003F:001E:0x0503 -> 00:003F:001E:0x0801 0x0000, tLen 21 dLen 0
12-28 16:18:41.922	           infor	[Debug]	dji_aircraft_connection.c:170  check connect status:1
12-28 16:18:41.922	          linker	[Debug]	        dji_protocol_v3.c:387  <0x5d6d>V3-Recv: 00:003F:001E:0x0801 -> 03:003F:001E:0x0503 0x0000, tLen 22 dLen 1
12-28 16:18:41.922	          linker	[Debug]	        dji_protocol_v3.c:506  0:0x0801 convert to 0028(0x0801)
12-28 16:18:41.922	          linker	[Debug]	        dji_protocol_v3.c:506  3:0x0503 convert to 0065(0x0503)
12-28 16:18:41.923	          linker	[Debug]	            dji_command.c:1128  <0x5d6d>Receive msg from linker, 0x0801(0x0028)->0x0503(0x0065) 0x0000 len:1
12-28 16:18:41.923	           infor	[Debug]	dji_aircraft_connection.c:303  connect status async sucess
12-28 16:18:41.923	          linker	[Debug]	            dji_command.c:890  callback function (cmdset: 0x00 cmdid: 0x00) deal time: 0 ms
12-28 16:18:41.975	          linker	[Debug]	        dji_protocol_v3.c:387  <0x9f31>V3-Recv: 00:003F:001E:0x1204 -> 03:003F:001E:0x0503 0x4900, tLen 23 dLen 2
12-28 16:18:41.975	          linker	[Debug]	        dji_protocol_v3.c:506  0:0x1204 convert to 0092(0x1204)
12-28 16:18:41.975	          linker	[Debug]	        dji_protocol_v3.c:506  3:0x0503 convert to 0065(0x0503)
12-28 16:18:41.975	          linker	[Debug]	            dji_command.c:1128  <0x9f31>Receive msg from linker, 0x1204(0x0092)->0x0503(0x0065) 0x4900 len:2
12-28 16:18:41.975	          linker	[Debug]	        dji_protocol_v3.c:266  <0x9f31>V3-Send: 03:003F:001E:0x0503 -> 00:003F:001E:0x1204 0x4900, tLen 23 dLen 2
12-28 16:18:41.986	          linker	[Debug]	        dji_protocol_v3.c:387  <0x13c2>V3-Recv: 00:003F:001E:0x0300 -> 03:003F:001E:0x0503 0x3C57, tLen 37 dLen 16
12-28 16:18:41.986	          linker	[Debug]	        dji_protocol_v3.c:506  0:0x0300 convert to 0003(0x0300)
12-28 16:18:41.986	          linker	[Debug]	        dji_protocol_v3.c:506  3:0x0503 convert to 0065(0x0503)
12-28 16:18:41.986	          linker	[Debug]	            dji_command.c:1128  <0x13c2>Receive msg from linker, 0x0300(0x0003)->0x0503(0x0065) 0x3C57 len:16
12-28 16:18:41.986	          linker	[Debug]	            dji_command.c:980  received unsupport request cmd that noneed ack, <0x13c2> cmdset: 0x3C cmdid: 0x57
12-28 16:18:41.987	          linker	[Debug]	        dji_protocol_v3.c:266  <0x5d6e>V3-Send: 03:003F:001E:0x0503 -> 00:003F:001E:0x0200 0x3C1F, tLen 58 dLen 37
12-28 16:18:42.004	          linker	[Debug]	        dji_protocol_v3.c:387  <0x9f35>V3-Recv: 00:003F:001E:0x1204 -> 03:003F:001E:0x0503 0x22AD, tLen 68 dLen 47
12-28 16:18:42.004	          linker	[Debug]	        dji_protocol_v3.c:506  0:0x1204 convert to 0092(0x1204)
12-28 16:18:42.004	          linker	[Debug]	        dji_protocol_v3.c:506  3:0x0503 convert to 0065(0x0503)
12-28 16:18:42.005	          linker	[Debug]	            dji_command.c:1128  <0x9f35>Receive msg from linker, 0x1204(0x0092)->0x0503(0x0065) 0x22AD len:47
12-28 16:18:42.005	          linker	[Debug]	            dji_command.c:980  received unsupport request cmd that need ack, <0x9f35> cmdset: 0x22 cmdid: 0xAD
12-28 16:18:42.062	          linker	[Debug]	        dji_protocol_v1.c:189  <0x5d6f>V1-Send: 0x0503->0x1007 0x198B
12-28 16:18:42.062	          linker	[Debug]	        dji_protocol_v3.c:266  <0x5d70>V3-Send: 03:003F:001E:0x0503 -> 00:003F:001E:0x0200 0x3C10, tLen 85 dLen 64
12-28 16:18:42.062	          linker	[Debug]	        dji_protocol_v3.c:266  <0x5d71>V3-Send: 03:003F:001E:0x0503 -> 00:003F:001E:0x0300 0x3C10, tLen 85 dLen 64
12-28 16:18:42.062	          linker	[Debug]	        dji_protocol_v3.c:266  <0x5d72>V3-Send: 03:003F:001E:0x0503 -> 00:003F:001E:0x1104 0x3C10, tLen 85 dLen 64
12-28 16:18:42.062	          linker	[Debug]	        dji_protocol_v3.c:266  <0x5d73>V3-Send: 03:003F:001E:0x0503 -> 00:003F:001E:0x0701 0x3C10, tLen 85 dLen 64
12-28 16:18:42.063	          linker	[Debug]	        dji_protocol_v3.c:266  <0x5d74>V3-Send: 03:003F:001E:0x0503 -> 00:003F:001E:0x1100 0x3C10, tLen 85 dLen 64
12-28 16:18:42.075	          linker	[Debug]	        dji_protocol_v3.c:387  <0x9f41>V3-Recv: 00:003F:001E:0x1204 -> 03:003F:001E:0x0503 0x4900, tLen 23 dLen 2
12-28 16:18:42.075	          linker	[Debug]	        dji_protocol_v3.c:506  0:0x1204 convert to 0092(0x1204)
12-28 16:18:42.075	          linker	[Debug]	        dji_protocol_v3.c:506  3:0x0503 convert to 0065(0x0503)
12-28 16:18:42.075	          linker	[Debug]	            dji_command.c:1128  <0x9f41>Receive msg from linker, 0x1204(0x0092)->0x0503(0x0065) 0x4900 len:2
12-28 16:18:42.076	          linker	[Debug]	        dji_protocol_v3.c:266  <0x9f41>V3-Send: 03:003F:001E:0x0503 -> 00:003F:001E:0x1204 0x4900, tLen 23 dLen 2
12-28 16:18:42.089	          linker	[Debug]	        dji_protocol_v3.c:387  <0x99f2>V3-Recv: 00:0001:0000:0x0202 -> 03:0000:0001:0x0503 0x3C20, tLen 22 dLen 1
12-28 16:18:42.089	          linker	[Debug]	        dji_protocol_v3.c:506  0:0x0202 convert to 0042(0x0202)
12-28 16:18:42.089	          linker	[Debug]	        dji_protocol_v3.c:506  3:0x0503 convert to 0065(0x0503)
12-28 16:18:42.090	          linker	[Debug]	            dji_command.c:1128  <0x99f2>Receive msg from linker, 0x0202(0x0042)->0x0503(0x0065) 0x3C20 len:1
12-28 16:18:42.090	          linker	[Debug]	            dji_command.c:980  received unsupport request cmd that need ack, <0x99f2> cmdset: 0x3C cmdid: 0x20
12-28 16:18:42.101	          linker	[Debug]	        dji_protocol_v3.c:387  <0x9f45>V3-Recv: 00:003F:001E:0x1204 -> 03:003F:001E:0x0503 0x22AD, tLen 68 dLen 47
12-28 16:18:42.101	          linker	[Debug]	        dji_protocol_v3.c:506  0:0x1204 convert to 0092(0x1204)
12-28 16:18:42.101	          linker	[Debug]	        dji_protocol_v3.c:506  3:0x0503 convert to 0065(0x0503)
12-28 16:18:42.101	          linker	[Debug]	            dji_command.c:1128  <0x9f45>Receive msg from linker, 0x1204(0x0092)->0x0503(0x0065) 0x22AD len:47
12-28 16:18:42.101	          linker	[Debug]	            dji_command.c:980  received unsupport request cmd that need ack, <0x9f45> cmdset: 0x22 cmdid: 0xAD
12-28 16:18:42.130	          linker	[Debug]	        dji_protocol_v3.c:266  <0x5d75>V3-Send: 03:003F:001E:0x0503 -> 00:003F:001E:0x0200 0x3C1B, tLen 77 dLen 56
12-28 16:18:42.175	          linker	[Debug]	        dji_protocol_v3.c:387  <0x9f51>V3-Recv: 00:003F:001E:0x1204 -> 03:003F:001E:0x0503 0x4900, tLen 23 dLen 2
12-28 16:18:42.175	          linker	[Debug]	        dji_protocol_v3.c:506  0:0x1204 convert to 0092(0x1204)
12-28 16:18:42.175	          linker	[Debug]	        dji_protocol_v3.c:506  3:0x0503 convert to 0065(0x0503)
12-28 16:18:42.175	          linker	[Debug]	            dji_command.c:1128  <0x9f51>Receive msg from linker, 0x1204(0x0092)->0x0503(0x0065) 0x4900 len:2
12-28 16:18:42.176	          linker	[Debug]	        dji_protocol_v3.c:266  <0x9f51>V3-Send: 03:003F:001E:0x0503 -> 00:003F:001E:0x1204 0x4900, tLen 23 dLen 2
12-28 16:18:42.186	          linker	[Debug]	        dji_protocol_v3.c:387  <0x1548>V3-Recv: 00:003F:001E:0x0300 -> 03:003F:001E:0x0503 0x3C57, tLen 37 dLen 16
12-28 16:18:42.187	          linker	[Debug]	        dji_protocol_v3.c:506  0:0x0300 convert to 0003(0x0300)
12-28 16:18:42.187	          linker	[Debug]	        dji_protocol_v3.c:506  3:0x0503 convert to 0065(0x0503)
12-28 16:18:42.187	          linker	[Debug]	        dji_protocol_v3.c:266  <0x5d76>V3-Send: 03:003F:001E:0x0503 -> 00:003F:001E:0x0200 0x3C1F, tLen 58 dLen 37
12-28 16:18:42.188	          linker	[Debug]	            dji_command.c:1128  <0x1548>Receive msg from linker, 0x0300(0x0003)->0x0503(0x0065) 0x3C57 len:16
12-28 16:18:42.188	          linker	[Debug]	            dji_command.c:980  received unsupport request cmd that noneed ack, <0x1548> cmdset: 0x3C cmdid: 0x57
12-28 16:18:42.204	          linker	[Debug]	        dji_protocol_v3.c:387  <0x9f55>V3-Recv: 00:003F:001E:0x1204 -> 03:003F:001E:0x0503 0x22AD, tLen 68 dLen 47
12-28 16:18:42.204	          linker	[Debug]	        dji_protocol_v3.c:506  0:0x1204 convert to 0092(0x1204)
12-28 16:18:42.204	          linker	[Debug]	        dji_protocol_v3.c:506  3:0x0503 convert to 0065(0x0503)
12-28 16:18:42.204	          linker	[Debug]	            dji_command.c:1128  <0x9f55>Receive msg from linker, 0x1204(0x0092)->0x0503(0x0065) 0x22AD len:47
12-28 16:18:42.204	          linker	[Debug]	            dji_command.c:980  received unsupport request cmd that need ack, <0x9f55> cmdset: 0x22 cmdid: 0xAD
12-28 16:18:42.275	          linker	[Debug]	        dji_protocol_v3.c:387  <0x9f61>V3-Recv: 00:003F:001E:0x1204 -> 03:003F:001E:0x0503 0x4900, tLen 23 dLen 2
12-28 16:18:42.275	          linker	[Debug]	        dji_protocol_v3.c:506  0:0x1204 convert to 0092(0x1204)
12-28 16:18:42.275	          linker	[Debug]	        dji_protocol_v3.c:506  3:0x0503 convert to 0065(0x0503)
12-28 16:18:42.275	          linker	[Debug]	            dji_command.c:1128  <0x9f61>Receive msg from linker, 0x1204(0x0092)->0x0503(0x0065) 0x4900 len:2
12-28 16:18:42.275	          linker	[Debug]	        dji_protocol_v3.c:266  <0x9f61>V3-Send: 03:003F:001E:0x0503 -> 00:003F:001E:0x1204 0x4900, tLen 23 dLen 2
12-28 16:18:42.281	          linker	[Debug]	        dji_protocol_v1.c:189  <0x5d77>V1-Send: 0x0503->0x1007 0x198B
12-28 16:18:42.281	          linker	[Debug]	        dji_protocol_v3.c:266  <0x5d78>V3-Send: 03:003F:001E:0x0503 -> 00:003F:001E:0x0200 0x3C10, tLen 85 dLen 64
12-28 16:18:42.281	          linker	[Debug]	        dji_protocol_v3.c:266  <0x5d79>V3-Send: 03:003F:001E:0x0503 -> 00:003F:001E:0x0300 0x3C10, tLen 85 dLen 64
12-28 16:18:42.281	          linker	[Debug]	        dji_protocol_v3.c:266  <0x5d7a>V3-Send: 03:003F:001E:0x0503 -> 00:003F:001E:0x1104 0x3C10, tLen 85 dLen 64
12-28 16:18:42.281	          linker	[Debug]	        dji_protocol_v3.c:266  <0x5d7b>V3-Send: 03:003F:001E:0x0503 -> 00:003F:001E:0x0701 0x3C10, tLen 85 dLen 64
12-28 16:18:42.282	          linker	[Debug]	        dji_protocol_v3.c:266  <0x5d7c>V3-Send: 03:003F:001E:0x0503 -> 00:003F:001E:0x1100 0x3C10, tLen 85 dLen 64
12-28 16:18:42.295	          linker	[Debug]	        dji_protocol_v3.c:387  <0x9f65>V3-Recv: 00:003F:001E:0x1204 -> 03:003F:001E:0x0503 0x22AD, tLen 68 dLen 47
12-28 16:18:42.295	          linker	[Debug]	        dji_protocol_v3.c:506  0:0x1204 convert to 0092(0x1204)
12-28 16:18:42.295	          linker	[Debug]	        dji_protocol_v3.c:506  3:0x0503 convert to 0065(0x0503)
12-28 16:18:42.296	          linker	[Debug]	            dji_command.c:1128  <0x9f65>Receive msg from linker, 0x1204(0x0092)->0x0503(0x0065) 0x22AD len:47
12-28 16:18:42.296	          linker	[Debug]	            dji_command.c:980  received unsupport request cmd that need ack, <0x9f65> cmdset: 0x22 cmdid: 0xAD
12-28 16:18:42.345	          linker	[Debug]	        dji_protocol_v1.c:309  <0x2038>V1-Recv: 0x0A06->0x0503 0x0866
12-28 16:18:42.346	          linker	[Debug]	            dji_command.c:1128  <0x2038>Receive msg from linker, 0x0A06(0x00CA)->0x0503(0x0065) 0x0866 len:102
12-28 16:18:42.346	          linker	[Debug]	            dji_command.c:980  received unsupport request cmd that noneed ack, <0x2038> cmdset: 0x08 cmdid: 0x66
12-28 16:18:42.349	          linker	[Debug]	        dji_protocol_v3.c:266  <0x5d7d>V3-Send: 03:003F:001E:0x0503 -> 00:003F:001E:0x0200 0x3C1B, tLen 77 dLen 56
12-28 16:18:42.375	          linker	[Debug]	        dji_protocol_v3.c:387  <0x9f71>V3-Recv: 00:003F:001E:0x1204 -> 03:003F:001E:0x0503 0x0000, tLen 22 dLen 1
12-28 16:18:42.375	          linker	[Debug]	        dji_protocol_v3.c:506  0:0x1204 convert to 0092(0x1204)
12-28 16:18:42.375	          linker	[Debug]	        dji_protocol_v3.c:506  3:0x0503 convert to 0065(0x0503)
12-28 16:18:42.375	          linker	[Debug]	            dji_command.c:1128  <0x9f71>Receive msg from linker, 0x1204(0x0092)->0x0503(0x0065) 0x0000 len:1
12-28 16:18:42.375	          linker	[Debug]	        dji_protocol_v3.c:266  <0x9f71>V3-Send: 03:003F:001E:0x0503 -> 00:003F:001E:0x1204 0x0000, tLen 22 dLen 1
12-28 16:18:42.387	          linker	[Debug]	        dji_protocol_v3.c:387  <0x9f73>V3-Recv: 00:003F:001E:0x1204 -> 03:003F:001E:0x0503 0x4900, tLen 23 dLen 2
12-28 16:18:42.387	          linker	[Debug]	        dji_protocol_v3.c:506  0:0x1204 convert to 0092(0x1204)
12-28 16:18:42.387	          linker	[Debug]	        dji_protocol_v3.c:506  3:0x0503 convert to 0065(0x0503)
12-28 16:18:42.387	          linker	[Debug]	        dji_protocol_v3.c:387  <0x16c0>V3-Recv: 00:003F:001E:0x0300 -> 03:003F:001E:0x0503 0x3C57, tLen 37 dLen 16
12-28 16:18:42.387	          linker	[Debug]	        dji_protocol_v3.c:506  0:0x0300 convert to 0003(0x0300)
12-28 16:18:42.387	          linker	[Debug]	        dji_protocol_v3.c:506  3:0x0503 convert to 0065(0x0503)
12-28 16:18:42.387	          linker	[Debug]	        dji_protocol_v3.c:266  <0x5d7e>V3-Send: 03:003F:001E:0x0503 -> 00:003F:001E:0x0200 0x3C1F, tLen 58 dLen 37
12-28 16:18:42.387	          linker	[Debug]	            dji_command.c:1128  <0x9f73>Receive msg from linker, 0x1204(0x0092)->0x0503(0x0065) 0x4900 len:2
12-28 16:18:42.387	          linker	[Debug]	        dji_protocol_v3.c:266  <0x9f73>V3-Send: 03:003F:001E:0x0503 -> 00:003F:001E:0x1204 0x4900, tLen 23 dLen 2
12-28 16:18:42.388	          linker	[Debug]	            dji_command.c:1128  <0x16c0>Receive msg from linker, 0x0300(0x0003)->0x0503(0x0065) 0x3C57 len:16
12-28 16:18:42.388	          linker	[Debug]	            dji_command.c:980  received unsupport request cmd that noneed ack, <0x16c0> cmdset: 0x3C cmdid: 0x57
12-28 16:18:42.403	          linker	[Debug]	        dji_protocol_v3.c:387  <0x9f77>V3-Recv: 00:003F:001E:0x1204 -> 03:003F:001E:0x0503 0x22AD, tLen 68 dLen 47
12-28 16:18:42.403	          linker	[Debug]	        dji_protocol_v3.c:506  0:0x1204 convert to 0092(0x1204)
12-28 16:18:42.403	          linker	[Debug]	        dji_protocol_v3.c:506  3:0x0503 convert to 0065(0x0503)
12-28 16:18:42.404	          linker	[Debug]	            dji_command.c:1128  <0x9f77>Receive msg from linker, 0x1204(0x0092)->0x0503(0x0065) 0x22AD len:47
12-28 16:18:42.404	          linker	[Debug]	            dji_command.c:980  received unsupport request cmd that need ack, <0x9f77> cmdset: 0x22 cmdid: 0xAD
12-28 16:18:42.463	           utils	[Debug]	          dji_root_task.c:131  work execution time:
12-28 16:18:42.463	           utils	[Debug]	          dji_root_task.c:132  name	                execution time (ms)	  max execution time (ms)
12-28 16:18:42.463	           utils	[Debug]	          dji_root_task.c:134  recorderWork                    	0       	1       
12-28 16:18:42.463	           utils	[Debug]	          dji_root_task.c:134  flowControllerTask              	0       	0       
12-28 16:18:42.463	           utils	[Debug]	          dji_root_task.c:134  commandTask                     	1       	1       
12-28 16:18:42.463	           utils	[Debug]	          dji_root_task.c:134  aircraftWorkNode                	0       	1       
12-28 16:18:42.463	           utils	[Debug]	          dji_root_task.c:134  dataBuriedPointTask             	0       	0       
12-28 16:18:42.463	           utils	[Debug]	          dji_root_task.c:134  StatePushWork                   	1       	1       
12-28 16:18:42.463	           utils	[Debug]	          dji_root_task.c:134  WidgetWork                      	1       	1       
12-28 16:18:42.463	           utils	[Debug]	          dji_root_task.c:134  hmsTask                         	1       	1       
12-28 16:18:42.475	          linker	[Debug]	        dji_protocol_v3.c:387  <0x9f83>V3-Recv: 00:003F:001E:0x1204 -> 03:003F:001E:0x0503 0x4900, tLen 23 dLen 2
12-28 16:18:42.475	          linker	[Debug]	        dji_protocol_v3.c:506  0:0x1204 convert to 0092(0x1204)
12-28 16:18:42.475	          linker	[Debug]	        dji_protocol_v3.c:506  3:0x0503 convert to 0065(0x0503)
12-28 16:18:42.476	          linker	[Debug]	            dji_command.c:1128  <0x9f83>Receive msg from linker, 0x1204(0x0092)->0x0503(0x0065) 0x4900 len:2
12-28 16:18:42.476	          linker	[Debug]	        dji_protocol_v3.c:266  <0x9f83>V3-Send: 03:003F:001E:0x0503 -> 00:003F:001E:0x1204 0x4900, tLen 23 dLen 2
12-28 16:18:42.495	          linker	[Debug]	        dji_protocol_v3.c:387  <0x9f87>V3-Recv: 00:003F:001E:0x1204 -> 03:003F:001E:0x0503 0x22AD, tLen 68 dLen 47
12-28 16:18:42.495	          linker	[Debug]	        dji_protocol_v3.c:506  0:0x1204 convert to 0092(0x1204)
12-28 16:18:42.495	          linker	[Debug]	        dji_protocol_v3.c:506  3:0x0503 convert to 0065(0x0503)
12-28 16:18:42.495	          linker	[Debug]	            dji_command.c:1128  <0x9f87>Receive msg from linker, 0x1204(0x0092)->0x0503(0x0065) 0x22AD len:47
12-28 16:18:42.495	          linker	[Debug]	            dji_command.c:980  received unsupport request cmd that need ack, <0x9f87> cmdset: 0x22 cmdid: 0xAD
12-28 16:18:42.498	          linker	[Debug]	        dji_protocol_v1.c:189  <0x5d7f>V1-Send: 0x0503->0x1007 0x198B
12-28 16:18:42.498	          linker	[Debug]	        dji_protocol_v3.c:266  <0x5d80>V3-Send: 03:003F:001E:0x0503 -> 00:003F:001E:0x0200 0x3C10, tLen 85 dLen 64
12-28 16:18:42.498	          linker	[Debug]	        dji_protocol_v3.c:266  <0x5d81>V3-Send: 03:003F:001E:0x0503 -> 00:003F:001E:0x0300 0x3C10, tLen 85 dLen 64
12-28 16:18:42.498	          linker	[Debug]	        dji_protocol_v3.c:266  <0x5d82>V3-Send: 03:003F:001E:0x0503 -> 00:003F:001E:0x1104 0x3C10, tLen 85 dLen 64
12-28 16:18:42.498	          linker	[Debug]	        dji_protocol_v3.c:266  <0x5d83>V3-Send: 03:003F:001E:0x0503 -> 00:003F:001E:0x0701 0x3C10, tLen 85 dLen 64
12-28 16:18:42.498	          linker	[Debug]	        dji_protocol_v3.c:266  <0x5d84>V3-Send: 03:003F:001E:0x0503 -> 00:003F:001E:0x1100 0x3C10, tLen 85 dLen 64
12-28 16:18:42.566	          linker	[Debug]	        dji_protocol_v3.c:266  <0x5d85>V3-Send: 03:003F:001E:0x0503 -> 00:003F:001E:0x0200 0x3C1B, tLen 77 dLen 56
12-28 16:18:42.575	          linker	[Debug]	        dji_protocol_v3.c:387  <0x9f93>V3-Recv: 00:003F:001E:0x1204 -> 03:003F:001E:0x0503 0x4900, tLen 23 dLen 2
12-28 16:18:42.575	          linker	[Debug]	        dji_protocol_v3.c:506  0:0x1204 convert to 0092(0x1204)
12-28 16:18:42.575	          linker	[Debug]	        dji_protocol_v3.c:506  3:0x0503 convert to 0065(0x0503)
12-28 16:18:42.576	          linker	[Debug]	            dji_command.c:1128  <0x9f93>Receive msg from linker, 0x1204(0x0092)->0x0503(0x0065) 0x4900 len:2
12-28 16:18:42.576	          linker	[Debug]	        dji_protocol_v3.c:266  <0x9f93>V3-Send: 03:003F:001E:0x0503 -> 00:003F:001E:0x1204 0x4900, tLen 23 dLen 2
12-28 16:18:42.586	          linker	[Debug]	        dji_protocol_v3.c:387  <0x181c>V3-Recv: 00:003F:001E:0x0300 -> 03:003F:001E:0x0503 0x3C57, tLen 37 dLen 16
12-28 16:18:42.586	          linker	[Debug]	        dji_protocol_v3.c:506  0:0x0300 convert to 0003(0x0300)
12-28 16:18:42.586	          linker	[Debug]	        dji_protocol_v3.c:506  3:0x0503 convert to 0065(0x0503)
12-28 16:18:42.587	          linker	[Debug]	        dji_protocol_v3.c:266  <0x5d86>V3-Send: 03:003F:001E:0x0503 -> 00:003F:001E:0x0200 0x3C1F, tLen 58 dLen 37
12-28 16:18:42.587	          linker	[Debug]	            dji_command.c:1128  <0x181c>Receive msg from linker, 0x0300(0x0003)->0x0503(0x0065) 0x3C57 len:16
12-28 16:18:42.588	          linker	[Debug]	            dji_command.c:980  received unsupport request cmd that noneed ack, <0x181c> cmdset: 0x3C cmdid: 0x57
12-28 16:18:42.604	          linker	[Debug]	        dji_protocol_v3.c:387  <0x9f97>V3-Recv: 00:003F:001E:0x1204 -> 03:003F:001E:0x0503 0x22AD, tLen 68 dLen 47
12-28 16:18:42.604	          linker	[Debug]	        dji_protocol_v3.c:506  0:0x1204 convert to 0092(0x1204)
12-28 16:18:42.604	          linker	[Debug]	        dji_protocol_v3.c:506  3:0x0503 convert to 0065(0x0503)
12-28 16:18:42.605	          linker	[Debug]	            dji_command.c:1128  <0x9f97>Receive msg from linker, 0x1204(0x0092)->0x0503(0x0065) 0x22AD len:47
12-28 16:18:42.605	          linker	[Debug]	            dji_command.c:980  received unsupport request cmd that need ack, <0x9f97> cmdset: 0x22 cmdid: 0xAD
12-28 16:18:42.675	          linker	[Debug]	        dji_protocol_v3.c:387  <0x9fa3>V3-Recv: 00:003F:001E:0x1204 -> 03:003F:001E:0x0503 0x4900, tLen 23 dLen 2
12-28 16:18:42.675	          linker	[Debug]	        dji_protocol_v3.c:506  0:0x1204 convert to 0092(0x1204)
12-28 16:18:42.675	          linker	[Debug]	        dji_protocol_v3.c:506  3:0x0503 convert to 0065(0x0503)
12-28 16:18:42.676	          linker	[Debug]	            dji_command.c:1128  <0x9fa3>Receive msg from linker, 0x1204(0x0092)->0x0503(0x0065) 0x4900 len:2
12-28 16:18:42.676	          linker	[Debug]	        dji_protocol_v3.c:266  <0x9fa3>V3-Send: 03:003F:001E:0x0503 -> 00:003F:001E:0x1204 0x4900, tLen 23 dLen 2
12-28 16:18:42.695	          linker	[Debug]	        dji_protocol_v3.c:387  <0x9fa7>V3-Recv: 00:003F:001E:0x1204 -> 03:003F:001E:0x0503 0x22AD, tLen 68 dLen 47
12-28 16:18:42.695	          linker	[Debug]	        dji_protocol_v3.c:506  0:0x1204 convert to 0092(0x1204)
12-28 16:18:42.695	          linker	[Debug]	        dji_protocol_v3.c:506  3:0x0503 convert to 0065(0x0503)
12-28 16:18:42.695	          linker	[Debug]	            dji_command.c:1128  <0x9fa7>Receive msg from linker, 0x1204(0x0092)->0x0503(0x0065) 0x22AD len:47
12-28 16:18:42.695	          linker	[Debug]	            dji_command.c:980  received unsupport request cmd that need ack, <0x9fa7> cmdset: 0x22 cmdid: 0xAD
12-28 16:18:42.714	          linker	[Debug]	        dji_protocol_v1.c:189  <0x5d87>V1-Send: 0x0503->0x1007 0x198B
12-28 16:18:42.714	          linker	[Debug]	        dji_protocol_v3.c:266  <0x5d88>V3-Send: 03:003F:001E:0x0503 -> 00:003F:001E:0x0200 0x3C10, tLen 85 dLen 64
12-28 16:18:42.714	          linker	[Debug]	        dji_protocol_v3.c:266  <0x5d89>V3-Send: 03:003F:001E:0x0503 -> 00:003F:001E:0x0300 0x3C10, tLen 85 dLen 64
12-28 16:18:42.714	          linker	[Debug]	        dji_protocol_v3.c:266  <0x5d8a>V3-Send: 03:003F:001E:0x0503 -> 00:003F:001E:0x1104 0x3C10, tLen 85 dLen 64
12-28 16:18:42.714	          linker	[Debug]	        dji_protocol_v3.c:266  <0x5d8b>V3-Send: 03:003F:001E:0x0503 -> 00:003F:001E:0x0701 0x3C10, tLen 85 dLen 64
12-28 16:18:42.714	          linker	[Debug]	        dji_protocol_v3.c:266  <0x5d8c>V3-Send: 03:003F:001E:0x0503 -> 00:003F:001E:0x1100 0x3C10, tLen 85 dLen 64
12-28 16:18:42.732	          linker	[Debug]	        dji_protocol_v3.c:387  <0x9b74>V3-Recv: 00:0001:0000:0x0202 -> 03:0000:0001:0x0503 0x3C1C, tLen 28 dLen 7
12-28 16:18:42.732	          linker	[Debug]	        dji_protocol_v3.c:506  0:0x0202 convert to 0042(0x0202)
12-28 16:18:42.732	          linker	[Debug]	        dji_protocol_v3.c:506  3:0x0503 convert to 0065(0x0503)
12-28 16:18:42.733	          linker	[Debug]	            dji_command.c:1128  <0x9b74>Receive msg from linker, 0x0202(0x0042)->0x0503(0x0065) 0x3C1C len:7
12-28 16:18:42.751	          linker	[Debug]	        dji_protocol_v3.c:387  <0x9b75>V3-Recv: 00:0001:0000:0x0202 -> 03:0000:0001:0x0503 0x3C25, tLen 23 dLen 2
12-28 16:18:42.751	          linker	[Debug]	        dji_protocol_v3.c:506  0:0x0202 convert to 0042(0x0202)
12-28 16:18:42.751	          linker	[Debug]	        dji_protocol_v3.c:506  3:0x0503 convert to 0065(0x0503)
12-28 16:18:42.752	          linker	[Debug]	            dji_command.c:1128  <0x9b75>Receive msg from linker, 0x0202(0x0042)->0x0503(0x0065) 0x3C25 len:2
12-28 16:18:42.752	          linker	[Debug]	            dji_command.c:980  received unsupport request cmd that need ack, <0x9b75> cmdset: 0x3C cmdid: 0x25
12-28 16:18:42.775	          linker	[Debug]	        dji_protocol_v3.c:387  <0x9fb3>V3-Recv: 00:003F:001E:0x1204 -> 03:003F:001E:0x0503 0x4900, tLen 23 dLen 2
12-28 16:18:42.775	          linker	[Debug]	        dji_protocol_v3.c:506  0:0x1204 convert to 0092(0x1204)
12-28 16:18:42.775	          linker	[Debug]	        dji_protocol_v3.c:506  3:0x0503 convert to 0065(0x0503)
12-28 16:18:42.776	          linker	[Debug]	            dji_command.c:1128  <0x9fb3>Receive msg from linker, 0x1204(0x0092)->0x0503(0x0065) 0x4900 len:2
12-28 16:18:42.776	          linker	[Debug]	        dji_protocol_v3.c:266  <0x9fb3>V3-Send: 03:003F:001E:0x0503 -> 00:003F:001E:0x1204 0x4900, tLen 23 dLen 2
12-28 16:18:42.782	          linker	[Debug]	        dji_protocol_v3.c:266  <0x5d8d>V3-Send: 03:003F:001E:0x0503 -> 00:003F:001E:0x0200 0x3C1B, tLen 77 dLen 56
12-28 16:18:42.786	          linker	[Debug]	        dji_protocol_v3.c:387  <0x197d>V3-Recv: 00:003F:001E:0x0300 -> 03:003F:001E:0x0503 0x3C57, tLen 37 dLen 16
12-28 16:18:42.786	          linker	[Debug]	        dji_protocol_v3.c:506  0:0x0300 convert to 0003(0x0300)
12-28 16:18:42.786	          linker	[Debug]	        dji_protocol_v3.c:506  3:0x0503 convert to 0065(0x0503)
12-28 16:18:42.787	          linker	[Debug]	            dji_command.c:1128  <0x197d>Receive msg from linker, 0x0300(0x0003)->0x0503(0x0065) 0x3C57 len:16
12-28 16:18:42.787	          linker	[Debug]	        dji_protocol_v3.c:266  <0x5d8e>V3-Send: 03:003F:001E:0x0503 -> 00:003F:001E:0x0200 0x3C1F, tLen 58 dLen 37
12-28 16:18:42.787	          linker	[Debug]	            dji_command.c:980  received unsupport request cmd that noneed ack, <0x197d> cmdset: 0x3C cmdid: 0x57
12-28 16:18:42.804	          linker	[Debug]	        dji_protocol_v3.c:387  <0x9fb7>V3-Recv: 00:003F:001E:0x1204 -> 03:003F:001E:0x0503 0x22AD, tLen 68 dLen 47
12-28 16:18:42.804	          linker	[Debug]	        dji_protocol_v3.c:506  0:0x1204 convert to 0092(0x1204)
12-28 16:18:42.804	          linker	[Debug]	        dji_protocol_v3.c:506  3:0x0503 convert to 0065(0x0503)
12-28 16:18:42.804	          linker	[Debug]	            dji_command.c:1128  <0x9fb7>Receive msg from linker, 0x1204(0x0092)->0x0503(0x0065) 0x22AD len:47
12-28 16:18:42.804	          linker	[Debug]	            dji_command.c:980  received unsupport request cmd that need ack, <0x9fb7> cmdset: 0x22 cmdid: 0xAD
12-28 16:18:42.844	          linker	[Debug]	        dji_protocol_v1.c:309  <0x2038>V1-Recv: 0x0A06->0x0503 0x0866
12-28 16:18:42.844	          linker	[Debug]	            dji_command.c:1128  <0x2038>Receive msg from linker, 0x0A06(0x00CA)->0x0503(0x0065) 0x0866 len:102
12-28 16:18:42.844	          linker	[Debug]	            dji_command.c:980  received unsupport request cmd that noneed ack, <0x2038> cmdset: 0x08 cmdid: 0x66
12-28 16:18:42.875	          linker	[Debug]	        dji_protocol_v3.c:387  <0x9fc3>V3-Recv: 00:003F:001E:0x1204 -> 03:003F:001E:0x0503 0x4900, tLen 23 dLen 2
12-28 16:18:42.875	          linker	[Debug]	        dji_protocol_v3.c:506  0:0x1204 convert to 0092(0x1204)
12-28 16:18:42.875	          linker	[Debug]	        dji_protocol_v3.c:506  3:0x0503 convert to 0065(0x0503)
12-28 16:18:42.875	          linker	[Debug]	            dji_command.c:1128  <0x9fc3>Receive msg from linker, 0x1204(0x0092)->0x0503(0x0065) 0x4900 len:2
12-28 16:18:42.875	          linker	[Debug]	        dji_protocol_v3.c:266  <0x9fc3>V3-Send: 03:003F:001E:0x0503 -> 00:003F:001E:0x1204 0x4900, tLen 23 dLen 2
12-28 16:18:42.895	          linker	[Debug]	        dji_protocol_v3.c:387  <0x9fc7>V3-Recv: 00:003F:001E:0x1204 -> 03:003F:001E:0x0503 0x22AD, tLen 68 dLen 47
12-28 16:18:42.895	          linker	[Debug]	        dji_protocol_v3.c:506  0:0x1204 convert to 0092(0x1204)
12-28 16:18:42.895	          linker	[Debug]	        dji_protocol_v3.c:506  3:0x0503 convert to 0065(0x0503)
12-28 16:18:42.895	          linker	[Debug]	            dji_command.c:1128  <0x9fc7>Receive msg from linker, 0x1204(0x0092)->0x0503(0x0065) 0x22AD len:47
12-28 16:18:42.895	          linker	[Debug]	            dji_command.c:980  received unsupport request cmd that need ack, <0x9fc7> cmdset: 0x22 cmdid: 0xAD
12-28 16:18:42.928	          linker	[Debug]	        dji_protocol_v1.c:189  <0x5d8f>V1-Send: 0x0503->0x1007 0x198B
12-28 16:18:42.928	          linker	[Debug]	        dji_protocol_v3.c:266  <0x5d90>V3-Send: 03:003F:001E:0x0503 -> 00:003F:001E:0x0200 0x3C10, tLen 85 dLen 64
12-28 16:18:42.929	          linker	[Debug]	        dji_protocol_v3.c:266  <0x5d91>V3-Send: 03:003F:001E:0x0503 -> 00:003F:001E:0x0300 0x3C10, tLen 85 dLen 64
12-28 16:18:42.929	          linker	[Debug]	        dji_protocol_v3.c:266  <0x5d92>V3-Send: 03:003F:001E:0x0503 -> 00:003F:001E:0x1104 0x3C10, tLen 85 dLen 64
12-28 16:18:42.929	          linker	[Debug]	        dji_protocol_v3.c:266  <0x5d93>V3-Send: 03:003F:001E:0x0503 -> 00:003F:001E:0x0701 0x3C10, tLen 85 dLen 64
12-28 16:18:42.929	          linker	[Debug]	        dji_protocol_v3.c:266  <0x5d94>V3-Send: 03:003F:001E:0x0503 -> 00:003F:001E:0x1100 0x3C10, tLen 85 dLen 64
12-28 16:18:42.975	          linker	[Debug]	        dji_protocol_v3.c:387  <0x9fd3>V3-Recv: 00:003F:001E:0x1204 -> 03:003F:001E:0x0503 0x4900, tLen 23 dLen 2
12-28 16:18:42.975	          linker	[Debug]	        dji_protocol_v3.c:506  0:0x1204 convert to 0092(0x1204)
12-28 16:18:42.975	          linker	[Debug]	        dji_protocol_v3.c:506  3:0x0503 convert to 0065(0x0503)
12-28 16:18:42.976	          linker	[Debug]	            dji_command.c:1128  <0x9fd3>Receive msg from linker, 0x1204(0x0092)->0x0503(0x0065) 0x4900 len:2
12-28 16:18:42.976	          linker	[Debug]	        dji_protocol_v3.c:266  <0x9fd3>V3-Send: 03:003F:001E:0x0503 -> 00:003F:001E:0x1204 0x4900, tLen 23 dLen 2
12-28 16:18:42.986	          linker	[Debug]	        dji_protocol_v3.c:387  <0x1adc>V3-Recv: 00:003F:001E:0x0300 -> 03:003F:001E:0x0503 0x3C57, tLen 37 dLen 16
12-28 16:18:42.986	          linker	[Debug]	        dji_protocol_v3.c:506  0:0x0300 convert to 0003(0x0300)
12-28 16:18:42.986	          linker	[Debug]	        dji_protocol_v3.c:506  3:0x0503 convert to 0065(0x0503)
12-28 16:18:42.986	          linker	[Debug]	            dji_command.c:1128  <0x1adc>Receive msg from linker, 0x0300(0x0003)->0x0503(0x0065) 0x3C57 len:16
12-28 16:18:42.986	          linker	[Debug]	            dji_command.c:980  received unsupport request cmd that noneed ack, <0x1adc> cmdset: 0x3C cmdid: 0x57
12-28 16:18:42.988	          linker	[Debug]	        dji_protocol_v3.c:266  <0x5d95>V3-Send: 03:003F:001E:0x0503 -> 00:003F:001E:0x0200 0x3C1F, tLen 58 dLen 37
12-28 16:18:42.999	          linker	[Debug]	        dji_protocol_v3.c:266  <0x5d96>V3-Send: 03:003F:001E:0x0503 -> 00:003F:001E:0x0200 0x3C1B, tLen 77 dLen 56
12-28 16:18:43.003	          linker	[Debug]	        dji_protocol_v3.c:387  <0x9fd7>V3-Recv: 00:003F:001E:0x1204 -> 03:003F:001E:0x0503 0x22AD, tLen 68 dLen 47
12-28 16:18:43.003	          linker	[Debug]	        dji_protocol_v3.c:506  0:0x1204 convert to 0092(0x1204)
12-28 16:18:43.003	          linker	[Debug]	        dji_protocol_v3.c:506  3:0x0503 convert to 0065(0x0503)
12-28 16:18:43.004	          linker	[Debug]	            dji_command.c:1128  <0x9fd7>Receive msg from linker, 0x1204(0x0092)->0x0503(0x0065) 0x22AD len:47
12-28 16:18:43.004	          linker	[Debug]	            dji_command.c:980  received unsupport request cmd that need ack, <0x9fd7> cmdset: 0x22 cmdid: 0xAD
12-28 16:18:43.007	          linker	[Debug]	        dji_protocol_v3.c:266  <0x5d97>V3-Send: 03:003F:001E:0x0503 -> 00:003F:001E:0x0801 0x0000, tLen 21 dLen 0
12-28 16:18:43.007	           infor	[Debug]	dji_aircraft_connection.c:170  check connect status:1
12-28 16:18:43.021	          linker	[Debug]	        dji_protocol_v3.c:387  <0x5d97>V3-Recv: 00:003F:001E:0x0801 -> 03:003F:001E:0x0503 0x0000, tLen 22 dLen 1
12-28 16:18:43.021	          linker	[Debug]	        dji_protocol_v3.c:506  0:0x0801 convert to 0028(0x0801)
12-28 16:18:43.021	          linker	[Debug]	        dji_protocol_v3.c:506  3:0x0503 convert to 0065(0x0503)
12-28 16:18:43.021	          linker	[Debug]	            dji_command.c:1128  <0x5d97>Receive msg from linker, 0x0801(0x0028)->0x0503(0x0065) 0x0000 len:1
12-28 16:18:43.021	           infor	[Debug]	dji_aircraft_connection.c:303  connect status async sucess
12-28 16:18:43.021	          linker	[Debug]	            dji_command.c:890  callback function (cmdset: 0x00 cmdid: 0x00) deal time: 0 ms
12-28 16:18:43.075	          linker	[Debug]	        dji_protocol_v3.c:387  <0x9fe3>V3-Recv: 00:003F:001E:0x1204 -> 03:003F:001E:0x0503 0x4900, tLen 23 dLen 2
12-28 16:18:43.075	          linker	[Debug]	        dji_protocol_v3.c:506  0:0x1204 convert to 0092(0x1204)
12-28 16:18:43.075	          linker	[Debug]	        dji_protocol_v3.c:506  3:0x0503 convert to 0065(0x0503)
12-28 16:18:43.076	          linker	[Debug]	            dji_command.c:1128  <0x9fe3>Receive msg from linker, 0x1204(0x0092)->0x0503(0x0065) 0x4900 len:2
12-28 16:18:43.076	          linker	[Debug]	        dji_protocol_v3.c:266  <0x9fe3>V3-Send: 03:003F:001E:0x0503 -> 00:003F:001E:0x1204 0x4900, tLen 23 dLen 2
12-28 16:18:43.095	          linker	[Debug]	        dji_protocol_v3.c:387  <0x99f2>V3-Recv: 00:0001:0000:0x0202 -> 03:0000:0001:0x0503 0x3C20, tLen 22 dLen 1
12-28 16:18:43.095	          linker	[Debug]	        dji_protocol_v3.c:506  0:0x0202 convert to 0042(0x0202)
12-28 16:18:43.095	          linker	[Debug]	        dji_protocol_v3.c:506  3:0x0503 convert to 0065(0x0503)
12-28 16:18:43.095	          linker	[Debug]	            dji_command.c:1128  <0x99f2>Receive msg from linker, 0x0202(0x0042)->0x0503(0x0065) 0x3C20 len:1
12-28 16:18:43.095	          linker	[Debug]	            dji_command.c:980  received unsupport request cmd that need ack, <0x99f2> cmdset: 0x3C cmdid: 0x20
12-28 16:18:43.110	          linker	[Debug]	        dji_protocol_v3.c:387  <0x9fe7>V3-Recv: 00:003F:001E:0x1204 -> 03:003F:001E:0x0503 0x22AD, tLen 68 dLen 47
12-28 16:18:43.110	          linker	[Debug]	        dji_protocol_v3.c:506  0:0x1204 convert to 0092(0x1204)
12-28 16:18:43.110	          linker	[Debug]	        dji_protocol_v3.c:506  3:0x0503 convert to 0065(0x0503)
12-28 16:18:43.110	          linker	[Debug]	            dji_command.c:1128  <0x9fe7>Receive msg from linker, 0x1204(0x0092)->0x0503(0x0065) 0x22AD len:47
12-28 16:18:43.110	          linker	[Debug]	            dji_command.c:980  received unsupport request cmd that need ack, <0x9fe7> cmdset: 0x22 cmdid: 0xAD
12-28 16:18:43.147	          linker	[Debug]	        dji_protocol_v1.c:189  <0x5d98>V1-Send: 0x0503->0x1007 0x198B
12-28 16:18:43.147	          linker	[Debug]	        dji_protocol_v3.c:266  <0x5d99>V3-Send: 03:003F:001E:0x0503 -> 00:003F:001E:0x0200 0x3C10, tLen 85 dLen 64
12-28 16:18:43.147	          linker	[Debug]	        dji_protocol_v3.c:266  <0x5d9a>V3-Send: 03:003F:001E:0x0503 -> 00:003F:001E:0x0300 0x3C10, tLen 85 dLen 64
12-28 16:18:43.147	          linker	[Debug]	        dji_protocol_v3.c:266  <0x5d9b>V3-Send: 03:003F:001E:0x0503 -> 00:003F:001E:0x1104 0x3C10, tLen 85 dLen 64
12-28 16:18:43.147	          linker	[Debug]	        dji_protocol_v3.c:266  <0x5d9c>V3-Send: 03:003F:001E:0x0503 -> 00:003F:001E:0x0701 0x3C10, tLen 85 dLen 64
12-28 16:18:43.148	          linker	[Debug]	        dji_protocol_v3.c:266  <0x5d9d>V3-Send: 03:003F:001E:0x0503 -> 00:003F:001E:0x1100 0x3C10, tLen 85 dLen 64
12-28 16:18:43.175	          linker	[Debug]	        dji_protocol_v3.c:387  <0x9ff3>V3-Recv: 00:003F:001E:0x1204 -> 03:003F:001E:0x0503 0x4900, tLen 23 dLen 2
12-28 16:18:43.175	          linker	[Debug]	        dji_protocol_v3.c:506  0:0x1204 convert to 0092(0x1204)
12-28 16:18:43.175	          linker	[Debug]	        dji_protocol_v3.c:506  3:0x0503 convert to 0065(0x0503)
12-28 16:18:43.176	          linker	[Debug]	            dji_command.c:1128  <0x9ff3>Receive msg from linker, 0x1204(0x0092)->0x0503(0x0065) 0x4900 len:2
12-28 16:18:43.176	          linker	[Debug]	        dji_protocol_v3.c:266  <0x9ff3>V3-Send: 03:003F:001E:0x0503 -> 00:003F:001E:0x1204 0x4900, tLen 23 dLen 2
12-28 16:18:43.185	            user	[Info]	                 main.cpp:48   --> Step 1: Init camera manager module
12-28 16:18:43.185	          linker	[Debug]	            dji_command.c:733  Reg command handle list success, index:12
12-28 16:18:43.185	         channel	[Info]	dji_camera_manager_media_downloader.c:393  Ready to create data stream bulk channel: ishost 0, v2ca3p3181, itf 3, epout 03, epin 84, virchnl 2
12-28 16:18:43.185	         channel	[Debug]	dji_stream_channel_usbbulk.c:128  USBBULK channel create, ifhost 0, vid:pid 2ca3:3181, itf 3 epin 132 epout 3, channel id 2
12-28 16:18:43.185	         channel	[Debug]	dji_stream_channel_usbbulk.c:228  Register usb bulk recv data callback, channel:2, index:0.
12-28 16:18:43.185	      downloader	[Info]	dji_camera_manager_media_downloader.c:577  init hms module.
12-28 16:18:43.185	             hms	[Debug]	  dji_hms_customization.c:92   hms customization init success.
12-28 16:18:43.185	          linker	[Debug]	            dji_command.c:733  Reg command handle list success, index:13
12-28 16:18:43.185	             sub	[Debug]	dji_data_subscription_dds_v3.c:425  Start subscribe topic name = multi_stream_fusion_mode, topic index = 0 @Agent 0x0801 filterhost 0x0100
12-28 16:18:43.185	          linker	[Debug]	        dji_protocol_v3.c:266  <0x5d9e>V3-Send: 03:003F:001E:0x0503 -> 00:003F:001E:0x0801 0x0099, tLen 59 dLen 38
12-28 16:18:43.186	          linker	[Debug]	        dji_protocol_v3.c:387  <0x1c53>V3-Recv: 00:003F:001E:0x0300 -> 03:003F:001E:0x0503 0x3C57, tLen 37 dLen 16
12-28 16:18:43.186	          linker	[Debug]	        dji_protocol_v3.c:506  0:0x0300 convert to 0003(0x0300)
12-28 16:18:43.186	          linker	[Debug]	        dji_protocol_v3.c:506  3:0x0503 convert to 0065(0x0503)
12-28 16:18:43.186	          linker	[Debug]	        dji_protocol_v3.c:387  <0x5d9e>V3-Recv: 00:003F:001E:0x0801 -> 03:003F:001E:0x0503 0x0099, tLen 30 dLen 9
12-28 16:18:43.186	          linker	[Debug]	        dji_protocol_v3.c:506  0:0x0801 convert to 0028(0x0801)
12-28 16:18:43.186	          linker	[Debug]	        dji_protocol_v3.c:506  3:0x0503 convert to 0065(0x0503)
12-28 16:18:43.187	          linker	[Debug]	            dji_command.c:1128  <0x1c53>Receive msg from linker, 0x0300(0x0003)->0x0503(0x0065) 0x3C57 len:16
12-28 16:18:43.187	          linker	[Debug]	            dji_command.c:980  received unsupport request cmd that noneed ack, <0x1c53> cmdset: 0x3C cmdid: 0x57
12-28 16:18:43.188	          linker	[Debug]	            dji_command.c:1128  <0x5d9e>Receive msg from linker, 0x0801(0x0028)->0x0503(0x0065) 0x0099 len:9
12-28 16:18:43.188	          linker	[Debug]	            dji_command.c:1076 PsdkCommand_SendSyncCallback success
12-28 16:18:43.188	          linker	[Debug]	        dji_protocol_v3.c:266  <0x5d9f>V3-Send: 03:003F:001E:0x0503 -> 00:003F:001E:0x0200 0x3C1F, tLen 58 dLen 37
12-28 16:18:43.188	          linker	[Debug]	            dji_command.c:890  callback function (cmdset: 0x00 cmdid: 0x99) deal time: 0 ms
12-28 16:18:43.188	          linker	[Debug]	            dji_command.c:612  sendSync callback success
12-28 16:18:43.188	          linker	[Debug]	        dji_protocol_v3.c:266  <0x5da0>V3-Send: 03:003F:001E:0x0503 -> 00:003F:001E:0x0801 0x0099, tLen 57 dLen 36
12-28 16:18:43.192	          linker	[Debug]	        dji_protocol_v1.c:189  <0x5da1>V1-Send: 0x0503->0x1D02 0x00F0
12-28 16:18:43.202	          linker	[Debug]	        dji_protocol_v1.c:189  <0x5da2>V1-Send: 0x0503->0x1D02 0x00F0
12-28 16:18:43.204	          linker	[Debug]	        dji_protocol_v3.c:387  <0x5da0>V3-Recv: 00:003F:001E:0x0801 -> 03:003F:001E:0x0503 0x0099, tLen 30 dLen 9
12-28 16:18:43.204	          linker	[Debug]	        dji_protocol_v3.c:506  0:0x0801 convert to 0028(0x0801)
12-28 16:18:43.204	          linker	[Debug]	        dji_protocol_v3.c:506  3:0x0503 convert to 0065(0x0503)
12-28 16:18:43.204	          linker	[Debug]	        dji_protocol_v3.c:387  <0x9ff7>V3-Recv: 00:003F:001E:0x1204 -> 03:003F:001E:0x0503 0x22AD, tLen 68 dLen 47
12-28 16:18:43.204	          linker	[Debug]	        dji_protocol_v3.c:506  0:0x1204 convert to 0092(0x1204)
12-28 16:18:43.204	          linker	[Debug]	        dji_protocol_v3.c:506  3:0x0503 convert to 0065(0x0503)
12-28 16:18:43.205	          linker	[Debug]	            dji_command.c:1128  <0x5da0>Receive msg from linker, 0x0801(0x0028)->0x0503(0x0065) 0x0099 len:9
12-28 16:18:43.205	          linker	[Debug]	            dji_command.c:1076 PsdkCommand_SendSyncCallback success
12-28 16:18:43.205	          linker	[Debug]	            dji_command.c:890  callback function (cmdset: 0x00 cmdid: 0x99) deal time: 0 ms
12-28 16:18:43.205	          linker	[Debug]	            dji_command.c:612  sendSync callback success
12-28 16:18:43.205	             sub	[Debug]	dji_data_subscription_xrce_v3.c:261  Successfully update topic multi_stream_fusion_mode period to 1000 ms
12-28 16:18:43.205	             sub	[Debug]	dji_data_subscription_dds_v3.c:465  topic multi_stream_fusion_mode owns 1 subscriber
12-28 16:18:43.205	             sub	[Debug]	dji_camera_manager_ir_manager.c:1485 subscribedTopicTable[0] pos 1 type 0 topic 16777218
12-28 16:18:43.205	             sub	[Debug]	dji_data_subscription_dds_v3.c:425  Start subscribe topic name = cam_status, topic index = 1 @Agent 0x0801 filterhost 0x0100
12-28 16:18:43.205	          linker	[Debug]	        dji_protocol_v3.c:266  <0x5da3>V3-Send: 03:003F:001E:0x0503 -> 00:003F:001E:0x0801 0x0099, tLen 45 dLen 24
12-28 16:18:43.206	          linker	[Debug]	            dji_command.c:1128  <0x9ff7>Receive msg from linker, 0x1204(0x0092)->0x0503(0x0065) 0x22AD len:47
12-28 16:18:43.206	          linker	[Debug]	            dji_command.c:980  received unsupport request cmd that need ack, <0x9ff7> cmdset: 0x22 cmdid: 0xAD
12-28 16:18:43.213	          linker	[Debug]	        dji_protocol_v1.c:189  <0x5da4>V1-Send: 0x0503->0x1D02 0x00F0
12-28 16:18:43.217	          linker	[Debug]	        dji_protocol_v3.c:266  <0x5da5>V3-Send: 03:003F:001E:0x0503 -> 00:003F:001E:0x0200 0x3C1B, tLen 77 dLen 56
12-28 16:18:43.223	          linker	[Debug]	        dji_protocol_v3.c:387  <0x5da3>V3-Recv: 00:003F:001E:0x0801 -> 03:003F:001E:0x0503 0x0099, tLen 30 dLen 9
12-28 16:18:43.223	          linker	[Debug]	        dji_protocol_v3.c:506  0:0x0801 convert to 0028(0x0801)
12-28 16:18:43.223	          linker	[Debug]	        dji_protocol_v3.c:506  3:0x0503 convert to 0065(0x0503)
12-28 16:18:43.223	          linker	[Debug]	        dji_protocol_v3.c:387  <0x10c>V3-Recv: 00:003F:001E:0x0801 -> 03:003F:001E:0x0503 0x0099, tLen 56 dLen 35
12-28 16:18:43.223	          linker	[Debug]	        dji_protocol_v3.c:506  0:0x0801 convert to 0028(0x0801)
12-28 16:18:43.223	          linker	[Debug]	        dji_protocol_v3.c:506  3:0x0503 convert to 0065(0x0503)
12-28 16:18:43.223	          linker	[Debug]	            dji_command.c:1128  <0x5da3>Receive msg from linker, 0x0801(0x0028)->0x0503(0x0065) 0x0099 len:9
12-28 16:18:43.223	          linker	[Debug]	            dji_command.c:1076 PsdkCommand_SendSyncCallback success
12-28 16:18:43.223	          linker	[Debug]	            dji_command.c:612  sendSync callback success
12-28 16:18:43.223	          linker	[Debug]	        dji_protocol_v3.c:266  <0x5da6>V3-Send: 03:003F:001E:0x0503 -> 00:003F:001E:0x0801 0x0099, tLen 43 dLen 22
12-28 16:18:43.223	          linker	[Debug]	            dji_command.c:890  callback function (cmdset: 0x00 cmdid: 0x99) deal time: 0 ms
12-28 16:18:43.224	          linker	[Debug]	            dji_command.c:1128  <0x10c>Receive msg from linker, 0x0801(0x0028)->0x0503(0x0065) 0x0099 len:35
12-28 16:18:43.236	          linker	[Debug]	        dji_protocol_v3.c:387  <0x5da6>V3-Recv: 00:003F:001E:0x0801 -> 03:003F:001E:0x0503 0x0099, tLen 30 dLen 9
12-28 16:18:43.236	          linker	[Debug]	        dji_protocol_v3.c:506  0:0x0801 convert to 0028(0x0801)
12-28 16:18:43.236	          linker	[Debug]	        dji_protocol_v3.c:506  3:0x0503 convert to 0065(0x0503)
12-28 16:18:43.236	          linker	[Debug]	            dji_command.c:1128  <0x5da6>Receive msg from linker, 0x0801(0x0028)->0x0503(0x0065) 0x0099 len:9
12-28 16:18:43.236	          linker	[Debug]	            dji_command.c:1076 PsdkCommand_SendSyncCallback success
12-28 16:18:43.236	          linker	[Debug]	            dji_command.c:612  sendSync callback success
12-28 16:18:43.236	             sub	[Debug]	dji_data_subscription_xrce_v3.c:261  Successfully update topic cam_status period to 1000 ms
12-28 16:18:43.236	             sub	[Debug]	dji_data_subscription_dds_v3.c:465  topic cam_status owns 1 subscriber
12-28 16:18:43.236	             sub	[Debug]	dji_camera_manager_ir_manager.c:1485 subscribedTopicTable[1] pos 1 type 0 topic 16777219
12-28 16:18:43.236	             sub	[Debug]	dji_data_subscription_dds_v3.c:425  Start subscribe topic name = cam_lens_state, topic index = 2 @Agent 0x0801 filterhost 0x0100
12-28 16:18:43.236	          linker	[Debug]	        dji_protocol_v3.c:266  <0x5da7>V3-Send: 03:003F:001E:0x0503 -> 00:003F:001E:0x0801 0x0099, tLen 49 dLen 28
12-28 16:18:43.236	          linker	[Debug]	            dji_command.c:890  callback function (cmdset: 0x00 cmdid: 0x99) deal time: 0 ms
12-28 16:18:43.249	          linker	[Debug]	        dji_protocol_v3.c:387  <0x5da7>V3-Recv: 00:003F:001E:0x0801 -> 03:003F:001E:0x0503 0x0099, tLen 30 dLen 9
12-28 16:18:43.249	          linker	[Debug]	        dji_protocol_v3.c:506  0:0x0801 convert to 0028(0x0801)
12-28 16:18:43.249	          linker	[Debug]	        dji_protocol_v3.c:506  3:0x0503 convert to 0065(0x0503)
12-28 16:18:43.249	          linker	[Debug]	        dji_protocol_v3.c:387  <0x10d>V3-Recv: 00:003F:001E:0x0801 -> 03:003F:001E:0x0503 0x0099, tLen 98 dLen 77
12-28 16:18:43.249	          linker	[Debug]	        dji_protocol_v3.c:506  0:0x0801 convert to 0028(0x0801)
12-28 16:18:43.249	          linker	[Debug]	        dji_protocol_v3.c:506  3:0x0503 convert to 0065(0x0503)
12-28 16:18:43.249	          linker	[Debug]	            dji_command.c:1128  <0x5da7>Receive msg from linker, 0x0801(0x0028)->0x0503(0x0065) 0x0099 len:9
12-28 16:18:43.249	          linker	[Debug]	            dji_command.c:1076 PsdkCommand_SendSyncCallback success
12-28 16:18:43.249	          linker	[Debug]	            dji_command.c:890  callback function (cmdset: 0x00 cmdid: 0x99) deal time: 0 ms
12-28 16:18:43.249	          linker	[Debug]	            dji_command.c:612  sendSync callback success
12-28 16:18:43.249	          linker	[Debug]	        dji_protocol_v3.c:266  <0x5da8>V3-Send: 03:003F:001E:0x0503 -> 00:003F:001E:0x0801 0x0099, tLen 47 dLen 26
12-28 16:18:43.250	          linker	[Debug]	            dji_command.c:1128  <0x10d>Receive msg from linker, 0x0801(0x0028)->0x0503(0x0065) 0x0099 len:77
12-28 16:18:43.262	          linker	[Debug]	        dji_protocol_v3.c:387  <0x5da8>V3-Recv: 00:003F:001E:0x0801 -> 03:003F:001E:0x0503 0x0099, tLen 30 dLen 9
12-28 16:18:43.263	          linker	[Debug]	        dji_protocol_v3.c:506  0:0x0801 convert to 0028(0x0801)
12-28 16:18:43.263	          linker	[Debug]	        dji_protocol_v3.c:506  3:0x0503 convert to 0065(0x0503)
12-28 16:18:43.263	          linker	[Debug]	            dji_command.c:1128  <0x5da8>Receive msg from linker, 0x0801(0x0028)->0x0503(0x0065) 0x0099 len:9
12-28 16:18:43.263	          linker	[Debug]	            dji_command.c:1076 PsdkCommand_SendSyncCallback success
12-28 16:18:43.263	          linker	[Debug]	            dji_command.c:890  callback function (cmdset: 0x00 cmdid: 0x99) deal time: 0 ms
12-28 16:18:43.263	          linker	[Debug]	            dji_command.c:612  sendSync callback success
12-28 16:18:43.263	             sub	[Debug]	dji_data_subscription_xrce_v3.c:261  Successfully update topic cam_lens_state period to 1000 ms
12-28 16:18:43.263	             sub	[Debug]	dji_data_subscription_dds_v3.c:465  topic cam_lens_state owns 1 subscriber
12-28 16:18:43.263	             sub	[Debug]	dji_camera_manager_ir_manager.c:1485 subscribedTopicTable[2] pos 1 type 0 topic 16777220
12-28 16:18:43.263	             sub	[Debug]	dji_data_subscription_dds_v3.c:425  Start subscribe topic name = cam_photo_param, topic index = 3 @Agent 0x0801 filterhost 0x0100
12-28 16:18:43.263	          linker	[Debug]	        dji_protocol_v3.c:266  <0x5da9>V3-Send: 03:003F:001E:0x0503 -> 00:003F:001E:0x0801 0x0099, tLen 50 dLen 29
12-28 16:18:43.275	          linker	[Debug]	        dji_protocol_v3.c:387  <0x10e>V3-Recv: 00:003F:001E:0x0801 -> 03:003F:001E:0x0503 0x0099, tLen 65 dLen 44
12-28 16:18:43.275	          linker	[Debug]	        dji_protocol_v3.c:506  0:0x0801 convert to 0028(0x0801)
12-28 16:18:43.275	          linker	[Debug]	        dji_protocol_v3.c:506  3:0x0503 convert to 0065(0x0503)
12-28 16:18:43.275	          linker	[Debug]	        dji_protocol_v3.c:387  <0x5da9>V3-Recv: 00:003F:001E:0x0801 -> 03:003F:001E:0x0503 0x0099, tLen 30 dLen 9
12-28 16:18:43.275	          linker	[Debug]	        dji_protocol_v3.c:506  0:0x0801 convert to 0028(0x0801)
12-28 16:18:43.275	          linker	[Debug]	        dji_protocol_v3.c:506  3:0x0503 convert to 0065(0x0503)
12-28 16:18:43.275	          linker	[Debug]	        dji_protocol_v3.c:387  <0xa004>V3-Recv: 00:003F:001E:0x1204 -> 03:003F:001E:0x0503 0x4900, tLen 23 dLen 2
12-28 16:18:43.275	          linker	[Debug]	        dji_protocol_v3.c:506  0:0x1204 convert to 0092(0x1204)
12-28 16:18:43.275	          linker	[Debug]	            dji_command.c:1128  <0x10e>Receive msg from linker, 0x0801(0x0028)->0x0503(0x0065) 0x0099 len:44
12-28 16:18:43.275	          linker	[Debug]	        dji_protocol_v3.c:506  3:0x0503 convert to 0065(0x0503)
12-28 16:18:43.276	          linker	[Debug]	            dji_command.c:1128  <0x5da9>Receive msg from linker, 0x0801(0x0028)->0x0503(0x0065) 0x0099 len:9
12-28 16:18:43.276	          linker	[Debug]	            dji_command.c:1076 PsdkCommand_SendSyncCallback success
12-28 16:18:43.276	          linker	[Debug]	            dji_command.c:890  callback function (cmdset: 0x00 cmdid: 0x99) deal time: 0 ms
12-28 16:18:43.276	          linker	[Debug]	            dji_command.c:612  sendSync callback success
12-28 16:18:43.277	          linker	[Debug]	        dji_protocol_v3.c:266  <0x5daa>V3-Send: 03:003F:001E:0x0503 -> 00:003F:001E:0x0801 0x0099, tLen 48 dLen 27
12-28 16:18:43.278	          linker	[Debug]	            dji_command.c:1128  <0xa004>Receive msg from linker, 0x1204(0x0092)->0x0503(0x0065) 0x4900 len:2
12-28 16:18:43.278	          linker	[Debug]	        dji_protocol_v3.c:266  <0xa004>V3-Send: 03:003F:001E:0x0503 -> 00:003F:001E:0x1204 0x4900, tLen 23 dLen 2
12-28 16:18:43.292	          linker	[Debug]	        dji_protocol_v3.c:387  <0x5daa>V3-Recv: 00:003F:001E:0x0801 -> 03:003F:001E:0x0503 0x0099, tLen 30 dLen 9
12-28 16:18:43.292	          linker	[Debug]	        dji_protocol_v3.c:506  0:0x0801 convert to 0028(0x0801)
12-28 16:18:43.292	          linker	[Debug]	        dji_protocol_v3.c:506  3:0x0503 convert to 0065(0x0503)
12-28 16:18:43.293	          linker	[Debug]	            dji_command.c:1128  <0x5daa>Receive msg from linker, 0x0801(0x0028)->0x0503(0x0065) 0x0099 len:9
12-28 16:18:43.293	          linker	[Debug]	            dji_command.c:1076 PsdkCommand_SendSyncCallback success
12-28 16:18:43.293	          linker	[Debug]	            dji_command.c:890  callback function (cmdset: 0x00 cmdid: 0x99) deal time: 0 ms
12-28 16:18:43.293	          linker	[Debug]	            dji_command.c:612  sendSync callback success
12-28 16:18:43.293	             sub	[Debug]	dji_data_subscription_xrce_v3.c:261  Successfully update topic cam_photo_param period to 1000 ms
12-28 16:18:43.293	             sub	[Debug]	dji_data_subscription_dds_v3.c:465  topic cam_photo_param owns 1 subscriber
12-28 16:18:43.293	             sub	[Debug]	dji_camera_manager_ir_manager.c:1485 subscribedTopicTable[3] pos 1 type 0 topic 16777221
12-28 16:18:43.293	             sub	[Debug]	dji_data_subscription_dds_v3.c:425  Start subscribe topic name = cam_record_time, topic index = 4 @Agent 0x0801 filterhost 0x0100
12-28 16:18:43.293	          linker	[Debug]	        dji_protocol_v3.c:266  <0x5dab>V3-Send: 03:003F:001E:0x0503 -> 00:003F:001E:0x0801 0x0099, tLen 50 dLen 29
12-28 16:18:43.303	          linker	[Debug]	        dji_protocol_v3.c:387  <0x5dab>V3-Recv: 00:003F:001E:0x0801 -> 03:003F:001E:0x0503 0x0099, tLen 30 dLen 9
12-28 16:18:43.303	          linker	[Debug]	        dji_protocol_v3.c:506  0:0x0801 convert to 0028(0x0801)
12-28 16:18:43.303	          linker	[Debug]	        dji_protocol_v3.c:506  3:0x0503 convert to 0065(0x0503)
12-28 16:18:43.303	          linker	[Debug]	        dji_protocol_v3.c:387  <0x10f>V3-Recv: 00:003F:001E:0x0801 -> 03:003F:001E:0x0503 0x0099, tLen 58 dLen 37
12-28 16:18:43.303	          linker	[Debug]	        dji_protocol_v3.c:506  0:0x0801 convert to 0028(0x0801)
12-28 16:18:43.303	          linker	[Debug]	        dji_protocol_v3.c:506  3:0x0503 convert to 0065(0x0503)
12-28 16:18:43.303	          linker	[Debug]	        dji_protocol_v3.c:387  <0xa008>V3-Recv: 00:003F:001E:0x1204 -> 03:003F:001E:0x0503 0x22AD, tLen 68 dLen 47
12-28 16:18:43.303	          linker	[Debug]	        dji_protocol_v3.c:506  0:0x1204 convert to 0092(0x1204)
12-28 16:18:43.303	          linker	[Debug]	        dji_protocol_v3.c:506  3:0x0503 convert to 0065(0x0503)
12-28 16:18:43.303	          linker	[Debug]	        dji_protocol_v3.c:387  <0x110>V3-Recv: 00:003F:001E:0x0801 -> 03:003F:001E:0x0503 0x0099, tLen 56 dLen 35
12-28 16:18:43.303	          linker	[Debug]	        dji_protocol_v3.c:506  0:0x0801 convert to 0028(0x0801)
12-28 16:18:43.303	          linker	[Debug]	        dji_protocol_v3.c:506  3:0x0503 convert to 0065(0x0503)
12-28 16:18:43.303	          linker	[Debug]	            dji_command.c:1128  <0x5dab>Receive msg from linker, 0x0801(0x0028)->0x0503(0x0065) 0x0099 len:9
12-28 16:18:43.304	          linker	[Debug]	            dji_command.c:1076 PsdkCommand_SendSyncCallback success
12-28 16:18:43.304	          linker	[Debug]	            dji_command.c:890  callback function (cmdset: 0x00 cmdid: 0x99) deal time: 0 ms
12-28 16:18:43.304	          linker	[Debug]	            dji_command.c:612  sendSync callback success
12-28 16:18:43.304	          linker	[Debug]	        dji_protocol_v3.c:266  <0x5dac>V3-Send: 03:003F:001E:0x0503 -> 00:003F:001E:0x0801 0x0099, tLen 48 dLen 27
12-28 16:18:43.305	          linker	[Debug]	            dji_command.c:1128  <0x10f>Receive msg from linker, 0x0801(0x0028)->0x0503(0x0065) 0x0099 len:37
12-28 16:18:43.306	          linker	[Debug]	            dji_command.c:1128  <0xa008>Receive msg from linker, 0x1204(0x0092)->0x0503(0x0065) 0x22AD len:47
12-28 16:18:43.306	          linker	[Debug]	            dji_command.c:980  received unsupport request cmd that need ack, <0xa008> cmdset: 0x22 cmdid: 0xAD
12-28 16:18:43.307	          linker	[Debug]	            dji_command.c:1128  <0x110>Receive msg from linker, 0x0801(0x0028)->0x0503(0x0065) 0x0099 len:35
12-28 16:18:43.318	          linker	[Debug]	        dji_protocol_v3.c:387  <0x5dac>V3-Recv: 00:003F:001E:0x0801 -> 03:003F:001E:0x0503 0x0099, tLen 30 dLen 9
12-28 16:18:43.319	          linker	[Debug]	        dji_protocol_v3.c:506  0:0x0801 convert to 0028(0x0801)
12-28 16:18:43.319	          linker	[Debug]	        dji_protocol_v3.c:506  3:0x0503 convert to 0065(0x0503)
12-28 16:18:43.319	          linker	[Debug]	        dji_protocol_v3.c:387  <0x111>V3-Recv: 00:003F:001E:0x0801 -> 03:003F:001E:0x0503 0x0099, tLen 98 dLen 77
12-28 16:18:43.319	          linker	[Debug]	        dji_protocol_v3.c:506  0:0x0801 convert to 0028(0x0801)
12-28 16:18:43.319	          linker	[Debug]	        dji_protocol_v3.c:506  3:0x0503 convert to 0065(0x0503)
12-28 16:18:43.319	          linker	[Debug]	            dji_command.c:1128  <0x5dac>Receive msg from linker, 0x0801(0x0028)->0x0503(0x0065) 0x0099 len:9
12-28 16:18:43.319	          linker	[Debug]	            dji_command.c:1076 PsdkCommand_SendSyncCallback success
12-28 16:18:43.319	          linker	[Debug]	            dji_command.c:890  callback function (cmdset: 0x00 cmdid: 0x99) deal time: 0 ms
12-28 16:18:43.319	          linker	[Debug]	            dji_command.c:612  sendSync callback success
12-28 16:18:43.319	             sub	[Debug]	dji_data_subscription_xrce_v3.c:261  Successfully update topic cam_record_time period to 1000 ms
12-28 16:18:43.319	             sub	[Debug]	dji_data_subscription_dds_v3.c:465  topic cam_record_time owns 1 subscriber
12-28 16:18:43.319	             sub	[Debug]	dji_camera_manager_ir_manager.c:1485 subscribedTopicTable[4] pos 1 type 0 topic 16777222
12-28 16:18:43.319	             sub	[Debug]	dji_data_subscription_dds_v3.c:425  Start subscribe topic name = cam_storage, topic index = 5 @Agent 0x0801 filterhost 0x0100
12-28 16:18:43.319	          linker	[Debug]	        dji_protocol_v3.c:266  <0x5dad>V3-Send: 03:003F:001E:0x0503 -> 00:003F:001E:0x0801 0x0099, tLen 46 dLen 25
12-28 16:18:43.320	          linker	[Debug]	            dji_command.c:1128  <0x111>Receive msg from linker, 0x0801(0x0028)->0x0503(0x0065) 0x0099 len:77
12-28 16:18:43.333	          linker	[Debug]	        dji_protocol_v3.c:387  <0x112>V3-Recv: 00:003F:001E:0x0801 -> 03:003F:001E:0x0503 0x0099, tLen 70 dLen 49
12-28 16:18:43.333	          linker	[Debug]	        dji_protocol_v3.c:506  0:0x0801 convert to 0028(0x0801)
12-28 16:18:43.333	          linker	[Debug]	        dji_protocol_v3.c:506  3:0x0503 convert to 0065(0x0503)
12-28 16:18:43.333	          linker	[Debug]	        dji_protocol_v3.c:387  <0x5dad>V3-Recv: 00:003F:001E:0x0801 -> 03:003F:001E:0x0503 0x0099, tLen 30 dLen 9
12-28 16:18:43.333	          linker	[Debug]	        dji_protocol_v3.c:506  0:0x0801 convert to 0028(0x0801)
12-28 16:18:43.333	          linker	[Debug]	        dji_protocol_v3.c:506  3:0x0503 convert to 0065(0x0503)
12-28 16:18:43.334	          linker	[Debug]	            dji_command.c:1128  <0x112>Receive msg from linker, 0x0801(0x0028)->0x0503(0x0065) 0x0099 len:49
12-28 16:18:43.335	          linker	[Debug]	            dji_command.c:1128  <0x5dad>Receive msg from linker, 0x0801(0x0028)->0x0503(0x0065) 0x0099 len:9
12-28 16:18:43.335	          linker	[Debug]	            dji_command.c:1076 PsdkCommand_SendSyncCallback success
12-28 16:18:43.335	          linker	[Debug]	            dji_command.c:890  callback function (cmdset: 0x00 cmdid: 0x99) deal time: 0 ms
12-28 16:18:43.335	          linker	[Debug]	            dji_command.c:612  sendSync callback success
12-28 16:18:43.335	          linker	[Debug]	        dji_protocol_v3.c:266  <0x5dae>V3-Send: 03:003F:001E:0x0503 -> 00:003F:001E:0x0801 0x0099, tLen 44 dLen 23
12-28 16:18:43.345	          linker	[Debug]	        dji_protocol_v1.c:309  <0x2038>V1-Recv: 0x0A06->0x0503 0x0866
12-28 16:18:43.345	          linker	[Debug]	            dji_command.c:1128  <0x2038>Receive msg from linker, 0x0A06(0x00CA)->0x0503(0x0065) 0x0866 len:102
12-28 16:18:43.345	          linker	[Debug]	            dji_command.c:980  received unsupport request cmd that noneed ack, <0x2038> cmdset: 0x08 cmdid: 0x66
12-28 16:18:43.352	          linker	[Debug]	        dji_protocol_v3.c:387  <0x5dae>V3-Recv: 00:003F:001E:0x0801 -> 03:003F:001E:0x0503 0x0099, tLen 30 dLen 9
12-28 16:18:43.352	          linker	[Debug]	        dji_protocol_v3.c:506  0:0x0801 convert to 0028(0x0801)
12-28 16:18:43.352	          linker	[Debug]	        dji_protocol_v3.c:506  3:0x0503 convert to 0065(0x0503)
12-28 16:18:43.352	          linker	[Debug]	            dji_command.c:1128  <0x5dae>Receive msg from linker, 0x0801(0x0028)->0x0503(0x0065) 0x0099 len:9
12-28 16:18:43.353	          linker	[Debug]	            dji_command.c:1076 PsdkCommand_SendSyncCallback success
12-28 16:18:43.353	          linker	[Debug]	            dji_command.c:612  sendSync callback success
12-28 16:18:43.353	             sub	[Debug]	dji_data_subscription_xrce_v3.c:261  Successfully update topic cam_storage period to 1000 ms
12-28 16:18:43.353	             sub	[Debug]	dji_data_subscription_dds_v3.c:465  topic cam_storage owns 1 subscriber
12-28 16:18:43.353	             sub	[Debug]	dji_camera_manager_ir_manager.c:1485 subscribedTopicTable[5] pos 1 type 0 topic 16777223
12-28 16:18:43.353	             sub	[Debug]	dji_data_subscription_dds_v3.c:425  Start subscribe topic name = cam_expo_param, topic index = 6 @Agent 0x0801 filterhost 0x0100
12-28 16:18:43.353	          linker	[Debug]	        dji_protocol_v3.c:266  <0x5daf>V3-Send: 03:003F:001E:0x0503 -> 00:003F:001E:0x0801 0x0099, tLen 49 dLen 28
12-28 16:18:43.353	          linker	[Debug]	            dji_command.c:890  callback function (cmdset: 0x00 cmdid: 0x99) deal time: 0 ms
12-28 16:18:43.366	          linker	[Debug]	        dji_protocol_v1.c:189  <0x5db0>V1-Send: 0x0503->0x1007 0x198B
12-28 16:18:43.366	          linker	[Debug]	        dji_protocol_v3.c:266  <0x5db1>V3-Send: 03:003F:001E:0x0503 -> 00:003F:001E:0x0200 0x3C10, tLen 85 dLen 64
12-28 16:18:43.366	          linker	[Debug]	        dji_protocol_v3.c:266  <0x5db2>V3-Send: 03:003F:001E:0x0503 -> 00:003F:001E:0x0300 0x3C10, tLen 85 dLen 64
12-28 16:18:43.366	          linker	[Debug]	        dji_protocol_v3.c:266  <0x5db3>V3-Send: 03:003F:001E:0x0503 -> 00:003F:001E:0x1104 0x3C10, tLen 85 dLen 64
12-28 16:18:43.366	          linker	[Debug]	        dji_protocol_v3.c:266  <0x5db4>V3-Send: 03:003F:001E:0x0503 -> 00:003F:001E:0x0701 0x3C10, tLen 85 dLen 64
12-28 16:18:43.366	          linker	[Debug]	        dji_protocol_v3.c:266  <0x5db5>V3-Send: 03:003F:001E:0x0503 -> 00:003F:001E:0x1100 0x3C10, tLen 85 dLen 64
12-28 16:18:43.369	          linker	[Debug]	        dji_protocol_v3.c:387  <0x5daf>V3-Recv: 00:003F:001E:0x0801 -> 03:003F:001E:0x0503 0x0099, tLen 30 dLen 9
12-28 16:18:43.369	          linker	[Debug]	        dji_protocol_v3.c:506  0:0x0801 convert to 0028(0x0801)
12-28 16:18:43.369	          linker	[Debug]	        dji_protocol_v3.c:506  3:0x0503 convert to 0065(0x0503)
12-28 16:18:43.369	          linker	[Debug]	        dji_protocol_v3.c:387  <0x113>V3-Recv: 00:003F:001E:0x0801 -> 03:003F:001E:0x0503 0x0099, tLen 95 dLen 74
12-28 16:18:43.369	          linker	[Debug]	        dji_protocol_v3.c:506  0:0x0801 convert to 0028(0x0801)
12-28 16:18:43.369	          linker	[Debug]	        dji_protocol_v3.c:506  3:0x0503 convert to 0065(0x0503)
12-28 16:18:43.369	          linker	[Debug]	            dji_command.c:1128  <0x5daf>Receive msg from linker, 0x0801(0x0028)->0x0503(0x0065) 0x0099 len:9
12-28 16:18:43.369	          linker	[Debug]	            dji_command.c:1076 PsdkCommand_SendSyncCallback success
12-28 16:18:43.369	          linker	[Debug]	            dji_command.c:890  callback function (cmdset: 0x00 cmdid: 0x99) deal time: 0 ms
12-28 16:18:43.370	          linker	[Debug]	            dji_command.c:612  sendSync callback success
12-28 16:18:43.370	          linker	[Debug]	        dji_protocol_v3.c:266  <0x5db6>V3-Send: 03:003F:001E:0x0503 -> 00:003F:001E:0x0801 0x0099, tLen 47 dLen 26
12-28 16:18:43.371	          linker	[Debug]	            dji_command.c:1128  <0x113>Receive msg from linker, 0x0801(0x0028)->0x0503(0x0065) 0x0099 len:74
12-28 16:18:43.381	          linker	[Debug]	        dji_protocol_v3.c:387  <0x5db6>V3-Recv: 00:003F:001E:0x0801 -> 03:003F:001E:0x0503 0x0099, tLen 30 dLen 9
12-28 16:18:43.381	          linker	[Debug]	        dji_protocol_v3.c:506  0:0x0801 convert to 0028(0x0801)
12-28 16:18:43.381	          linker	[Debug]	        dji_protocol_v3.c:506  3:0x0503 convert to 0065(0x0503)
12-28 16:18:43.381	          linker	[Debug]	        dji_protocol_v3.c:387  <0xa010>V3-Recv: 00:003F:001E:0x1204 -> 03:003F:001E:0x0503 0x4900, tLen 23 dLen 2
12-28 16:18:43.381	          linker	[Debug]	        dji_protocol_v3.c:506  0:0x1204 convert to 0092(0x1204)
12-28 16:18:43.381	          linker	[Debug]	        dji_protocol_v3.c:506  3:0x0503 convert to 0065(0x0503)
12-28 16:18:43.381	          linker	[Debug]	        dji_protocol_v3.c:387  <0x1dcc>V3-Recv: 00:003F:001E:0x0300 -> 03:003F:001E:0x0503 0x3C57, tLen 37 dLen 16
12-28 16:18:43.381	          linker	[Debug]	        dji_protocol_v3.c:506  0:0x0300 convert to 0003(0x0300)
12-28 16:18:43.381	          linker	[Debug]	        dji_protocol_v3.c:506  3:0x0503 convert to 0065(0x0503)
12-28 16:18:43.381	          linker	[Debug]	            dji_command.c:1128  <0x5db6>Receive msg from linker, 0x0801(0x0028)->0x0503(0x0065) 0x0099 len:9
12-28 16:18:43.381	          linker	[Debug]	            dji_command.c:1076 PsdkCommand_SendSyncCallback success
12-28 16:18:43.381	          linker	[Debug]	            dji_command.c:890  callback function (cmdset: 0x00 cmdid: 0x99) deal time: 0 ms
12-28 16:18:43.381	          linker	[Debug]	            dji_command.c:612  sendSync callback success
12-28 16:18:43.382	             sub	[Debug]	dji_data_subscription_xrce_v3.c:261  Successfully update topic cam_expo_param period to 1000 ms
12-28 16:18:43.382	             sub	[Debug]	dji_data_subscription_dds_v3.c:465  topic cam_expo_param owns 1 subscriber
12-28 16:18:43.382	             sub	[Debug]	dji_camera_manager_ir_manager.c:1485 subscribedTopicTable[6] pos 1 type 0 topic 16777224
12-28 16:18:43.383	          linker	[Debug]	            dji_command.c:1128  <0xa010>Receive msg from linker, 0x1204(0x0092)->0x0503(0x0065) 0x4900 len:2
12-28 16:18:43.383	          linker	[Debug]	        dji_protocol_v3.c:266  <0xa010>V3-Send: 03:003F:001E:0x0503 -> 00:003F:001E:0x1204 0x4900, tLen 23 dLen 2
12-28 16:18:43.384	          linker	[Debug]	            dji_command.c:1128  <0x1dcc>Receive msg from linker, 0x0300(0x0003)->0x0503(0x0065) 0x3C57 len:16
12-28 16:18:43.384	          linker	[Debug]	            dji_command.c:980  received unsupport request cmd that noneed ack, <0x1dcc> cmdset: 0x3C cmdid: 0x57
12-28 16:18:43.388	          linker	[Debug]	        dji_protocol_v3.c:266  <0x5db7>V3-Send: 03:003F:001E:0x0503 -> 00:003F:001E:0x0200 0x3C1F, tLen 58 dLen 37
12-28 16:18:43.395	          linker	[Debug]	        dji_protocol_v3.c:387  <0xa018>V3-Recv: 00:003F:001E:0x1204 -> 03:003F:001E:0x0503 0x22AD, tLen 68 dLen 47
12-28 16:18:43.395	          linker	[Debug]	        dji_protocol_v3.c:506  0:0x1204 convert to 0092(0x1204)
12-28 16:18:43.395	          linker	[Debug]	        dji_protocol_v3.c:506  3:0x0503 convert to 0065(0x0503)
12-28 16:18:43.396	          linker	[Debug]	            dji_command.c:1128  <0xa018>Receive msg from linker, 0x1204(0x0092)->0x0503(0x0065) 0x22AD len:47
12-28 16:18:43.396	          linker	[Debug]	            dji_command.c:980  received unsupport request cmd that need ack, <0xa018> cmdset: 0x22 cmdid: 0xAD
12-28 16:18:43.434	          linker	[Debug]	        dji_protocol_v3.c:266  <0x5db8>V3-Send: 03:003F:001E:0x0503 -> 00:003F:001E:0x0200 0x3C1B, tLen 77 dLen 56
12-28 16:18:43.467	          linker	[Debug]	        dji_protocol_v3.c:387  <0x114>V3-Recv: 00:003F:001E:0x0801 -> 03:003F:001E:0x0503 0x0099, tLen 58 dLen 37
12-28 16:18:43.467	          linker	[Debug]	        dji_protocol_v3.c:506  0:0x0801 convert to 0028(0x0801)
12-28 16:18:43.467	          linker	[Debug]	        dji_protocol_v3.c:506  3:0x0503 convert to 0065(0x0503)
12-28 16:18:43.467	          linker	[Debug]	            dji_command.c:1128  <0x114>Receive msg from linker, 0x0801(0x0028)->0x0503(0x0065) 0x0099 len:37
12-28 16:18:43.483	          linker	[Debug]	        dji_protocol_v3.c:387  <0xa024>V3-Recv: 00:003F:001E:0x1204 -> 03:003F:001E:0x0503 0x4900, tLen 23 dLen 2
12-28 16:18:43.483	          linker	[Debug]	        dji_protocol_v3.c:506  0:0x1204 convert to 0092(0x1204)
12-28 16:18:43.483	          linker	[Debug]	        dji_protocol_v3.c:506  3:0x0503 convert to 0065(0x0503)
12-28 16:18:43.483	          linker	[Debug]	            dji_command.c:1128  <0xa024>Receive msg from linker, 0x1204(0x0092)->0x0503(0x0065) 0x4900 len:2
12-28 16:18:43.484	          linker	[Debug]	        dji_protocol_v3.c:266  <0xa024>V3-Send: 03:003F:001E:0x0503 -> 00:003F:001E:0x1204 0x4900, tLen 23 dLen 2
12-28 16:18:43.495	          linker	[Debug]	        dji_protocol_v3.c:387  <0xa028>V3-Recv: 00:003F:001E:0x1204 -> 03:003F:001E:0x0503 0x22AD, tLen 68 dLen 47
12-28 16:18:43.495	          linker	[Debug]	        dji_protocol_v3.c:506  0:0x1204 convert to 0092(0x1204)
12-28 16:18:43.495	          linker	[Debug]	        dji_protocol_v3.c:506  3:0x0503 convert to 0065(0x0503)
12-28 16:18:43.495	          linker	[Debug]	            dji_command.c:1128  <0xa028>Receive msg from linker, 0x1204(0x0092)->0x0503(0x0065) 0x22AD len:47
12-28 16:18:43.495	          linker	[Debug]	            dji_command.c:980  received unsupport request cmd that need ack, <0xa028> cmdset: 0x22 cmdid: 0xAD
12-28 16:18:43.513	          linker	[Debug]	        dji_protocol_v3.c:387  <0x115>V3-Recv: 00:003F:001E:0x0801 -> 03:003F:001E:0x0503 0x0099, tLen 65 dLen 44
12-28 16:18:43.513	          linker	[Debug]	        dji_protocol_v3.c:506  0:0x0801 convert to 0028(0x0801)
12-28 16:18:43.513	          linker	[Debug]	        dji_protocol_v3.c:506  3:0x0503 convert to 0065(0x0503)
12-28 16:18:43.514	          linker	[Debug]	            dji_command.c:1128  <0x115>Receive msg from linker, 0x0801(0x0028)->0x0503(0x0065) 0x0099 len:44
12-28 16:18:43.547	           utils	[Debug]	          dji_root_task.c:131  work execution time:
12-28 16:18:43.547	           utils	[Debug]	          dji_root_task.c:132  name	                execution time (ms)	  max execution time (ms)
12-28 16:18:43.547	           utils	[Debug]	          dji_root_task.c:134  recorderWork                    	1       	1       
12-28 16:18:43.547	           utils	[Debug]	          dji_root_task.c:134  flowControllerTask              	1       	1       
12-28 16:18:43.547	           utils	[Debug]	          dji_root_task.c:134  commandTask                     	1       	1       
12-28 16:18:43.547	           utils	[Debug]	          dji_root_task.c:134  aircraftWorkNode                	0       	1       
12-28 16:18:43.547	           utils	[Debug]	          dji_root_task.c:134  dataBuriedPointTask             	0       	0       
12-28 16:18:43.547	           utils	[Debug]	          dji_root_task.c:134  StatePushWork                   	1       	1       
12-28 16:18:43.547	           utils	[Debug]	          dji_root_task.c:134  WidgetWork                      	1       	1       
12-28 16:18:43.547	           utils	[Debug]	          dji_root_task.c:134  hmsTask                         	0       	1       
12-28 16:18:43.575	          linker	[Debug]	        dji_protocol_v3.c:387  <0xa034>V3-Recv: 00:003F:001E:0x1204 -> 03:003F:001E:0x0503 0x4900, tLen 23 dLen 2
12-28 16:18:43.575	          linker	[Debug]	        dji_protocol_v3.c:506  0:0x1204 convert to 0092(0x1204)
12-28 16:18:43.575	          linker	[Debug]	        dji_protocol_v3.c:506  3:0x0503 convert to 0065(0x0503)
12-28 16:18:43.576	          linker	[Debug]	            dji_command.c:1128  <0xa034>Receive msg from linker, 0x1204(0x0092)->0x0503(0x0065) 0x4900 len:2
12-28 16:18:43.576	          linker	[Debug]	        dji_protocol_v3.c:266  <0xa034>V3-Send: 03:003F:001E:0x0503 -> 00:003F:001E:0x1204 0x4900, tLen 23 dLen 2
12-28 16:18:43.581	          linker	[Debug]	        dji_protocol_v1.c:189  <0x5db9>V1-Send: 0x0503->0x1007 0x198B
12-28 16:18:43.582	          linker	[Debug]	        dji_protocol_v3.c:266  <0x5dba>V3-Send: 03:003F:001E:0x0503 -> 00:003F:001E:0x0200 0x3C10, tLen 85 dLen 64
12-28 16:18:43.582	          linker	[Debug]	        dji_protocol_v3.c:266  <0x5dbb>V3-Send: 03:003F:001E:0x0503 -> 00:003F:001E:0x0300 0x3C10, tLen 85 dLen 64
12-28 16:18:43.582	          linker	[Debug]	        dji_protocol_v3.c:266  <0x5dbc>V3-Send: 03:003F:001E:0x0503 -> 00:003F:001E:0x1104 0x3C10, tLen 85 dLen 64
12-28 16:18:43.582	          linker	[Debug]	        dji_protocol_v3.c:266  <0x5dbd>V3-Send: 03:003F:001E:0x0503 -> 00:003F:001E:0x0701 0x3C10, tLen 85 dLen 64
12-28 16:18:43.582	          linker	[Debug]	        dji_protocol_v3.c:266  <0x5dbe>V3-Send: 03:003F:001E:0x0503 -> 00:003F:001E:0x1100 0x3C10, tLen 85 dLen 64
12-28 16:18:43.586	          linker	[Debug]	        dji_protocol_v3.c:387  <0x1f29>V3-Recv: 00:003F:001E:0x0300 -> 03:003F:001E:0x0503 0x3C57, tLen 37 dLen 16
12-28 16:18:43.586	          linker	[Debug]	        dji_protocol_v3.c:506  0:0x0300 convert to 0003(0x0300)
12-28 16:18:43.586	          linker	[Debug]	        dji_protocol_v3.c:506  3:0x0503 convert to 0065(0x0503)
12-28 16:18:43.587	          linker	[Debug]	            dji_command.c:1128  <0x1f29>Receive msg from linker, 0x0300(0x0003)->0x0503(0x0065) 0x3C57 len:16
12-28 16:18:43.587	          linker	[Debug]	            dji_command.c:980  received unsupport request cmd that noneed ack, <0x1f29> cmdset: 0x3C cmdid: 0x57
12-28 16:18:43.588	          linker	[Debug]	        dji_protocol_v3.c:266  <0x5dbf>V3-Send: 03:003F:001E:0x0503 -> 00:003F:001E:0x0200 0x3C1F, tLen 58 dLen 37
12-28 16:18:43.604	          linker	[Debug]	        dji_protocol_v3.c:387  <0xa038>V3-Recv: 00:003F:001E:0x1204 -> 03:003F:001E:0x0503 0x22AD, tLen 68 dLen 47
12-28 16:18:43.604	          linker	[Debug]	        dji_protocol_v3.c:506  0:0x1204 convert to 0092(0x1204)
12-28 16:18:43.604	          linker	[Debug]	        dji_protocol_v3.c:506  3:0x0503 convert to 0065(0x0503)
12-28 16:18:43.604	          linker	[Debug]	            dji_command.c:1128  <0xa038>Receive msg from linker, 0x1204(0x0092)->0x0503(0x0065) 0x22AD len:47
12-28 16:18:43.604	          linker	[Debug]	            dji_command.c:980  received unsupport request cmd that need ack, <0xa038> cmdset: 0x22 cmdid: 0xAD
12-28 16:18:43.650	          linker	[Debug]	        dji_protocol_v3.c:266  <0x5dc0>V3-Send: 03:003F:001E:0x0503 -> 00:003F:001E:0x0200 0x3C1B, tLen 77 dLen 56
12-28 16:18:43.666	          linker	[Debug]	        dji_protocol_v3.c:387  <0x116>V3-Recv: 00:003F:001E:0x0801 -> 03:003F:001E:0x0503 0x0099, tLen 58 dLen 37
12-28 16:18:43.667	          linker	[Debug]	        dji_protocol_v3.c:506  0:0x0801 convert to 0028(0x0801)
12-28 16:18:43.667	          linker	[Debug]	        dji_protocol_v3.c:506  3:0x0503 convert to 0065(0x0503)
12-28 16:18:43.667	          linker	[Debug]	            dji_command.c:1128  <0x116>Receive msg from linker, 0x0801(0x0028)->0x0503(0x0065) 0x0099 len:37
12-28 16:18:43.683	          linker	[Debug]	        dji_protocol_v3.c:387  <0xa044>V3-Recv: 00:003F:001E:0x1204 -> 03:003F:001E:0x0503 0x4900, tLen 23 dLen 2
12-28 16:18:43.684	          linker	[Debug]	        dji_protocol_v3.c:506  0:0x1204 convert to 0092(0x1204)
12-28 16:18:43.684	          linker	[Debug]	        dji_protocol_v3.c:506  3:0x0503 convert to 0065(0x0503)
12-28 16:18:43.684	          linker	[Debug]	            dji_command.c:1128  <0xa044>Receive msg from linker, 0x1204(0x0092)->0x0503(0x0065) 0x4900 len:2
12-28 16:18:43.685	          linker	[Debug]	        dji_protocol_v3.c:266  <0xa044>V3-Send: 03:003F:001E:0x0503 -> 00:003F:001E:0x1204 0x4900, tLen 23 dLen 2
12-28 16:18:43.695	          linker	[Debug]	        dji_protocol_v3.c:387  <0xa048>V3-Recv: 00:003F:001E:0x1204 -> 03:003F:001E:0x0503 0x22AD, tLen 68 dLen 47
12-28 16:18:43.695	          linker	[Debug]	        dji_protocol_v3.c:506  0:0x1204 convert to 0092(0x1204)
12-28 16:18:43.695	          linker	[Debug]	        dji_protocol_v3.c:506  3:0x0503 convert to 0065(0x0503)
12-28 16:18:43.695	          linker	[Debug]	            dji_command.c:1128  <0xa048>Receive msg from linker, 0x1204(0x0092)->0x0503(0x0065) 0x22AD len:47
12-28 16:18:43.695	          linker	[Debug]	            dji_command.c:980  received unsupport request cmd that need ack, <0xa048> cmdset: 0x22 cmdid: 0xAD
12-28 16:18:43.706	          linker	[Debug]	        dji_protocol_v3.c:387  <0x117>V3-Recv: 00:003F:001E:0x0801 -> 03:003F:001E:0x0503 0x0099, tLen 70 dLen 49
12-28 16:18:43.706	          linker	[Debug]	        dji_protocol_v3.c:506  0:0x0801 convert to 0028(0x0801)
12-28 16:18:43.706	          linker	[Debug]	        dji_protocol_v3.c:506  3:0x0503 convert to 0065(0x0503)
12-28 16:18:43.706	          linker	[Debug]	            dji_command.c:1128  <0x117>Receive msg from linker, 0x0801(0x0028)->0x0503(0x0065) 0x0099 len:49
12-28 16:18:43.719	          linker	[Debug]	        dji_protocol_v3.c:387  <0x118>V3-Recv: 00:003F:001E:0x0801 -> 03:003F:001E:0x0503 0x0099, tLen 56 dLen 35
12-28 16:18:43.719	          linker	[Debug]	        dji_protocol_v3.c:506  0:0x0801 convert to 0028(0x0801)
12-28 16:18:43.719	          linker	[Debug]	        dji_protocol_v3.c:506  3:0x0503 convert to 0065(0x0503)
12-28 16:18:43.719	          linker	[Debug]	        dji_protocol_v3.c:387  <0x119>V3-Recv: 00:003F:001E:0x0801 -> 03:003F:001E:0x0503 0x0099, tLen 98 dLen 77
12-28 16:18:43.719	          linker	[Debug]	        dji_protocol_v3.c:506  0:0x0801 convert to 0028(0x0801)
12-28 16:18:43.719	          linker	[Debug]	        dji_protocol_v3.c:506  3:0x0503 convert to 0065(0x0503)
12-28 16:18:43.719	          linker	[Debug]	        dji_protocol_v3.c:387  <0x11a>V3-Recv: 00:003F:001E:0x0801 -> 03:003F:001E:0x0503 0x0099, tLen 95 dLen 74
12-28 16:18:43.719	          linker	[Debug]	        dji_protocol_v3.c:506  0:0x0801 convert to 0028(0x0801)
12-28 16:18:43.719	          linker	[Debug]	        dji_protocol_v3.c:506  3:0x0503 convert to 0065(0x0503)
12-28 16:18:43.720	          linker	[Debug]	            dji_command.c:1128  <0x118>Receive msg from linker, 0x0801(0x0028)->0x0503(0x0065) 0x0099 len:35
12-28 16:18:43.721	          linker	[Debug]	            dji_command.c:1128  <0x119>Receive msg from linker, 0x0801(0x0028)->0x0503(0x0065) 0x0099 len:77
12-28 16:18:43.723	          linker	[Debug]	            dji_command.c:1128  <0x11a>Receive msg from linker, 0x0801(0x0028)->0x0503(0x0065) 0x0099 len:74
12-28 16:18:43.735	          linker	[Debug]	        dji_protocol_v3.c:387  <0x9bcf>V3-Recv: 00:0001:0000:0x0202 -> 03:0000:0001:0x0503 0x3C1C, tLen 28 dLen 7
12-28 16:18:43.735	          linker	[Debug]	        dji_protocol_v3.c:506  0:0x0202 convert to 0042(0x0202)
12-28 16:18:43.735	          linker	[Debug]	        dji_protocol_v3.c:506  3:0x0503 convert to 0065(0x0503)
12-28 16:18:43.735	          linker	[Debug]	        dji_protocol_v3.c:387  <0x9bd0>V3-Recv: 00:0001:0000:0x0202 -> 03:0000:0001:0x0503 0x3C25, tLen 23 dLen 2
12-28 16:18:43.735	          linker	[Debug]	        dji_protocol_v3.c:506  0:0x0202 convert to 0042(0x0202)
12-28 16:18:43.735	          linker	[Debug]	        dji_protocol_v3.c:506  3:0x0503 convert to 0065(0x0503)
12-28 16:18:43.735	          linker	[Debug]	            dji_command.c:1128  <0x9bcf>Receive msg from linker, 0x0202(0x0042)->0x0503(0x0065) 0x3C1C len:7
12-28 16:18:43.737	          linker	[Debug]	            dji_command.c:1128  <0x9bd0>Receive msg from linker, 0x0202(0x0042)->0x0503(0x0065) 0x3C25 len:2
12-28 16:18:43.737	          linker	[Debug]	            dji_command.c:980  received unsupport request cmd that need ack, <0x9bd0> cmdset: 0x3C cmdid: 0x25
12-28 16:18:43.775	          linker	[Debug]	        dji_protocol_v3.c:387  <0xa054>V3-Recv: 00:003F:001E:0x1204 -> 03:003F:001E:0x0503 0x4900, tLen 23 dLen 2
12-28 16:18:43.775	          linker	[Debug]	        dji_protocol_v3.c:506  0:0x1204 convert to 0092(0x1204)
12-28 16:18:43.775	          linker	[Debug]	        dji_protocol_v3.c:506  3:0x0503 convert to 0065(0x0503)
12-28 16:18:43.775	          linker	[Debug]	            dji_command.c:1128  <0xa054>Receive msg from linker, 0x1204(0x0092)->0x0503(0x0065) 0x4900 len:2
12-28 16:18:43.775	          linker	[Debug]	        dji_protocol_v3.c:266  <0xa054>V3-Send: 03:003F:001E:0x0503 -> 00:003F:001E:0x1204 0x4900, tLen 23 dLen 2
12-28 16:18:43.786	          linker	[Debug]	        dji_protocol_v3.c:387  <0x208a>V3-Recv: 00:003F:001E:0x0300 -> 03:003F:001E:0x0503 0x3C57, tLen 37 dLen 16
12-28 16:18:43.786	          linker	[Debug]	        dji_protocol_v3.c:506  0:0x0300 convert to 0003(0x0300)
12-28 16:18:43.786	          linker	[Debug]	        dji_protocol_v3.c:506  3:0x0503 convert to 0065(0x0503)
12-28 16:18:43.787	          linker	[Debug]	            dji_command.c:1128  <0x208a>Receive msg from linker, 0x0300(0x0003)->0x0503(0x0065) 0x3C57 len:16
12-28 16:18:43.787	          linker	[Debug]	            dji_command.c:980  received unsupport request cmd that noneed ack, <0x208a> cmdset: 0x3C cmdid: 0x57
12-28 16:18:43.789	          linker	[Debug]	        dji_protocol_v3.c:266  <0x5dc1>V3-Send: 03:003F:001E:0x0503 -> 00:003F:001E:0x0200 0x3C1F, tLen 58 dLen 37
12-28 16:18:43.798	          linker	[Debug]	        dji_protocol_v1.c:189  <0x5dc2>V1-Send: 0x0503->0x1007 0x198B
12-28 16:18:43.798	          linker	[Debug]	        dji_protocol_v3.c:266  <0x5dc3>V3-Send: 03:003F:001E:0x0503 -> 00:003F:001E:0x0200 0x3C10, tLen 85 dLen 64
12-28 16:18:43.798	          linker	[Debug]	        dji_protocol_v3.c:266  <0x5dc4>V3-Send: 03:003F:001E:0x0503 -> 00:003F:001E:0x0300 0x3C10, tLen 85 dLen 64
12-28 16:18:43.798	          linker	[Debug]	        dji_protocol_v3.c:266  <0x5dc5>V3-Send: 03:003F:001E:0x0503 -> 00:003F:001E:0x1104 0x3C10, tLen 85 dLen 64
12-28 16:18:43.799	          linker	[Debug]	        dji_protocol_v3.c:266  <0x5dc6>V3-Send: 03:003F:001E:0x0503 -> 00:003F:001E:0x0701 0x3C10, tLen 85 dLen 64
12-28 16:18:43.799	          linker	[Debug]	        dji_protocol_v3.c:266  <0x5dc7>V3-Send: 03:003F:001E:0x0503 -> 00:003F:001E:0x1100 0x3C10, tLen 85 dLen 64
12-28 16:18:43.804	          linker	[Debug]	        dji_protocol_v3.c:387  <0xa058>V3-Recv: 00:003F:001E:0x1204 -> 03:003F:001E:0x0503 0x22AD, tLen 68 dLen 47
12-28 16:18:43.804	          linker	[Debug]	        dji_protocol_v3.c:506  0:0x1204 convert to 0092(0x1204)
12-28 16:18:43.804	          linker	[Debug]	        dji_protocol_v3.c:506  3:0x0503 convert to 0065(0x0503)
12-28 16:18:43.804	          linker	[Debug]	            dji_command.c:1128  <0xa058>Receive msg from linker, 0x1204(0x0092)->0x0503(0x0065) 0x22AD len:47
12-28 16:18:43.804	          linker	[Debug]	            dji_command.c:980  received unsupport request cmd that need ack, <0xa058> cmdset: 0x22 cmdid: 0xAD
12-28 16:18:43.845	          linker	[Debug]	        dji_protocol_v1.c:309  <0x2038>V1-Recv: 0x0A06->0x0503 0x0866
12-28 16:18:43.845	          linker	[Debug]	            dji_command.c:1128  <0x2038>Receive msg from linker, 0x0A06(0x00CA)->0x0503(0x0065) 0x0866 len:102
12-28 16:18:43.845	          linker	[Debug]	            dji_command.c:980  received unsupport request cmd that noneed ack, <0x2038> cmdset: 0x08 cmdid: 0x66
12-28 16:18:43.867	          linker	[Debug]	        dji_protocol_v3.c:266  <0x5dc8>V3-Send: 03:003F:001E:0x0503 -> 00:003F:001E:0x0200 0x3C1B, tLen 77 dLen 56
12-28 16:18:43.867	          linker	[Debug]	        dji_protocol_v3.c:387  <0x11b>V3-Recv: 00:003F:001E:0x0801 -> 03:003F:001E:0x0503 0x0099, tLen 58 dLen 37
12-28 16:18:43.867	          linker	[Debug]	        dji_protocol_v3.c:506  0:0x0801 convert to 0028(0x0801)
12-28 16:18:43.867	          linker	[Debug]	        dji_protocol_v3.c:506  3:0x0503 convert to 0065(0x0503)
12-28 16:18:43.868	          linker	[Debug]	            dji_command.c:1128  <0x11b>Receive msg from linker, 0x0801(0x0028)->0x0503(0x0065) 0x0099 len:37
12-28 16:18:43.883	          linker	[Debug]	        dji_protocol_v3.c:387  <0xa064>V3-Recv: 00:003F:001E:0x1204 -> 03:003F:001E:0x0503 0x4900, tLen 23 dLen 2
12-28 16:18:43.883	          linker	[Debug]	        dji_protocol_v3.c:506  0:0x1204 convert to 0092(0x1204)
12-28 16:18:43.883	          linker	[Debug]	        dji_protocol_v3.c:506  3:0x0503 convert to 0065(0x0503)
12-28 16:18:43.884	          linker	[Debug]	            dji_command.c:1128  <0xa064>Receive msg from linker, 0x1204(0x0092)->0x0503(0x0065) 0x4900 len:2
12-28 16:18:43.884	          linker	[Debug]	        dji_protocol_v3.c:266  <0xa064>V3-Send: 03:003F:001E:0x0503 -> 00:003F:001E:0x1204 0x4900, tLen 23 dLen 2
12-28 16:18:43.895	          linker	[Debug]	        dji_protocol_v3.c:387  <0xa068>V3-Recv: 00:003F:001E:0x1204 -> 03:003F:001E:0x0503 0x22AD, tLen 68 dLen 47
12-28 16:18:43.895	          linker	[Debug]	        dji_protocol_v3.c:506  0:0x1204 convert to 0092(0x1204)
12-28 16:18:43.895	          linker	[Debug]	        dji_protocol_v3.c:506  3:0x0503 convert to 0065(0x0503)
12-28 16:18:43.896	          linker	[Debug]	            dji_command.c:1128  <0xa068>Receive msg from linker, 0x1204(0x0092)->0x0503(0x0065) 0x22AD len:47
12-28 16:18:43.896	          linker	[Debug]	            dji_command.c:980  received unsupport request cmd that need ack, <0xa068> cmdset: 0x22 cmdid: 0xAD
12-28 16:18:43.905	          linker	[Debug]	        dji_protocol_v3.c:387  <0x11c>V3-Recv: 00:003F:001E:0x0801 -> 03:003F:001E:0x0503 0x0099, tLen 65 dLen 44
12-28 16:18:43.905	          linker	[Debug]	        dji_protocol_v3.c:506  0:0x0801 convert to 0028(0x0801)
12-28 16:18:43.905	          linker	[Debug]	        dji_protocol_v3.c:506  3:0x0503 convert to 0065(0x0503)
12-28 16:18:43.905	          linker	[Debug]	            dji_command.c:1128  <0x11c>Receive msg from linker, 0x0801(0x0028)->0x0503(0x0065) 0x0099 len:44
12-28 16:18:43.975	          linker	[Debug]	        dji_protocol_v3.c:387  <0xa075>V3-Recv: 00:003F:001E:0x1204 -> 03:003F:001E:0x0503 0x4900, tLen 23 dLen 2
12-28 16:18:43.975	          linker	[Debug]	        dji_protocol_v3.c:506  0:0x1204 convert to 0092(0x1204)
12-28 16:18:43.975	          linker	[Debug]	        dji_protocol_v3.c:506  3:0x0503 convert to 0065(0x0503)
12-28 16:18:43.976	          linker	[Debug]	            dji_command.c:1128  <0xa075>Receive msg from linker, 0x1204(0x0092)->0x0503(0x0065) 0x4900 len:2
12-28 16:18:43.976	          linker	[Debug]	        dji_protocol_v3.c:266  <0xa075>V3-Send: 03:003F:001E:0x0503 -> 00:003F:001E:0x1204 0x4900, tLen 23 dLen 2
12-28 16:18:43.986	          linker	[Debug]	        dji_protocol_v3.c:387  <0x21eb>V3-Recv: 00:003F:001E:0x0300 -> 03:003F:001E:0x0503 0x3C57, tLen 37 dLen 16
12-28 16:18:43.986	          linker	[Debug]	        dji_protocol_v3.c:506  0:0x0300 convert to 0003(0x0300)
12-28 16:18:43.986	          linker	[Debug]	        dji_protocol_v3.c:506  3:0x0503 convert to 0065(0x0503)
12-28 16:18:43.986	          linker	[Debug]	            dji_command.c:1128  <0x21eb>Receive msg from linker, 0x0300(0x0003)->0x0503(0x0065) 0x3C57 len:16
12-28 16:18:43.986	          linker	[Debug]	            dji_command.c:980  received unsupport request cmd that noneed ack, <0x21eb> cmdset: 0x3C cmdid: 0x57
12-28 16:18:43.989	          linker	[Debug]	        dji_protocol_v3.c:266  <0x5dc9>V3-Send: 03:003F:001E:0x0503 -> 00:003F:001E:0x0200 0x3C1F, tLen 58 dLen 37
12-28 16:18:44.004	          linker	[Debug]	        dji_protocol_v3.c:387  <0xa079>V3-Recv: 00:003F:001E:0x1204 -> 03:003F:001E:0x0503 0x22AD, tLen 68 dLen 47
12-28 16:18:44.004	          linker	[Debug]	        dji_protocol_v3.c:506  0:0x1204 convert to 0092(0x1204)
12-28 16:18:44.004	          linker	[Debug]	        dji_protocol_v3.c:506  3:0x0503 convert to 0065(0x0503)
12-28 16:18:44.005	          linker	[Debug]	            dji_command.c:1128  <0xa079>Receive msg from linker, 0x1204(0x0092)->0x0503(0x0065) 0x22AD len:47
12-28 16:18:44.005	          linker	[Debug]	            dji_command.c:980  received unsupport request cmd that need ack, <0xa079> cmdset: 0x22 cmdid: 0xAD
12-28 16:18:44.013	          linker	[Debug]	        dji_protocol_v1.c:189  <0x5dca>V1-Send: 0x0503->0x1007 0x198B
12-28 16:18:44.014	          linker	[Debug]	        dji_protocol_v3.c:266  <0x5dcb>V3-Send: 03:003F:001E:0x0503 -> 00:003F:001E:0x0200 0x3C10, tLen 85 dLen 64
12-28 16:18:44.014	          linker	[Debug]	        dji_protocol_v3.c:266  <0x5dcc>V3-Send: 03:003F:001E:0x0503 -> 00:003F:001E:0x0300 0x3C10, tLen 85 dLen 64
12-28 16:18:44.014	          linker	[Debug]	        dji_protocol_v3.c:266  <0x5dcd>V3-Send: 03:003F:001E:0x0503 -> 00:003F:001E:0x1104 0x3C10, tLen 85 dLen 64
12-28 16:18:44.014	          linker	[Debug]	        dji_protocol_v3.c:266  <0x5dce>V3-Send: 03:003F:001E:0x0503 -> 00:003F:001E:0x0701 0x3C10, tLen 85 dLen 64
12-28 16:18:44.014	          linker	[Debug]	        dji_protocol_v3.c:266  <0x5dcf>V3-Send: 03:003F:001E:0x0503 -> 00:003F:001E:0x1100 0x3C10, tLen 85 dLen 64
12-28 16:18:44.067	          linker	[Debug]	        dji_protocol_v3.c:387  <0x11d>V3-Recv: 00:003F:001E:0x0801 -> 03:003F:001E:0x0503 0x0099, tLen 58 dLen 37
12-28 16:18:44.067	          linker	[Debug]	        dji_protocol_v3.c:506  0:0x0801 convert to 0028(0x0801)
12-28 16:18:44.067	          linker	[Debug]	        dji_protocol_v3.c:506  3:0x0503 convert to 0065(0x0503)
12-28 16:18:44.068	          linker	[Debug]	            dji_command.c:1128  <0x11d>Receive msg from linker, 0x0801(0x0028)->0x0503(0x0065) 0x0099 len:37
12-28 16:18:44.082	          linker	[Debug]	        dji_protocol_v3.c:266  <0x5dd0>V3-Send: 03:003F:001E:0x0503 -> 00:003F:001E:0x0200 0x3C1B, tLen 77 dLen 56
12-28 16:18:44.082	          linker	[Debug]	        dji_protocol_v3.c:387  <0xa085>V3-Recv: 00:003F:001E:0x1204 -> 03:003F:001E:0x0503 0x4900, tLen 23 dLen 2
12-28 16:18:44.083	          linker	[Debug]	        dji_protocol_v3.c:506  0:0x1204 convert to 0092(0x1204)
12-28 16:18:44.083	          linker	[Debug]	        dji_protocol_v3.c:506  3:0x0503 convert to 0065(0x0503)
12-28 16:18:44.083	          linker	[Debug]	            dji_command.c:1128  <0xa085>Receive msg from linker, 0x1204(0x0092)->0x0503(0x0065) 0x4900 len:2
12-28 16:18:44.083	          linker	[Debug]	        dji_protocol_v3.c:266  <0xa085>V3-Send: 03:003F:001E:0x0503 -> 00:003F:001E:0x1204 0x4900, tLen 23 dLen 2
12-28 16:18:44.090	          linker	[Debug]	        dji_protocol_v3.c:266  <0x5dd1>V3-Send: 03:003F:001E:0x0503 -> 00:003F:001E:0x0801 0x0000, tLen 21 dLen 0
12-28 16:18:44.090	           infor	[Debug]	dji_aircraft_connection.c:170  check connect status:1
12-28 16:18:44.095	          linker	[Debug]	        dji_protocol_v3.c:387  <0x5dd1>V3-Recv: 00:003F:001E:0x0801 -> 03:003F:001E:0x0503 0x0000, tLen 22 dLen 1
12-28 16:18:44.095	          linker	[Debug]	        dji_protocol_v3.c:506  0:0x0801 convert to 0028(0x0801)
12-28 16:18:44.095	          linker	[Debug]	        dji_protocol_v3.c:506  3:0x0503 convert to 0065(0x0503)
12-28 16:18:44.095	          linker	[Debug]	        dji_protocol_v3.c:387  <0xa089>V3-Recv: 00:003F:001E:0x1204 -> 03:003F:001E:0x0503 0x22AD, tLen 68 dLen 47
12-28 16:18:44.095	          linker	[Debug]	        dji_protocol_v3.c:506  0:0x1204 convert to 0092(0x1204)
12-28 16:18:44.095	          linker	[Debug]	        dji_protocol_v3.c:506  3:0x0503 convert to 0065(0x0503)
12-28 16:18:44.095	          linker	[Debug]	            dji_command.c:1128  <0x5dd1>Receive msg from linker, 0x0801(0x0028)->0x0503(0x0065) 0x0000 len:1
12-28 16:18:44.095	           infor	[Debug]	dji_aircraft_connection.c:303  connect status async sucess
12-28 16:18:44.095	          linker	[Debug]	            dji_command.c:890  callback function (cmdset: 0x00 cmdid: 0x00) deal time: 0 ms
12-28 16:18:44.096	          linker	[Debug]	            dji_command.c:1128  <0xa089>Receive msg from linker, 0x1204(0x0092)->0x0503(0x0065) 0x22AD len:47
12-28 16:18:44.096	          linker	[Debug]	            dji_command.c:980  received unsupport request cmd that need ack, <0xa089> cmdset: 0x22 cmdid: 0xAD
12-28 16:18:44.106	          linker	[Debug]	        dji_protocol_v3.c:387  <0x11e>V3-Recv: 00:003F:001E:0x0801 -> 03:003F:001E:0x0503 0x0099, tLen 56 dLen 35
12-28 16:18:44.106	          linker	[Debug]	        dji_protocol_v3.c:506  0:0x0801 convert to 0028(0x0801)
12-28 16:18:44.106	          linker	[Debug]	        dji_protocol_v3.c:506  3:0x0503 convert to 0065(0x0503)
12-28 16:18:44.106	          linker	[Debug]	        dji_protocol_v3.c:387  <0x11f>V3-Recv: 00:003F:001E:0x0801 -> 03:003F:001E:0x0503 0x0099, tLen 70 dLen 49
12-28 16:18:44.106	          linker	[Debug]	        dji_protocol_v3.c:506  0:0x0801 convert to 0028(0x0801)
12-28 16:18:44.106	          linker	[Debug]	        dji_protocol_v3.c:506  3:0x0503 convert to 0065(0x0503)
12-28 16:18:44.107	          linker	[Debug]	            dji_command.c:1128  <0x11e>Receive msg from linker, 0x0801(0x0028)->0x0503(0x0065) 0x0099 len:35
12-28 16:18:44.108	          linker	[Debug]	            dji_command.c:1128  <0x11f>Receive msg from linker, 0x0801(0x0028)->0x0503(0x0065) 0x0099 len:49
12-28 16:18:44.117	          linker	[Debug]	        dji_protocol_v3.c:387  <0x120>V3-Recv: 00:003F:001E:0x0801 -> 03:003F:001E:0x0503 0x0099, tLen 98 dLen 77
12-28 16:18:44.117	          linker	[Debug]	        dji_protocol_v3.c:506  0:0x0801 convert to 0028(0x0801)
12-28 16:18:44.117	          linker	[Debug]	        dji_protocol_v3.c:506  3:0x0503 convert to 0065(0x0503)
12-28 16:18:44.118	          linker	[Debug]	            dji_command.c:1128  <0x120>Receive msg from linker, 0x0801(0x0028)->0x0503(0x0065) 0x0099 len:77
12-28 16:18:44.132	          linker	[Debug]	        dji_protocol_v3.c:387  <0x121>V3-Recv: 00:003F:001E:0x0801 -> 03:003F:001E:0x0503 0x0099, tLen 95 dLen 74
12-28 16:18:44.132	          linker	[Debug]	        dji_protocol_v3.c:506  0:0x0801 convert to 0028(0x0801)
12-28 16:18:44.132	          linker	[Debug]	        dji_protocol_v3.c:506  3:0x0503 convert to 0065(0x0503)
12-28 16:18:44.133	          linker	[Debug]	            dji_command.c:1128  <0x121>Receive msg from linker, 0x0801(0x0028)->0x0503(0x0065) 0x0099 len:74
12-28 16:18:44.001	          linker	[Debug]	        dji_protocol_v3.c:387  <0xa095>V3-Recv: 00:003F:001E:0x1204 -> 03:003F:001E:0x0503 0x4900, tLen 23 dLen 2
12-28 16:18:44.001	          linker	[Debug]	        dji_protocol_v3.c:506  0:0x1204 convert to 0092(0x1204)
12-28 16:18:44.001	          linker	[Debug]	        dji_protocol_v3.c:506  3:0x0503 convert to 0065(0x0503)
12-28 16:18:44.001	          linker	[Debug]	            dji_command.c:1128  <0xa095>Receive msg from linker, 0x1204(0x0092)->0x0503(0x0065) 0x4900 len:2
12-28 16:18:44.001	          linker	[Debug]	        dji_protocol_v3.c:266  <0xa095>V3-Send: 03:003F:001E:0x0503 -> 00:003F:001E:0x1204 0x4900, tLen 23 dLen 2
12-28 16:18:44.013	          linker	[Debug]	        dji_protocol_v3.c:387  <0x236b>V3-Recv: 00:003F:001E:0x0300 -> 03:003F:001E:0x0503 0x3C57, tLen 37 dLen 16
12-28 16:18:44.013	          linker	[Debug]	        dji_protocol_v3.c:506  0:0x0300 convert to 0003(0x0300)
12-28 16:18:44.013	          linker	[Debug]	        dji_protocol_v3.c:506  3:0x0503 convert to 0065(0x0503)
12-28 16:18:44.014	          linker	[Debug]	            dji_command.c:1128  <0x236b>Receive msg from linker, 0x0300(0x0003)->0x0503(0x0065) 0x3C57 len:16
12-28 16:18:44.014	          linker	[Debug]	            dji_command.c:980  received unsupport request cmd that noneed ack, <0x236b> cmdset: 0x3C cmdid: 0x57
12-28 16:18:44.015	          linker	[Debug]	        dji_protocol_v3.c:266  <0x5dd2>V3-Send: 03:003F:001E:0x0503 -> 00:003F:001E:0x0200 0x3C1F, tLen 58 dLen 37
12-28 16:18:44.030	          linker	[Debug]	        dji_protocol_v3.c:387  <0xa099>V3-Recv: 00:003F:001E:0x1204 -> 03:003F:001E:0x0503 0x22AD, tLen 68 dLen 47
12-28 16:18:44.030	          linker	[Debug]	        dji_protocol_v3.c:506  0:0x1204 convert to 0092(0x1204)
12-28 16:18:44.030	          linker	[Debug]	        dji_protocol_v3.c:506  3:0x0503 convert to 0065(0x0503)
12-28 16:18:44.031	          linker	[Debug]	            dji_command.c:1128  <0xa099>Receive msg from linker, 0x1204(0x0092)->0x0503(0x0065) 0x22AD len:47
12-28 16:18:44.031	          linker	[Debug]	            dji_command.c:980  received unsupport request cmd that need ack, <0xa099> cmdset: 0x22 cmdid: 0xAD
12-28 16:18:44.057	          linker	[Debug]	        dji_protocol_v1.c:189  <0x5dd3>V1-Send: 0x0503->0x1007 0x198B
12-28 16:18:44.057	          linker	[Debug]	        dji_protocol_v3.c:266  <0x5dd4>V3-Send: 03:003F:001E:0x0503 -> 00:003F:001E:0x0200 0x3C10, tLen 85 dLen 64
12-28 16:18:44.057	          linker	[Debug]	        dji_protocol_v3.c:266  <0x5dd5>V3-Send: 03:003F:001E:0x0503 -> 00:003F:001E:0x0300 0x3C10, tLen 85 dLen 64
12-28 16:18:44.057	          linker	[Debug]	        dji_protocol_v3.c:266  <0x5dd6>V3-Send: 03:003F:001E:0x0503 -> 00:003F:001E:0x1104 0x3C10, tLen 85 dLen 64
12-28 16:18:44.057	          linker	[Debug]	        dji_protocol_v3.c:266  <0x5dd7>V3-Send: 03:003F:001E:0x0503 -> 00:003F:001E:0x0701 0x3C10, tLen 85 dLen 64
12-28 16:18:44.057	          linker	[Debug]	        dji_protocol_v3.c:266  <0x5dd8>V3-Send: 03:003F:001E:0x0503 -> 00:003F:001E:0x1100 0x3C10, tLen 85 dLen 64
12-28 16:18:44.094	          linker	[Debug]	        dji_protocol_v3.c:387  <0x122>V3-Recv: 00:003F:001E:0x0801 -> 03:003F:001E:0x0503 0x0099, tLen 58 dLen 37
12-28 16:18:44.094	          linker	[Debug]	        dji_protocol_v3.c:506  0:0x0801 convert to 0028(0x0801)
12-28 16:18:44.094	          linker	[Debug]	        dji_protocol_v3.c:506  3:0x0503 convert to 0065(0x0503)
12-28 16:18:44.094	          linker	[Debug]	            dji_command.c:1128  <0x122>Receive msg from linker, 0x0801(0x0028)->0x0503(0x0065) 0x0099 len:37
12-28 16:18:44.109	          linker	[Debug]	        dji_protocol_v3.c:387  <0xa0a5>V3-Recv: 00:003F:001E:0x1204 -> 03:003F:001E:0x0503 0x4900, tLen 23 dLen 2
12-28 16:18:44.109	          linker	[Debug]	        dji_protocol_v3.c:506  0:0x1204 convert to 0092(0x1204)
12-28 16:18:44.109	          linker	[Debug]	        dji_protocol_v3.c:506  3:0x0503 convert to 0065(0x0503)
12-28 16:18:44.110	          linker	[Debug]	            dji_command.c:1128  <0xa0a5>Receive msg from linker, 0x1204(0x0092)->0x0503(0x0065) 0x4900 len:2
12-28 16:18:44.110	          linker	[Debug]	        dji_protocol_v3.c:266  <0xa0a5>V3-Send: 03:003F:001E:0x0503 -> 00:003F:001E:0x1204 0x4900, tLen 23 dLen 2
12-28 16:18:44.122	          linker	[Debug]	        dji_protocol_v3.c:387  <0xa0a9>V3-Recv: 00:003F:001E:0x1204 -> 03:003F:001E:0x0503 0x22AD, tLen 68 dLen 47
12-28 16:18:44.122	          linker	[Debug]	        dji_protocol_v3.c:506  0:0x1204 convert to 0092(0x1204)
12-28 16:18:44.122	          linker	[Debug]	        dji_protocol_v3.c:506  3:0x0503 convert to 0065(0x0503)
12-28 16:18:44.122	          linker	[Debug]	            dji_command.c:1128  <0xa0a9>Receive msg from linker, 0x1204(0x0092)->0x0503(0x0065) 0x22AD len:47
12-28 16:18:44.122	          linker	[Debug]	            dji_command.c:980  received unsupport request cmd that need ack, <0xa0a9> cmdset: 0x22 cmdid: 0xAD
12-28 16:18:44.126	          linker	[Debug]	        dji_protocol_v3.c:266  <0x5dd9>V3-Send: 03:003F:001E:0x0503 -> 00:003F:001E:0x0200 0x3C1B, tLen 77 dLen 56
12-28 16:18:44.137	          linker	[Debug]	        dji_protocol_v3.c:387  <0x123>V3-Recv: 00:003F:001E:0x0801 -> 03:003F:001E:0x0503 0x0099, tLen 65 dLen 44
12-28 16:18:44.137	          linker	[Debug]	        dji_protocol_v3.c:506  0:0x0801 convert to 0028(0x0801)
12-28 16:18:44.137	          linker	[Debug]	        dji_protocol_v3.c:506  3:0x0503 convert to 0065(0x0503)
12-28 16:18:44.138	          linker	[Debug]	            dji_command.c:1128  <0x123>Receive msg from linker, 0x0801(0x0028)->0x0503(0x0065) 0x0099 len:44
12-28 16:18:44.171	          linker	[Debug]	        dji_protocol_v1.c:309  <0x2038>V1-Recv: 0x0A06->0x0503 0x0866
12-28 16:18:44.172	          linker	[Debug]	            dji_command.c:1128  <0x2038>Receive msg from linker, 0x0A06(0x00CA)->0x0503(0x0065) 0x0866 len:102
12-28 16:18:44.172	          linker	[Debug]	            dji_command.c:980  received unsupport request cmd that noneed ack, <0x2038> cmdset: 0x08 cmdid: 0x66
12-28 16:18:44.201	          linker	[Debug]	        dji_protocol_v3.c:387  <0xa0b5>V3-Recv: 00:003F:001E:0x1204 -> 03:003F:001E:0x0503 0x4900, tLen 23 dLen 2
12-28 16:18:44.201	          linker	[Debug]	        dji_protocol_v3.c:506  0:0x1204 convert to 0092(0x1204)
12-28 16:18:44.202	          linker	[Debug]	        dji_protocol_v3.c:506  3:0x0503 convert to 0065(0x0503)
12-28 16:18:44.202	          linker	[Debug]	            dji_command.c:1128  <0xa0b5>Receive msg from linker, 0x1204(0x0092)->0x0503(0x0065) 0x4900 len:2
12-28 16:18:44.202	          linker	[Debug]	        dji_protocol_v3.c:266  <0xa0b5>V3-Send: 03:003F:001E:0x0503 -> 00:003F:001E:0x1204 0x4900, tLen 23 dLen 2
12-28 16:18:44.208	            user	[Info]	                 main.cpp:55   --> Step 2: Get camera type and version
12-28 16:18:44.208	          linker	[Debug]	        dji_protocol_v3.c:266  <0x5dda>V3-Send: 03:003F:001E:0x0503 -> 01:003F:001E:0x0100 0x0001, tLen 21 dLen 0
12-28 16:18:44.209	          linker	[Debug]	        dji_protocol_v1.c:189  <0x5ddb>V1-Send: 0x0503->0x1D02 0x00F0
12-28 16:18:44.213	          linker	[Debug]	        dji_protocol_v3.c:387  <0x24e4>V3-Recv: 00:003F:001E:0x0300 -> 03:003F:001E:0x0503 0x3C57, tLen 37 dLen 16
12-28 16:18:44.213	          linker	[Debug]	        dji_protocol_v3.c:506  0:0x0300 convert to 0003(0x0300)
12-28 16:18:44.213	          linker	[Debug]	        dji_protocol_v3.c:506  3:0x0503 convert to 0065(0x0503)
12-28 16:18:44.214	          linker	[Debug]	            dji_command.c:1128  <0x24e4>Receive msg from linker, 0x0300(0x0003)->0x0503(0x0065) 0x3C57 len:16
12-28 16:18:44.214	          linker	[Debug]	            dji_command.c:980  received unsupport request cmd that noneed ack, <0x24e4> cmdset: 0x3C cmdid: 0x57
12-28 16:18:44.216	          linker	[Debug]	        dji_protocol_v3.c:266  <0x5ddc>V3-Send: 03:003F:001E:0x0503 -> 00:003F:001E:0x0200 0x3C1F, tLen 58 dLen 37
12-28 16:18:44.230	          linker	[Debug]	        dji_protocol_v3.c:387  <0x5dda>V3-Recv: 01:003F:001E:0x0100 -> 03:003F:001E:0x0503 0x0001, tLen 52 dLen 31
12-28 16:18:44.230	          linker	[Debug]	        dji_protocol_v3.c:506  1:0x0100 convert to 0001(0x0100)
12-28 16:18:44.230	          linker	[Debug]	        dji_protocol_v3.c:506  3:0x0503 convert to 0065(0x0503)
12-28 16:18:44.230	          linker	[Debug]	        dji_protocol_v3.c:387  <0xa0b7>V3-Recv: 00:003F:001E:0x1204 -> 03:003F:001E:0x0503 0x22AD, tLen 68 dLen 47
12-28 16:18:44.230	          linker	[Debug]	        dji_protocol_v3.c:506  0:0x1204 convert to 0092(0x1204)
12-28 16:18:44.230	          linker	[Debug]	        dji_protocol_v3.c:506  3:0x0503 convert to 0065(0x0503)
12-28 16:18:44.231	          linker	[Debug]	            dji_command.c:1128  <0x5dda>Receive msg from linker, 0x0100(0x0001)->0x0503(0x0065) 0x0001 len:31
12-28 16:18:44.231	          linker	[Debug]	            dji_command.c:1076 PsdkCommand_SendSyncCallback success
12-28 16:18:44.231	          linker	[Debug]	            dji_command.c:890  callback function (cmdset: 0x00 cmdid: 0x01) deal time: 0 ms
12-28 16:18:44.231	          linker	[Debug]	            dji_command.c:612  sendSync callback success
12-28 16:18:44.231	          linker	[Debug]	            dji_command.c:620  The ack data length is not equal with expect length, actual:31 exp:30. Probably because ack struct definition has changed. Please check command ack struct definition if changed.
12-28 16:18:44.231	          linker	[Debug]	        dji_protocol_v3.c:266  <0x5ddd>V3-Send: 03:003F:001E:0x0503 -> 01:003F:001E:0x0100 0x0001, tLen 21 dLen 0
12-28 16:18:44.232	          linker	[Debug]	            dji_command.c:1128  <0xa0b7>Receive msg from linker, 0x1204(0x0092)->0x0503(0x0065) 0x22AD len:47
12-28 16:18:44.232	          linker	[Debug]	            dji_command.c:980  received unsupport request cmd that need ack, <0xa0b7> cmdset: 0x22 cmdid: 0xAD
12-28 16:18:44.248	          linker	[Debug]	        dji_protocol_v3.c:387  <0x5ddd>V3-Recv: 01:003F:001E:0x0100 -> 03:003F:001E:0x0503 0x0001, tLen 52 dLen 31
12-28 16:18:44.248	          linker	[Debug]	        dji_protocol_v3.c:506  1:0x0100 convert to 0001(0x0100)
12-28 16:18:44.248	          linker	[Debug]	        dji_protocol_v3.c:506  3:0x0503 convert to 0065(0x0503)
12-28 16:18:44.248	          linker	[Debug]	            dji_command.c:1128  <0x5ddd>Receive msg from linker, 0x0100(0x0001)->0x0503(0x0065) 0x0001 len:31
12-28 16:18:44.248	          linker	[Debug]	            dji_command.c:1076 PsdkCommand_SendSyncCallback success
12-28 16:18:44.248	          linker	[Debug]	            dji_command.c:890  callback function (cmdset: 0x00 cmdid: 0x01) deal time: 0 ms
12-28 16:18:44.248	          linker	[Debug]	            dji_command.c:612  sendSync callback success
12-28 16:18:44.248	          linker	[Debug]	            dji_command.c:620  The ack data length is not equal with expect length, actual:31 exp:30. Probably because ack struct definition has changed. Please check command ack struct definition if changed.
12-28 16:18:44.249	            user	[Info]	                 main.cpp:69   Mounted position 1 camera's firmware is V10.00.07.02

12-28 16:18:44.249	          linker	[Debug]	        dji_protocol_v3.c:266  <0x5dde>V3-Send: 03:003F:001E:0x0503 -> 01:003F:001E:0x0100 0x0001, tLen 21 dLen 0
12-28 16:18:44.253	          linker	[Debug]	        dji_protocol_v1.c:189  <0x5ddf>V1-Send: 0x0503->0x1D02 0x00F0
12-28 16:18:44.267	          linker	[Debug]	        dji_protocol_v3.c:387  <0x5dde>V3-Recv: 01:003F:001E:0x0100 -> 03:003F:001E:0x0503 0x0001, tLen 52 dLen 31
12-28 16:18:44.267	          linker	[Debug]	        dji_protocol_v3.c:506  1:0x0100 convert to 0001(0x0100)
12-28 16:18:44.267	          linker	[Debug]	        dji_protocol_v3.c:506  3:0x0503 convert to 0065(0x0503)
12-28 16:18:44.268	          linker	[Debug]	            dji_command.c:1128  <0x5dde>Receive msg from linker, 0x0100(0x0001)->0x0503(0x0065) 0x0001 len:31
12-28 16:18:44.268	          linker	[Debug]	            dji_command.c:1076 PsdkCommand_SendSyncCallback success
12-28 16:18:44.268	          linker	[Debug]	            dji_command.c:890  callback function (cmdset: 0x00 cmdid: 0x01) deal time: 0 ms
12-28 16:18:44.268	          linker	[Debug]	            dji_command.c:612  sendSync callback success
12-28 16:18:44.268	          linker	[Debug]	            dji_command.c:620  The ack data length is not equal with expect length, actual:31 exp:30. Probably because ack struct definition has changed. Please check command ack struct definition if changed.
12-28 16:18:44.268	          linker	[Debug]	        dji_protocol_v3.c:266  <0x5de0>V3-Send: 03:003F:001E:0x0503 -> 01:003F:001E:0x0100 0x02B8, tLen 25 dLen 4
12-28 16:18:44.275	          linker	[Debug]	        dji_protocol_v1.c:189  <0x5de1>V1-Send: 0x0503->0x1007 0x198B
12-28 16:18:44.275	          linker	[Debug]	        dji_protocol_v3.c:266  <0x5de2>V3-Send: 03:003F:001E:0x0503 -> 00:003F:001E:0x0200 0x3C10, tLen 85 dLen 64
12-28 16:18:44.275	          linker	[Debug]	        dji_protocol_v3.c:266  <0x5de3>V3-Send: 03:003F:001E:0x0503 -> 00:003F:001E:0x0300 0x3C10, tLen 85 dLen 64
12-28 16:18:44.275	          linker	[Debug]	        dji_protocol_v3.c:266  <0x5de4>V3-Send: 03:003F:001E:0x0503 -> 00:003F:001E:0x1104 0x3C10, tLen 85 dLen 64
12-28 16:18:44.275	          linker	[Debug]	        dji_protocol_v3.c:266  <0x5de5>V3-Send: 03:003F:001E:0x0503 -> 00:003F:001E:0x0701 0x3C10, tLen 85 dLen 64
12-28 16:18:44.275	          linker	[Debug]	        dji_protocol_v3.c:266  <0x5de6>V3-Send: 03:003F:001E:0x0503 -> 00:003F:001E:0x1100 0x3C10, tLen 85 dLen 64
12-28 16:18:44.284	          linker	[Debug]	        dji_protocol_v3.c:387  <0x5de0>V3-Recv: 01:003F:001E:0x0100 -> 03:003F:001E:0x0503 0x02B8, tLen 22 dLen 1
12-28 16:18:44.284	          linker	[Debug]	        dji_protocol_v3.c:506  1:0x0100 convert to 0001(0x0100)
12-28 16:18:44.284	          linker	[Debug]	        dji_protocol_v3.c:506  3:0x0503 convert to 0065(0x0503)
12-28 16:18:44.284	          linker	[Debug]	            dji_command.c:1128  <0x5de0>Receive msg from linker, 0x0100(0x0001)->0x0503(0x0065) 0x02B8 len:1
12-28 16:18:44.284	          linker	[Debug]	            dji_command.c:1076 PsdkCommand_SendSyncCallback success
12-28 16:18:44.284	          linker	[Debug]	            dji_command.c:890  callback function (cmdset: 0x02 cmdid: 0xB8) deal time: 0 ms
12-28 16:18:44.284	          linker	[Debug]	            dji_command.c:612  sendSync callback success
12-28 16:18:44.284	             cam	[Debug]	dji_camera_manager_ir_manager.c:373  Try to unsub topic[0] 16777218
12-28 16:18:44.284	             cam	[Debug]	dji_camera_manager_ir_manager.c:379  Unsub: original type data sub scription
12-28 16:18:44.284	             sub	[Debug]	dji_data_subscription_dds_v3.c:587  Begin unsubscribe topic name = multi_stream_fusion_mode topic index = 0 @0x0801
12-28 16:18:44.284	          linker	[Debug]	        dji_protocol_v3.c:266  <0x5de7>V3-Send: 03:003F:001E:0x0503 -> 00:003F:001E:0x0801 0x0099, tLen 59 dLen 38
12-28 16:18:44.284	             sub	[Debug]	dji_data_subscription_xrce_v3.c:334  Successfully stop to subscribe to topic: multi_stream_fusion_mode @0x0801
12-28 16:18:44.284	             sub	[Debug]	dji_data_subscription_dds_v3.c:602  Clear callback info of topic multi_stream_fusion_mode @0x0801
12-28 16:18:44.284	             sub	[Debug]	dji_data_subscription_dds_v3.c:610  topic  remains 0 subscriber
12-28 16:18:44.289	             cam	[Debug]	dji_camera_manager_ir_manager.c:373  Try to unsub topic[1] 16777219
12-28 16:18:44.290	             cam	[Debug]	dji_camera_manager_ir_manager.c:379  Unsub: original type data sub scription
12-28 16:18:44.290	             sub	[Debug]	dji_data_subscription_dds_v3.c:587  Begin unsubscribe topic name = cam_status topic index = 1 @0x0801
12-28 16:18:44.290	          linker	[Debug]	        dji_protocol_v3.c:266  <0x5de8>V3-Send: 03:003F:001E:0x0503 -> 00:003F:001E:0x0801 0x0099, tLen 45 dLen 24
12-28 16:18:44.290	             sub	[Debug]	dji_data_subscription_xrce_v3.c:334  Successfully stop to subscribe to topic: cam_status @0x0801
12-28 16:18:44.290	             sub	[Debug]	dji_data_subscription_dds_v3.c:602  Clear callback info of topic cam_status @0x0801
12-28 16:18:44.290	             sub	[Debug]	dji_data_subscription_dds_v3.c:610  topic  remains 0 subscriber
12-28 16:18:44.295	             cam	[Debug]	dji_camera_manager_ir_manager.c:373  Try to unsub topic[2] 16777220
12-28 16:18:44.295	             cam	[Debug]	dji_camera_manager_ir_manager.c:379  Unsub: original type data sub scription
12-28 16:18:44.295	             sub	[Debug]	dji_data_subscription_dds_v3.c:587  Begin unsubscribe topic name = cam_lens_state topic index = 2 @0x0801
12-28 16:18:44.295	          linker	[Debug]	        dji_protocol_v3.c:266  <0x5de9>V3-Send: 03:003F:001E:0x0503 -> 00:003F:001E:0x0801 0x0099, tLen 49 dLen 28
12-28 16:18:44.295	             sub	[Debug]	dji_data_subscription_xrce_v3.c:334  Successfully stop to subscribe to topic: cam_lens_state @0x0801
12-28 16:18:44.295	             sub	[Debug]	dji_data_subscription_dds_v3.c:602  Clear callback info of topic cam_lens_state @0x0801
12-28 16:18:44.295	             sub	[Debug]	dji_data_subscription_dds_v3.c:610  topic  remains 0 subscriber
12-28 16:18:44.295	          linker	[Debug]	        dji_protocol_v3.c:387  <0x5de7>V3-Recv: 00:003F:001E:0x0801 -> 03:003F:001E:0x0503 0x0099, tLen 30 dLen 9
12-28 16:18:44.295	          linker	[Debug]	        dji_protocol_v3.c:506  0:0x0801 convert to 0028(0x0801)
12-28 16:18:44.295	          linker	[Debug]	        dji_protocol_v3.c:506  3:0x0503 convert to 0065(0x0503)
12-28 16:18:44.295	          linker	[Debug]	        dji_protocol_v3.c:387  <0x5de8>V3-Recv: 00:003F:001E:0x0801 -> 03:003F:001E:0x0503 0x0099, tLen 30 dLen 9
12-28 16:18:44.295	          linker	[Debug]	        dji_protocol_v3.c:506  0:0x0801 convert to 0028(0x0801)
12-28 16:18:44.295	          linker	[Debug]	        dji_protocol_v3.c:506  3:0x0503 convert to 0065(0x0503)
12-28 16:18:44.295	          linker	[Debug]	        dji_protocol_v3.c:387  <0x124>V3-Recv: 00:003F:001E:0x0801 -> 03:003F:001E:0x0503 0x0099, tLen 58 dLen 37
12-28 16:18:44.295	          linker	[Debug]	        dji_protocol_v3.c:506  0:0x0801 convert to 0028(0x0801)
12-28 16:18:44.295	          linker	[Debug]	        dji_protocol_v3.c:506  3:0x0503 convert to 0065(0x0503)
12-28 16:18:44.295	          linker	[Debug]	        dji_protocol_v3.c:387  <0x5de9>V3-Recv: 00:003F:001E:0x0801 -> 03:003F:001E:0x0503 0x0099, tLen 30 dLen 9
12-28 16:18:44.295	          linker	[Debug]	        dji_protocol_v3.c:506  0:0x0801 convert to 0028(0x0801)
12-28 16:18:44.295	          linker	[Debug]	        dji_protocol_v3.c:506  3:0x0503 convert to 0065(0x0503)
12-28 16:18:44.296	          linker	[Debug]	            dji_command.c:1128  <0x5de7>Receive msg from linker, 0x0801(0x0028)->0x0503(0x0065) 0x0099 len:9
12-28 16:18:44.296	             sub	[Debug]	dji_data_subscription_dds_v3.c:889  Unsubscribe topic
12-28 16:18:44.296	          linker	[Debug]	            dji_command.c:890  callback function (cmdset: 0x00 cmdid: 0x99) deal time: 0 ms
12-28 16:18:44.297	          linker	[Debug]	            dji_command.c:1128  <0x5de8>Receive msg from linker, 0x0801(0x0028)->0x0503(0x0065) 0x0099 len:9
12-28 16:18:44.297	             sub	[Debug]	dji_data_subscription_dds_v3.c:889  Unsubscribe topic
12-28 16:18:44.297	          linker	[Debug]	            dji_command.c:890  callback function (cmdset: 0x00 cmdid: 0x99) deal time: 0 ms
12-28 16:18:44.298	          linker	[Debug]	            dji_command.c:1128  <0x124>Receive msg from linker, 0x0801(0x0028)->0x0503(0x0065) 0x0099 len:37
12-28 16:18:44.299	          linker	[Debug]	            dji_command.c:1128  <0x5de9>Receive msg from linker, 0x0801(0x0028)->0x0503(0x0065) 0x0099 len:9
12-28 16:18:44.299	             sub	[Debug]	dji_data_subscription_dds_v3.c:889  Unsubscribe topic
12-28 16:18:44.299	          linker	[Debug]	            dji_command.c:890  callback function (cmdset: 0x00 cmdid: 0x99) deal time: 0 ms
12-28 16:18:44.300	             cam	[Debug]	dji_camera_manager_ir_manager.c:373  Try to unsub topic[3] 16777221
12-28 16:18:44.300	             cam	[Debug]	dji_camera_manager_ir_manager.c:379  Unsub: original type data sub scription
12-28 16:18:44.300	             sub	[Debug]	dji_data_subscription_dds_v3.c:587  Begin unsubscribe topic name = cam_photo_param topic index = 3 @0x0801
12-28 16:18:44.300	          linker	[Debug]	        dji_protocol_v3.c:266  <0x5dea>V3-Send: 03:003F:001E:0x0503 -> 00:003F:001E:0x0801 0x0099, tLen 50 dLen 29
12-28 16:18:44.300	             sub	[Debug]	dji_data_subscription_xrce_v3.c:334  Successfully stop to subscribe to topic: cam_photo_param @0x0801
12-28 16:18:44.300	             sub	[Debug]	dji_data_subscription_dds_v3.c:602  Clear callback info of topic cam_photo_param @0x0801
12-28 16:18:44.300	             sub	[Debug]	dji_data_subscription_dds_v3.c:610  topic  remains 0 subscriber
12-28 16:18:44.305	             cam	[Debug]	dji_camera_manager_ir_manager.c:373  Try to unsub topic[4] 16777222
12-28 16:18:44.305	             cam	[Debug]	dji_camera_manager_ir_manager.c:379  Unsub: original type data sub scription
12-28 16:18:44.306	             sub	[Debug]	dji_data_subscription_dds_v3.c:587  Begin unsubscribe topic name = cam_record_time topic index = 4 @0x0801
12-28 16:18:44.306	          linker	[Debug]	        dji_protocol_v3.c:266  <0x5deb>V3-Send: 03:003F:001E:0x0503 -> 00:003F:001E:0x0801 0x0099, tLen 50 dLen 29
12-28 16:18:44.306	             sub	[Debug]	dji_data_subscription_xrce_v3.c:334  Successfully stop to subscribe to topic: cam_record_time @0x0801
12-28 16:18:44.306	             sub	[Debug]	dji_data_subscription_dds_v3.c:602  Clear callback info of topic cam_record_time @0x0801
12-28 16:18:44.306	             sub	[Debug]	dji_data_subscription_dds_v3.c:610  topic  remains 0 subscriber
12-28 16:18:44.306	          linker	[Debug]	        dji_protocol_v3.c:387  <0x5dea>V3-Recv: 00:003F:001E:0x0801 -> 03:003F:001E:0x0503 0x0099, tLen 30 dLen 9
12-28 16:18:44.306	          linker	[Debug]	        dji_protocol_v3.c:506  0:0x0801 convert to 0028(0x0801)
12-28 16:18:44.306	          linker	[Debug]	        dji_protocol_v3.c:506  3:0x0503 convert to 0065(0x0503)
12-28 16:18:44.306	          linker	[Debug]	        dji_protocol_v3.c:387  <0xa0c5>V3-Recv: 00:003F:001E:0x1204 -> 03:003F:001E:0x0503 0x4900, tLen 23 dLen 2
12-28 16:18:44.306	          linker	[Debug]	        dji_protocol_v3.c:506  0:0x1204 convert to 0092(0x1204)
12-28 16:18:44.306	          linker	[Debug]	        dji_protocol_v3.c:506  3:0x0503 convert to 0065(0x0503)
12-28 16:18:44.306	          linker	[Debug]	        dji_protocol_v3.c:387  <0x5deb>V3-Recv: 00:003F:001E:0x0801 -> 03:003F:001E:0x0503 0x0099, tLen 30 dLen 9
12-28 16:18:44.306	          linker	[Debug]	        dji_protocol_v3.c:506  0:0x0801 convert to 0028(0x0801)
12-28 16:18:44.306	          linker	[Debug]	        dji_protocol_v3.c:506  3:0x0503 convert to 0065(0x0503)
12-28 16:18:44.307	          linker	[Debug]	            dji_command.c:1128  <0x5dea>Receive msg from linker, 0x0801(0x0028)->0x0503(0x0065) 0x0099 len:9
12-28 16:18:44.307	             sub	[Debug]	dji_data_subscription_dds_v3.c:889  Unsubscribe topic
12-28 16:18:44.307	          linker	[Debug]	            dji_command.c:890  callback function (cmdset: 0x00 cmdid: 0x99) deal time: 0 ms
12-28 16:18:44.308	          linker	[Debug]	            dji_command.c:1128  <0xa0c5>Receive msg from linker, 0x1204(0x0092)->0x0503(0x0065) 0x4900 len:2
12-28 16:18:44.308	          linker	[Debug]	        dji_protocol_v3.c:266  <0xa0c5>V3-Send: 03:003F:001E:0x0503 -> 00:003F:001E:0x1204 0x4900, tLen 23 dLen 2
12-28 16:18:44.309	          linker	[Debug]	            dji_command.c:1128  <0x5deb>Receive msg from linker, 0x0801(0x0028)->0x0503(0x0065) 0x0099 len:9
12-28 16:18:44.309	             sub	[Debug]	dji_data_subscription_dds_v3.c:889  Unsubscribe topic
12-28 16:18:44.310	          linker	[Debug]	            dji_command.c:890  callback function (cmdset: 0x00 cmdid: 0x99) deal time: 1 ms
12-28 16:18:44.311	             cam	[Debug]	dji_camera_manager_ir_manager.c:373  Try to unsub topic[5] 16777223
12-28 16:18:44.311	             cam	[Debug]	dji_camera_manager_ir_manager.c:379  Unsub: original type data sub scription
12-28 16:18:44.311	             sub	[Debug]	dji_data_subscription_dds_v3.c:587  Begin unsubscribe topic name = cam_storage topic index = 5 @0x0801
12-28 16:18:44.311	          linker	[Debug]	        dji_protocol_v3.c:266  <0x5dec>V3-Send: 03:003F:001E:0x0503 -> 00:003F:001E:0x0801 0x0099, tLen 46 dLen 25
12-28 16:18:44.311	             sub	[Debug]	dji_data_subscription_xrce_v3.c:334  Successfully stop to subscribe to topic: cam_storage @0x0801
12-28 16:18:44.311	             sub	[Debug]	dji_data_subscription_dds_v3.c:602  Clear callback info of topic cam_storage @0x0801
12-28 16:18:44.311	             sub	[Debug]	dji_data_subscription_dds_v3.c:610  topic  remains 0 subscriber
12-28 16:18:44.316	             cam	[Debug]	dji_camera_manager_ir_manager.c:373  Try to unsub topic[6] 16777224
12-28 16:18:44.316	             cam	[Debug]	dji_camera_manager_ir_manager.c:379  Unsub: original type data sub scription
12-28 16:18:44.316	             sub	[Debug]	dji_data_subscription_dds_v3.c:587  Begin unsubscribe topic name = cam_expo_param topic index = 6 @0x0801
12-28 16:18:44.316	          linker	[Debug]	        dji_protocol_v3.c:266  <0x5ded>V3-Send: 03:003F:001E:0x0503 -> 00:003F:001E:0x0801 0x0099, tLen 49 dLen 28
12-28 16:18:44.316	             sub	[Debug]	dji_data_subscription_xrce_v3.c:334  Successfully stop to subscribe to topic: cam_expo_param @0x0801
12-28 16:18:44.316	             sub	[Debug]	dji_data_subscription_dds_v3.c:602  Clear callback info of topic cam_expo_param @0x0801
12-28 16:18:44.316	             sub	[Debug]	dji_data_subscription_dds_v3.c:610  topic  remains 0 subscriber
12-28 16:18:44.317	          linker	[Debug]	        dji_protocol_v3.c:387  <0x5dec>V3-Recv: 00:003F:001E:0x0801 -> 03:003F:001E:0x0503 0x0099, tLen 30 dLen 9
12-28 16:18:44.317	          linker	[Debug]	        dji_protocol_v3.c:506  0:0x0801 convert to 0028(0x0801)
12-28 16:18:44.317	          linker	[Debug]	        dji_protocol_v3.c:506  3:0x0503 convert to 0065(0x0503)
12-28 16:18:44.317	          linker	[Debug]	        dji_protocol_v3.c:387  <0x5ded>V3-Recv: 00:003F:001E:0x0801 -> 03:003F:001E:0x0503 0x0099, tLen 30 dLen 9
12-28 16:18:44.317	          linker	[Debug]	        dji_protocol_v3.c:506  0:0x0801 convert to 0028(0x0801)
12-28 16:18:44.317	          linker	[Debug]	        dji_protocol_v3.c:506  3:0x0503 convert to 0065(0x0503)
12-28 16:18:44.317	          linker	[Debug]	            dji_command.c:1128  <0x5dec>Receive msg from linker, 0x0801(0x0028)->0x0503(0x0065) 0x0099 len:9
12-28 16:18:44.317	             sub	[Debug]	dji_data_subscription_dds_v3.c:889  Unsubscribe topic
12-28 16:18:44.317	          linker	[Debug]	            dji_command.c:890  callback function (cmdset: 0x00 cmdid: 0x99) deal time: 0 ms
12-28 16:18:44.318	          linker	[Debug]	            dji_command.c:1128  <0x5ded>Receive msg from linker, 0x0801(0x0028)->0x0503(0x0065) 0x0099 len:9
12-28 16:18:44.318	             sub	[Debug]	dji_data_subscription_dds_v3.c:889  Unsubscribe topic
12-28 16:18:44.318	          linker	[Debug]	            dji_command.c:890  callback function (cmdset: 0x00 cmdid: 0x99) deal time: 0 ms
12-28 16:18:44.321	          linker	[Debug]	            dji_command.c:781  Anti reg command handle list success, index:12
12-28 16:18:44.322	      downloader	[Info]	dji_camera_manager_media_downloader.c:682  deinit hms module.
12-28 16:18:44.322	          linker	[Debug]	            dji_command.c:781  Anti reg command handle list success, index:13
12-28 16:18:44.322	            user	[Info]	                 main.cpp:81   Camera manager sample end
