   0.005	            core	[Info]	               dji_core.c:110  Payload SDK Version : V3.14.0-beta.0-build.2296 Nov  3 2025 18:20:53
   0.006	          linker	[Debug]	             dji_linker.c:129  init linker success, protocol:2, channelId:3
   0.006	          linker	[Debug]	        dji_protocol_v1.c:189  <0000>V1-Send: 0x0503->0x0801 0x0000
   0.006	          linker	[Debug]	        dji_protocol_v1.c:309  <0000>V1-Recv: 0x0801->0x0503 0x0000
   0.006	           utils	[Debug]	          dji_root_task.c:131  work execution time:
   0.007	           utils	[Debug]	          dji_root_task.c:132  name	                execution time (ms)	  max execution time (ms)
   0.007	           utils	[Debug]	          dji_root_task.c:134  recorderWork                    	0       	0       
   0.007	           utils	[Debug]	          dji_root_task.c:134  flowControllerTask              	0       	0       
12-30 22:18:23.842	          linker	[Debug]	             dji_linker.c:171  deinit linker success, protocol:2, channelId:3
12-30 22:18:23.842	            core	[Info]	               dji_core.c:138  Identify device : manifold3
12-30 22:18:23.842	          linker	[Debug]	        dji_protocol_v1.c:264  protocol frame length error
12-30 22:18:23.842	          linker	[Debug]	             dji_linker.c:129  init linker success, protocol:2, channelId:1
12-30 22:18:23.842	          linker	[Debug]	        dji_protocol_v1.c:264  protocol frame length error
12-30 22:18:23.859	          linker	[Debug]	        dji_protocol_v1.c:264  protocol frame length error
The log is overflow
12-30 22:18:23.859	          linker	[Debug]	        dji_protocol_v1.c:264  protocol frame length error
12-30 22:18:23.859	          linker	[Debug]	        dji_protocol_v1.c:264  protocol frame length error
12-30 22:18:23.859	          linker	[Debug]	        dji_protocol_v1.c:264  protocol frame length error
12-30 22:18:23.859	          linker	[Debug]	        dji_protocol_v1.c:264  protocol frame length error
12-30 22:18:23.859	          linker	[Debug]	        dji_protocol_v1.c:264  protocol frame length error
12-30 22:18:23.859	          linker	[Debug]	        dji_protocol_v1.c:264  protocol frame length error
12-30 22:18:23.859	          linker	[Debug]	        dji_protocol_v1.c:264  protocol frame length error
12-30 22:18:23.859	          linker	[Debug]	        dji_protocol_v1.c:264  protocol frame length error
12-30 22:18:23.859	          linker	[Debug]	        dji_protocol_v1.c:264  protocol frame length error
12-30 22:18:23.859	          linker	[Debug]	        dji_protocol_v1.c:264  protocol frame length error
12-30 22:18:23.859	          linker	[Debug]	        dji_protocol_v1.c:264  protocol frame length error
12-30 22:18:23.859	          linker	[Debug]	        dji_protocol_v1.c:264  protocol frame length error
12-30 22:18:23.859	          linker	[Debug]	        dji_protocol_v1.c:264  protocol frame length error
12-30 22:18:23.859	          linker	[Debug]	        dji_protocol_v1.c:264  protocol frame length error
12-30 22:18:23.859	          linker	[Debug]	        dji_protocol_v1.c:264  protocol frame length error
12-30 22:18:23.859	          linker	[Debug]	        dji_protocol_v1.c:264  protocol frame length error
12-30 22:18:23.859	          linker	[Debug]	        dji_protocol_v1.c:264  protocol frame length error
12-30 22:18:23.859	          linker	[Debug]	        dji_protocol_v1.c:264  protocol frame length error
12-30 22:18:23.859	          linker	[Debug]	        dji_protocol_v1.c:264  protocol frame length error
12-30 22:18:23.859	          linker	[Debug]	        dji_protocol_v1.c:264  protocol frame length error
12-30 22:18:23.859	          linker	[Debug]	        dji_protocol_v1.c:264  protocol frame length error
12-30 22:18:23.859	          linker	[Debug]	        dji_protocol_v1.c:264  protocol frame length error
12-30 22:18:23.859	          linker	[Debug]	        dji_protocol_v1.c:264  protocol frame length error
12-30 22:18:23.859	          linker	[Debug]	        dji_protocol_v1.c:264  protocol frame length error
12-30 22:18:23.859	          linker	[Debug]	        dji_protocol_v1.c:264  protocol frame length error
The log is overflow
The log is overflow
The log is overflow
The log is overflow
The log is overflow
The log is overflow
The log is overflow
The log is overflow
The log is overflow
12-30 22:18:23.859	          linker	[Warn]	        dji_protocol_v1.c:272  protocol frame crc8 error
12-30 22:18:23.859	          linker	[Debug]	        dji_protocol_v1.c:264  protocol frame length error
12-30 22:18:23.859	          linker	[Debug]	        dji_protocol_v1.c:264  protocol frame length error
12-30 22:18:23.859	          linker	[Debug]	        dji_protocol_v1.c:264  protocol frame length error
12-30 22:18:23.859	          linker	[Debug]	        dji_protocol_v1.c:264  protocol frame length error
12-30 22:18:23.859	          linker	[Debug]	        dji_protocol_v1.c:264  protocol frame length error
12-30 22:18:23.859	          linker	[Debug]	        dji_protocol_v1.c:264  protocol frame length error
12-30 22:18:23.859	          linker	[Debug]	        dji_protocol_v1.c:264  protocol frame length error
12-30 22:18:23.859	          linker	[Debug]	        dji_protocol_v1.c:264  protocol frame length error
12-30 22:18:23.859	          linker	[Debug]	        dji_protocol_v1.c:264  protocol frame length error
12-30 22:18:23.859	          linker	[Debug]	        dji_protocol_v1.c:264  protocol frame length error
12-30 22:18:23.859	          linker	[Debug]	        dji_protocol_v1.c:264  protocol frame length error
12-30 22:18:23.859	          linker	[Debug]	        dji_protocol_v1.c:264  protocol frame length error
12-30 22:18:23.859	          linker	[Debug]	        dji_protocol_v1.c:264  protocol frame length error
12-30 22:18:23.859	          linker	[Debug]	        dji_protocol_v1.c:264  protocol frame length error
12-30 22:18:23.909	          linker	[Debug]	        dji_protocol_v1.c:264  protocol frame length error
12-30 22:18:23.928	          linker	[Debug]	        dji_protocol_v1.c:264  protocol frame length error
12-30 22:18:24.008	          linker	[Debug]	        dji_protocol_v1.c:264  protocol frame length error
12-30 22:18:24.028	          linker	[Debug]	        dji_protocol_v1.c:264  protocol frame length error
12-30 22:18:24.041	          linker	[Debug]	        dji_protocol_v1.c:264  protocol frame length error
12-30 22:18:24.108	          linker	[Debug]	        dji_protocol_v1.c:264  protocol frame length error
12-30 22:18:24.128	          linker	[Debug]	        dji_protocol_v1.c:264  protocol frame length error
12-30 22:18:24.208	          linker	[Debug]	        dji_protocol_v1.c:264  protocol frame length error
12-30 22:18:24.228	          linker	[Debug]	        dji_protocol_v1.c:264  protocol frame length error
12-30 22:18:24.241	          linker	[Debug]	        dji_protocol_v1.c:264  protocol frame length error
12-30 22:18:24.308	          linker	[Debug]	        dji_protocol_v1.c:264  protocol frame length error
12-30 22:18:24.328	          linker	[Debug]	        dji_protocol_v1.c:264  protocol frame length error
12-30 22:18:24.408	          linker	[Debug]	        dji_protocol_v1.c:264  protocol frame length error
12-30 22:18:24.428	          linker	[Debug]	        dji_protocol_v1.c:264  protocol frame length error
12-30 22:18:24.441	          linker	[Debug]	        dji_protocol_v1.c:264  protocol frame length error
12-30 22:18:24.509	          linker	[Debug]	        dji_protocol_v1.c:264  protocol frame length error
12-30 22:18:24.528	          linker	[Debug]	        dji_protocol_v1.c:264  protocol frame length error
12-30 22:18:24.608	          linker	[Debug]	        dji_protocol_v1.c:264  protocol frame length error
12-30 22:18:24.628	          linker	[Debug]	        dji_protocol_v1.c:264  protocol frame length error
12-30 22:18:24.642	          linker	[Debug]	        dji_protocol_v1.c:264  protocol frame length error
12-30 22:18:24.708	          linker	[Debug]	        dji_protocol_v1.c:264  protocol frame length error
12-30 22:18:24.728	          linker	[Debug]	        dji_protocol_v1.c:264  protocol frame length error
12-30 22:18:24.728	          linker	[Debug]	        dji_protocol_v1.c:264  protocol frame length error
12-30 22:18:24.808	          linker	[Debug]	        dji_protocol_v1.c:264  protocol frame length error
12-30 22:18:24.809	           utils	[Debug]	          dji_root_task.c:131  work execution time:
12-30 22:18:24.809	           utils	[Debug]	          dji_root_task.c:132  name	                execution time (ms)	  max execution time (ms)
12-30 22:18:24.809	           utils	[Debug]	          dji_root_task.c:134  recorderWork                    	0       	0       
12-30 22:18:24.809	           utils	[Debug]	          dji_root_task.c:134  flowControllerTask              	0       	0       
12-30 22:18:24.820	          linker	[Debug]	        dji_protocol_v1.c:264  protocol frame length error
12-30 22:18:24.837	          linker	[Debug]	        dji_protocol_v1.c:264  protocol frame length error
12-30 22:18:24.838	          linker	[Debug]	        dji_protocol_v1.c:264  protocol frame length error
12-30 22:18:24.842	          linker	[Debug]	        dji_protocol_v1.c:189  <0000>V1-Send: 0x0503->0x0300 0x03FD
12-30 22:18:24.853	          linker	[Debug]	        dji_protocol_v1.c:264  protocol frame length error
12-30 22:18:24.908	          linker	[Debug]	        dji_protocol_v1.c:264  protocol frame length error
12-30 22:18:24.928	          linker	[Debug]	        dji_protocol_v1.c:264  protocol frame length error
12-30 22:18:25.008	          linker	[Debug]	        dji_protocol_v1.c:264  protocol frame length error
12-30 22:18:25.028	          linker	[Debug]	        dji_protocol_v1.c:264  protocol frame length error
12-30 22:18:25.042	          linker	[Debug]	        dji_protocol_v1.c:264  protocol frame length error
12-30 22:18:25.085	          linker	[Debug]	        dji_protocol_v1.c:264  protocol frame length error
12-30 22:18:25.108	          linker	[Debug]	        dji_protocol_v1.c:264  protocol frame length error
12-30 22:18:25.128	          linker	[Debug]	        dji_protocol_v1.c:264  protocol frame length error
12-30 22:18:25.208	          linker	[Debug]	        dji_protocol_v1.c:264  protocol frame length error
12-30 22:18:25.228	          linker	[Debug]	        dji_protocol_v1.c:264  protocol frame length error
12-30 22:18:25.241	          linker	[Debug]	        dji_protocol_v1.c:264  protocol frame length error
12-30 22:18:25.308	          linker	[Debug]	        dji_protocol_v1.c:264  protocol frame length error
12-30 22:18:25.328	          linker	[Debug]	        dji_protocol_v1.c:264  protocol frame length error
12-30 22:18:25.343	          linker	[Debug]	             dji_linker.c:171  deinit linker success, protocol:2, channelId:1
12-30 22:18:25.343	          linker	[Debug]	            dji_command.c:170  config list channel id:2
12-30 22:18:25.343	          linker	[Debug]	             dji_linker.c:129  init linker success, protocol:2, channelId:3
12-30 22:18:25.343	          linker	[Debug]	            dji_command.c:179  add linker node count:1
12-30 22:18:25.343	          linker	[Debug]	        dji_protocol_v1.c:189  <0xe1fc>V1-Send: 0x0503->0x0801 0x0088
12-30 22:18:25.343	          linker	[Debug]	            dji_command.c:556  Max wait ack item count is 32.
12-30 22:18:25.343	          linker	[Debug]	        dji_protocol_v1.c:309  <0xe1fc>V1-Recv: 0x0801->0x0503 0x0088
12-30 22:18:25.344	          linker	[Debug]	            dji_command.c:1128  <0xe1fc>Receive msg from linker, 0x0801(0x0028)->0x0503(0x0065) 0x0088 len:399
12-30 22:18:25.344	          linker	[Debug]	            dji_command.c:1076 PsdkCommand_SendSyncCallback success
12-30 22:18:25.344	          linker	[Debug]	            dji_command.c:890  callback function (cmdset: 0x00 cmdid: 0x88) deal time: 0 ms
12-30 22:18:25.344	          linker	[Debug]	            dji_command.c:612  sendSync callback success
12-30 22:18:25.344	          linker	[Debug]	            dji_command.c:620  The ack data length is not equal with expect length, actual:399 exp:71. Probably because ack struct definition has changed. Please check command ack struct definition if changed.
12-30 22:18:25.344	          linker	[Debug]	             dji_linker.c:171  deinit linker success, protocol:2, channelId:3
12-30 22:18:25.344	          linker	[Debug]	            dji_command.c:301  config list channel id:3
12-30 22:18:25.344	          linker	[Debug]	             dji_linker.c:129  init linker success, protocol:3, channelId:1
12-30 22:18:25.344	          linker	[Debug]	            dji_command.c:310  add linker node count:1
12-30 22:18:25.344	          linker	[Debug]	            dji_command.c:301  config list channel id:2
12-30 22:18:25.344	          linker	[Debug]	             dji_linker.c:129  init linker success, protocol:2, channelId:3
12-30 22:18:25.344	          linker	[Debug]	            dji_command.c:310  add linker node count:2
12-30 22:18:25.344	          linker	[Debug]	            dji_command.c:733  Reg command handle list success, index:0
12-30 22:18:25.344	          linker	[Debug]	            dji_command.c:733  Reg command handle list success, index:1
12-30 22:18:25.344	           infor	[Debug]	      dji_aircraft_info.c:297  Device mounting on pos 3
12-30 22:18:25.344	          linker	[Debug]	            dji_command.c:733  Reg command handle list success, index:2
12-30 22:18:25.344	            core	[Info]	               dji_core.c:207  Identify AircraftType = Matrice 400, MountPosition = Payload Port NO3, SdkAdapterType = None
12-30 22:18:25.344	          linker	[Debug]	            dji_command.c:733  Reg command handle list success, index:3
12-30 22:18:25.344	          linker	[Debug]	            dji_command.c:733  Reg command handle list success, index:4
12-30 22:18:25.344	           infor	[Debug]	    dji_identity_verify.c:543  the auth center is djisys@1
12-30 22:18:25.344	          linker	[Debug]	        dji_protocol_v3.c:266  <0xe1fd>V3-Send: 03:003F:001E:0x0503 -> 00:003F:001E:0x0801 0x3C40, tLen 33 dLen 12
12-30 22:18:25.344	            core	[Info]	    dji_identity_verify.c:646  Updating dji sdk policy file...
12-30 22:18:25.345	          linker	[Debug]	        dji_protocol_v3.c:387  <0xe1fd>V3-Recv: 00:003F:001E:0x0801 -> 03:003F:001E:0x0503 0x3C40, tLen 22 dLen 1
12-30 22:18:25.345	          linker	[Debug]	        dji_protocol_v3.c:506  0:0x0801 convert to 0028(0x0801)
12-30 22:18:25.345	          linker	[Debug]	        dji_protocol_v3.c:506  3:0x0503 convert to 0065(0x0503)
12-30 22:18:25.345	          linker	[Debug]	        dji_protocol_v1.c:189  <0xe1fe>V1-Send: 0x0503->0x1D02 0x00F0
12-30 22:18:25.345	          linker	[Debug]	            dji_command.c:1128  <0xe1fd>Receive msg from linker, 0x0801(0x0028)->0x0503(0x0065) 0x3C40 len:1
12-30 22:18:25.345	            auth	[Debug]	    dji_identity_verify.c:601  request update policy file success
12-30 22:18:25.345	          linker	[Debug]	            dji_command.c:890  callback function (cmdset: 0x3C cmdid: 0x40) deal time: 0 ms
12-30 22:18:25.345	          linker	[Debug]	        dji_protocol_v3.c:266  <0xe1ff>V3-Send: 03:003F:001E:0x0503 -> 00:003F:001E:0x0801 0x0000, tLen 21 dLen 0
12-30 22:18:25.345	           infor	[Debug]	dji_aircraft_connection.c:170  check connect status:1
12-30 22:18:25.356	          linker	[Debug]	        dji_protocol_v1.c:189  <0xe200>V1-Send: 0x0503->0x1D02 0x00F0
12-30 22:18:25.361	          linker	[Debug]	        dji_protocol_v3.c:387  <0xe1ff>V3-Recv: 00:003F:001E:0x0801 -> 03:003F:001E:0x0503 0x0000, tLen 22 dLen 1
12-30 22:18:25.361	          linker	[Debug]	        dji_protocol_v3.c:506  0:0x0801 convert to 0028(0x0801)
12-30 22:18:25.361	          linker	[Debug]	        dji_protocol_v3.c:506  3:0x0503 convert to 0065(0x0503)
12-30 22:18:25.361	          linker	[Debug]	        dji_protocol_v3.c:387  <0x1d8>V3-Recv: 00:003F:001E:0x0801 -> 03:003F:001E:0x0503 0x3C40, tLen 33 dLen 12
12-30 22:18:25.361	          linker	[Debug]	        dji_protocol_v3.c:506  0:0x0801 convert to 0028(0x0801)
12-30 22:18:25.361	          linker	[Debug]	        dji_protocol_v3.c:506  3:0x0503 convert to 0065(0x0503)
12-30 22:18:25.362	          linker	[Debug]	            dji_command.c:1128  <0xe1ff>Receive msg from linker, 0x0801(0x0028)->0x0503(0x0065) 0x0000 len:1
12-30 22:18:25.362	           infor	[Debug]	dji_aircraft_connection.c:303  connect status async sucess
12-30 22:18:25.362	          linker	[Debug]	            dji_command.c:890  callback function (cmdset: 0x00 cmdid: 0x00) deal time: 0 ms
12-30 22:18:25.363	          linker	[Debug]	            dji_command.c:1128  <0x1d8>Receive msg from linker, 0x0801(0x0028)->0x0503(0x0065) 0x3C40 len:12
12-30 22:18:25.363	            auth	[Debug]	    dji_identity_verify.c:426  request upload policy file type:0
12-30 22:18:25.363	            auth	[Debug]	    dji_identity_verify.c:439  upload policy file info md5 checksum and version
12-30 22:18:25.363	          linker	[Debug]	        dji_protocol_v3.c:266  <0x1d8>V3-Send: 03:003F:001E:0x0503 -> 00:003F:001E:0x0801 0x3C40, tLen 44 dLen 23
12-30 22:18:25.367	          linker	[Debug]	        dji_protocol_v1.c:189  <0xe201>V1-Send: 0x0503->0x1D02 0x00F0
12-30 22:18:25.372	          linker	[Debug]	        dji_protocol_v3.c:387  <0x1d9>V3-Recv: 00:003F:001E:0x0801 -> 03:003F:001E:0x0503 0x3C40, tLen 33 dLen 12
12-30 22:18:25.372	          linker	[Debug]	        dji_protocol_v3.c:506  0:0x0801 convert to 0028(0x0801)
12-30 22:18:25.372	          linker	[Debug]	        dji_protocol_v3.c:506  3:0x0503 convert to 0065(0x0503)
12-30 22:18:25.372	          linker	[Debug]	            dji_command.c:1128  <0x1d9>Receive msg from linker, 0x0801(0x0028)->0x0503(0x0065) 0x3C40 len:12
12-30 22:18:25.372	            auth	[Debug]	    dji_identity_verify.c:426  request upload policy file type:1
12-30 22:18:25.372	            auth	[Debug]	    dji_identity_verify.c:458  request upload policy file data: 0 0 200
12-30 22:18:25.372	          linker	[Debug]	        dji_protocol_v3.c:266  <0x1d9>V3-Send: 03:003F:001E:0x0503 -> 00:003F:001E:0x0801 0x3C40, tLen 224 dLen 203
12-30 22:18:25.377	          linker	[Debug]	        dji_protocol_v1.c:189  <0xe202>V1-Send: 0x0503->0x1D02 0x00F0
12-30 22:18:25.387	          linker	[Debug]	        dji_protocol_v3.c:387  <0x1da>V3-Recv: 00:003F:001E:0x0801 -> 03:003F:001E:0x0503 0x3C40, tLen 33 dLen 12
12-30 22:18:25.387	          linker	[Debug]	        dji_protocol_v3.c:506  0:0x0801 convert to 0028(0x0801)
12-30 22:18:25.387	          linker	[Debug]	        dji_protocol_v3.c:506  3:0x0503 convert to 0065(0x0503)
12-30 22:18:25.388	          linker	[Debug]	        dji_protocol_v1.c:189  <0xe203>V1-Send: 0x0503->0x1D02 0x00F0
12-30 22:18:25.388	          linker	[Debug]	            dji_command.c:1128  <0x1da>Receive msg from linker, 0x0801(0x0028)->0x0503(0x0065) 0x3C40 len:12
12-30 22:18:25.388	            auth	[Debug]	    dji_identity_verify.c:426  request upload policy file type:1
12-30 22:18:25.388	            auth	[Debug]	    dji_identity_verify.c:458  request upload policy file data: 1 200 200
12-30 22:18:25.388	          linker	[Debug]	        dji_protocol_v3.c:266  <0x1da>V3-Send: 03:003F:001E:0x0503 -> 00:003F:001E:0x0801 0x3C40, tLen 224 dLen 203
12-30 22:18:25.399	          linker	[Debug]	        dji_protocol_v1.c:189  <0xe204>V1-Send: 0x0503->0x1D02 0x00F0
12-30 22:18:25.399	          linker	[Debug]	        dji_protocol_v3.c:387  <0x1db>V3-Recv: 00:003F:001E:0x0801 -> 03:003F:001E:0x0503 0x3C40, tLen 33 dLen 12
12-30 22:18:25.399	          linker	[Debug]	        dji_protocol_v3.c:506  0:0x0801 convert to 0028(0x0801)
12-30 22:18:25.399	          linker	[Debug]	        dji_protocol_v3.c:506  3:0x0503 convert to 0065(0x0503)
12-30 22:18:25.400	          linker	[Debug]	            dji_command.c:1128  <0x1db>Receive msg from linker, 0x0801(0x0028)->0x0503(0x0065) 0x3C40 len:12
12-30 22:18:25.400	            auth	[Debug]	    dji_identity_verify.c:426  request upload policy file type:1
12-30 22:18:25.400	            auth	[Debug]	    dji_identity_verify.c:458  request upload policy file data: 2 400 130
12-30 22:18:25.400	          linker	[Debug]	        dji_protocol_v3.c:266  <0x1db>V3-Send: 03:003F:001E:0x0503 -> 00:003F:001E:0x0801 0x3C40, tLen 154 dLen 133
12-30 22:18:25.410	          linker	[Debug]	        dji_protocol_v1.c:189  <0xe205>V1-Send: 0x0503->0x1D02 0x00F0
12-30 22:18:25.417	          linker	[Debug]	        dji_protocol_v3.c:387  <0x1dc>V3-Recv: 00:003F:001E:0x0801 -> 03:003F:001E:0x0503 0x3C40, tLen 33 dLen 12
12-30 22:18:25.417	          linker	[Debug]	        dji_protocol_v3.c:506  0:0x0801 convert to 0028(0x0801)
12-30 22:18:25.417	          linker	[Debug]	        dji_protocol_v3.c:506  3:0x0503 convert to 0065(0x0503)
12-30 22:18:25.418	          linker	[Debug]	        dji_protocol_v3.c:387  <0x6ac2>V3-Recv: 00:003F:001E:0x1204 -> 03:003F:001E:0x0503 0x4900, tLen 23 dLen 2
12-30 22:18:25.418	          linker	[Debug]	        dji_protocol_v3.c:506  0:0x1204 convert to 0092(0x1204)
12-30 22:18:25.418	          linker	[Debug]	        dji_protocol_v3.c:506  3:0x0503 convert to 0065(0x0503)
12-30 22:18:25.418	          linker	[Debug]	            dji_command.c:1128  <0x1dc>Receive msg from linker, 0x0801(0x0028)->0x0503(0x0065) 0x3C40 len:12
12-30 22:18:25.418	            auth	[Debug]	    dji_identity_verify.c:426  request upload policy file type:2
12-30 22:18:25.419	            auth	[Debug]	    dji_identity_verify.c:480  request upload policy file success
12-30 22:18:25.419	          linker	[Debug]	        dji_protocol_v3.c:266  <0x1dc>V3-Send: 03:003F:001E:0x0503 -> 00:003F:001E:0x0801 0x3C40, tLen 25 dLen 4
12-30 22:18:25.420	          linker	[Debug]	            dji_command.c:1128  <0x6ac2>Receive msg from linker, 0x1204(0x0092)->0x0503(0x0065) 0x4900 len:2
12-30 22:18:25.420	          linker	[Debug]	        dji_protocol_v3.c:266  <0x6ac2>V3-Send: 03:003F:001E:0x0503 -> 00:003F:001E:0x1204 0x4900, tLen 23 dLen 2
12-30 22:18:25.421	          linker	[Debug]	        dji_protocol_v1.c:189  <0xe206>V1-Send: 0x0503->0x1D02 0x00F0
12-30 22:18:25.428	          linker	[Debug]	        dji_protocol_v3.c:387  <0x6ac6>V3-Recv: 00:003F:001E:0x1204 -> 03:003F:001E:0x0503 0x22AD, tLen 68 dLen 47
12-30 22:18:25.428	          linker	[Debug]	        dji_protocol_v3.c:506  0:0x1204 convert to 0092(0x1204)
12-30 22:18:25.428	          linker	[Debug]	        dji_protocol_v3.c:506  3:0x0503 convert to 0065(0x0503)
12-30 22:18:25.429	          linker	[Debug]	            dji_command.c:1128  <0x6ac6>Receive msg from linker, 0x1204(0x0092)->0x0503(0x0065) 0x22AD len:47
12-30 22:18:25.429	          linker	[Debug]	            dji_command.c:980  received unsupport request cmd that need ack, <0x6ac6> cmdset: 0x22 cmdid: 0xAD
12-30 22:18:25.432	          linker	[Debug]	        dji_protocol_v1.c:189  <0xe207>V1-Send: 0x0503->0x1D02 0x00F0
12-30 22:18:25.441	          linker	[Debug]	        dji_protocol_v3.c:387  <0x663e>V3-Recv: 00:003F:001E:0x0300 -> 03:003F:001E:0x0503 0x3C57, tLen 37 dLen 16
12-30 22:18:25.441	          linker	[Debug]	        dji_protocol_v3.c:506  0:0x0300 convert to 0003(0x0300)
12-30 22:18:25.441	          linker	[Debug]	        dji_protocol_v3.c:506  3:0x0503 convert to 0065(0x0503)
12-30 22:18:25.442	          linker	[Debug]	        dji_protocol_v1.c:189  <0xe208>V1-Send: 0x0503->0x1D02 0x00F0
12-30 22:18:25.443	          linker	[Debug]	            dji_command.c:1128  <0x663e>Receive msg from linker, 0x0300(0x0003)->0x0503(0x0065) 0x3C57 len:16
12-30 22:18:25.443	          linker	[Debug]	            dji_command.c:980  received unsupport request cmd that noneed ack, <0x663e> cmdset: 0x3C cmdid: 0x57
12-30 22:18:25.508	          linker	[Debug]	        dji_protocol_v3.c:387  <0x6ad2>V3-Recv: 00:003F:001E:0x1204 -> 03:003F:001E:0x0503 0x4900, tLen 23 dLen 2
12-30 22:18:25.509	          linker	[Debug]	        dji_protocol_v3.c:506  0:0x1204 convert to 0092(0x1204)
12-30 22:18:25.509	          linker	[Debug]	        dji_protocol_v3.c:506  3:0x0503 convert to 0065(0x0503)
12-30 22:18:25.509	          linker	[Debug]	            dji_command.c:1128  <0x6ad2>Receive msg from linker, 0x1204(0x0092)->0x0503(0x0065) 0x4900 len:2
12-30 22:18:25.509	          linker	[Debug]	        dji_protocol_v3.c:266  <0x6ad2>V3-Send: 03:003F:001E:0x0503 -> 00:003F:001E:0x1204 0x4900, tLen 23 dLen 2
12-30 22:18:25.528	          linker	[Debug]	        dji_protocol_v3.c:387  <0x6ad6>V3-Recv: 00:003F:001E:0x1204 -> 03:003F:001E:0x0503 0x22AD, tLen 68 dLen 47
12-30 22:18:25.528	          linker	[Debug]	        dji_protocol_v3.c:506  0:0x1204 convert to 0092(0x1204)
12-30 22:18:25.528	          linker	[Debug]	        dji_protocol_v3.c:506  3:0x0503 convert to 0065(0x0503)
12-30 22:18:25.529	          linker	[Debug]	            dji_command.c:1128  <0x6ad6>Receive msg from linker, 0x1204(0x0092)->0x0503(0x0065) 0x22AD len:47
12-30 22:18:25.529	          linker	[Debug]	            dji_command.c:980  received unsupport request cmd that need ack, <0x6ad6> cmdset: 0x22 cmdid: 0xAD
12-30 22:18:25.608	          linker	[Debug]	        dji_protocol_v3.c:387  <0x6ae2>V3-Recv: 00:003F:001E:0x1204 -> 03:003F:001E:0x0503 0x4900, tLen 23 dLen 2
12-30 22:18:25.608	          linker	[Debug]	        dji_protocol_v3.c:506  0:0x1204 convert to 0092(0x1204)
12-30 22:18:25.608	          linker	[Debug]	        dji_protocol_v3.c:506  3:0x0503 convert to 0065(0x0503)
12-30 22:18:25.609	          linker	[Debug]	            dji_command.c:1128  <0x6ae2>Receive msg from linker, 0x1204(0x0092)->0x0503(0x0065) 0x4900 len:2
12-30 22:18:25.609	          linker	[Debug]	        dji_protocol_v3.c:266  <0x6ae2>V3-Send: 03:003F:001E:0x0503 -> 00:003F:001E:0x1204 0x4900, tLen 23 dLen 2
12-30 22:18:25.628	          linker	[Debug]	        dji_protocol_v3.c:387  <0x6ae6>V3-Recv: 00:003F:001E:0x1204 -> 03:003F:001E:0x0503 0x22AD, tLen 68 dLen 47
12-30 22:18:25.628	          linker	[Debug]	        dji_protocol_v3.c:506  0:0x1204 convert to 0092(0x1204)
12-30 22:18:25.628	          linker	[Debug]	        dji_protocol_v3.c:506  3:0x0503 convert to 0065(0x0503)
12-30 22:18:25.629	          linker	[Debug]	            dji_command.c:1128  <0x6ae6>Receive msg from linker, 0x1204(0x0092)->0x0503(0x0065) 0x22AD len:47
12-30 22:18:25.629	          linker	[Debug]	            dji_command.c:980  received unsupport request cmd that need ack, <0x6ae6> cmdset: 0x22 cmdid: 0xAD
12-30 22:18:25.641	          linker	[Debug]	        dji_protocol_v3.c:387  <0x67a8>V3-Recv: 00:003F:001E:0x0300 -> 03:003F:001E:0x0503 0x3C57, tLen 37 dLen 16
12-30 22:18:25.642	          linker	[Debug]	        dji_protocol_v3.c:506  0:0x0300 convert to 0003(0x0300)
12-30 22:18:25.642	          linker	[Debug]	        dji_protocol_v3.c:506  3:0x0503 convert to 0065(0x0503)
12-30 22:18:25.642	          linker	[Debug]	            dji_command.c:1128  <0x67a8>Receive msg from linker, 0x0300(0x0003)->0x0503(0x0065) 0x3C57 len:16
12-30 22:18:25.642	          linker	[Debug]	            dji_command.c:980  received unsupport request cmd that noneed ack, <0x67a8> cmdset: 0x3C cmdid: 0x57
12-30 22:18:25.650	          linker	[Debug]	        dji_protocol_v1.c:309  <0x2030>V1-Recv: 0x0A06->0x0503 0x0866
12-30 22:18:25.651	          linker	[Debug]	            dji_command.c:1128  <0x2030>Receive msg from linker, 0x0A06(0x00CA)->0x0503(0x0065) 0x0866 len:102
12-30 22:18:25.651	          linker	[Debug]	            dji_command.c:980  received unsupport request cmd that noneed ack, <0x2030> cmdset: 0x08 cmdid: 0x66
12-30 22:18:25.708	          linker	[Debug]	        dji_protocol_v3.c:387  <0x6af2>V3-Recv: 00:003F:001E:0x1204 -> 03:003F:001E:0x0503 0x4900, tLen 23 dLen 2
12-30 22:18:25.708	          linker	[Debug]	        dji_protocol_v3.c:506  0:0x1204 convert to 0092(0x1204)
12-30 22:18:25.708	          linker	[Debug]	        dji_protocol_v3.c:506  3:0x0503 convert to 0065(0x0503)
12-30 22:18:25.709	          linker	[Debug]	            dji_command.c:1128  <0x6af2>Receive msg from linker, 0x1204(0x0092)->0x0503(0x0065) 0x4900 len:2
12-30 22:18:25.709	          linker	[Debug]	        dji_protocol_v3.c:266  <0x6af2>V3-Send: 03:003F:001E:0x0503 -> 00:003F:001E:0x1204 0x4900, tLen 23 dLen 2
12-30 22:18:25.728	          linker	[Debug]	        dji_protocol_v3.c:387  <0x6af6>V3-Recv: 00:003F:001E:0x1204 -> 03:003F:001E:0x0503 0x0000, tLen 22 dLen 1
12-30 22:18:25.728	          linker	[Debug]	        dji_protocol_v3.c:506  0:0x1204 convert to 0092(0x1204)
12-30 22:18:25.728	          linker	[Debug]	        dji_protocol_v3.c:506  3:0x0503 convert to 0065(0x0503)
12-30 22:18:25.728	          linker	[Debug]	            dji_command.c:1128  <0x6af6>Receive msg from linker, 0x1204(0x0092)->0x0503(0x0065) 0x0000 len:1
12-30 22:18:25.728	          linker	[Debug]	        dji_protocol_v3.c:266  <0x6af6>V3-Send: 03:003F:001E:0x0503 -> 00:003F:001E:0x1204 0x0000, tLen 22 dLen 1
12-30 22:18:25.739	          linker	[Debug]	        dji_protocol_v3.c:387  <0x6af8>V3-Recv: 00:003F:001E:0x1204 -> 03:003F:001E:0x0503 0x22AD, tLen 68 dLen 47
12-30 22:18:25.739	          linker	[Debug]	        dji_protocol_v3.c:506  0:0x1204 convert to 0092(0x1204)
12-30 22:18:25.739	          linker	[Debug]	        dji_protocol_v3.c:506  3:0x0503 convert to 0065(0x0503)
12-30 22:18:25.740	          linker	[Debug]	            dji_command.c:1128  <0x6af8>Receive msg from linker, 0x1204(0x0092)->0x0503(0x0065) 0x22AD len:47
12-30 22:18:25.740	          linker	[Debug]	            dji_command.c:980  received unsupport request cmd that need ack, <0x6af8> cmdset: 0x22 cmdid: 0xAD
12-30 22:18:25.808	          linker	[Debug]	        dji_protocol_v3.c:387  <0x6b05>V3-Recv: 00:003F:001E:0x1204 -> 03:003F:001E:0x0503 0x4900, tLen 23 dLen 2
12-30 22:18:25.808	          linker	[Debug]	        dji_protocol_v3.c:506  0:0x1204 convert to 0092(0x1204)
12-30 22:18:25.809	          linker	[Debug]	        dji_protocol_v3.c:506  3:0x0503 convert to 0065(0x0503)
12-30 22:18:25.809	          linker	[Debug]	            dji_command.c:1128  <0x6b05>Receive msg from linker, 0x1204(0x0092)->0x0503(0x0065) 0x4900 len:2
12-30 22:18:25.809	          linker	[Debug]	        dji_protocol_v3.c:266  <0x6b05>V3-Send: 03:003F:001E:0x0503 -> 00:003F:001E:0x1204 0x4900, tLen 23 dLen 2
12-30 22:18:25.828	          linker	[Debug]	        dji_protocol_v3.c:387  <0x6b09>V3-Recv: 00:003F:001E:0x1204 -> 03:003F:001E:0x0503 0x22AD, tLen 68 dLen 47
12-30 22:18:25.828	          linker	[Debug]	        dji_protocol_v3.c:506  0:0x1204 convert to 0092(0x1204)
12-30 22:18:25.828	          linker	[Debug]	        dji_protocol_v3.c:506  3:0x0503 convert to 0065(0x0503)
12-30 22:18:25.829	          linker	[Debug]	            dji_command.c:1128  <0x6b09>Receive msg from linker, 0x1204(0x0092)->0x0503(0x0065) 0x22AD len:47
12-30 22:18:25.829	          linker	[Debug]	            dji_command.c:980  received unsupport request cmd that need ack, <0x6b09> cmdset: 0x22 cmdid: 0xAD
12-30 22:18:25.841	          linker	[Debug]	        dji_protocol_v3.c:387  <0x692d>V3-Recv: 00:003F:001E:0x0300 -> 03:003F:001E:0x0503 0x3C57, tLen 37 dLen 16
12-30 22:18:25.841	          linker	[Debug]	        dji_protocol_v3.c:506  0:0x0300 convert to 0003(0x0300)
12-30 22:18:25.841	          linker	[Debug]	        dji_protocol_v3.c:506  3:0x0503 convert to 0065(0x0503)
12-30 22:18:25.842	          linker	[Debug]	            dji_command.c:1128  <0x692d>Receive msg from linker, 0x0300(0x0003)->0x0503(0x0065) 0x3C57 len:16
12-30 22:18:25.842	          linker	[Debug]	            dji_command.c:980  received unsupport request cmd that noneed ack, <0x692d> cmdset: 0x3C cmdid: 0x57
12-30 22:18:25.882	           utils	[Debug]	          dji_root_task.c:131  work execution time:
12-30 22:18:25.882	           utils	[Debug]	          dji_root_task.c:132  name	                execution time (ms)	  max execution time (ms)
12-30 22:18:25.882	           utils	[Debug]	          dji_root_task.c:134  recorderWork                    	1       	1       
12-30 22:18:25.882	           utils	[Debug]	          dji_root_task.c:134  flowControllerTask              	0       	0       
12-30 22:18:25.882	           utils	[Debug]	          dji_root_task.c:134  commandTask                     	1       	1       
12-30 22:18:25.882	           utils	[Debug]	          dji_root_task.c:134  aircraftWorkNode                	0       	0       
12-30 22:18:25.909	          linker	[Debug]	        dji_protocol_v3.c:387  <0x6b15>V3-Recv: 00:003F:001E:0x1204 -> 03:003F:001E:0x0503 0x4900, tLen 23 dLen 2
12-30 22:18:25.909	          linker	[Debug]	        dji_protocol_v3.c:506  0:0x1204 convert to 0092(0x1204)
12-30 22:18:25.909	          linker	[Debug]	        dji_protocol_v3.c:506  3:0x0503 convert to 0065(0x0503)
12-30 22:18:25.909	          linker	[Debug]	            dji_command.c:1128  <0x6b15>Receive msg from linker, 0x1204(0x0092)->0x0503(0x0065) 0x4900 len:2
12-30 22:18:25.909	          linker	[Debug]	        dji_protocol_v3.c:266  <0x6b15>V3-Send: 03:003F:001E:0x0503 -> 00:003F:001E:0x1204 0x4900, tLen 23 dLen 2
12-30 22:18:25.928	          linker	[Debug]	        dji_protocol_v3.c:387  <0x6b19>V3-Recv: 00:003F:001E:0x1204 -> 03:003F:001E:0x0503 0x22AD, tLen 68 dLen 47
12-30 22:18:25.928	          linker	[Debug]	        dji_protocol_v3.c:506  0:0x1204 convert to 0092(0x1204)
12-30 22:18:25.928	          linker	[Debug]	        dji_protocol_v3.c:506  3:0x0503 convert to 0065(0x0503)
12-30 22:18:25.929	          linker	[Debug]	            dji_command.c:1128  <0x6b19>Receive msg from linker, 0x1204(0x0092)->0x0503(0x0065) 0x22AD len:47
12-30 22:18:25.929	          linker	[Debug]	            dji_command.c:980  received unsupport request cmd that need ack, <0x6b19> cmdset: 0x22 cmdid: 0xAD
12-30 22:18:26.008	          linker	[Debug]	        dji_protocol_v3.c:387  <0x6b25>V3-Recv: 00:003F:001E:0x1204 -> 03:003F:001E:0x0503 0x4900, tLen 23 dLen 2
12-30 22:18:26.008	          linker	[Debug]	        dji_protocol_v3.c:506  0:0x1204 convert to 0092(0x1204)
12-30 22:18:26.008	          linker	[Debug]	        dji_protocol_v3.c:506  3:0x0503 convert to 0065(0x0503)
12-30 22:18:26.009	          linker	[Debug]	            dji_command.c:1128  <0x6b25>Receive msg from linker, 0x1204(0x0092)->0x0503(0x0065) 0x4900 len:2
12-30 22:18:26.009	          linker	[Debug]	        dji_protocol_v3.c:266  <0x6b25>V3-Send: 03:003F:001E:0x0503 -> 00:003F:001E:0x1204 0x4900, tLen 23 dLen 2
12-30 22:18:26.028	          linker	[Debug]	        dji_protocol_v3.c:387  <0x6b29>V3-Recv: 00:003F:001E:0x1204 -> 03:003F:001E:0x0503 0x22AD, tLen 68 dLen 47
12-30 22:18:26.028	          linker	[Debug]	        dji_protocol_v3.c:506  0:0x1204 convert to 0092(0x1204)
12-30 22:18:26.028	          linker	[Debug]	        dji_protocol_v3.c:506  3:0x0503 convert to 0065(0x0503)
12-30 22:18:26.029	          linker	[Debug]	            dji_command.c:1128  <0x6b29>Receive msg from linker, 0x1204(0x0092)->0x0503(0x0065) 0x22AD len:47
12-30 22:18:26.029	          linker	[Debug]	            dji_command.c:980  received unsupport request cmd that need ack, <0x6b29> cmdset: 0x22 cmdid: 0xAD
12-30 22:18:26.041	          linker	[Debug]	        dji_protocol_v3.c:387  <0x6aa8>V3-Recv: 00:003F:001E:0x0300 -> 03:003F:001E:0x0503 0x3C57, tLen 37 dLen 16
12-30 22:18:26.042	          linker	[Debug]	        dji_protocol_v3.c:506  0:0x0300 convert to 0003(0x0300)
12-30 22:18:26.042	          linker	[Debug]	        dji_protocol_v3.c:506  3:0x0503 convert to 0065(0x0503)
12-30 22:18:26.042	          linker	[Debug]	            dji_command.c:1128  <0x6aa8>Receive msg from linker, 0x0300(0x0003)->0x0503(0x0065) 0x3C57 len:16
12-30 22:18:26.042	          linker	[Debug]	            dji_command.c:980  received unsupport request cmd that noneed ack, <0x6aa8> cmdset: 0x3C cmdid: 0x57
12-30 22:18:26.108	          linker	[Debug]	        dji_protocol_v3.c:387  <0x6b35>V3-Recv: 00:003F:001E:0x1204 -> 03:003F:001E:0x0503 0x4900, tLen 23 dLen 2
12-30 22:18:26.108	          linker	[Debug]	        dji_protocol_v3.c:506  0:0x1204 convert to 0092(0x1204)
12-30 22:18:26.109	          linker	[Debug]	        dji_protocol_v3.c:506  3:0x0503 convert to 0065(0x0503)
12-30 22:18:26.109	          linker	[Debug]	            dji_command.c:1128  <0x6b35>Receive msg from linker, 0x1204(0x0092)->0x0503(0x0065) 0x4900 len:2
12-30 22:18:26.109	          linker	[Debug]	        dji_protocol_v3.c:266  <0x6b35>V3-Send: 03:003F:001E:0x0503 -> 00:003F:001E:0x1204 0x4900, tLen 23 dLen 2
12-30 22:18:26.128	          linker	[Debug]	        dji_protocol_v3.c:387  <0x6b39>V3-Recv: 00:003F:001E:0x1204 -> 03:003F:001E:0x0503 0x22AD, tLen 68 dLen 47
12-30 22:18:26.128	          linker	[Debug]	        dji_protocol_v3.c:506  0:0x1204 convert to 0092(0x1204)
12-30 22:18:26.128	          linker	[Debug]	        dji_protocol_v3.c:506  3:0x0503 convert to 0065(0x0503)
12-30 22:18:26.129	          linker	[Debug]	            dji_command.c:1128  <0x6b39>Receive msg from linker, 0x1204(0x0092)->0x0503(0x0065) 0x22AD len:47
12-30 22:18:26.129	          linker	[Debug]	            dji_command.c:980  received unsupport request cmd that need ack, <0x6b39> cmdset: 0x22 cmdid: 0xAD
12-30 22:18:26.150	          linker	[Debug]	        dji_protocol_v1.c:309  <0x2030>V1-Recv: 0x0A06->0x0503 0x0866
12-30 22:18:26.151	          linker	[Debug]	            dji_command.c:1128  <0x2030>Receive msg from linker, 0x0A06(0x00CA)->0x0503(0x0065) 0x0866 len:102
12-30 22:18:26.151	          linker	[Debug]	            dji_command.c:980  received unsupport request cmd that noneed ack, <0x2030> cmdset: 0x08 cmdid: 0x66
12-30 22:18:26.208	          linker	[Debug]	        dji_protocol_v3.c:387  <0x6b45>V3-Recv: 00:003F:001E:0x1204 -> 03:003F:001E:0x0503 0x4900, tLen 23 dLen 2
12-30 22:18:26.208	          linker	[Debug]	        dji_protocol_v3.c:506  0:0x1204 convert to 0092(0x1204)
12-30 22:18:26.208	          linker	[Debug]	        dji_protocol_v3.c:506  3:0x0503 convert to 0065(0x0503)
12-30 22:18:26.209	          linker	[Debug]	            dji_command.c:1128  <0x6b45>Receive msg from linker, 0x1204(0x0092)->0x0503(0x0065) 0x4900 len:2
12-30 22:18:26.209	          linker	[Debug]	        dji_protocol_v3.c:266  <0x6b45>V3-Send: 03:003F:001E:0x0503 -> 00:003F:001E:0x1204 0x4900, tLen 23 dLen 2
12-30 22:18:26.228	          linker	[Debug]	        dji_protocol_v3.c:387  <0x6b49>V3-Recv: 00:003F:001E:0x1204 -> 03:003F:001E:0x0503 0x22AD, tLen 68 dLen 47
12-30 22:18:26.228	          linker	[Debug]	        dji_protocol_v3.c:506  0:0x1204 convert to 0092(0x1204)
12-30 22:18:26.228	          linker	[Debug]	        dji_protocol_v3.c:506  3:0x0503 convert to 0065(0x0503)
12-30 22:18:26.229	          linker	[Debug]	            dji_command.c:1128  <0x6b49>Receive msg from linker, 0x1204(0x0092)->0x0503(0x0065) 0x22AD len:47
12-30 22:18:26.229	          linker	[Debug]	            dji_command.c:980  received unsupport request cmd that need ack, <0x6b49> cmdset: 0x22 cmdid: 0xAD
12-30 22:18:26.241	          linker	[Debug]	        dji_protocol_v3.c:387  <0x6c0e>V3-Recv: 00:003F:001E:0x0300 -> 03:003F:001E:0x0503 0x3C57, tLen 37 dLen 16
12-30 22:18:26.241	          linker	[Debug]	        dji_protocol_v3.c:506  0:0x0300 convert to 0003(0x0300)
12-30 22:18:26.241	          linker	[Debug]	        dji_protocol_v3.c:506  3:0x0503 convert to 0065(0x0503)
12-30 22:18:26.242	          linker	[Debug]	            dji_command.c:1128  <0x6c0e>Receive msg from linker, 0x0300(0x0003)->0x0503(0x0065) 0x3C57 len:16
12-30 22:18:26.242	          linker	[Debug]	            dji_command.c:980  received unsupport request cmd that noneed ack, <0x6c0e> cmdset: 0x3C cmdid: 0x57
12-30 22:18:26.308	          linker	[Debug]	        dji_protocol_v3.c:387  <0x6b55>V3-Recv: 00:003F:001E:0x1204 -> 03:003F:001E:0x0503 0x4900, tLen 23 dLen 2
12-30 22:18:26.308	          linker	[Debug]	        dji_protocol_v3.c:506  0:0x1204 convert to 0092(0x1204)
12-30 22:18:26.308	          linker	[Debug]	        dji_protocol_v3.c:506  3:0x0503 convert to 0065(0x0503)
12-30 22:18:26.309	          linker	[Debug]	            dji_command.c:1128  <0x6b55>Receive msg from linker, 0x1204(0x0092)->0x0503(0x0065) 0x4900 len:2
12-30 22:18:26.309	          linker	[Debug]	        dji_protocol_v3.c:266  <0x6b55>V3-Send: 03:003F:001E:0x0503 -> 00:003F:001E:0x1204 0x4900, tLen 23 dLen 2
12-30 22:18:26.328	          linker	[Debug]	        dji_protocol_v3.c:387  <0x6b59>V3-Recv: 00:003F:001E:0x1204 -> 03:003F:001E:0x0503 0x22AD, tLen 68 dLen 47
12-30 22:18:26.328	          linker	[Debug]	        dji_protocol_v3.c:506  0:0x1204 convert to 0092(0x1204)
12-30 22:18:26.328	          linker	[Debug]	        dji_protocol_v3.c:506  3:0x0503 convert to 0065(0x0503)
12-30 22:18:26.329	          linker	[Debug]	            dji_command.c:1128  <0x6b59>Receive msg from linker, 0x1204(0x0092)->0x0503(0x0065) 0x22AD len:47
12-30 22:18:26.329	          linker	[Debug]	            dji_command.c:980  received unsupport request cmd that need ack, <0x6b59> cmdset: 0x22 cmdid: 0xAD
12-30 22:18:26.345	            core	[Info]	    dji_identity_verify.c:654  Update dji sdk policy file successfully
12-30 22:18:26.345	          linker	[Debug]	            dji_command.c:733  Reg command handle list success, index:5
12-30 22:18:26.345	          linker	[Debug]	            dji_command.c:733  Reg command handle list success, index:6
12-30 22:18:26.345	          linker	[Debug]	            dji_command.c:733  Reg command handle list success, index:7
12-30 22:18:26.345	            auth	[Debug]	dji_auth_sha256_rsa_verify.c:110  Application info verify successfully, ID: 174358, Key: 01a0202c33a0c82c75045863b012c65
12-30 22:18:26.345	          linker	[Debug]	            dji_command.c:733  Reg command handle list success, index:8
12-30 22:18:26.345	             sub	[Debug]	  dji_data_subscription.c:60   Init data subscription.
12-30 22:18:26.345	             sub	[Debug]	dji_data_subscription_xrce_v3.c:54   Checking version is not yet supported on the DDS Agent 3.0.
12-30 22:18:26.345	          linker	[Debug]	            dji_command.c:733  Reg command handle list success, index:9
12-30 22:18:26.345	        position	[Debug]	dji_payload_online_perception.c:82   No needed.
12-30 22:18:26.345	          linker	[Debug]	        dji_protocol_v1.c:189  <0xe209>V1-Send: 0x0503->0x1D02 0x00F0
12-30 22:18:26.345	            core	[Info]	       dji_product_info.c:186  Set alias: PSDK_APPALIAS
12-30 22:18:26.345	      downloader	[Debug]	         dji_downloader.c:204  s_downloaderPackDataLength = 900
12-30 22:18:26.345	          linker	[Debug]	            dji_command.c:733  Reg command handle list success, index:10
12-30 22:18:26.345	          linker	[Debug]	        dji_protocol_v3.c:266  <0xe20a>V3-Send: 03:003F:001E:0x0503 -> 00:003F:001E:0x0801 0x0076, tLen 224 dLen 203
12-30 22:18:26.346	          linker	[Debug]	        dji_protocol_v3.c:266  <0xe20b>V3-Send: 03:003F:001E:0x0503 -> 00:003F:001E:0x0801 0x0076, tLen 416 dLen 395
12-30 22:18:26.346	          linker	[Debug]	        dji_protocol_v3.c:266  <0xe20c>V3-Send: 03:003F:001E:0x0503 -> 00:003F:001E:0x0200 0x3C10, tLen 85 dLen 64
12-30 22:18:26.346	          linker	[Debug]	        dji_protocol_v3.c:266  <0xe20d>V3-Send: 03:003F:001E:0x0503 -> 00:003F:001E:0x0300 0x3C10, tLen 85 dLen 64
12-30 22:18:26.346	          linker	[Debug]	        dji_protocol_v3.c:387  <0xe20a>V3-Recv: 00:003F:001E:0x0801 -> 03:003F:001E:0x0503 0x0076, tLen 23 dLen 2
12-30 22:18:26.346	          linker	[Debug]	        dji_protocol_v3.c:506  0:0x0801 convert to 0028(0x0801)
12-30 22:18:26.346	          linker	[Debug]	        dji_protocol_v3.c:266  <0xe20e>V3-Send: 03:003F:001E:0x0503 -> 00:003F:001E:0x1104 0x3C10, tLen 85 dLen 64
12-30 22:18:26.346	          linker	[Debug]	        dji_protocol_v3.c:506  3:0x0503 convert to 0065(0x0503)
12-30 22:18:26.346	          linker	[Debug]	        dji_protocol_v3.c:266  <0xe20f>V3-Send: 03:003F:001E:0x0503 -> 00:003F:001E:0x0701 0x3C10, tLen 85 dLen 64
12-30 22:18:26.346	          linker	[Debug]	        dji_protocol_v3.c:266  <0xe210>V3-Send: 03:003F:001E:0x0503 -> 00:003F:001E:0x1100 0x3C10, tLen 85 dLen 64
12-30 22:18:26.347	          linker	[Debug]	            dji_command.c:1128  <0xe20a>Receive msg from linker, 0x0801(0x0028)->0x0503(0x0065) 0x0076 len:2
12-30 22:18:26.347	            dbpt	[Debug]	  dji_data_buried_point.c:283  request data report success
12-30 22:18:26.347	          linker	[Debug]	            dji_command.c:890  callback function (cmdset: 0x00 cmdid: 0x76) deal time: 0 ms
12-30 22:18:26.357	          linker	[Debug]	        dji_protocol_v1.c:189  <0xe211>V1-Send: 0x0503->0x1D02 0x00F0
12-30 22:18:26.363	          linker	[Debug]	        dji_protocol_v3.c:387  <0xe20b>V3-Recv: 00:003F:001E:0x0801 -> 03:003F:001E:0x0503 0x0076, tLen 23 dLen 2
12-30 22:18:26.363	          linker	[Debug]	        dji_protocol_v3.c:506  0:0x0801 convert to 0028(0x0801)
12-30 22:18:26.363	          linker	[Debug]	        dji_protocol_v3.c:506  3:0x0503 convert to 0065(0x0503)
12-30 22:18:26.363	          linker	[Debug]	            dji_command.c:1128  <0xe20b>Receive msg from linker, 0x0801(0x0028)->0x0503(0x0065) 0x0076 len:2
12-30 22:18:26.363	            dbpt	[Debug]	  dji_data_buried_point.c:283  request data report success
12-30 22:18:26.363	          linker	[Debug]	            dji_command.c:890  callback function (cmdset: 0x00 cmdid: 0x76) deal time: 0 ms
12-30 22:18:26.396	          linker	[Debug]	        dji_protocol_v3.c:387  <0xdfb8>V3-Recv: 00:0001:0000:0x0202 -> 03:0000:0001:0x0503 0x3C20, tLen 22 dLen 1
12-30 22:18:26.396	          linker	[Debug]	        dji_protocol_v3.c:506  0:0x0202 convert to 0042(0x0202)
12-30 22:18:26.396	          linker	[Debug]	        dji_protocol_v3.c:506  3:0x0503 convert to 0065(0x0503)
12-30 22:18:26.397	          linker	[Debug]	            dji_command.c:1128  <0xdfb8>Receive msg from linker, 0x0202(0x0042)->0x0503(0x0065) 0x3C20 len:1
12-30 22:18:26.397	          linker	[Debug]	            dji_command.c:980  received unsupport request cmd that need ack, <0xdfb8> cmdset: 0x3C cmdid: 0x20
12-30 22:18:26.409	          linker	[Debug]	        dji_protocol_v3.c:387  <0xdfb9>V3-Recv: 00:0001:0000:0x0202 -> 03:0000:0001:0x0503 0x3C36, tLen 21 dLen 0
12-30 22:18:26.409	          linker	[Debug]	        dji_protocol_v3.c:506  0:0x0202 convert to 0042(0x0202)
12-30 22:18:26.409	          linker	[Debug]	        dji_protocol_v3.c:506  3:0x0503 convert to 0065(0x0503)
12-30 22:18:26.409	          linker	[Debug]	        dji_protocol_v3.c:387  <0x6b65>V3-Recv: 00:003F:001E:0x1204 -> 03:003F:001E:0x0503 0x4900, tLen 23 dLen 2
12-30 22:18:26.409	          linker	[Debug]	        dji_protocol_v3.c:506  0:0x1204 convert to 0092(0x1204)
12-30 22:18:26.409	          linker	[Debug]	        dji_protocol_v3.c:506  3:0x0503 convert to 0065(0x0503)
12-30 22:18:26.410	          linker	[Debug]	            dji_command.c:1128  <0xdfb9>Receive msg from linker, 0x0202(0x0042)->0x0503(0x0065) 0x3C36 len:0
12-30 22:18:26.410	          linker	[Debug]	        dji_protocol_v3.c:266  <0xdfb9>V3-Send: 03:003F:001E:0x0503 -> 00:003F:001E:0x0202 0x3C36, tLen 173 dLen 152
12-30 22:18:26.411	          linker	[Debug]	            dji_command.c:1128  <0x6b65>Receive msg from linker, 0x1204(0x0092)->0x0503(0x0065) 0x4900 len:2
12-30 22:18:26.411	          linker	[Debug]	        dji_protocol_v3.c:266  <0x6b65>V3-Send: 03:003F:001E:0x0503 -> 00:003F:001E:0x1204 0x4900, tLen 23 dLen 2
12-30 22:18:26.421	          linker	[Debug]	        dji_protocol_v3.c:266  <0xe212>V3-Send: 03:003F:001E:0x0503 -> 00:003F:001E:0x0801 0x0000, tLen 21 dLen 0
12-30 22:18:26.422	           infor	[Debug]	dji_aircraft_connection.c:170  check connect status:1
12-30 22:18:26.422	          linker	[Debug]	        dji_protocol_v3.c:387  <0xe212>V3-Recv: 00:003F:001E:0x0801 -> 03:003F:001E:0x0503 0x0000, tLen 22 dLen 1
12-30 22:18:26.422	          linker	[Debug]	        dji_protocol_v3.c:506  0:0x0801 convert to 0028(0x0801)
12-30 22:18:26.422	          linker	[Debug]	        dji_protocol_v3.c:506  3:0x0503 convert to 0065(0x0503)
12-30 22:18:26.423	          linker	[Debug]	            dji_command.c:1128  <0xe212>Receive msg from linker, 0x0801(0x0028)->0x0503(0x0065) 0x0000 len:1
12-30 22:18:26.423	           infor	[Debug]	dji_aircraft_connection.c:303  connect status async sucess
12-30 22:18:26.423	          linker	[Debug]	            dji_command.c:890  callback function (cmdset: 0x00 cmdid: 0x00) deal time: 0 ms
12-30 22:18:26.435	          linker	[Debug]	        dji_protocol_v3.c:387  <0x6b69>V3-Recv: 00:003F:001E:0x1204 -> 03:003F:001E:0x0503 0x22AD, tLen 68 dLen 47
12-30 22:18:26.435	          linker	[Debug]	        dji_protocol_v3.c:506  0:0x1204 convert to 0092(0x1204)
12-30 22:18:26.435	          linker	[Debug]	        dji_protocol_v3.c:506  3:0x0503 convert to 0065(0x0503)
12-30 22:18:26.435	          linker	[Debug]	            dji_command.c:1128  <0x6b69>Receive msg from linker, 0x1204(0x0092)->0x0503(0x0065) 0x22AD len:47
12-30 22:18:26.435	          linker	[Debug]	            dji_command.c:980  received unsupport request cmd that need ack, <0x6b69> cmdset: 0x22 cmdid: 0xAD
12-30 22:18:26.448	          linker	[Debug]	        dji_protocol_v3.c:387  <0x6d6c>V3-Recv: 00:003F:001E:0x0300 -> 03:003F:001E:0x0503 0x3C57, tLen 37 dLen 16
12-30 22:18:26.448	          linker	[Debug]	        dji_protocol_v3.c:506  0:0x0300 convert to 0003(0x0300)
12-30 22:18:26.448	          linker	[Debug]	        dji_protocol_v3.c:506  3:0x0503 convert to 0065(0x0503)
12-30 22:18:26.448	          linker	[Debug]	            dji_command.c:1128  <0x6d6c>Receive msg from linker, 0x0300(0x0003)->0x0503(0x0065) 0x3C57 len:16
12-30 22:18:26.448	          linker	[Debug]	            dji_command.c:980  received unsupport request cmd that noneed ack, <0x6d6c> cmdset: 0x3C cmdid: 0x57
12-30 22:18:26.508	          linker	[Debug]	        dji_protocol_v3.c:387  <0x6b75>V3-Recv: 00:003F:001E:0x1204 -> 03:003F:001E:0x0503 0x4900, tLen 23 dLen 2
12-30 22:18:26.508	          linker	[Debug]	        dji_protocol_v3.c:506  0:0x1204 convert to 0092(0x1204)
12-30 22:18:26.508	          linker	[Debug]	        dji_protocol_v3.c:506  3:0x0503 convert to 0065(0x0503)
12-30 22:18:26.509	          linker	[Debug]	            dji_command.c:1128  <0x6b75>Receive msg from linker, 0x1204(0x0092)->0x0503(0x0065) 0x4900 len:2
12-30 22:18:26.509	          linker	[Debug]	        dji_protocol_v3.c:266  <0x6b75>V3-Send: 03:003F:001E:0x0503 -> 00:003F:001E:0x1204 0x4900, tLen 23 dLen 2
12-30 22:18:26.529	          linker	[Debug]	        dji_protocol_v3.c:387  <0x6b79>V3-Recv: 00:003F:001E:0x1204 -> 03:003F:001E:0x0503 0x22AD, tLen 68 dLen 47
12-30 22:18:26.529	          linker	[Debug]	        dji_protocol_v3.c:506  0:0x1204 convert to 0092(0x1204)
12-30 22:18:26.529	          linker	[Debug]	        dji_protocol_v3.c:506  3:0x0503 convert to 0065(0x0503)
12-30 22:18:26.530	          linker	[Debug]	            dji_command.c:1128  <0x6b79>Receive msg from linker, 0x1204(0x0092)->0x0503(0x0065) 0x22AD len:47
12-30 22:18:26.530	          linker	[Debug]	            dji_command.c:980  received unsupport request cmd that need ack, <0x6b79> cmdset: 0x22 cmdid: 0xAD
12-30 22:18:26.561	          linker	[Debug]	        dji_protocol_v3.c:266  <0xe213>V3-Send: 03:003F:001E:0x0503 -> 00:003F:001E:0x0200 0x3C10, tLen 85 dLen 64
12-30 22:18:26.561	          linker	[Debug]	        dji_protocol_v3.c:266  <0xe214>V3-Send: 03:003F:001E:0x0503 -> 00:003F:001E:0x0300 0x3C10, tLen 85 dLen 64
12-30 22:18:26.561	          linker	[Debug]	        dji_protocol_v3.c:266  <0xe215>V3-Send: 03:003F:001E:0x0503 -> 00:003F:001E:0x1104 0x3C10, tLen 85 dLen 64
12-30 22:18:26.561	          linker	[Debug]	        dji_protocol_v3.c:266  <0xe216>V3-Send: 03:003F:001E:0x0503 -> 00:003F:001E:0x0701 0x3C10, tLen 85 dLen 64
12-30 22:18:26.561	          linker	[Debug]	        dji_protocol_v3.c:266  <0xe217>V3-Send: 03:003F:001E:0x0503 -> 00:003F:001E:0x1100 0x3C10, tLen 85 dLen 64
12-30 22:18:26.608	          linker	[Debug]	        dji_protocol_v3.c:387  <0x6b81>V3-Recv: 00:003F:001E:0x1204 -> 03:003F:001E:0x0503 0x4900, tLen 23 dLen 2
12-30 22:18:26.608	          linker	[Debug]	        dji_protocol_v3.c:506  0:0x1204 convert to 0092(0x1204)
12-30 22:18:26.608	          linker	[Debug]	        dji_protocol_v3.c:506  3:0x0503 convert to 0065(0x0503)
12-30 22:18:26.609	          linker	[Debug]	            dji_command.c:1128  <0x6b81>Receive msg from linker, 0x1204(0x0092)->0x0503(0x0065) 0x4900 len:2
12-30 22:18:26.609	          linker	[Debug]	        dji_protocol_v3.c:266  <0x6b81>V3-Send: 03:003F:001E:0x0503 -> 00:003F:001E:0x1204 0x4900, tLen 23 dLen 2
12-30 22:18:26.628	          linker	[Debug]	        dji_protocol_v3.c:387  <0x6b89>V3-Recv: 00:003F:001E:0x1204 -> 03:003F:001E:0x0503 0x22AD, tLen 68 dLen 47
12-30 22:18:26.628	          linker	[Debug]	        dji_protocol_v3.c:506  0:0x1204 convert to 0092(0x1204)
12-30 22:18:26.628	          linker	[Debug]	        dji_protocol_v3.c:506  3:0x0503 convert to 0065(0x0503)
12-30 22:18:26.629	          linker	[Debug]	            dji_command.c:1128  <0x6b89>Receive msg from linker, 0x1204(0x0092)->0x0503(0x0065) 0x22AD len:47
12-30 22:18:26.629	          linker	[Debug]	            dji_command.c:980  received unsupport request cmd that need ack, <0x6b89> cmdset: 0x22 cmdid: 0xAD
12-30 22:18:26.641	          linker	[Debug]	        dji_protocol_v3.c:387  <0x6ed6>V3-Recv: 00:003F:001E:0x0300 -> 03:003F:001E:0x0503 0x3C57, tLen 37 dLen 16
12-30 22:18:26.641	          linker	[Debug]	        dji_protocol_v3.c:506  0:0x0300 convert to 0003(0x0300)
12-30 22:18:26.641	          linker	[Debug]	        dji_protocol_v3.c:506  3:0x0503 convert to 0065(0x0503)
12-30 22:18:26.642	          linker	[Debug]	            dji_command.c:1128  <0x6ed6>Receive msg from linker, 0x0300(0x0003)->0x0503(0x0065) 0x3C57 len:16
12-30 22:18:26.642	          linker	[Debug]	            dji_command.c:980  received unsupport request cmd that noneed ack, <0x6ed6> cmdset: 0x3C cmdid: 0x57
12-30 22:18:26.650	          linker	[Debug]	        dji_protocol_v1.c:309  <0x2030>V1-Recv: 0x0A06->0x0503 0x0866
12-30 22:18:26.650	          linker	[Debug]	            dji_command.c:1128  <0x2030>Receive msg from linker, 0x0A06(0x00CA)->0x0503(0x0065) 0x0866 len:102
12-30 22:18:26.650	          linker	[Debug]	            dji_command.c:980  received unsupport request cmd that noneed ack, <0x2030> cmdset: 0x08 cmdid: 0x66
12-30 22:18:26.708	          linker	[Debug]	        dji_protocol_v3.c:387  <0x6b95>V3-Recv: 00:003F:001E:0x1204 -> 03:003F:001E:0x0503 0x4900, tLen 23 dLen 2
12-30 22:18:26.708	          linker	[Debug]	        dji_protocol_v3.c:506  0:0x1204 convert to 0092(0x1204)
12-30 22:18:26.708	          linker	[Debug]	        dji_protocol_v3.c:506  3:0x0503 convert to 0065(0x0503)
12-30 22:18:26.709	          linker	[Debug]	            dji_command.c:1128  <0x6b95>Receive msg from linker, 0x1204(0x0092)->0x0503(0x0065) 0x4900 len:2
12-30 22:18:26.709	          linker	[Debug]	        dji_protocol_v3.c:266  <0x6b95>V3-Send: 03:003F:001E:0x0503 -> 00:003F:001E:0x1204 0x4900, tLen 23 dLen 2
12-30 22:18:26.728	          linker	[Debug]	        dji_protocol_v3.c:387  <0x6b99>V3-Recv: 00:003F:001E:0x1204 -> 03:003F:001E:0x0503 0x22AD, tLen 68 dLen 47
12-30 22:18:26.728	          linker	[Debug]	        dji_protocol_v3.c:506  0:0x1204 convert to 0092(0x1204)
12-30 22:18:26.728	          linker	[Debug]	        dji_protocol_v3.c:506  3:0x0503 convert to 0065(0x0503)
12-30 22:18:26.729	          linker	[Debug]	            dji_command.c:1128  <0x6b99>Receive msg from linker, 0x1204(0x0092)->0x0503(0x0065) 0x22AD len:47
12-30 22:18:26.729	          linker	[Debug]	            dji_command.c:980  received unsupport request cmd that need ack, <0x6b99> cmdset: 0x22 cmdid: 0xAD
12-30 22:18:26.776	          linker	[Debug]	        dji_protocol_v3.c:266  <0xe218>V3-Send: 03:003F:001E:0x0503 -> 00:003F:001E:0x0200 0x3C10, tLen 85 dLen 64
12-30 22:18:26.776	          linker	[Debug]	        dji_protocol_v3.c:266  <0xe219>V3-Send: 03:003F:001E:0x0503 -> 00:003F:001E:0x0300 0x3C10, tLen 85 dLen 64
12-30 22:18:26.776	          linker	[Debug]	        dji_protocol_v3.c:266  <0xe21a>V3-Send: 03:003F:001E:0x0503 -> 00:003F:001E:0x1104 0x3C10, tLen 85 dLen 64
12-30 22:18:26.776	          linker	[Debug]	        dji_protocol_v3.c:266  <0xe21b>V3-Send: 03:003F:001E:0x0503 -> 00:003F:001E:0x0701 0x3C10, tLen 85 dLen 64
12-30 22:18:26.776	          linker	[Debug]	        dji_protocol_v3.c:266  <0xe21c>V3-Send: 03:003F:001E:0x0503 -> 00:003F:001E:0x1100 0x3C10, tLen 85 dLen 64
12-30 22:18:26.808	          linker	[Debug]	        dji_protocol_v3.c:387  <0x6ba5>V3-Recv: 00:003F:001E:0x1204 -> 03:003F:001E:0x0503 0x4900, tLen 23 dLen 2
12-30 22:18:26.808	          linker	[Debug]	        dji_protocol_v3.c:506  0:0x1204 convert to 0092(0x1204)
12-30 22:18:26.808	          linker	[Debug]	        dji_protocol_v3.c:506  3:0x0503 convert to 0065(0x0503)
12-30 22:18:26.809	          linker	[Debug]	            dji_command.c:1128  <0x6ba5>Receive msg from linker, 0x1204(0x0092)->0x0503(0x0065) 0x4900 len:2
12-30 22:18:26.809	          linker	[Debug]	        dji_protocol_v3.c:266  <0x6ba5>V3-Send: 03:003F:001E:0x0503 -> 00:003F:001E:0x1204 0x4900, tLen 23 dLen 2
12-30 22:18:26.828	          linker	[Debug]	        dji_protocol_v3.c:387  <0x6ba9>V3-Recv: 00:003F:001E:0x1204 -> 03:003F:001E:0x0503 0x22AD, tLen 68 dLen 47
12-30 22:18:26.828	          linker	[Debug]	        dji_protocol_v3.c:506  0:0x1204 convert to 0092(0x1204)
12-30 22:18:26.828	          linker	[Debug]	        dji_protocol_v3.c:506  3:0x0503 convert to 0065(0x0503)
12-30 22:18:26.829	          linker	[Debug]	            dji_command.c:1128  <0x6ba9>Receive msg from linker, 0x1204(0x0092)->0x0503(0x0065) 0x22AD len:47
12-30 22:18:26.829	          linker	[Debug]	            dji_command.c:980  received unsupport request cmd that need ack, <0x6ba9> cmdset: 0x22 cmdid: 0xAD
12-30 22:18:26.841	          linker	[Debug]	        dji_protocol_v3.c:387  <0x705b>V3-Recv: 00:003F:001E:0x0300 -> 03:003F:001E:0x0503 0x3C57, tLen 37 dLen 16
12-30 22:18:26.841	          linker	[Debug]	        dji_protocol_v3.c:506  0:0x0300 convert to 0003(0x0300)
12-30 22:18:26.841	          linker	[Debug]	        dji_protocol_v3.c:506  3:0x0503 convert to 0065(0x0503)
12-30 22:18:26.842	          linker	[Debug]	            dji_command.c:1128  <0x705b>Receive msg from linker, 0x0300(0x0003)->0x0503(0x0065) 0x3C57 len:16
12-30 22:18:26.842	          linker	[Debug]	            dji_command.c:980  received unsupport request cmd that noneed ack, <0x705b> cmdset: 0x3C cmdid: 0x57
12-30 22:18:26.846	          linker	[Debug]	            dji_command.c:733  Reg command handle list success, index:11
12-30 22:18:26.846	            user	[Info]	            test_widget.c:141  widget file: /home/dji/DJI_workshop/LZP_PSDK/Payload-SDK/samples/sample_c/module_sample/widget/widget_file/en_big_screen
12-30 22:18:26.847	          widget	[Debug]	 dji_widget_json_parser.c:85   Json file: main interface widget count = 4
12-30 22:18:26.847	          widget	[Debug]	 dji_widget_json_parser.c:90   Json file: config interface widget count = 5
12-30 22:18:26.848	          widget	[Debug]	 dji_widget_json_parser.c:85   Json file: main interface widget count = 4
12-30 22:18:26.848	          widget	[Debug]	 dji_widget_json_parser.c:90   Json file: config interface widget count = 5
12-30 22:18:26.848	          widget	[Debug]	 dji_widget_json_parser.c:85   Json file: main interface widget count = 4
12-30 22:18:26.848	          widget	[Debug]	 dji_widget_json_parser.c:90   Json file: config interface widget count = 5
12-30 22:18:26.849	          linker	[Debug]	        dji_protocol_v3.c:266  <0xe21d>V3-Send: 03:003F:001E:0x0503 -> 00:003F:001E:0x0200 0x3C1F, tLen 58 dLen 37
12-30 22:18:26.849	            core	[Info]	               dji_core.c:340  Start dji sdk application
12-30 22:18:26.849	            user	[Info]	          application.cpp:250  Application start.
12-30 22:18:26.852	          linker	[Debug]	        dji_protocol_v1.c:189  <0xe21e>V1-Send: 0x0503->0x1D02 0x00F0
12-30 22:18:26.863	          linker	[Debug]	        dji_protocol_v1.c:189  <0xe21f>V1-Send: 0x0503->0x1D02 0x00F0
12-30 22:18:26.873	          linker	[Debug]	        dji_protocol_v1.c:189  <0xe220>V1-Send: 0x0503->0x1D02 0x00F0
12-30 22:18:26.908	          linker	[Debug]	        dji_protocol_v3.c:387  <0x6bb6>V3-Recv: 00:003F:001E:0x1204 -> 03:003F:001E:0x0503 0x4900, tLen 23 dLen 2
12-30 22:18:26.908	          linker	[Debug]	        dji_protocol_v3.c:506  0:0x1204 convert to 0092(0x1204)
12-30 22:18:26.908	          linker	[Debug]	        dji_protocol_v3.c:506  3:0x0503 convert to 0065(0x0503)
12-30 22:18:26.909	          linker	[Debug]	            dji_command.c:1128  <0x6bb6>Receive msg from linker, 0x1204(0x0092)->0x0503(0x0065) 0x4900 len:2
12-30 22:18:26.909	          linker	[Debug]	        dji_protocol_v3.c:266  <0x6bb6>V3-Send: 03:003F:001E:0x0503 -> 00:003F:001E:0x1204 0x4900, tLen 23 dLen 2
12-30 22:18:26.928	          linker	[Debug]	        dji_protocol_v3.c:387  <0x6bba>V3-Recv: 00:003F:001E:0x1204 -> 03:003F:001E:0x0503 0x22AD, tLen 68 dLen 47
12-30 22:18:26.928	          linker	[Debug]	        dji_protocol_v3.c:506  0:0x1204 convert to 0092(0x1204)
12-30 22:18:26.928	          linker	[Debug]	        dji_protocol_v3.c:506  3:0x0503 convert to 0065(0x0503)
12-30 22:18:26.929	          linker	[Debug]	            dji_command.c:1128  <0x6bba>Receive msg from linker, 0x1204(0x0092)->0x0503(0x0065) 0x22AD len:47
12-30 22:18:26.929	          linker	[Debug]	            dji_command.c:980  received unsupport request cmd that need ack, <0x6bba> cmdset: 0x22 cmdid: 0xAD
12-30 22:18:26.958	           utils	[Debug]	          dji_root_task.c:131  work execution time:
12-30 22:18:26.958	           utils	[Debug]	          dji_root_task.c:132  name	                execution time (ms)	  max execution time (ms)
12-30 22:18:26.958	           utils	[Debug]	          dji_root_task.c:134  recorderWork                    	1       	1       
12-30 22:18:26.958	           utils	[Debug]	          dji_root_task.c:134  flowControllerTask              	0       	0       
12-30 22:18:26.958	           utils	[Debug]	          dji_root_task.c:134  commandTask                     	1       	1       
12-30 22:18:26.958	           utils	[Debug]	          dji_root_task.c:134  aircraftWorkNode                	1       	1       
12-30 22:18:26.958	           utils	[Debug]	          dji_root_task.c:134  dataBuriedPointTask             	1       	1       
12-30 22:18:26.958	           utils	[Debug]	          dji_root_task.c:134  StatePushWork                   	1       	1       
12-30 22:18:26.958	           utils	[Debug]	          dji_root_task.c:134  WidgetWork                      	0       	0       
12-30 22:18:26.958	           utils	[Debug]	          dji_root_task.c:134  hmsTask                         	0       	0       
12-30 22:18:26.991	          linker	[Debug]	        dji_protocol_v1.c:189  <0xe221>V1-Send: 0x0503->0x1007 0x198B
12-30 22:18:26.991	          linker	[Debug]	        dji_protocol_v3.c:266  <0xe222>V3-Send: 03:003F:001E:0x0503 -> 00:003F:001E:0x0200 0x3C10, tLen 85 dLen 64
12-30 22:18:26.992	          linker	[Debug]	        dji_protocol_v3.c:266  <0xe223>V3-Send: 03:003F:001E:0x0503 -> 00:003F:001E:0x0300 0x3C10, tLen 85 dLen 64
12-30 22:18:26.992	          linker	[Debug]	        dji_protocol_v3.c:266  <0xe224>V3-Send: 03:003F:001E:0x0503 -> 00:003F:001E:0x1104 0x3C10, tLen 85 dLen 64
12-30 22:18:26.992	          linker	[Debug]	        dji_protocol_v3.c:266  <0xe225>V3-Send: 03:003F:001E:0x0503 -> 00:003F:001E:0x0701 0x3C10, tLen 85 dLen 64
12-30 22:18:26.992	          linker	[Debug]	        dji_protocol_v3.c:266  <0xe226>V3-Send: 03:003F:001E:0x0503 -> 00:003F:001E:0x1100 0x3C10, tLen 85 dLen 64
12-30 22:18:27.008	          linker	[Debug]	        dji_protocol_v3.c:387  <0x6bc6>V3-Recv: 00:003F:001E:0x1204 -> 03:003F:001E:0x0503 0x4900, tLen 23 dLen 2
12-30 22:18:27.008	          linker	[Debug]	        dji_protocol_v3.c:506  0:0x1204 convert to 0092(0x1204)
12-30 22:18:27.008	          linker	[Debug]	        dji_protocol_v3.c:506  3:0x0503 convert to 0065(0x0503)
12-30 22:18:27.009	          linker	[Debug]	            dji_command.c:1128  <0x6bc6>Receive msg from linker, 0x1204(0x0092)->0x0503(0x0065) 0x4900 len:2
12-30 22:18:27.009	          linker	[Debug]	        dji_protocol_v3.c:266  <0x6bc6>V3-Send: 03:003F:001E:0x0503 -> 00:003F:001E:0x1204 0x4900, tLen 23 dLen 2
12-30 22:18:27.028	          linker	[Debug]	        dji_protocol_v3.c:387  <0x6bca>V3-Recv: 00:003F:001E:0x1204 -> 03:003F:001E:0x0503 0x22AD, tLen 68 dLen 47
12-30 22:18:27.028	          linker	[Debug]	        dji_protocol_v3.c:506  0:0x1204 convert to 0092(0x1204)
12-30 22:18:27.028	          linker	[Debug]	        dji_protocol_v3.c:506  3:0x0503 convert to 0065(0x0503)
12-30 22:18:27.029	          linker	[Debug]	            dji_command.c:1128  <0x6bca>Receive msg from linker, 0x1204(0x0092)->0x0503(0x0065) 0x22AD len:47
12-30 22:18:27.029	          linker	[Debug]	            dji_command.c:980  received unsupport request cmd that need ack, <0x6bca> cmdset: 0x22 cmdid: 0xAD
12-30 22:18:27.042	          linker	[Debug]	        dji_protocol_v3.c:387  <0x71d5>V3-Recv: 00:003F:001E:0x0300 -> 03:003F:001E:0x0503 0x3C57, tLen 37 dLen 16
12-30 22:18:27.042	          linker	[Debug]	        dji_protocol_v3.c:506  0:0x0300 convert to 0003(0x0300)
12-30 22:18:27.042	          linker	[Debug]	        dji_protocol_v3.c:506  3:0x0503 convert to 0065(0x0503)
12-30 22:18:27.043	          linker	[Debug]	            dji_command.c:1128  <0x71d5>Receive msg from linker, 0x0300(0x0003)->0x0503(0x0065) 0x3C57 len:16
12-30 22:18:27.043	          linker	[Debug]	            dji_command.c:980  received unsupport request cmd that noneed ack, <0x71d5> cmdset: 0x3C cmdid: 0x57
12-30 22:18:27.049	          linker	[Debug]	        dji_protocol_v3.c:266  <0xe227>V3-Send: 03:003F:001E:0x0503 -> 00:003F:001E:0x0200 0x3C1F, tLen 58 dLen 37
12-30 22:18:27.062	          linker	[Debug]	        dji_protocol_v3.c:266  <0xe228>V3-Send: 03:003F:001E:0x0503 -> 00:003F:001E:0x0200 0x3C1B, tLen 77 dLen 56
12-30 22:18:27.086	          linker	[Debug]	        dji_protocol_v3.c:387  <0xe024>V3-Recv: 00:0001:0000:0x0202 -> 03:0000:0001:0x0503 0x0001, tLen 21 dLen 0
12-30 22:18:27.086	          linker	[Debug]	        dji_protocol_v3.c:506  0:0x0202 convert to 0042(0x0202)
12-30 22:18:27.086	          linker	[Debug]	        dji_protocol_v3.c:506  3:0x0503 convert to 0065(0x0503)
12-30 22:18:27.086	          linker	[Debug]	            dji_command.c:1128  <0xe024>Receive msg from linker, 0x0202(0x0042)->0x0503(0x0065) 0x0001 len:0
12-30 22:18:27.086	            core	[Debug]	dji_application_ready_state.c:331  Get payload custom version from 0x00000042
12-30 22:18:27.086	          linker	[Debug]	        dji_protocol_v3.c:266  <0xe024>V3-Send: 03:003F:001E:0x0503 -> 00:003F:001E:0x0202 0x0001, tLen 51 dLen 30
12-30 22:18:27.096	          linker	[Debug]	        dji_protocol_v3.c:387  <0xe025>V3-Recv: 00:0001:0000:0x0202 -> 03:0000:0001:0x0503 0x3C36, tLen 21 dLen 0
12-30 22:18:27.096	          linker	[Debug]	        dji_protocol_v3.c:506  0:0x0202 convert to 0042(0x0202)
12-30 22:18:27.096	          linker	[Debug]	        dji_protocol_v3.c:506  3:0x0503 convert to 0065(0x0503)
12-30 22:18:27.096	          linker	[Debug]	        dji_protocol_v3.c:387  <0xe026>V3-Recv: 00:0001:0000:0x0202 -> 03:0000:0001:0x0503 0x0051, tLen 22 dLen 1
12-30 22:18:27.096	          linker	[Debug]	        dji_protocol_v3.c:506  0:0x0202 convert to 0042(0x0202)
12-30 22:18:27.096	          linker	[Debug]	        dji_protocol_v3.c:506  3:0x0503 convert to 0065(0x0503)
12-30 22:18:27.096	          linker	[Debug]	        dji_protocol_v3.c:387  <0xe027>V3-Recv: 00:0001:0000:0x0202 -> 03:0000:0001:0x0503 0x3C3C, tLen 23 dLen 2
12-30 22:18:27.096	          linker	[Debug]	        dji_protocol_v3.c:506  0:0x0202 convert to 0042(0x0202)
12-30 22:18:27.096	          linker	[Debug]	        dji_protocol_v3.c:506  3:0x0503 convert to 0065(0x0503)
12-30 22:18:27.097	          linker	[Debug]	            dji_command.c:1128  <0xe025>Receive msg from linker, 0x0202(0x0042)->0x0503(0x0065) 0x3C36 len:0
12-30 22:18:27.097	          linker	[Debug]	        dji_protocol_v3.c:266  <0xe025>V3-Send: 03:003F:001E:0x0503 -> 00:003F:001E:0x0202 0x3C36, tLen 173 dLen 152
12-30 22:18:27.098	          linker	[Debug]	            dji_command.c:1128  <0xe026>Receive msg from linker, 0x0202(0x0042)->0x0503(0x0065) 0x0051 len:1
12-30 22:18:27.098	          linker	[Debug]	        dji_protocol_v3.c:266  <0xe026>V3-Send: 03:003F:001E:0x0503 -> 00:003F:001E:0x0202 0x0051, tLen 56 dLen 35
12-30 22:18:27.099	          linker	[Debug]	            dji_command.c:1128  <0xe027>Receive msg from linker, 0x0202(0x0042)->0x0503(0x0065) 0x3C3C len:2
12-30 22:18:27.099	           infor	[Info]	      dji_aircraft_info.c:769  Set mobile app info, language is Chinese, screen type is Big Screen
12-30 22:18:27.099	          linker	[Debug]	        dji_protocol_v3.c:266  <0xe027>V3-Send: 03:003F:001E:0x0503 -> 00:003F:001E:0x0202 0x3C3C, tLen 22 dLen 1
12-30 22:18:27.100	          linker	[Debug]	        dji_protocol_v1.c:189  <0xe229>V1-Send: 0x0503->0x1D02 0x00F0
12-30 22:18:27.108	          linker	[Debug]	        dji_protocol_v3.c:387  <0x6bd6>V3-Recv: 00:003F:001E:0x1204 -> 03:003F:001E:0x0503 0x4900, tLen 23 dLen 2
12-30 22:18:27.108	          linker	[Debug]	        dji_protocol_v3.c:506  0:0x1204 convert to 0092(0x1204)
12-30 22:18:27.108	          linker	[Debug]	        dji_protocol_v3.c:506  3:0x0503 convert to 0065(0x0503)
12-30 22:18:27.109	          linker	[Debug]	            dji_command.c:1128  <0x6bd6>Receive msg from linker, 0x1204(0x0092)->0x0503(0x0065) 0x4900 len:2
12-30 22:18:27.109	          linker	[Debug]	        dji_protocol_v3.c:266  <0x6bd6>V3-Send: 03:003F:001E:0x0503 -> 00:003F:001E:0x1204 0x4900, tLen 23 dLen 2
12-30 22:18:27.128	          linker	[Debug]	        dji_protocol_v3.c:387  <0x6bda>V3-Recv: 00:003F:001E:0x1204 -> 03:003F:001E:0x0503 0x22AD, tLen 68 dLen 47
12-30 22:18:27.128	          linker	[Debug]	        dji_protocol_v3.c:506  0:0x1204 convert to 0092(0x1204)
12-30 22:18:27.128	          linker	[Debug]	        dji_protocol_v3.c:506  3:0x0503 convert to 0065(0x0503)
12-30 22:18:27.129	          linker	[Debug]	            dji_command.c:1128  <0x6bda>Receive msg from linker, 0x1204(0x0092)->0x0503(0x0065) 0x22AD len:47
12-30 22:18:27.129	          linker	[Debug]	            dji_command.c:980  received unsupport request cmd that need ack, <0x6bda> cmdset: 0x22 cmdid: 0xAD
12-30 22:18:27.150	          linker	[Debug]	        dji_protocol_v1.c:309  <0x2030>V1-Recv: 0x0A06->0x0503 0x0866
12-30 22:18:27.151	          linker	[Debug]	            dji_command.c:1128  <0x2030>Receive msg from linker, 0x0A06(0x00CA)->0x0503(0x0065) 0x0866 len:102
12-30 22:18:27.151	          linker	[Debug]	            dji_command.c:980  received unsupport request cmd that noneed ack, <0x2030> cmdset: 0x08 cmdid: 0x66
12-30 22:18:27.186	          linker	[Debug]	        dji_protocol_v3.c:387  <0xe032>V3-Recv: 00:0001:0000:0x0202 -> 03:0000:0001:0x0503 0x0026, tLen 58 dLen 37
12-30 22:18:27.186	          linker	[Debug]	        dji_protocol_v3.c:506  0:0x0202 convert to 0042(0x0202)
12-30 22:18:27.186	          linker	[Debug]	        dji_protocol_v3.c:506  3:0x0503 convert to 0065(0x0503)
12-30 22:18:27.186	          linker	[Debug]	            dji_command.c:1128  <0xe032>Receive msg from linker, 0x0202(0x0042)->0x0503(0x0065) 0x0026 len:37
12-30 22:18:27.186	      downloader	[Debug]	         dji_downloader.c:355  Request, host = 0x42, receiver = 0x65, session = 77, taskId = 0, funcId = 0
12-30 22:18:27.186	          linker	[Debug]	        dji_protocol_v3.c:266  <0xe032>V3-Send: 03:003F:001E:0x0503 -> 00:003F:001E:0x0202 0x0026, tLen 22 dLen 1
12-30 22:18:27.187	      downloader	[Debug]	         dji_downloader.c:476  Downloader data start send, session id = 77 task:0 type:14
12-30 22:18:27.193	      downloader	[Debug]	 dji_download_data_list.c:190  Download data list data length = 460
12-30 22:18:27.200	          linker	[Debug]	        dji_protocol_v3.c:266  <0xe22a>V3-Send: 03:003F:001E:0x0503 -> 00:003F:001E:0x0202 0x0027, tLen 491 dLen 470
12-30 22:18:27.201	      downloader	[Debug]	         dji_downloader.c:691  data downloader update info, seq:0 offset:0 dataLen:460 totalLen:460 process:0
12-30 22:18:27.201	      downloader	[Debug]	         dji_downloader.c:703  Downloader already send last package
12-30 22:18:27.208	          linker	[Debug]	        dji_protocol_v1.c:189  <0xe22b>V1-Send: 0x0503->0x1007 0x198B
12-30 22:18:27.208	          linker	[Debug]	        dji_protocol_v3.c:266  <0xe22c>V3-Send: 03:003F:001E:0x0503 -> 00:003F:001E:0x0200 0x3C10, tLen 85 dLen 64
12-30 22:18:27.208	          linker	[Debug]	        dji_protocol_v3.c:387  <0x6be6>V3-Recv: 00:003F:001E:0x1204 -> 03:003F:001E:0x0503 0x4900, tLen 23 dLen 2
12-30 22:18:27.208	          linker	[Debug]	        dji_protocol_v3.c:506  0:0x1204 convert to 0092(0x1204)
12-30 22:18:27.208	          linker	[Debug]	        dji_protocol_v3.c:506  3:0x0503 convert to 0065(0x0503)
12-30 22:18:27.208	          linker	[Debug]	        dji_protocol_v3.c:266  <0xe22d>V3-Send: 03:003F:001E:0x0503 -> 00:003F:001E:0x0300 0x3C10, tLen 85 dLen 64
12-30 22:18:27.209	          linker	[Debug]	        dji_protocol_v3.c:266  <0xe22e>V3-Send: 03:003F:001E:0x0503 -> 00:003F:001E:0x1104 0x3C10, tLen 85 dLen 64
12-30 22:18:27.209	          linker	[Debug]	        dji_protocol_v3.c:266  <0xe22f>V3-Send: 03:003F:001E:0x0503 -> 00:003F:001E:0x0701 0x3C10, tLen 85 dLen 64
12-30 22:18:27.209	          linker	[Debug]	        dji_protocol_v3.c:266  <0xe230>V3-Send: 03:003F:001E:0x0503 -> 00:003F:001E:0x1100 0x3C10, tLen 85 dLen 64
12-30 22:18:27.210	          linker	[Debug]	            dji_command.c:1128  <0x6be6>Receive msg from linker, 0x1204(0x0092)->0x0503(0x0065) 0x4900 len:2
12-30 22:18:27.210	          linker	[Debug]	        dji_protocol_v3.c:266  <0x6be6>V3-Send: 03:003F:001E:0x0503 -> 00:003F:001E:0x1204 0x4900, tLen 23 dLen 2
12-30 22:18:27.228	          linker	[Debug]	        dji_protocol_v3.c:387  <0x6bea>V3-Recv: 00:003F:001E:0x1204 -> 03:003F:001E:0x0503 0x22AD, tLen 68 dLen 47
12-30 22:18:27.228	          linker	[Debug]	        dji_protocol_v3.c:506  0:0x1204 convert to 0092(0x1204)
12-30 22:18:27.228	          linker	[Debug]	        dji_protocol_v3.c:506  3:0x0503 convert to 0065(0x0503)
12-30 22:18:27.229	          linker	[Debug]	            dji_command.c:1128  <0x6bea>Receive msg from linker, 0x1204(0x0092)->0x0503(0x0065) 0x22AD len:47
12-30 22:18:27.229	          linker	[Debug]	            dji_command.c:980  received unsupport request cmd that need ack, <0x6bea> cmdset: 0x22 cmdid: 0xAD
12-30 22:18:27.241	          linker	[Debug]	        dji_protocol_v3.c:387  <0xe03a>V3-Recv: 00:0001:0000:0x0202 -> 03:0000:0001:0x0503 0x0026, tLen 35 dLen 14
12-30 22:18:27.241	          linker	[Debug]	        dji_protocol_v3.c:506  0:0x0202 convert to 0042(0x0202)
12-30 22:18:27.241	          linker	[Debug]	        dji_protocol_v3.c:506  3:0x0503 convert to 0065(0x0503)
12-30 22:18:27.241	          linker	[Debug]	        dji_protocol_v3.c:387  <0x733b>V3-Recv: 00:003F:001E:0x0300 -> 03:003F:001E:0x0503 0x3C57, tLen 37 dLen 16
12-30 22:18:27.241	          linker	[Debug]	        dji_protocol_v3.c:506  0:0x0300 convert to 0003(0x0300)
12-30 22:18:27.241	          linker	[Debug]	        dji_protocol_v3.c:506  3:0x0503 convert to 0065(0x0503)
12-30 22:18:27.242	          linker	[Debug]	            dji_command.c:1128  <0xe03a>Receive msg from linker, 0x0202(0x0042)->0x0503(0x0065) 0x0026 len:14
12-30 22:18:27.242	      downloader	[Debug]	         dji_downloader.c:355  Request, host = 0x42, receiver = 0x65, session = 77, taskId = 0, funcId = 4
12-30 22:18:27.242	          linker	[Debug]	        dji_protocol_v3.c:266  <0xe03a>V3-Send: 03:003F:001E:0x0503 -> 00:003F:001E:0x0202 0x0026, tLen 22 dLen 1
12-30 22:18:27.242	      downloader	[Debug]	         dji_downloader.c:550  Downloader data end send
12-30 22:18:27.243	          linker	[Debug]	            dji_command.c:1128  <0x733b>Receive msg from linker, 0x0300(0x0003)->0x0503(0x0065) 0x3C57 len:16
12-30 22:18:27.243	          linker	[Debug]	            dji_command.c:980  received unsupport request cmd that noneed ack, <0x733b> cmdset: 0x3C cmdid: 0x57
12-30 22:18:27.249	          linker	[Debug]	        dji_protocol_v3.c:266  <0xe231>V3-Send: 03:003F:001E:0x0503 -> 00:003F:001E:0x0200 0x3C1F, tLen 58 dLen 37
12-30 22:18:27.260	          linker	[Debug]	        dji_protocol_v3.c:387  <0xe03b>V3-Recv: 00:0001:0000:0x0202 -> 03:0000:0001:0x0503 0x0026, tLen 69 dLen 48
12-30 22:18:27.260	          linker	[Debug]	        dji_protocol_v3.c:506  0:0x0202 convert to 0042(0x0202)
12-30 22:18:27.260	          linker	[Debug]	        dji_protocol_v3.c:506  3:0x0503 convert to 0065(0x0503)
12-30 22:18:27.260	          linker	[Debug]	            dji_command.c:1128  <0xe03b>Receive msg from linker, 0x0202(0x0042)->0x0503(0x0065) 0x0026 len:48
12-30 22:18:27.260	      downloader	[Debug]	         dji_downloader.c:355  Request, host = 0x42, receiver = 0x65, session = 78, taskId = 1, funcId = 0
12-30 22:18:27.261	          linker	[Debug]	        dji_protocol_v3.c:266  <0xe03b>V3-Send: 03:003F:001E:0x0503 -> 00:003F:001E:0x0202 0x0026, tLen 22 dLen 1
12-30 22:18:27.261	      downloader	[Debug]	         dji_downloader.c:476  Downloader data start send, session id = 78 task:1 type:14
12-30 22:18:27.262	      downloader	[Debug]	 dji_download_data_file.c:92   Download file object info, index = 0  drive = 0 type = 14 offset = 0 size = -1
12-30 22:18:27.263	          linker	[Debug]	        dji_protocol_v3.c:266  <0xe232>V3-Send: 03:003F:001E:0x0503 -> 00:003F:001E:0x0202 0x0027, tLen 931 dLen 910
12-30 22:18:27.263	      downloader	[Debug]	         dji_downloader.c:691  data downloader update info, seq:0 offset:0 dataLen:900 totalLen:22491 process:0
12-30 22:18:27.272	          linker	[Debug]	        dji_protocol_v3.c:266  <0xe233>V3-Send: 03:003F:001E:0x0503 -> 00:003F:001E:0x0202 0x0027, tLen 931 dLen 910
12-30 22:18:27.272	      downloader	[Debug]	         dji_downloader.c:691  data downloader update info, seq:1 offset:900 dataLen:900 totalLen:22491 process:4
12-30 22:18:27.280	          linker	[Debug]	        dji_protocol_v3.c:266  <0xe234>V3-Send: 03:003F:001E:0x0503 -> 00:003F:001E:0x0200 0x3C1B, tLen 77 dLen 56
12-30 22:18:27.280	          linker	[Debug]	        dji_protocol_v3.c:266  <0xe235>V3-Send: 03:003F:001E:0x0503 -> 00:003F:001E:0x0202 0x0027, tLen 931 dLen 910
12-30 22:18:27.280	      downloader	[Debug]	         dji_downloader.c:691  data downloader update info, seq:2 offset:1800 dataLen:900 totalLen:22491 process:8
12-30 22:18:27.289	          linker	[Debug]	        dji_protocol_v3.c:266  <0xe236>V3-Send: 03:003F:001E:0x0503 -> 00:003F:001E:0x0202 0x0027, tLen 931 dLen 910
12-30 22:18:27.289	      downloader	[Debug]	         dji_downloader.c:691  data downloader update info, seq:3 offset:2700 dataLen:900 totalLen:22491 process:12
12-30 22:18:27.298	          linker	[Debug]	        dji_protocol_v3.c:266  <0xe237>V3-Send: 03:003F:001E:0x0503 -> 00:003F:001E:0x0202 0x0027, tLen 931 dLen 910
12-30 22:18:27.298	      downloader	[Debug]	         dji_downloader.c:691  data downloader update info, seq:4 offset:3600 dataLen:900 totalLen:22491 process:16
12-30 22:18:27.306	          linker	[Debug]	        dji_protocol_v3.c:266  <0xe238>V3-Send: 03:003F:001E:0x0503 -> 00:003F:001E:0x0202 0x0027, tLen 931 dLen 910
12-30 22:18:27.306	      downloader	[Debug]	         dji_downloader.c:691  data downloader update info, seq:5 offset:4500 dataLen:900 totalLen:22491 process:20
12-30 22:18:27.308	          linker	[Debug]	        dji_protocol_v3.c:387  <0x6bf6>V3-Recv: 00:003F:001E:0x1204 -> 03:003F:001E:0x0503 0x4900, tLen 23 dLen 2
12-30 22:18:27.308	          linker	[Debug]	        dji_protocol_v3.c:506  0:0x1204 convert to 0092(0x1204)
12-30 22:18:27.308	          linker	[Debug]	        dji_protocol_v3.c:506  3:0x0503 convert to 0065(0x0503)
12-30 22:18:27.309	          linker	[Debug]	            dji_command.c:1128  <0x6bf6>Receive msg from linker, 0x1204(0x0092)->0x0503(0x0065) 0x4900 len:2
12-30 22:18:27.309	          linker	[Debug]	        dji_protocol_v3.c:266  <0x6bf6>V3-Send: 03:003F:001E:0x0503 -> 00:003F:001E:0x1204 0x4900, tLen 23 dLen 2
12-30 22:18:27.315	          linker	[Debug]	        dji_protocol_v3.c:266  <0xe239>V3-Send: 03:003F:001E:0x0503 -> 00:003F:001E:0x0202 0x0027, tLen 931 dLen 910
12-30 22:18:27.315	      downloader	[Debug]	         dji_downloader.c:691  data downloader update info, seq:6 offset:5400 dataLen:900 totalLen:22491 process:24
12-30 22:18:27.324	          linker	[Debug]	        dji_protocol_v3.c:266  <0xe23a>V3-Send: 03:003F:001E:0x0503 -> 00:003F:001E:0x0202 0x0027, tLen 931 dLen 910
12-30 22:18:27.324	      downloader	[Debug]	         dji_downloader.c:691  data downloader update info, seq:7 offset:6300 dataLen:900 totalLen:22491 process:28
12-30 22:18:27.328	          linker	[Debug]	        dji_protocol_v3.c:387  <0x6bfa>V3-Recv: 00:003F:001E:0x1204 -> 03:003F:001E:0x0503 0x22AD, tLen 68 dLen 47
12-30 22:18:27.328	          linker	[Debug]	        dji_protocol_v3.c:506  0:0x1204 convert to 0092(0x1204)
12-30 22:18:27.328	          linker	[Debug]	        dji_protocol_v3.c:506  3:0x0503 convert to 0065(0x0503)
12-30 22:18:27.329	          linker	[Debug]	            dji_command.c:1128  <0x6bfa>Receive msg from linker, 0x1204(0x0092)->0x0503(0x0065) 0x22AD len:47
12-30 22:18:27.329	          linker	[Debug]	            dji_command.c:980  received unsupport request cmd that need ack, <0x6bfa> cmdset: 0x22 cmdid: 0xAD
12-30 22:18:27.333	          linker	[Debug]	        dji_protocol_v3.c:266  <0xe23b>V3-Send: 03:003F:001E:0x0503 -> 00:003F:001E:0x0202 0x0027, tLen 931 dLen 910
12-30 22:18:27.333	      downloader	[Debug]	         dji_downloader.c:691  data downloader update info, seq:8 offset:7200 dataLen:900 totalLen:22491 process:32
12-30 22:18:27.341	          linker	[Debug]	        dji_protocol_v3.c:266  <0xe23c>V3-Send: 03:003F:001E:0x0503 -> 00:003F:001E:0x0202 0x0027, tLen 931 dLen 910
12-30 22:18:27.341	      downloader	[Debug]	         dji_downloader.c:691  data downloader update info, seq:9 offset:8100 dataLen:900 totalLen:22491 process:36
12-30 22:18:27.350	          linker	[Debug]	        dji_protocol_v3.c:266  <0xe23d>V3-Send: 03:003F:001E:0x0503 -> 00:003F:001E:0x0202 0x0027, tLen 931 dLen 910
12-30 22:18:27.350	      downloader	[Debug]	         dji_downloader.c:691  data downloader update info, seq:10 offset:9000 dataLen:900 totalLen:22491 process:40
12-30 22:18:27.359	          linker	[Debug]	        dji_protocol_v3.c:266  <0xe23e>V3-Send: 03:003F:001E:0x0503 -> 00:003F:001E:0x0202 0x0027, tLen 931 dLen 910
12-30 22:18:27.359	      downloader	[Debug]	         dji_downloader.c:691  data downloader update info, seq:11 offset:9900 dataLen:900 totalLen:22491 process:44
12-30 22:18:27.368	          linker	[Debug]	        dji_protocol_v3.c:266  <0xe23f>V3-Send: 03:003F:001E:0x0503 -> 00:003F:001E:0x0202 0x0027, tLen 931 dLen 910
12-30 22:18:27.368	      downloader	[Debug]	         dji_downloader.c:691  data downloader update info, seq:12 offset:10800 dataLen:900 totalLen:22491 process:48
12-30 22:18:27.376	          linker	[Debug]	        dji_protocol_v3.c:266  <0xe240>V3-Send: 03:003F:001E:0x0503 -> 00:003F:001E:0x0202 0x0027, tLen 931 dLen 910
12-30 22:18:27.376	      downloader	[Debug]	         dji_downloader.c:691  data downloader update info, seq:13 offset:11700 dataLen:900 totalLen:22491 process:52
12-30 22:18:27.385	          linker	[Debug]	        dji_protocol_v3.c:266  <0xe241>V3-Send: 03:003F:001E:0x0503 -> 00:003F:001E:0x0202 0x0027, tLen 931 dLen 910
12-30 22:18:27.385	      downloader	[Debug]	         dji_downloader.c:691  data downloader update info, seq:14 offset:12600 dataLen:900 totalLen:22491 process:56
12-30 22:18:27.393	          linker	[Debug]	        dji_protocol_v3.c:387  <0xe04a>V3-Recv: 00:0001:0000:0x0202 -> 03:0000:0001:0x0503 0x3C1C, tLen 28 dLen 7
12-30 22:18:27.394	          linker	[Debug]	        dji_protocol_v3.c:506  0:0x0202 convert to 0042(0x0202)
12-30 22:18:27.394	          linker	[Debug]	        dji_protocol_v3.c:506  3:0x0503 convert to 0065(0x0503)
12-30 22:18:27.394	          linker	[Debug]	        dji_protocol_v3.c:266  <0xe242>V3-Send: 03:003F:001E:0x0503 -> 00:003F:001E:0x0202 0x0027, tLen 931 dLen 910
12-30 22:18:27.394	      downloader	[Debug]	         dji_downloader.c:691  data downloader update info, seq:15 offset:13500 dataLen:900 totalLen:22491 process:60
12-30 22:18:27.394	          linker	[Debug]	            dji_command.c:1128  <0xe04a>Receive msg from linker, 0x0202(0x0042)->0x0503(0x0065) 0x3C1C len:7
12-30 22:18:27.394	       time_sync	[Info]	      dji_time_sync_app.c:112  Current time: 2025.12.30 22:18:27.
12-30 22:18:27.403	          linker	[Debug]	        dji_protocol_v3.c:266  <0xe243>V3-Send: 03:003F:001E:0x0503 -> 00:003F:001E:0x0202 0x0027, tLen 931 dLen 910
12-30 22:18:27.403	      downloader	[Debug]	         dji_downloader.c:691  data downloader update info, seq:16 offset:14400 dataLen:900 totalLen:22491 process:64
12-30 22:18:27.404	          linker	[Debug]	        dji_protocol_v1.c:189  <0xe244>V1-Send: 0x0503->0x1D02 0x00F0
12-30 22:18:27.404	          linker	[Debug]	        dji_protocol_v3.c:387  <0xe04b>V3-Recv: 00:0001:0000:0x0202 -> 03:0000:0001:0x0503 0x3C25, tLen 23 dLen 2
12-30 22:18:27.405	          linker	[Debug]	        dji_protocol_v3.c:506  0:0x0202 convert to 0042(0x0202)
12-30 22:18:27.405	          linker	[Debug]	        dji_protocol_v3.c:506  3:0x0503 convert to 0065(0x0503)
12-30 22:18:27.405	          linker	[Debug]	            dji_command.c:1128  <0xe04b>Receive msg from linker, 0x0202(0x0042)->0x0503(0x0065) 0x3C25 len:2
12-30 22:18:27.405	          linker	[Debug]	            dji_command.c:980  received unsupport request cmd that need ack, <0xe04b> cmdset: 0x3C cmdid: 0x25
12-30 22:18:27.412	          linker	[Debug]	        dji_protocol_v3.c:266  <0xe245>V3-Send: 03:003F:001E:0x0503 -> 00:003F:001E:0x0202 0x0027, tLen 931 dLen 910
12-30 22:18:27.412	      downloader	[Debug]	         dji_downloader.c:691  data downloader update info, seq:17 offset:15300 dataLen:900 totalLen:22491 process:68
12-30 22:18:27.419	          linker	[Debug]	        dji_protocol_v3.c:387  <0x6c06>V3-Recv: 00:003F:001E:0x1204 -> 03:003F:001E:0x0503 0x4900, tLen 23 dLen 2
12-30 22:18:27.420	          linker	[Debug]	        dji_protocol_v3.c:506  0:0x1204 convert to 0092(0x1204)
12-30 22:18:27.420	          linker	[Debug]	        dji_protocol_v3.c:506  3:0x0503 convert to 0065(0x0503)
12-30 22:18:27.420	          linker	[Debug]	        dji_protocol_v3.c:266  <0xe246>V3-Send: 03:003F:001E:0x0503 -> 00:003F:001E:0x0202 0x0027, tLen 931 dLen 910
12-30 22:18:27.420	          linker	[Debug]	            dji_command.c:1128  <0x6c06>Receive msg from linker, 0x1204(0x0092)->0x0503(0x0065) 0x4900 len:2
12-30 22:18:27.421	      downloader	[Debug]	         dji_downloader.c:691  data downloader update info, seq:18 offset:16200 dataLen:900 totalLen:22491 process:72
12-30 22:18:27.421	          linker	[Debug]	        dji_protocol_v3.c:266  <0x6c06>V3-Send: 03:003F:001E:0x0503 -> 00:003F:001E:0x1204 0x4900, tLen 23 dLen 2
12-30 22:18:27.426	          linker	[Debug]	        dji_protocol_v1.c:189  <0xe247>V1-Send: 0x0503->0x1007 0x198B
12-30 22:18:27.426	          linker	[Debug]	        dji_protocol_v3.c:266  <0xe248>V3-Send: 03:003F:001E:0x0503 -> 00:003F:001E:0x0200 0x3C10, tLen 85 dLen 64
12-30 22:18:27.426	          linker	[Debug]	        dji_protocol_v3.c:266  <0xe249>V3-Send: 03:003F:001E:0x0503 -> 00:003F:001E:0x0300 0x3C10, tLen 85 dLen 64
12-30 22:18:27.427	          linker	[Debug]	        dji_protocol_v3.c:266  <0xe24a>V3-Send: 03:003F:001E:0x0503 -> 00:003F:001E:0x1104 0x3C10, tLen 85 dLen 64
12-30 22:18:27.427	          linker	[Debug]	        dji_protocol_v3.c:266  <0xe24b>V3-Send: 03:003F:001E:0x0503 -> 00:003F:001E:0x0701 0x3C10, tLen 85 dLen 64
12-30 22:18:27.427	          linker	[Debug]	        dji_protocol_v3.c:266  <0xe24c>V3-Send: 03:003F:001E:0x0503 -> 00:003F:001E:0x1100 0x3C10, tLen 85 dLen 64
12-30 22:18:27.429	          linker	[Debug]	        dji_protocol_v3.c:266  <0xe24d>V3-Send: 03:003F:001E:0x0503 -> 00:003F:001E:0x0202 0x0027, tLen 35 dLen 14
12-30 22:18:27.429	          linker	[Debug]	        dji_protocol_v3.c:266  <0xe24e>V3-Send: 03:003F:001E:0x0503 -> 00:003F:001E:0x0202 0x0027, tLen 931 dLen 910
12-30 22:18:27.429	      downloader	[Debug]	         dji_downloader.c:691  data downloader update info, seq:19 offset:17100 dataLen:900 totalLen:22491 process:76
12-30 22:18:27.437	          linker	[Debug]	        dji_protocol_v3.c:387  <0x6c0a>V3-Recv: 00:003F:001E:0x1204 -> 03:003F:001E:0x0503 0x22AD, tLen 68 dLen 47
12-30 22:18:27.437	          linker	[Debug]	        dji_protocol_v3.c:506  0:0x1204 convert to 0092(0x1204)
12-30 22:18:27.437	          linker	[Debug]	        dji_protocol_v3.c:506  3:0x0503 convert to 0065(0x0503)
12-30 22:18:27.438	          linker	[Debug]	        dji_protocol_v3.c:266  <0xe24f>V3-Send: 03:003F:001E:0x0503 -> 00:003F:001E:0x0202 0x0027, tLen 931 dLen 910
12-30 22:18:27.438	          linker	[Debug]	            dji_command.c:1128  <0x6c0a>Receive msg from linker, 0x1204(0x0092)->0x0503(0x0065) 0x22AD len:47
12-30 22:18:27.438	      downloader	[Debug]	         dji_downloader.c:691  data downloader update info, seq:20 offset:18000 dataLen:900 totalLen:22491 process:80
12-30 22:18:27.438	          linker	[Debug]	            dji_command.c:980  received unsupport request cmd that need ack, <0x6c0a> cmdset: 0x22 cmdid: 0xAD
12-30 22:18:27.447	          linker	[Debug]	        dji_protocol_v3.c:266  <0xe250>V3-Send: 03:003F:001E:0x0503 -> 00:003F:001E:0x0202 0x0027, tLen 931 dLen 910
12-30 22:18:27.447	      downloader	[Debug]	         dji_downloader.c:691  data downloader update info, seq:21 offset:18900 dataLen:900 totalLen:22491 process:84
12-30 22:18:27.449	          linker	[Debug]	        dji_protocol_v3.c:266  <0xe251>V3-Send: 03:003F:001E:0x0503 -> 00:003F:001E:0x0200 0x3C1F, tLen 58 dLen 37
12-30 22:18:27.454	          linker	[Debug]	        dji_protocol_v3.c:387  <0x7498>V3-Recv: 00:003F:001E:0x0300 -> 03:003F:001E:0x0503 0x3C57, tLen 37 dLen 16
12-30 22:18:27.454	          linker	[Debug]	        dji_protocol_v3.c:506  0:0x0300 convert to 0003(0x0300)
12-30 22:18:27.454	          linker	[Debug]	        dji_protocol_v3.c:506  3:0x0503 convert to 0065(0x0503)
12-30 22:18:27.455	          linker	[Debug]	            dji_command.c:1128  <0x7498>Receive msg from linker, 0x0300(0x0003)->0x0503(0x0065) 0x3C57 len:16
12-30 22:18:27.455	          linker	[Debug]	            dji_command.c:980  received unsupport request cmd that noneed ack, <0x7498> cmdset: 0x3C cmdid: 0x57
12-30 22:18:27.456	          linker	[Debug]	        dji_protocol_v3.c:266  <0xe252>V3-Send: 03:003F:001E:0x0503 -> 00:003F:001E:0x0202 0x0027, tLen 931 dLen 910
12-30 22:18:27.456	      downloader	[Debug]	         dji_downloader.c:691  data downloader update info, seq:22 offset:19800 dataLen:900 totalLen:22491 process:88
12-30 22:18:27.464	          linker	[Debug]	        dji_protocol_v3.c:266  <0xe253>V3-Send: 03:003F:001E:0x0503 -> 00:003F:001E:0x0202 0x0027, tLen 931 dLen 910
12-30 22:18:27.465	      downloader	[Debug]	         dji_downloader.c:691  data downloader update info, seq:23 offset:20700 dataLen:900 totalLen:22491 process:92
12-30 22:18:27.473	          linker	[Debug]	        dji_protocol_v3.c:266  <0xe254>V3-Send: 03:003F:001E:0x0503 -> 00:003F:001E:0x0202 0x0027, tLen 922 dLen 901
12-30 22:18:27.473	      downloader	[Debug]	         dji_downloader.c:691  data downloader update info, seq:24 offset:21600 dataLen:891 totalLen:22491 process:96
12-30 22:18:27.473	      downloader	[Debug]	         dji_downloader.c:703  Downloader already send last package
12-30 22:18:27.481	          linker	[Debug]	        dji_protocol_v3.c:387  <0xe056>V3-Recv: 00:0001:0000:0x0202 -> 03:0000:0001:0x0503 0x0026, tLen 36 dLen 15
12-30 22:18:27.481	          linker	[Debug]	        dji_protocol_v3.c:506  0:0x0202 convert to 0042(0x0202)
12-30 22:18:27.481	          linker	[Debug]	        dji_protocol_v3.c:506  3:0x0503 convert to 0065(0x0503)
12-30 22:18:27.482	          linker	[Debug]	            dji_command.c:1128  <0xe056>Receive msg from linker, 0x0202(0x0042)->0x0503(0x0065) 0x0026 len:15
12-30 22:18:27.482	      downloader	[Debug]	         dji_downloader.c:355  Request, host = 0x42, receiver = 0x65, session = 78, taskId = 0, funcId = 2
12-30 22:18:27.482	          linker	[Debug]	        dji_protocol_v3.c:266  <0xe056>V3-Send: 03:003F:001E:0x0503 -> 00:003F:001E:0x0202 0x0026, tLen 22 dLen 1
12-30 22:18:27.497	          linker	[Debug]	        dji_protocol_v3.c:266  <0xe255>V3-Send: 03:003F:001E:0x0503 -> 00:003F:001E:0x0200 0x3C1B, tLen 77 dLen 56
12-30 22:18:27.503	          linker	[Debug]	        dji_protocol_v3.c:266  <0xe256>V3-Send: 03:003F:001E:0x0503 -> 00:003F:001E:0x0801 0x0000, tLen 21 dLen 0
12-30 22:18:27.503	           infor	[Debug]	dji_aircraft_connection.c:170  check connect status:1
12-30 22:18:27.503	          linker	[Debug]	        dji_protocol_v3.c:387  <0xe256>V3-Recv: 00:003F:001E:0x0801 -> 03:003F:001E:0x0503 0x0000, tLen 22 dLen 1
12-30 22:18:27.503	          linker	[Debug]	        dji_protocol_v3.c:506  0:0x0801 convert to 0028(0x0801)
12-30 22:18:27.503	          linker	[Debug]	        dji_protocol_v3.c:506  3:0x0503 convert to 0065(0x0503)
12-30 22:18:27.504	          linker	[Debug]	            dji_command.c:1128  <0xe256>Receive msg from linker, 0x0801(0x0028)->0x0503(0x0065) 0x0000 len:1
12-30 22:18:27.504	           infor	[Debug]	dji_aircraft_connection.c:303  connect status async sucess
12-30 22:18:27.504	          linker	[Debug]	            dji_command.c:890  callback function (cmdset: 0x00 cmdid: 0x00) deal time: 0 ms
12-30 22:18:27.523	          linker	[Debug]	        dji_protocol_v3.c:387  <0x6c16>V3-Recv: 00:003F:001E:0x1204 -> 03:003F:001E:0x0503 0x4900, tLen 23 dLen 2
12-30 22:18:27.523	          linker	[Debug]	        dji_protocol_v3.c:506  0:0x1204 convert to 0092(0x1204)
12-30 22:18:27.523	          linker	[Debug]	        dji_protocol_v3.c:506  3:0x0503 convert to 0065(0x0503)
12-30 22:18:27.523	          linker	[Debug]	        dji_protocol_v3.c:387  <0xe058>V3-Recv: 00:0001:0000:0x0202 -> 03:0000:0001:0x0503 0x0026, tLen 35 dLen 14
12-30 22:18:27.523	          linker	[Debug]	            dji_command.c:1128  <0x6c16>Receive msg from linker, 0x1204(0x0092)->0x0503(0x0065) 0x4900 len:2
12-30 22:18:27.523	          linker	[Debug]	        dji_protocol_v3.c:506  0:0x0202 convert to 0042(0x0202)
12-30 22:18:27.523	          linker	[Debug]	        dji_protocol_v3.c:506  3:0x0503 convert to 0065(0x0503)
12-30 22:18:27.523	          linker	[Debug]	        dji_protocol_v3.c:266  <0x6c16>V3-Send: 03:003F:001E:0x0503 -> 00:003F:001E:0x1204 0x4900, tLen 23 dLen 2
12-30 22:18:27.525	          linker	[Debug]	            dji_command.c:1128  <0xe058>Receive msg from linker, 0x0202(0x0042)->0x0503(0x0065) 0x0026 len:14
12-30 22:18:27.525	      downloader	[Debug]	         dji_downloader.c:355  Request, host = 0x42, receiver = 0x65, session = 78, taskId = 1, funcId = 4
12-30 22:18:27.525	          linker	[Debug]	        dji_protocol_v3.c:266  <0xe058>V3-Send: 03:003F:001E:0x0503 -> 00:003F:001E:0x0202 0x0026, tLen 22 dLen 1
12-30 22:18:27.526	      downloader	[Debug]	         dji_downloader.c:550  Downloader data end send
12-30 22:18:27.534	          linker	[Debug]	        dji_protocol_v3.c:387  <0x6c1a>V3-Recv: 00:003F:001E:0x1204 -> 03:003F:001E:0x0503 0x22AD, tLen 68 dLen 47
12-30 22:18:27.534	          linker	[Debug]	        dji_protocol_v3.c:506  0:0x1204 convert to 0092(0x1204)
12-30 22:18:27.534	          linker	[Debug]	        dji_protocol_v3.c:506  3:0x0503 convert to 0065(0x0503)
12-30 22:18:27.534	          linker	[Debug]	            dji_command.c:1128  <0x6c1a>Receive msg from linker, 0x1204(0x0092)->0x0503(0x0065) 0x22AD len:47
12-30 22:18:27.535	          linker	[Debug]	            dji_command.c:980  received unsupport request cmd that need ack, <0x6c1a> cmdset: 0x22 cmdid: 0xAD
12-30 22:18:27.576	          linker	[Debug]	        dji_protocol_v3.c:387  <0xe062>V3-Recv: 00:0001:0000:0x0202 -> 03:0000:0001:0x0503 0x3C50, tLen 21 dLen 0
12-30 22:18:27.576	          linker	[Debug]	        dji_protocol_v3.c:506  0:0x0202 convert to 0042(0x0202)
12-30 22:18:27.576	          linker	[Debug]	        dji_protocol_v3.c:506  3:0x0503 convert to 0065(0x0503)
12-30 22:18:27.576	          linker	[Debug]	            dji_command.c:1128  <0xe062>Receive msg from linker, 0x0202(0x0042)->0x0503(0x0065) 0x3C50 len:0
12-30 22:18:27.576	            core	[Debug]	dji_application_ready_state.c:310  Get payload capability set handle, ver: 1, support: 1 0 0 0
12-30 22:18:27.576	          linker	[Debug]	        dji_protocol_v3.c:266  <0xe062>V3-Send: 03:003F:001E:0x0503 -> 00:003F:001E:0x0202 0x3C50, tLen 27 dLen 6
12-30 22:18:27.586	          linker	[Debug]	        dji_protocol_v3.c:387  <0xdfb8>V3-Recv: 00:0001:0000:0x0202 -> 03:0000:0001:0x0503 0x3C20, tLen 22 dLen 1
12-30 22:18:27.586	          linker	[Debug]	        dji_protocol_v3.c:506  0:0x0202 convert to 0042(0x0202)
12-30 22:18:27.586	          linker	[Debug]	        dji_protocol_v3.c:506  3:0x0503 convert to 0065(0x0503)
12-30 22:18:27.587	          linker	[Debug]	            dji_command.c:1128  <0xdfb8>Receive msg from linker, 0x0202(0x0042)->0x0503(0x0065) 0x3C20 len:1
12-30 22:18:27.587	          linker	[Debug]	            dji_command.c:980  received unsupport request cmd that need ack, <0xdfb8> cmdset: 0x3C cmdid: 0x20
12-30 22:18:27.608	          linker	[Debug]	        dji_protocol_v3.c:387  <0x6c24>V3-Recv: 00:003F:001E:0x1204 -> 03:003F:001E:0x0503 0x4900, tLen 23 dLen 2
12-30 22:18:27.608	          linker	[Debug]	        dji_protocol_v3.c:506  0:0x1204 convert to 0092(0x1204)
12-30 22:18:27.608	          linker	[Debug]	        dji_protocol_v3.c:506  3:0x0503 convert to 0065(0x0503)
12-30 22:18:27.609	          linker	[Debug]	            dji_command.c:1128  <0x6c24>Receive msg from linker, 0x1204(0x0092)->0x0503(0x0065) 0x4900 len:2
12-30 22:18:27.609	          linker	[Debug]	        dji_protocol_v3.c:266  <0x6c24>V3-Send: 03:003F:001E:0x0503 -> 00:003F:001E:0x1204 0x4900, tLen 23 dLen 2
12-30 22:18:27.628	          linker	[Debug]	        dji_protocol_v3.c:387  <0x6c26>V3-Recv: 00:003F:001E:0x1204 -> 03:003F:001E:0x0503 0x22AD, tLen 68 dLen 47
12-30 22:18:27.628	          linker	[Debug]	        dji_protocol_v3.c:506  0:0x1204 convert to 0092(0x1204)
12-30 22:18:27.628	          linker	[Debug]	        dji_protocol_v3.c:506  3:0x0503 convert to 0065(0x0503)
12-30 22:18:27.629	          linker	[Debug]	            dji_command.c:1128  <0x6c26>Receive msg from linker, 0x1204(0x0092)->0x0503(0x0065) 0x22AD len:47
12-30 22:18:27.629	          linker	[Debug]	            dji_command.c:980  received unsupport request cmd that need ack, <0x6c26> cmdset: 0x22 cmdid: 0xAD
12-30 22:18:27.639	          linker	[Debug]	        dji_protocol_v3.c:387  <0xe06d>V3-Recv: 00:0001:0000:0x0202 -> 03:0000:0001:0x0503 0x0026, tLen 58 dLen 37
12-30 22:18:27.639	          linker	[Debug]	        dji_protocol_v3.c:506  0:0x0202 convert to 0042(0x0202)
12-30 22:18:27.639	          linker	[Debug]	        dji_protocol_v3.c:506  3:0x0503 convert to 0065(0x0503)
12-30 22:18:27.640	          linker	[Debug]	            dji_command.c:1128  <0xe06d>Receive msg from linker, 0x0202(0x0042)->0x0503(0x0065) 0x0026 len:37
12-30 22:18:27.640	      downloader	[Debug]	         dji_downloader.c:355  Request, host = 0x42, receiver = 0x65, session = 79, taskId = 0, funcId = 0
12-30 22:18:27.640	          linker	[Debug]	        dji_protocol_v3.c:266  <0xe06d>V3-Send: 03:003F:001E:0x0503 -> 00:003F:001E:0x0202 0x0026, tLen 22 dLen 1
12-30 22:18:27.641	      downloader	[Debug]	         dji_downloader.c:476  Downloader data start send, session id = 79 task:0 type:20
12-30 22:18:27.642	      downloader	[Debug]	 dji_download_data_list.c:190  Download data list data length = 66
12-30 22:18:27.643	          linker	[Debug]	        dji_protocol_v1.c:189  <0xe257>V1-Send: 0x0503->0x1007 0x198B
12-30 22:18:27.643	          linker	[Debug]	        dji_protocol_v3.c:266  <0xe258>V3-Send: 03:003F:001E:0x0503 -> 00:003F:001E:0x0200 0x3C10, tLen 85 dLen 64
12-30 22:18:27.643	          linker	[Debug]	        dji_protocol_v3.c:266  <0xe259>V3-Send: 03:003F:001E:0x0503 -> 00:003F:001E:0x0300 0x3C10, tLen 85 dLen 64
12-30 22:18:27.644	          linker	[Debug]	        dji_protocol_v3.c:266  <0xe25a>V3-Send: 03:003F:001E:0x0503 -> 00:003F:001E:0x1104 0x3C10, tLen 85 dLen 64
12-30 22:18:27.644	          linker	[Debug]	        dji_protocol_v3.c:266  <0xe25b>V3-Send: 03:003F:001E:0x0503 -> 00:003F:001E:0x0701 0x3C10, tLen 85 dLen 64
12-30 22:18:27.644	          linker	[Debug]	        dji_protocol_v3.c:266  <0xe25c>V3-Send: 03:003F:001E:0x0503 -> 00:003F:001E:0x1100 0x3C10, tLen 85 dLen 64
12-30 22:18:27.649	          linker	[Debug]	        dji_protocol_v3.c:387  <0x7603>V3-Recv: 00:003F:001E:0x0300 -> 03:003F:001E:0x0503 0x3C57, tLen 37 dLen 16
12-30 22:18:27.649	          linker	[Debug]	        dji_protocol_v3.c:506  0:0x0300 convert to 0003(0x0300)
12-30 22:18:27.649	          linker	[Debug]	        dji_protocol_v3.c:506  3:0x0503 convert to 0065(0x0503)
12-30 22:18:27.649	          linker	[Debug]	        dji_protocol_v3.c:266  <0xe25d>V3-Send: 03:003F:001E:0x0503 -> 00:003F:001E:0x0200 0x3C1F, tLen 58 dLen 37
12-30 22:18:27.649	          linker	[Debug]	        dji_protocol_v3.c:266  <0xe25e>V3-Send: 03:003F:001E:0x0503 -> 00:003F:001E:0x0202 0x0027, tLen 97 dLen 76
12-30 22:18:27.649	          linker	[Debug]	            dji_command.c:1128  <0x7603>Receive msg from linker, 0x0300(0x0003)->0x0503(0x0065) 0x3C57 len:16
12-30 22:18:27.649	          linker	[Debug]	            dji_command.c:980  received unsupport request cmd that noneed ack, <0x7603> cmdset: 0x3C cmdid: 0x57
12-30 22:18:27.649	      downloader	[Debug]	         dji_downloader.c:691  data downloader update info, seq:0 offset:0 dataLen:66 totalLen:66 process:0
12-30 22:18:27.650	      downloader	[Debug]	         dji_downloader.c:703  Downloader already send last package
12-30 22:18:27.650	          linker	[Debug]	        dji_protocol_v1.c:309  <0x2030>V1-Recv: 0x0A06->0x0503 0x0866
12-30 22:18:27.651	          linker	[Debug]	            dji_command.c:1128  <0x2030>Receive msg from linker, 0x0A06(0x00CA)->0x0503(0x0065) 0x0866 len:102
12-30 22:18:27.651	          linker	[Debug]	            dji_command.c:980  received unsupport request cmd that noneed ack, <0x2030> cmdset: 0x08 cmdid: 0x66
12-30 22:18:27.708	          linker	[Debug]	        dji_protocol_v3.c:387  <0x6c36>V3-Recv: 00:003F:001E:0x1204 -> 03:003F:001E:0x0503 0x4900, tLen 23 dLen 2
12-30 22:18:27.708	          linker	[Debug]	        dji_protocol_v3.c:506  0:0x1204 convert to 0092(0x1204)
12-30 22:18:27.708	          linker	[Debug]	        dji_protocol_v3.c:506  3:0x0503 convert to 0065(0x0503)
12-30 22:18:27.708	          linker	[Debug]	            dji_command.c:1128  <0x6c36>Receive msg from linker, 0x1204(0x0092)->0x0503(0x0065) 0x4900 len:2
12-30 22:18:27.709	          linker	[Debug]	        dji_protocol_v3.c:266  <0x6c36>V3-Send: 03:003F:001E:0x0503 -> 00:003F:001E:0x1204 0x4900, tLen 23 dLen 2
12-30 22:18:27.714	          linker	[Debug]	        dji_protocol_v3.c:266  <0xe25f>V3-Send: 03:003F:001E:0x0503 -> 00:003F:001E:0x0200 0x3C1B, tLen 77 dLen 56
12-30 22:18:27.726	          linker	[Debug]	        dji_protocol_v3.c:387  <0xe077>V3-Recv: 00:0001:0000:0x0202 -> 03:0000:0001:0x0503 0x0026, tLen 35 dLen 14
12-30 22:18:27.726	          linker	[Debug]	        dji_protocol_v3.c:506  0:0x0202 convert to 0042(0x0202)
12-30 22:18:27.726	          linker	[Debug]	        dji_protocol_v3.c:506  3:0x0503 convert to 0065(0x0503)
12-30 22:18:27.726	          linker	[Debug]	            dji_command.c:1128  <0xe077>Receive msg from linker, 0x0202(0x0042)->0x0503(0x0065) 0x0026 len:14
12-30 22:18:27.726	      downloader	[Debug]	         dji_downloader.c:355  Request, host = 0x42, receiver = 0x65, session = 79, taskId = 0, funcId = 4
12-30 22:18:27.726	          linker	[Debug]	        dji_protocol_v3.c:266  <0xe077>V3-Send: 03:003F:001E:0x0503 -> 00:003F:001E:0x0202 0x0026, tLen 22 dLen 1
12-30 22:18:27.726	      downloader	[Debug]	         dji_downloader.c:550  Downloader data end send
12-30 22:18:27.737	          linker	[Debug]	        dji_protocol_v3.c:387  <0xe079>V3-Recv: 00:0001:0000:0x0202 -> 03:0000:0001:0x0503 0x0026, tLen 69 dLen 48
12-30 22:18:27.737	          linker	[Debug]	        dji_protocol_v3.c:506  0:0x0202 convert to 0042(0x0202)
12-30 22:18:27.737	          linker	[Debug]	        dji_protocol_v3.c:506  3:0x0503 convert to 0065(0x0503)
12-30 22:18:27.737	          linker	[Debug]	        dji_protocol_v3.c:387  <0x6c3a>V3-Recv: 00:003F:001E:0x1204 -> 03:003F:001E:0x0503 0x22AD, tLen 68 dLen 47
12-30 22:18:27.737	          linker	[Debug]	        dji_protocol_v3.c:506  0:0x1204 convert to 0092(0x1204)
12-30 22:18:27.737	          linker	[Debug]	        dji_protocol_v3.c:506  3:0x0503 convert to 0065(0x0503)
12-30 22:18:27.738	          linker	[Debug]	            dji_command.c:1128  <0xe079>Receive msg from linker, 0x0202(0x0042)->0x0503(0x0065) 0x0026 len:48
12-30 22:18:27.738	      downloader	[Debug]	         dji_downloader.c:355  Request, host = 0x42, receiver = 0x65, session = 80, taskId = 1, funcId = 0
12-30 22:18:27.738	          linker	[Debug]	        dji_protocol_v3.c:266  <0xe079>V3-Send: 03:003F:001E:0x0503 -> 00:003F:001E:0x0202 0x0026, tLen 22 dLen 1
12-30 22:18:27.739	      downloader	[Debug]	         dji_downloader.c:476  Downloader data start send, session id = 80 task:1 type:20
12-30 22:18:27.739	      downloader	[Debug]	 dji_download_data_file.c:92   Download file object info, index = 0  drive = 0 type = 20 offset = 0 size = -1
12-30 22:18:27.739	          linker	[Debug]	        dji_protocol_v3.c:266  <0xe260>V3-Send: 03:003F:001E:0x0503 -> 00:003F:001E:0x0202 0x0027, tLen 931 dLen 910
12-30 22:18:27.739	          linker	[Debug]	            dji_command.c:1128  <0x6c3a>Receive msg from linker, 0x1204(0x0092)->0x0503(0x0065) 0x22AD len:47
12-30 22:18:27.739	      downloader	[Debug]	         dji_downloader.c:691  data downloader update info, seq:0 offset:0 dataLen:900 totalLen:2880 process:0
12-30 22:18:27.739	          linker	[Debug]	            dji_command.c:980  received unsupport request cmd that need ack, <0x6c3a> cmdset: 0x22 cmdid: 0xAD
12-30 22:18:27.748	          linker	[Debug]	        dji_protocol_v3.c:266  <0xe261>V3-Send: 03:003F:001E:0x0503 -> 00:003F:001E:0x0202 0x0027, tLen 931 dLen 910
12-30 22:18:27.748	      downloader	[Debug]	         dji_downloader.c:691  data downloader update info, seq:1 offset:900 dataLen:900 totalLen:2880 process:31
12-30 22:18:27.757	          linker	[Debug]	        dji_protocol_v3.c:266  <0xe262>V3-Send: 03:003F:001E:0x0503 -> 00:003F:001E:0x0202 0x0027, tLen 931 dLen 910
12-30 22:18:27.757	      downloader	[Debug]	         dji_downloader.c:691  data downloader update info, seq:2 offset:1800 dataLen:900 totalLen:2880 process:62
12-30 22:18:27.766	          linker	[Debug]	        dji_protocol_v3.c:266  <0xe263>V3-Send: 03:003F:001E:0x0503 -> 00:003F:001E:0x0202 0x0027, tLen 211 dLen 190
12-30 22:18:27.766	      downloader	[Debug]	         dji_downloader.c:691  data downloader update info, seq:3 offset:2700 dataLen:180 totalLen:2880 process:93
12-30 22:18:27.766	      downloader	[Debug]	         dji_downloader.c:703  Downloader already send last package
12-30 22:18:27.774	          linker	[Debug]	        dji_protocol_v3.c:266  <0xe264>V3-Send: 03:003F:001E:0x0503 -> 00:003F:001E:0x0202 0x0027, tLen 35 dLen 14
12-30 22:18:27.808	          linker	[Debug]	        dji_protocol_v3.c:387  <0x6c41>V3-Recv: 00:003F:001E:0x1204 -> 03:003F:001E:0x0503 0x4900, tLen 23 dLen 2
12-30 22:18:27.808	          linker	[Debug]	        dji_protocol_v3.c:506  0:0x1204 convert to 0092(0x1204)
12-30 22:18:27.808	          linker	[Debug]	        dji_protocol_v3.c:506  3:0x0503 convert to 0065(0x0503)
12-30 22:18:27.809	          linker	[Debug]	            dji_command.c:1128  <0x6c41>Receive msg from linker, 0x1204(0x0092)->0x0503(0x0065) 0x4900 len:2
12-30 22:18:27.809	          linker	[Debug]	        dji_protocol_v3.c:266  <0x6c41>V3-Send: 03:003F:001E:0x0503 -> 00:003F:001E:0x1204 0x4900, tLen 23 dLen 2
12-30 22:18:27.828	          linker	[Debug]	        dji_protocol_v3.c:387  <0x6c43>V3-Recv: 00:003F:001E:0x1204 -> 03:003F:001E:0x0503 0x22AD, tLen 68 dLen 47
12-30 22:18:27.828	          linker	[Debug]	        dji_protocol_v3.c:506  0:0x1204 convert to 0092(0x1204)
12-30 22:18:27.828	          linker	[Debug]	        dji_protocol_v3.c:506  3:0x0503 convert to 0065(0x0503)
12-30 22:18:27.828	          linker	[Debug]	            dji_command.c:1128  <0x6c43>Receive msg from linker, 0x1204(0x0092)->0x0503(0x0065) 0x22AD len:47
12-30 22:18:27.828	          linker	[Debug]	            dji_command.c:980  received unsupport request cmd that need ack, <0x6c43> cmdset: 0x22 cmdid: 0xAD
12-30 22:18:27.841	          linker	[Debug]	        dji_protocol_v3.c:387  <0xe086>V3-Recv: 00:0001:0000:0x0202 -> 03:0000:0001:0x0503 0x0026, tLen 35 dLen 14
12-30 22:18:27.841	          linker	[Debug]	        dji_protocol_v3.c:506  0:0x0202 convert to 0042(0x0202)
12-30 22:18:27.841	          linker	[Debug]	        dji_protocol_v3.c:506  3:0x0503 convert to 0065(0x0503)
12-30 22:18:27.841	          linker	[Debug]	        dji_protocol_v3.c:387  <0x777d>V3-Recv: 00:003F:001E:0x0300 -> 03:003F:001E:0x0503 0x3C57, tLen 37 dLen 16
12-30 22:18:27.841	          linker	[Debug]	        dji_protocol_v3.c:506  0:0x0300 convert to 0003(0x0300)
12-30 22:18:27.841	          linker	[Debug]	        dji_protocol_v3.c:506  3:0x0503 convert to 0065(0x0503)
12-30 22:18:27.841	          linker	[Debug]	            dji_command.c:1128  <0xe086>Receive msg from linker, 0x0202(0x0042)->0x0503(0x0065) 0x0026 len:14
12-30 22:18:27.841	      downloader	[Debug]	         dji_downloader.c:355  Request, host = 0x42, receiver = 0x65, session = 80, taskId = 1, funcId = 4
12-30 22:18:27.841	          linker	[Debug]	        dji_protocol_v3.c:266  <0xe086>V3-Send: 03:003F:001E:0x0503 -> 00:003F:001E:0x0202 0x0026, tLen 22 dLen 1
12-30 22:18:27.842	      downloader	[Debug]	         dji_downloader.c:550  Downloader data end send
12-30 22:18:27.843	          linker	[Debug]	            dji_command.c:1128  <0x777d>Receive msg from linker, 0x0300(0x0003)->0x0503(0x0065) 0x3C57 len:16
12-30 22:18:27.843	          linker	[Debug]	            dji_command.c:980  received unsupport request cmd that noneed ack, <0x777d> cmdset: 0x3C cmdid: 0x57
12-30 22:18:27.849	          linker	[Debug]	        dji_protocol_v3.c:266  <0xe265>V3-Send: 03:003F:001E:0x0503 -> 00:003F:001E:0x0200 0x3C1F, tLen 58 dLen 37
12-30 22:18:27.860	          linker	[Debug]	        dji_protocol_v1.c:189  <0xe266>V1-Send: 0x0503->0x1007 0x198B
12-30 22:18:27.860	          linker	[Debug]	        dji_protocol_v3.c:266  <0xe267>V3-Send: 03:003F:001E:0x0503 -> 00:003F:001E:0x0200 0x3C10, tLen 85 dLen 64
12-30 22:18:27.860	          linker	[Debug]	        dji_protocol_v3.c:266  <0xe268>V3-Send: 03:003F:001E:0x0503 -> 00:003F:001E:0x0300 0x3C10, tLen 85 dLen 64
12-30 22:18:27.860	          linker	[Debug]	        dji_protocol_v3.c:266  <0xe269>V3-Send: 03:003F:001E:0x0503 -> 00:003F:001E:0x1104 0x3C10, tLen 85 dLen 64
12-30 22:18:27.860	          linker	[Debug]	        dji_protocol_v3.c:266  <0xe26a>V3-Send: 03:003F:001E:0x0503 -> 00:003F:001E:0x0701 0x3C10, tLen 85 dLen 64
12-30 22:18:27.860	          linker	[Debug]	        dji_protocol_v3.c:266  <0xe26b>V3-Send: 03:003F:001E:0x0503 -> 00:003F:001E:0x1100 0x3C10, tLen 85 dLen 64
12-30 22:18:27.908	          linker	[Debug]	        dji_protocol_v3.c:387  <0x6c47>V3-Recv: 00:003F:001E:0x1204 -> 03:003F:001E:0x0503 0x4900, tLen 23 dLen 2
12-30 22:18:27.908	          linker	[Debug]	        dji_protocol_v3.c:506  0:0x1204 convert to 0092(0x1204)
12-30 22:18:27.908	          linker	[Debug]	        dji_protocol_v3.c:506  3:0x0503 convert to 0065(0x0503)
12-30 22:18:27.908	          linker	[Debug]	            dji_command.c:1128  <0x6c47>Receive msg from linker, 0x1204(0x0092)->0x0503(0x0065) 0x4900 len:2
12-30 22:18:27.908	          linker	[Debug]	        dji_protocol_v3.c:266  <0x6c47>V3-Send: 03:003F:001E:0x0503 -> 00:003F:001E:0x1204 0x4900, tLen 23 dLen 2
12-30 22:18:27.928	          linker	[Debug]	        dji_protocol_v3.c:387  <0x6c49>V3-Recv: 00:003F:001E:0x1204 -> 03:003F:001E:0x0503 0x22AD, tLen 68 dLen 47
12-30 22:18:27.928	          linker	[Debug]	        dji_protocol_v3.c:506  0:0x1204 convert to 0092(0x1204)
12-30 22:18:27.928	          linker	[Debug]	        dji_protocol_v3.c:506  3:0x0503 convert to 0065(0x0503)
12-30 22:18:27.929	          linker	[Debug]	            dji_command.c:1128  <0x6c49>Receive msg from linker, 0x1204(0x0092)->0x0503(0x0065) 0x22AD len:47
12-30 22:18:27.929	          linker	[Debug]	            dji_command.c:980  received unsupport request cmd that need ack, <0x6c49> cmdset: 0x22 cmdid: 0xAD
12-30 22:18:27.930	          linker	[Debug]	        dji_protocol_v3.c:266  <0xe26c>V3-Send: 03:003F:001E:0x0503 -> 00:003F:001E:0x0200 0x3C1B, tLen 77 dLen 56
12-30 22:18:28.008	          linker	[Debug]	        dji_protocol_v3.c:387  <0x6c4d>V3-Recv: 00:003F:001E:0x1204 -> 03:003F:001E:0x0503 0x4900, tLen 23 dLen 2
12-30 22:18:28.008	          linker	[Debug]	        dji_protocol_v3.c:506  0:0x1204 convert to 0092(0x1204)
12-30 22:18:28.008	          linker	[Debug]	        dji_protocol_v3.c:506  3:0x0503 convert to 0065(0x0503)
12-30 22:18:28.009	          linker	[Debug]	            dji_command.c:1128  <0x6c4d>Receive msg from linker, 0x1204(0x0092)->0x0503(0x0065) 0x4900 len:2
12-30 22:18:28.009	          linker	[Debug]	        dji_protocol_v3.c:266  <0x6c4d>V3-Send: 03:003F:001E:0x0503 -> 00:003F:001E:0x1204 0x4900, tLen 23 dLen 2
12-30 22:18:28.028	          linker	[Debug]	        dji_protocol_v3.c:387  <0x6c4f>V3-Recv: 00:003F:001E:0x1204 -> 03:003F:001E:0x0503 0x22AD, tLen 68 dLen 47
12-30 22:18:28.028	          linker	[Debug]	        dji_protocol_v3.c:506  0:0x1204 convert to 0092(0x1204)
12-30 22:18:28.028	          linker	[Debug]	        dji_protocol_v3.c:506  3:0x0503 convert to 0065(0x0503)
12-30 22:18:28.029	          linker	[Debug]	            dji_command.c:1128  <0x6c4f>Receive msg from linker, 0x1204(0x0092)->0x0503(0x0065) 0x22AD len:47
12-30 22:18:28.029	          linker	[Debug]	            dji_command.c:980  received unsupport request cmd that need ack, <0x6c4f> cmdset: 0x22 cmdid: 0xAD
12-30 22:18:28.041	          linker	[Debug]	        dji_protocol_v3.c:387  <0x78f9>V3-Recv: 00:003F:001E:0x0300 -> 03:003F:001E:0x0503 0x3C57, tLen 37 dLen 16
12-30 22:18:28.042	           utils	[Debug]	          dji_root_task.c:131  work execution time:
12-30 22:18:28.042	           utils	[Debug]	          dji_root_task.c:132  name	                execution time (ms)	  max execution time (ms)
12-30 22:18:28.042	          linker	[Debug]	        dji_protocol_v3.c:506  0:0x0300 convert to 0003(0x0300)
12-30 22:18:28.042	           utils	[Debug]	          dji_root_task.c:134  recorderWork                    	1       	1       
12-30 22:18:28.042	          linker	[Debug]	        dji_protocol_v3.c:506  3:0x0503 convert to 0065(0x0503)
12-30 22:18:28.042	           utils	[Debug]	          dji_root_task.c:134  flowControllerTask              	0       	0       
12-30 22:18:28.042	           utils	[Debug]	          dji_root_task.c:134  commandTask                     	1       	1       
12-30 22:18:28.042	           utils	[Debug]	          dji_root_task.c:134  aircraftWorkNode                	0       	1       
12-30 22:18:28.042	           utils	[Debug]	          dji_root_task.c:134  dataBuriedPointTask             	0       	1       
12-30 22:18:28.042	           utils	[Debug]	          dji_root_task.c:134  StatePushWork                   	1       	1       
12-30 22:18:28.042	           utils	[Debug]	          dji_root_task.c:134  WidgetWork                      	0       	0       
12-30 22:18:28.042	           utils	[Debug]	          dji_root_task.c:134  hmsTask                         	1       	1       
12-30 22:18:28.043	          linker	[Debug]	            dji_command.c:1128  <0x78f9>Receive msg from linker, 0x0300(0x0003)->0x0503(0x0065) 0x3C57 len:16
12-30 22:18:28.043	          linker	[Debug]	            dji_command.c:980  received unsupport request cmd that noneed ack, <0x78f9> cmdset: 0x3C cmdid: 0x57
12-30 22:18:28.050	          linker	[Debug]	        dji_protocol_v3.c:266  <0xe26d>V3-Send: 03:003F:001E:0x0503 -> 00:003F:001E:0x0200 0x3C1F, tLen 58 dLen 37
12-30 22:18:28.075	          linker	[Debug]	        dji_protocol_v1.c:189  <0xe26e>V1-Send: 0x0503->0x1007 0x198B
12-30 22:18:28.076	          linker	[Debug]	        dji_protocol_v3.c:266  <0xe26f>V3-Send: 03:003F:001E:0x0503 -> 00:003F:001E:0x0200 0x3C10, tLen 85 dLen 64
12-30 22:18:28.076	          linker	[Debug]	        dji_protocol_v3.c:266  <0xe270>V3-Send: 03:003F:001E:0x0503 -> 00:003F:001E:0x0300 0x3C10, tLen 85 dLen 64
12-30 22:18:28.076	          linker	[Debug]	        dji_protocol_v3.c:266  <0xe271>V3-Send: 03:003F:001E:0x0503 -> 00:003F:001E:0x1104 0x3C10, tLen 85 dLen 64
12-30 22:18:28.076	          linker	[Debug]	        dji_protocol_v3.c:266  <0xe272>V3-Send: 03:003F:001E:0x0503 -> 00:003F:001E:0x0701 0x3C10, tLen 85 dLen 64
12-30 22:18:28.076	          linker	[Debug]	        dji_protocol_v3.c:266  <0xe273>V3-Send: 03:003F:001E:0x0503 -> 00:003F:001E:0x1100 0x3C10, tLen 85 dLen 64
12-30 22:18:28.108	          linker	[Debug]	        dji_protocol_v3.c:387  <0x6c53>V3-Recv: 00:003F:001E:0x1204 -> 03:003F:001E:0x0503 0x4900, tLen 23 dLen 2
12-30 22:18:28.108	          linker	[Debug]	        dji_protocol_v3.c:506  0:0x1204 convert to 0092(0x1204)
12-30 22:18:28.108	          linker	[Debug]	        dji_protocol_v3.c:506  3:0x0503 convert to 0065(0x0503)
12-30 22:18:28.109	          linker	[Debug]	            dji_command.c:1128  <0x6c53>Receive msg from linker, 0x1204(0x0092)->0x0503(0x0065) 0x4900 len:2
12-30 22:18:28.109	          linker	[Debug]	        dji_protocol_v3.c:266  <0x6c53>V3-Send: 03:003F:001E:0x0503 -> 00:003F:001E:0x1204 0x4900, tLen 23 dLen 2
12-30 22:18:28.128	          linker	[Debug]	        dji_protocol_v3.c:387  <0x6c55>V3-Recv: 00:003F:001E:0x1204 -> 03:003F:001E:0x0503 0x22AD, tLen 68 dLen 47
12-30 22:18:28.128	          linker	[Debug]	        dji_protocol_v3.c:506  0:0x1204 convert to 0092(0x1204)
12-30 22:18:28.128	          linker	[Debug]	        dji_protocol_v3.c:506  3:0x0503 convert to 0065(0x0503)
12-30 22:18:28.129	          linker	[Debug]	            dji_command.c:1128  <0x6c55>Receive msg from linker, 0x1204(0x0092)->0x0503(0x0065) 0x22AD len:47
12-30 22:18:28.129	          linker	[Debug]	            dji_command.c:980  received unsupport request cmd that need ack, <0x6c55> cmdset: 0x22 cmdid: 0xAD
12-30 22:18:28.146	          linker	[Debug]	        dji_protocol_v3.c:266  <0xe274>V3-Send: 03:003F:001E:0x0503 -> 00:003F:001E:0x0200 0x3C1B, tLen 77 dLen 56
12-30 22:18:28.150	          linker	[Debug]	        dji_protocol_v1.c:309  <0x2030>V1-Recv: 0x0A06->0x0503 0x0866
12-30 22:18:28.150	          linker	[Debug]	            dji_command.c:1128  <0x2030>Receive msg from linker, 0x0A06(0x00CA)->0x0503(0x0065) 0x0866 len:102
12-30 22:18:28.150	          linker	[Debug]	            dji_command.c:980  received unsupport request cmd that noneed ack, <0x2030> cmdset: 0x08 cmdid: 0x66
12-30 22:18:28.208	          linker	[Debug]	        dji_protocol_v3.c:387  <0x6c59>V3-Recv: 00:003F:001E:0x1204 -> 03:003F:001E:0x0503 0x4900, tLen 23 dLen 2
12-30 22:18:28.208	          linker	[Debug]	        dji_protocol_v3.c:506  0:0x1204 convert to 0092(0x1204)
12-30 22:18:28.208	          linker	[Debug]	        dji_protocol_v3.c:506  3:0x0503 convert to 0065(0x0503)
12-30 22:18:28.209	          linker	[Debug]	            dji_command.c:1128  <0x6c59>Receive msg from linker, 0x1204(0x0092)->0x0503(0x0065) 0x4900 len:2
12-30 22:18:28.209	          linker	[Debug]	        dji_protocol_v3.c:266  <0x6c59>V3-Send: 03:003F:001E:0x0503 -> 00:003F:001E:0x1204 0x4900, tLen 23 dLen 2
12-30 22:18:28.228	          linker	[Debug]	        dji_protocol_v3.c:387  <0x6c5b>V3-Recv: 00:003F:001E:0x1204 -> 03:003F:001E:0x0503 0x22AD, tLen 68 dLen 47
12-30 22:18:28.228	          linker	[Debug]	        dji_protocol_v3.c:506  0:0x1204 convert to 0092(0x1204)
12-30 22:18:28.229	          linker	[Debug]	        dji_protocol_v3.c:506  3:0x0503 convert to 0065(0x0503)
12-30 22:18:28.230	          linker	[Debug]	            dji_command.c:1128  <0x6c5b>Receive msg from linker, 0x1204(0x0092)->0x0503(0x0065) 0x22AD len:47
12-30 22:18:28.230	          linker	[Debug]	            dji_command.c:980  received unsupport request cmd that need ack, <0x6c5b> cmdset: 0x22 cmdid: 0xAD
12-30 22:18:28.241	          linker	[Debug]	        dji_protocol_v3.c:387  <0x7a5e>V3-Recv: 00:003F:001E:0x0300 -> 03:003F:001E:0x0503 0x3C57, tLen 37 dLen 16
12-30 22:18:28.241	          linker	[Debug]	        dji_protocol_v3.c:506  0:0x0300 convert to 0003(0x0300)
12-30 22:18:28.241	          linker	[Debug]	        dji_protocol_v3.c:506  3:0x0503 convert to 0065(0x0503)
12-30 22:18:28.241	          linker	[Debug]	            dji_command.c:1128  <0x7a5e>Receive msg from linker, 0x0300(0x0003)->0x0503(0x0065) 0x3C57 len:16
12-30 22:18:28.241	          linker	[Debug]	            dji_command.c:980  received unsupport request cmd that noneed ack, <0x7a5e> cmdset: 0x3C cmdid: 0x57
12-30 22:18:28.250	          linker	[Debug]	        dji_protocol_v3.c:266  <0xe275>V3-Send: 03:003F:001E:0x0503 -> 00:003F:001E:0x0200 0x3C1F, tLen 58 dLen 37
12-30 22:18:28.291	          linker	[Debug]	        dji_protocol_v1.c:189  <0xe276>V1-Send: 0x0503->0x1007 0x198B
12-30 22:18:28.291	          linker	[Debug]	        dji_protocol_v3.c:266  <0xe277>V3-Send: 03:003F:001E:0x0503 -> 00:003F:001E:0x0200 0x3C10, tLen 85 dLen 64
12-30 22:18:28.291	          linker	[Debug]	        dji_protocol_v3.c:266  <0xe278>V3-Send: 03:003F:001E:0x0503 -> 00:003F:001E:0x0300 0x3C10, tLen 85 dLen 64
12-30 22:18:28.291	          linker	[Debug]	        dji_protocol_v3.c:266  <0xe279>V3-Send: 03:003F:001E:0x0503 -> 00:003F:001E:0x1104 0x3C10, tLen 85 dLen 64
12-30 22:18:28.291	          linker	[Debug]	        dji_protocol_v3.c:266  <0xe27a>V3-Send: 03:003F:001E:0x0503 -> 00:003F:001E:0x0701 0x3C10, tLen 85 dLen 64
12-30 22:18:28.292	          linker	[Debug]	        dji_protocol_v3.c:266  <0xe27b>V3-Send: 03:003F:001E:0x0503 -> 00:003F:001E:0x1100 0x3C10, tLen 85 dLen 64
12-30 22:18:28.308	          linker	[Debug]	        dji_protocol_v3.c:387  <0x6c97>V3-Recv: 00:003F:001E:0x1204 -> 03:003F:001E:0x0503 0x4900, tLen 23 dLen 2
12-30 22:18:28.308	          linker	[Debug]	        dji_protocol_v3.c:506  0:0x1204 convert to 0092(0x1204)
12-30 22:18:28.308	          linker	[Debug]	        dji_protocol_v3.c:506  3:0x0503 convert to 0065(0x0503)
12-30 22:18:28.309	          linker	[Debug]	            dji_command.c:1128  <0x6c97>Receive msg from linker, 0x1204(0x0092)->0x0503(0x0065) 0x4900 len:2
12-30 22:18:28.309	          linker	[Debug]	        dji_protocol_v3.c:266  <0x6c97>V3-Send: 03:003F:001E:0x0503 -> 00:003F:001E:0x1204 0x4900, tLen 23 dLen 2
12-30 22:18:28.328	          linker	[Debug]	        dji_protocol_v3.c:387  <0x6c9b>V3-Recv: 00:003F:001E:0x1204 -> 03:003F:001E:0x0503 0x22AD, tLen 68 dLen 47
12-30 22:18:28.328	          linker	[Debug]	        dji_protocol_v3.c:506  0:0x1204 convert to 0092(0x1204)
12-30 22:18:28.328	          linker	[Debug]	        dji_protocol_v3.c:506  3:0x0503 convert to 0065(0x0503)
12-30 22:18:28.329	          linker	[Debug]	            dji_command.c:1128  <0x6c9b>Receive msg from linker, 0x1204(0x0092)->0x0503(0x0065) 0x22AD len:47
12-30 22:18:28.329	          linker	[Debug]	            dji_command.c:980  received unsupport request cmd that need ack, <0x6c9b> cmdset: 0x22 cmdid: 0xAD
12-30 22:18:28.362	          linker	[Debug]	        dji_protocol_v3.c:266  <0xe27c>V3-Send: 03:003F:001E:0x0503 -> 00:003F:001E:0x0200 0x3C1B, tLen 77 dLen 56
12-30 22:18:28.389	          linker	[Debug]	        dji_protocol_v3.c:387  <0xe0d4>V3-Recv: 00:0001:0000:0x0202 -> 03:0000:0001:0x0503 0x3C1C, tLen 28 dLen 7
12-30 22:18:28.389	          linker	[Debug]	        dji_protocol_v3.c:506  0:0x0202 convert to 0042(0x0202)
12-30 22:18:28.389	          linker	[Debug]	        dji_protocol_v3.c:506  3:0x0503 convert to 0065(0x0503)
12-30 22:18:28.390	          linker	[Debug]	            dji_command.c:1128  <0xe0d4>Receive msg from linker, 0x0202(0x0042)->0x0503(0x0065) 0x3C1C len:7
12-30 22:18:28.400	          linker	[Debug]	        dji_protocol_v3.c:387  <0xe0d5>V3-Recv: 00:0001:0000:0x0202 -> 03:0000:0001:0x0503 0x3C25, tLen 23 dLen 2
12-30 22:18:28.400	          linker	[Debug]	        dji_protocol_v3.c:506  0:0x0202 convert to 0042(0x0202)
12-30 22:18:28.400	          linker	[Debug]	        dji_protocol_v3.c:506  3:0x0503 convert to 0065(0x0503)
12-30 22:18:28.400	          linker	[Debug]	            dji_command.c:1128  <0xe0d5>Receive msg from linker, 0x0202(0x0042)->0x0503(0x0065) 0x3C25 len:2
12-30 22:18:28.400	          linker	[Debug]	            dji_command.c:980  received unsupport request cmd that need ack, <0xe0d5> cmdset: 0x3C cmdid: 0x25
12-30 22:18:28.417	          linker	[Debug]	        dji_protocol_v3.c:387  <0x6ca7>V3-Recv: 00:003F:001E:0x1204 -> 03:003F:001E:0x0503 0x4900, tLen 23 dLen 2
12-30 22:18:28.417	          linker	[Debug]	        dji_protocol_v3.c:506  0:0x1204 convert to 0092(0x1204)
12-30 22:18:28.417	          linker	[Debug]	        dji_protocol_v3.c:506  3:0x0503 convert to 0065(0x0503)
12-30 22:18:28.417	          linker	[Debug]	            dji_command.c:1128  <0x6ca7>Receive msg from linker, 0x1204(0x0092)->0x0503(0x0065) 0x4900 len:2
12-30 22:18:28.417	          linker	[Debug]	        dji_protocol_v3.c:266  <0x6ca7>V3-Send: 03:003F:001E:0x0503 -> 00:003F:001E:0x1204 0x4900, tLen 23 dLen 2
12-30 22:18:28.428	          linker	[Debug]	        dji_protocol_v3.c:387  <0x6cab>V3-Recv: 00:003F:001E:0x1204 -> 03:003F:001E:0x0503 0x22AD, tLen 68 dLen 47
12-30 22:18:28.428	          linker	[Debug]	        dji_protocol_v3.c:506  0:0x1204 convert to 0092(0x1204)
12-30 22:18:28.428	          linker	[Debug]	        dji_protocol_v3.c:506  3:0x0503 convert to 0065(0x0503)
12-30 22:18:28.429	          linker	[Debug]	            dji_command.c:1128  <0x6cab>Receive msg from linker, 0x1204(0x0092)->0x0503(0x0065) 0x22AD len:47
12-30 22:18:28.429	          linker	[Debug]	            dji_command.c:980  received unsupport request cmd that need ack, <0x6cab> cmdset: 0x22 cmdid: 0xAD
12-30 22:18:28.441	          linker	[Debug]	        dji_protocol_v3.c:387  <0x7bbd>V3-Recv: 00:003F:001E:0x0300 -> 03:003F:001E:0x0503 0x3C57, tLen 37 dLen 16
12-30 22:18:28.441	          linker	[Debug]	        dji_protocol_v3.c:506  0:0x0300 convert to 0003(0x0300)
12-30 22:18:28.441	          linker	[Debug]	        dji_protocol_v3.c:506  3:0x0503 convert to 0065(0x0503)
12-30 22:18:28.442	          linker	[Debug]	            dji_command.c:1128  <0x7bbd>Receive msg from linker, 0x0300(0x0003)->0x0503(0x0065) 0x3C57 len:16
12-30 22:18:28.442	          linker	[Debug]	            dji_command.c:980  received unsupport request cmd that noneed ack, <0x7bbd> cmdset: 0x3C cmdid: 0x57
12-30 22:18:28.450	          linker	[Debug]	        dji_protocol_v3.c:266  <0xe27d>V3-Send: 03:003F:001E:0x0503 -> 00:003F:001E:0x0200 0x3C1F, tLen 58 dLen 37
12-30 22:18:28.506	          linker	[Debug]	        dji_protocol_v1.c:189  <0xe27e>V1-Send: 0x0503->0x1007 0x198B
12-30 22:18:28.506	          linker	[Debug]	        dji_protocol_v3.c:266  <0xe27f>V3-Send: 03:003F:001E:0x0503 -> 00:003F:001E:0x0200 0x3C10, tLen 85 dLen 64
12-30 22:18:28.506	          linker	[Debug]	        dji_protocol_v3.c:266  <0xe280>V3-Send: 03:003F:001E:0x0503 -> 00:003F:001E:0x0300 0x3C10, tLen 85 dLen 64
12-30 22:18:28.507	          linker	[Debug]	        dji_protocol_v3.c:266  <0xe281>V3-Send: 03:003F:001E:0x0503 -> 00:003F:001E:0x1104 0x3C10, tLen 85 dLen 64
12-30 22:18:28.507	          linker	[Debug]	        dji_protocol_v3.c:266  <0xe282>V3-Send: 03:003F:001E:0x0503 -> 00:003F:001E:0x0701 0x3C10, tLen 85 dLen 64
12-30 22:18:28.507	          linker	[Debug]	        dji_protocol_v3.c:266  <0xe283>V3-Send: 03:003F:001E:0x0503 -> 00:003F:001E:0x1100 0x3C10, tLen 85 dLen 64
12-30 22:18:28.508	          linker	[Debug]	        dji_protocol_v3.c:387  <0x6cb7>V3-Recv: 00:003F:001E:0x1204 -> 03:003F:001E:0x0503 0x4900, tLen 23 dLen 2
12-30 22:18:28.508	          linker	[Debug]	        dji_protocol_v3.c:506  0:0x1204 convert to 0092(0x1204)
12-30 22:18:28.508	          linker	[Debug]	        dji_protocol_v3.c:506  3:0x0503 convert to 0065(0x0503)
12-30 22:18:28.509	          linker	[Debug]	            dji_command.c:1128  <0x6cb7>Receive msg from linker, 0x1204(0x0092)->0x0503(0x0065) 0x4900 len:2
12-30 22:18:28.509	          linker	[Debug]	        dji_protocol_v3.c:266  <0x6cb7>V3-Send: 03:003F:001E:0x0503 -> 00:003F:001E:0x1204 0x4900, tLen 23 dLen 2
12-30 22:18:28.528	          linker	[Debug]	        dji_protocol_v3.c:387  <0x6cbb>V3-Recv: 00:003F:001E:0x1204 -> 03:003F:001E:0x0503 0x22AD, tLen 68 dLen 47
12-30 22:18:28.528	          linker	[Debug]	        dji_protocol_v3.c:506  0:0x1204 convert to 0092(0x1204)
12-30 22:18:28.528	          linker	[Debug]	        dji_protocol_v3.c:506  3:0x0503 convert to 0065(0x0503)
12-30 22:18:28.529	          linker	[Debug]	            dji_command.c:1128  <0x6cbb>Receive msg from linker, 0x1204(0x0092)->0x0503(0x0065) 0x22AD len:47
12-30 22:18:28.529	          linker	[Debug]	            dji_command.c:980  received unsupport request cmd that need ack, <0x6cbb> cmdset: 0x22 cmdid: 0xAD
12-30 22:18:28.577	          linker	[Debug]	        dji_protocol_v3.c:266  <0xe284>V3-Send: 03:003F:001E:0x0503 -> 00:003F:001E:0x0200 0x3C1B, tLen 77 dLen 56
12-30 22:18:28.582	          linker	[Debug]	        dji_protocol_v3.c:266  <0xe285>V3-Send: 03:003F:001E:0x0503 -> 00:003F:001E:0x0801 0x0000, tLen 21 dLen 0
12-30 22:18:28.582	           infor	[Debug]	dji_aircraft_connection.c:170  check connect status:1
12-30 22:18:28.583	          linker	[Debug]	        dji_protocol_v3.c:387  <0xe285>V3-Recv: 00:003F:001E:0x0801 -> 03:003F:001E:0x0503 0x0000, tLen 22 dLen 1
12-30 22:18:28.583	          linker	[Debug]	        dji_protocol_v3.c:506  0:0x0801 convert to 0028(0x0801)
12-30 22:18:28.583	          linker	[Debug]	        dji_protocol_v3.c:506  3:0x0503 convert to 0065(0x0503)
12-30 22:18:28.584	          linker	[Debug]	            dji_command.c:1128  <0xe285>Receive msg from linker, 0x0801(0x0028)->0x0503(0x0065) 0x0000 len:1
12-30 22:18:28.584	           infor	[Debug]	dji_aircraft_connection.c:303  connect status async sucess
12-30 22:18:28.584	          linker	[Debug]	            dji_command.c:890  callback function (cmdset: 0x00 cmdid: 0x00) deal time: 0 ms
12-30 22:18:28.608	          linker	[Debug]	        dji_protocol_v3.c:387  <0x6cc7>V3-Recv: 00:003F:001E:0x1204 -> 03:003F:001E:0x0503 0x4900, tLen 23 dLen 2
12-30 22:18:28.608	          linker	[Debug]	        dji_protocol_v3.c:506  0:0x1204 convert to 0092(0x1204)
12-30 22:18:28.608	          linker	[Debug]	        dji_protocol_v3.c:506  3:0x0503 convert to 0065(0x0503)
12-30 22:18:28.609	          linker	[Debug]	            dji_command.c:1128  <0x6cc7>Receive msg from linker, 0x1204(0x0092)->0x0503(0x0065) 0x4900 len:2
12-30 22:18:28.609	          linker	[Debug]	        dji_protocol_v3.c:266  <0x6cc7>V3-Send: 03:003F:001E:0x0503 -> 00:003F:001E:0x1204 0x4900, tLen 23 dLen 2
12-30 22:18:28.628	          linker	[Debug]	        dji_protocol_v3.c:387  <0x6ccb>V3-Recv: 00:003F:001E:0x1204 -> 03:003F:001E:0x0503 0x22AD, tLen 68 dLen 47
12-30 22:18:28.628	          linker	[Debug]	        dji_protocol_v3.c:506  0:0x1204 convert to 0092(0x1204)
12-30 22:18:28.628	          linker	[Debug]	        dji_protocol_v3.c:506  3:0x0503 convert to 0065(0x0503)
12-30 22:18:28.628	          linker	[Debug]	            dji_command.c:1128  <0x6ccb>Receive msg from linker, 0x1204(0x0092)->0x0503(0x0065) 0x22AD len:47
12-30 22:18:28.628	          linker	[Debug]	            dji_command.c:980  received unsupport request cmd that need ack, <0x6ccb> cmdset: 0x22 cmdid: 0xAD
12-30 22:18:28.641	          linker	[Debug]	        dji_protocol_v3.c:387  <0x7d28>V3-Recv: 00:003F:001E:0x0300 -> 03:003F:001E:0x0503 0x3C57, tLen 37 dLen 16
12-30 22:18:28.641	          linker	[Debug]	        dji_protocol_v3.c:506  0:0x0300 convert to 0003(0x0300)
12-30 22:18:28.641	          linker	[Debug]	        dji_protocol_v3.c:506  3:0x0503 convert to 0065(0x0503)
12-30 22:18:28.641	          linker	[Debug]	            dji_command.c:1128  <0x7d28>Receive msg from linker, 0x0300(0x0003)->0x0503(0x0065) 0x3C57 len:16
12-30 22:18:28.641	          linker	[Debug]	            dji_command.c:980  received unsupport request cmd that noneed ack, <0x7d28> cmdset: 0x3C cmdid: 0x57
12-30 22:18:28.650	          linker	[Debug]	        dji_protocol_v1.c:309  <0x2030>V1-Recv: 0x0A06->0x0503 0x0866
12-30 22:18:28.650	          linker	[Debug]	        dji_protocol_v3.c:266  <0xe286>V3-Send: 03:003F:001E:0x0503 -> 00:003F:001E:0x0200 0x3C1F, tLen 58 dLen 37
12-30 22:18:28.651	          linker	[Debug]	            dji_command.c:1128  <0x2030>Receive msg from linker, 0x0A06(0x00CA)->0x0503(0x0065) 0x0866 len:102
12-30 22:18:28.651	          linker	[Debug]	            dji_command.c:980  received unsupport request cmd that noneed ack, <0x2030> cmdset: 0x08 cmdid: 0x66
12-30 22:18:28.708	          linker	[Debug]	        dji_protocol_v3.c:387  <0x6cd7>V3-Recv: 00:003F:001E:0x1204 -> 03:003F:001E:0x0503 0x4900, tLen 23 dLen 2
12-30 22:18:28.708	          linker	[Debug]	        dji_protocol_v3.c:506  0:0x1204 convert to 0092(0x1204)
12-30 22:18:28.708	          linker	[Debug]	        dji_protocol_v3.c:506  3:0x0503 convert to 0065(0x0503)
12-30 22:18:28.709	          linker	[Debug]	            dji_command.c:1128  <0x6cd7>Receive msg from linker, 0x1204(0x0092)->0x0503(0x0065) 0x4900 len:2
12-30 22:18:28.709	          linker	[Debug]	        dji_protocol_v3.c:266  <0x6cd7>V3-Send: 03:003F:001E:0x0503 -> 00:003F:001E:0x1204 0x4900, tLen 23 dLen 2
12-30 22:18:28.722	          linker	[Debug]	        dji_protocol_v1.c:189  <0xe287>V1-Send: 0x0503->0x1007 0x198B
12-30 22:18:28.722	          linker	[Debug]	        dji_protocol_v3.c:266  <0xe288>V3-Send: 03:003F:001E:0x0503 -> 00:003F:001E:0x0200 0x3C10, tLen 85 dLen 64
12-30 22:18:28.722	          linker	[Debug]	        dji_protocol_v3.c:266  <0xe289>V3-Send: 03:003F:001E:0x0503 -> 00:003F:001E:0x0300 0x3C10, tLen 85 dLen 64
12-30 22:18:28.722	          linker	[Debug]	        dji_protocol_v3.c:266  <0xe28a>V3-Send: 03:003F:001E:0x0503 -> 00:003F:001E:0x1104 0x3C10, tLen 85 dLen 64
12-30 22:18:28.722	          linker	[Debug]	        dji_protocol_v3.c:266  <0xe28b>V3-Send: 03:003F:001E:0x0503 -> 00:003F:001E:0x0701 0x3C10, tLen 85 dLen 64
12-30 22:18:28.722	          linker	[Debug]	        dji_protocol_v3.c:266  <0xe28c>V3-Send: 03:003F:001E:0x0503 -> 00:003F:001E:0x1100 0x3C10, tLen 85 dLen 64
12-30 22:18:28.728	          linker	[Debug]	        dji_protocol_v3.c:387  <0x6cdb>V3-Recv: 00:003F:001E:0x1204 -> 03:003F:001E:0x0503 0x22AD, tLen 68 dLen 47
12-30 22:18:28.728	          linker	[Debug]	        dji_protocol_v3.c:506  0:0x1204 convert to 0092(0x1204)
12-30 22:18:28.728	          linker	[Debug]	        dji_protocol_v3.c:506  3:0x0503 convert to 0065(0x0503)
12-30 22:18:28.729	          linker	[Debug]	            dji_command.c:1128  <0x6cdb>Receive msg from linker, 0x1204(0x0092)->0x0503(0x0065) 0x22AD len:47
12-30 22:18:28.729	          linker	[Debug]	            dji_command.c:980  received unsupport request cmd that need ack, <0x6cdb> cmdset: 0x22 cmdid: 0xAD
12-30 22:18:28.792	          linker	[Debug]	        dji_protocol_v3.c:266  <0xe28d>V3-Send: 03:003F:001E:0x0503 -> 00:003F:001E:0x0200 0x3C1B, tLen 77 dLen 56
12-30 22:18:28.808	          linker	[Debug]	        dji_protocol_v3.c:387  <0x6ce7>V3-Recv: 00:003F:001E:0x1204 -> 03:003F:001E:0x0503 0x4900, tLen 23 dLen 2
12-30 22:18:28.808	          linker	[Debug]	        dji_protocol_v3.c:506  0:0x1204 convert to 0092(0x1204)
12-30 22:18:28.808	          linker	[Debug]	        dji_protocol_v3.c:506  3:0x0503 convert to 0065(0x0503)
12-30 22:18:28.809	          linker	[Debug]	            dji_command.c:1128  <0x6ce7>Receive msg from linker, 0x1204(0x0092)->0x0503(0x0065) 0x4900 len:2
12-30 22:18:28.809	          linker	[Debug]	        dji_protocol_v3.c:266  <0x6ce7>V3-Send: 03:003F:001E:0x0503 -> 00:003F:001E:0x1204 0x4900, tLen 23 dLen 2
12-30 22:18:28.828	          linker	[Debug]	        dji_protocol_v3.c:387  <0x6ceb>V3-Recv: 00:003F:001E:0x1204 -> 03:003F:001E:0x0503 0x22AD, tLen 68 dLen 47
12-30 22:18:28.828	          linker	[Debug]	        dji_protocol_v3.c:506  0:0x1204 convert to 0092(0x1204)
12-30 22:18:28.828	          linker	[Debug]	        dji_protocol_v3.c:506  3:0x0503 convert to 0065(0x0503)
12-30 22:18:28.829	          linker	[Debug]	            dji_command.c:1128  <0x6ceb>Receive msg from linker, 0x1204(0x0092)->0x0503(0x0065) 0x22AD len:47
12-30 22:18:28.829	          linker	[Debug]	            dji_command.c:980  received unsupport request cmd that need ack, <0x6ceb> cmdset: 0x22 cmdid: 0xAD
12-30 22:18:28.841	          linker	[Debug]	        dji_protocol_v3.c:387  <0x7eac>V3-Recv: 00:003F:001E:0x0300 -> 03:003F:001E:0x0503 0x3C57, tLen 37 dLen 16
12-30 22:18:28.841	          linker	[Debug]	        dji_protocol_v3.c:506  0:0x0300 convert to 0003(0x0300)
12-30 22:18:28.841	          linker	[Debug]	        dji_protocol_v3.c:506  3:0x0503 convert to 0065(0x0503)
12-30 22:18:28.842	          linker	[Debug]	            dji_command.c:1128  <0x7eac>Receive msg from linker, 0x0300(0x0003)->0x0503(0x0065) 0x3C57 len:16
12-30 22:18:28.842	          linker	[Debug]	            dji_command.c:980  received unsupport request cmd that noneed ack, <0x7eac> cmdset: 0x3C cmdid: 0x57
12-30 22:18:28.850	          linker	[Debug]	        dji_protocol_v3.c:266  <0xe28e>V3-Send: 03:003F:001E:0x0503 -> 00:003F:001E:0x0200 0x3C1F, tLen 58 dLen 37
12-30 22:18:28.908	          linker	[Debug]	        dji_protocol_v3.c:387  <0x6cf7>V3-Recv: 00:003F:001E:0x1204 -> 03:003F:001E:0x0503 0x4900, tLen 23 dLen 2
12-30 22:18:28.908	          linker	[Debug]	        dji_protocol_v3.c:506  0:0x1204 convert to 0092(0x1204)
12-30 22:18:28.908	          linker	[Debug]	        dji_protocol_v3.c:506  3:0x0503 convert to 0065(0x0503)
12-30 22:18:28.909	          linker	[Debug]	            dji_command.c:1128  <0x6cf7>Receive msg from linker, 0x1204(0x0092)->0x0503(0x0065) 0x4900 len:2
12-30 22:18:28.909	          linker	[Debug]	        dji_protocol_v3.c:266  <0x6cf7>V3-Send: 03:003F:001E:0x0503 -> 00:003F:001E:0x1204 0x4900, tLen 23 dLen 2
12-30 22:18:28.928	          linker	[Debug]	        dji_protocol_v3.c:387  <0x6cfb>V3-Recv: 00:003F:001E:0x1204 -> 03:003F:001E:0x0503 0x22AD, tLen 68 dLen 47
12-30 22:18:28.928	          linker	[Debug]	        dji_protocol_v3.c:506  0:0x1204 convert to 0092(0x1204)
12-30 22:18:28.928	          linker	[Debug]	        dji_protocol_v3.c:506  3:0x0503 convert to 0065(0x0503)
12-30 22:18:28.929	          linker	[Debug]	            dji_command.c:1128  <0x6cfb>Receive msg from linker, 0x1204(0x0092)->0x0503(0x0065) 0x22AD len:47
12-30 22:18:28.929	          linker	[Debug]	            dji_command.c:980  received unsupport request cmd that need ack, <0x6cfb> cmdset: 0x22 cmdid: 0xAD
12-30 22:18:28.938	          linker	[Debug]	        dji_protocol_v1.c:189  <0xe28f>V1-Send: 0x0503->0x1007 0x198B
12-30 22:18:28.938	          linker	[Debug]	        dji_protocol_v3.c:266  <0xe290>V3-Send: 03:003F:001E:0x0503 -> 00:003F:001E:0x0200 0x3C10, tLen 85 dLen 64
12-30 22:18:28.938	          linker	[Debug]	        dji_protocol_v3.c:266  <0xe291>V3-Send: 03:003F:001E:0x0503 -> 00:003F:001E:0x0300 0x3C10, tLen 85 dLen 64
12-30 22:18:28.938	          linker	[Debug]	        dji_protocol_v3.c:266  <0xe292>V3-Send: 03:003F:001E:0x0503 -> 00:003F:001E:0x1104 0x3C10, tLen 85 dLen 64
12-30 22:18:28.938	          linker	[Debug]	        dji_protocol_v3.c:266  <0xe293>V3-Send: 03:003F:001E:0x0503 -> 00:003F:001E:0x0701 0x3C10, tLen 85 dLen 64
12-30 22:18:28.939	          linker	[Debug]	        dji_protocol_v3.c:266  <0xe294>V3-Send: 03:003F:001E:0x0503 -> 00:003F:001E:0x1100 0x3C10, tLen 85 dLen 64
12-30 22:18:29.008	          linker	[Debug]	        dji_protocol_v3.c:387  <0x6d07>V3-Recv: 00:003F:001E:0x1204 -> 03:003F:001E:0x0503 0x4900, tLen 23 dLen 2
12-30 22:18:29.008	          linker	[Debug]	        dji_protocol_v3.c:506  0:0x1204 convert to 0092(0x1204)
12-30 22:18:29.008	          linker	[Debug]	        dji_protocol_v3.c:506  3:0x0503 convert to 0065(0x0503)
12-30 22:18:29.008	          linker	[Debug]	        dji_protocol_v3.c:266  <0xe295>V3-Send: 03:003F:001E:0x0503 -> 00:003F:001E:0x0200 0x3C1B, tLen 77 dLen 56
12-30 22:18:29.010	          linker	[Debug]	            dji_command.c:1128  <0x6d07>Receive msg from linker, 0x1204(0x0092)->0x0503(0x0065) 0x4900 len:2
12-30 22:18:29.010	          linker	[Debug]	        dji_protocol_v3.c:266  <0x6d07>V3-Send: 03:003F:001E:0x0503 -> 00:003F:001E:0x1204 0x4900, tLen 23 dLen 2
12-30 22:18:29.028	          linker	[Debug]	        dji_protocol_v3.c:387  <0x6d0b>V3-Recv: 00:003F:001E:0x1204 -> 03:003F:001E:0x0503 0x22AD, tLen 68 dLen 47
12-30 22:18:29.028	          linker	[Debug]	        dji_protocol_v3.c:506  0:0x1204 convert to 0092(0x1204)
12-30 22:18:29.028	          linker	[Debug]	        dji_protocol_v3.c:506  3:0x0503 convert to 0065(0x0503)
12-30 22:18:29.029	          linker	[Debug]	            dji_command.c:1128  <0x6d0b>Receive msg from linker, 0x1204(0x0092)->0x0503(0x0065) 0x22AD len:47
12-30 22:18:29.029	          linker	[Debug]	            dji_command.c:980  received unsupport request cmd that need ack, <0x6d0b> cmdset: 0x22 cmdid: 0xAD
12-30 22:18:29.041	          linker	[Debug]	        dji_protocol_v3.c:387  <0x8027>V3-Recv: 00:003F:001E:0x0300 -> 03:003F:001E:0x0503 0x3C57, tLen 37 dLen 16
12-30 22:18:29.041	          linker	[Debug]	        dji_protocol_v3.c:506  0:0x0300 convert to 0003(0x0300)
12-30 22:18:29.041	          linker	[Debug]	        dji_protocol_v3.c:506  3:0x0503 convert to 0065(0x0503)
12-30 22:18:29.042	          linker	[Debug]	            dji_command.c:1128  <0x8027>Receive msg from linker, 0x0300(0x0003)->0x0503(0x0065) 0x3C57 len:16
12-30 22:18:29.042	          linker	[Debug]	            dji_command.c:980  received unsupport request cmd that noneed ack, <0x8027> cmdset: 0x3C cmdid: 0x57
12-30 22:18:29.050	          linker	[Debug]	        dji_protocol_v3.c:266  <0xe296>V3-Send: 03:003F:001E:0x0503 -> 00:003F:001E:0x0200 0x3C1F, tLen 58 dLen 37
12-30 22:18:29.081	          linker	[Debug]	        dji_protocol_v3.c:387  <0xdfb8>V3-Recv: 00:0001:0000:0x0202 -> 03:0000:0001:0x0503 0x3C20, tLen 22 dLen 1
12-30 22:18:29.081	          linker	[Debug]	        dji_protocol_v3.c:506  0:0x0202 convert to 0042(0x0202)
12-30 22:18:29.081	          linker	[Debug]	        dji_protocol_v3.c:506  3:0x0503 convert to 0065(0x0503)
12-30 22:18:29.082	          linker	[Debug]	            dji_command.c:1128  <0xdfb8>Receive msg from linker, 0x0202(0x0042)->0x0503(0x0065) 0x3C20 len:1
12-30 22:18:29.082	          linker	[Debug]	            dji_command.c:980  received unsupport request cmd that need ack, <0xdfb8> cmdset: 0x3C cmdid: 0x20
12-30 22:18:29.108	          linker	[Debug]	        dji_protocol_v3.c:387  <0x6d17>V3-Recv: 00:003F:001E:0x1204 -> 03:003F:001E:0x0503 0x4900, tLen 23 dLen 2
12-30 22:18:29.108	          linker	[Debug]	        dji_protocol_v3.c:506  0:0x1204 convert to 0092(0x1204)
12-30 22:18:29.108	          linker	[Debug]	        dji_protocol_v3.c:506  3:0x0503 convert to 0065(0x0503)
12-30 22:18:29.109	          linker	[Debug]	            dji_command.c:1128  <0x6d17>Receive msg from linker, 0x1204(0x0092)->0x0503(0x0065) 0x4900 len:2
12-30 22:18:29.109	          linker	[Debug]	        dji_protocol_v3.c:266  <0x6d17>V3-Send: 03:003F:001E:0x0503 -> 00:003F:001E:0x1204 0x4900, tLen 23 dLen 2
12-30 22:18:29.121	           utils	[Debug]	          dji_root_task.c:131  work execution time:
12-30 22:18:29.121	           utils	[Debug]	          dji_root_task.c:132  name	                execution time (ms)	  max execution time (ms)
12-30 22:18:29.121	           utils	[Debug]	          dji_root_task.c:134  recorderWork                    	1       	1       
12-30 22:18:29.121	           utils	[Debug]	          dji_root_task.c:134  flowControllerTask              	0       	0       
12-30 22:18:29.121	           utils	[Debug]	          dji_root_task.c:134  commandTask                     	1       	1       
12-30 22:18:29.121	           utils	[Debug]	          dji_root_task.c:134  aircraftWorkNode                	1       	1       
12-30 22:18:29.121	           utils	[Debug]	          dji_root_task.c:134  dataBuriedPointTask             	0       	1       
12-30 22:18:29.121	           utils	[Debug]	          dji_root_task.c:134  StatePushWork                   	1       	1       
12-30 22:18:29.121	           utils	[Debug]	          dji_root_task.c:134  WidgetWork                      	1       	1       
12-30 22:18:29.121	           utils	[Debug]	          dji_root_task.c:134  hmsTask                         	0       	1       
12-30 22:18:29.128	          linker	[Debug]	        dji_protocol_v3.c:387  <0x6d1b>V3-Recv: 00:003F:001E:0x1204 -> 03:003F:001E:0x0503 0x22AD, tLen 68 dLen 47
12-30 22:18:29.128	          linker	[Debug]	        dji_protocol_v3.c:506  0:0x1204 convert to 0092(0x1204)
12-30 22:18:29.128	          linker	[Debug]	        dji_protocol_v3.c:506  3:0x0503 convert to 0065(0x0503)
12-30 22:18:29.129	          linker	[Debug]	            dji_command.c:1128  <0x6d1b>Receive msg from linker, 0x1204(0x0092)->0x0503(0x0065) 0x22AD len:47
12-30 22:18:29.129	          linker	[Debug]	            dji_command.c:980  received unsupport request cmd that need ack, <0x6d1b> cmdset: 0x22 cmdid: 0xAD
12-30 22:18:29.150	          linker	[Debug]	        dji_protocol_v1.c:309  <0x2030>V1-Recv: 0x0A06->0x0503 0x0866
12-30 22:18:29.150	          linker	[Debug]	            dji_command.c:1128  <0x2030>Receive msg from linker, 0x0A06(0x00CA)->0x0503(0x0065) 0x0866 len:102
12-30 22:18:29.150	          linker	[Debug]	            dji_command.c:980  received unsupport request cmd that noneed ack, <0x2030> cmdset: 0x08 cmdid: 0x66
12-30 22:18:29.154	          linker	[Debug]	        dji_protocol_v1.c:189  <0xe297>V1-Send: 0x0503->0x1007 0x198B
12-30 22:18:29.154	          linker	[Debug]	        dji_protocol_v3.c:266  <0xe298>V3-Send: 03:003F:001E:0x0503 -> 00:003F:001E:0x0200 0x3C10, tLen 85 dLen 64
12-30 22:18:29.155	          linker	[Debug]	        dji_protocol_v3.c:266  <0xe299>V3-Send: 03:003F:001E:0x0503 -> 00:003F:001E:0x0300 0x3C10, tLen 85 dLen 64
12-30 22:18:29.155	          linker	[Debug]	        dji_protocol_v3.c:266  <0xe29a>V3-Send: 03:003F:001E:0x0503 -> 00:003F:001E:0x1104 0x3C10, tLen 85 dLen 64
12-30 22:18:29.155	          linker	[Debug]	        dji_protocol_v3.c:266  <0xe29b>V3-Send: 03:003F:001E:0x0503 -> 00:003F:001E:0x0701 0x3C10, tLen 85 dLen 64
12-30 22:18:29.155	          linker	[Debug]	        dji_protocol_v3.c:266  <0xe29c>V3-Send: 03:003F:001E:0x0503 -> 00:003F:001E:0x1100 0x3C10, tLen 85 dLen 64
12-30 22:18:29.208	          linker	[Debug]	        dji_protocol_v3.c:387  <0x6d27>V3-Recv: 00:003F:001E:0x1204 -> 03:003F:001E:0x0503 0x4900, tLen 23 dLen 2
12-30 22:18:29.208	          linker	[Debug]	        dji_protocol_v3.c:506  0:0x1204 convert to 0092(0x1204)
12-30 22:18:29.208	          linker	[Debug]	        dji_protocol_v3.c:506  3:0x0503 convert to 0065(0x0503)
12-30 22:18:29.209	          linker	[Debug]	            dji_command.c:1128  <0x6d27>Receive msg from linker, 0x1204(0x0092)->0x0503(0x0065) 0x4900 len:2
12-30 22:18:29.209	          linker	[Debug]	        dji_protocol_v3.c:266  <0x6d27>V3-Send: 03:003F:001E:0x0503 -> 00:003F:001E:0x1204 0x4900, tLen 23 dLen 2
12-30 22:18:29.225	          linker	[Debug]	        dji_protocol_v3.c:266  <0xe29d>V3-Send: 03:003F:001E:0x0503 -> 00:003F:001E:0x0200 0x3C1B, tLen 77 dLen 56
12-30 22:18:29.228	          linker	[Debug]	        dji_protocol_v3.c:387  <0x6d2b>V3-Recv: 00:003F:001E:0x1204 -> 03:003F:001E:0x0503 0x22AD, tLen 68 dLen 47
12-30 22:18:29.228	          linker	[Debug]	        dji_protocol_v3.c:506  0:0x1204 convert to 0092(0x1204)
12-30 22:18:29.228	          linker	[Debug]	        dji_protocol_v3.c:506  3:0x0503 convert to 0065(0x0503)
12-30 22:18:29.228	          linker	[Debug]	            dji_command.c:1128  <0x6d2b>Receive msg from linker, 0x1204(0x0092)->0x0503(0x0065) 0x22AD len:47
12-30 22:18:29.228	          linker	[Debug]	            dji_command.c:980  received unsupport request cmd that need ack, <0x6d2b> cmdset: 0x22 cmdid: 0xAD
12-30 22:18:29.241	          linker	[Debug]	        dji_protocol_v3.c:387  <0x818c>V3-Recv: 00:003F:001E:0x0300 -> 03:003F:001E:0x0503 0x3C57, tLen 37 dLen 16
12-30 22:18:29.241	          linker	[Debug]	        dji_protocol_v3.c:506  0:0x0300 convert to 0003(0x0300)
12-30 22:18:29.241	          linker	[Debug]	        dji_protocol_v3.c:506  3:0x0503 convert to 0065(0x0503)
12-30 22:18:29.242	          linker	[Debug]	            dji_command.c:1128  <0x818c>Receive msg from linker, 0x0300(0x0003)->0x0503(0x0065) 0x3C57 len:16
12-30 22:18:29.242	          linker	[Debug]	            dji_command.c:980  received unsupport request cmd that noneed ack, <0x818c> cmdset: 0x3C cmdid: 0x57
12-30 22:18:29.251	          linker	[Debug]	        dji_protocol_v3.c:266  <0xe29e>V3-Send: 03:003F:001E:0x0503 -> 00:003F:001E:0x0200 0x3C1F, tLen 58 dLen 37
12-30 22:18:29.308	          linker	[Debug]	        dji_protocol_v3.c:387  <0x6d37>V3-Recv: 00:003F:001E:0x1204 -> 03:003F:001E:0x0503 0x4900, tLen 23 dLen 2
12-30 22:18:29.308	          linker	[Debug]	        dji_protocol_v3.c:506  0:0x1204 convert to 0092(0x1204)
12-30 22:18:29.308	          linker	[Debug]	        dji_protocol_v3.c:506  3:0x0503 convert to 0065(0x0503)
12-30 22:18:29.309	          linker	[Debug]	            dji_command.c:1128  <0x6d37>Receive msg from linker, 0x1204(0x0092)->0x0503(0x0065) 0x4900 len:2
12-30 22:18:29.309	          linker	[Debug]	        dji_protocol_v3.c:266  <0x6d37>V3-Send: 03:003F:001E:0x0503 -> 00:003F:001E:0x1204 0x4900, tLen 23 dLen 2
12-30 22:18:29.328	          linker	[Debug]	        dji_protocol_v3.c:387  <0x6d3b>V3-Recv: 00:003F:001E:0x1204 -> 03:003F:001E:0x0503 0x22AD, tLen 68 dLen 47
12-30 22:18:29.328	          linker	[Debug]	        dji_protocol_v3.c:506  0:0x1204 convert to 0092(0x1204)
12-30 22:18:29.328	          linker	[Debug]	        dji_protocol_v3.c:506  3:0x0503 convert to 0065(0x0503)
12-30 22:18:29.329	          linker	[Debug]	            dji_command.c:1128  <0x6d3b>Receive msg from linker, 0x1204(0x0092)->0x0503(0x0065) 0x22AD len:47
12-30 22:18:29.329	          linker	[Debug]	            dji_command.c:980  received unsupport request cmd that need ack, <0x6d3b> cmdset: 0x22 cmdid: 0xAD
12-30 22:18:29.371	          linker	[Debug]	        dji_protocol_v1.c:189  <0xe29f>V1-Send: 0x0503->0x1007 0x198B
12-30 22:18:29.371	          linker	[Debug]	        dji_protocol_v3.c:266  <0xe2a0>V3-Send: 03:003F:001E:0x0503 -> 00:003F:001E:0x0200 0x3C10, tLen 85 dLen 64
12-30 22:18:29.371	          linker	[Debug]	        dji_protocol_v3.c:266  <0xe2a1>V3-Send: 03:003F:001E:0x0503 -> 00:003F:001E:0x0300 0x3C10, tLen 85 dLen 64
12-30 22:18:29.371	          linker	[Debug]	        dji_protocol_v3.c:266  <0xe2a2>V3-Send: 03:003F:001E:0x0503 -> 00:003F:001E:0x1104 0x3C10, tLen 85 dLen 64
12-30 22:18:29.371	          linker	[Debug]	        dji_protocol_v3.c:266  <0xe2a3>V3-Send: 03:003F:001E:0x0503 -> 00:003F:001E:0x0701 0x3C10, tLen 85 dLen 64
12-30 22:18:29.371	          linker	[Debug]	        dji_protocol_v3.c:266  <0xe2a4>V3-Send: 03:003F:001E:0x0503 -> 00:003F:001E:0x1100 0x3C10, tLen 85 dLen 64
12-30 22:18:29.395	          linker	[Debug]	        dji_protocol_v3.c:387  <0xe12d>V3-Recv: 00:0001:0000:0x0202 -> 03:0000:0001:0x0503 0x3C1C, tLen 28 dLen 7
12-30 22:18:29.395	          linker	[Debug]	        dji_protocol_v3.c:506  0:0x0202 convert to 0042(0x0202)
12-30 22:18:29.395	          linker	[Debug]	        dji_protocol_v3.c:506  3:0x0503 convert to 0065(0x0503)
12-30 22:18:29.396	          linker	[Debug]	            dji_command.c:1128  <0xe12d>Receive msg from linker, 0x0202(0x0042)->0x0503(0x0065) 0x3C1C len:7
12-30 22:18:29.408	          linker	[Debug]	        dji_protocol_v3.c:387  <0xe12e>V3-Recv: 00:0001:0000:0x0202 -> 03:0000:0001:0x0503 0x3C25, tLen 23 dLen 2
12-30 22:18:29.408	          linker	[Debug]	        dji_protocol_v3.c:506  0:0x0202 convert to 0042(0x0202)
12-30 22:18:29.408	          linker	[Debug]	        dji_protocol_v3.c:506  3:0x0503 convert to 0065(0x0503)
12-30 22:18:29.408	          linker	[Debug]	        dji_protocol_v3.c:387  <0x6d47>V3-Recv: 00:003F:001E:0x1204 -> 03:003F:001E:0x0503 0x4900, tLen 23 dLen 2
12-30 22:18:29.408	          linker	[Debug]	        dji_protocol_v3.c:506  0:0x1204 convert to 0092(0x1204)
12-30 22:18:29.408	          linker	[Debug]	        dji_protocol_v3.c:506  3:0x0503 convert to 0065(0x0503)
12-30 22:18:29.409	          linker	[Debug]	            dji_command.c:1128  <0xe12e>Receive msg from linker, 0x0202(0x0042)->0x0503(0x0065) 0x3C25 len:2
12-30 22:18:29.409	          linker	[Debug]	            dji_command.c:980  received unsupport request cmd that need ack, <0xe12e> cmdset: 0x3C cmdid: 0x25
12-30 22:18:29.410	          linker	[Debug]	            dji_command.c:1128  <0x6d47>Receive msg from linker, 0x1204(0x0092)->0x0503(0x0065) 0x4900 len:2
12-30 22:18:29.410	          linker	[Debug]	        dji_protocol_v3.c:266  <0x6d47>V3-Send: 03:003F:001E:0x0503 -> 00:003F:001E:0x1204 0x4900, tLen 23 dLen 2
12-30 22:18:29.428	          linker	[Debug]	        dji_protocol_v3.c:387  <0x6d4b>V3-Recv: 00:003F:001E:0x1204 -> 03:003F:001E:0x0503 0x22AD, tLen 68 dLen 47
12-30 22:18:29.428	          linker	[Debug]	        dji_protocol_v3.c:506  0:0x1204 convert to 0092(0x1204)
12-30 22:18:29.428	          linker	[Debug]	        dji_protocol_v3.c:506  3:0x0503 convert to 0065(0x0503)
12-30 22:18:29.429	          linker	[Debug]	            dji_command.c:1128  <0x6d4b>Receive msg from linker, 0x1204(0x0092)->0x0503(0x0065) 0x22AD len:47
12-30 22:18:29.429	          linker	[Debug]	            dji_command.c:980  received unsupport request cmd that need ack, <0x6d4b> cmdset: 0x22 cmdid: 0xAD
12-30 22:18:29.441	          linker	[Debug]	        dji_protocol_v3.c:387  <0x82e8>V3-Recv: 00:003F:001E:0x0300 -> 03:003F:001E:0x0503 0x3C57, tLen 37 dLen 16
12-30 22:18:29.441	          linker	[Debug]	        dji_protocol_v3.c:506  0:0x0300 convert to 0003(0x0300)
12-30 22:18:29.441	          linker	[Debug]	        dji_protocol_v3.c:506  3:0x0503 convert to 0065(0x0503)
12-30 22:18:29.442	          linker	[Debug]	            dji_command.c:1128  <0x82e8>Receive msg from linker, 0x0300(0x0003)->0x0503(0x0065) 0x3C57 len:16
12-30 22:18:29.442	          linker	[Debug]	            dji_command.c:980  received unsupport request cmd that noneed ack, <0x82e8> cmdset: 0x3C cmdid: 0x57
12-30 22:18:29.442	          linker	[Debug]	        dji_protocol_v3.c:266  <0xe2a5>V3-Send: 03:003F:001E:0x0503 -> 00:003F:001E:0x0200 0x3C1B, tLen 77 dLen 56
12-30 22:18:29.451	          linker	[Debug]	        dji_protocol_v3.c:266  <0xe2a6>V3-Send: 03:003F:001E:0x0503 -> 00:003F:001E:0x0200 0x3C1F, tLen 58 dLen 37
12-30 22:18:29.508	          linker	[Debug]	        dji_protocol_v3.c:387  <0x6d57>V3-Recv: 00:003F:001E:0x1204 -> 03:003F:001E:0x0503 0x4900, tLen 23 dLen 2
12-30 22:18:29.508	          linker	[Debug]	        dji_protocol_v3.c:506  0:0x1204 convert to 0092(0x1204)
12-30 22:18:29.508	          linker	[Debug]	        dji_protocol_v3.c:506  3:0x0503 convert to 0065(0x0503)
12-30 22:18:29.509	          linker	[Debug]	            dji_command.c:1128  <0x6d57>Receive msg from linker, 0x1204(0x0092)->0x0503(0x0065) 0x4900 len:2
12-30 22:18:29.509	          linker	[Debug]	        dji_protocol_v3.c:266  <0x6d57>V3-Send: 03:003F:001E:0x0503 -> 00:003F:001E:0x1204 0x4900, tLen 23 dLen 2
12-30 22:18:29.528	          linker	[Debug]	        dji_protocol_v3.c:387  <0x6d5b>V3-Recv: 00:003F:001E:0x1204 -> 03:003F:001E:0x0503 0x22AD, tLen 68 dLen 47
12-30 22:18:29.528	          linker	[Debug]	        dji_protocol_v3.c:506  0:0x1204 convert to 0092(0x1204)
12-30 22:18:29.528	          linker	[Debug]	        dji_protocol_v3.c:506  3:0x0503 convert to 0065(0x0503)
12-30 22:18:29.529	          linker	[Debug]	            dji_command.c:1128  <0x6d5b>Receive msg from linker, 0x1204(0x0092)->0x0503(0x0065) 0x22AD len:47
12-30 22:18:29.529	          linker	[Debug]	            dji_command.c:980  received unsupport request cmd that need ack, <0x6d5b> cmdset: 0x22 cmdid: 0xAD
12-30 22:18:29.587	          linker	[Debug]	        dji_protocol_v1.c:189  <0xe2a7>V1-Send: 0x0503->0x1007 0x198B
12-30 22:18:29.587	          linker	[Debug]	        dji_protocol_v3.c:266  <0xe2a8>V3-Send: 03:003F:001E:0x0503 -> 00:003F:001E:0x0200 0x3C10, tLen 85 dLen 64
12-30 22:18:29.587	          linker	[Debug]	        dji_protocol_v3.c:266  <0xe2a9>V3-Send: 03:003F:001E:0x0503 -> 00:003F:001E:0x0300 0x3C10, tLen 85 dLen 64
12-30 22:18:29.587	          linker	[Debug]	        dji_protocol_v3.c:266  <0xe2aa>V3-Send: 03:003F:001E:0x0503 -> 00:003F:001E:0x1104 0x3C10, tLen 85 dLen 64
12-30 22:18:29.587	          linker	[Debug]	        dji_protocol_v3.c:266  <0xe2ab>V3-Send: 03:003F:001E:0x0503 -> 00:003F:001E:0x0701 0x3C10, tLen 85 dLen 64
12-30 22:18:29.587	          linker	[Debug]	        dji_protocol_v3.c:266  <0xe2ac>V3-Send: 03:003F:001E:0x0503 -> 00:003F:001E:0x1100 0x3C10, tLen 85 dLen 64
12-30 22:18:29.608	          linker	[Debug]	        dji_protocol_v3.c:387  <0x6d67>V3-Recv: 00:003F:001E:0x1204 -> 03:003F:001E:0x0503 0x4900, tLen 23 dLen 2
12-30 22:18:29.608	          linker	[Debug]	        dji_protocol_v3.c:506  0:0x1204 convert to 0092(0x1204)
12-30 22:18:29.608	          linker	[Debug]	        dji_protocol_v3.c:506  3:0x0503 convert to 0065(0x0503)
12-30 22:18:29.609	          linker	[Debug]	            dji_command.c:1128  <0x6d67>Receive msg from linker, 0x1204(0x0092)->0x0503(0x0065) 0x4900 len:2
12-30 22:18:29.609	          linker	[Debug]	        dji_protocol_v3.c:266  <0x6d67>V3-Send: 03:003F:001E:0x0503 -> 00:003F:001E:0x1204 0x4900, tLen 23 dLen 2
12-30 22:18:29.628	          linker	[Debug]	        dji_protocol_v3.c:387  <0x6d6b>V3-Recv: 00:003F:001E:0x1204 -> 03:003F:001E:0x0503 0x22AD, tLen 68 dLen 47
12-30 22:18:29.628	          linker	[Debug]	        dji_protocol_v3.c:506  0:0x1204 convert to 0092(0x1204)
12-30 22:18:29.628	          linker	[Debug]	        dji_protocol_v3.c:506  3:0x0503 convert to 0065(0x0503)
12-30 22:18:29.628	          linker	[Debug]	            dji_command.c:1128  <0x6d6b>Receive msg from linker, 0x1204(0x0092)->0x0503(0x0065) 0x22AD len:47
12-30 22:18:29.629	          linker	[Debug]	            dji_command.c:980  received unsupport request cmd that need ack, <0x6d6b> cmdset: 0x22 cmdid: 0xAD
12-30 22:18:29.641	          linker	[Debug]	        dji_protocol_v3.c:387  <0x8454>V3-Recv: 00:003F:001E:0x0300 -> 03:003F:001E:0x0503 0x3C57, tLen 37 dLen 16
12-30 22:18:29.641	          linker	[Debug]	        dji_protocol_v3.c:506  0:0x0300 convert to 0003(0x0300)
12-30 22:18:29.641	          linker	[Debug]	        dji_protocol_v3.c:506  3:0x0503 convert to 0065(0x0503)
12-30 22:18:29.642	          linker	[Debug]	            dji_command.c:1128  <0x8454>Receive msg from linker, 0x0300(0x0003)->0x0503(0x0065) 0x3C57 len:16
12-30 22:18:29.642	          linker	[Debug]	            dji_command.c:980  received unsupport request cmd that noneed ack, <0x8454> cmdset: 0x3C cmdid: 0x57
12-30 22:18:29.650	          linker	[Debug]	        dji_protocol_v1.c:309  <0x2030>V1-Recv: 0x0A06->0x0503 0x0866
12-30 22:18:29.650	          linker	[Debug]	            dji_command.c:1128  <0x2030>Receive msg from linker, 0x0A06(0x00CA)->0x0503(0x0065) 0x0866 len:102
12-30 22:18:29.650	          linker	[Debug]	            dji_command.c:980  received unsupport request cmd that noneed ack, <0x2030> cmdset: 0x08 cmdid: 0x66
12-30 22:18:29.651	          linker	[Debug]	        dji_protocol_v3.c:266  <0xe2ad>V3-Send: 03:003F:001E:0x0503 -> 00:003F:001E:0x0200 0x3C1F, tLen 58 dLen 37
12-30 22:18:29.658	          linker	[Debug]	        dji_protocol_v3.c:266  <0xe2ae>V3-Send: 03:003F:001E:0x0503 -> 00:003F:001E:0x0200 0x3C1B, tLen 77 dLen 56
12-30 22:18:29.664	          linker	[Debug]	        dji_protocol_v3.c:266  <0xe2af>V3-Send: 03:003F:001E:0x0503 -> 00:003F:001E:0x0801 0x0000, tLen 21 dLen 0
12-30 22:18:29.664	           infor	[Debug]	dji_aircraft_connection.c:170  check connect status:1
12-30 22:18:29.664	          linker	[Debug]	        dji_protocol_v3.c:387  <0xe2af>V3-Recv: 00:003F:001E:0x0801 -> 03:003F:001E:0x0503 0x0000, tLen 22 dLen 1
12-30 22:18:29.664	          linker	[Debug]	        dji_protocol_v3.c:506  0:0x0801 convert to 0028(0x0801)
12-30 22:18:29.664	          linker	[Debug]	        dji_protocol_v3.c:506  3:0x0503 convert to 0065(0x0503)
12-30 22:18:29.665	          linker	[Debug]	            dji_command.c:1128  <0xe2af>Receive msg from linker, 0x0801(0x0028)->0x0503(0x0065) 0x0000 len:1
12-30 22:18:29.665	           infor	[Debug]	dji_aircraft_connection.c:303  connect status async sucess
12-30 22:18:29.665	          linker	[Debug]	            dji_command.c:890  callback function (cmdset: 0x00 cmdid: 0x00) deal time: 0 ms
12-30 22:18:29.708	          linker	[Debug]	        dji_protocol_v3.c:387  <0x6d77>V3-Recv: 00:003F:001E:0x1204 -> 03:003F:001E:0x0503 0x4900, tLen 23 dLen 2
12-30 22:18:29.708	          linker	[Debug]	        dji_protocol_v3.c:506  0:0x1204 convert to 0092(0x1204)
12-30 22:18:29.708	          linker	[Debug]	        dji_protocol_v3.c:506  3:0x0503 convert to 0065(0x0503)
12-30 22:18:29.709	          linker	[Debug]	            dji_command.c:1128  <0x6d77>Receive msg from linker, 0x1204(0x0092)->0x0503(0x0065) 0x4900 len:2
12-30 22:18:29.709	          linker	[Debug]	        dji_protocol_v3.c:266  <0x6d77>V3-Send: 03:003F:001E:0x0503 -> 00:003F:001E:0x1204 0x4900, tLen 23 dLen 2
12-30 22:18:29.728	          linker	[Debug]	        dji_protocol_v3.c:387  <0x6d7b>V3-Recv: 00:003F:001E:0x1204 -> 03:003F:001E:0x0503 0x22AD, tLen 68 dLen 47
12-30 22:18:29.728	          linker	[Debug]	        dji_protocol_v3.c:506  0:0x1204 convert to 0092(0x1204)
12-30 22:18:29.728	          linker	[Debug]	        dji_protocol_v3.c:506  3:0x0503 convert to 0065(0x0503)
12-30 22:18:29.729	          linker	[Debug]	            dji_command.c:1128  <0x6d7b>Receive msg from linker, 0x1204(0x0092)->0x0503(0x0065) 0x22AD len:47
12-30 22:18:29.729	          linker	[Debug]	            dji_command.c:980  received unsupport request cmd that need ack, <0x6d7b> cmdset: 0x22 cmdid: 0xAD
12-30 22:18:29.804	          linker	[Debug]	        dji_protocol_v1.c:189  <0xe2b0>V1-Send: 0x0503->0x1007 0x198B
12-30 22:18:29.804	          linker	[Debug]	        dji_protocol_v3.c:266  <0xe2b1>V3-Send: 03:003F:001E:0x0503 -> 00:003F:001E:0x0200 0x3C10, tLen 85 dLen 64
12-30 22:18:29.804	          linker	[Debug]	        dji_protocol_v3.c:266  <0xe2b2>V3-Send: 03:003F:001E:0x0503 -> 00:003F:001E:0x0300 0x3C10, tLen 85 dLen 64
12-30 22:18:29.804	          linker	[Debug]	        dji_protocol_v3.c:266  <0xe2b3>V3-Send: 03:003F:001E:0x0503 -> 00:003F:001E:0x1104 0x3C10, tLen 85 dLen 64
12-30 22:18:29.804	          linker	[Debug]	        dji_protocol_v3.c:266  <0xe2b4>V3-Send: 03:003F:001E:0x0503 -> 00:003F:001E:0x0701 0x3C10, tLen 85 dLen 64
12-30 22:18:29.804	          linker	[Debug]	        dji_protocol_v3.c:266  <0xe2b5>V3-Send: 03:003F:001E:0x0503 -> 00:003F:001E:0x1100 0x3C10, tLen 85 dLen 64
12-30 22:18:29.808	          linker	[Debug]	        dji_protocol_v3.c:387  <0x6d88>V3-Recv: 00:003F:001E:0x1204 -> 03:003F:001E:0x0503 0x4900, tLen 23 dLen 2
12-30 22:18:29.808	          linker	[Debug]	        dji_protocol_v3.c:506  0:0x1204 convert to 0092(0x1204)
12-30 22:18:29.808	          linker	[Debug]	        dji_protocol_v3.c:506  3:0x0503 convert to 0065(0x0503)
12-30 22:18:29.809	          linker	[Debug]	            dji_command.c:1128  <0x6d88>Receive msg from linker, 0x1204(0x0092)->0x0503(0x0065) 0x4900 len:2
12-30 22:18:29.809	          linker	[Debug]	        dji_protocol_v3.c:266  <0x6d88>V3-Send: 03:003F:001E:0x0503 -> 00:003F:001E:0x1204 0x4900, tLen 23 dLen 2
12-30 22:18:29.828	          linker	[Debug]	        dji_protocol_v3.c:387  <0x6d8c>V3-Recv: 00:003F:001E:0x1204 -> 03:003F:001E:0x0503 0x22AD, tLen 68 dLen 47
12-30 22:18:29.828	          linker	[Debug]	        dji_protocol_v3.c:506  0:0x1204 convert to 0092(0x1204)
12-30 22:18:29.828	          linker	[Debug]	        dji_protocol_v3.c:506  3:0x0503 convert to 0065(0x0503)
12-30 22:18:29.829	          linker	[Debug]	            dji_command.c:1128  <0x6d8c>Receive msg from linker, 0x1204(0x0092)->0x0503(0x0065) 0x22AD len:47
12-30 22:18:29.829	          linker	[Debug]	            dji_command.c:980  received unsupport request cmd that need ack, <0x6d8c> cmdset: 0x22 cmdid: 0xAD
12-30 22:18:29.841	          linker	[Debug]	        dji_protocol_v3.c:387  <0x85d9>V3-Recv: 00:003F:001E:0x0300 -> 03:003F:001E:0x0503 0x3C57, tLen 37 dLen 16
12-30 22:18:29.841	          linker	[Debug]	        dji_protocol_v3.c:506  0:0x0300 convert to 0003(0x0300)
12-30 22:18:29.841	          linker	[Debug]	        dji_protocol_v3.c:506  3:0x0503 convert to 0065(0x0503)
12-30 22:18:29.841	          linker	[Debug]	            dji_command.c:1128  <0x85d9>Receive msg from linker, 0x0300(0x0003)->0x0503(0x0065) 0x3C57 len:16
12-30 22:18:29.841	          linker	[Debug]	            dji_command.c:980  received unsupport request cmd that noneed ack, <0x85d9> cmdset: 0x3C cmdid: 0x57
12-30 22:18:29.849	            user	[Info]	                 main.cpp:71   --> Step 1: Init camera manager module
12-30 22:18:29.849	          linker	[Debug]	            dji_command.c:733  Reg command handle list success, index:12
12-30 22:18:29.849	         channel	[Info]	dji_camera_manager_media_downloader.c:393  Ready to create data stream bulk channel: ishost 0, v2ca3p3181, itf 3, epout 03, epin 84, virchnl 2
12-30 22:18:29.849	         channel	[Debug]	dji_stream_channel_usbbulk.c:128  USBBULK channel create, ifhost 0, vid:pid 2ca3:3181, itf 3 epin 132 epout 3, channel id 2
12-30 22:18:29.850	         channel	[Debug]	dji_stream_channel_usbbulk.c:228  Register usb bulk recv data callback, channel:2, index:0.
12-30 22:18:29.850	      downloader	[Info]	dji_camera_manager_media_downloader.c:577  init hms module.
12-30 22:18:29.850	             hms	[Debug]	  dji_hms_customization.c:92   hms customization init success.
12-30 22:18:29.850	          linker	[Debug]	            dji_command.c:733  Reg command handle list success, index:13
12-30 22:18:29.850	             sub	[Debug]	dji_data_subscription_dds_v3.c:425  Start subscribe topic name = multi_stream_fusion_mode, topic index = 0 @Agent 0x0801 filterhost 0x0100
12-30 22:18:29.850	          linker	[Debug]	        dji_protocol_v3.c:266  <0xe2b6>V3-Send: 03:003F:001E:0x0503 -> 00:003F:001E:0x0801 0x0099, tLen 59 dLen 38
12-30 22:18:29.851	          linker	[Debug]	        dji_protocol_v3.c:266  <0xe2b7>V3-Send: 03:003F:001E:0x0503 -> 00:003F:001E:0x0200 0x3C1F, tLen 58 dLen 37
12-30 22:18:29.859	          linker	[Debug]	        dji_protocol_v1.c:189  <0xe2b8>V1-Send: 0x0503->0x1D02 0x00F0
12-30 22:18:29.860	          linker	[Debug]	        dji_protocol_v3.c:387  <0xe2b6>V3-Recv: 00:003F:001E:0x0801 -> 03:003F:001E:0x0503 0x0099, tLen 30 dLen 9
12-30 22:18:29.860	          linker	[Debug]	        dji_protocol_v3.c:506  0:0x0801 convert to 0028(0x0801)
12-30 22:18:29.860	          linker	[Debug]	        dji_protocol_v3.c:506  3:0x0503 convert to 0065(0x0503)
12-30 22:18:29.861	          linker	[Debug]	            dji_command.c:1128  <0xe2b6>Receive msg from linker, 0x0801(0x0028)->0x0503(0x0065) 0x0099 len:9
12-30 22:18:29.861	          linker	[Debug]	            dji_command.c:1076 PsdkCommand_SendSyncCallback success
12-30 22:18:29.861	          linker	[Debug]	            dji_command.c:890  callback function (cmdset: 0x00 cmdid: 0x99) deal time: 0 ms
12-30 22:18:29.861	          linker	[Debug]	            dji_command.c:612  sendSync callback success
12-30 22:18:29.861	          linker	[Debug]	        dji_protocol_v3.c:266  <0xe2b9>V3-Send: 03:003F:001E:0x0503 -> 00:003F:001E:0x0801 0x0099, tLen 57 dLen 36
12-30 22:18:29.869	          linker	[Debug]	        dji_protocol_v1.c:189  <0xe2ba>V1-Send: 0x0503->0x1D02 0x00F0
12-30 22:18:29.875	          linker	[Debug]	        dji_protocol_v3.c:266  <0xe2bb>V3-Send: 03:003F:001E:0x0503 -> 00:003F:001E:0x0200 0x3C1B, tLen 77 dLen 56
12-30 22:18:29.876	          linker	[Debug]	        dji_protocol_v3.c:387  <0xe2b9>V3-Recv: 00:003F:001E:0x0801 -> 03:003F:001E:0x0503 0x0099, tLen 30 dLen 9
12-30 22:18:29.877	          linker	[Debug]	        dji_protocol_v3.c:506  0:0x0801 convert to 0028(0x0801)
12-30 22:18:29.877	          linker	[Debug]	        dji_protocol_v3.c:506  3:0x0503 convert to 0065(0x0503)
12-30 22:18:29.877	          linker	[Debug]	            dji_command.c:1128  <0xe2b9>Receive msg from linker, 0x0801(0x0028)->0x0503(0x0065) 0x0099 len:9
12-30 22:18:29.877	          linker	[Debug]	            dji_command.c:1076 PsdkCommand_SendSyncCallback success
12-30 22:18:29.877	          linker	[Debug]	            dji_command.c:890  callback function (cmdset: 0x00 cmdid: 0x99) deal time: 0 ms
12-30 22:18:29.877	          linker	[Debug]	            dji_command.c:612  sendSync callback success
12-30 22:18:29.877	             sub	[Debug]	dji_data_subscription_xrce_v3.c:261  Successfully update topic multi_stream_fusion_mode period to 1000 ms
12-30 22:18:29.877	             sub	[Debug]	dji_data_subscription_dds_v3.c:465  topic multi_stream_fusion_mode owns 1 subscriber
12-30 22:18:29.877	             sub	[Debug]	dji_camera_manager_ir_manager.c:1485 subscribedTopicTable[0] pos 1 type 0 topic 16777218
12-30 22:18:29.877	             sub	[Debug]	dji_data_subscription_dds_v3.c:425  Start subscribe topic name = cam_status, topic index = 1 @Agent 0x0801 filterhost 0x0100
12-30 22:18:29.877	          linker	[Debug]	        dji_protocol_v3.c:266  <0xe2bc>V3-Send: 03:003F:001E:0x0503 -> 00:003F:001E:0x0801 0x0099, tLen 45 dLen 24
12-30 22:18:29.880	          linker	[Debug]	        dji_protocol_v1.c:189  <0xe2bd>V1-Send: 0x0503->0x1D02 0x00F0
12-30 22:18:29.893	          linker	[Debug]	        dji_protocol_v3.c:387  <0xe2bc>V3-Recv: 00:003F:001E:0x0801 -> 03:003F:001E:0x0503 0x0099, tLen 30 dLen 9
12-30 22:18:29.893	          linker	[Debug]	        dji_protocol_v3.c:506  0:0x0801 convert to 0028(0x0801)
12-30 22:18:29.894	          linker	[Debug]	        dji_protocol_v3.c:506  3:0x0503 convert to 0065(0x0503)
12-30 22:18:29.894	          linker	[Debug]	        dji_protocol_v3.c:387  <0x1dd>V3-Recv: 00:003F:001E:0x0801 -> 03:003F:001E:0x0503 0x0099, tLen 56 dLen 35
12-30 22:18:29.894	          linker	[Debug]	        dji_protocol_v3.c:506  0:0x0801 convert to 0028(0x0801)
12-30 22:18:29.894	          linker	[Debug]	        dji_protocol_v3.c:506  3:0x0503 convert to 0065(0x0503)
12-30 22:18:29.894	          linker	[Debug]	            dji_command.c:1128  <0xe2bc>Receive msg from linker, 0x0801(0x0028)->0x0503(0x0065) 0x0099 len:9
12-30 22:18:29.894	          linker	[Debug]	            dji_command.c:1076 PsdkCommand_SendSyncCallback success
12-30 22:18:29.894	          linker	[Debug]	            dji_command.c:890  callback function (cmdset: 0x00 cmdid: 0x99) deal time: 0 ms
12-30 22:18:29.894	          linker	[Debug]	            dji_command.c:612  sendSync callback success
12-30 22:18:29.894	          linker	[Debug]	        dji_protocol_v3.c:266  <0xe2be>V3-Send: 03:003F:001E:0x0503 -> 00:003F:001E:0x0801 0x0099, tLen 43 dLen 22
12-30 22:18:29.895	          linker	[Debug]	            dji_command.c:1128  <0x1dd>Receive msg from linker, 0x0801(0x0028)->0x0503(0x0065) 0x0099 len:35
12-30 22:18:29.908	          linker	[Debug]	        dji_protocol_v3.c:387  <0xe2be>V3-Recv: 00:003F:001E:0x0801 -> 03:003F:001E:0x0503 0x0099, tLen 30 dLen 9
12-30 22:18:29.908	          linker	[Debug]	        dji_protocol_v3.c:506  0:0x0801 convert to 0028(0x0801)
12-30 22:18:29.908	          linker	[Debug]	        dji_protocol_v3.c:506  3:0x0503 convert to 0065(0x0503)
12-30 22:18:29.908	          linker	[Debug]	        dji_protocol_v3.c:387  <0x6d99>V3-Recv: 00:003F:001E:0x1204 -> 03:003F:001E:0x0503 0x4900, tLen 23 dLen 2
12-30 22:18:29.908	          linker	[Debug]	        dji_protocol_v3.c:506  0:0x1204 convert to 0092(0x1204)
12-30 22:18:29.908	          linker	[Debug]	            dji_command.c:1128  <0xe2be>Receive msg from linker, 0x0801(0x0028)->0x0503(0x0065) 0x0099 len:9
12-30 22:18:29.908	          linker	[Debug]	        dji_protocol_v3.c:506  3:0x0503 convert to 0065(0x0503)
12-30 22:18:29.908	          linker	[Debug]	            dji_command.c:1076 PsdkCommand_SendSyncCallback success
12-30 22:18:29.908	          linker	[Debug]	            dji_command.c:890  callback function (cmdset: 0x00 cmdid: 0x99) deal time: 0 ms
12-30 22:18:29.908	          linker	[Debug]	            dji_command.c:612  sendSync callback success
12-30 22:18:29.908	             sub	[Debug]	dji_data_subscription_xrce_v3.c:261  Successfully update topic cam_status period to 1000 ms
12-30 22:18:29.908	             sub	[Debug]	dji_data_subscription_dds_v3.c:465  topic cam_status owns 1 subscriber
12-30 22:18:29.908	             sub	[Debug]	dji_camera_manager_ir_manager.c:1485 subscribedTopicTable[1] pos 1 type 0 topic 16777219
12-30 22:18:29.908	             sub	[Debug]	dji_data_subscription_dds_v3.c:425  Start subscribe topic name = cam_lens_state, topic index = 2 @Agent 0x0801 filterhost 0x0100
12-30 22:18:29.908	          linker	[Debug]	        dji_protocol_v3.c:266  <0xe2bf>V3-Send: 03:003F:001E:0x0503 -> 00:003F:001E:0x0801 0x0099, tLen 49 dLen 28
12-30 22:18:29.909	          linker	[Debug]	            dji_command.c:1128  <0x6d99>Receive msg from linker, 0x1204(0x0092)->0x0503(0x0065) 0x4900 len:2
12-30 22:18:29.909	          linker	[Debug]	        dji_protocol_v3.c:266  <0x6d99>V3-Send: 03:003F:001E:0x0503 -> 00:003F:001E:0x1204 0x4900, tLen 23 dLen 2
12-30 22:18:29.920	          linker	[Debug]	        dji_protocol_v3.c:387  <0xe2bf>V3-Recv: 00:003F:001E:0x0801 -> 03:003F:001E:0x0503 0x0099, tLen 30 dLen 9
12-30 22:18:29.920	          linker	[Debug]	        dji_protocol_v3.c:506  0:0x0801 convert to 0028(0x0801)
12-30 22:18:29.920	          linker	[Debug]	        dji_protocol_v3.c:506  3:0x0503 convert to 0065(0x0503)
12-30 22:18:29.920	          linker	[Debug]	        dji_protocol_v3.c:387  <0x1de>V3-Recv: 00:003F:001E:0x0801 -> 03:003F:001E:0x0503 0x0099, tLen 98 dLen 77
12-30 22:18:29.920	          linker	[Debug]	        dji_protocol_v3.c:506  0:0x0801 convert to 0028(0x0801)
12-30 22:18:29.920	          linker	[Debug]	        dji_protocol_v3.c:506  3:0x0503 convert to 0065(0x0503)
12-30 22:18:29.920	          linker	[Debug]	            dji_command.c:1128  <0xe2bf>Receive msg from linker, 0x0801(0x0028)->0x0503(0x0065) 0x0099 len:9
12-30 22:18:29.920	          linker	[Debug]	            dji_command.c:1076 PsdkCommand_SendSyncCallback success
12-30 22:18:29.920	          linker	[Debug]	            dji_command.c:890  callback function (cmdset: 0x00 cmdid: 0x99) deal time: 0 ms
12-30 22:18:29.920	          linker	[Debug]	            dji_command.c:612  sendSync callback success
12-30 22:18:29.920	          linker	[Debug]	        dji_protocol_v3.c:266  <0xe2c0>V3-Send: 03:003F:001E:0x0503 -> 00:003F:001E:0x0801 0x0099, tLen 47 dLen 26
12-30 22:18:29.921	          linker	[Debug]	            dji_command.c:1128  <0x1de>Receive msg from linker, 0x0801(0x0028)->0x0503(0x0065) 0x0099 len:77
12-30 22:18:29.937	          linker	[Debug]	        dji_protocol_v3.c:387  <0xe2c0>V3-Recv: 00:003F:001E:0x0801 -> 03:003F:001E:0x0503 0x0099, tLen 30 dLen 9
12-30 22:18:29.937	          linker	[Debug]	        dji_protocol_v3.c:506  0:0x0801 convert to 0028(0x0801)
12-30 22:18:29.937	          linker	[Debug]	        dji_protocol_v3.c:506  3:0x0503 convert to 0065(0x0503)
12-30 22:18:29.937	          linker	[Debug]	        dji_protocol_v3.c:387  <0x6d9d>V3-Recv: 00:003F:001E:0x1204 -> 03:003F:001E:0x0503 0x22AD, tLen 68 dLen 47
12-30 22:18:29.937	          linker	[Debug]	        dji_protocol_v3.c:506  0:0x1204 convert to 0092(0x1204)
12-30 22:18:29.937	          linker	[Debug]	        dji_protocol_v3.c:506  3:0x0503 convert to 0065(0x0503)
12-30 22:18:29.937	          linker	[Debug]	            dji_command.c:1128  <0xe2c0>Receive msg from linker, 0x0801(0x0028)->0x0503(0x0065) 0x0099 len:9
12-30 22:18:29.937	          linker	[Debug]	            dji_command.c:1076 PsdkCommand_SendSyncCallback success
12-30 22:18:29.937	          linker	[Debug]	            dji_command.c:890  callback function (cmdset: 0x00 cmdid: 0x99) deal time: 0 ms
12-30 22:18:29.937	          linker	[Debug]	            dji_command.c:612  sendSync callback success
12-30 22:18:29.937	             sub	[Debug]	dji_data_subscription_xrce_v3.c:261  Successfully update topic cam_lens_state period to 1000 ms
12-30 22:18:29.938	             sub	[Debug]	dji_data_subscription_dds_v3.c:465  topic cam_lens_state owns 1 subscriber
12-30 22:18:29.938	             sub	[Debug]	dji_camera_manager_ir_manager.c:1485 subscribedTopicTable[2] pos 1 type 0 topic 16777220
12-30 22:18:29.938	             sub	[Debug]	dji_data_subscription_dds_v3.c:425  Start subscribe topic name = cam_photo_param, topic index = 3 @Agent 0x0801 filterhost 0x0100
12-30 22:18:29.938	          linker	[Debug]	        dji_protocol_v3.c:266  <0xe2c1>V3-Send: 03:003F:001E:0x0503 -> 00:003F:001E:0x0801 0x0099, tLen 50 dLen 29
12-30 22:18:29.938	          linker	[Debug]	            dji_command.c:1128  <0x6d9d>Receive msg from linker, 0x1204(0x0092)->0x0503(0x0065) 0x22AD len:47
12-30 22:18:29.939	          linker	[Debug]	            dji_command.c:980  received unsupport request cmd that need ack, <0x6d9d> cmdset: 0x22 cmdid: 0xAD
12-30 22:18:29.957	          linker	[Debug]	        dji_protocol_v3.c:387  <0xe2c1>V3-Recv: 00:003F:001E:0x0801 -> 03:003F:001E:0x0503 0x0099, tLen 30 dLen 9
12-30 22:18:29.957	          linker	[Debug]	        dji_protocol_v3.c:506  0:0x0801 convert to 0028(0x0801)
12-30 22:18:29.957	          linker	[Debug]	        dji_protocol_v3.c:506  3:0x0503 convert to 0065(0x0503)
12-30 22:18:29.957	          linker	[Debug]	        dji_protocol_v3.c:387  <0x1df>V3-Recv: 00:003F:001E:0x0801 -> 03:003F:001E:0x0503 0x0099, tLen 65 dLen 44
12-30 22:18:29.957	          linker	[Debug]	        dji_protocol_v3.c:506  0:0x0801 convert to 0028(0x0801)
12-30 22:18:29.957	          linker	[Debug]	        dji_protocol_v3.c:506  3:0x0503 convert to 0065(0x0503)
12-30 22:18:29.957	          linker	[Debug]	            dji_command.c:1128  <0xe2c1>Receive msg from linker, 0x0801(0x0028)->0x0503(0x0065) 0x0099 len:9
12-30 22:18:29.957	          linker	[Debug]	            dji_command.c:1076 PsdkCommand_SendSyncCallback success
12-30 22:18:29.957	          linker	[Debug]	            dji_command.c:890  callback function (cmdset: 0x00 cmdid: 0x99) deal time: 0 ms
12-30 22:18:29.957	          linker	[Debug]	            dji_command.c:612  sendSync callback success
12-30 22:18:29.957	          linker	[Debug]	        dji_protocol_v3.c:266  <0xe2c2>V3-Send: 03:003F:001E:0x0503 -> 00:003F:001E:0x0801 0x0099, tLen 48 dLen 27
12-30 22:18:29.958	          linker	[Debug]	            dji_command.c:1128  <0x1df>Receive msg from linker, 0x0801(0x0028)->0x0503(0x0065) 0x0099 len:44
12-30 22:18:29.970	          linker	[Debug]	        dji_protocol_v3.c:387  <0xe2c2>V3-Recv: 00:003F:001E:0x0801 -> 03:003F:001E:0x0503 0x0099, tLen 30 dLen 9
12-30 22:18:29.970	          linker	[Debug]	        dji_protocol_v3.c:506  0:0x0801 convert to 0028(0x0801)
12-30 22:18:29.970	          linker	[Debug]	        dji_protocol_v3.c:506  3:0x0503 convert to 0065(0x0503)
12-30 22:18:29.971	          linker	[Debug]	            dji_command.c:1128  <0xe2c2>Receive msg from linker, 0x0801(0x0028)->0x0503(0x0065) 0x0099 len:9
12-30 22:18:29.971	          linker	[Debug]	            dji_command.c:1076 PsdkCommand_SendSyncCallback success
12-30 22:18:29.971	          linker	[Debug]	            dji_command.c:890  callback function (cmdset: 0x00 cmdid: 0x99) deal time: 0 ms
12-30 22:18:29.971	          linker	[Debug]	            dji_command.c:612  sendSync callback success
12-30 22:18:29.971	             sub	[Debug]	dji_data_subscription_xrce_v3.c:261  Successfully update topic cam_photo_param period to 1000 ms
12-30 22:18:29.971	             sub	[Debug]	dji_data_subscription_dds_v3.c:465  topic cam_photo_param owns 1 subscriber
12-30 22:18:29.971	             sub	[Debug]	dji_camera_manager_ir_manager.c:1485 subscribedTopicTable[3] pos 1 type 0 topic 16777221
12-30 22:18:29.971	             sub	[Debug]	dji_data_subscription_dds_v3.c:425  Start subscribe topic name = cam_record_time, topic index = 4 @Agent 0x0801 filterhost 0x0100
12-30 22:18:29.971	          linker	[Debug]	        dji_protocol_v3.c:266  <0xe2c3>V3-Send: 03:003F:001E:0x0503 -> 00:003F:001E:0x0801 0x0099, tLen 50 dLen 29
12-30 22:18:29.986	          linker	[Debug]	        dji_protocol_v3.c:387  <0xe2c3>V3-Recv: 00:003F:001E:0x0801 -> 03:003F:001E:0x0503 0x0099, tLen 30 dLen 9
12-30 22:18:29.986	          linker	[Debug]	        dji_protocol_v3.c:506  0:0x0801 convert to 0028(0x0801)
12-30 22:18:29.986	          linker	[Debug]	        dji_protocol_v3.c:506  3:0x0503 convert to 0065(0x0503)
12-30 22:18:29.986	          linker	[Debug]	        dji_protocol_v3.c:387  <0x1e0>V3-Recv: 00:003F:001E:0x0801 -> 03:003F:001E:0x0503 0x0099, tLen 58 dLen 37
12-30 22:18:29.986	          linker	[Debug]	        dji_protocol_v3.c:506  0:0x0801 convert to 0028(0x0801)
12-30 22:18:29.986	          linker	[Debug]	        dji_protocol_v3.c:506  3:0x0503 convert to 0065(0x0503)
12-30 22:18:29.986	          linker	[Debug]	            dji_command.c:1128  <0xe2c3>Receive msg from linker, 0x0801(0x0028)->0x0503(0x0065) 0x0099 len:9
12-30 22:18:29.986	          linker	[Debug]	            dji_command.c:1076 PsdkCommand_SendSyncCallback success
12-30 22:18:29.986	          linker	[Debug]	            dji_command.c:890  callback function (cmdset: 0x00 cmdid: 0x99) deal time: 0 ms
12-30 22:18:29.986	          linker	[Debug]	            dji_command.c:612  sendSync callback success
12-30 22:18:29.986	          linker	[Debug]	        dji_protocol_v3.c:266  <0xe2c4>V3-Send: 03:003F:001E:0x0503 -> 00:003F:001E:0x0801 0x0099, tLen 48 dLen 27
12-30 22:18:29.987	          linker	[Debug]	            dji_command.c:1128  <0x1e0>Receive msg from linker, 0x0801(0x0028)->0x0503(0x0065) 0x0099 len:37
12-30 22:18:29.999	          linker	[Debug]	        dji_protocol_v3.c:387  <0xe2c4>V3-Recv: 00:003F:001E:0x0801 -> 03:003F:001E:0x0503 0x0099, tLen 30 dLen 9
12-30 22:18:29.999	          linker	[Debug]	        dji_protocol_v3.c:506  0:0x0801 convert to 0028(0x0801)
12-30 22:18:29.999	          linker	[Debug]	        dji_protocol_v3.c:506  3:0x0503 convert to 0065(0x0503)
12-30 22:18:30.000	          linker	[Debug]	            dji_command.c:1128  <0xe2c4>Receive msg from linker, 0x0801(0x0028)->0x0503(0x0065) 0x0099 len:9
12-30 22:18:30.000	          linker	[Debug]	            dji_command.c:1076 PsdkCommand_SendSyncCallback success
12-30 22:18:30.000	          linker	[Debug]	            dji_command.c:890  callback function (cmdset: 0x00 cmdid: 0x99) deal time: 0 ms
12-30 22:18:30.000	          linker	[Debug]	            dji_command.c:612  sendSync callback success
12-30 22:18:30.000	             sub	[Debug]	dji_data_subscription_xrce_v3.c:261  Successfully update topic cam_record_time period to 1000 ms
12-30 22:18:30.000	             sub	[Debug]	dji_data_subscription_dds_v3.c:465  topic cam_record_time owns 1 subscriber
12-30 22:18:30.000	             sub	[Debug]	dji_camera_manager_ir_manager.c:1485 subscribedTopicTable[4] pos 1 type 0 topic 16777222
12-30 22:18:30.000	             sub	[Debug]	dji_data_subscription_dds_v3.c:425  Start subscribe topic name = cam_storage, topic index = 5 @Agent 0x0801 filterhost 0x0100
12-30 22:18:30.000	          linker	[Debug]	        dji_protocol_v3.c:266  <0xe2c5>V3-Send: 03:003F:001E:0x0503 -> 00:003F:001E:0x0801 0x0099, tLen 46 dLen 25
12-30 22:18:30.017	          linker	[Debug]	        dji_protocol_v3.c:387  <0xe2c5>V3-Recv: 00:003F:001E:0x0801 -> 03:003F:001E:0x0503 0x0099, tLen 30 dLen 9
12-30 22:18:30.017	          linker	[Debug]	        dji_protocol_v3.c:506  0:0x0801 convert to 0028(0x0801)
12-30 22:18:30.017	          linker	[Debug]	        dji_protocol_v3.c:506  3:0x0503 convert to 0065(0x0503)
12-30 22:18:30.017	          linker	[Debug]	        dji_protocol_v3.c:387  <0x1e1>V3-Recv: 00:003F:001E:0x0801 -> 03:003F:001E:0x0503 0x0099, tLen 70 dLen 49
12-30 22:18:30.018	          linker	[Debug]	        dji_protocol_v3.c:506  0:0x0801 convert to 0028(0x0801)
12-30 22:18:30.018	          linker	[Debug]	        dji_protocol_v3.c:506  3:0x0503 convert to 0065(0x0503)
12-30 22:18:30.018	          linker	[Debug]	        dji_protocol_v3.c:387  <0x6da9>V3-Recv: 00:003F:001E:0x1204 -> 03:003F:001E:0x0503 0x4900, tLen 23 dLen 2
12-30 22:18:30.018	          linker	[Debug]	        dji_protocol_v3.c:506  0:0x1204 convert to 0092(0x1204)
12-30 22:18:30.018	          linker	[Debug]	        dji_protocol_v3.c:506  3:0x0503 convert to 0065(0x0503)
12-30 22:18:30.018	          linker	[Debug]	            dji_command.c:1128  <0xe2c5>Receive msg from linker, 0x0801(0x0028)->0x0503(0x0065) 0x0099 len:9
12-30 22:18:30.019	          linker	[Debug]	            dji_command.c:1076 PsdkCommand_SendSyncCallback success
12-30 22:18:30.019	          linker	[Debug]	            dji_command.c:890  callback function (cmdset: 0x00 cmdid: 0x99) deal time: 0 ms
12-30 22:18:30.019	          linker	[Debug]	            dji_command.c:612  sendSync callback success
12-30 22:18:30.019	          linker	[Debug]	        dji_protocol_v3.c:266  <0xe2c6>V3-Send: 03:003F:001E:0x0503 -> 00:003F:001E:0x0801 0x0099, tLen 44 dLen 23
12-30 22:18:30.020	          linker	[Debug]	            dji_command.c:1128  <0x1e1>Receive msg from linker, 0x0801(0x0028)->0x0503(0x0065) 0x0099 len:49
12-30 22:18:30.021	          linker	[Debug]	            dji_command.c:1128  <0x6da9>Receive msg from linker, 0x1204(0x0092)->0x0503(0x0065) 0x4900 len:2
12-30 22:18:30.021	          linker	[Debug]	        dji_protocol_v3.c:266  <0x6da9>V3-Send: 03:003F:001E:0x0503 -> 00:003F:001E:0x1204 0x4900, tLen 23 dLen 2
12-30 22:18:30.021	          linker	[Debug]	        dji_protocol_v1.c:189  <0xe2c7>V1-Send: 0x0503->0x1007 0x198B
12-30 22:18:30.021	          linker	[Debug]	        dji_protocol_v3.c:266  <0xe2c8>V3-Send: 03:003F:001E:0x0503 -> 00:003F:001E:0x0200 0x3C10, tLen 85 dLen 64
12-30 22:18:30.021	          linker	[Debug]	        dji_protocol_v3.c:266  <0xe2c9>V3-Send: 03:003F:001E:0x0503 -> 00:003F:001E:0x0300 0x3C10, tLen 85 dLen 64
12-30 22:18:30.021	          linker	[Debug]	        dji_protocol_v3.c:266  <0xe2ca>V3-Send: 03:003F:001E:0x0503 -> 00:003F:001E:0x1104 0x3C10, tLen 85 dLen 64
12-30 22:18:30.021	          linker	[Debug]	        dji_protocol_v3.c:266  <0xe2cb>V3-Send: 03:003F:001E:0x0503 -> 00:003F:001E:0x0701 0x3C10, tLen 85 dLen 64
12-30 22:18:30.022	          linker	[Debug]	        dji_protocol_v3.c:266  <0xe2cc>V3-Send: 03:003F:001E:0x0503 -> 00:003F:001E:0x1100 0x3C10, tLen 85 dLen 64
12-30 22:18:30.028	          linker	[Debug]	        dji_protocol_v3.c:387  <0xe2c6>V3-Recv: 00:003F:001E:0x0801 -> 03:003F:001E:0x0503 0x0099, tLen 30 dLen 9
12-30 22:18:30.028	          linker	[Debug]	        dji_protocol_v3.c:506  0:0x0801 convert to 0028(0x0801)
12-30 22:18:30.028	          linker	[Debug]	        dji_protocol_v3.c:506  3:0x0503 convert to 0065(0x0503)
12-30 22:18:30.028	          linker	[Debug]	        dji_protocol_v3.c:387  <0x6dad>V3-Recv: 00:003F:001E:0x1204 -> 03:003F:001E:0x0503 0x22AD, tLen 68 dLen 47
12-30 22:18:30.028	          linker	[Debug]	        dji_protocol_v3.c:506  0:0x1204 convert to 0092(0x1204)
12-30 22:18:30.028	          linker	[Debug]	        dji_protocol_v3.c:506  3:0x0503 convert to 0065(0x0503)
12-30 22:18:30.029	          linker	[Debug]	            dji_command.c:1128  <0xe2c6>Receive msg from linker, 0x0801(0x0028)->0x0503(0x0065) 0x0099 len:9
12-30 22:18:30.029	          linker	[Debug]	            dji_command.c:1076 PsdkCommand_SendSyncCallback success
12-30 22:18:30.029	          linker	[Debug]	            dji_command.c:890  callback function (cmdset: 0x00 cmdid: 0x99) deal time: 0 ms
12-30 22:18:30.029	          linker	[Debug]	            dji_command.c:612  sendSync callback success
12-30 22:18:30.029	             sub	[Debug]	dji_data_subscription_xrce_v3.c:261  Successfully update topic cam_storage period to 1000 ms
12-30 22:18:30.029	             sub	[Debug]	dji_data_subscription_dds_v3.c:465  topic cam_storage owns 1 subscriber
12-30 22:18:30.029	             sub	[Debug]	dji_camera_manager_ir_manager.c:1485 subscribedTopicTable[5] pos 1 type 0 topic 16777223
12-30 22:18:30.029	             sub	[Debug]	dji_data_subscription_dds_v3.c:425  Start subscribe topic name = cam_expo_param, topic index = 6 @Agent 0x0801 filterhost 0x0100
12-30 22:18:30.029	          linker	[Debug]	        dji_protocol_v3.c:266  <0xe2cd>V3-Send: 03:003F:001E:0x0503 -> 00:003F:001E:0x0801 0x0099, tLen 49 dLen 28
12-30 22:18:30.030	          linker	[Debug]	            dji_command.c:1128  <0x6dad>Receive msg from linker, 0x1204(0x0092)->0x0503(0x0065) 0x22AD len:47
12-30 22:18:30.030	          linker	[Debug]	            dji_command.c:980  received unsupport request cmd that need ack, <0x6dad> cmdset: 0x22 cmdid: 0xAD
12-30 22:18:30.041	          linker	[Debug]	        dji_protocol_v3.c:387  <0xe2cd>V3-Recv: 00:003F:001E:0x0801 -> 03:003F:001E:0x0503 0x0099, tLen 30 dLen 9
12-30 22:18:30.041	          linker	[Debug]	        dji_protocol_v3.c:506  0:0x0801 convert to 0028(0x0801)
12-30 22:18:30.041	          linker	[Debug]	        dji_protocol_v3.c:506  3:0x0503 convert to 0065(0x0503)
12-30 22:18:30.041	          linker	[Debug]	        dji_protocol_v3.c:387  <0x1e2>V3-Recv: 00:003F:001E:0x0801 -> 03:003F:001E:0x0503 0x0099, tLen 95 dLen 74
12-30 22:18:30.041	          linker	[Debug]	        dji_protocol_v3.c:506  0:0x0801 convert to 0028(0x0801)
12-30 22:18:30.041	          linker	[Debug]	        dji_protocol_v3.c:506  3:0x0503 convert to 0065(0x0503)
12-30 22:18:30.041	          linker	[Debug]	            dji_command.c:1128  <0xe2cd>Receive msg from linker, 0x0801(0x0028)->0x0503(0x0065) 0x0099 len:9
12-30 22:18:30.041	          linker	[Debug]	            dji_command.c:1076 PsdkCommand_SendSyncCallback success
12-30 22:18:30.041	          linker	[Debug]	            dji_command.c:890  callback function (cmdset: 0x00 cmdid: 0x99) deal time: 0 ms
12-30 22:18:30.041	          linker	[Debug]	            dji_command.c:612  sendSync callback success
12-30 22:18:30.041	          linker	[Debug]	        dji_protocol_v3.c:266  <0xe2ce>V3-Send: 03:003F:001E:0x0503 -> 00:003F:001E:0x0801 0x0099, tLen 47 dLen 26
12-30 22:18:30.042	          linker	[Debug]	            dji_command.c:1128  <0x1e2>Receive msg from linker, 0x0801(0x0028)->0x0503(0x0065) 0x0099 len:74
12-30 22:18:30.051	          linker	[Debug]	        dji_protocol_v3.c:266  <0xe2cf>V3-Send: 03:003F:001E:0x0503 -> 00:003F:001E:0x0200 0x3C1F, tLen 58 dLen 37
12-30 22:18:30.053	          linker	[Debug]	        dji_protocol_v3.c:387  <0x8754>V3-Recv: 00:003F:001E:0x0300 -> 03:003F:001E:0x0503 0x3C57, tLen 37 dLen 16
12-30 22:18:30.053	          linker	[Debug]	        dji_protocol_v3.c:506  0:0x0300 convert to 0003(0x0300)
12-30 22:18:30.053	          linker	[Debug]	        dji_protocol_v3.c:506  3:0x0503 convert to 0065(0x0503)
12-30 22:18:30.053	          linker	[Debug]	        dji_protocol_v3.c:387  <0xe2ce>V3-Recv: 00:003F:001E:0x0801 -> 03:003F:001E:0x0503 0x0099, tLen 30 dLen 9
12-30 22:18:30.053	          linker	[Debug]	        dji_protocol_v3.c:506  0:0x0801 convert to 0028(0x0801)
12-30 22:18:30.053	          linker	[Debug]	        dji_protocol_v3.c:506  3:0x0503 convert to 0065(0x0503)
12-30 22:18:30.054	          linker	[Debug]	            dji_command.c:1128  <0x8754>Receive msg from linker, 0x0300(0x0003)->0x0503(0x0065) 0x3C57 len:16
12-30 22:18:30.054	          linker	[Debug]	            dji_command.c:980  received unsupport request cmd that noneed ack, <0x8754> cmdset: 0x3C cmdid: 0x57
12-30 22:18:30.056	          linker	[Debug]	            dji_command.c:1128  <0xe2ce>Receive msg from linker, 0x0801(0x0028)->0x0503(0x0065) 0x0099 len:9
12-30 22:18:30.056	          linker	[Debug]	            dji_command.c:1076 PsdkCommand_SendSyncCallback success
12-30 22:18:30.056	          linker	[Debug]	            dji_command.c:890  callback function (cmdset: 0x00 cmdid: 0x99) deal time: 0 ms
12-30 22:18:30.056	          linker	[Debug]	            dji_command.c:612  sendSync callback success
12-30 22:18:30.056	             sub	[Debug]	dji_data_subscription_xrce_v3.c:261  Successfully update topic cam_expo_param period to 1000 ms
12-30 22:18:30.056	             sub	[Debug]	dji_data_subscription_dds_v3.c:465  topic cam_expo_param owns 1 subscriber
12-30 22:18:30.056	             sub	[Debug]	dji_camera_manager_ir_manager.c:1485 subscribedTopicTable[6] pos 1 type 0 topic 16777224
12-30 22:18:30.092	          linker	[Debug]	        dji_protocol_v3.c:266  <0xe2d0>V3-Send: 03:003F:001E:0x0503 -> 00:003F:001E:0x0200 0x3C1B, tLen 77 dLen 56
12-30 22:18:30.108	          linker	[Debug]	        dji_protocol_v3.c:387  <0x6db9>V3-Recv: 00:003F:001E:0x1204 -> 03:003F:001E:0x0503 0x4900, tLen 23 dLen 2
12-30 22:18:30.108	          linker	[Debug]	        dji_protocol_v3.c:506  0:0x1204 convert to 0092(0x1204)
12-30 22:18:30.108	          linker	[Debug]	        dji_protocol_v3.c:506  3:0x0503 convert to 0065(0x0503)
12-30 22:18:30.108	          linker	[Debug]	            dji_command.c:1128  <0x6db9>Receive msg from linker, 0x1204(0x0092)->0x0503(0x0065) 0x4900 len:2
12-30 22:18:30.108	          linker	[Debug]	        dji_protocol_v3.c:266  <0x6db9>V3-Send: 03:003F:001E:0x0503 -> 00:003F:001E:0x1204 0x4900, tLen 23 dLen 2
12-30 22:18:30.128	          linker	[Debug]	        dji_protocol_v3.c:387  <0x6dbd>V3-Recv: 00:003F:001E:0x1204 -> 03:003F:001E:0x0503 0x22AD, tLen 68 dLen 47
12-30 22:18:30.128	          linker	[Debug]	        dji_protocol_v3.c:506  0:0x1204 convert to 0092(0x1204)
12-30 22:18:30.128	          linker	[Debug]	        dji_protocol_v3.c:506  3:0x0503 convert to 0065(0x0503)
12-30 22:18:30.129	          linker	[Debug]	            dji_command.c:1128  <0x6dbd>Receive msg from linker, 0x1204(0x0092)->0x0503(0x0065) 0x22AD len:47
12-30 22:18:30.129	          linker	[Debug]	            dji_command.c:980  received unsupport request cmd that need ack, <0x6dbd> cmdset: 0x22 cmdid: 0xAD
12-30 22:18:30.150	          linker	[Debug]	        dji_protocol_v1.c:309  <0x2030>V1-Recv: 0x0A06->0x0503 0x0866
12-30 22:18:30.151	          linker	[Debug]	            dji_command.c:1128  <0x2030>Receive msg from linker, 0x0A06(0x00CA)->0x0503(0x0065) 0x0866 len:102
12-30 22:18:30.152	          linker	[Debug]	            dji_command.c:980  received unsupport request cmd that noneed ack, <0x2030> cmdset: 0x08 cmdid: 0x66
12-30 22:18:30.204	           utils	[Debug]	          dji_root_task.c:131  work execution time:
12-30 22:18:30.204	           utils	[Debug]	          dji_root_task.c:132  name	                execution time (ms)	  max execution time (ms)
12-30 22:18:30.204	           utils	[Debug]	          dji_root_task.c:134  recorderWork                    	0       	1       
12-30 22:18:30.204	           utils	[Debug]	          dji_root_task.c:134  flowControllerTask              	0       	0       
12-30 22:18:30.204	           utils	[Debug]	          dji_root_task.c:134  commandTask                     	1       	1       
12-30 22:18:30.204	           utils	[Debug]	          dji_root_task.c:134  aircraftWorkNode                	0       	1       
12-30 22:18:30.204	           utils	[Debug]	          dji_root_task.c:134  dataBuriedPointTask             	0       	1       
12-30 22:18:30.204	           utils	[Debug]	          dji_root_task.c:134  StatePushWork                   	1       	1       
12-30 22:18:30.204	           utils	[Debug]	          dji_root_task.c:134  WidgetWork                      	0       	1       
12-30 22:18:30.204	           utils	[Debug]	          dji_root_task.c:134  hmsTask                         	1       	1       
12-30 22:18:30.208	          linker	[Debug]	        dji_protocol_v3.c:387  <0x6dca>V3-Recv: 00:003F:001E:0x1204 -> 03:003F:001E:0x0503 0x4900, tLen 23 dLen 2
12-30 22:18:30.208	          linker	[Debug]	        dji_protocol_v3.c:506  0:0x1204 convert to 0092(0x1204)
12-30 22:18:30.208	          linker	[Debug]	        dji_protocol_v3.c:506  3:0x0503 convert to 0065(0x0503)
12-30 22:18:30.209	          linker	[Debug]	            dji_command.c:1128  <0x6dca>Receive msg from linker, 0x1204(0x0092)->0x0503(0x0065) 0x4900 len:2
12-30 22:18:30.209	          linker	[Debug]	        dji_protocol_v3.c:266  <0x6dca>V3-Send: 03:003F:001E:0x0503 -> 00:003F:001E:0x1204 0x4900, tLen 23 dLen 2
12-30 22:18:30.228	          linker	[Debug]	        dji_protocol_v3.c:387  <0x6dce>V3-Recv: 00:003F:001E:0x1204 -> 03:003F:001E:0x0503 0x22AD, tLen 68 dLen 47
12-30 22:18:30.228	          linker	[Debug]	        dji_protocol_v3.c:506  0:0x1204 convert to 0092(0x1204)
12-30 22:18:30.228	          linker	[Debug]	        dji_protocol_v3.c:506  3:0x0503 convert to 0065(0x0503)
12-30 22:18:30.229	          linker	[Debug]	            dji_command.c:1128  <0x6dce>Receive msg from linker, 0x1204(0x0092)->0x0503(0x0065) 0x22AD len:47
12-30 22:18:30.229	          linker	[Debug]	            dji_command.c:980  received unsupport request cmd that need ack, <0x6dce> cmdset: 0x22 cmdid: 0xAD
12-30 22:18:30.238	          linker	[Debug]	        dji_protocol_v1.c:189  <0xe2d1>V1-Send: 0x0503->0x1007 0x198B
12-30 22:18:30.238	          linker	[Debug]	        dji_protocol_v3.c:266  <0xe2d2>V3-Send: 03:003F:001E:0x0503 -> 00:003F:001E:0x0200 0x3C10, tLen 85 dLen 64
12-30 22:18:30.238	          linker	[Debug]	        dji_protocol_v3.c:266  <0xe2d3>V3-Send: 03:003F:001E:0x0503 -> 00:003F:001E:0x0300 0x3C10, tLen 85 dLen 64
12-30 22:18:30.238	          linker	[Debug]	        dji_protocol_v3.c:266  <0xe2d4>V3-Send: 03:003F:001E:0x0503 -> 00:003F:001E:0x1104 0x3C10, tLen 85 dLen 64
12-30 22:18:30.239	          linker	[Debug]	        dji_protocol_v3.c:266  <0xe2d5>V3-Send: 03:003F:001E:0x0503 -> 00:003F:001E:0x0701 0x3C10, tLen 85 dLen 64
12-30 22:18:30.239	          linker	[Debug]	        dji_protocol_v3.c:266  <0xe2d6>V3-Send: 03:003F:001E:0x0503 -> 00:003F:001E:0x1100 0x3C10, tLen 85 dLen 64
12-30 22:18:30.241	          linker	[Debug]	        dji_protocol_v3.c:387  <0x88b8>V3-Recv: 00:003F:001E:0x0300 -> 03:003F:001E:0x0503 0x3C57, tLen 37 dLen 16
12-30 22:18:30.241	          linker	[Debug]	        dji_protocol_v3.c:506  0:0x0300 convert to 0003(0x0300)
12-30 22:18:30.241	          linker	[Debug]	        dji_protocol_v3.c:506  3:0x0503 convert to 0065(0x0503)
12-30 22:18:30.242	          linker	[Debug]	            dji_command.c:1128  <0x88b8>Receive msg from linker, 0x0300(0x0003)->0x0503(0x0065) 0x3C57 len:16
12-30 22:18:30.242	          linker	[Debug]	            dji_command.c:980  received unsupport request cmd that noneed ack, <0x88b8> cmdset: 0x3C cmdid: 0x57
12-30 22:18:30.252	          linker	[Debug]	        dji_protocol_v3.c:266  <0xe2d7>V3-Send: 03:003F:001E:0x0503 -> 00:003F:001E:0x0200 0x3C1F, tLen 58 dLen 37
12-30 22:18:30.308	          linker	[Debug]	        dji_protocol_v3.c:387  <0x6dda>V3-Recv: 00:003F:001E:0x1204 -> 03:003F:001E:0x0503 0x4900, tLen 23 dLen 2
12-30 22:18:30.308	          linker	[Debug]	        dji_protocol_v3.c:506  0:0x1204 convert to 0092(0x1204)
12-30 22:18:30.308	          linker	[Debug]	        dji_protocol_v3.c:506  3:0x0503 convert to 0065(0x0503)
12-30 22:18:30.308	          linker	[Debug]	            dji_command.c:1128  <0x6dda>Receive msg from linker, 0x1204(0x0092)->0x0503(0x0065) 0x4900 len:2
12-30 22:18:30.308	          linker	[Debug]	        dji_protocol_v3.c:266  <0x6dda>V3-Send: 03:003F:001E:0x0503 -> 00:003F:001E:0x1204 0x4900, tLen 23 dLen 2
12-30 22:18:30.308	          linker	[Debug]	        dji_protocol_v3.c:266  <0xe2d8>V3-Send: 03:003F:001E:0x0503 -> 00:003F:001E:0x0200 0x3C1B, tLen 77 dLen 56
12-30 22:18:30.328	          linker	[Debug]	        dji_protocol_v3.c:387  <0x6dde>V3-Recv: 00:003F:001E:0x1204 -> 03:003F:001E:0x0503 0x22AD, tLen 68 dLen 47
12-30 22:18:30.328	          linker	[Debug]	        dji_protocol_v3.c:506  0:0x1204 convert to 0092(0x1204)
12-30 22:18:30.328	          linker	[Debug]	        dji_protocol_v3.c:506  3:0x0503 convert to 0065(0x0503)
12-30 22:18:30.329	          linker	[Debug]	            dji_command.c:1128  <0x6dde>Receive msg from linker, 0x1204(0x0092)->0x0503(0x0065) 0x22AD len:47
12-30 22:18:30.329	          linker	[Debug]	            dji_command.c:980  received unsupport request cmd that need ack, <0x6dde> cmdset: 0x22 cmdid: 0xAD
12-30 22:18:30.386	          linker	[Debug]	        dji_protocol_v3.c:387  <0xe17f>V3-Recv: 00:0001:0000:0x0202 -> 03:0000:0001:0x0503 0x3C1C, tLen 28 dLen 7
12-30 22:18:30.386	          linker	[Debug]	        dji_protocol_v3.c:506  0:0x0202 convert to 0042(0x0202)
12-30 22:18:30.386	          linker	[Debug]	        dji_protocol_v3.c:506  3:0x0503 convert to 0065(0x0503)
12-30 22:18:30.387	          linker	[Debug]	            dji_command.c:1128  <0xe17f>Receive msg from linker, 0x0202(0x0042)->0x0503(0x0065) 0x3C1C len:7
12-30 22:18:30.405	          linker	[Debug]	        dji_protocol_v3.c:387  <0xe180>V3-Recv: 00:0001:0000:0x0202 -> 03:0000:0001:0x0503 0x3C25, tLen 23 dLen 2
12-30 22:18:30.405	          linker	[Debug]	        dji_protocol_v3.c:506  0:0x0202 convert to 0042(0x0202)
12-30 22:18:30.405	          linker	[Debug]	        dji_protocol_v3.c:506  3:0x0503 convert to 0065(0x0503)
12-30 22:18:30.405	          linker	[Debug]	            dji_command.c:1128  <0xe180>Receive msg from linker, 0x0202(0x0042)->0x0503(0x0065) 0x3C25 len:2
12-30 22:18:30.405	          linker	[Debug]	            dji_command.c:980  received unsupport request cmd that need ack, <0xe180> cmdset: 0x3C cmdid: 0x25
12-30 22:18:30.419	          linker	[Debug]	        dji_protocol_v3.c:387  <0x6dea>V3-Recv: 00:003F:001E:0x1204 -> 03:003F:001E:0x0503 0x4900, tLen 23 dLen 2
12-30 22:18:30.419	          linker	[Debug]	        dji_protocol_v3.c:506  0:0x1204 convert to 0092(0x1204)
12-30 22:18:30.419	          linker	[Debug]	        dji_protocol_v3.c:506  3:0x0503 convert to 0065(0x0503)
12-30 22:18:30.420	          linker	[Debug]	            dji_command.c:1128  <0x6dea>Receive msg from linker, 0x1204(0x0092)->0x0503(0x0065) 0x4900 len:2
12-30 22:18:30.420	          linker	[Debug]	        dji_protocol_v3.c:266  <0x6dea>V3-Send: 03:003F:001E:0x0503 -> 00:003F:001E:0x1204 0x4900, tLen 23 dLen 2
12-30 22:18:30.437	          linker	[Debug]	        dji_protocol_v3.c:387  <0x6dee>V3-Recv: 00:003F:001E:0x1204 -> 03:003F:001E:0x0503 0x22AD, tLen 68 dLen 47
12-30 22:18:30.438	          linker	[Debug]	        dji_protocol_v3.c:506  0:0x1204 convert to 0092(0x1204)
12-30 22:18:30.438	          linker	[Debug]	        dji_protocol_v3.c:506  3:0x0503 convert to 0065(0x0503)
12-30 22:18:30.439	          linker	[Debug]	            dji_command.c:1128  <0x6dee>Receive msg from linker, 0x1204(0x0092)->0x0503(0x0065) 0x22AD len:47
12-30 22:18:30.439	          linker	[Debug]	            dji_command.c:980  received unsupport request cmd that need ack, <0x6dee> cmdset: 0x22 cmdid: 0xAD
12-30 22:18:30.451	          linker	[Debug]	        dji_protocol_v3.c:387  <0x8a15>V3-Recv: 00:003F:001E:0x0300 -> 03:003F:001E:0x0503 0x3C57, tLen 37 dLen 16
12-30 22:18:30.451	          linker	[Debug]	        dji_protocol_v3.c:506  0:0x0300 convert to 0003(0x0300)
12-30 22:18:30.451	          linker	[Debug]	        dji_protocol_v3.c:506  3:0x0503 convert to 0065(0x0503)
12-30 22:18:30.452	          linker	[Debug]	            dji_command.c:1128  <0x8a15>Receive msg from linker, 0x0300(0x0003)->0x0503(0x0065) 0x3C57 len:16
12-30 22:18:30.452	          linker	[Debug]	            dji_command.c:980  received unsupport request cmd that noneed ack, <0x8a15> cmdset: 0x3C cmdid: 0x57
12-30 22:18:30.452	          linker	[Debug]	        dji_protocol_v3.c:266  <0xe2d9>V3-Send: 03:003F:001E:0x0503 -> 00:003F:001E:0x0200 0x3C1F, tLen 58 dLen 37
12-30 22:18:30.454	          linker	[Debug]	        dji_protocol_v1.c:189  <0xe2da>V1-Send: 0x0503->0x1007 0x198B
12-30 22:18:30.454	          linker	[Debug]	        dji_protocol_v3.c:266  <0xe2db>V3-Send: 03:003F:001E:0x0503 -> 00:003F:001E:0x0200 0x3C10, tLen 85 dLen 64
12-30 22:18:30.454	          linker	[Debug]	        dji_protocol_v3.c:266  <0xe2dc>V3-Send: 03:003F:001E:0x0503 -> 00:003F:001E:0x0300 0x3C10, tLen 85 dLen 64
12-30 22:18:30.454	          linker	[Debug]	        dji_protocol_v3.c:266  <0xe2dd>V3-Send: 03:003F:001E:0x0503 -> 00:003F:001E:0x1104 0x3C10, tLen 85 dLen 64
12-30 22:18:30.455	          linker	[Debug]	        dji_protocol_v3.c:266  <0xe2de>V3-Send: 03:003F:001E:0x0503 -> 00:003F:001E:0x0701 0x3C10, tLen 85 dLen 64
12-30 22:18:30.455	          linker	[Debug]	        dji_protocol_v3.c:266  <0xe2df>V3-Send: 03:003F:001E:0x0503 -> 00:003F:001E:0x1100 0x3C10, tLen 85 dLen 64
12-30 22:18:30.468	          linker	[Debug]	        dji_protocol_v3.c:387  <0x1e3>V3-Recv: 00:003F:001E:0x0801 -> 03:003F:001E:0x0503 0x0099, tLen 56 dLen 35
12-30 22:18:30.468	          linker	[Debug]	        dji_protocol_v3.c:506  0:0x0801 convert to 0028(0x0801)
12-30 22:18:30.468	          linker	[Debug]	        dji_protocol_v3.c:506  3:0x0503 convert to 0065(0x0503)
12-30 22:18:30.468	          linker	[Debug]	            dji_command.c:1128  <0x1e3>Receive msg from linker, 0x0801(0x0028)->0x0503(0x0065) 0x0099 len:35
12-30 22:18:30.508	          linker	[Debug]	        dji_protocol_v3.c:387  <0x6dfa>V3-Recv: 00:003F:001E:0x1204 -> 03:003F:001E:0x0503 0x4900, tLen 23 dLen 2
12-30 22:18:30.508	          linker	[Debug]	        dji_protocol_v3.c:506  0:0x1204 convert to 0092(0x1204)
12-30 22:18:30.508	          linker	[Debug]	        dji_protocol_v3.c:506  3:0x0503 convert to 0065(0x0503)
12-30 22:18:30.509	          linker	[Debug]	            dji_command.c:1128  <0x6dfa>Receive msg from linker, 0x1204(0x0092)->0x0503(0x0065) 0x4900 len:2
12-30 22:18:30.509	          linker	[Debug]	        dji_protocol_v3.c:266  <0x6dfa>V3-Send: 03:003F:001E:0x0503 -> 00:003F:001E:0x1204 0x4900, tLen 23 dLen 2
12-30 22:18:30.525	          linker	[Debug]	        dji_protocol_v3.c:266  <0xe2e0>V3-Send: 03:003F:001E:0x0503 -> 00:003F:001E:0x0200 0x3C1B, tLen 77 dLen 56
12-30 22:18:30.528	          linker	[Debug]	        dji_protocol_v3.c:387  <0x6dfe>V3-Recv: 00:003F:001E:0x1204 -> 03:003F:001E:0x0503 0x22AD, tLen 68 dLen 47
12-30 22:18:30.528	          linker	[Debug]	        dji_protocol_v3.c:506  0:0x1204 convert to 0092(0x1204)
12-30 22:18:30.528	          linker	[Debug]	        dji_protocol_v3.c:506  3:0x0503 convert to 0065(0x0503)
12-30 22:18:30.528	          linker	[Debug]	            dji_command.c:1128  <0x6dfe>Receive msg from linker, 0x1204(0x0092)->0x0503(0x0065) 0x22AD len:47
12-30 22:18:30.528	          linker	[Debug]	            dji_command.c:980  received unsupport request cmd that need ack, <0x6dfe> cmdset: 0x22 cmdid: 0xAD
12-30 22:18:30.540	          linker	[Debug]	        dji_protocol_v3.c:387  <0x1e4>V3-Recv: 00:003F:001E:0x0801 -> 03:003F:001E:0x0503 0x0099, tLen 95 dLen 74
12-30 22:18:30.540	          linker	[Debug]	        dji_protocol_v3.c:506  0:0x0801 convert to 0028(0x0801)
12-30 22:18:30.540	          linker	[Debug]	        dji_protocol_v3.c:506  3:0x0503 convert to 0065(0x0503)
12-30 22:18:30.540	          linker	[Debug]	        dji_protocol_v3.c:387  <0x1e5>V3-Recv: 00:003F:001E:0x0801 -> 03:003F:001E:0x0503 0x0099, tLen 65 dLen 44
12-30 22:18:30.540	          linker	[Debug]	        dji_protocol_v3.c:506  0:0x0801 convert to 0028(0x0801)
12-30 22:18:30.540	          linker	[Debug]	        dji_protocol_v3.c:506  3:0x0503 convert to 0065(0x0503)
12-30 22:18:30.540	          linker	[Debug]	        dji_protocol_v3.c:387  <0x1e6>V3-Recv: 00:003F:001E:0x0801 -> 03:003F:001E:0x0503 0x0099, tLen 98 dLen 77
12-30 22:18:30.540	          linker	[Debug]	        dji_protocol_v3.c:506  0:0x0801 convert to 0028(0x0801)
12-30 22:18:30.540	          linker	[Debug]	        dji_protocol_v3.c:506  3:0x0503 convert to 0065(0x0503)
12-30 22:18:30.540	          linker	[Debug]	            dji_command.c:1128  <0x1e4>Receive msg from linker, 0x0801(0x0028)->0x0503(0x0065) 0x0099 len:74
12-30 22:18:30.541	          linker	[Debug]	            dji_command.c:1128  <0x1e5>Receive msg from linker, 0x0801(0x0028)->0x0503(0x0065) 0x0099 len:44
12-30 22:18:30.542	          linker	[Debug]	            dji_command.c:1128  <0x1e6>Receive msg from linker, 0x0801(0x0028)->0x0503(0x0065) 0x0099 len:77
12-30 22:18:30.586	          linker	[Debug]	        dji_protocol_v3.c:387  <0xdfb8>V3-Recv: 00:0001:0000:0x0202 -> 03:0000:0001:0x0503 0x3C20, tLen 22 dLen 1
12-30 22:18:30.587	          linker	[Debug]	        dji_protocol_v3.c:506  0:0x0202 convert to 0042(0x0202)
12-30 22:18:30.587	          linker	[Debug]	        dji_protocol_v3.c:506  3:0x0503 convert to 0065(0x0503)
12-30 22:18:30.588	          linker	[Debug]	            dji_command.c:1128  <0xdfb8>Receive msg from linker, 0x0202(0x0042)->0x0503(0x0065) 0x3C20 len:1
12-30 22:18:30.588	          linker	[Debug]	            dji_command.c:980  received unsupport request cmd that need ack, <0xdfb8> cmdset: 0x3C cmdid: 0x20
12-30 22:18:30.608	          linker	[Debug]	        dji_protocol_v3.c:387  <0x6e0a>V3-Recv: 00:003F:001E:0x1204 -> 03:003F:001E:0x0503 0x4900, tLen 23 dLen 2
12-30 22:18:30.608	          linker	[Debug]	        dji_protocol_v3.c:506  0:0x1204 convert to 0092(0x1204)
12-30 22:18:30.608	          linker	[Debug]	        dji_protocol_v3.c:506  3:0x0503 convert to 0065(0x0503)
12-30 22:18:30.609	          linker	[Debug]	            dji_command.c:1128  <0x6e0a>Receive msg from linker, 0x1204(0x0092)->0x0503(0x0065) 0x4900 len:2
12-30 22:18:30.609	          linker	[Debug]	        dji_protocol_v3.c:266  <0x6e0a>V3-Send: 03:003F:001E:0x0503 -> 00:003F:001E:0x1204 0x4900, tLen 23 dLen 2
12-30 22:18:30.628	          linker	[Debug]	        dji_protocol_v3.c:387  <0x6e0e>V3-Recv: 00:003F:001E:0x1204 -> 03:003F:001E:0x0503 0x22AD, tLen 68 dLen 47
12-30 22:18:30.628	          linker	[Debug]	        dji_protocol_v3.c:506  0:0x1204 convert to 0092(0x1204)
12-30 22:18:30.628	          linker	[Debug]	        dji_protocol_v3.c:506  3:0x0503 convert to 0065(0x0503)
12-30 22:18:30.628	          linker	[Debug]	            dji_command.c:1128  <0x6e0e>Receive msg from linker, 0x1204(0x0092)->0x0503(0x0065) 0x22AD len:47
12-30 22:18:30.628	          linker	[Debug]	            dji_command.c:980  received unsupport request cmd that need ack, <0x6e0e> cmdset: 0x22 cmdid: 0xAD
12-30 22:18:30.641	          linker	[Debug]	        dji_protocol_v3.c:387  <0x8b7d>V3-Recv: 00:003F:001E:0x0300 -> 03:003F:001E:0x0503 0x3C57, tLen 37 dLen 16
12-30 22:18:30.641	          linker	[Debug]	        dji_protocol_v3.c:506  0:0x0300 convert to 0003(0x0300)
12-30 22:18:30.641	          linker	[Debug]	        dji_protocol_v3.c:506  3:0x0503 convert to 0065(0x0503)
12-30 22:18:30.642	          linker	[Debug]	            dji_command.c:1128  <0x8b7d>Receive msg from linker, 0x0300(0x0003)->0x0503(0x0065) 0x3C57 len:16
12-30 22:18:30.642	          linker	[Debug]	            dji_command.c:980  received unsupport request cmd that noneed ack, <0x8b7d> cmdset: 0x3C cmdid: 0x57
12-30 22:18:30.650	          linker	[Debug]	        dji_protocol_v1.c:309  <0x2030>V1-Recv: 0x0A06->0x0503 0x0866
12-30 22:18:30.651	          linker	[Debug]	            dji_command.c:1128  <0x2030>Receive msg from linker, 0x0A06(0x00CA)->0x0503(0x0065) 0x0866 len:102
12-30 22:18:30.651	          linker	[Debug]	            dji_command.c:980  received unsupport request cmd that noneed ack, <0x2030> cmdset: 0x08 cmdid: 0x66
12-30 22:18:30.652	          linker	[Debug]	        dji_protocol_v3.c:266  <0xe2e1>V3-Send: 03:003F:001E:0x0503 -> 00:003F:001E:0x0200 0x3C1F, tLen 58 dLen 37
12-30 22:18:30.671	          linker	[Debug]	        dji_protocol_v1.c:189  <0xe2e2>V1-Send: 0x0503->0x1007 0x198B
12-30 22:18:30.671	          linker	[Debug]	        dji_protocol_v3.c:266  <0xe2e3>V3-Send: 03:003F:001E:0x0503 -> 00:003F:001E:0x0200 0x3C10, tLen 85 dLen 64
12-30 22:18:30.671	          linker	[Debug]	        dji_protocol_v3.c:266  <0xe2e4>V3-Send: 03:003F:001E:0x0503 -> 00:003F:001E:0x0300 0x3C10, tLen 85 dLen 64
12-30 22:18:30.671	          linker	[Debug]	        dji_protocol_v3.c:266  <0xe2e5>V3-Send: 03:003F:001E:0x0503 -> 00:003F:001E:0x1104 0x3C10, tLen 85 dLen 64
12-30 22:18:30.671	          linker	[Debug]	        dji_protocol_v3.c:266  <0xe2e6>V3-Send: 03:003F:001E:0x0503 -> 00:003F:001E:0x0701 0x3C10, tLen 85 dLen 64
12-30 22:18:30.671	          linker	[Debug]	        dji_protocol_v3.c:266  <0xe2e7>V3-Send: 03:003F:001E:0x0503 -> 00:003F:001E:0x1100 0x3C10, tLen 85 dLen 64
12-30 22:18:30.708	          linker	[Debug]	        dji_protocol_v3.c:387  <0x6e16>V3-Recv: 00:003F:001E:0x1204 -> 03:003F:001E:0x0503 0x4900, tLen 23 dLen 2
12-30 22:18:30.708	          linker	[Debug]	        dji_protocol_v3.c:506  0:0x1204 convert to 0092(0x1204)
12-30 22:18:30.708	          linker	[Debug]	        dji_protocol_v3.c:506  3:0x0503 convert to 0065(0x0503)
12-30 22:18:30.709	          linker	[Debug]	            dji_command.c:1128  <0x6e16>Receive msg from linker, 0x1204(0x0092)->0x0503(0x0065) 0x4900 len:2
12-30 22:18:30.709	          linker	[Debug]	        dji_protocol_v3.c:266  <0x6e16>V3-Send: 03:003F:001E:0x0503 -> 00:003F:001E:0x1204 0x4900, tLen 23 dLen 2
12-30 22:18:30.728	          linker	[Debug]	        dji_protocol_v3.c:387  <0x6e1e>V3-Recv: 00:003F:001E:0x1204 -> 03:003F:001E:0x0503 0x22AD, tLen 68 dLen 47
12-30 22:18:30.728	          linker	[Debug]	        dji_protocol_v3.c:506  0:0x1204 convert to 0092(0x1204)
12-30 22:18:30.728	          linker	[Debug]	        dji_protocol_v3.c:506  3:0x0503 convert to 0065(0x0503)
12-30 22:18:30.729	          linker	[Debug]	            dji_command.c:1128  <0x6e1e>Receive msg from linker, 0x1204(0x0092)->0x0503(0x0065) 0x22AD len:47
12-30 22:18:30.729	          linker	[Debug]	            dji_command.c:980  received unsupport request cmd that need ack, <0x6e1e> cmdset: 0x22 cmdid: 0xAD
12-30 22:18:30.739	          linker	[Debug]	        dji_protocol_v3.c:387  <0x1e7>V3-Recv: 00:003F:001E:0x0801 -> 03:003F:001E:0x0503 0x0099, tLen 70 dLen 49
12-30 22:18:30.739	          linker	[Debug]	        dji_protocol_v3.c:506  0:0x0801 convert to 0028(0x0801)
12-30 22:18:30.739	          linker	[Debug]	        dji_protocol_v3.c:506  3:0x0503 convert to 0065(0x0503)
12-30 22:18:30.739	          linker	[Debug]	            dji_command.c:1128  <0x1e7>Receive msg from linker, 0x0801(0x0028)->0x0503(0x0065) 0x0099 len:49
12-30 22:18:30.742	          linker	[Debug]	        dji_protocol_v3.c:266  <0xe2e8>V3-Send: 03:003F:001E:0x0503 -> 00:003F:001E:0x0200 0x3C1B, tLen 77 dLen 56
12-30 22:18:30.747	          linker	[Debug]	        dji_protocol_v3.c:266  <0xe2e9>V3-Send: 03:003F:001E:0x0503 -> 00:003F:001E:0x0801 0x0000, tLen 21 dLen 0
12-30 22:18:30.747	           infor	[Debug]	dji_aircraft_connection.c:170  check connect status:1
12-30 22:18:30.757	          linker	[Debug]	        dji_protocol_v3.c:387  <0xe2e9>V3-Recv: 00:003F:001E:0x0801 -> 03:003F:001E:0x0503 0x0000, tLen 22 dLen 1
12-30 22:18:30.757	          linker	[Debug]	        dji_protocol_v3.c:506  0:0x0801 convert to 0028(0x0801)
12-30 22:18:30.757	          linker	[Debug]	        dji_protocol_v3.c:506  3:0x0503 convert to 0065(0x0503)
12-30 22:18:30.757	          linker	[Debug]	            dji_command.c:1128  <0xe2e9>Receive msg from linker, 0x0801(0x0028)->0x0503(0x0065) 0x0000 len:1
12-30 22:18:30.757	           infor	[Debug]	dji_aircraft_connection.c:303  connect status async sucess
12-30 22:18:30.757	          linker	[Debug]	            dji_command.c:890  callback function (cmdset: 0x00 cmdid: 0x00) deal time: 0 ms
12-30 22:18:30.808	          linker	[Debug]	        dji_protocol_v3.c:387  <0x6e2a>V3-Recv: 00:003F:001E:0x1204 -> 03:003F:001E:0x0503 0x4900, tLen 23 dLen 2
12-30 22:18:30.808	          linker	[Debug]	        dji_protocol_v3.c:506  0:0x1204 convert to 0092(0x1204)
12-30 22:18:30.808	          linker	[Debug]	        dji_protocol_v3.c:506  3:0x0503 convert to 0065(0x0503)
12-30 22:18:30.809	          linker	[Debug]	            dji_command.c:1128  <0x6e2a>Receive msg from linker, 0x1204(0x0092)->0x0503(0x0065) 0x4900 len:2
12-30 22:18:30.809	          linker	[Debug]	        dji_protocol_v3.c:266  <0x6e2a>V3-Send: 03:003F:001E:0x0503 -> 00:003F:001E:0x1204 0x4900, tLen 23 dLen 2
12-30 22:18:30.828	          linker	[Debug]	        dji_protocol_v3.c:387  <0x6e2e>V3-Recv: 00:003F:001E:0x1204 -> 03:003F:001E:0x0503 0x22AD, tLen 68 dLen 47
12-30 22:18:30.828	          linker	[Debug]	        dji_protocol_v3.c:506  0:0x1204 convert to 0092(0x1204)
12-30 22:18:30.828	          linker	[Debug]	        dji_protocol_v3.c:506  3:0x0503 convert to 0065(0x0503)
12-30 22:18:30.829	          linker	[Debug]	            dji_command.c:1128  <0x6e2e>Receive msg from linker, 0x1204(0x0092)->0x0503(0x0065) 0x22AD len:47
12-30 22:18:30.829	          linker	[Debug]	            dji_command.c:980  received unsupport request cmd that need ack, <0x6e2e> cmdset: 0x22 cmdid: 0xAD
12-30 22:18:30.841	          linker	[Debug]	        dji_protocol_v3.c:387  <0x8cff>V3-Recv: 00:003F:001E:0x0300 -> 03:003F:001E:0x0503 0x3C57, tLen 37 dLen 16
12-30 22:18:30.841	          linker	[Debug]	        dji_protocol_v3.c:506  0:0x0300 convert to 0003(0x0300)
12-30 22:18:30.841	          linker	[Debug]	        dji_protocol_v3.c:506  3:0x0503 convert to 0065(0x0503)
12-30 22:18:30.842	          linker	[Debug]	            dji_command.c:1128  <0x8cff>Receive msg from linker, 0x0300(0x0003)->0x0503(0x0065) 0x3C57 len:16
12-30 22:18:30.842	          linker	[Debug]	            dji_command.c:980  received unsupport request cmd that noneed ack, <0x8cff> cmdset: 0x3C cmdid: 0x57
12-30 22:18:30.852	          linker	[Debug]	        dji_protocol_v3.c:266  <0xe2ea>V3-Send: 03:003F:001E:0x0503 -> 00:003F:001E:0x0200 0x3C1F, tLen 58 dLen 37
12-30 22:18:30.855	          linker	[Debug]	        dji_protocol_v3.c:387  <0x6e34>V3-Recv: 00:003F:001E:0x1204 -> 03:003F:001E:0x0503 0x0000, tLen 22 dLen 1
12-30 22:18:30.855	          linker	[Debug]	        dji_protocol_v3.c:506  0:0x1204 convert to 0092(0x1204)
12-30 22:18:30.855	          linker	[Debug]	        dji_protocol_v3.c:506  3:0x0503 convert to 0065(0x0503)
12-30 22:18:30.856	          linker	[Debug]	            dji_command.c:1128  <0x6e34>Receive msg from linker, 0x1204(0x0092)->0x0503(0x0065) 0x0000 len:1
12-30 22:18:30.856	          linker	[Debug]	        dji_protocol_v3.c:266  <0x6e34>V3-Send: 03:003F:001E:0x0503 -> 00:003F:001E:0x1204 0x0000, tLen 22 dLen 1
12-30 22:18:30.887	          linker	[Debug]	        dji_protocol_v1.c:189  <0xe2eb>V1-Send: 0x0503->0x1007 0x198B
12-30 22:18:30.887	          linker	[Debug]	        dji_protocol_v3.c:266  <0xe2ec>V3-Send: 03:003F:001E:0x0503 -> 00:003F:001E:0x0200 0x3C10, tLen 85 dLen 64
12-30 22:18:30.887	          linker	[Debug]	        dji_protocol_v3.c:266  <0xe2ed>V3-Send: 03:003F:001E:0x0503 -> 00:003F:001E:0x0300 0x3C10, tLen 85 dLen 64
12-30 22:18:30.888	          linker	[Debug]	        dji_protocol_v3.c:266  <0xe2ee>V3-Send: 03:003F:001E:0x0503 -> 00:003F:001E:0x1104 0x3C10, tLen 85 dLen 64
12-30 22:18:30.888	          linker	[Debug]	        dji_protocol_v3.c:266  <0xe2ef>V3-Send: 03:003F:001E:0x0503 -> 00:003F:001E:0x0701 0x3C10, tLen 85 dLen 64
12-30 22:18:30.888	          linker	[Debug]	        dji_protocol_v3.c:266  <0xe2f0>V3-Send: 03:003F:001E:0x0503 -> 00:003F:001E:0x1100 0x3C10, tLen 85 dLen 64
12-30 22:18:30.908	          linker	[Debug]	        dji_protocol_v3.c:387  <0x6e3c>V3-Recv: 00:003F:001E:0x1204 -> 03:003F:001E:0x0503 0x4900, tLen 23 dLen 2
12-30 22:18:30.908	          linker	[Debug]	        dji_protocol_v3.c:506  0:0x1204 convert to 0092(0x1204)
12-30 22:18:30.908	          linker	[Debug]	        dji_protocol_v3.c:506  3:0x0503 convert to 0065(0x0503)
12-30 22:18:30.909	          linker	[Debug]	            dji_command.c:1128  <0x6e3c>Receive msg from linker, 0x1204(0x0092)->0x0503(0x0065) 0x4900 len:2
12-30 22:18:30.909	          linker	[Debug]	        dji_protocol_v3.c:266  <0x6e3c>V3-Send: 03:003F:001E:0x0503 -> 00:003F:001E:0x1204 0x4900, tLen 23 dLen 2
12-30 22:18:30.928	          linker	[Debug]	        dji_protocol_v3.c:387  <0x6e40>V3-Recv: 00:003F:001E:0x1204 -> 03:003F:001E:0x0503 0x22AD, tLen 68 dLen 47
12-30 22:18:30.928	          linker	[Debug]	        dji_protocol_v3.c:506  0:0x1204 convert to 0092(0x1204)
12-30 22:18:30.928	          linker	[Debug]	        dji_protocol_v3.c:506  3:0x0503 convert to 0065(0x0503)
12-30 22:18:30.929	          linker	[Debug]	            dji_command.c:1128  <0x6e40>Receive msg from linker, 0x1204(0x0092)->0x0503(0x0065) 0x22AD len:47
12-30 22:18:30.929	          linker	[Debug]	            dji_command.c:980  received unsupport request cmd that need ack, <0x6e40> cmdset: 0x22 cmdid: 0xAD
12-30 22:18:30.958	          linker	[Debug]	        dji_protocol_v3.c:266  <0xe2f1>V3-Send: 03:003F:001E:0x0503 -> 00:003F:001E:0x0200 0x3C1B, tLen 77 dLen 56
12-30 22:18:30.964	          linker	[Debug]	        dji_protocol_v3.c:387  <0x1e8>V3-Recv: 00:003F:001E:0x0801 -> 03:003F:001E:0x0503 0x0099, tLen 58 dLen 37
12-30 22:18:30.964	          linker	[Debug]	        dji_protocol_v3.c:506  0:0x0801 convert to 0028(0x0801)
12-30 22:18:30.964	          linker	[Debug]	        dji_protocol_v3.c:506  3:0x0503 convert to 0065(0x0503)
12-30 22:18:30.965	          linker	[Debug]	            dji_command.c:1128  <0x1e8>Receive msg from linker, 0x0801(0x0028)->0x0503(0x0065) 0x0099 len:37
12-30 22:18:31.008	          linker	[Debug]	        dji_protocol_v3.c:387  <0x6e4c>V3-Recv: 00:003F:001E:0x1204 -> 03:003F:001E:0x0503 0x4900, tLen 23 dLen 2
12-30 22:18:31.008	          linker	[Debug]	        dji_protocol_v3.c:506  0:0x1204 convert to 0092(0x1204)
12-30 22:18:31.008	          linker	[Debug]	        dji_protocol_v3.c:506  3:0x0503 convert to 0065(0x0503)
12-30 22:18:31.009	          linker	[Debug]	            dji_command.c:1128  <0x6e4c>Receive msg from linker, 0x1204(0x0092)->0x0503(0x0065) 0x4900 len:2
12-30 22:18:31.009	          linker	[Debug]	        dji_protocol_v3.c:266  <0x6e4c>V3-Send: 03:003F:001E:0x0503 -> 00:003F:001E:0x1204 0x4900, tLen 23 dLen 2
12-30 22:18:31.028	          linker	[Debug]	        dji_protocol_v3.c:387  <0x6e50>V3-Recv: 00:003F:001E:0x1204 -> 03:003F:001E:0x0503 0x22AD, tLen 68 dLen 47
12-30 22:18:31.028	          linker	[Debug]	        dji_protocol_v3.c:506  0:0x1204 convert to 0092(0x1204)
12-30 22:18:31.028	          linker	[Debug]	        dji_protocol_v3.c:506  3:0x0503 convert to 0065(0x0503)
12-30 22:18:31.028	          linker	[Debug]	            dji_command.c:1128  <0x6e50>Receive msg from linker, 0x1204(0x0092)->0x0503(0x0065) 0x22AD len:47
12-30 22:18:31.028	          linker	[Debug]	            dji_command.c:980  received unsupport request cmd that need ack, <0x6e50> cmdset: 0x22 cmdid: 0xAD
12-30 22:18:31.041	          linker	[Debug]	        dji_protocol_v3.c:387  <0x8e7e>V3-Recv: 00:003F:001E:0x0300 -> 03:003F:001E:0x0503 0x3C57, tLen 37 dLen 16
12-30 22:18:31.041	          linker	[Debug]	        dji_protocol_v3.c:506  0:0x0300 convert to 0003(0x0300)
12-30 22:18:31.041	          linker	[Debug]	        dji_protocol_v3.c:506  3:0x0503 convert to 0065(0x0503)
12-30 22:18:31.042	          linker	[Debug]	            dji_command.c:1128  <0x8e7e>Receive msg from linker, 0x0300(0x0003)->0x0503(0x0065) 0x3C57 len:16
12-30 22:18:31.043	          linker	[Debug]	            dji_command.c:980  received unsupport request cmd that noneed ack, <0x8e7e> cmdset: 0x3C cmdid: 0x57
12-30 22:18:31.052	          linker	[Debug]	        dji_protocol_v3.c:266  <0xe2f2>V3-Send: 03:003F:001E:0x0503 -> 00:003F:001E:0x0200 0x3C1F, tLen 58 dLen 37
12-30 22:18:31.056	            user	[Info]	                 main.cpp:78   --> Step 2: Get camera type and version
12-30 22:18:31.056	          linker	[Debug]	        dji_protocol_v3.c:266  <0xe2f3>V3-Send: 03:003F:001E:0x0503 -> 01:003F:001E:0x0100 0x0001, tLen 21 dLen 0
12-30 22:18:31.061	          linker	[Debug]	        dji_protocol_v3.c:387  <0xe2f3>V3-Recv: 01:003F:001E:0x0100 -> 03:003F:001E:0x0503 0x0001, tLen 52 dLen 31
12-30 22:18:31.061	          linker	[Debug]	        dji_protocol_v1.c:189  <0xe2f4>V1-Send: 0x0503->0x1D02 0x00F0
12-30 22:18:31.061	          linker	[Debug]	        dji_protocol_v3.c:506  1:0x0100 convert to 0001(0x0100)
12-30 22:18:31.061	          linker	[Debug]	        dji_protocol_v3.c:506  3:0x0503 convert to 0065(0x0503)
12-30 22:18:31.062	          linker	[Debug]	            dji_command.c:1128  <0xe2f3>Receive msg from linker, 0x0100(0x0001)->0x0503(0x0065) 0x0001 len:31
12-30 22:18:31.062	          linker	[Debug]	            dji_command.c:1076 PsdkCommand_SendSyncCallback success
12-30 22:18:31.062	          linker	[Debug]	            dji_command.c:890  callback function (cmdset: 0x00 cmdid: 0x01) deal time: 0 ms
12-30 22:18:31.062	          linker	[Debug]	            dji_command.c:612  sendSync callback success
12-30 22:18:31.062	          linker	[Debug]	            dji_command.c:620  The ack data length is not equal with expect length, actual:31 exp:30. Probably because ack struct definition has changed. Please check command ack struct definition if changed.
12-30 22:18:31.062	          linker	[Debug]	        dji_protocol_v3.c:266  <0xe2f5>V3-Send: 03:003F:001E:0x0503 -> 01:003F:001E:0x0100 0x0001, tLen 21 dLen 0
12-30 22:18:31.073	          linker	[Debug]	        dji_protocol_v3.c:387  <0xe2f5>V3-Recv: 01:003F:001E:0x0100 -> 03:003F:001E:0x0503 0x0001, tLen 52 dLen 31
12-30 22:18:31.073	          linker	[Debug]	        dji_protocol_v3.c:506  1:0x0100 convert to 0001(0x0100)
12-30 22:18:31.073	          linker	[Debug]	        dji_protocol_v3.c:506  3:0x0503 convert to 0065(0x0503)
12-30 22:18:31.074	          linker	[Debug]	            dji_command.c:1128  <0xe2f5>Receive msg from linker, 0x0100(0x0001)->0x0503(0x0065) 0x0001 len:31
12-30 22:18:31.074	          linker	[Debug]	            dji_command.c:1076 PsdkCommand_SendSyncCallback success
12-30 22:18:31.074	          linker	[Debug]	            dji_command.c:890  callback function (cmdset: 0x00 cmdid: 0x01) deal time: 0 ms
12-30 22:18:31.074	          linker	[Debug]	            dji_command.c:612  sendSync callback success
12-30 22:18:31.074	          linker	[Debug]	            dji_command.c:620  The ack data length is not equal with expect length, actual:31 exp:30. Probably because ack struct definition has changed. Please check command ack struct definition if changed.
12-30 22:18:31.074	            user	[Info]	                 main.cpp:92   Mounted position 1 camera's firmware is V10.00.07.02

12-30 22:18:31.074	            user	[Info]	                 main.cpp:97   --> Step 1: Init gimbal manager module
12-30 22:18:31.074	            user	[Info]	                 main.cpp:104  --> Step 2: Set gimbal to free mode
12-30 22:18:31.074	          linker	[Debug]	        dji_protocol_v3.c:266  <0xe2f6>V3-Send: 03:003F:001E:0x0503 -> 01:003F:001E:0x0400 0x044C, tLen 23 dLen 2
12-30 22:18:31.083	          linker	[Debug]	        dji_protocol_v1.c:189  <0xe2f7>V1-Send: 0x0503->0x1D02 0x00F0
12-30 22:18:31.093	          linker	[Debug]	        dji_protocol_v3.c:387  <0xe2f6>V3-Recv: 01:003F:001E:0x0400 -> 03:003F:001E:0x0503 0x044C, tLen 22 dLen 1
12-30 22:18:31.093	          linker	[Debug]	        dji_protocol_v3.c:506  1:0x0400 convert to 0004(0x0400)
12-30 22:18:31.093	          linker	[Debug]	        dji_protocol_v3.c:506  3:0x0503 convert to 0065(0x0503)
12-30 22:18:31.094	          linker	[Debug]	        dji_protocol_v1.c:189  <0xe2f8>V1-Send: 0x0503->0x1D02 0x00F0
12-30 22:18:31.094	          linker	[Debug]	            dji_command.c:1128  <0xe2f6>Receive msg from linker, 0x0400(0x0004)->0x0503(0x0065) 0x044C len:1
12-30 22:18:31.094	          linker	[Debug]	            dji_command.c:1076 PsdkCommand_SendSyncCallback success
12-30 22:18:31.094	          linker	[Debug]	            dji_command.c:890  callback function (cmdset: 0x04 cmdid: 0x4C) deal time: 0 ms
12-30 22:18:31.094	          linker	[Debug]	            dji_command.c:612  sendSync callback success
12-30 22:18:31.094	          linker	[Debug]	        dji_protocol_v3.c:266  <0xe2f9>V3-Send: 03:003F:001E:0x0503 -> 01:003F:001E:0x0400 0x040A, tLen 34 dLen 13
12-30 22:18:31.105	          linker	[Debug]	        dji_protocol_v1.c:189  <0xe2fa>V1-Send: 0x0503->0x1D02 0x00F0
12-30 22:18:31.105	          linker	[Debug]	        dji_protocol_v1.c:189  <0xe2fb>V1-Send: 0x0503->0x1007 0x198B
12-30 22:18:31.105	          linker	[Debug]	        dji_protocol_v3.c:266  <0xe2fc>V3-Send: 03:003F:001E:0x0503 -> 00:003F:001E:0x0200 0x3C10, tLen 85 dLen 64
12-30 22:18:31.105	          linker	[Debug]	        dji_protocol_v3.c:266  <0xe2fd>V3-Send: 03:003F:001E:0x0503 -> 00:003F:001E:0x0300 0x3C10, tLen 85 dLen 64
12-30 22:18:31.105	          linker	[Debug]	        dji_protocol_v3.c:266  <0xe2fe>V3-Send: 03:003F:001E:0x0503 -> 00:003F:001E:0x1104 0x3C10, tLen 85 dLen 64
12-30 22:18:31.105	          linker	[Debug]	        dji_protocol_v3.c:266  <0xe2ff>V3-Send: 03:003F:001E:0x0503 -> 00:003F:001E:0x0701 0x3C10, tLen 85 dLen 64
12-30 22:18:31.105	          linker	[Debug]	        dji_protocol_v3.c:266  <0xe300>V3-Send: 03:003F:001E:0x0503 -> 00:003F:001E:0x1100 0x3C10, tLen 85 dLen 64
12-30 22:18:31.108	          linker	[Debug]	        dji_protocol_v3.c:387  <0xe2f9>V3-Recv: 01:003F:001E:0x0400 -> 03:003F:001E:0x0503 0x040A, tLen 23 dLen 2
12-30 22:18:31.108	          linker	[Debug]	        dji_protocol_v3.c:506  1:0x0400 convert to 0004(0x0400)
12-30 22:18:31.108	          linker	[Debug]	        dji_protocol_v3.c:506  3:0x0503 convert to 0065(0x0503)
12-30 22:18:31.109	          linker	[Debug]	            dji_command.c:1128  <0xe2f9>Receive msg from linker, 0x0400(0x0004)->0x0503(0x0065) 0x040A len:2
12-30 22:18:31.109	          linker	[Debug]	            dji_command.c:1076 PsdkCommand_SendSyncCallback success
12-30 22:18:31.109	          linker	[Debug]	            dji_command.c:890  callback function (cmdset: 0x04 cmdid: 0x0A) deal time: 0 ms
12-30 22:18:31.109	          linker	[Debug]	            dji_command.c:612  sendSync callback success
12-30 22:18:31.109	             gmu	[Error]	     dji_gimbal_manager.c:363  Yaw axis gimbal reach positive limit. Suggestion : Please do not rotate towards positive direction.
12-30 22:18:31.109	            user	[Error]	      gimbale_manager.cpp:16   Target gimbal pry yaw:100.000000,pitch:0.000000,roll:0.000000 failed, error code: 0x40100401
12-30 22:18:31.109	             cam	[Debug]	dji_camera_manager_ir_manager.c:373  Try to unsub topic[0] 16777218
12-30 22:18:31.109	             cam	[Debug]	dji_camera_manager_ir_manager.c:379  Unsub: original type data sub scription
12-30 22:18:31.109	             sub	[Debug]	dji_data_subscription_dds_v3.c:587  Begin unsubscribe topic name = multi_stream_fusion_mode topic index = 0 @0x0801
12-30 22:18:31.109	          linker	[Debug]	        dji_protocol_v3.c:266  <0xe301>V3-Send: 03:003F:001E:0x0503 -> 00:003F:001E:0x0801 0x0099, tLen 59 dLen 38
12-30 22:18:31.109	             sub	[Debug]	dji_data_subscription_xrce_v3.c:334  Successfully stop to subscribe to topic: multi_stream_fusion_mode @0x0801
12-30 22:18:31.109	             sub	[Debug]	dji_data_subscription_dds_v3.c:602  Clear callback info of topic multi_stream_fusion_mode @0x0801
12-30 22:18:31.109	             sub	[Debug]	dji_data_subscription_dds_v3.c:610  topic  remains 0 subscriber
12-30 22:18:31.114	             cam	[Debug]	dji_camera_manager_ir_manager.c:373  Try to unsub topic[1] 16777219
12-30 22:18:31.114	             cam	[Debug]	dji_camera_manager_ir_manager.c:379  Unsub: original type data sub scription
12-30 22:18:31.114	             sub	[Debug]	dji_data_subscription_dds_v3.c:587  Begin unsubscribe topic name = cam_status topic index = 1 @0x0801
12-30 22:18:31.114	          linker	[Debug]	        dji_protocol_v3.c:266  <0xe302>V3-Send: 03:003F:001E:0x0503 -> 00:003F:001E:0x0801 0x0099, tLen 45 dLen 24
12-30 22:18:31.114	             sub	[Debug]	dji_data_subscription_xrce_v3.c:334  Successfully stop to subscribe to topic: cam_status @0x0801
12-30 22:18:31.114	             sub	[Debug]	dji_data_subscription_dds_v3.c:602  Clear callback info of topic cam_status @0x0801
12-30 22:18:31.114	             sub	[Debug]	dji_data_subscription_dds_v3.c:610  topic  remains 0 subscriber
12-30 22:18:31.116	          linker	[Debug]	        dji_protocol_v1.c:189  <0xe303>V1-Send: 0x0503->0x1D02 0x00F0
12-30 22:18:31.119	             cam	[Debug]	dji_camera_manager_ir_manager.c:373  Try to unsub topic[2] 16777220
12-30 22:18:31.120	             cam	[Debug]	dji_camera_manager_ir_manager.c:379  Unsub: original type data sub scription
12-30 22:18:31.120	             sub	[Debug]	dji_data_subscription_dds_v3.c:587  Begin unsubscribe topic name = cam_lens_state topic index = 2 @0x0801
12-30 22:18:31.120	          linker	[Debug]	        dji_protocol_v3.c:266  <0xe304>V3-Send: 03:003F:001E:0x0503 -> 00:003F:001E:0x0801 0x0099, tLen 49 dLen 28
12-30 22:18:31.120	             sub	[Debug]	dji_data_subscription_xrce_v3.c:334  Successfully stop to subscribe to topic: cam_lens_state @0x0801
12-30 22:18:31.120	             sub	[Debug]	dji_data_subscription_dds_v3.c:602  Clear callback info of topic cam_lens_state @0x0801
12-30 22:18:31.120	             sub	[Debug]	dji_data_subscription_dds_v3.c:610  topic  remains 0 subscriber
12-30 22:18:31.120	          linker	[Debug]	        dji_protocol_v3.c:387  <0x6e5c>V3-Recv: 00:003F:001E:0x1204 -> 03:003F:001E:0x0503 0x4900, tLen 23 dLen 2
12-30 22:18:31.120	          linker	[Debug]	        dji_protocol_v3.c:506  0:0x1204 convert to 0092(0x1204)
12-30 22:18:31.120	          linker	[Debug]	        dji_protocol_v3.c:506  3:0x0503 convert to 0065(0x0503)
12-30 22:18:31.120	          linker	[Debug]	        dji_protocol_v3.c:387  <0xe301>V3-Recv: 00:003F:001E:0x0801 -> 03:003F:001E:0x0503 0x0099, tLen 30 dLen 9
12-30 22:18:31.120	          linker	[Debug]	        dji_protocol_v3.c:506  0:0x0801 convert to 0028(0x0801)
12-30 22:18:31.120	          linker	[Debug]	        dji_protocol_v3.c:506  3:0x0503 convert to 0065(0x0503)
12-30 22:18:31.120	          linker	[Debug]	        dji_protocol_v3.c:387  <0xe302>V3-Recv: 00:003F:001E:0x0801 -> 03:003F:001E:0x0503 0x0099, tLen 30 dLen 9
12-30 22:18:31.120	          linker	[Debug]	        dji_protocol_v3.c:506  0:0x0801 convert to 0028(0x0801)
12-30 22:18:31.120	          linker	[Debug]	        dji_protocol_v3.c:506  3:0x0503 convert to 0065(0x0503)
12-30 22:18:31.120	          linker	[Debug]	        dji_protocol_v3.c:387  <0xe304>V3-Recv: 00:003F:001E:0x0801 -> 03:003F:001E:0x0503 0x0099, tLen 30 dLen 9
12-30 22:18:31.120	          linker	[Debug]	        dji_protocol_v3.c:506  0:0x0801 convert to 0028(0x0801)
12-30 22:18:31.120	          linker	[Debug]	        dji_protocol_v3.c:506  3:0x0503 convert to 0065(0x0503)
12-30 22:18:31.121	          linker	[Debug]	            dji_command.c:1128  <0x6e5c>Receive msg from linker, 0x1204(0x0092)->0x0503(0x0065) 0x4900 len:2
12-30 22:18:31.121	          linker	[Debug]	        dji_protocol_v3.c:266  <0x6e5c>V3-Send: 03:003F:001E:0x0503 -> 00:003F:001E:0x1204 0x4900, tLen 23 dLen 2
12-30 22:18:31.122	          linker	[Debug]	            dji_command.c:1128  <0xe301>Receive msg from linker, 0x0801(0x0028)->0x0503(0x0065) 0x0099 len:9
12-30 22:18:31.122	             sub	[Debug]	dji_data_subscription_dds_v3.c:889  Unsubscribe topic
12-30 22:18:31.122	          linker	[Debug]	            dji_command.c:890  callback function (cmdset: 0x00 cmdid: 0x99) deal time: 0 ms
12-30 22:18:31.123	          linker	[Debug]	            dji_command.c:1128  <0xe302>Receive msg from linker, 0x0801(0x0028)->0x0503(0x0065) 0x0099 len:9
12-30 22:18:31.123	             sub	[Debug]	dji_data_subscription_dds_v3.c:889  Unsubscribe topic
12-30 22:18:31.123	          linker	[Debug]	            dji_command.c:890  callback function (cmdset: 0x00 cmdid: 0x99) deal time: 0 ms
12-30 22:18:31.124	          linker	[Debug]	            dji_command.c:1128  <0xe304>Receive msg from linker, 0x0801(0x0028)->0x0503(0x0065) 0x0099 len:9
12-30 22:18:31.124	             sub	[Debug]	dji_data_subscription_dds_v3.c:889  Unsubscribe topic
12-30 22:18:31.124	          linker	[Debug]	            dji_command.c:890  callback function (cmdset: 0x00 cmdid: 0x99) deal time: 0 ms
12-30 22:18:31.125	             cam	[Debug]	dji_camera_manager_ir_manager.c:373  Try to unsub topic[3] 16777221
12-30 22:18:31.125	             cam	[Debug]	dji_camera_manager_ir_manager.c:379  Unsub: original type data sub scription
12-30 22:18:31.125	             sub	[Debug]	dji_data_subscription_dds_v3.c:587  Begin unsubscribe topic name = cam_photo_param topic index = 3 @0x0801
12-30 22:18:31.125	          linker	[Debug]	        dji_protocol_v3.c:266  <0xe305>V3-Send: 03:003F:001E:0x0503 -> 00:003F:001E:0x0801 0x0099, tLen 50 dLen 29
12-30 22:18:31.125	             sub	[Debug]	dji_data_subscription_xrce_v3.c:334  Successfully stop to subscribe to topic: cam_photo_param @0x0801
12-30 22:18:31.125	             sub	[Debug]	dji_data_subscription_dds_v3.c:602  Clear callback info of topic cam_photo_param @0x0801
12-30 22:18:31.125	             sub	[Debug]	dji_data_subscription_dds_v3.c:610  topic  remains 0 subscriber
12-30 22:18:31.128	          linker	[Debug]	        dji_protocol_v1.c:189  <0xe306>V1-Send: 0x0503->0x1D02 0x00F0
12-30 22:18:31.130	             cam	[Debug]	dji_camera_manager_ir_manager.c:373  Try to unsub topic[4] 16777222
12-30 22:18:31.130	             cam	[Debug]	dji_camera_manager_ir_manager.c:379  Unsub: original type data sub scription
12-30 22:18:31.130	             sub	[Debug]	dji_data_subscription_dds_v3.c:587  Begin unsubscribe topic name = cam_record_time topic index = 4 @0x0801
12-30 22:18:31.130	          linker	[Debug]	        dji_protocol_v3.c:266  <0xe307>V3-Send: 03:003F:001E:0x0503 -> 00:003F:001E:0x0801 0x0099, tLen 50 dLen 29
12-30 22:18:31.131	             sub	[Debug]	dji_data_subscription_xrce_v3.c:334  Successfully stop to subscribe to topic: cam_record_time @0x0801
12-30 22:18:31.131	             sub	[Debug]	dji_data_subscription_dds_v3.c:602  Clear callback info of topic cam_record_time @0x0801
12-30 22:18:31.131	             sub	[Debug]	dji_data_subscription_dds_v3.c:610  topic  remains 0 subscriber
12-30 22:18:31.131	          linker	[Debug]	        dji_protocol_v3.c:387  <0xe305>V3-Recv: 00:003F:001E:0x0801 -> 03:003F:001E:0x0503 0x0099, tLen 30 dLen 9
12-30 22:18:31.131	          linker	[Debug]	        dji_protocol_v3.c:506  0:0x0801 convert to 0028(0x0801)
12-30 22:18:31.131	          linker	[Debug]	        dji_protocol_v3.c:506  3:0x0503 convert to 0065(0x0503)
12-30 22:18:31.131	          linker	[Debug]	        dji_protocol_v3.c:387  <0x6e60>V3-Recv: 00:003F:001E:0x1204 -> 03:003F:001E:0x0503 0x22AD, tLen 68 dLen 47
12-30 22:18:31.131	          linker	[Debug]	        dji_protocol_v3.c:506  0:0x1204 convert to 0092(0x1204)
12-30 22:18:31.131	          linker	[Debug]	        dji_protocol_v3.c:506  3:0x0503 convert to 0065(0x0503)
12-30 22:18:31.131	          linker	[Debug]	        dji_protocol_v3.c:387  <0xe307>V3-Recv: 00:003F:001E:0x0801 -> 03:003F:001E:0x0503 0x0099, tLen 30 dLen 9
12-30 22:18:31.131	          linker	[Debug]	        dji_protocol_v3.c:506  0:0x0801 convert to 0028(0x0801)
12-30 22:18:31.131	          linker	[Debug]	        dji_protocol_v3.c:506  3:0x0503 convert to 0065(0x0503)
12-30 22:18:31.132	          linker	[Debug]	            dji_command.c:1128  <0xe305>Receive msg from linker, 0x0801(0x0028)->0x0503(0x0065) 0x0099 len:9
12-30 22:18:31.132	             sub	[Debug]	dji_data_subscription_dds_v3.c:889  Unsubscribe topic
12-30 22:18:31.132	          linker	[Debug]	            dji_command.c:890  callback function (cmdset: 0x00 cmdid: 0x99) deal time: 0 ms
12-30 22:18:31.133	          linker	[Debug]	            dji_command.c:1128  <0x6e60>Receive msg from linker, 0x1204(0x0092)->0x0503(0x0065) 0x22AD len:47
12-30 22:18:31.133	          linker	[Debug]	            dji_command.c:980  received unsupport request cmd that need ack, <0x6e60> cmdset: 0x22 cmdid: 0xAD
12-30 22:18:31.134	          linker	[Debug]	            dji_command.c:1128  <0xe307>Receive msg from linker, 0x0801(0x0028)->0x0503(0x0065) 0x0099 len:9
12-30 22:18:31.134	             sub	[Debug]	dji_data_subscription_dds_v3.c:889  Unsubscribe topic
12-30 22:18:31.135	          linker	[Debug]	            dji_command.c:890  callback function (cmdset: 0x00 cmdid: 0x99) deal time: 1 ms
12-30 22:18:31.136	             cam	[Debug]	dji_camera_manager_ir_manager.c:373  Try to unsub topic[5] 16777223
12-30 22:18:31.136	             cam	[Debug]	dji_camera_manager_ir_manager.c:379  Unsub: original type data sub scription
12-30 22:18:31.136	             sub	[Debug]	dji_data_subscription_dds_v3.c:587  Begin unsubscribe topic name = cam_storage topic index = 5 @0x0801
12-30 22:18:31.136	          linker	[Debug]	        dji_protocol_v3.c:266  <0xe308>V3-Send: 03:003F:001E:0x0503 -> 00:003F:001E:0x0801 0x0099, tLen 46 dLen 25
12-30 22:18:31.136	             sub	[Debug]	dji_data_subscription_xrce_v3.c:334  Successfully stop to subscribe to topic: cam_storage @0x0801
12-30 22:18:31.136	             sub	[Debug]	dji_data_subscription_dds_v3.c:602  Clear callback info of topic cam_storage @0x0801
12-30 22:18:31.136	             sub	[Debug]	dji_data_subscription_dds_v3.c:610  topic  remains 0 subscriber
12-30 22:18:31.141	             cam	[Debug]	dji_camera_manager_ir_manager.c:373  Try to unsub topic[6] 16777224
12-30 22:18:31.141	             cam	[Debug]	dji_camera_manager_ir_manager.c:379  Unsub: original type data sub scription
12-30 22:18:31.141	             sub	[Debug]	dji_data_subscription_dds_v3.c:587  Begin unsubscribe topic name = cam_expo_param topic index = 6 @0x0801
12-30 22:18:31.141	          linker	[Debug]	        dji_protocol_v3.c:266  <0xe309>V3-Send: 03:003F:001E:0x0503 -> 00:003F:001E:0x0801 0x0099, tLen 49 dLen 28
12-30 22:18:31.141	             sub	[Debug]	dji_data_subscription_xrce_v3.c:334  Successfully stop to subscribe to topic: cam_expo_param @0x0801
12-30 22:18:31.141	             sub	[Debug]	dji_data_subscription_dds_v3.c:602  Clear callback info of topic cam_expo_param @0x0801
12-30 22:18:31.141	             sub	[Debug]	dji_data_subscription_dds_v3.c:610  topic  remains 0 subscriber
12-30 22:18:31.142	          linker	[Debug]	        dji_protocol_v3.c:387  <0xe308>V3-Recv: 00:003F:001E:0x0801 -> 03:003F:001E:0x0503 0x0099, tLen 30 dLen 9
12-30 22:18:31.142	          linker	[Debug]	        dji_protocol_v3.c:506  0:0x0801 convert to 0028(0x0801)
12-30 22:18:31.142	          linker	[Debug]	        dji_protocol_v3.c:506  3:0x0503 convert to 0065(0x0503)
12-30 22:18:31.142	          linker	[Debug]	        dji_protocol_v3.c:387  <0xe309>V3-Recv: 00:003F:001E:0x0801 -> 03:003F:001E:0x0503 0x0099, tLen 30 dLen 9
12-30 22:18:31.142	          linker	[Debug]	        dji_protocol_v3.c:506  0:0x0801 convert to 0028(0x0801)
12-30 22:18:31.142	          linker	[Debug]	        dji_protocol_v3.c:506  3:0x0503 convert to 0065(0x0503)
12-30 22:18:31.142	          linker	[Debug]	            dji_command.c:1128  <0xe308>Receive msg from linker, 0x0801(0x0028)->0x0503(0x0065) 0x0099 len:9
12-30 22:18:31.142	             sub	[Debug]	dji_data_subscription_dds_v3.c:889  Unsubscribe topic
12-30 22:18:31.142	          linker	[Debug]	            dji_command.c:890  callback function (cmdset: 0x00 cmdid: 0x99) deal time: 0 ms
12-30 22:18:31.143	          linker	[Debug]	            dji_command.c:1128  <0xe309>Receive msg from linker, 0x0801(0x0028)->0x0503(0x0065) 0x0099 len:9
12-30 22:18:31.143	             sub	[Debug]	dji_data_subscription_dds_v3.c:889  Unsubscribe topic
12-30 22:18:31.143	          linker	[Debug]	            dji_command.c:890  callback function (cmdset: 0x00 cmdid: 0x99) deal time: 0 ms
12-30 22:18:31.146	          linker	[Debug]	            dji_command.c:781  Anti reg command handle list success, index:12
12-30 22:18:31.146	      downloader	[Info]	dji_camera_manager_media_downloader.c:682  deinit hms module.
12-30 22:18:31.147	          linker	[Debug]	            dji_command.c:781  Anti reg command handle list success, index:13
12-30 22:18:31.150	          linker	[Debug]	        dji_protocol_v1.c:309  <0x2030>V1-Recv: 0x0A06->0x0503 0x0866
12-30 22:18:31.150	          linker	[Debug]	        dji_protocol_v1.c:189  <0xe30a>V1-Send: 0x0503->0x1D02 0x00F0
12-30 22:18:31.150	          linker	[Debug]	            dji_command.c:1128  <0x2030>Receive msg from linker, 0x0A06(0x00CA)->0x0503(0x0065) 0x0866 len:102
12-30 22:18:31.150	          linker	[Debug]	            dji_command.c:980  received unsupport request cmd that noneed ack, <0x2030> cmdset: 0x08 cmdid: 0x66
