   0.007	            core	[Info]	               dji_core.c:110  Payload SDK Version : V3.14.0-beta.0-build.2296 Nov  3 2025 18:20:53
   0.007	          linker	[Debug]	             dji_linker.c:129  init linker success, protocol:2, channelId:3
   0.007	          linker	[Debug]	        dji_protocol_v1.c:189  <0000>V1-Send: 0x0503->0x0801 0x0000
   0.008	          linker	[Debug]	        dji_protocol_v1.c:309  <0000>V1-Recv: 0x0801->0x0503 0x0000
   0.008	           utils	[Debug]	          dji_root_task.c:131  work execution time:
   0.008	           utils	[Debug]	          dji_root_task.c:132  name	                execution time (ms)	  max execution time (ms)
   0.008	           utils	[Debug]	          dji_root_task.c:134  recorderWork                    	0       	0       
   0.008	           utils	[Debug]	          dji_root_task.c:134  flowControllerTask              	0       	0       
01-09 19:40:21.110	          linker	[Debug]	             dji_linker.c:171  deinit linker success, protocol:2, channelId:3
01-09 19:40:21.111	            core	[Info]	               dji_core.c:138  Identify device : manifold3
01-09 19:40:21.111	          linker	[Debug]	             dji_linker.c:129  init linker success, protocol:2, channelId:1
01-09 19:40:21.111	          linker	[Debug]	        dji_protocol_v1.c:264  protocol frame length error
01-09 19:40:21.111	          linker	[Debug]	        dji_protocol_v1.c:264  protocol frame length error
01-09 19:40:21.115	          linker	[Debug]	        dji_protocol_v1.c:264  protocol frame length error
01-09 19:40:21.115	          linker	[Debug]	        dji_protocol_v1.c:264  protocol frame length error
01-09 19:40:21.115	          linker	[Debug]	        dji_protocol_v1.c:264  protocol frame length error
01-09 19:40:21.115	          linker	[Debug]	        dji_protocol_v1.c:264  protocol frame length error
01-09 19:40:21.115	          linker	[Debug]	        dji_protocol_v1.c:264  protocol frame length error
01-09 19:40:21.115	          linker	[Debug]	        dji_protocol_v1.c:264  protocol frame length error
01-09 19:40:21.115	          linker	[Debug]	        dji_protocol_v1.c:264  protocol frame length error
01-09 19:40:21.115	          linker	[Debug]	        dji_protocol_v1.c:264  protocol frame length error
01-09 19:40:21.115	          linker	[Debug]	        dji_protocol_v1.c:264  protocol frame length error
01-09 19:40:21.115	          linker	[Debug]	        dji_protocol_v1.c:264  protocol frame length error
01-09 19:40:21.115	          linker	[Debug]	        dji_protocol_v1.c:264  protocol frame length error
01-09 19:40:21.115	          linker	[Debug]	        dji_protocol_v1.c:264  protocol frame length error
01-09 19:40:21.115	          linker	[Debug]	        dji_protocol_v1.c:264  protocol frame length error
01-09 19:40:21.115	          linker	[Debug]	        dji_protocol_v1.c:264  protocol frame length error
01-09 19:40:21.115	          linker	[Debug]	        dji_protocol_v1.c:264  protocol frame length error
01-09 19:40:21.115	          linker	[Debug]	        dji_protocol_v1.c:264  protocol frame length error
01-09 19:40:21.115	          linker	[Debug]	        dji_protocol_v1.c:264  protocol frame length error
01-09 19:40:21.115	          linker	[Debug]	        dji_protocol_v1.c:264  protocol frame length error
01-09 19:40:21.115	          linker	[Debug]	        dji_protocol_v1.c:264  protocol frame length error
01-09 19:40:21.115	          linker	[Debug]	        dji_protocol_v1.c:264  protocol frame length error
01-09 19:40:21.115	          linker	[Debug]	        dji_protocol_v1.c:264  protocol frame length error
01-09 19:40:21.115	          linker	[Debug]	        dji_protocol_v1.c:264  protocol frame length error
01-09 19:40:21.115	          linker	[Debug]	        dji_protocol_v1.c:264  protocol frame length error
01-09 19:40:21.115	          linker	[Debug]	        dji_protocol_v1.c:264  protocol frame length error
01-09 19:40:21.115	          linker	[Debug]	        dji_protocol_v1.c:264  protocol frame length error
01-09 19:40:21.115	          linker	[Debug]	        dji_protocol_v1.c:264  protocol frame length error
01-09 19:40:21.115	          linker	[Debug]	        dji_protocol_v1.c:264  protocol frame length error
01-09 19:40:21.115	          linker	[Debug]	        dji_protocol_v1.c:264  protocol frame length error
01-09 19:40:21.115	          linker	[Debug]	        dji_protocol_v1.c:264  protocol frame length error
01-09 19:40:21.115	          linker	[Debug]	        dji_protocol_v1.c:264  protocol frame length error
01-09 19:40:21.115	          linker	[Debug]	        dji_protocol_v1.c:264  protocol frame length error
01-09 19:40:21.115	          linker	[Debug]	        dji_protocol_v1.c:264  protocol frame length error
01-09 19:40:21.115	          linker	[Debug]	        dji_protocol_v1.c:264  protocol frame length error
01-09 19:40:21.115	          linker	[Debug]	        dji_protocol_v1.c:264  protocol frame length error
01-09 19:40:21.115	          linker	[Debug]	        dji_protocol_v1.c:264  protocol frame length error
01-09 19:40:21.115	          linker	[Debug]	        dji_protocol_v1.c:264  protocol frame length error
01-09 19:40:21.115	          linker	[Debug]	        dji_protocol_v1.c:264  protocol frame length error
01-09 19:40:21.115	          linker	[Debug]	        dji_protocol_v1.c:264  protocol frame length error
01-09 19:40:21.115	          linker	[Debug]	        dji_protocol_v1.c:264  protocol frame length error
01-09 19:40:21.115	          linker	[Debug]	        dji_protocol_v1.c:264  protocol frame length error
01-09 19:40:21.115	          linker	[Debug]	        dji_protocol_v1.c:264  protocol frame length error
01-09 19:40:21.115	          linker	[Debug]	        dji_protocol_v1.c:264  protocol frame length error
01-09 19:40:21.115	          linker	[Debug]	        dji_protocol_v1.c:264  protocol frame length error
01-09 19:40:21.115	          linker	[Debug]	        dji_protocol_v1.c:264  protocol frame length error
01-09 19:40:21.115	          linker	[Debug]	        dji_protocol_v1.c:264  protocol frame length error
01-09 19:40:21.115	          linker	[Debug]	        dji_protocol_v1.c:264  protocol frame length error
01-09 19:40:21.115	          linker	[Debug]	        dji_protocol_v1.c:264  protocol frame length error
01-09 19:40:21.115	          linker	[Debug]	        dji_protocol_v1.c:264  protocol frame length error
01-09 19:40:21.115	          linker	[Debug]	        dji_protocol_v1.c:264  protocol frame length error
01-09 19:40:21.115	          linker	[Debug]	        dji_protocol_v1.c:264  protocol frame length error
01-09 19:40:21.115	          linker	[Debug]	        dji_protocol_v1.c:264  protocol frame length error
01-09 19:40:21.115	          linker	[Debug]	        dji_protocol_v1.c:264  protocol frame length error
01-09 19:40:21.115	          linker	[Debug]	        dji_protocol_v1.c:264  protocol frame length error
01-09 19:40:21.115	          linker	[Debug]	        dji_protocol_v1.c:264  protocol frame length error
01-09 19:40:21.115	          linker	[Debug]	        dji_protocol_v1.c:264  protocol frame length error
01-09 19:40:21.115	          linker	[Debug]	        dji_protocol_v1.c:264  protocol frame length error
01-09 19:40:21.115	          linker	[Debug]	        dji_protocol_v1.c:264  protocol frame length error
01-09 19:40:21.115	          linker	[Debug]	        dji_protocol_v1.c:264  protocol frame length error
01-09 19:40:21.115	          linker	[Debug]	        dji_protocol_v1.c:264  protocol frame length error
01-09 19:40:21.115	          linker	[Debug]	        dji_protocol_v1.c:264  protocol frame length error
01-09 19:40:21.115	          linker	[Debug]	        dji_protocol_v1.c:264  protocol frame length error
01-09 19:40:21.115	          linker	[Debug]	        dji_protocol_v1.c:264  protocol frame length error
01-09 19:40:21.115	          linker	[Debug]	        dji_protocol_v1.c:264  protocol frame length error
01-09 19:40:21.115	          linker	[Debug]	        dji_protocol_v1.c:264  protocol frame length error
01-09 19:40:21.115	          linker	[Debug]	        dji_protocol_v1.c:264  protocol frame length error
01-09 19:40:21.115	          linker	[Debug]	        dji_protocol_v1.c:264  protocol frame length error
01-09 19:40:21.115	          linker	[Debug]	        dji_protocol_v1.c:264  protocol frame length error
01-09 19:40:21.115	          linker	[Debug]	        dji_protocol_v1.c:264  protocol frame length error
01-09 19:40:21.115	          linker	[Debug]	        dji_protocol_v1.c:264  protocol frame length error
01-09 19:40:21.115	          linker	[Debug]	        dji_protocol_v1.c:264  protocol frame length error
01-09 19:40:21.115	          linker	[Debug]	        dji_protocol_v1.c:264  protocol frame length error
01-09 19:40:21.115	          linker	[Debug]	        dji_protocol_v1.c:264  protocol frame length error
01-09 19:40:21.115	          linker	[Debug]	        dji_protocol_v1.c:264  protocol frame length error
01-09 19:40:21.115	          linker	[Debug]	        dji_protocol_v1.c:264  protocol frame length error
01-09 19:40:21.115	          linker	[Debug]	        dji_protocol_v1.c:264  protocol frame length error
01-09 19:40:21.115	          linker	[Debug]	        dji_protocol_v1.c:264  protocol frame length error
01-09 19:40:21.115	          linker	[Debug]	        dji_protocol_v1.c:264  protocol frame length error
01-09 19:40:21.115	          linker	[Debug]	        dji_protocol_v1.c:264  protocol frame length error
01-09 19:40:21.116	          linker	[Debug]	        dji_protocol_v1.c:264  protocol frame length error
01-09 19:40:21.116	          linker	[Debug]	        dji_protocol_v1.c:264  protocol frame length error
01-09 19:40:21.116	          linker	[Debug]	        dji_protocol_v1.c:264  protocol frame length error
01-09 19:40:21.116	          linker	[Debug]	        dji_protocol_v1.c:264  protocol frame length error
01-09 19:40:21.116	          linker	[Debug]	        dji_protocol_v1.c:264  protocol frame length error
01-09 19:40:21.116	          linker	[Debug]	        dji_protocol_v1.c:264  protocol frame length error
01-09 19:40:21.116	          linker	[Debug]	        dji_protocol_v1.c:264  protocol frame length error
01-09 19:40:21.116	          linker	[Debug]	        dji_protocol_v1.c:264  protocol frame length error
01-09 19:40:21.116	          linker	[Debug]	        dji_protocol_v1.c:264  protocol frame length error
01-09 19:40:21.116	          linker	[Debug]	        dji_protocol_v1.c:264  protocol frame length error
01-09 19:40:21.116	          linker	[Debug]	        dji_protocol_v1.c:264  protocol frame length error
01-09 19:40:21.116	          linker	[Debug]	        dji_protocol_v1.c:264  protocol frame length error
01-09 19:40:21.116	          linker	[Debug]	        dji_protocol_v1.c:264  protocol frame length error
01-09 19:40:21.116	          linker	[Debug]	        dji_protocol_v1.c:264  protocol frame length error
01-09 19:40:21.116	          linker	[Debug]	        dji_protocol_v1.c:264  protocol frame length error
01-09 19:40:21.116	          linker	[Debug]	        dji_protocol_v1.c:264  protocol frame length error
01-09 19:40:21.116	          linker	[Debug]	        dji_protocol_v1.c:264  protocol frame length error
01-09 19:40:21.116	          linker	[Debug]	        dji_protocol_v1.c:264  protocol frame length error
01-09 19:40:21.116	          linker	[Debug]	        dji_protocol_v1.c:264  protocol frame length error
01-09 19:40:21.116	          linker	[Debug]	        dji_protocol_v1.c:264  protocol frame length error
01-09 19:40:21.116	          linker	[Debug]	        dji_protocol_v1.c:264  protocol frame length error
01-09 19:40:21.116	          linker	[Debug]	        dji_protocol_v1.c:264  protocol frame length error
01-09 19:40:21.116	          linker	[Debug]	        dji_protocol_v1.c:264  protocol frame length error
01-09 19:40:21.116	          linker	[Debug]	        dji_protocol_v1.c:264  protocol frame length error
01-09 19:40:21.116	          linker	[Debug]	        dji_protocol_v1.c:264  protocol frame length error
01-09 19:40:21.116	          linker	[Debug]	        dji_protocol_v1.c:264  protocol frame length error
01-09 19:40:21.116	          linker	[Debug]	        dji_protocol_v1.c:264  protocol frame length error
01-09 19:40:21.116	          linker	[Debug]	        dji_protocol_v1.c:264  protocol frame length error
01-09 19:40:21.116	          linker	[Debug]	        dji_protocol_v1.c:264  protocol frame length error
01-09 19:40:21.116	          linker	[Debug]	        dji_protocol_v1.c:264  protocol frame length error
01-09 19:40:21.116	          linker	[Debug]	        dji_protocol_v1.c:264  protocol frame length error
01-09 19:40:21.116	          linker	[Debug]	        dji_protocol_v1.c:264  protocol frame length error
01-09 19:40:21.116	          linker	[Debug]	        dji_protocol_v1.c:264  protocol frame length error
01-09 19:40:21.116	          linker	[Debug]	        dji_protocol_v1.c:264  protocol frame length error
01-09 19:40:21.116	          linker	[Debug]	        dji_protocol_v1.c:264  protocol frame length error
01-09 19:40:21.116	          linker	[Debug]	        dji_protocol_v1.c:264  protocol frame length error
01-09 19:40:21.116	          linker	[Debug]	        dji_protocol_v1.c:264  protocol frame length error
01-09 19:40:21.116	          linker	[Debug]	        dji_protocol_v1.c:264  protocol frame length error
01-09 19:40:21.116	          linker	[Debug]	        dji_protocol_v1.c:264  protocol frame length error
01-09 19:40:21.116	          linker	[Debug]	        dji_protocol_v1.c:264  protocol frame length error
01-09 19:40:21.116	          linker	[Debug]	        dji_protocol_v1.c:264  protocol frame length error
01-09 19:40:21.116	          linker	[Debug]	        dji_protocol_v1.c:264  protocol frame length error
01-09 19:40:21.116	          linker	[Debug]	        dji_protocol_v1.c:264  protocol frame length error
01-09 19:40:21.116	          linker	[Debug]	        dji_protocol_v1.c:264  protocol frame length error
01-09 19:40:21.116	          linker	[Debug]	        dji_protocol_v1.c:264  protocol frame length error
01-09 19:40:21.116	          linker	[Debug]	        dji_protocol_v1.c:264  protocol frame length error
01-09 19:40:21.116	          linker	[Debug]	        dji_protocol_v1.c:264  protocol frame length error
01-09 19:40:21.116	          linker	[Debug]	        dji_protocol_v1.c:264  protocol frame length error
01-09 19:40:21.116	          linker	[Debug]	        dji_protocol_v1.c:264  protocol frame length error
01-09 19:40:21.116	          linker	[Debug]	        dji_protocol_v1.c:264  protocol frame length error
01-09 19:40:21.116	          linker	[Debug]	        dji_protocol_v1.c:264  protocol frame length error
01-09 19:40:21.116	          linker	[Debug]	        dji_protocol_v1.c:264  protocol frame length error
01-09 19:40:21.116	          linker	[Debug]	        dji_protocol_v1.c:264  protocol frame length error
01-09 19:40:21.116	          linker	[Debug]	        dji_protocol_v1.c:264  protocol frame length error
01-09 19:40:21.116	          linker	[Debug]	        dji_protocol_v1.c:264  protocol frame length error
01-09 19:40:21.116	          linker	[Debug]	        dji_protocol_v1.c:264  protocol frame length error
01-09 19:40:21.116	          linker	[Debug]	        dji_protocol_v1.c:264  protocol frame length error
01-09 19:40:21.116	          linker	[Debug]	        dji_protocol_v1.c:264  protocol frame length error
01-09 19:40:21.116	          linker	[Debug]	        dji_protocol_v1.c:264  protocol frame length error
01-09 19:40:21.116	          linker	[Debug]	        dji_protocol_v1.c:264  protocol frame length error
01-09 19:40:21.116	          linker	[Debug]	        dji_protocol_v1.c:264  protocol frame length error
01-09 19:40:21.116	          linker	[Debug]	        dji_protocol_v1.c:264  protocol frame length error
01-09 19:40:21.116	          linker	[Debug]	        dji_protocol_v1.c:264  protocol frame length error
01-09 19:40:21.116	          linker	[Debug]	        dji_protocol_v1.c:264  protocol frame length error
The log is overflow
The log is overflow
The log is overflow
The log is overflow
The log is overflow
The log is overflow
The log is overflow
The log is overflow
The log is overflow
01-09 19:40:21.116	          linker	[Debug]	        dji_protocol_v1.c:264  protocol frame length error
01-09 19:40:21.116	          linker	[Debug]	        dji_protocol_v1.c:264  protocol frame length error
The log is overflow
01-09 19:40:21.116	          linker	[Debug]	        dji_protocol_v1.c:264  protocol frame length error
01-09 19:40:21.116	          linker	[Debug]	        dji_protocol_v1.c:264  protocol frame length error
01-09 19:40:21.116	          linker	[Debug]	        dji_protocol_v1.c:264  protocol frame length error
01-09 19:40:21.116	          linker	[Debug]	        dji_protocol_v1.c:264  protocol frame length error
01-09 19:40:21.116	          linker	[Debug]	        dji_protocol_v1.c:264  protocol frame length error
01-09 19:40:21.116	          linker	[Debug]	        dji_protocol_v1.c:264  protocol frame length error
01-09 19:40:21.116	          linker	[Debug]	        dji_protocol_v1.c:264  protocol frame length error
01-09 19:40:21.116	          linker	[Debug]	        dji_protocol_v1.c:264  protocol frame length error
01-09 19:40:21.116	          linker	[Debug]	        dji_protocol_v1.c:264  protocol frame length error
01-09 19:40:21.116	          linker	[Debug]	        dji_protocol_v1.c:264  protocol frame length error
01-09 19:40:21.116	          linker	[Debug]	        dji_protocol_v1.c:264  protocol frame length error
01-09 19:40:21.116	          linker	[Debug]	        dji_protocol_v1.c:264  protocol frame length error
01-09 19:40:21.116	          linker	[Debug]	        dji_protocol_v1.c:264  protocol frame length error
01-09 19:40:21.116	          linker	[Debug]	        dji_protocol_v1.c:264  protocol frame length error
01-09 19:40:21.116	          linker	[Debug]	        dji_protocol_v1.c:264  protocol frame length error
01-09 19:40:21.116	          linker	[Debug]	        dji_protocol_v1.c:264  protocol frame length error
01-09 19:40:21.116	          linker	[Debug]	        dji_protocol_v1.c:264  protocol frame length error
01-09 19:40:21.116	          linker	[Debug]	        dji_protocol_v1.c:264  protocol frame length error
01-09 19:40:21.116	          linker	[Debug]	        dji_protocol_v1.c:264  protocol frame length error
01-09 19:40:21.116	          linker	[Debug]	        dji_protocol_v1.c:264  protocol frame length error
01-09 19:40:21.116	          linker	[Debug]	        dji_protocol_v1.c:264  protocol frame length error
01-09 19:40:21.116	          linker	[Debug]	        dji_protocol_v1.c:264  protocol frame length error
01-09 19:40:21.116	          linker	[Debug]	        dji_protocol_v1.c:264  protocol frame length error
01-09 19:40:21.116	          linker	[Debug]	        dji_protocol_v1.c:264  protocol frame length error
01-09 19:40:21.116	          linker	[Debug]	        dji_protocol_v1.c:264  protocol frame length error
01-09 19:40:21.116	          linker	[Debug]	        dji_protocol_v1.c:264  protocol frame length error
01-09 19:40:21.116	          linker	[Debug]	        dji_protocol_v1.c:264  protocol frame length error
01-09 19:40:21.116	          linker	[Debug]	        dji_protocol_v1.c:264  protocol frame length error
01-09 19:40:21.116	          linker	[Debug]	        dji_protocol_v1.c:264  protocol frame length error
01-09 19:40:21.117	          linker	[Debug]	        dji_protocol_v1.c:264  protocol frame length error
01-09 19:40:21.117	          linker	[Debug]	        dji_protocol_v1.c:264  protocol frame length error
01-09 19:40:21.117	          linker	[Debug]	        dji_protocol_v1.c:264  protocol frame length error
01-09 19:40:21.117	          linker	[Debug]	        dji_protocol_v1.c:264  protocol frame length error
01-09 19:40:21.117	          linker	[Debug]	        dji_protocol_v1.c:264  protocol frame length error
01-09 19:40:21.117	          linker	[Debug]	        dji_protocol_v1.c:264  protocol frame length error
01-09 19:40:21.117	          linker	[Debug]	        dji_protocol_v1.c:264  protocol frame length error
01-09 19:40:21.117	          linker	[Debug]	        dji_protocol_v1.c:264  protocol frame length error
01-09 19:40:21.117	          linker	[Debug]	        dji_protocol_v1.c:264  protocol frame length error
01-09 19:40:21.117	          linker	[Debug]	        dji_protocol_v1.c:264  protocol frame length error
01-09 19:40:21.117	          linker	[Debug]	        dji_protocol_v1.c:264  protocol frame length error
01-09 19:40:21.117	          linker	[Debug]	        dji_protocol_v1.c:264  protocol frame length error
01-09 19:40:21.117	          linker	[Debug]	        dji_protocol_v1.c:264  protocol frame length error
01-09 19:40:21.117	          linker	[Debug]	        dji_protocol_v1.c:264  protocol frame length error
01-09 19:40:21.117	          linker	[Debug]	        dji_protocol_v1.c:264  protocol frame length error
01-09 19:40:21.117	          linker	[Debug]	        dji_protocol_v1.c:264  protocol frame length error
01-09 19:40:21.117	          linker	[Debug]	        dji_protocol_v1.c:264  protocol frame length error
01-09 19:40:21.117	          linker	[Debug]	        dji_protocol_v1.c:264  protocol frame length error
01-09 19:40:21.117	          linker	[Debug]	        dji_protocol_v1.c:264  protocol frame length error
01-09 19:40:21.117	          linker	[Debug]	        dji_protocol_v1.c:264  protocol frame length error
01-09 19:40:21.117	          linker	[Debug]	        dji_protocol_v1.c:264  protocol frame length error
01-09 19:40:21.117	          linker	[Debug]	        dji_protocol_v1.c:264  protocol frame length error
01-09 19:40:21.117	          linker	[Debug]	        dji_protocol_v1.c:264  protocol frame length error
01-09 19:40:21.117	          linker	[Debug]	        dji_protocol_v1.c:264  protocol frame length error
01-09 19:40:21.117	          linker	[Debug]	        dji_protocol_v1.c:264  protocol frame length error
01-09 19:40:21.117	          linker	[Debug]	        dji_protocol_v1.c:264  protocol frame length error
01-09 19:40:21.117	          linker	[Debug]	        dji_protocol_v1.c:264  protocol frame length error
01-09 19:40:21.117	          linker	[Debug]	        dji_protocol_v1.c:264  protocol frame length error
01-09 19:40:21.117	          linker	[Debug]	        dji_protocol_v1.c:264  protocol frame length error
01-09 19:40:21.117	          linker	[Debug]	        dji_protocol_v1.c:264  protocol frame length error
01-09 19:40:21.117	          linker	[Debug]	        dji_protocol_v1.c:264  protocol frame length error
01-09 19:40:21.117	          linker	[Debug]	        dji_protocol_v1.c:264  protocol frame length error
01-09 19:40:21.117	          linker	[Debug]	        dji_protocol_v1.c:264  protocol frame length error
01-09 19:40:21.117	          linker	[Debug]	        dji_protocol_v1.c:264  protocol frame length error
01-09 19:40:21.117	          linker	[Debug]	        dji_protocol_v1.c:264  protocol frame length error
01-09 19:40:21.117	          linker	[Debug]	        dji_protocol_v1.c:264  protocol frame length error
01-09 19:40:21.117	          linker	[Debug]	        dji_protocol_v1.c:264  protocol frame length error
01-09 19:40:21.117	          linker	[Debug]	        dji_protocol_v1.c:264  protocol frame length error
01-09 19:40:21.117	          linker	[Debug]	        dji_protocol_v1.c:264  protocol frame length error
01-09 19:40:21.117	          linker	[Debug]	        dji_protocol_v1.c:264  protocol frame length error
01-09 19:40:21.117	          linker	[Debug]	        dji_protocol_v1.c:264  protocol frame length error
01-09 19:40:21.117	          linker	[Debug]	        dji_protocol_v1.c:264  protocol frame length error
01-09 19:40:21.117	          linker	[Debug]	        dji_protocol_v1.c:264  protocol frame length error
01-09 19:40:21.117	          linker	[Debug]	        dji_protocol_v1.c:264  protocol frame length error
01-09 19:40:21.117	          linker	[Debug]	        dji_protocol_v1.c:264  protocol frame length error
01-09 19:40:21.117	          linker	[Debug]	        dji_protocol_v1.c:264  protocol frame length error
01-09 19:40:21.117	          linker	[Debug]	        dji_protocol_v1.c:264  protocol frame length error
01-09 19:40:21.117	          linker	[Debug]	        dji_protocol_v1.c:264  protocol frame length error
01-09 19:40:21.117	          linker	[Debug]	        dji_protocol_v1.c:264  protocol frame length error
01-09 19:40:21.117	          linker	[Debug]	        dji_protocol_v1.c:264  protocol frame length error
01-09 19:40:21.117	          linker	[Debug]	        dji_protocol_v1.c:264  protocol frame length error
01-09 19:40:21.117	          linker	[Debug]	        dji_protocol_v1.c:264  protocol frame length error
01-09 19:40:21.117	          linker	[Debug]	        dji_protocol_v1.c:264  protocol frame length error
01-09 19:40:21.117	          linker	[Debug]	        dji_protocol_v1.c:264  protocol frame length error
01-09 19:40:21.117	          linker	[Debug]	        dji_protocol_v1.c:264  protocol frame length error
01-09 19:40:21.117	          linker	[Debug]	        dji_protocol_v1.c:264  protocol frame length error
01-09 19:40:21.117	          linker	[Debug]	        dji_protocol_v1.c:264  protocol frame length error
01-09 19:40:21.117	          linker	[Debug]	        dji_protocol_v1.c:264  protocol frame length error
01-09 19:40:21.117	          linker	[Debug]	        dji_protocol_v1.c:264  protocol frame length error
01-09 19:40:21.117	          linker	[Debug]	        dji_protocol_v1.c:264  protocol frame length error
01-09 19:40:21.117	          linker	[Debug]	        dji_protocol_v1.c:264  protocol frame length error
01-09 19:40:21.117	          linker	[Debug]	        dji_protocol_v1.c:264  protocol frame length error
01-09 19:40:21.117	          linker	[Debug]	        dji_protocol_v1.c:264  protocol frame length error
01-09 19:40:21.117	          linker	[Debug]	        dji_protocol_v1.c:264  protocol frame length error
01-09 19:40:21.117	          linker	[Debug]	        dji_protocol_v1.c:264  protocol frame length error
01-09 19:40:21.117	          linker	[Debug]	        dji_protocol_v1.c:264  protocol frame length error
01-09 19:40:21.117	          linker	[Debug]	        dji_protocol_v1.c:264  protocol frame length error
01-09 19:40:21.117	          linker	[Debug]	        dji_protocol_v1.c:264  protocol frame length error
01-09 19:40:21.117	          linker	[Debug]	        dji_protocol_v1.c:264  protocol frame length error
01-09 19:40:21.117	          linker	[Debug]	        dji_protocol_v1.c:264  protocol frame length error
01-09 19:40:21.117	          linker	[Debug]	        dji_protocol_v1.c:264  protocol frame length error
01-09 19:40:21.117	          linker	[Debug]	        dji_protocol_v1.c:264  protocol frame length error
01-09 19:40:21.117	          linker	[Debug]	        dji_protocol_v1.c:264  protocol frame length error
01-09 19:40:21.117	          linker	[Debug]	        dji_protocol_v1.c:264  protocol frame length error
01-09 19:40:21.117	          linker	[Debug]	        dji_protocol_v1.c:264  protocol frame length error
01-09 19:40:21.117	          linker	[Debug]	        dji_protocol_v1.c:264  protocol frame length error
01-09 19:40:21.117	          linker	[Debug]	        dji_protocol_v1.c:264  protocol frame length error
01-09 19:40:21.117	          linker	[Debug]	        dji_protocol_v1.c:264  protocol frame length error
01-09 19:40:21.117	          linker	[Debug]	        dji_protocol_v1.c:264  protocol frame length error
01-09 19:40:21.117	          linker	[Debug]	        dji_protocol_v1.c:264  protocol frame length error
01-09 19:40:21.117	          linker	[Debug]	        dji_protocol_v1.c:264  protocol frame length error
01-09 19:40:21.117	          linker	[Debug]	        dji_protocol_v1.c:264  protocol frame length error
01-09 19:40:21.117	          linker	[Debug]	        dji_protocol_v1.c:264  protocol frame length error
01-09 19:40:21.117	          linker	[Debug]	        dji_protocol_v1.c:264  protocol frame length error
01-09 19:40:21.117	          linker	[Debug]	        dji_protocol_v1.c:264  protocol frame length error
01-09 19:40:21.117	          linker	[Debug]	        dji_protocol_v1.c:264  protocol frame length error
01-09 19:40:21.117	          linker	[Debug]	        dji_protocol_v1.c:264  protocol frame length error
01-09 19:40:21.117	          linker	[Debug]	        dji_protocol_v1.c:264  protocol frame length error
01-09 19:40:21.117	          linker	[Debug]	        dji_protocol_v1.c:264  protocol frame length error
01-09 19:40:21.117	          linker	[Debug]	        dji_protocol_v1.c:264  protocol frame length error
01-09 19:40:21.117	          linker	[Debug]	        dji_protocol_v1.c:264  protocol frame length error
01-09 19:40:21.117	          linker	[Debug]	        dji_protocol_v1.c:264  protocol frame length error
01-09 19:40:21.117	          linker	[Debug]	        dji_protocol_v1.c:264  protocol frame length error
01-09 19:40:21.117	          linker	[Debug]	        dji_protocol_v1.c:264  protocol frame length error
01-09 19:40:21.117	          linker	[Debug]	        dji_protocol_v1.c:264  protocol frame length error
01-09 19:40:21.117	          linker	[Debug]	        dji_protocol_v1.c:264  protocol frame length error
01-09 19:40:21.117	          linker	[Debug]	        dji_protocol_v1.c:264  protocol frame length error
01-09 19:40:21.117	          linker	[Debug]	        dji_protocol_v1.c:264  protocol frame length error
The log is overflow
The log is overflow
The log is overflow
The log is overflow
The log is overflow
The log is overflow
01-09 19:40:21.117	          linker	[Debug]	        dji_protocol_v1.c:264  protocol frame length error
The log is overflow
01-09 19:40:21.117	          linker	[Debug]	        dji_protocol_v1.c:264  protocol frame length error
01-09 19:40:21.117	          linker	[Debug]	        dji_protocol_v1.c:264  protocol frame length error
01-09 19:40:21.117	          linker	[Debug]	        dji_protocol_v1.c:264  protocol frame length error
01-09 19:40:21.117	          linker	[Debug]	        dji_protocol_v1.c:264  protocol frame length error
01-09 19:40:21.117	          linker	[Debug]	        dji_protocol_v1.c:264  protocol frame length error
01-09 19:40:21.117	          linker	[Debug]	        dji_protocol_v1.c:264  protocol frame length error
01-09 19:40:21.117	          linker	[Debug]	        dji_protocol_v1.c:264  protocol frame length error
01-09 19:40:21.117	          linker	[Debug]	        dji_protocol_v1.c:264  protocol frame length error
01-09 19:40:21.117	          linker	[Debug]	        dji_protocol_v1.c:264  protocol frame length error
01-09 19:40:21.117	          linker	[Debug]	        dji_protocol_v1.c:264  protocol frame length error
01-09 19:40:21.117	          linker	[Debug]	        dji_protocol_v1.c:264  protocol frame length error
01-09 19:40:21.117	          linker	[Debug]	        dji_protocol_v1.c:264  protocol frame length error
01-09 19:40:21.117	          linker	[Debug]	        dji_protocol_v1.c:264  protocol frame length error
01-09 19:40:21.118	          linker	[Debug]	        dji_protocol_v1.c:264  protocol frame length error
01-09 19:40:21.118	          linker	[Debug]	        dji_protocol_v1.c:264  protocol frame length error
01-09 19:40:21.118	          linker	[Debug]	        dji_protocol_v1.c:264  protocol frame length error
01-09 19:40:21.118	          linker	[Debug]	        dji_protocol_v1.c:264  protocol frame length error
01-09 19:40:21.118	          linker	[Debug]	        dji_protocol_v1.c:264  protocol frame length error
01-09 19:40:21.118	          linker	[Debug]	        dji_protocol_v1.c:264  protocol frame length error
01-09 19:40:21.118	          linker	[Debug]	        dji_protocol_v1.c:264  protocol frame length error
01-09 19:40:21.118	          linker	[Debug]	        dji_protocol_v1.c:264  protocol frame length error
01-09 19:40:21.118	          linker	[Debug]	        dji_protocol_v1.c:264  protocol frame length error
01-09 19:40:21.118	          linker	[Debug]	        dji_protocol_v1.c:264  protocol frame length error
01-09 19:40:21.118	          linker	[Debug]	        dji_protocol_v1.c:264  protocol frame length error
01-09 19:40:21.118	          linker	[Debug]	        dji_protocol_v1.c:264  protocol frame length error
01-09 19:40:21.118	          linker	[Debug]	        dji_protocol_v1.c:264  protocol frame length error
01-09 19:40:21.118	          linker	[Debug]	        dji_protocol_v1.c:264  protocol frame length error
01-09 19:40:21.118	          linker	[Debug]	        dji_protocol_v1.c:264  protocol frame length error
01-09 19:40:21.118	          linker	[Debug]	        dji_protocol_v1.c:264  protocol frame length error
01-09 19:40:21.118	          linker	[Debug]	        dji_protocol_v1.c:264  protocol frame length error
01-09 19:40:21.118	          linker	[Debug]	        dji_protocol_v1.c:264  protocol frame length error
01-09 19:40:21.118	          linker	[Debug]	        dji_protocol_v1.c:264  protocol frame length error
01-09 19:40:21.118	          linker	[Debug]	        dji_protocol_v1.c:264  protocol frame length error
01-09 19:40:21.118	          linker	[Debug]	        dji_protocol_v1.c:264  protocol frame length error
01-09 19:40:21.118	          linker	[Debug]	        dji_protocol_v1.c:264  protocol frame length error
01-09 19:40:21.118	          linker	[Debug]	        dji_protocol_v1.c:264  protocol frame length error
01-09 19:40:21.118	          linker	[Debug]	        dji_protocol_v1.c:264  protocol frame length error
01-09 19:40:21.118	          linker	[Debug]	        dji_protocol_v1.c:264  protocol frame length error
01-09 19:40:21.118	          linker	[Debug]	        dji_protocol_v1.c:264  protocol frame length error
01-09 19:40:21.118	          linker	[Debug]	        dji_protocol_v1.c:264  protocol frame length error
01-09 19:40:21.118	          linker	[Debug]	        dji_protocol_v1.c:264  protocol frame length error
01-09 19:40:21.118	          linker	[Debug]	        dji_protocol_v1.c:264  protocol frame length error
01-09 19:40:21.118	          linker	[Debug]	        dji_protocol_v1.c:264  protocol frame length error
01-09 19:40:21.118	          linker	[Debug]	        dji_protocol_v1.c:264  protocol frame length error
01-09 19:40:21.118	          linker	[Debug]	        dji_protocol_v1.c:264  protocol frame length error
01-09 19:40:21.118	          linker	[Debug]	        dji_protocol_v1.c:264  protocol frame length error
01-09 19:40:21.118	          linker	[Debug]	        dji_protocol_v1.c:264  protocol frame length error
01-09 19:40:21.118	          linker	[Debug]	        dji_protocol_v1.c:264  protocol frame length error
01-09 19:40:21.118	          linker	[Debug]	        dji_protocol_v1.c:264  protocol frame length error
01-09 19:40:21.118	          linker	[Debug]	        dji_protocol_v1.c:264  protocol frame length error
01-09 19:40:21.118	          linker	[Debug]	        dji_protocol_v1.c:264  protocol frame length error
01-09 19:40:21.118	          linker	[Debug]	        dji_protocol_v1.c:264  protocol frame length error
01-09 19:40:21.118	          linker	[Debug]	        dji_protocol_v1.c:264  protocol frame length error
01-09 19:40:21.118	          linker	[Debug]	        dji_protocol_v1.c:264  protocol frame length error
01-09 19:40:21.118	          linker	[Debug]	        dji_protocol_v1.c:264  protocol frame length error
01-09 19:40:21.118	          linker	[Debug]	        dji_protocol_v1.c:264  protocol frame length error
01-09 19:40:21.118	          linker	[Debug]	        dji_protocol_v1.c:264  protocol frame length error
01-09 19:40:21.118	          linker	[Debug]	        dji_protocol_v1.c:264  protocol frame length error
01-09 19:40:21.118	          linker	[Debug]	        dji_protocol_v1.c:264  protocol frame length error
01-09 19:40:21.118	          linker	[Debug]	        dji_protocol_v1.c:264  protocol frame length error
01-09 19:40:21.118	          linker	[Debug]	        dji_protocol_v1.c:264  protocol frame length error
01-09 19:40:21.118	          linker	[Debug]	        dji_protocol_v1.c:264  protocol frame length error
01-09 19:40:21.118	          linker	[Debug]	        dji_protocol_v1.c:264  protocol frame length error
01-09 19:40:21.118	          linker	[Debug]	        dji_protocol_v1.c:264  protocol frame length error
01-09 19:40:21.118	          linker	[Debug]	        dji_protocol_v1.c:264  protocol frame length error
01-09 19:40:21.118	          linker	[Debug]	        dji_protocol_v1.c:264  protocol frame length error
01-09 19:40:21.118	          linker	[Debug]	        dji_protocol_v1.c:264  protocol frame length error
01-09 19:40:21.118	          linker	[Debug]	        dji_protocol_v1.c:264  protocol frame length error
01-09 19:40:21.118	          linker	[Debug]	        dji_protocol_v1.c:264  protocol frame length error
01-09 19:40:21.118	          linker	[Debug]	        dji_protocol_v1.c:264  protocol frame length error
01-09 19:40:21.118	          linker	[Debug]	        dji_protocol_v1.c:264  protocol frame length error
01-09 19:40:21.118	          linker	[Debug]	        dji_protocol_v1.c:264  protocol frame length error
01-09 19:40:21.118	          linker	[Debug]	        dji_protocol_v1.c:264  protocol frame length error
01-09 19:40:21.118	          linker	[Debug]	        dji_protocol_v1.c:264  protocol frame length error
01-09 19:40:21.118	          linker	[Debug]	        dji_protocol_v1.c:264  protocol frame length error
01-09 19:40:21.118	          linker	[Debug]	        dji_protocol_v1.c:264  protocol frame length error
01-09 19:40:21.118	          linker	[Debug]	        dji_protocol_v1.c:264  protocol frame length error
01-09 19:40:21.118	          linker	[Debug]	        dji_protocol_v1.c:264  protocol frame length error
01-09 19:40:21.118	          linker	[Debug]	        dji_protocol_v1.c:264  protocol frame length error
01-09 19:40:21.118	          linker	[Debug]	        dji_protocol_v1.c:264  protocol frame length error
01-09 19:40:21.118	          linker	[Debug]	        dji_protocol_v1.c:264  protocol frame length error
01-09 19:40:21.118	          linker	[Debug]	        dji_protocol_v1.c:264  protocol frame length error
01-09 19:40:21.118	          linker	[Debug]	        dji_protocol_v1.c:264  protocol frame length error
01-09 19:40:21.118	          linker	[Debug]	        dji_protocol_v1.c:264  protocol frame length error
01-09 19:40:21.118	          linker	[Debug]	        dji_protocol_v1.c:264  protocol frame length error
01-09 19:40:21.118	          linker	[Debug]	        dji_protocol_v1.c:264  protocol frame length error
01-09 19:40:21.118	          linker	[Debug]	        dji_protocol_v1.c:264  protocol frame length error
01-09 19:40:21.118	          linker	[Debug]	        dji_protocol_v1.c:264  protocol frame length error
01-09 19:40:21.118	          linker	[Debug]	        dji_protocol_v1.c:264  protocol frame length error
01-09 19:40:21.118	          linker	[Debug]	        dji_protocol_v1.c:264  protocol frame length error
01-09 19:40:21.118	          linker	[Debug]	        dji_protocol_v1.c:264  protocol frame length error
01-09 19:40:21.118	          linker	[Debug]	        dji_protocol_v1.c:264  protocol frame length error
01-09 19:40:21.118	          linker	[Debug]	        dji_protocol_v1.c:264  protocol frame length error
01-09 19:40:21.118	          linker	[Debug]	        dji_protocol_v1.c:264  protocol frame length error
01-09 19:40:21.118	          linker	[Debug]	        dji_protocol_v1.c:264  protocol frame length error
01-09 19:40:21.118	          linker	[Debug]	        dji_protocol_v1.c:264  protocol frame length error
01-09 19:40:21.118	          linker	[Debug]	        dji_protocol_v1.c:264  protocol frame length error
01-09 19:40:21.118	          linker	[Debug]	        dji_protocol_v1.c:264  protocol frame length error
01-09 19:40:21.118	          linker	[Debug]	        dji_protocol_v1.c:264  protocol frame length error
01-09 19:40:21.118	          linker	[Debug]	        dji_protocol_v1.c:264  protocol frame length error
01-09 19:40:21.118	          linker	[Debug]	        dji_protocol_v1.c:264  protocol frame length error
01-09 19:40:21.118	          linker	[Debug]	        dji_protocol_v1.c:264  protocol frame length error
01-09 19:40:21.118	          linker	[Debug]	        dji_protocol_v1.c:264  protocol frame length error
01-09 19:40:21.118	          linker	[Debug]	        dji_protocol_v1.c:264  protocol frame length error
01-09 19:40:21.118	          linker	[Debug]	        dji_protocol_v1.c:264  protocol frame length error
01-09 19:40:21.118	          linker	[Debug]	        dji_protocol_v1.c:264  protocol frame length error
01-09 19:40:21.118	          linker	[Debug]	        dji_protocol_v1.c:264  protocol frame length error
01-09 19:40:21.118	          linker	[Debug]	        dji_protocol_v1.c:264  protocol frame length error
01-09 19:40:21.118	          linker	[Debug]	        dji_protocol_v1.c:264  protocol frame length error
01-09 19:40:21.118	          linker	[Debug]	        dji_protocol_v1.c:264  protocol frame length error
01-09 19:40:21.118	          linker	[Debug]	        dji_protocol_v1.c:264  protocol frame length error
01-09 19:40:21.118	          linker	[Debug]	        dji_protocol_v1.c:264  protocol frame length error
01-09 19:40:21.118	          linker	[Debug]	        dji_protocol_v1.c:264  protocol frame length error
01-09 19:40:21.118	          linker	[Debug]	        dji_protocol_v1.c:264  protocol frame length error
01-09 19:40:21.118	          linker	[Debug]	        dji_protocol_v1.c:264  protocol frame length error
01-09 19:40:21.118	          linker	[Debug]	        dji_protocol_v1.c:264  protocol frame length error
01-09 19:40:21.118	          linker	[Debug]	        dji_protocol_v1.c:264  protocol frame length error
01-09 19:40:21.118	          linker	[Debug]	        dji_protocol_v1.c:264  protocol frame length error
01-09 19:40:21.118	          linker	[Debug]	        dji_protocol_v1.c:264  protocol frame length error
01-09 19:40:21.118	          linker	[Debug]	        dji_protocol_v1.c:264  protocol frame length error
01-09 19:40:21.118	          linker	[Debug]	        dji_protocol_v1.c:264  protocol frame length error
01-09 19:40:21.118	          linker	[Debug]	        dji_protocol_v1.c:264  protocol frame length error
01-09 19:40:21.118	          linker	[Debug]	        dji_protocol_v1.c:264  protocol frame length error
01-09 19:40:21.118	          linker	[Debug]	        dji_protocol_v1.c:264  protocol frame length error
01-09 19:40:21.118	          linker	[Debug]	        dji_protocol_v1.c:264  protocol frame length error
01-09 19:40:21.118	          linker	[Debug]	        dji_protocol_v1.c:264  protocol frame length error
01-09 19:40:21.118	          linker	[Debug]	        dji_protocol_v1.c:264  protocol frame length error
01-09 19:40:21.118	          linker	[Debug]	        dji_protocol_v1.c:264  protocol frame length error
01-09 19:40:21.118	          linker	[Debug]	        dji_protocol_v1.c:264  protocol frame length error
01-09 19:40:21.119	          linker	[Debug]	        dji_protocol_v1.c:264  protocol frame length error
01-09 19:40:21.119	          linker	[Debug]	        dji_protocol_v1.c:264  protocol frame length error
01-09 19:40:21.119	          linker	[Debug]	        dji_protocol_v1.c:264  protocol frame length error
01-09 19:40:21.119	          linker	[Debug]	        dji_protocol_v1.c:264  protocol frame length error
01-09 19:40:21.119	          linker	[Debug]	        dji_protocol_v1.c:264  protocol frame length error
01-09 19:40:21.119	          linker	[Debug]	        dji_protocol_v1.c:264  protocol frame length error
01-09 19:40:21.119	          linker	[Debug]	        dji_protocol_v1.c:264  protocol frame length error
01-09 19:40:21.119	          linker	[Debug]	        dji_protocol_v1.c:264  protocol frame length error
01-09 19:40:21.119	          linker	[Debug]	        dji_protocol_v1.c:264  protocol frame length error
01-09 19:40:21.119	          linker	[Debug]	        dji_protocol_v1.c:264  protocol frame length error
01-09 19:40:21.119	          linker	[Debug]	        dji_protocol_v1.c:264  protocol frame length error
01-09 19:40:21.119	          linker	[Debug]	        dji_protocol_v1.c:264  protocol frame length error
01-09 19:40:21.119	          linker	[Debug]	        dji_protocol_v1.c:264  protocol frame length error
01-09 19:40:21.119	          linker	[Debug]	        dji_protocol_v1.c:264  protocol frame length error
01-09 19:40:21.119	          linker	[Debug]	        dji_protocol_v1.c:264  protocol frame length error
01-09 19:40:21.119	          linker	[Debug]	        dji_protocol_v1.c:264  protocol frame length error
01-09 19:40:21.119	          linker	[Debug]	        dji_protocol_v1.c:264  protocol frame length error
01-09 19:40:21.119	          linker	[Debug]	        dji_protocol_v1.c:264  protocol frame length error
01-09 19:40:21.119	          linker	[Debug]	        dji_protocol_v1.c:264  protocol frame length error
01-09 19:40:21.119	          linker	[Debug]	        dji_protocol_v1.c:264  protocol frame length error
01-09 19:40:21.119	          linker	[Debug]	        dji_protocol_v1.c:264  protocol frame length error
01-09 19:40:21.119	          linker	[Debug]	        dji_protocol_v1.c:264  protocol frame length error
01-09 19:40:21.119	          linker	[Debug]	        dji_protocol_v1.c:264  protocol frame length error
01-09 19:40:21.119	          linker	[Debug]	        dji_protocol_v1.c:264  protocol frame length error
01-09 19:40:21.119	          linker	[Debug]	        dji_protocol_v1.c:264  protocol frame length error
01-09 19:40:21.119	          linker	[Debug]	        dji_protocol_v1.c:264  protocol frame length error
The log is overflow
01-09 19:40:21.119	          linker	[Debug]	        dji_protocol_v1.c:264  protocol frame length error
The log is overflow
01-09 19:40:21.119	          linker	[Debug]	        dji_protocol_v1.c:264  protocol frame length error
The log is overflow
01-09 19:40:21.119	          linker	[Debug]	        dji_protocol_v1.c:264  protocol frame length error
01-09 19:40:21.119	          linker	[Debug]	        dji_protocol_v1.c:264  protocol frame length error
01-09 19:40:21.119	          linker	[Debug]	        dji_protocol_v1.c:264  protocol frame length error
01-09 19:40:21.119	          linker	[Debug]	        dji_protocol_v1.c:264  protocol frame length error
01-09 19:40:21.119	          linker	[Debug]	        dji_protocol_v1.c:264  protocol frame length error
01-09 19:40:21.119	          linker	[Debug]	        dji_protocol_v1.c:264  protocol frame length error
01-09 19:40:21.119	          linker	[Debug]	        dji_protocol_v1.c:264  protocol frame length error
01-09 19:40:21.119	          linker	[Debug]	        dji_protocol_v1.c:264  protocol frame length error
01-09 19:40:21.119	          linker	[Debug]	        dji_protocol_v1.c:264  protocol frame length error
01-09 19:40:21.119	          linker	[Debug]	        dji_protocol_v1.c:264  protocol frame length error
01-09 19:40:21.119	          linker	[Debug]	        dji_protocol_v1.c:264  protocol frame length error
01-09 19:40:21.119	          linker	[Debug]	        dji_protocol_v1.c:264  protocol frame length error
01-09 19:40:21.119	          linker	[Debug]	        dji_protocol_v1.c:264  protocol frame length error
01-09 19:40:21.119	          linker	[Debug]	        dji_protocol_v1.c:264  protocol frame length error
01-09 19:40:21.119	          linker	[Debug]	        dji_protocol_v1.c:264  protocol frame length error
01-09 19:40:21.119	          linker	[Debug]	        dji_protocol_v1.c:264  protocol frame length error
01-09 19:40:21.119	          linker	[Debug]	        dji_protocol_v1.c:264  protocol frame length error
01-09 19:40:21.119	          linker	[Debug]	        dji_protocol_v1.c:264  protocol frame length error
01-09 19:40:21.119	          linker	[Debug]	        dji_protocol_v1.c:264  protocol frame length error
01-09 19:40:21.119	          linker	[Debug]	        dji_protocol_v1.c:264  protocol frame length error
01-09 19:40:21.119	          linker	[Debug]	        dji_protocol_v1.c:264  protocol frame length error
01-09 19:40:21.119	          linker	[Debug]	        dji_protocol_v1.c:264  protocol frame length error
01-09 19:40:21.119	          linker	[Debug]	        dji_protocol_v1.c:264  protocol frame length error
01-09 19:40:21.119	          linker	[Debug]	        dji_protocol_v1.c:264  protocol frame length error
01-09 19:40:21.119	          linker	[Debug]	        dji_protocol_v1.c:264  protocol frame length error
01-09 19:40:21.119	          linker	[Debug]	        dji_protocol_v1.c:264  protocol frame length error
01-09 19:40:21.119	          linker	[Debug]	        dji_protocol_v1.c:264  protocol frame length error
01-09 19:40:21.119	          linker	[Debug]	        dji_protocol_v1.c:264  protocol frame length error
01-09 19:40:21.119	          linker	[Debug]	        dji_protocol_v1.c:264  protocol frame length error
01-09 19:40:21.119	          linker	[Debug]	        dji_protocol_v1.c:264  protocol frame length error
01-09 19:40:21.119	          linker	[Debug]	        dji_protocol_v1.c:264  protocol frame length error
01-09 19:40:21.119	          linker	[Debug]	        dji_protocol_v1.c:264  protocol frame length error
01-09 19:40:21.119	          linker	[Debug]	        dji_protocol_v1.c:264  protocol frame length error
01-09 19:40:21.119	          linker	[Debug]	        dji_protocol_v1.c:264  protocol frame length error
01-09 19:40:21.119	          linker	[Debug]	        dji_protocol_v1.c:264  protocol frame length error
01-09 19:40:21.119	          linker	[Debug]	        dji_protocol_v1.c:264  protocol frame length error
01-09 19:40:21.119	          linker	[Debug]	        dji_protocol_v1.c:264  protocol frame length error
01-09 19:40:21.119	          linker	[Debug]	        dji_protocol_v1.c:264  protocol frame length error
01-09 19:40:21.119	          linker	[Debug]	        dji_protocol_v1.c:264  protocol frame length error
01-09 19:40:21.119	          linker	[Debug]	        dji_protocol_v1.c:264  protocol frame length error
01-09 19:40:21.119	          linker	[Debug]	        dji_protocol_v1.c:264  protocol frame length error
01-09 19:40:21.119	          linker	[Debug]	        dji_protocol_v1.c:264  protocol frame length error
01-09 19:40:21.119	          linker	[Debug]	        dji_protocol_v1.c:264  protocol frame length error
01-09 19:40:21.119	          linker	[Debug]	        dji_protocol_v1.c:264  protocol frame length error
01-09 19:40:21.119	          linker	[Debug]	        dji_protocol_v1.c:264  protocol frame length error
01-09 19:40:21.119	          linker	[Debug]	        dji_protocol_v1.c:264  protocol frame length error
01-09 19:40:21.119	          linker	[Debug]	        dji_protocol_v1.c:264  protocol frame length error
01-09 19:40:21.119	          linker	[Debug]	        dji_protocol_v1.c:264  protocol frame length error
01-09 19:40:21.119	          linker	[Debug]	        dji_protocol_v1.c:264  protocol frame length error
01-09 19:40:21.119	          linker	[Debug]	        dji_protocol_v1.c:264  protocol frame length error
01-09 19:40:21.119	          linker	[Debug]	        dji_protocol_v1.c:264  protocol frame length error
01-09 19:40:21.119	          linker	[Debug]	        dji_protocol_v1.c:264  protocol frame length error
01-09 19:40:21.119	          linker	[Debug]	        dji_protocol_v1.c:264  protocol frame length error
01-09 19:40:21.119	          linker	[Debug]	        dji_protocol_v1.c:264  protocol frame length error
01-09 19:40:21.119	          linker	[Debug]	        dji_protocol_v1.c:264  protocol frame length error
01-09 19:40:21.119	          linker	[Debug]	        dji_protocol_v1.c:264  protocol frame length error
01-09 19:40:21.119	          linker	[Debug]	        dji_protocol_v1.c:264  protocol frame length error
01-09 19:40:21.119	          linker	[Debug]	        dji_protocol_v1.c:264  protocol frame length error
01-09 19:40:21.119	          linker	[Debug]	        dji_protocol_v1.c:264  protocol frame length error
01-09 19:40:21.119	          linker	[Debug]	        dji_protocol_v1.c:264  protocol frame length error
The log is overflow
The log is overflow
The log is overflow
The log is overflow
The log is overflow
The log is overflow
The log is overflow
The log is overflow
The log is overflow
The log is overflow
The log is overflow
The log is overflow
The log is overflow
The log is overflow
The log is overflow
The log is overflow
The log is overflow
The log is overflow
The log is overflow
The log is overflow
The log is overflow
The log is overflow
The log is overflow
The log is overflow
The log is overflow
The log is overflow
The log is overflow
The log is overflow
The log is overflow
The log is overflow
The log is overflow
The log is overflow
The log is overflow
The log is overflow
The log is overflow
The log is overflow
01-09 19:40:21.119	          linker	[Warn]	        dji_protocol_v1.c:272  protocol frame crc8 error
The log is overflow
01-09 19:40:21.119	          linker	[Debug]	        dji_protocol_v1.c:264  protocol frame length error
01-09 19:40:21.119	          linker	[Debug]	        dji_protocol_v1.c:264  protocol frame length error
The log is overflow
01-09 19:40:21.119	          linker	[Debug]	        dji_protocol_v1.c:264  protocol frame length error
01-09 19:40:21.119	          linker	[Debug]	        dji_protocol_v1.c:264  protocol frame length error
01-09 19:40:21.119	          linker	[Debug]	        dji_protocol_v1.c:264  protocol frame length error
01-09 19:40:21.119	          linker	[Debug]	        dji_protocol_v1.c:264  protocol frame length error
01-09 19:40:21.119	          linker	[Debug]	        dji_protocol_v1.c:264  protocol frame length error
01-09 19:40:21.119	          linker	[Debug]	        dji_protocol_v1.c:264  protocol frame length error
01-09 19:40:21.119	          linker	[Debug]	        dji_protocol_v1.c:264  protocol frame length error
01-09 19:40:21.119	          linker	[Debug]	        dji_protocol_v1.c:264  protocol frame length error
01-09 19:40:21.119	          linker	[Debug]	        dji_protocol_v1.c:264  protocol frame length error
01-09 19:40:21.119	          linker	[Debug]	        dji_protocol_v1.c:264  protocol frame length error
01-09 19:40:21.119	          linker	[Debug]	        dji_protocol_v1.c:264  protocol frame length error
01-09 19:40:21.119	          linker	[Debug]	        dji_protocol_v1.c:264  protocol frame length error
01-09 19:40:21.120	          linker	[Debug]	        dji_protocol_v1.c:264  protocol frame length error
01-09 19:40:21.120	          linker	[Debug]	        dji_protocol_v1.c:264  protocol frame length error
01-09 19:40:21.120	          linker	[Debug]	        dji_protocol_v1.c:264  protocol frame length error
01-09 19:40:21.120	          linker	[Debug]	        dji_protocol_v1.c:264  protocol frame length error
01-09 19:40:21.120	          linker	[Debug]	        dji_protocol_v1.c:264  protocol frame length error
01-09 19:40:21.120	          linker	[Debug]	        dji_protocol_v1.c:264  protocol frame length error
01-09 19:40:21.120	          linker	[Debug]	        dji_protocol_v1.c:264  protocol frame length error
01-09 19:40:21.120	          linker	[Debug]	        dji_protocol_v1.c:264  protocol frame length error
01-09 19:40:21.120	          linker	[Debug]	        dji_protocol_v1.c:264  protocol frame length error
01-09 19:40:21.120	          linker	[Debug]	        dji_protocol_v1.c:264  protocol frame length error
01-09 19:40:21.120	          linker	[Debug]	        dji_protocol_v1.c:264  protocol frame length error
01-09 19:40:21.120	          linker	[Debug]	        dji_protocol_v1.c:264  protocol frame length error
01-09 19:40:21.120	          linker	[Debug]	        dji_protocol_v1.c:264  protocol frame length error
01-09 19:40:21.120	          linker	[Debug]	        dji_protocol_v1.c:264  protocol frame length error
01-09 19:40:21.120	          linker	[Debug]	        dji_protocol_v1.c:264  protocol frame length error
01-09 19:40:21.120	          linker	[Debug]	        dji_protocol_v1.c:264  protocol frame length error
01-09 19:40:21.120	          linker	[Debug]	        dji_protocol_v1.c:264  protocol frame length error
01-09 19:40:21.120	          linker	[Debug]	        dji_protocol_v1.c:264  protocol frame length error
01-09 19:40:21.120	          linker	[Debug]	        dji_protocol_v1.c:264  protocol frame length error
01-09 19:40:21.120	          linker	[Debug]	        dji_protocol_v1.c:264  protocol frame length error
01-09 19:40:21.120	          linker	[Debug]	        dji_protocol_v1.c:264  protocol frame length error
01-09 19:40:21.120	          linker	[Debug]	        dji_protocol_v1.c:264  protocol frame length error
01-09 19:40:21.120	          linker	[Debug]	        dji_protocol_v1.c:264  protocol frame length error
01-09 19:40:21.120	          linker	[Debug]	        dji_protocol_v1.c:264  protocol frame length error
01-09 19:40:21.120	          linker	[Debug]	        dji_protocol_v1.c:264  protocol frame length error
01-09 19:40:21.120	          linker	[Debug]	        dji_protocol_v1.c:264  protocol frame length error
01-09 19:40:21.120	          linker	[Debug]	        dji_protocol_v1.c:264  protocol frame length error
01-09 19:40:21.120	          linker	[Debug]	        dji_protocol_v1.c:264  protocol frame length error
01-09 19:40:21.120	          linker	[Debug]	        dji_protocol_v1.c:264  protocol frame length error
01-09 19:40:21.120	          linker	[Debug]	        dji_protocol_v1.c:264  protocol frame length error
01-09 19:40:21.120	          linker	[Debug]	        dji_protocol_v1.c:264  protocol frame length error
01-09 19:40:21.120	          linker	[Debug]	        dji_protocol_v1.c:264  protocol frame length error
01-09 19:40:21.120	          linker	[Debug]	        dji_protocol_v1.c:264  protocol frame length error
01-09 19:40:21.120	          linker	[Debug]	        dji_protocol_v1.c:264  protocol frame length error
01-09 19:40:21.120	          linker	[Debug]	        dji_protocol_v1.c:264  protocol frame length error
01-09 19:40:21.120	          linker	[Debug]	        dji_protocol_v1.c:264  protocol frame length error
01-09 19:40:21.120	          linker	[Debug]	        dji_protocol_v1.c:264  protocol frame length error
01-09 19:40:21.120	          linker	[Debug]	        dji_protocol_v1.c:264  protocol frame length error
01-09 19:40:21.120	          linker	[Debug]	        dji_protocol_v1.c:264  protocol frame length error
01-09 19:40:21.120	          linker	[Debug]	        dji_protocol_v1.c:264  protocol frame length error
01-09 19:40:21.120	          linker	[Debug]	        dji_protocol_v1.c:264  protocol frame length error
01-09 19:40:21.120	          linker	[Debug]	        dji_protocol_v1.c:264  protocol frame length error
01-09 19:40:21.120	          linker	[Debug]	        dji_protocol_v1.c:264  protocol frame length error
01-09 19:40:21.120	          linker	[Debug]	        dji_protocol_v1.c:264  protocol frame length error
01-09 19:40:21.120	          linker	[Debug]	        dji_protocol_v1.c:264  protocol frame length error
01-09 19:40:21.120	          linker	[Debug]	        dji_protocol_v1.c:264  protocol frame length error
01-09 19:40:21.120	          linker	[Debug]	        dji_protocol_v1.c:264  protocol frame length error
01-09 19:40:21.120	          linker	[Debug]	        dji_protocol_v1.c:264  protocol frame length error
01-09 19:40:21.120	          linker	[Debug]	        dji_protocol_v1.c:264  protocol frame length error
01-09 19:40:21.120	          linker	[Debug]	        dji_protocol_v1.c:264  protocol frame length error
01-09 19:40:21.120	          linker	[Debug]	        dji_protocol_v1.c:264  protocol frame length error
01-09 19:40:21.120	          linker	[Debug]	        dji_protocol_v1.c:264  protocol frame length error
01-09 19:40:21.120	          linker	[Debug]	        dji_protocol_v1.c:264  protocol frame length error
01-09 19:40:21.120	          linker	[Debug]	        dji_protocol_v1.c:264  protocol frame length error
01-09 19:40:21.120	          linker	[Debug]	        dji_protocol_v1.c:264  protocol frame length error
01-09 19:40:21.120	          linker	[Debug]	        dji_protocol_v1.c:264  protocol frame length error
01-09 19:40:21.120	          linker	[Debug]	        dji_protocol_v1.c:264  protocol frame length error
01-09 19:40:21.120	          linker	[Debug]	        dji_protocol_v1.c:264  protocol frame length error
01-09 19:40:21.120	          linker	[Debug]	        dji_protocol_v1.c:264  protocol frame length error
The log is overflow
01-09 19:40:21.120	          linker	[Debug]	        dji_protocol_v1.c:264  protocol frame length error
The log is overflow
01-09 19:40:21.120	          linker	[Debug]	        dji_protocol_v1.c:264  protocol frame length error
01-09 19:40:21.120	          linker	[Debug]	        dji_protocol_v1.c:264  protocol frame length error
01-09 19:40:21.121	          linker	[Debug]	        dji_protocol_v1.c:264  protocol frame length error
01-09 19:40:21.121	          linker	[Debug]	        dji_protocol_v1.c:264  protocol frame length error
01-09 19:40:21.121	          linker	[Debug]	        dji_protocol_v1.c:264  protocol frame length error
01-09 19:40:21.121	          linker	[Debug]	        dji_protocol_v1.c:264  protocol frame length error
01-09 19:40:21.121	          linker	[Debug]	        dji_protocol_v1.c:264  protocol frame length error
01-09 19:40:21.121	          linker	[Debug]	        dji_protocol_v1.c:264  protocol frame length error
01-09 19:40:21.121	          linker	[Debug]	        dji_protocol_v1.c:264  protocol frame length error
01-09 19:40:21.121	          linker	[Debug]	        dji_protocol_v1.c:264  protocol frame length error
01-09 19:40:21.121	          linker	[Debug]	        dji_protocol_v1.c:264  protocol frame length error
01-09 19:40:21.121	          linker	[Debug]	        dji_protocol_v1.c:264  protocol frame length error
01-09 19:40:21.121	          linker	[Debug]	        dji_protocol_v1.c:264  protocol frame length error
01-09 19:40:21.121	          linker	[Debug]	        dji_protocol_v1.c:264  protocol frame length error
01-09 19:40:21.121	          linker	[Debug]	        dji_protocol_v1.c:264  protocol frame length error
01-09 19:40:21.121	          linker	[Debug]	        dji_protocol_v1.c:264  protocol frame length error
01-09 19:40:21.121	          linker	[Debug]	        dji_protocol_v1.c:264  protocol frame length error
01-09 19:40:21.121	          linker	[Debug]	        dji_protocol_v1.c:264  protocol frame length error
01-09 19:40:21.121	          linker	[Debug]	        dji_protocol_v1.c:264  protocol frame length error
01-09 19:40:21.121	          linker	[Debug]	        dji_protocol_v1.c:264  protocol frame length error
01-09 19:40:21.121	          linker	[Debug]	        dji_protocol_v1.c:264  protocol frame length error
01-09 19:40:21.121	          linker	[Debug]	        dji_protocol_v1.c:264  protocol frame length error
01-09 19:40:21.121	          linker	[Debug]	        dji_protocol_v1.c:264  protocol frame length error
01-09 19:40:21.121	          linker	[Debug]	        dji_protocol_v1.c:264  protocol frame length error
01-09 19:40:21.121	          linker	[Debug]	        dji_protocol_v1.c:264  protocol frame length error
01-09 19:40:21.121	          linker	[Debug]	        dji_protocol_v1.c:264  protocol frame length error
01-09 19:40:21.121	          linker	[Debug]	        dji_protocol_v1.c:264  protocol frame length error
01-09 19:40:21.121	          linker	[Debug]	        dji_protocol_v1.c:264  protocol frame length error
01-09 19:40:21.121	          linker	[Debug]	        dji_protocol_v1.c:264  protocol frame length error
01-09 19:40:21.121	          linker	[Debug]	        dji_protocol_v1.c:264  protocol frame length error
01-09 19:40:21.121	          linker	[Debug]	        dji_protocol_v1.c:264  protocol frame length error
01-09 19:40:21.121	          linker	[Debug]	        dji_protocol_v1.c:264  protocol frame length error
01-09 19:40:21.121	          linker	[Debug]	        dji_protocol_v1.c:264  protocol frame length error
01-09 19:40:21.121	          linker	[Debug]	        dji_protocol_v1.c:264  protocol frame length error
01-09 19:40:21.121	          linker	[Debug]	        dji_protocol_v1.c:264  protocol frame length error
01-09 19:40:21.121	          linker	[Debug]	        dji_protocol_v1.c:264  protocol frame length error
01-09 19:40:21.121	          linker	[Debug]	        dji_protocol_v1.c:264  protocol frame length error
01-09 19:40:21.121	          linker	[Debug]	        dji_protocol_v1.c:264  protocol frame length error
01-09 19:40:21.121	          linker	[Debug]	        dji_protocol_v1.c:264  protocol frame length error
01-09 19:40:21.121	          linker	[Debug]	        dji_protocol_v1.c:264  protocol frame length error
01-09 19:40:21.121	          linker	[Debug]	        dji_protocol_v1.c:264  protocol frame length error
01-09 19:40:21.121	          linker	[Debug]	        dji_protocol_v1.c:264  protocol frame length error
01-09 19:40:21.121	          linker	[Debug]	        dji_protocol_v1.c:264  protocol frame length error
01-09 19:40:21.121	          linker	[Debug]	        dji_protocol_v1.c:264  protocol frame length error
01-09 19:40:21.121	          linker	[Debug]	        dji_protocol_v1.c:264  protocol frame length error
01-09 19:40:21.121	          linker	[Debug]	        dji_protocol_v1.c:264  protocol frame length error
01-09 19:40:21.121	          linker	[Debug]	        dji_protocol_v1.c:264  protocol frame length error
01-09 19:40:21.121	          linker	[Debug]	        dji_protocol_v1.c:264  protocol frame length error
01-09 19:40:21.121	          linker	[Debug]	        dji_protocol_v1.c:264  protocol frame length error
01-09 19:40:21.121	          linker	[Debug]	        dji_protocol_v1.c:264  protocol frame length error
01-09 19:40:21.121	          linker	[Debug]	        dji_protocol_v1.c:264  protocol frame length error
01-09 19:40:21.121	          linker	[Debug]	        dji_protocol_v1.c:264  protocol frame length error
01-09 19:40:21.121	          linker	[Debug]	        dji_protocol_v1.c:264  protocol frame length error
01-09 19:40:21.121	          linker	[Debug]	        dji_protocol_v1.c:264  protocol frame length error
01-09 19:40:21.121	          linker	[Debug]	        dji_protocol_v1.c:264  protocol frame length error
01-09 19:40:21.121	          linker	[Debug]	        dji_protocol_v1.c:264  protocol frame length error
01-09 19:40:21.121	          linker	[Debug]	        dji_protocol_v1.c:264  protocol frame length error
01-09 19:40:21.121	          linker	[Debug]	        dji_protocol_v1.c:264  protocol frame length error
01-09 19:40:21.121	          linker	[Debug]	        dji_protocol_v1.c:264  protocol frame length error
01-09 19:40:21.121	          linker	[Debug]	        dji_protocol_v1.c:264  protocol frame length error
01-09 19:40:21.121	          linker	[Debug]	        dji_protocol_v1.c:264  protocol frame length error
01-09 19:40:21.121	          linker	[Debug]	        dji_protocol_v1.c:264  protocol frame length error
01-09 19:40:21.121	          linker	[Debug]	        dji_protocol_v1.c:264  protocol frame length error
01-09 19:40:21.121	          linker	[Debug]	        dji_protocol_v1.c:264  protocol frame length error
01-09 19:40:21.121	          linker	[Debug]	        dji_protocol_v1.c:264  protocol frame length error
01-09 19:40:21.121	          linker	[Debug]	        dji_protocol_v1.c:264  protocol frame length error
01-09 19:40:21.121	          linker	[Debug]	        dji_protocol_v1.c:264  protocol frame length error
01-09 19:40:21.121	          linker	[Debug]	        dji_protocol_v1.c:264  protocol frame length error
01-09 19:40:21.121	          linker	[Debug]	        dji_protocol_v1.c:264  protocol frame length error
01-09 19:40:21.121	          linker	[Debug]	        dji_protocol_v1.c:264  protocol frame length error
01-09 19:40:21.121	          linker	[Debug]	        dji_protocol_v1.c:264  protocol frame length error
01-09 19:40:21.121	          linker	[Debug]	        dji_protocol_v1.c:264  protocol frame length error
01-09 19:40:21.121	          linker	[Debug]	        dji_protocol_v1.c:264  protocol frame length error
01-09 19:40:21.121	          linker	[Debug]	        dji_protocol_v1.c:264  protocol frame length error
01-09 19:40:21.121	          linker	[Debug]	        dji_protocol_v1.c:264  protocol frame length error
01-09 19:40:21.121	          linker	[Debug]	        dji_protocol_v1.c:264  protocol frame length error
01-09 19:40:21.121	          linker	[Debug]	        dji_protocol_v1.c:264  protocol frame length error
01-09 19:40:21.121	          linker	[Debug]	        dji_protocol_v1.c:264  protocol frame length error
01-09 19:40:21.121	          linker	[Debug]	        dji_protocol_v1.c:264  protocol frame length error
01-09 19:40:21.121	          linker	[Debug]	        dji_protocol_v1.c:264  protocol frame length error
01-09 19:40:21.121	          linker	[Debug]	        dji_protocol_v1.c:264  protocol frame length error
01-09 19:40:21.121	          linker	[Debug]	        dji_protocol_v1.c:264  protocol frame length error
01-09 19:40:21.121	          linker	[Debug]	        dji_protocol_v1.c:264  protocol frame length error
01-09 19:40:21.121	          linker	[Debug]	        dji_protocol_v1.c:264  protocol frame length error
01-09 19:40:21.121	          linker	[Debug]	        dji_protocol_v1.c:264  protocol frame length error
01-09 19:40:21.121	          linker	[Debug]	        dji_protocol_v1.c:264  protocol frame length error
01-09 19:40:21.121	          linker	[Debug]	        dji_protocol_v1.c:264  protocol frame length error
01-09 19:40:21.121	          linker	[Debug]	        dji_protocol_v1.c:264  protocol frame length error
01-09 19:40:21.121	          linker	[Debug]	        dji_protocol_v1.c:264  protocol frame length error
01-09 19:40:21.121	          linker	[Debug]	        dji_protocol_v1.c:264  protocol frame length error
01-09 19:40:21.121	          linker	[Debug]	        dji_protocol_v1.c:264  protocol frame length error
01-09 19:40:21.121	          linker	[Debug]	        dji_protocol_v1.c:264  protocol frame length error
01-09 19:40:21.121	          linker	[Debug]	        dji_protocol_v1.c:264  protocol frame length error
01-09 19:40:21.121	          linker	[Debug]	        dji_protocol_v1.c:264  protocol frame length error
01-09 19:40:21.121	          linker	[Debug]	        dji_protocol_v1.c:264  protocol frame length error
01-09 19:40:21.121	          linker	[Debug]	        dji_protocol_v1.c:264  protocol frame length error
01-09 19:40:21.121	          linker	[Debug]	        dji_protocol_v1.c:264  protocol frame length error
01-09 19:40:21.121	          linker	[Debug]	        dji_protocol_v1.c:264  protocol frame length error
01-09 19:40:21.121	          linker	[Debug]	        dji_protocol_v1.c:264  protocol frame length error
01-09 19:40:21.121	          linker	[Debug]	        dji_protocol_v1.c:264  protocol frame length error
01-09 19:40:21.121	          linker	[Debug]	        dji_protocol_v1.c:264  protocol frame length error
01-09 19:40:21.121	          linker	[Debug]	        dji_protocol_v1.c:264  protocol frame length error
01-09 19:40:21.121	          linker	[Debug]	        dji_protocol_v1.c:264  protocol frame length error
01-09 19:40:21.121	          linker	[Debug]	        dji_protocol_v1.c:264  protocol frame length error
01-09 19:40:21.121	          linker	[Debug]	        dji_protocol_v1.c:264  protocol frame length error
01-09 19:40:21.121	          linker	[Debug]	        dji_protocol_v1.c:264  protocol frame length error
01-09 19:40:21.121	          linker	[Debug]	        dji_protocol_v1.c:264  protocol frame length error
01-09 19:40:21.121	          linker	[Debug]	        dji_protocol_v1.c:264  protocol frame length error
01-09 19:40:21.121	          linker	[Debug]	        dji_protocol_v1.c:264  protocol frame length error
01-09 19:40:21.121	          linker	[Debug]	        dji_protocol_v1.c:264  protocol frame length error
01-09 19:40:21.121	          linker	[Debug]	        dji_protocol_v1.c:264  protocol frame length error
01-09 19:40:21.121	          linker	[Debug]	        dji_protocol_v1.c:264  protocol frame length error
01-09 19:40:21.121	          linker	[Debug]	        dji_protocol_v1.c:264  protocol frame length error
01-09 19:40:21.122	          linker	[Debug]	        dji_protocol_v1.c:264  protocol frame length error
01-09 19:40:21.122	          linker	[Debug]	        dji_protocol_v1.c:264  protocol frame length error
01-09 19:40:21.122	          linker	[Debug]	        dji_protocol_v1.c:264  protocol frame length error
01-09 19:40:21.122	          linker	[Debug]	        dji_protocol_v1.c:264  protocol frame length error
01-09 19:40:21.122	          linker	[Debug]	        dji_protocol_v1.c:264  protocol frame length error
01-09 19:40:21.122	          linker	[Debug]	        dji_protocol_v1.c:264  protocol frame length error
01-09 19:40:21.122	          linker	[Debug]	        dji_protocol_v1.c:264  protocol frame length error
01-09 19:40:21.122	          linker	[Debug]	        dji_protocol_v1.c:264  protocol frame length error
01-09 19:40:21.122	          linker	[Debug]	        dji_protocol_v1.c:264  protocol frame length error
01-09 19:40:21.122	          linker	[Debug]	        dji_protocol_v1.c:264  protocol frame length error
01-09 19:40:21.122	          linker	[Debug]	        dji_protocol_v1.c:264  protocol frame length error
01-09 19:40:21.122	          linker	[Debug]	        dji_protocol_v1.c:264  protocol frame length error
01-09 19:40:21.122	          linker	[Debug]	        dji_protocol_v1.c:264  protocol frame length error
01-09 19:40:21.122	          linker	[Debug]	        dji_protocol_v1.c:264  protocol frame length error
01-09 19:40:21.122	          linker	[Debug]	        dji_protocol_v1.c:264  protocol frame length error
01-09 19:40:21.122	          linker	[Debug]	        dji_protocol_v1.c:264  protocol frame length error
01-09 19:40:21.122	          linker	[Debug]	        dji_protocol_v1.c:264  protocol frame length error
01-09 19:40:21.122	          linker	[Debug]	        dji_protocol_v1.c:264  protocol frame length error
01-09 19:40:21.122	          linker	[Debug]	        dji_protocol_v1.c:264  protocol frame length error
01-09 19:40:21.122	          linker	[Debug]	        dji_protocol_v1.c:264  protocol frame length error
01-09 19:40:21.122	          linker	[Debug]	        dji_protocol_v1.c:264  protocol frame length error
01-09 19:40:21.122	          linker	[Debug]	        dji_protocol_v1.c:264  protocol frame length error
01-09 19:40:21.122	          linker	[Debug]	        dji_protocol_v1.c:264  protocol frame length error
01-09 19:40:21.122	          linker	[Debug]	        dji_protocol_v1.c:264  protocol frame length error
01-09 19:40:21.122	          linker	[Debug]	        dji_protocol_v1.c:264  protocol frame length error
01-09 19:40:21.122	          linker	[Debug]	        dji_protocol_v1.c:264  protocol frame length error
01-09 19:40:21.122	          linker	[Debug]	        dji_protocol_v1.c:264  protocol frame length error
01-09 19:40:21.122	          linker	[Debug]	        dji_protocol_v1.c:264  protocol frame length error
01-09 19:40:21.122	          linker	[Debug]	        dji_protocol_v1.c:264  protocol frame length error
01-09 19:40:21.122	          linker	[Debug]	        dji_protocol_v1.c:264  protocol frame length error
01-09 19:40:21.122	          linker	[Debug]	        dji_protocol_v1.c:264  protocol frame length error
01-09 19:40:21.122	          linker	[Debug]	        dji_protocol_v1.c:264  protocol frame length error
01-09 19:40:21.122	          linker	[Debug]	        dji_protocol_v1.c:264  protocol frame length error
01-09 19:40:21.122	          linker	[Debug]	        dji_protocol_v1.c:264  protocol frame length error
01-09 19:40:21.122	          linker	[Debug]	        dji_protocol_v1.c:264  protocol frame length error
01-09 19:40:21.122	          linker	[Debug]	        dji_protocol_v1.c:264  protocol frame length error
01-09 19:40:21.122	          linker	[Debug]	        dji_protocol_v1.c:264  protocol frame length error
01-09 19:40:21.122	          linker	[Debug]	        dji_protocol_v1.c:264  protocol frame length error
01-09 19:40:21.122	          linker	[Debug]	        dji_protocol_v1.c:264  protocol frame length error
01-09 19:40:21.122	          linker	[Debug]	        dji_protocol_v1.c:264  protocol frame length error
01-09 19:40:21.122	          linker	[Debug]	        dji_protocol_v1.c:264  protocol frame length error
01-09 19:40:21.122	          linker	[Debug]	        dji_protocol_v1.c:264  protocol frame length error
01-09 19:40:21.122	          linker	[Debug]	        dji_protocol_v1.c:264  protocol frame length error
01-09 19:40:21.122	          linker	[Debug]	        dji_protocol_v1.c:264  protocol frame length error
01-09 19:40:21.122	          linker	[Debug]	        dji_protocol_v1.c:264  protocol frame length error
01-09 19:40:21.122	          linker	[Debug]	        dji_protocol_v1.c:264  protocol frame length error
The log is overflow
The log is overflow
The log is overflow
01-09 19:40:21.122	          linker	[Debug]	        dji_protocol_v1.c:264  protocol frame length error
The log is overflow
The log is overflow
The log is overflow
01-09 19:40:21.122	          linker	[Debug]	        dji_protocol_v1.c:264  protocol frame length error
01-09 19:40:21.122	          linker	[Debug]	        dji_protocol_v1.c:264  protocol frame length error
01-09 19:40:21.122	          linker	[Debug]	        dji_protocol_v1.c:264  protocol frame length error
01-09 19:40:21.122	          linker	[Debug]	        dji_protocol_v1.c:264  protocol frame length error
01-09 19:40:21.122	          linker	[Debug]	        dji_protocol_v1.c:264  protocol frame length error
01-09 19:40:21.122	          linker	[Debug]	        dji_protocol_v1.c:264  protocol frame length error
01-09 19:40:21.122	          linker	[Debug]	        dji_protocol_v1.c:264  protocol frame length error
01-09 19:40:21.122	          linker	[Debug]	        dji_protocol_v1.c:264  protocol frame length error
01-09 19:40:21.122	          linker	[Debug]	        dji_protocol_v1.c:264  protocol frame length error
01-09 19:40:21.122	          linker	[Debug]	        dji_protocol_v1.c:264  protocol frame length error
01-09 19:40:21.122	          linker	[Debug]	        dji_protocol_v1.c:264  protocol frame length error
01-09 19:40:21.122	          linker	[Debug]	        dji_protocol_v1.c:264  protocol frame length error
01-09 19:40:21.122	          linker	[Debug]	        dji_protocol_v1.c:264  protocol frame length error
01-09 19:40:21.122	          linker	[Debug]	        dji_protocol_v1.c:264  protocol frame length error
01-09 19:40:21.122	          linker	[Debug]	        dji_protocol_v1.c:264  protocol frame length error
01-09 19:40:21.122	          linker	[Debug]	        dji_protocol_v1.c:264  protocol frame length error
01-09 19:40:21.122	          linker	[Debug]	        dji_protocol_v1.c:264  protocol frame length error
01-09 19:40:21.122	          linker	[Debug]	        dji_protocol_v1.c:264  protocol frame length error
01-09 19:40:21.122	          linker	[Debug]	        dji_protocol_v1.c:264  protocol frame length error
01-09 19:40:21.122	          linker	[Debug]	        dji_protocol_v1.c:264  protocol frame length error
01-09 19:40:21.122	          linker	[Debug]	        dji_protocol_v1.c:264  protocol frame length error
01-09 19:40:21.122	          linker	[Debug]	        dji_protocol_v1.c:264  protocol frame length error
01-09 19:40:21.122	          linker	[Debug]	        dji_protocol_v1.c:264  protocol frame length error
01-09 19:40:21.122	          linker	[Debug]	        dji_protocol_v1.c:264  protocol frame length error
01-09 19:40:21.122	          linker	[Debug]	        dji_protocol_v1.c:264  protocol frame length error
01-09 19:40:21.122	          linker	[Debug]	        dji_protocol_v1.c:264  protocol frame length error
01-09 19:40:21.122	          linker	[Debug]	        dji_protocol_v1.c:264  protocol frame length error
01-09 19:40:21.122	          linker	[Debug]	        dji_protocol_v1.c:264  protocol frame length error
01-09 19:40:21.122	          linker	[Debug]	        dji_protocol_v1.c:264  protocol frame length error
01-09 19:40:21.122	          linker	[Debug]	        dji_protocol_v1.c:264  protocol frame length error
01-09 19:40:21.122	          linker	[Debug]	        dji_protocol_v1.c:264  protocol frame length error
01-09 19:40:21.122	          linker	[Debug]	        dji_protocol_v1.c:264  protocol frame length error
01-09 19:40:21.122	          linker	[Debug]	        dji_protocol_v1.c:264  protocol frame length error
01-09 19:40:21.122	          linker	[Debug]	        dji_protocol_v1.c:264  protocol frame length error
01-09 19:40:21.122	          linker	[Debug]	        dji_protocol_v1.c:264  protocol frame length error
01-09 19:40:21.122	          linker	[Debug]	        dji_protocol_v1.c:264  protocol frame length error
01-09 19:40:21.122	          linker	[Debug]	        dji_protocol_v1.c:264  protocol frame length error
01-09 19:40:21.122	          linker	[Debug]	        dji_protocol_v1.c:264  protocol frame length error
01-09 19:40:21.122	          linker	[Debug]	        dji_protocol_v1.c:264  protocol frame length error
01-09 19:40:21.122	          linker	[Debug]	        dji_protocol_v1.c:264  protocol frame length error
01-09 19:40:21.122	          linker	[Debug]	        dji_protocol_v1.c:264  protocol frame length error
01-09 19:40:21.122	          linker	[Debug]	        dji_protocol_v1.c:264  protocol frame length error
01-09 19:40:21.122	          linker	[Debug]	        dji_protocol_v1.c:264  protocol frame length error
01-09 19:40:21.122	          linker	[Debug]	        dji_protocol_v1.c:264  protocol frame length error
01-09 19:40:21.122	          linker	[Debug]	        dji_protocol_v1.c:264  protocol frame length error
01-09 19:40:21.122	          linker	[Debug]	        dji_protocol_v1.c:264  protocol frame length error
01-09 19:40:21.122	          linker	[Debug]	        dji_protocol_v1.c:264  protocol frame length error
01-09 19:40:21.122	          linker	[Debug]	        dji_protocol_v1.c:264  protocol frame length error
01-09 19:40:21.122	          linker	[Debug]	        dji_protocol_v1.c:264  protocol frame length error
01-09 19:40:21.122	          linker	[Debug]	        dji_protocol_v1.c:264  protocol frame length error
01-09 19:40:21.122	          linker	[Debug]	        dji_protocol_v1.c:264  protocol frame length error
01-09 19:40:21.122	          linker	[Debug]	        dji_protocol_v1.c:264  protocol frame length error
01-09 19:40:21.123	          linker	[Debug]	        dji_protocol_v1.c:264  protocol frame length error
01-09 19:40:21.123	          linker	[Debug]	        dji_protocol_v1.c:264  protocol frame length error
01-09 19:40:21.123	          linker	[Debug]	        dji_protocol_v1.c:264  protocol frame length error
01-09 19:40:21.123	          linker	[Debug]	        dji_protocol_v1.c:264  protocol frame length error
01-09 19:40:21.123	          linker	[Debug]	        dji_protocol_v1.c:264  protocol frame length error
01-09 19:40:21.123	          linker	[Debug]	        dji_protocol_v1.c:264  protocol frame length error
01-09 19:40:21.123	          linker	[Debug]	        dji_protocol_v1.c:264  protocol frame length error
01-09 19:40:21.123	          linker	[Debug]	        dji_protocol_v1.c:264  protocol frame length error
01-09 19:40:21.123	          linker	[Debug]	        dji_protocol_v1.c:264  protocol frame length error
01-09 19:40:21.123	          linker	[Debug]	        dji_protocol_v1.c:264  protocol frame length error
01-09 19:40:21.123	          linker	[Debug]	        dji_protocol_v1.c:264  protocol frame length error
01-09 19:40:21.123	          linker	[Debug]	        dji_protocol_v1.c:264  protocol frame length error
01-09 19:40:21.123	          linker	[Debug]	        dji_protocol_v1.c:264  protocol frame length error
01-09 19:40:21.123	          linker	[Debug]	        dji_protocol_v1.c:264  protocol frame length error
01-09 19:40:21.123	          linker	[Debug]	        dji_protocol_v1.c:264  protocol frame length error
01-09 19:40:21.123	          linker	[Debug]	        dji_protocol_v1.c:264  protocol frame length error
01-09 19:40:21.123	          linker	[Debug]	        dji_protocol_v1.c:264  protocol frame length error
01-09 19:40:21.123	          linker	[Debug]	        dji_protocol_v1.c:264  protocol frame length error
01-09 19:40:21.123	          linker	[Debug]	        dji_protocol_v1.c:264  protocol frame length error
01-09 19:40:21.123	          linker	[Debug]	        dji_protocol_v1.c:264  protocol frame length error
01-09 19:40:21.123	          linker	[Debug]	        dji_protocol_v1.c:264  protocol frame length error
01-09 19:40:21.123	          linker	[Debug]	        dji_protocol_v1.c:264  protocol frame length error
01-09 19:40:21.123	          linker	[Debug]	        dji_protocol_v1.c:264  protocol frame length error
01-09 19:40:21.123	          linker	[Debug]	        dji_protocol_v1.c:264  protocol frame length error
01-09 19:40:21.123	          linker	[Debug]	        dji_protocol_v1.c:264  protocol frame length error
01-09 19:40:21.123	          linker	[Debug]	        dji_protocol_v1.c:264  protocol frame length error
01-09 19:40:21.123	          linker	[Debug]	        dji_protocol_v1.c:264  protocol frame length error
01-09 19:40:21.123	          linker	[Debug]	        dji_protocol_v1.c:264  protocol frame length error
01-09 19:40:21.123	          linker	[Debug]	        dji_protocol_v1.c:264  protocol frame length error
01-09 19:40:21.123	          linker	[Debug]	        dji_protocol_v1.c:264  protocol frame length error
01-09 19:40:21.123	          linker	[Debug]	        dji_protocol_v1.c:264  protocol frame length error
01-09 19:40:21.123	          linker	[Debug]	        dji_protocol_v1.c:264  protocol frame length error
01-09 19:40:21.123	          linker	[Debug]	        dji_protocol_v1.c:264  protocol frame length error
01-09 19:40:21.123	          linker	[Debug]	        dji_protocol_v1.c:264  protocol frame length error
01-09 19:40:21.123	          linker	[Debug]	        dji_protocol_v1.c:264  protocol frame length error
01-09 19:40:21.123	          linker	[Debug]	        dji_protocol_v1.c:264  protocol frame length error
01-09 19:40:21.123	          linker	[Debug]	        dji_protocol_v1.c:264  protocol frame length error
01-09 19:40:21.123	          linker	[Debug]	        dji_protocol_v1.c:264  protocol frame length error
01-09 19:40:21.123	          linker	[Debug]	        dji_protocol_v1.c:264  protocol frame length error
01-09 19:40:21.123	          linker	[Debug]	        dji_protocol_v1.c:264  protocol frame length error
01-09 19:40:21.123	          linker	[Debug]	        dji_protocol_v1.c:264  protocol frame length error
01-09 19:40:21.123	          linker	[Debug]	        dji_protocol_v1.c:264  protocol frame length error
01-09 19:40:21.123	          linker	[Debug]	        dji_protocol_v1.c:264  protocol frame length error
01-09 19:40:21.123	          linker	[Debug]	        dji_protocol_v1.c:264  protocol frame length error
01-09 19:40:21.123	          linker	[Debug]	        dji_protocol_v1.c:264  protocol frame length error
01-09 19:40:21.123	          linker	[Debug]	        dji_protocol_v1.c:264  protocol frame length error
01-09 19:40:21.123	          linker	[Debug]	        dji_protocol_v1.c:264  protocol frame length error
01-09 19:40:21.123	          linker	[Debug]	        dji_protocol_v1.c:264  protocol frame length error
01-09 19:40:21.123	          linker	[Debug]	        dji_protocol_v1.c:264  protocol frame length error
01-09 19:40:21.123	          linker	[Debug]	        dji_protocol_v1.c:264  protocol frame length error
01-09 19:40:21.123	          linker	[Debug]	        dji_protocol_v1.c:264  protocol frame length error
01-09 19:40:21.123	          linker	[Debug]	        dji_protocol_v1.c:264  protocol frame length error
01-09 19:40:21.123	          linker	[Debug]	        dji_protocol_v1.c:264  protocol frame length error
01-09 19:40:21.123	          linker	[Debug]	        dji_protocol_v1.c:264  protocol frame length error
01-09 19:40:21.123	          linker	[Debug]	        dji_protocol_v1.c:264  protocol frame length error
01-09 19:40:21.123	          linker	[Debug]	        dji_protocol_v1.c:264  protocol frame length error
01-09 19:40:21.123	          linker	[Debug]	        dji_protocol_v1.c:264  protocol frame length error
01-09 19:40:21.123	          linker	[Debug]	        dji_protocol_v1.c:264  protocol frame length error
01-09 19:40:21.123	          linker	[Debug]	        dji_protocol_v1.c:264  protocol frame length error
01-09 19:40:21.123	          linker	[Debug]	        dji_protocol_v1.c:264  protocol frame length error
01-09 19:40:21.123	          linker	[Debug]	        dji_protocol_v1.c:264  protocol frame length error
01-09 19:40:21.123	          linker	[Debug]	        dji_protocol_v1.c:264  protocol frame length error
01-09 19:40:21.123	          linker	[Debug]	        dji_protocol_v1.c:264  protocol frame length error
01-09 19:40:21.123	          linker	[Debug]	        dji_protocol_v1.c:264  protocol frame length error
01-09 19:40:21.123	          linker	[Debug]	        dji_protocol_v1.c:264  protocol frame length error
01-09 19:40:21.123	          linker	[Debug]	        dji_protocol_v1.c:264  protocol frame length error
01-09 19:40:21.123	          linker	[Debug]	        dji_protocol_v1.c:264  protocol frame length error
01-09 19:40:21.123	          linker	[Debug]	        dji_protocol_v1.c:264  protocol frame length error
01-09 19:40:21.123	          linker	[Debug]	        dji_protocol_v1.c:264  protocol frame length error
01-09 19:40:21.123	          linker	[Debug]	        dji_protocol_v1.c:264  protocol frame length error
01-09 19:40:21.123	          linker	[Debug]	        dji_protocol_v1.c:264  protocol frame length error
01-09 19:40:21.123	          linker	[Debug]	        dji_protocol_v1.c:264  protocol frame length error
01-09 19:40:21.123	          linker	[Debug]	        dji_protocol_v1.c:264  protocol frame length error
01-09 19:40:21.123	          linker	[Debug]	        dji_protocol_v1.c:264  protocol frame length error
01-09 19:40:21.123	          linker	[Debug]	        dji_protocol_v1.c:264  protocol frame length error
01-09 19:40:21.123	          linker	[Debug]	        dji_protocol_v1.c:264  protocol frame length error
01-09 19:40:21.123	          linker	[Debug]	        dji_protocol_v1.c:264  protocol frame length error
01-09 19:40:21.123	          linker	[Debug]	        dji_protocol_v1.c:264  protocol frame length error
01-09 19:40:21.123	          linker	[Debug]	        dji_protocol_v1.c:264  protocol frame length error
01-09 19:40:21.123	          linker	[Debug]	        dji_protocol_v1.c:264  protocol frame length error
01-09 19:40:21.123	          linker	[Debug]	        dji_protocol_v1.c:264  protocol frame length error
01-09 19:40:21.123	          linker	[Debug]	        dji_protocol_v1.c:264  protocol frame length error
01-09 19:40:21.123	          linker	[Debug]	        dji_protocol_v1.c:264  protocol frame length error
01-09 19:40:21.123	          linker	[Debug]	        dji_protocol_v1.c:264  protocol frame length error
01-09 19:40:21.123	          linker	[Debug]	        dji_protocol_v1.c:264  protocol frame length error
01-09 19:40:21.123	          linker	[Debug]	        dji_protocol_v1.c:264  protocol frame length error
01-09 19:40:21.123	          linker	[Debug]	        dji_protocol_v1.c:264  protocol frame length error
01-09 19:40:21.123	          linker	[Debug]	        dji_protocol_v1.c:264  protocol frame length error
01-09 19:40:21.123	          linker	[Debug]	        dji_protocol_v1.c:264  protocol frame length error
01-09 19:40:21.123	          linker	[Debug]	        dji_protocol_v1.c:264  protocol frame length error
01-09 19:40:21.123	          linker	[Debug]	        dji_protocol_v1.c:264  protocol frame length error
01-09 19:40:21.123	          linker	[Debug]	        dji_protocol_v1.c:264  protocol frame length error
01-09 19:40:21.123	          linker	[Debug]	        dji_protocol_v1.c:264  protocol frame length error
01-09 19:40:21.123	          linker	[Debug]	        dji_protocol_v1.c:264  protocol frame length error
01-09 19:40:21.123	          linker	[Debug]	        dji_protocol_v1.c:264  protocol frame length error
01-09 19:40:21.123	          linker	[Debug]	        dji_protocol_v1.c:264  protocol frame length error
01-09 19:40:21.123	          linker	[Debug]	        dji_protocol_v1.c:264  protocol frame length error
01-09 19:40:21.123	          linker	[Debug]	        dji_protocol_v1.c:264  protocol frame length error
01-09 19:40:21.123	          linker	[Debug]	        dji_protocol_v1.c:264  protocol frame length error
01-09 19:40:21.123	          linker	[Debug]	        dji_protocol_v1.c:264  protocol frame length error
01-09 19:40:21.123	          linker	[Debug]	        dji_protocol_v1.c:264  protocol frame length error
01-09 19:40:21.123	          linker	[Debug]	        dji_protocol_v1.c:264  protocol frame length error
01-09 19:40:21.123	          linker	[Debug]	        dji_protocol_v1.c:264  protocol frame length error
01-09 19:40:21.123	          linker	[Debug]	        dji_protocol_v1.c:264  protocol frame length error
01-09 19:40:21.123	          linker	[Debug]	        dji_protocol_v1.c:264  protocol frame length error
01-09 19:40:21.123	          linker	[Debug]	        dji_protocol_v1.c:264  protocol frame length error
01-09 19:40:21.123	          linker	[Debug]	        dji_protocol_v1.c:264  protocol frame length error
01-09 19:40:21.123	          linker	[Debug]	        dji_protocol_v1.c:264  protocol frame length error
01-09 19:40:21.123	          linker	[Debug]	        dji_protocol_v1.c:264  protocol frame length error
01-09 19:40:21.123	          linker	[Debug]	        dji_protocol_v1.c:264  protocol frame length error
01-09 19:40:21.123	          linker	[Debug]	        dji_protocol_v1.c:264  protocol frame length error
01-09 19:40:21.123	          linker	[Debug]	        dji_protocol_v1.c:264  protocol frame length error
01-09 19:40:21.123	          linker	[Debug]	        dji_protocol_v1.c:264  protocol frame length error
01-09 19:40:21.123	          linker	[Debug]	        dji_protocol_v1.c:264  protocol frame length error
01-09 19:40:21.123	          linker	[Debug]	        dji_protocol_v1.c:264  protocol frame length error
01-09 19:40:21.123	          linker	[Debug]	        dji_protocol_v1.c:264  protocol frame length error
01-09 19:40:21.124	          linker	[Debug]	        dji_protocol_v1.c:264  protocol frame length error
01-09 19:40:21.124	          linker	[Debug]	        dji_protocol_v1.c:264  protocol frame length error
01-09 19:40:21.124	          linker	[Debug]	        dji_protocol_v1.c:264  protocol frame length error
01-09 19:40:21.124	          linker	[Debug]	        dji_protocol_v1.c:264  protocol frame length error
01-09 19:40:21.124	          linker	[Debug]	        dji_protocol_v1.c:264  protocol frame length error
01-09 19:40:21.124	          linker	[Debug]	        dji_protocol_v1.c:264  protocol frame length error
01-09 19:40:21.124	          linker	[Debug]	        dji_protocol_v1.c:264  protocol frame length error
01-09 19:40:21.124	          linker	[Debug]	        dji_protocol_v1.c:264  protocol frame length error
01-09 19:40:21.124	          linker	[Debug]	        dji_protocol_v1.c:264  protocol frame length error
01-09 19:40:21.124	          linker	[Debug]	        dji_protocol_v1.c:264  protocol frame length error
01-09 19:40:21.124	          linker	[Debug]	        dji_protocol_v1.c:264  protocol frame length error
01-09 19:40:21.124	          linker	[Debug]	        dji_protocol_v1.c:264  protocol frame length error
01-09 19:40:21.124	          linker	[Debug]	        dji_protocol_v1.c:264  protocol frame length error
01-09 19:40:21.124	          linker	[Debug]	        dji_protocol_v1.c:264  protocol frame length error
01-09 19:40:21.124	          linker	[Debug]	        dji_protocol_v1.c:264  protocol frame length error
01-09 19:40:21.124	          linker	[Debug]	        dji_protocol_v1.c:264  protocol frame length error
01-09 19:40:21.124	          linker	[Debug]	        dji_protocol_v1.c:264  protocol frame length error
01-09 19:40:21.124	          linker	[Debug]	        dji_protocol_v1.c:264  protocol frame length error
01-09 19:40:21.124	          linker	[Debug]	        dji_protocol_v1.c:264  protocol frame length error
01-09 19:40:21.124	          linker	[Debug]	        dji_protocol_v1.c:264  protocol frame length error
01-09 19:40:21.124	          linker	[Debug]	        dji_protocol_v1.c:264  protocol frame length error
01-09 19:40:21.124	          linker	[Debug]	        dji_protocol_v1.c:264  protocol frame length error
01-09 19:40:21.124	          linker	[Debug]	        dji_protocol_v1.c:264  protocol frame length error
01-09 19:40:21.124	          linker	[Debug]	        dji_protocol_v1.c:264  protocol frame length error
01-09 19:40:21.124	          linker	[Debug]	        dji_protocol_v1.c:264  protocol frame length error
01-09 19:40:21.124	          linker	[Debug]	        dji_protocol_v1.c:264  protocol frame length error
01-09 19:40:21.124	          linker	[Debug]	        dji_protocol_v1.c:264  protocol frame length error
01-09 19:40:21.124	          linker	[Debug]	        dji_protocol_v1.c:264  protocol frame length error
01-09 19:40:21.124	          linker	[Debug]	        dji_protocol_v1.c:264  protocol frame length error
01-09 19:40:21.124	          linker	[Debug]	        dji_protocol_v1.c:264  protocol frame length error
01-09 19:40:21.124	          linker	[Debug]	        dji_protocol_v1.c:264  protocol frame length error
01-09 19:40:21.124	          linker	[Debug]	        dji_protocol_v1.c:264  protocol frame length error
01-09 19:40:21.124	          linker	[Debug]	        dji_protocol_v1.c:264  protocol frame length error
01-09 19:40:21.124	          linker	[Debug]	        dji_protocol_v1.c:264  protocol frame length error
01-09 19:40:21.124	          linker	[Debug]	        dji_protocol_v1.c:264  protocol frame length error
01-09 19:40:21.124	          linker	[Debug]	        dji_protocol_v1.c:264  protocol frame length error
01-09 19:40:21.124	          linker	[Debug]	        dji_protocol_v1.c:264  protocol frame length error
01-09 19:40:21.124	          linker	[Debug]	        dji_protocol_v1.c:264  protocol frame length error
01-09 19:40:21.124	          linker	[Debug]	        dji_protocol_v1.c:264  protocol frame length error
01-09 19:40:21.124	          linker	[Debug]	        dji_protocol_v1.c:264  protocol frame length error
01-09 19:40:21.124	          linker	[Debug]	        dji_protocol_v1.c:264  protocol frame length error
01-09 19:40:21.124	          linker	[Debug]	        dji_protocol_v1.c:264  protocol frame length error
01-09 19:40:21.124	          linker	[Debug]	        dji_protocol_v1.c:264  protocol frame length error
01-09 19:40:21.124	          linker	[Debug]	        dji_protocol_v1.c:264  protocol frame length error
01-09 19:40:21.124	          linker	[Debug]	        dji_protocol_v1.c:264  protocol frame length error
01-09 19:40:21.124	          linker	[Debug]	        dji_protocol_v1.c:264  protocol frame length error
01-09 19:40:21.124	          linker	[Debug]	        dji_protocol_v1.c:264  protocol frame length error
01-09 19:40:21.124	          linker	[Debug]	        dji_protocol_v1.c:264  protocol frame length error
01-09 19:40:21.124	          linker	[Debug]	        dji_protocol_v1.c:264  protocol frame length error
01-09 19:40:21.124	          linker	[Debug]	        dji_protocol_v1.c:264  protocol frame length error
01-09 19:40:21.124	          linker	[Debug]	        dji_protocol_v1.c:264  protocol frame length error
01-09 19:40:21.124	          linker	[Debug]	        dji_protocol_v1.c:264  protocol frame length error
01-09 19:40:21.124	          linker	[Debug]	        dji_protocol_v1.c:264  protocol frame length error
01-09 19:40:21.124	          linker	[Debug]	        dji_protocol_v1.c:264  protocol frame length error
01-09 19:40:21.124	          linker	[Debug]	        dji_protocol_v1.c:264  protocol frame length error
01-09 19:40:21.124	          linker	[Debug]	        dji_protocol_v1.c:264  protocol frame length error
01-09 19:40:21.124	          linker	[Debug]	        dji_protocol_v1.c:264  protocol frame length error
01-09 19:40:21.124	          linker	[Debug]	        dji_protocol_v1.c:264  protocol frame length error
01-09 19:40:21.124	          linker	[Debug]	        dji_protocol_v1.c:264  protocol frame length error
01-09 19:40:21.124	          linker	[Debug]	        dji_protocol_v1.c:264  protocol frame length error
01-09 19:40:21.124	          linker	[Debug]	        dji_protocol_v1.c:264  protocol frame length error
01-09 19:40:21.124	          linker	[Debug]	        dji_protocol_v1.c:264  protocol frame length error
01-09 19:40:21.124	          linker	[Debug]	        dji_protocol_v1.c:264  protocol frame length error
01-09 19:40:21.124	          linker	[Debug]	        dji_protocol_v1.c:264  protocol frame length error
01-09 19:40:21.124	          linker	[Debug]	        dji_protocol_v1.c:264  protocol frame length error
01-09 19:40:21.124	          linker	[Debug]	        dji_protocol_v1.c:264  protocol frame length error
01-09 19:40:21.124	          linker	[Debug]	        dji_protocol_v1.c:264  protocol frame length error
01-09 19:40:21.124	          linker	[Debug]	        dji_protocol_v1.c:264  protocol frame length error
01-09 19:40:21.124	          linker	[Debug]	        dji_protocol_v1.c:264  protocol frame length error
01-09 19:40:21.124	          linker	[Debug]	        dji_protocol_v1.c:264  protocol frame length error
01-09 19:40:21.124	          linker	[Debug]	        dji_protocol_v1.c:264  protocol frame length error
01-09 19:40:21.124	          linker	[Debug]	        dji_protocol_v1.c:264  protocol frame length error
01-09 19:40:21.124	          linker	[Debug]	        dji_protocol_v1.c:264  protocol frame length error
01-09 19:40:21.124	          linker	[Debug]	        dji_protocol_v1.c:264  protocol frame length error
01-09 19:40:21.124	          linker	[Debug]	        dji_protocol_v1.c:264  protocol frame length error
01-09 19:40:21.124	          linker	[Debug]	        dji_protocol_v1.c:264  protocol frame length error
01-09 19:40:21.124	          linker	[Debug]	        dji_protocol_v1.c:264  protocol frame length error
01-09 19:40:21.124	          linker	[Debug]	        dji_protocol_v1.c:264  protocol frame length error
01-09 19:40:21.124	          linker	[Debug]	        dji_protocol_v1.c:264  protocol frame length error
01-09 19:40:21.124	          linker	[Debug]	        dji_protocol_v1.c:264  protocol frame length error
01-09 19:40:21.124	          linker	[Debug]	        dji_protocol_v1.c:264  protocol frame length error
01-09 19:40:21.124	          linker	[Debug]	        dji_protocol_v1.c:264  protocol frame length error
01-09 19:40:21.124	          linker	[Debug]	        dji_protocol_v1.c:264  protocol frame length error
01-09 19:40:21.124	          linker	[Debug]	        dji_protocol_v1.c:264  protocol frame length error
01-09 19:40:21.124	          linker	[Debug]	        dji_protocol_v1.c:264  protocol frame length error
01-09 19:40:21.124	          linker	[Debug]	        dji_protocol_v1.c:264  protocol frame length error
01-09 19:40:21.124	          linker	[Debug]	        dji_protocol_v1.c:264  protocol frame length error
01-09 19:40:21.124	          linker	[Debug]	        dji_protocol_v1.c:264  protocol frame length error
01-09 19:40:21.124	          linker	[Debug]	        dji_protocol_v1.c:264  protocol frame length error
01-09 19:40:21.124	          linker	[Debug]	        dji_protocol_v1.c:264  protocol frame length error
01-09 19:40:21.124	          linker	[Debug]	        dji_protocol_v1.c:264  protocol frame length error
01-09 19:40:21.124	          linker	[Debug]	        dji_protocol_v1.c:264  protocol frame length error
01-09 19:40:21.124	          linker	[Debug]	        dji_protocol_v1.c:264  protocol frame length error
01-09 19:40:21.124	          linker	[Debug]	        dji_protocol_v1.c:264  protocol frame length error
01-09 19:40:21.124	          linker	[Debug]	        dji_protocol_v1.c:264  protocol frame length error
01-09 19:40:21.124	          linker	[Debug]	        dji_protocol_v1.c:264  protocol frame length error
01-09 19:40:21.124	          linker	[Debug]	        dji_protocol_v1.c:264  protocol frame length error
01-09 19:40:21.124	          linker	[Debug]	        dji_protocol_v1.c:264  protocol frame length error
01-09 19:40:21.124	          linker	[Debug]	        dji_protocol_v1.c:264  protocol frame length error
01-09 19:40:21.124	          linker	[Debug]	        dji_protocol_v1.c:264  protocol frame length error
01-09 19:40:21.124	          linker	[Debug]	        dji_protocol_v1.c:264  protocol frame length error
01-09 19:40:21.124	          linker	[Debug]	        dji_protocol_v1.c:264  protocol frame length error
01-09 19:40:21.124	          linker	[Debug]	        dji_protocol_v1.c:264  protocol frame length error
01-09 19:40:21.124	          linker	[Debug]	        dji_protocol_v1.c:264  protocol frame length error
01-09 19:40:21.124	          linker	[Debug]	        dji_protocol_v1.c:264  protocol frame length error
01-09 19:40:21.124	          linker	[Debug]	        dji_protocol_v1.c:264  protocol frame length error
01-09 19:40:21.124	          linker	[Debug]	        dji_protocol_v1.c:264  protocol frame length error
01-09 19:40:21.124	          linker	[Debug]	        dji_protocol_v1.c:264  protocol frame length error
01-09 19:40:21.124	          linker	[Debug]	        dji_protocol_v1.c:264  protocol frame length error
01-09 19:40:21.124	          linker	[Debug]	        dji_protocol_v1.c:264  protocol frame length error
01-09 19:40:21.124	          linker	[Debug]	        dji_protocol_v1.c:264  protocol frame length error
01-09 19:40:21.124	          linker	[Debug]	        dji_protocol_v1.c:264  protocol frame length error
01-09 19:40:21.124	          linker	[Debug]	        dji_protocol_v1.c:264  protocol frame length error
01-09 19:40:21.124	          linker	[Debug]	        dji_protocol_v1.c:264  protocol frame length error
01-09 19:40:21.124	          linker	[Debug]	        dji_protocol_v1.c:264  protocol frame length error
01-09 19:40:21.124	          linker	[Debug]	        dji_protocol_v1.c:264  protocol frame length error
01-09 19:40:21.124	          linker	[Debug]	        dji_protocol_v1.c:264  protocol frame length error
01-09 19:40:21.124	          linker	[Debug]	        dji_protocol_v1.c:264  protocol frame length error
01-09 19:40:21.124	          linker	[Debug]	        dji_protocol_v1.c:264  protocol frame length error
01-09 19:40:21.124	          linker	[Debug]	        dji_protocol_v1.c:264  protocol frame length error
01-09 19:40:21.124	          linker	[Debug]	        dji_protocol_v1.c:264  protocol frame length error
01-09 19:40:21.124	          linker	[Debug]	        dji_protocol_v1.c:264  protocol frame length error
01-09 19:40:21.125	          linker	[Debug]	        dji_protocol_v1.c:264  protocol frame length error
01-09 19:40:21.125	          linker	[Debug]	        dji_protocol_v1.c:264  protocol frame length error
01-09 19:40:21.125	          linker	[Debug]	        dji_protocol_v1.c:264  protocol frame length error
01-09 19:40:21.125	          linker	[Debug]	        dji_protocol_v1.c:264  protocol frame length error
01-09 19:40:21.125	          linker	[Debug]	        dji_protocol_v1.c:264  protocol frame length error
01-09 19:40:21.125	          linker	[Debug]	        dji_protocol_v1.c:264  protocol frame length error
01-09 19:40:21.125	          linker	[Debug]	        dji_protocol_v1.c:264  protocol frame length error
01-09 19:40:21.125	          linker	[Debug]	        dji_protocol_v1.c:264  protocol frame length error
01-09 19:40:21.125	          linker	[Debug]	        dji_protocol_v1.c:264  protocol frame length error
01-09 19:40:21.125	          linker	[Debug]	        dji_protocol_v1.c:264  protocol frame length error
01-09 19:40:21.125	          linker	[Debug]	        dji_protocol_v1.c:264  protocol frame length error
01-09 19:40:21.125	          linker	[Debug]	        dji_protocol_v1.c:264  protocol frame length error
01-09 19:40:21.125	          linker	[Debug]	        dji_protocol_v1.c:264  protocol frame length error
01-09 19:40:21.125	          linker	[Debug]	        dji_protocol_v1.c:264  protocol frame length error
01-09 19:40:21.125	          linker	[Debug]	        dji_protocol_v1.c:264  protocol frame length error
01-09 19:40:21.125	          linker	[Debug]	        dji_protocol_v1.c:264  protocol frame length error
01-09 19:40:21.125	          linker	[Debug]	        dji_protocol_v1.c:264  protocol frame length error
01-09 19:40:21.125	          linker	[Debug]	        dji_protocol_v1.c:264  protocol frame length error
01-09 19:40:21.125	          linker	[Debug]	        dji_protocol_v1.c:264  protocol frame length error
01-09 19:40:21.125	          linker	[Debug]	        dji_protocol_v1.c:264  protocol frame length error
01-09 19:40:21.125	          linker	[Debug]	        dji_protocol_v1.c:264  protocol frame length error
01-09 19:40:21.125	          linker	[Debug]	        dji_protocol_v1.c:264  protocol frame length error
01-09 19:40:21.125	          linker	[Debug]	        dji_protocol_v1.c:264  protocol frame length error
01-09 19:40:21.125	          linker	[Debug]	        dji_protocol_v1.c:264  protocol frame length error
01-09 19:40:21.125	          linker	[Debug]	        dji_protocol_v1.c:264  protocol frame length error
01-09 19:40:21.125	          linker	[Debug]	        dji_protocol_v1.c:264  protocol frame length error
01-09 19:40:21.125	          linker	[Debug]	        dji_protocol_v1.c:264  protocol frame length error
01-09 19:40:21.125	          linker	[Debug]	        dji_protocol_v1.c:264  protocol frame length error
01-09 19:40:21.125	          linker	[Debug]	        dji_protocol_v1.c:264  protocol frame length error
01-09 19:40:21.125	          linker	[Debug]	        dji_protocol_v1.c:264  protocol frame length error
01-09 19:40:21.125	          linker	[Debug]	        dji_protocol_v1.c:264  protocol frame length error
01-09 19:40:21.125	          linker	[Debug]	        dji_protocol_v1.c:264  protocol frame length error
01-09 19:40:21.125	          linker	[Debug]	        dji_protocol_v1.c:264  protocol frame length error
01-09 19:40:21.125	          linker	[Debug]	        dji_protocol_v1.c:264  protocol frame length error
01-09 19:40:21.125	          linker	[Debug]	        dji_protocol_v1.c:264  protocol frame length error
01-09 19:40:21.125	          linker	[Debug]	        dji_protocol_v1.c:264  protocol frame length error
01-09 19:40:21.125	          linker	[Debug]	        dji_protocol_v1.c:264  protocol frame length error
01-09 19:40:21.125	          linker	[Debug]	        dji_protocol_v1.c:264  protocol frame length error
01-09 19:40:21.125	          linker	[Debug]	        dji_protocol_v1.c:264  protocol frame length error
01-09 19:40:21.125	          linker	[Debug]	        dji_protocol_v1.c:264  protocol frame length error
01-09 19:40:21.125	          linker	[Debug]	        dji_protocol_v1.c:264  protocol frame length error
01-09 19:40:21.125	          linker	[Debug]	        dji_protocol_v1.c:264  protocol frame length error
01-09 19:40:21.125	          linker	[Debug]	        dji_protocol_v1.c:264  protocol frame length error
01-09 19:40:21.125	          linker	[Debug]	        dji_protocol_v1.c:264  protocol frame length error
01-09 19:40:21.125	          linker	[Debug]	        dji_protocol_v1.c:264  protocol frame length error
01-09 19:40:21.125	          linker	[Debug]	        dji_protocol_v1.c:264  protocol frame length error
01-09 19:40:21.125	          linker	[Debug]	        dji_protocol_v1.c:264  protocol frame length error
01-09 19:40:21.125	          linker	[Debug]	        dji_protocol_v1.c:264  protocol frame length error
01-09 19:40:21.125	          linker	[Debug]	        dji_protocol_v1.c:264  protocol frame length error
01-09 19:40:21.125	          linker	[Debug]	        dji_protocol_v1.c:264  protocol frame length error
01-09 19:40:21.125	          linker	[Debug]	        dji_protocol_v1.c:264  protocol frame length error
01-09 19:40:21.125	          linker	[Debug]	        dji_protocol_v1.c:264  protocol frame length error
The log is overflow
The log is overflow
The log is overflow
The log is overflow
The log is overflow
The log is overflow
The log is overflow
The log is overflow
The log is overflow
The log is overflow
The log is overflow
The log is overflow
The log is overflow
The log is overflow
The log is overflow
The log is overflow
The log is overflow
The log is overflow
01-09 19:40:21.125	          linker	[Debug]	        dji_protocol_v1.c:264  protocol frame length error
The log is overflow
01-09 19:40:21.125	          linker	[Debug]	        dji_protocol_v1.c:264  protocol frame length error
01-09 19:40:21.125	          linker	[Debug]	        dji_protocol_v1.c:264  protocol frame length error
01-09 19:40:21.125	          linker	[Debug]	        dji_protocol_v1.c:264  protocol frame length error
01-09 19:40:21.125	          linker	[Debug]	        dji_protocol_v1.c:264  protocol frame length error
01-09 19:40:21.125	          linker	[Debug]	        dji_protocol_v1.c:264  protocol frame length error
The log is overflow
01-09 19:40:21.125	          linker	[Debug]	        dji_protocol_v1.c:264  protocol frame length error
01-09 19:40:21.125	          linker	[Debug]	        dji_protocol_v1.c:264  protocol frame length error
01-09 19:40:21.125	          linker	[Debug]	        dji_protocol_v1.c:264  protocol frame length error
01-09 19:40:21.125	          linker	[Debug]	        dji_protocol_v1.c:264  protocol frame length error
01-09 19:40:21.125	          linker	[Debug]	        dji_protocol_v1.c:264  protocol frame length error
01-09 19:40:21.125	          linker	[Debug]	        dji_protocol_v1.c:264  protocol frame length error
01-09 19:40:21.125	          linker	[Debug]	        dji_protocol_v1.c:264  protocol frame length error
01-09 19:40:21.125	          linker	[Debug]	        dji_protocol_v1.c:264  protocol frame length error
01-09 19:40:21.125	          linker	[Debug]	        dji_protocol_v1.c:264  protocol frame length error
01-09 19:40:21.125	          linker	[Debug]	        dji_protocol_v1.c:264  protocol frame length error
01-09 19:40:21.125	          linker	[Debug]	        dji_protocol_v1.c:264  protocol frame length error
01-09 19:40:21.125	          linker	[Debug]	        dji_protocol_v1.c:264  protocol frame length error
01-09 19:40:21.125	          linker	[Debug]	        dji_protocol_v1.c:264  protocol frame length error
01-09 19:40:21.125	          linker	[Debug]	        dji_protocol_v1.c:264  protocol frame length error
01-09 19:40:21.125	          linker	[Debug]	        dji_protocol_v1.c:264  protocol frame length error
01-09 19:40:21.125	          linker	[Debug]	        dji_protocol_v1.c:264  protocol frame length error
01-09 19:40:21.125	          linker	[Debug]	        dji_protocol_v1.c:264  protocol frame length error
01-09 19:40:21.125	          linker	[Debug]	        dji_protocol_v1.c:264  protocol frame length error
01-09 19:40:21.125	          linker	[Debug]	        dji_protocol_v1.c:264  protocol frame length error
01-09 19:40:21.125	          linker	[Debug]	        dji_protocol_v1.c:264  protocol frame length error
01-09 19:40:21.125	          linker	[Debug]	        dji_protocol_v1.c:264  protocol frame length error
01-09 19:40:21.125	          linker	[Debug]	        dji_protocol_v1.c:264  protocol frame length error
01-09 19:40:21.125	          linker	[Debug]	        dji_protocol_v1.c:264  protocol frame length error
01-09 19:40:21.125	          linker	[Debug]	        dji_protocol_v1.c:264  protocol frame length error
01-09 19:40:21.125	          linker	[Debug]	        dji_protocol_v1.c:264  protocol frame length error
01-09 19:40:21.126	          linker	[Debug]	        dji_protocol_v1.c:264  protocol frame length error
01-09 19:40:21.126	          linker	[Debug]	        dji_protocol_v1.c:264  protocol frame length error
01-09 19:40:21.126	          linker	[Debug]	        dji_protocol_v1.c:264  protocol frame length error
01-09 19:40:21.126	          linker	[Debug]	        dji_protocol_v1.c:264  protocol frame length error
01-09 19:40:21.126	          linker	[Debug]	        dji_protocol_v1.c:264  protocol frame length error
01-09 19:40:21.126	          linker	[Debug]	        dji_protocol_v1.c:264  protocol frame length error
01-09 19:40:21.126	          linker	[Debug]	        dji_protocol_v1.c:264  protocol frame length error
01-09 19:40:21.126	          linker	[Debug]	        dji_protocol_v1.c:264  protocol frame length error
01-09 19:40:21.126	          linker	[Debug]	        dji_protocol_v1.c:264  protocol frame length error
01-09 19:40:21.126	          linker	[Debug]	        dji_protocol_v1.c:264  protocol frame length error
01-09 19:40:21.126	          linker	[Debug]	        dji_protocol_v1.c:264  protocol frame length error
01-09 19:40:21.126	          linker	[Debug]	        dji_protocol_v1.c:264  protocol frame length error
01-09 19:40:21.126	          linker	[Debug]	        dji_protocol_v1.c:264  protocol frame length error
01-09 19:40:21.126	          linker	[Debug]	        dji_protocol_v1.c:264  protocol frame length error
The log is overflow
01-09 19:40:21.126	          linker	[Debug]	        dji_protocol_v1.c:264  protocol frame length error
01-09 19:40:21.126	          linker	[Debug]	        dji_protocol_v1.c:264  protocol frame length error
01-09 19:40:21.126	          linker	[Debug]	        dji_protocol_v1.c:264  protocol frame length error
01-09 19:40:21.126	          linker	[Debug]	        dji_protocol_v1.c:264  protocol frame length error
01-09 19:40:21.126	          linker	[Debug]	        dji_protocol_v1.c:264  protocol frame length error
01-09 19:40:21.126	          linker	[Debug]	        dji_protocol_v1.c:264  protocol frame length error
01-09 19:40:21.126	          linker	[Debug]	        dji_protocol_v1.c:264  protocol frame length error
01-09 19:40:21.126	          linker	[Debug]	        dji_protocol_v1.c:264  protocol frame length error
01-09 19:40:21.126	          linker	[Debug]	        dji_protocol_v1.c:264  protocol frame length error
01-09 19:40:21.126	          linker	[Debug]	        dji_protocol_v1.c:264  protocol frame length error
01-09 19:40:21.126	          linker	[Debug]	        dji_protocol_v1.c:264  protocol frame length error
01-09 19:40:21.126	          linker	[Debug]	        dji_protocol_v1.c:264  protocol frame length error
01-09 19:40:21.126	          linker	[Debug]	        dji_protocol_v1.c:264  protocol frame length error
01-09 19:40:21.126	          linker	[Debug]	        dji_protocol_v1.c:264  protocol frame length error
01-09 19:40:21.126	          linker	[Debug]	        dji_protocol_v1.c:264  protocol frame length error
01-09 19:40:21.126	          linker	[Debug]	        dji_protocol_v1.c:264  protocol frame length error
01-09 19:40:21.126	          linker	[Debug]	        dji_protocol_v1.c:264  protocol frame length error
01-09 19:40:21.126	          linker	[Debug]	        dji_protocol_v1.c:264  protocol frame length error
01-09 19:40:21.126	          linker	[Debug]	        dji_protocol_v1.c:264  protocol frame length error
01-09 19:40:21.126	          linker	[Debug]	        dji_protocol_v1.c:264  protocol frame length error
01-09 19:40:21.126	          linker	[Debug]	        dji_protocol_v1.c:264  protocol frame length error
01-09 19:40:21.126	          linker	[Debug]	        dji_protocol_v1.c:264  protocol frame length error
01-09 19:40:21.126	          linker	[Debug]	        dji_protocol_v1.c:264  protocol frame length error
01-09 19:40:21.126	          linker	[Debug]	        dji_protocol_v1.c:264  protocol frame length error
01-09 19:40:21.126	          linker	[Debug]	        dji_protocol_v1.c:264  protocol frame length error
01-09 19:40:21.126	          linker	[Debug]	        dji_protocol_v1.c:264  protocol frame length error
01-09 19:40:21.126	          linker	[Debug]	        dji_protocol_v1.c:264  protocol frame length error
01-09 19:40:21.126	          linker	[Debug]	        dji_protocol_v1.c:264  protocol frame length error
01-09 19:40:21.126	          linker	[Debug]	        dji_protocol_v1.c:264  protocol frame length error
01-09 19:40:21.126	          linker	[Debug]	        dji_protocol_v1.c:264  protocol frame length error
01-09 19:40:21.126	          linker	[Debug]	        dji_protocol_v1.c:264  protocol frame length error
01-09 19:40:21.126	          linker	[Debug]	        dji_protocol_v1.c:264  protocol frame length error
01-09 19:40:21.126	          linker	[Debug]	        dji_protocol_v1.c:264  protocol frame length error
01-09 19:40:21.126	          linker	[Debug]	        dji_protocol_v1.c:264  protocol frame length error
01-09 19:40:21.126	          linker	[Debug]	        dji_protocol_v1.c:264  protocol frame length error
01-09 19:40:21.126	          linker	[Debug]	        dji_protocol_v1.c:264  protocol frame length error
01-09 19:40:21.126	          linker	[Debug]	        dji_protocol_v1.c:264  protocol frame length error
01-09 19:40:21.126	          linker	[Debug]	        dji_protocol_v1.c:264  protocol frame length error
01-09 19:40:21.126	          linker	[Debug]	        dji_protocol_v1.c:264  protocol frame length error
01-09 19:40:21.126	          linker	[Debug]	        dji_protocol_v1.c:264  protocol frame length error
01-09 19:40:21.126	          linker	[Debug]	        dji_protocol_v1.c:264  protocol frame length error
01-09 19:40:21.126	          linker	[Debug]	        dji_protocol_v1.c:264  protocol frame length error
01-09 19:40:21.126	          linker	[Debug]	        dji_protocol_v1.c:264  protocol frame length error
01-09 19:40:21.126	          linker	[Debug]	        dji_protocol_v1.c:264  protocol frame length error
01-09 19:40:21.126	          linker	[Debug]	        dji_protocol_v1.c:264  protocol frame length error
01-09 19:40:21.126	          linker	[Debug]	        dji_protocol_v1.c:264  protocol frame length error
01-09 19:40:21.126	          linker	[Debug]	        dji_protocol_v1.c:264  protocol frame length error
01-09 19:40:21.126	          linker	[Debug]	        dji_protocol_v1.c:264  protocol frame length error
01-09 19:40:21.126	          linker	[Debug]	        dji_protocol_v1.c:264  protocol frame length error
01-09 19:40:21.126	          linker	[Debug]	        dji_protocol_v1.c:264  protocol frame length error
01-09 19:40:21.126	          linker	[Debug]	        dji_protocol_v1.c:264  protocol frame length error
01-09 19:40:21.126	          linker	[Debug]	        dji_protocol_v1.c:264  protocol frame length error
01-09 19:40:21.126	          linker	[Debug]	        dji_protocol_v1.c:264  protocol frame length error
01-09 19:40:21.126	          linker	[Debug]	        dji_protocol_v1.c:264  protocol frame length error
01-09 19:40:21.126	          linker	[Debug]	        dji_protocol_v1.c:264  protocol frame length error
01-09 19:40:21.126	          linker	[Debug]	        dji_protocol_v1.c:264  protocol frame length error
01-09 19:40:21.126	          linker	[Debug]	        dji_protocol_v1.c:264  protocol frame length error
01-09 19:40:21.126	          linker	[Debug]	        dji_protocol_v1.c:264  protocol frame length error
01-09 19:40:21.126	          linker	[Debug]	        dji_protocol_v1.c:264  protocol frame length error
01-09 19:40:21.126	          linker	[Debug]	        dji_protocol_v1.c:264  protocol frame length error
01-09 19:40:21.126	          linker	[Debug]	        dji_protocol_v1.c:264  protocol frame length error
01-09 19:40:21.126	          linker	[Debug]	        dji_protocol_v1.c:264  protocol frame length error
01-09 19:40:21.126	          linker	[Debug]	        dji_protocol_v1.c:264  protocol frame length error
01-09 19:40:21.126	          linker	[Debug]	        dji_protocol_v1.c:264  protocol frame length error
01-09 19:40:21.126	          linker	[Debug]	        dji_protocol_v1.c:264  protocol frame length error
01-09 19:40:21.126	          linker	[Debug]	        dji_protocol_v1.c:264  protocol frame length error
01-09 19:40:21.126	          linker	[Debug]	        dji_protocol_v1.c:264  protocol frame length error
01-09 19:40:21.126	          linker	[Debug]	        dji_protocol_v1.c:264  protocol frame length error
01-09 19:40:21.126	          linker	[Debug]	        dji_protocol_v1.c:264  protocol frame length error
01-09 19:40:21.126	          linker	[Debug]	        dji_protocol_v1.c:264  protocol frame length error
01-09 19:40:21.126	          linker	[Debug]	        dji_protocol_v1.c:264  protocol frame length error
01-09 19:40:21.126	          linker	[Debug]	        dji_protocol_v1.c:264  protocol frame length error
01-09 19:40:21.126	          linker	[Debug]	        dji_protocol_v1.c:264  protocol frame length error
01-09 19:40:21.126	          linker	[Debug]	        dji_protocol_v1.c:264  protocol frame length error
01-09 19:40:21.126	          linker	[Debug]	        dji_protocol_v1.c:264  protocol frame length error
01-09 19:40:21.126	          linker	[Debug]	        dji_protocol_v1.c:264  protocol frame length error
01-09 19:40:21.126	          linker	[Debug]	        dji_protocol_v1.c:264  protocol frame length error
01-09 19:40:21.126	          linker	[Debug]	        dji_protocol_v1.c:264  protocol frame length error
01-09 19:40:21.126	          linker	[Debug]	        dji_protocol_v1.c:264  protocol frame length error
01-09 19:40:21.126	          linker	[Debug]	        dji_protocol_v1.c:264  protocol frame length error
01-09 19:40:21.126	          linker	[Debug]	        dji_protocol_v1.c:264  protocol frame length error
01-09 19:40:21.126	          linker	[Debug]	        dji_protocol_v1.c:264  protocol frame length error
01-09 19:40:21.126	          linker	[Debug]	        dji_protocol_v1.c:264  protocol frame length error
01-09 19:40:21.126	          linker	[Debug]	        dji_protocol_v1.c:264  protocol frame length error
01-09 19:40:21.126	          linker	[Debug]	        dji_protocol_v1.c:264  protocol frame length error
01-09 19:40:21.126	          linker	[Debug]	        dji_protocol_v1.c:264  protocol frame length error
01-09 19:40:21.126	          linker	[Debug]	        dji_protocol_v1.c:264  protocol frame length error
01-09 19:40:21.126	          linker	[Debug]	        dji_protocol_v1.c:264  protocol frame length error
01-09 19:40:21.126	          linker	[Debug]	        dji_protocol_v1.c:264  protocol frame length error
01-09 19:40:21.126	          linker	[Debug]	        dji_protocol_v1.c:264  protocol frame length error
01-09 19:40:21.126	          linker	[Debug]	        dji_protocol_v1.c:264  protocol frame length error
01-09 19:40:21.126	          linker	[Debug]	        dji_protocol_v1.c:264  protocol frame length error
01-09 19:40:21.126	          linker	[Debug]	        dji_protocol_v1.c:264  protocol frame length error
01-09 19:40:21.126	          linker	[Debug]	        dji_protocol_v1.c:264  protocol frame length error
01-09 19:40:21.126	          linker	[Debug]	        dji_protocol_v1.c:264  protocol frame length error
01-09 19:40:21.126	          linker	[Debug]	        dji_protocol_v1.c:264  protocol frame length error
01-09 19:40:21.126	          linker	[Debug]	        dji_protocol_v1.c:264  protocol frame length error
01-09 19:40:21.126	          linker	[Debug]	        dji_protocol_v1.c:264  protocol frame length error
01-09 19:40:21.126	          linker	[Debug]	        dji_protocol_v1.c:264  protocol frame length error
01-09 19:40:21.126	          linker	[Debug]	        dji_protocol_v1.c:264  protocol frame length error
01-09 19:40:21.126	          linker	[Debug]	        dji_protocol_v1.c:264  protocol frame length error
01-09 19:40:21.126	          linker	[Debug]	        dji_protocol_v1.c:264  protocol frame length error
01-09 19:40:21.126	          linker	[Debug]	        dji_protocol_v1.c:264  protocol frame length error
01-09 19:40:21.127	          linker	[Debug]	        dji_protocol_v1.c:264  protocol frame length error
01-09 19:40:21.127	          linker	[Debug]	        dji_protocol_v1.c:264  protocol frame length error
01-09 19:40:21.127	          linker	[Debug]	        dji_protocol_v1.c:264  protocol frame length error
01-09 19:40:21.127	          linker	[Debug]	        dji_protocol_v1.c:264  protocol frame length error
01-09 19:40:21.127	          linker	[Debug]	        dji_protocol_v1.c:264  protocol frame length error
01-09 19:40:21.127	          linker	[Debug]	        dji_protocol_v1.c:264  protocol frame length error
01-09 19:40:21.127	          linker	[Debug]	        dji_protocol_v1.c:264  protocol frame length error
01-09 19:40:21.127	          linker	[Debug]	        dji_protocol_v1.c:264  protocol frame length error
01-09 19:40:21.127	          linker	[Debug]	        dji_protocol_v1.c:264  protocol frame length error
01-09 19:40:21.127	          linker	[Debug]	        dji_protocol_v1.c:264  protocol frame length error
01-09 19:40:21.127	          linker	[Debug]	        dji_protocol_v1.c:264  protocol frame length error
01-09 19:40:21.127	          linker	[Debug]	        dji_protocol_v1.c:264  protocol frame length error
01-09 19:40:21.127	          linker	[Debug]	        dji_protocol_v1.c:264  protocol frame length error
01-09 19:40:21.127	          linker	[Debug]	        dji_protocol_v1.c:264  protocol frame length error
01-09 19:40:21.127	          linker	[Debug]	        dji_protocol_v1.c:264  protocol frame length error
01-09 19:40:21.127	          linker	[Debug]	        dji_protocol_v1.c:264  protocol frame length error
01-09 19:40:21.127	          linker	[Debug]	        dji_protocol_v1.c:264  protocol frame length error
01-09 19:40:21.127	          linker	[Debug]	        dji_protocol_v1.c:264  protocol frame length error
01-09 19:40:21.127	          linker	[Debug]	        dji_protocol_v1.c:264  protocol frame length error
01-09 19:40:21.127	          linker	[Debug]	        dji_protocol_v1.c:264  protocol frame length error
01-09 19:40:21.127	          linker	[Debug]	        dji_protocol_v1.c:264  protocol frame length error
The log is overflow
The log is overflow
The log is overflow
The log is overflow
The log is overflow
The log is overflow
The log is overflow
The log is overflow
The log is overflow
01-09 19:40:21.127	          linker	[Debug]	        dji_protocol_v1.c:264  protocol frame length error
01-09 19:40:21.127	          linker	[Debug]	        dji_protocol_v1.c:264  protocol frame length error
01-09 19:40:21.127	          linker	[Debug]	        dji_protocol_v1.c:264  protocol frame length error
01-09 19:40:21.127	          linker	[Debug]	        dji_protocol_v1.c:264  protocol frame length error
01-09 19:40:21.127	          linker	[Debug]	        dji_protocol_v1.c:264  protocol frame length error
01-09 19:40:21.127	          linker	[Debug]	        dji_protocol_v1.c:264  protocol frame length error
01-09 19:40:21.127	          linker	[Debug]	        dji_protocol_v1.c:264  protocol frame length error
01-09 19:40:21.127	          linker	[Debug]	        dji_protocol_v1.c:264  protocol frame length error
01-09 19:40:21.127	          linker	[Debug]	        dji_protocol_v1.c:264  protocol frame length error
01-09 19:40:21.127	          linker	[Debug]	        dji_protocol_v1.c:264  protocol frame length error
01-09 19:40:21.127	          linker	[Debug]	        dji_protocol_v1.c:264  protocol frame length error
01-09 19:40:21.127	          linker	[Debug]	        dji_protocol_v1.c:264  protocol frame length error
01-09 19:40:21.127	          linker	[Debug]	        dji_protocol_v1.c:264  protocol frame length error
01-09 19:40:21.127	          linker	[Debug]	        dji_protocol_v1.c:264  protocol frame length error
01-09 19:40:21.127	          linker	[Debug]	        dji_protocol_v1.c:264  protocol frame length error
01-09 19:40:21.127	          linker	[Debug]	        dji_protocol_v1.c:264  protocol frame length error
01-09 19:40:21.127	          linker	[Debug]	        dji_protocol_v1.c:264  protocol frame length error
01-09 19:40:21.127	          linker	[Debug]	        dji_protocol_v1.c:264  protocol frame length error
01-09 19:40:21.127	          linker	[Debug]	        dji_protocol_v1.c:264  protocol frame length error
01-09 19:40:21.127	          linker	[Debug]	        dji_protocol_v1.c:264  protocol frame length error
01-09 19:40:21.127	          linker	[Debug]	        dji_protocol_v1.c:264  protocol frame length error
01-09 19:40:21.127	          linker	[Debug]	        dji_protocol_v1.c:264  protocol frame length error
01-09 19:40:21.127	          linker	[Debug]	        dji_protocol_v1.c:264  protocol frame length error
01-09 19:40:21.127	          linker	[Debug]	        dji_protocol_v1.c:264  protocol frame length error
01-09 19:40:21.127	          linker	[Debug]	        dji_protocol_v1.c:264  protocol frame length error
01-09 19:40:21.127	          linker	[Debug]	        dji_protocol_v1.c:264  protocol frame length error
01-09 19:40:21.127	          linker	[Debug]	        dji_protocol_v1.c:264  protocol frame length error
01-09 19:40:21.127	          linker	[Debug]	        dji_protocol_v1.c:264  protocol frame length error
01-09 19:40:21.127	          linker	[Debug]	        dji_protocol_v1.c:264  protocol frame length error
01-09 19:40:21.127	          linker	[Debug]	        dji_protocol_v1.c:264  protocol frame length error
01-09 19:40:21.127	          linker	[Debug]	        dji_protocol_v1.c:264  protocol frame length error
01-09 19:40:21.127	          linker	[Debug]	        dji_protocol_v1.c:264  protocol frame length error
01-09 19:40:21.127	          linker	[Debug]	        dji_protocol_v1.c:264  protocol frame length error
01-09 19:40:21.127	          linker	[Debug]	        dji_protocol_v1.c:264  protocol frame length error
01-09 19:40:21.127	          linker	[Debug]	        dji_protocol_v1.c:264  protocol frame length error
01-09 19:40:21.127	          linker	[Debug]	        dji_protocol_v1.c:264  protocol frame length error
01-09 19:40:21.127	          linker	[Debug]	        dji_protocol_v1.c:264  protocol frame length error
01-09 19:40:21.127	          linker	[Debug]	        dji_protocol_v1.c:264  protocol frame length error
01-09 19:40:21.127	          linker	[Debug]	        dji_protocol_v1.c:264  protocol frame length error
01-09 19:40:21.127	          linker	[Debug]	        dji_protocol_v1.c:264  protocol frame length error
01-09 19:40:21.127	          linker	[Debug]	        dji_protocol_v1.c:264  protocol frame length error
01-09 19:40:21.127	          linker	[Debug]	        dji_protocol_v1.c:264  protocol frame length error
01-09 19:40:21.127	          linker	[Debug]	        dji_protocol_v1.c:264  protocol frame length error
01-09 19:40:21.127	          linker	[Debug]	        dji_protocol_v1.c:264  protocol frame length error
01-09 19:40:21.127	          linker	[Debug]	        dji_protocol_v1.c:264  protocol frame length error
The log is overflow
The log is overflow
01-09 19:40:21.127	          linker	[Debug]	        dji_protocol_v1.c:264  protocol frame length error
01-09 19:40:21.127	          linker	[Debug]	        dji_protocol_v1.c:264  protocol frame length error
The log is overflow
01-09 19:40:21.127	          linker	[Debug]	        dji_protocol_v1.c:264  protocol frame length error
The log is overflow
01-09 19:40:21.127	          linker	[Debug]	        dji_protocol_v1.c:264  protocol frame length error
01-09 19:40:21.127	          linker	[Debug]	        dji_protocol_v1.c:264  protocol frame length error
01-09 19:40:21.127	          linker	[Debug]	        dji_protocol_v1.c:264  protocol frame length error
01-09 19:40:21.127	          linker	[Debug]	        dji_protocol_v1.c:264  protocol frame length error
01-09 19:40:21.127	          linker	[Debug]	        dji_protocol_v1.c:264  protocol frame length error
01-09 19:40:21.127	          linker	[Debug]	        dji_protocol_v1.c:264  protocol frame length error
01-09 19:40:21.127	          linker	[Debug]	        dji_protocol_v1.c:264  protocol frame length error
01-09 19:40:21.127	          linker	[Debug]	        dji_protocol_v1.c:264  protocol frame length error
01-09 19:40:21.127	          linker	[Debug]	        dji_protocol_v1.c:264  protocol frame length error
01-09 19:40:21.127	          linker	[Debug]	        dji_protocol_v1.c:264  protocol frame length error
01-09 19:40:21.127	          linker	[Debug]	        dji_protocol_v1.c:264  protocol frame length error
01-09 19:40:21.127	          linker	[Debug]	        dji_protocol_v1.c:264  protocol frame length error
01-09 19:40:21.127	          linker	[Debug]	        dji_protocol_v1.c:264  protocol frame length error
01-09 19:40:21.127	          linker	[Debug]	        dji_protocol_v1.c:264  protocol frame length error
01-09 19:40:21.127	          linker	[Debug]	        dji_protocol_v1.c:264  protocol frame length error
01-09 19:40:21.127	          linker	[Debug]	        dji_protocol_v1.c:264  protocol frame length error
01-09 19:40:21.127	          linker	[Debug]	        dji_protocol_v1.c:264  protocol frame length error
01-09 19:40:21.128	          linker	[Debug]	        dji_protocol_v1.c:264  protocol frame length error
01-09 19:40:21.128	          linker	[Debug]	        dji_protocol_v1.c:264  protocol frame length error
01-09 19:40:21.128	          linker	[Debug]	        dji_protocol_v1.c:264  protocol frame length error
01-09 19:40:21.128	          linker	[Debug]	        dji_protocol_v1.c:264  protocol frame length error
01-09 19:40:21.128	          linker	[Debug]	        dji_protocol_v1.c:264  protocol frame length error
01-09 19:40:21.128	          linker	[Debug]	        dji_protocol_v1.c:264  protocol frame length error
01-09 19:40:21.128	          linker	[Debug]	        dji_protocol_v1.c:264  protocol frame length error
01-09 19:40:21.128	          linker	[Debug]	        dji_protocol_v1.c:264  protocol frame length error
01-09 19:40:21.128	          linker	[Debug]	        dji_protocol_v1.c:264  protocol frame length error
01-09 19:40:21.128	          linker	[Debug]	        dji_protocol_v1.c:264  protocol frame length error
01-09 19:40:21.128	          linker	[Debug]	        dji_protocol_v1.c:264  protocol frame length error
01-09 19:40:21.128	          linker	[Debug]	        dji_protocol_v1.c:264  protocol frame length error
01-09 19:40:21.128	          linker	[Debug]	        dji_protocol_v1.c:264  protocol frame length error
01-09 19:40:21.128	          linker	[Debug]	        dji_protocol_v1.c:264  protocol frame length error
01-09 19:40:21.128	          linker	[Debug]	        dji_protocol_v1.c:264  protocol frame length error
01-09 19:40:21.128	          linker	[Debug]	        dji_protocol_v1.c:264  protocol frame length error
01-09 19:40:21.128	          linker	[Debug]	        dji_protocol_v1.c:264  protocol frame length error
01-09 19:40:21.128	          linker	[Debug]	        dji_protocol_v1.c:264  protocol frame length error
01-09 19:40:21.128	          linker	[Debug]	        dji_protocol_v1.c:264  protocol frame length error
01-09 19:40:21.128	          linker	[Debug]	        dji_protocol_v1.c:264  protocol frame length error
01-09 19:40:21.128	          linker	[Debug]	        dji_protocol_v1.c:264  protocol frame length error
01-09 19:40:21.128	          linker	[Debug]	        dji_protocol_v1.c:264  protocol frame length error
01-09 19:40:21.128	          linker	[Debug]	        dji_protocol_v1.c:264  protocol frame length error
01-09 19:40:21.128	          linker	[Debug]	        dji_protocol_v1.c:264  protocol frame length error
01-09 19:40:21.128	          linker	[Debug]	        dji_protocol_v1.c:264  protocol frame length error
01-09 19:40:21.128	          linker	[Debug]	        dji_protocol_v1.c:264  protocol frame length error
01-09 19:40:21.128	          linker	[Debug]	        dji_protocol_v1.c:264  protocol frame length error
01-09 19:40:21.128	          linker	[Debug]	        dji_protocol_v1.c:264  protocol frame length error
01-09 19:40:21.128	          linker	[Debug]	        dji_protocol_v1.c:264  protocol frame length error
01-09 19:40:21.128	          linker	[Debug]	        dji_protocol_v1.c:264  protocol frame length error
01-09 19:40:21.128	          linker	[Debug]	        dji_protocol_v1.c:264  protocol frame length error
01-09 19:40:21.128	          linker	[Debug]	        dji_protocol_v1.c:264  protocol frame length error
01-09 19:40:21.128	          linker	[Debug]	        dji_protocol_v1.c:264  protocol frame length error
01-09 19:40:21.128	          linker	[Debug]	        dji_protocol_v1.c:264  protocol frame length error
01-09 19:40:21.128	          linker	[Debug]	        dji_protocol_v1.c:264  protocol frame length error
01-09 19:40:21.128	          linker	[Debug]	        dji_protocol_v1.c:264  protocol frame length error
01-09 19:40:21.128	          linker	[Debug]	        dji_protocol_v1.c:264  protocol frame length error
01-09 19:40:21.128	          linker	[Debug]	        dji_protocol_v1.c:264  protocol frame length error
01-09 19:40:21.128	          linker	[Debug]	        dji_protocol_v1.c:264  protocol frame length error
01-09 19:40:21.128	          linker	[Debug]	        dji_protocol_v1.c:264  protocol frame length error
01-09 19:40:21.128	          linker	[Debug]	        dji_protocol_v1.c:264  protocol frame length error
01-09 19:40:21.128	          linker	[Debug]	        dji_protocol_v1.c:264  protocol frame length error
01-09 19:40:21.128	          linker	[Debug]	        dji_protocol_v1.c:264  protocol frame length error
01-09 19:40:21.128	          linker	[Debug]	        dji_protocol_v1.c:264  protocol frame length error
01-09 19:40:21.128	          linker	[Debug]	        dji_protocol_v1.c:264  protocol frame length error
01-09 19:40:21.128	          linker	[Debug]	        dji_protocol_v1.c:264  protocol frame length error
01-09 19:40:21.128	          linker	[Debug]	        dji_protocol_v1.c:264  protocol frame length error
01-09 19:40:21.128	          linker	[Debug]	        dji_protocol_v1.c:264  protocol frame length error
01-09 19:40:21.128	          linker	[Debug]	        dji_protocol_v1.c:264  protocol frame length error
01-09 19:40:21.128	          linker	[Debug]	        dji_protocol_v1.c:264  protocol frame length error
01-09 19:40:21.128	          linker	[Debug]	        dji_protocol_v1.c:264  protocol frame length error
01-09 19:40:21.128	          linker	[Debug]	        dji_protocol_v1.c:264  protocol frame length error
01-09 19:40:21.128	          linker	[Debug]	        dji_protocol_v1.c:264  protocol frame length error
01-09 19:40:21.128	          linker	[Debug]	        dji_protocol_v1.c:264  protocol frame length error
01-09 19:40:21.128	          linker	[Debug]	        dji_protocol_v1.c:264  protocol frame length error
01-09 19:40:21.128	          linker	[Debug]	        dji_protocol_v1.c:264  protocol frame length error
01-09 19:40:21.128	          linker	[Debug]	        dji_protocol_v1.c:264  protocol frame length error
01-09 19:40:21.128	          linker	[Debug]	        dji_protocol_v1.c:264  protocol frame length error
01-09 19:40:21.128	          linker	[Debug]	        dji_protocol_v1.c:264  protocol frame length error
01-09 19:40:21.128	          linker	[Debug]	        dji_protocol_v1.c:264  protocol frame length error
01-09 19:40:21.128	          linker	[Debug]	        dji_protocol_v1.c:264  protocol frame length error
01-09 19:40:21.128	          linker	[Debug]	        dji_protocol_v1.c:264  protocol frame length error
01-09 19:40:21.128	          linker	[Debug]	        dji_protocol_v1.c:264  protocol frame length error
01-09 19:40:21.128	          linker	[Debug]	        dji_protocol_v1.c:264  protocol frame length error
01-09 19:40:21.128	          linker	[Debug]	        dji_protocol_v1.c:264  protocol frame length error
01-09 19:40:21.128	          linker	[Debug]	        dji_protocol_v1.c:264  protocol frame length error
01-09 19:40:21.128	          linker	[Debug]	        dji_protocol_v1.c:264  protocol frame length error
01-09 19:40:21.128	          linker	[Debug]	        dji_protocol_v1.c:264  protocol frame length error
01-09 19:40:21.128	          linker	[Debug]	        dji_protocol_v1.c:264  protocol frame length error
01-09 19:40:21.128	          linker	[Debug]	        dji_protocol_v1.c:264  protocol frame length error
01-09 19:40:21.128	          linker	[Debug]	        dji_protocol_v1.c:264  protocol frame length error
01-09 19:40:21.128	          linker	[Debug]	        dji_protocol_v1.c:264  protocol frame length error
01-09 19:40:21.128	          linker	[Debug]	        dji_protocol_v1.c:264  protocol frame length error
01-09 19:40:21.128	          linker	[Debug]	        dji_protocol_v1.c:264  protocol frame length error
01-09 19:40:21.128	          linker	[Debug]	        dji_protocol_v1.c:264  protocol frame length error
01-09 19:40:21.128	          linker	[Debug]	        dji_protocol_v1.c:264  protocol frame length error
01-09 19:40:21.128	          linker	[Debug]	        dji_protocol_v1.c:264  protocol frame length error
01-09 19:40:21.128	          linker	[Debug]	        dji_protocol_v1.c:264  protocol frame length error
01-09 19:40:21.128	          linker	[Debug]	        dji_protocol_v1.c:264  protocol frame length error
01-09 19:40:21.128	          linker	[Debug]	        dji_protocol_v1.c:264  protocol frame length error
01-09 19:40:21.128	          linker	[Debug]	        dji_protocol_v1.c:264  protocol frame length error
01-09 19:40:21.128	          linker	[Debug]	        dji_protocol_v1.c:264  protocol frame length error
01-09 19:40:21.128	          linker	[Debug]	        dji_protocol_v1.c:264  protocol frame length error
01-09 19:40:21.128	          linker	[Debug]	        dji_protocol_v1.c:264  protocol frame length error
01-09 19:40:21.128	          linker	[Debug]	        dji_protocol_v1.c:264  protocol frame length error
01-09 19:40:21.128	          linker	[Debug]	        dji_protocol_v1.c:264  protocol frame length error
01-09 19:40:21.128	          linker	[Debug]	        dji_protocol_v1.c:264  protocol frame length error
01-09 19:40:21.128	          linker	[Debug]	        dji_protocol_v1.c:264  protocol frame length error
01-09 19:40:21.128	          linker	[Debug]	        dji_protocol_v1.c:264  protocol frame length error
01-09 19:40:21.129	          linker	[Debug]	        dji_protocol_v1.c:264  protocol frame length error
01-09 19:40:21.129	          linker	[Debug]	        dji_protocol_v1.c:264  protocol frame length error
01-09 19:40:21.129	          linker	[Debug]	        dji_protocol_v1.c:264  protocol frame length error
01-09 19:40:21.129	          linker	[Debug]	        dji_protocol_v1.c:264  protocol frame length error
01-09 19:40:21.129	          linker	[Debug]	        dji_protocol_v1.c:264  protocol frame length error
01-09 19:40:21.129	          linker	[Debug]	        dji_protocol_v1.c:264  protocol frame length error
01-09 19:40:21.129	          linker	[Debug]	        dji_protocol_v1.c:264  protocol frame length error
01-09 19:40:21.129	          linker	[Debug]	        dji_protocol_v1.c:264  protocol frame length error
01-09 19:40:21.129	          linker	[Debug]	        dji_protocol_v1.c:264  protocol frame length error
01-09 19:40:21.129	          linker	[Debug]	        dji_protocol_v1.c:264  protocol frame length error
01-09 19:40:21.129	          linker	[Debug]	        dji_protocol_v1.c:264  protocol frame length error
01-09 19:40:21.129	          linker	[Debug]	        dji_protocol_v1.c:264  protocol frame length error
01-09 19:40:21.129	          linker	[Debug]	        dji_protocol_v1.c:264  protocol frame length error
01-09 19:40:21.129	          linker	[Debug]	        dji_protocol_v1.c:264  protocol frame length error
01-09 19:40:21.129	          linker	[Debug]	        dji_protocol_v1.c:264  protocol frame length error
01-09 19:40:21.129	          linker	[Debug]	        dji_protocol_v1.c:264  protocol frame length error
01-09 19:40:21.129	          linker	[Debug]	        dji_protocol_v1.c:264  protocol frame length error
01-09 19:40:21.129	          linker	[Debug]	        dji_protocol_v1.c:264  protocol frame length error
01-09 19:40:21.129	          linker	[Debug]	        dji_protocol_v1.c:264  protocol frame length error
01-09 19:40:21.129	          linker	[Debug]	        dji_protocol_v1.c:264  protocol frame length error
01-09 19:40:21.131	          linker	[Debug]	        dji_protocol_v1.c:264  protocol frame length error
01-09 19:40:21.146	          linker	[Debug]	        dji_protocol_v1.c:264  protocol frame length error
01-09 19:40:21.146	          linker	[Debug]	        dji_protocol_v1.c:264  protocol frame length error
01-09 19:40:21.146	          linker	[Debug]	        dji_protocol_v1.c:264  protocol frame length error
01-09 19:40:21.146	          linker	[Debug]	        dji_protocol_v1.c:264  protocol frame length error
01-09 19:40:21.146	          linker	[Debug]	        dji_protocol_v1.c:264  protocol frame length error
01-09 19:40:21.146	          linker	[Debug]	        dji_protocol_v1.c:264  protocol frame length error
01-09 19:40:21.146	          linker	[Debug]	        dji_protocol_v1.c:264  protocol frame length error
01-09 19:40:21.146	          linker	[Debug]	        dji_protocol_v1.c:264  protocol frame length error
01-09 19:40:21.146	          linker	[Debug]	        dji_protocol_v1.c:264  protocol frame length error
01-09 19:40:21.146	          linker	[Debug]	        dji_protocol_v1.c:264  protocol frame length error
01-09 19:40:21.146	          linker	[Debug]	        dji_protocol_v1.c:264  protocol frame length error
01-09 19:40:21.146	          linker	[Debug]	        dji_protocol_v1.c:264  protocol frame length error
01-09 19:40:21.146	          linker	[Debug]	        dji_protocol_v1.c:264  protocol frame length error
01-09 19:40:21.146	          linker	[Debug]	        dji_protocol_v1.c:264  protocol frame length error
01-09 19:40:21.146	          linker	[Debug]	        dji_protocol_v1.c:264  protocol frame length error
01-09 19:40:21.146	          linker	[Debug]	        dji_protocol_v1.c:264  protocol frame length error
01-09 19:40:21.146	          linker	[Debug]	        dji_protocol_v1.c:264  protocol frame length error
01-09 19:40:21.146	          linker	[Debug]	        dji_protocol_v1.c:264  protocol frame length error
01-09 19:40:21.146	          linker	[Debug]	        dji_protocol_v1.c:264  protocol frame length error
01-09 19:40:21.146	          linker	[Debug]	        dji_protocol_v1.c:264  protocol frame length error
01-09 19:40:21.146	          linker	[Debug]	        dji_protocol_v1.c:264  protocol frame length error
01-09 19:40:21.146	          linker	[Debug]	        dji_protocol_v1.c:264  protocol frame length error
01-09 19:40:21.146	          linker	[Debug]	        dji_protocol_v1.c:264  protocol frame length error
01-09 19:40:21.146	          linker	[Debug]	        dji_protocol_v1.c:264  protocol frame length error
01-09 19:40:21.146	          linker	[Debug]	        dji_protocol_v1.c:264  protocol frame length error
01-09 19:40:21.146	          linker	[Debug]	        dji_protocol_v1.c:264  protocol frame length error
01-09 19:40:21.146	          linker	[Debug]	        dji_protocol_v1.c:264  protocol frame length error
01-09 19:40:21.146	          linker	[Debug]	        dji_protocol_v1.c:264  protocol frame length error
01-09 19:40:21.146	          linker	[Debug]	        dji_protocol_v1.c:264  protocol frame length error
01-09 19:40:21.146	          linker	[Debug]	        dji_protocol_v1.c:264  protocol frame length error
The log is overflow
01-09 19:40:21.146	          linker	[Debug]	        dji_protocol_v1.c:264  protocol frame length error
01-09 19:40:21.146	          linker	[Debug]	        dji_protocol_v1.c:264  protocol frame length error
01-09 19:40:21.146	          linker	[Debug]	        dji_protocol_v1.c:264  protocol frame length error
01-09 19:40:21.146	          linker	[Debug]	        dji_protocol_v1.c:264  protocol frame length error
01-09 19:40:21.146	          linker	[Debug]	        dji_protocol_v1.c:264  protocol frame length error
01-09 19:40:21.146	          linker	[Debug]	        dji_protocol_v1.c:264  protocol frame length error
01-09 19:40:21.146	          linker	[Debug]	        dji_protocol_v1.c:264  protocol frame length error
01-09 19:40:21.146	          linker	[Debug]	        dji_protocol_v1.c:264  protocol frame length error
01-09 19:40:21.146	          linker	[Debug]	        dji_protocol_v1.c:264  protocol frame length error
01-09 19:40:21.146	          linker	[Debug]	        dji_protocol_v1.c:264  protocol frame length error
01-09 19:40:21.146	          linker	[Debug]	        dji_protocol_v1.c:264  protocol frame length error
01-09 19:40:21.146	          linker	[Debug]	        dji_protocol_v1.c:264  protocol frame length error
01-09 19:40:21.146	          linker	[Debug]	        dji_protocol_v1.c:264  protocol frame length error
01-09 19:40:21.146	          linker	[Debug]	        dji_protocol_v1.c:264  protocol frame length error
01-09 19:40:21.147	          linker	[Debug]	        dji_protocol_v1.c:264  protocol frame length error
01-09 19:40:21.147	          linker	[Debug]	        dji_protocol_v1.c:264  protocol frame length error
01-09 19:40:21.147	          linker	[Debug]	        dji_protocol_v1.c:264  protocol frame length error
01-09 19:40:21.147	          linker	[Debug]	        dji_protocol_v1.c:264  protocol frame length error
01-09 19:40:21.147	          linker	[Debug]	        dji_protocol_v1.c:264  protocol frame length error
01-09 19:40:21.147	          linker	[Debug]	        dji_protocol_v1.c:264  protocol frame length error
01-09 19:40:21.147	          linker	[Debug]	        dji_protocol_v1.c:264  protocol frame length error
01-09 19:40:21.147	          linker	[Debug]	        dji_protocol_v1.c:264  protocol frame length error
01-09 19:40:21.147	          linker	[Debug]	        dji_protocol_v1.c:264  protocol frame length error
01-09 19:40:21.147	          linker	[Debug]	        dji_protocol_v1.c:264  protocol frame length error
01-09 19:40:21.147	          linker	[Debug]	        dji_protocol_v1.c:264  protocol frame length error
01-09 19:40:21.147	          linker	[Debug]	        dji_protocol_v1.c:264  protocol frame length error
01-09 19:40:21.147	          linker	[Debug]	        dji_protocol_v1.c:264  protocol frame length error
01-09 19:40:21.147	          linker	[Debug]	        dji_protocol_v1.c:264  protocol frame length error
01-09 19:40:21.147	          linker	[Debug]	        dji_protocol_v1.c:264  protocol frame length error
01-09 19:40:21.147	          linker	[Debug]	        dji_protocol_v1.c:264  protocol frame length error
01-09 19:40:21.147	          linker	[Debug]	        dji_protocol_v1.c:264  protocol frame length error
01-09 19:40:21.147	          linker	[Debug]	        dji_protocol_v1.c:264  protocol frame length error
01-09 19:40:21.147	          linker	[Debug]	        dji_protocol_v1.c:264  protocol frame length error
01-09 19:40:21.147	          linker	[Debug]	        dji_protocol_v1.c:264  protocol frame length error
01-09 19:40:21.147	          linker	[Debug]	        dji_protocol_v1.c:264  protocol frame length error
01-09 19:40:21.147	          linker	[Debug]	        dji_protocol_v1.c:264  protocol frame length error
01-09 19:40:21.147	          linker	[Debug]	        dji_protocol_v1.c:264  protocol frame length error
01-09 19:40:21.147	          linker	[Debug]	        dji_protocol_v1.c:264  protocol frame length error
01-09 19:40:21.147	          linker	[Debug]	        dji_protocol_v1.c:264  protocol frame length error
01-09 19:40:21.147	          linker	[Debug]	        dji_protocol_v1.c:264  protocol frame length error
01-09 19:40:21.147	          linker	[Debug]	        dji_protocol_v1.c:264  protocol frame length error
01-09 19:40:21.147	          linker	[Debug]	        dji_protocol_v1.c:264  protocol frame length error
01-09 19:40:21.147	          linker	[Debug]	        dji_protocol_v1.c:264  protocol frame length error
01-09 19:40:21.147	          linker	[Debug]	        dji_protocol_v1.c:264  protocol frame length error
01-09 19:40:21.147	          linker	[Debug]	        dji_protocol_v1.c:264  protocol frame length error
01-09 19:40:21.147	          linker	[Debug]	        dji_protocol_v1.c:264  protocol frame length error
01-09 19:40:21.147	          linker	[Debug]	        dji_protocol_v1.c:264  protocol frame length error
01-09 19:40:21.147	          linker	[Debug]	        dji_protocol_v1.c:264  protocol frame length error
01-09 19:40:21.147	          linker	[Debug]	        dji_protocol_v1.c:264  protocol frame length error
01-09 19:40:21.147	          linker	[Debug]	        dji_protocol_v1.c:264  protocol frame length error
01-09 19:40:21.147	          linker	[Debug]	        dji_protocol_v1.c:264  protocol frame length error
01-09 19:40:21.147	          linker	[Debug]	        dji_protocol_v1.c:264  protocol frame length error
01-09 19:40:21.147	          linker	[Debug]	        dji_protocol_v1.c:264  protocol frame length error
01-09 19:40:21.147	          linker	[Debug]	        dji_protocol_v1.c:264  protocol frame length error
01-09 19:40:21.147	          linker	[Debug]	        dji_protocol_v1.c:264  protocol frame length error
01-09 19:40:21.147	          linker	[Debug]	        dji_protocol_v1.c:264  protocol frame length error
01-09 19:40:21.147	          linker	[Debug]	        dji_protocol_v1.c:264  protocol frame length error
01-09 19:40:21.147	          linker	[Debug]	        dji_protocol_v1.c:264  protocol frame length error
01-09 19:40:21.147	          linker	[Debug]	        dji_protocol_v1.c:264  protocol frame length error
01-09 19:40:21.147	          linker	[Debug]	        dji_protocol_v1.c:264  protocol frame length error
01-09 19:40:21.147	          linker	[Debug]	        dji_protocol_v1.c:264  protocol frame length error
01-09 19:40:21.147	          linker	[Debug]	        dji_protocol_v1.c:264  protocol frame length error
01-09 19:40:21.147	          linker	[Debug]	        dji_protocol_v1.c:264  protocol frame length error
01-09 19:40:21.147	          linker	[Debug]	        dji_protocol_v1.c:264  protocol frame length error
01-09 19:40:21.147	          linker	[Debug]	        dji_protocol_v1.c:264  protocol frame length error
01-09 19:40:21.147	          linker	[Debug]	        dji_protocol_v1.c:264  protocol frame length error
01-09 19:40:21.147	          linker	[Debug]	        dji_protocol_v1.c:264  protocol frame length error
01-09 19:40:21.147	          linker	[Debug]	        dji_protocol_v1.c:264  protocol frame length error
01-09 19:40:21.147	          linker	[Debug]	        dji_protocol_v1.c:264  protocol frame length error
01-09 19:40:21.147	          linker	[Debug]	        dji_protocol_v1.c:264  protocol frame length error
01-09 19:40:21.147	          linker	[Debug]	        dji_protocol_v1.c:264  protocol frame length error
01-09 19:40:21.147	          linker	[Debug]	        dji_protocol_v1.c:264  protocol frame length error
01-09 19:40:21.147	          linker	[Debug]	        dji_protocol_v1.c:264  protocol frame length error
01-09 19:40:21.147	          linker	[Debug]	        dji_protocol_v1.c:264  protocol frame length error
01-09 19:40:21.147	          linker	[Debug]	        dji_protocol_v1.c:264  protocol frame length error
01-09 19:40:21.147	          linker	[Debug]	        dji_protocol_v1.c:264  protocol frame length error
01-09 19:40:21.147	          linker	[Debug]	        dji_protocol_v1.c:264  protocol frame length error
01-09 19:40:21.147	          linker	[Debug]	        dji_protocol_v1.c:264  protocol frame length error
01-09 19:40:21.147	          linker	[Debug]	        dji_protocol_v1.c:264  protocol frame length error
01-09 19:40:21.147	          linker	[Debug]	        dji_protocol_v1.c:264  protocol frame length error
01-09 19:40:21.147	          linker	[Debug]	        dji_protocol_v1.c:264  protocol frame length error
01-09 19:40:21.147	          linker	[Debug]	        dji_protocol_v1.c:264  protocol frame length error
01-09 19:40:21.147	          linker	[Debug]	        dji_protocol_v1.c:264  protocol frame length error
01-09 19:40:21.147	          linker	[Debug]	        dji_protocol_v1.c:264  protocol frame length error
01-09 19:40:21.147	          linker	[Debug]	        dji_protocol_v1.c:264  protocol frame length error
01-09 19:40:21.147	          linker	[Debug]	        dji_protocol_v1.c:264  protocol frame length error
01-09 19:40:21.147	          linker	[Debug]	        dji_protocol_v1.c:264  protocol frame length error
01-09 19:40:21.147	          linker	[Debug]	        dji_protocol_v1.c:264  protocol frame length error
01-09 19:40:21.147	          linker	[Debug]	        dji_protocol_v1.c:264  protocol frame length error
01-09 19:40:21.147	          linker	[Debug]	        dji_protocol_v1.c:264  protocol frame length error
01-09 19:40:21.147	          linker	[Debug]	        dji_protocol_v1.c:264  protocol frame length error
01-09 19:40:21.147	          linker	[Debug]	        dji_protocol_v1.c:264  protocol frame length error
01-09 19:40:21.147	          linker	[Debug]	        dji_protocol_v1.c:264  protocol frame length error
01-09 19:40:21.147	          linker	[Debug]	        dji_protocol_v1.c:264  protocol frame length error
01-09 19:40:21.147	          linker	[Debug]	        dji_protocol_v1.c:264  protocol frame length error
01-09 19:40:21.147	          linker	[Debug]	        dji_protocol_v1.c:264  protocol frame length error
01-09 19:40:21.147	          linker	[Debug]	        dji_protocol_v1.c:264  protocol frame length error
01-09 19:40:21.147	          linker	[Debug]	        dji_protocol_v1.c:264  protocol frame length error
01-09 19:40:21.147	          linker	[Debug]	        dji_protocol_v1.c:264  protocol frame length error
01-09 19:40:21.147	          linker	[Debug]	        dji_protocol_v1.c:264  protocol frame length error
01-09 19:40:21.147	          linker	[Debug]	        dji_protocol_v1.c:264  protocol frame length error
01-09 19:40:21.147	          linker	[Debug]	        dji_protocol_v1.c:264  protocol frame length error
01-09 19:40:21.147	          linker	[Debug]	        dji_protocol_v1.c:264  protocol frame length error
01-09 19:40:21.147	          linker	[Debug]	        dji_protocol_v1.c:264  protocol frame length error
01-09 19:40:21.147	          linker	[Debug]	        dji_protocol_v1.c:264  protocol frame length error
01-09 19:40:21.147	          linker	[Debug]	        dji_protocol_v1.c:264  protocol frame length error
01-09 19:40:21.147	          linker	[Debug]	        dji_protocol_v1.c:264  protocol frame length error
01-09 19:40:21.147	          linker	[Debug]	        dji_protocol_v1.c:264  protocol frame length error
01-09 19:40:21.147	          linker	[Debug]	        dji_protocol_v1.c:264  protocol frame length error
01-09 19:40:21.148	          linker	[Debug]	        dji_protocol_v1.c:264  protocol frame length error
The log is overflow
01-09 19:40:21.148	          linker	[Debug]	        dji_protocol_v1.c:264  protocol frame length error
01-09 19:40:21.148	          linker	[Debug]	        dji_protocol_v1.c:264  protocol frame length error
01-09 19:40:21.148	          linker	[Debug]	        dji_protocol_v1.c:264  protocol frame length error
01-09 19:40:21.148	          linker	[Debug]	        dji_protocol_v1.c:264  protocol frame length error
01-09 19:40:21.148	          linker	[Debug]	        dji_protocol_v1.c:264  protocol frame length error
01-09 19:40:21.148	          linker	[Debug]	        dji_protocol_v1.c:264  protocol frame length error
01-09 19:40:21.148	          linker	[Debug]	        dji_protocol_v1.c:264  protocol frame length error
01-09 19:40:21.148	          linker	[Debug]	        dji_protocol_v1.c:264  protocol frame length error
01-09 19:40:21.148	          linker	[Debug]	        dji_protocol_v1.c:264  protocol frame length error
01-09 19:40:21.148	          linker	[Debug]	        dji_protocol_v1.c:264  protocol frame length error
01-09 19:40:21.148	          linker	[Debug]	        dji_protocol_v1.c:264  protocol frame length error
01-09 19:40:21.148	          linker	[Debug]	        dji_protocol_v1.c:264  protocol frame length error
01-09 19:40:21.148	          linker	[Debug]	        dji_protocol_v1.c:264  protocol frame length error
01-09 19:40:21.148	          linker	[Debug]	        dji_protocol_v1.c:264  protocol frame length error
01-09 19:40:21.148	          linker	[Debug]	        dji_protocol_v1.c:264  protocol frame length error
01-09 19:40:21.148	          linker	[Debug]	        dji_protocol_v1.c:264  protocol frame length error
01-09 19:40:21.148	          linker	[Debug]	        dji_protocol_v1.c:264  protocol frame length error
01-09 19:40:21.148	          linker	[Debug]	        dji_protocol_v1.c:264  protocol frame length error
01-09 19:40:21.148	          linker	[Debug]	        dji_protocol_v1.c:264  protocol frame length error
01-09 19:40:21.148	          linker	[Debug]	        dji_protocol_v1.c:264  protocol frame length error
01-09 19:40:21.148	          linker	[Debug]	        dji_protocol_v1.c:264  protocol frame length error
01-09 19:40:21.148	          linker	[Debug]	        dji_protocol_v1.c:264  protocol frame length error
01-09 19:40:21.148	          linker	[Debug]	        dji_protocol_v1.c:264  protocol frame length error
01-09 19:40:21.148	          linker	[Debug]	        dji_protocol_v1.c:264  protocol frame length error
01-09 19:40:21.148	          linker	[Debug]	        dji_protocol_v1.c:264  protocol frame length error
01-09 19:40:21.148	          linker	[Debug]	        dji_protocol_v1.c:264  protocol frame length error
01-09 19:40:21.148	          linker	[Debug]	        dji_protocol_v1.c:264  protocol frame length error
01-09 19:40:21.148	          linker	[Debug]	        dji_protocol_v1.c:264  protocol frame length error
01-09 19:40:21.148	          linker	[Debug]	        dji_protocol_v1.c:264  protocol frame length error
01-09 19:40:21.148	          linker	[Debug]	        dji_protocol_v1.c:264  protocol frame length error
01-09 19:40:21.148	          linker	[Debug]	        dji_protocol_v1.c:264  protocol frame length error
01-09 19:40:21.148	          linker	[Debug]	        dji_protocol_v1.c:264  protocol frame length error
01-09 19:40:21.148	          linker	[Debug]	        dji_protocol_v1.c:264  protocol frame length error
01-09 19:40:21.148	          linker	[Debug]	        dji_protocol_v1.c:264  protocol frame length error
01-09 19:40:21.148	          linker	[Debug]	        dji_protocol_v1.c:264  protocol frame length error
01-09 19:40:21.148	          linker	[Debug]	        dji_protocol_v1.c:264  protocol frame length error
01-09 19:40:21.148	          linker	[Debug]	        dji_protocol_v1.c:264  protocol frame length error
01-09 19:40:21.148	          linker	[Debug]	        dji_protocol_v1.c:264  protocol frame length error
01-09 19:40:21.148	          linker	[Debug]	        dji_protocol_v1.c:264  protocol frame length error
01-09 19:40:21.148	          linker	[Debug]	        dji_protocol_v1.c:264  protocol frame length error
01-09 19:40:21.148	          linker	[Debug]	        dji_protocol_v1.c:264  protocol frame length error
01-09 19:40:21.148	          linker	[Debug]	        dji_protocol_v1.c:264  protocol frame length error
01-09 19:40:21.148	          linker	[Debug]	        dji_protocol_v1.c:264  protocol frame length error
01-09 19:40:21.148	          linker	[Debug]	        dji_protocol_v1.c:264  protocol frame length error
01-09 19:40:21.148	          linker	[Debug]	        dji_protocol_v1.c:264  protocol frame length error
01-09 19:40:21.148	          linker	[Debug]	        dji_protocol_v1.c:264  protocol frame length error
01-09 19:40:21.148	          linker	[Debug]	        dji_protocol_v1.c:264  protocol frame length error
01-09 19:40:21.148	          linker	[Debug]	        dji_protocol_v1.c:264  protocol frame length error
01-09 19:40:21.148	          linker	[Debug]	        dji_protocol_v1.c:264  protocol frame length error
01-09 19:40:21.148	          linker	[Debug]	        dji_protocol_v1.c:264  protocol frame length error
01-09 19:40:21.148	          linker	[Debug]	        dji_protocol_v1.c:264  protocol frame length error
01-09 19:40:21.148	          linker	[Debug]	        dji_protocol_v1.c:264  protocol frame length error
01-09 19:40:21.148	          linker	[Debug]	        dji_protocol_v1.c:264  protocol frame length error
01-09 19:40:21.148	          linker	[Debug]	        dji_protocol_v1.c:264  protocol frame length error
01-09 19:40:21.148	          linker	[Debug]	        dji_protocol_v1.c:264  protocol frame length error
01-09 19:40:21.148	          linker	[Debug]	        dji_protocol_v1.c:264  protocol frame length error
01-09 19:40:21.148	          linker	[Debug]	        dji_protocol_v1.c:264  protocol frame length error
01-09 19:40:21.148	          linker	[Debug]	        dji_protocol_v1.c:264  protocol frame length error
01-09 19:40:21.148	          linker	[Debug]	        dji_protocol_v1.c:264  protocol frame length error
01-09 19:40:21.148	          linker	[Debug]	        dji_protocol_v1.c:264  protocol frame length error
01-09 19:40:21.148	          linker	[Debug]	        dji_protocol_v1.c:264  protocol frame length error
01-09 19:40:21.148	          linker	[Debug]	        dji_protocol_v1.c:264  protocol frame length error
01-09 19:40:21.148	          linker	[Debug]	        dji_protocol_v1.c:264  protocol frame length error
01-09 19:40:21.148	          linker	[Debug]	        dji_protocol_v1.c:264  protocol frame length error
01-09 19:40:21.148	          linker	[Debug]	        dji_protocol_v1.c:264  protocol frame length error
01-09 19:40:21.148	          linker	[Debug]	        dji_protocol_v1.c:264  protocol frame length error
01-09 19:40:21.148	          linker	[Debug]	        dji_protocol_v1.c:264  protocol frame length error
01-09 19:40:21.148	          linker	[Debug]	        dji_protocol_v1.c:264  protocol frame length error
01-09 19:40:21.148	          linker	[Debug]	        dji_protocol_v1.c:264  protocol frame length error
01-09 19:40:21.148	          linker	[Debug]	        dji_protocol_v1.c:264  protocol frame length error
01-09 19:40:21.148	          linker	[Debug]	        dji_protocol_v1.c:264  protocol frame length error
01-09 19:40:21.148	          linker	[Debug]	        dji_protocol_v1.c:264  protocol frame length error
01-09 19:40:21.148	          linker	[Debug]	        dji_protocol_v1.c:264  protocol frame length error
01-09 19:40:21.148	          linker	[Debug]	        dji_protocol_v1.c:264  protocol frame length error
01-09 19:40:21.148	          linker	[Debug]	        dji_protocol_v1.c:264  protocol frame length error
01-09 19:40:21.148	          linker	[Debug]	        dji_protocol_v1.c:264  protocol frame length error
01-09 19:40:21.148	          linker	[Debug]	        dji_protocol_v1.c:264  protocol frame length error
01-09 19:40:21.148	          linker	[Debug]	        dji_protocol_v1.c:264  protocol frame length error
01-09 19:40:21.148	          linker	[Debug]	        dji_protocol_v1.c:264  protocol frame length error
01-09 19:40:21.148	          linker	[Debug]	        dji_protocol_v1.c:264  protocol frame length error
01-09 19:40:21.148	          linker	[Debug]	        dji_protocol_v1.c:264  protocol frame length error
01-09 19:40:21.148	          linker	[Debug]	        dji_protocol_v1.c:264  protocol frame length error
01-09 19:40:21.148	          linker	[Debug]	        dji_protocol_v1.c:264  protocol frame length error
01-09 19:40:21.148	          linker	[Debug]	        dji_protocol_v1.c:264  protocol frame length error
01-09 19:40:21.148	          linker	[Debug]	        dji_protocol_v1.c:264  protocol frame length error
01-09 19:40:21.148	          linker	[Debug]	        dji_protocol_v1.c:264  protocol frame length error
01-09 19:40:21.148	          linker	[Debug]	        dji_protocol_v1.c:264  protocol frame length error
01-09 19:40:21.148	          linker	[Debug]	        dji_protocol_v1.c:264  protocol frame length error
01-09 19:40:21.148	          linker	[Debug]	        dji_protocol_v1.c:264  protocol frame length error
01-09 19:40:21.148	          linker	[Debug]	        dji_protocol_v1.c:264  protocol frame length error
01-09 19:40:21.148	          linker	[Debug]	        dji_protocol_v1.c:264  protocol frame length error
01-09 19:40:21.148	          linker	[Debug]	        dji_protocol_v1.c:264  protocol frame length error
01-09 19:40:21.148	          linker	[Debug]	        dji_protocol_v1.c:264  protocol frame length error
01-09 19:40:21.148	          linker	[Debug]	        dji_protocol_v1.c:264  protocol frame length error
01-09 19:40:21.148	          linker	[Debug]	        dji_protocol_v1.c:264  protocol frame length error
01-09 19:40:21.149	          linker	[Debug]	        dji_protocol_v1.c:264  protocol frame length error
01-09 19:40:21.149	          linker	[Debug]	        dji_protocol_v1.c:264  protocol frame length error
01-09 19:40:21.149	          linker	[Debug]	        dji_protocol_v1.c:264  protocol frame length error
01-09 19:40:21.149	          linker	[Debug]	        dji_protocol_v1.c:264  protocol frame length error
01-09 19:40:21.149	          linker	[Debug]	        dji_protocol_v1.c:264  protocol frame length error
01-09 19:40:21.149	          linker	[Debug]	        dji_protocol_v1.c:264  protocol frame length error
01-09 19:40:21.149	          linker	[Debug]	        dji_protocol_v1.c:264  protocol frame length error
01-09 19:40:21.149	          linker	[Debug]	        dji_protocol_v1.c:264  protocol frame length error
01-09 19:40:21.149	          linker	[Debug]	        dji_protocol_v1.c:264  protocol frame length error
01-09 19:40:21.149	          linker	[Debug]	        dji_protocol_v1.c:264  protocol frame length error
01-09 19:40:21.149	          linker	[Debug]	        dji_protocol_v1.c:264  protocol frame length error
01-09 19:40:21.149	          linker	[Debug]	        dji_protocol_v1.c:264  protocol frame length error
01-09 19:40:21.149	          linker	[Debug]	        dji_protocol_v1.c:264  protocol frame length error
01-09 19:40:21.149	          linker	[Debug]	        dji_protocol_v1.c:264  protocol frame length error
01-09 19:40:21.149	          linker	[Debug]	        dji_protocol_v1.c:264  protocol frame length error
01-09 19:40:21.149	          linker	[Debug]	        dji_protocol_v1.c:264  protocol frame length error
01-09 19:40:21.149	          linker	[Debug]	        dji_protocol_v1.c:264  protocol frame length error
01-09 19:40:21.149	          linker	[Debug]	        dji_protocol_v1.c:264  protocol frame length error
01-09 19:40:21.149	          linker	[Debug]	        dji_protocol_v1.c:264  protocol frame length error
01-09 19:40:21.149	          linker	[Debug]	        dji_protocol_v1.c:264  protocol frame length error
01-09 19:40:21.149	          linker	[Debug]	        dji_protocol_v1.c:264  protocol frame length error
01-09 19:40:21.149	          linker	[Debug]	        dji_protocol_v1.c:264  protocol frame length error
01-09 19:40:21.149	          linker	[Debug]	        dji_protocol_v1.c:264  protocol frame length error
01-09 19:40:21.149	          linker	[Debug]	        dji_protocol_v1.c:264  protocol frame length error
01-09 19:40:21.149	          linker	[Debug]	        dji_protocol_v1.c:264  protocol frame length error
01-09 19:40:21.149	          linker	[Debug]	        dji_protocol_v1.c:264  protocol frame length error
01-09 19:40:21.149	          linker	[Debug]	        dji_protocol_v1.c:264  protocol frame length error
01-09 19:40:21.149	          linker	[Debug]	        dji_protocol_v1.c:264  protocol frame length error
01-09 19:40:21.149	          linker	[Debug]	        dji_protocol_v1.c:264  protocol frame length error
01-09 19:40:21.149	          linker	[Debug]	        dji_protocol_v1.c:264  protocol frame length error
01-09 19:40:21.149	          linker	[Debug]	        dji_protocol_v1.c:264  protocol frame length error
01-09 19:40:21.149	          linker	[Debug]	        dji_protocol_v1.c:264  protocol frame length error
01-09 19:40:21.149	          linker	[Debug]	        dji_protocol_v1.c:264  protocol frame length error
01-09 19:40:21.149	          linker	[Debug]	        dji_protocol_v1.c:264  protocol frame length error
01-09 19:40:21.149	          linker	[Debug]	        dji_protocol_v1.c:264  protocol frame length error
01-09 19:40:21.149	          linker	[Debug]	        dji_protocol_v1.c:264  protocol frame length error
01-09 19:40:21.149	          linker	[Debug]	        dji_protocol_v1.c:264  protocol frame length error
01-09 19:40:21.149	          linker	[Debug]	        dji_protocol_v1.c:264  protocol frame length error
01-09 19:40:21.149	          linker	[Debug]	        dji_protocol_v1.c:264  protocol frame length error
01-09 19:40:21.149	          linker	[Debug]	        dji_protocol_v1.c:264  protocol frame length error
01-09 19:40:21.149	          linker	[Debug]	        dji_protocol_v1.c:264  protocol frame length error
01-09 19:40:21.149	          linker	[Debug]	        dji_protocol_v1.c:264  protocol frame length error
01-09 19:40:21.149	          linker	[Debug]	        dji_protocol_v1.c:264  protocol frame length error
01-09 19:40:21.149	          linker	[Debug]	        dji_protocol_v1.c:264  protocol frame length error
01-09 19:40:21.149	          linker	[Debug]	        dji_protocol_v1.c:264  protocol frame length error
01-09 19:40:21.149	          linker	[Debug]	        dji_protocol_v1.c:264  protocol frame length error
01-09 19:40:21.149	          linker	[Debug]	        dji_protocol_v1.c:264  protocol frame length error
01-09 19:40:21.149	          linker	[Debug]	        dji_protocol_v1.c:264  protocol frame length error
01-09 19:40:21.149	          linker	[Debug]	        dji_protocol_v1.c:264  protocol frame length error
01-09 19:40:21.149	          linker	[Debug]	        dji_protocol_v1.c:264  protocol frame length error
01-09 19:40:21.149	          linker	[Debug]	        dji_protocol_v1.c:264  protocol frame length error
01-09 19:40:21.149	          linker	[Debug]	        dji_protocol_v1.c:264  protocol frame length error
01-09 19:40:21.149	          linker	[Debug]	        dji_protocol_v1.c:264  protocol frame length error
01-09 19:40:21.149	          linker	[Debug]	        dji_protocol_v1.c:264  protocol frame length error
01-09 19:40:21.149	          linker	[Debug]	        dji_protocol_v1.c:264  protocol frame length error
01-09 19:40:21.149	          linker	[Debug]	        dji_protocol_v1.c:264  protocol frame length error
01-09 19:40:21.149	          linker	[Debug]	        dji_protocol_v1.c:264  protocol frame length error
01-09 19:40:21.149	          linker	[Debug]	        dji_protocol_v1.c:264  protocol frame length error
01-09 19:40:21.149	          linker	[Debug]	        dji_protocol_v1.c:264  protocol frame length error
01-09 19:40:21.149	          linker	[Debug]	        dji_protocol_v1.c:264  protocol frame length error
01-09 19:40:21.149	          linker	[Debug]	        dji_protocol_v1.c:264  protocol frame length error
01-09 19:40:21.149	          linker	[Debug]	        dji_protocol_v1.c:264  protocol frame length error
01-09 19:40:21.149	          linker	[Debug]	        dji_protocol_v1.c:264  protocol frame length error
01-09 19:40:21.149	          linker	[Debug]	        dji_protocol_v1.c:264  protocol frame length error
01-09 19:40:21.149	          linker	[Debug]	        dji_protocol_v1.c:264  protocol frame length error
01-09 19:40:21.149	          linker	[Debug]	        dji_protocol_v1.c:264  protocol frame length error
01-09 19:40:21.149	          linker	[Debug]	        dji_protocol_v1.c:264  protocol frame length error
01-09 19:40:21.149	          linker	[Debug]	        dji_protocol_v1.c:264  protocol frame length error
01-09 19:40:21.149	          linker	[Debug]	        dji_protocol_v1.c:264  protocol frame length error
01-09 19:40:21.149	          linker	[Debug]	        dji_protocol_v1.c:264  protocol frame length error
01-09 19:40:21.149	          linker	[Debug]	        dji_protocol_v1.c:264  protocol frame length error
01-09 19:40:21.149	          linker	[Debug]	        dji_protocol_v1.c:264  protocol frame length error
01-09 19:40:21.149	          linker	[Debug]	        dji_protocol_v1.c:264  protocol frame length error
01-09 19:40:21.149	          linker	[Debug]	        dji_protocol_v1.c:264  protocol frame length error
01-09 19:40:21.149	          linker	[Debug]	        dji_protocol_v1.c:264  protocol frame length error
01-09 19:40:21.149	          linker	[Debug]	        dji_protocol_v1.c:264  protocol frame length error
01-09 19:40:21.149	          linker	[Debug]	        dji_protocol_v1.c:264  protocol frame length error
01-09 19:40:21.149	          linker	[Debug]	        dji_protocol_v1.c:264  protocol frame length error
01-09 19:40:21.149	          linker	[Debug]	        dji_protocol_v1.c:264  protocol frame length error
01-09 19:40:21.149	          linker	[Debug]	        dji_protocol_v1.c:264  protocol frame length error
01-09 19:40:21.149	          linker	[Debug]	        dji_protocol_v1.c:264  protocol frame length error
01-09 19:40:21.149	          linker	[Debug]	        dji_protocol_v1.c:264  protocol frame length error
01-09 19:40:21.149	          linker	[Debug]	        dji_protocol_v1.c:264  protocol frame length error
01-09 19:40:21.149	          linker	[Debug]	        dji_protocol_v1.c:264  protocol frame length error
01-09 19:40:21.149	          linker	[Debug]	        dji_protocol_v1.c:264  protocol frame length error
01-09 19:40:21.149	          linker	[Debug]	        dji_protocol_v1.c:264  protocol frame length error
01-09 19:40:21.149	          linker	[Debug]	        dji_protocol_v1.c:264  protocol frame length error
01-09 19:40:21.149	          linker	[Debug]	        dji_protocol_v1.c:264  protocol frame length error
01-09 19:40:21.149	          linker	[Debug]	        dji_protocol_v1.c:264  protocol frame length error
01-09 19:40:21.149	          linker	[Debug]	        dji_protocol_v1.c:264  protocol frame length error
01-09 19:40:21.149	          linker	[Debug]	        dji_protocol_v1.c:264  protocol frame length error
01-09 19:40:21.149	          linker	[Debug]	        dji_protocol_v1.c:264  protocol frame length error
01-09 19:40:21.149	          linker	[Debug]	        dji_protocol_v1.c:264  protocol frame length error
01-09 19:40:21.149	          linker	[Debug]	        dji_protocol_v1.c:264  protocol frame length error
01-09 19:40:21.149	          linker	[Debug]	        dji_protocol_v1.c:264  protocol frame length error
01-09 19:40:21.149	          linker	[Debug]	        dji_protocol_v1.c:264  protocol frame length error
01-09 19:40:21.149	          linker	[Debug]	        dji_protocol_v1.c:264  protocol frame length error
01-09 19:40:21.149	          linker	[Debug]	        dji_protocol_v1.c:264  protocol frame length error
01-09 19:40:21.149	          linker	[Debug]	        dji_protocol_v1.c:264  protocol frame length error
01-09 19:40:21.149	          linker	[Debug]	        dji_protocol_v1.c:264  protocol frame length error
01-09 19:40:21.149	          linker	[Debug]	        dji_protocol_v1.c:264  protocol frame length error
01-09 19:40:21.149	          linker	[Debug]	        dji_protocol_v1.c:264  protocol frame length error
01-09 19:40:21.149	          linker	[Debug]	        dji_protocol_v1.c:264  protocol frame length error
01-09 19:40:21.149	          linker	[Debug]	        dji_protocol_v1.c:264  protocol frame length error
01-09 19:40:21.149	          linker	[Debug]	        dji_protocol_v1.c:264  protocol frame length error
01-09 19:40:21.149	          linker	[Debug]	        dji_protocol_v1.c:264  protocol frame length error
01-09 19:40:21.149	          linker	[Debug]	        dji_protocol_v1.c:264  protocol frame length error
01-09 19:40:21.149	          linker	[Debug]	        dji_protocol_v1.c:264  protocol frame length error
01-09 19:40:21.149	          linker	[Debug]	        dji_protocol_v1.c:264  protocol frame length error
01-09 19:40:21.149	          linker	[Debug]	        dji_protocol_v1.c:264  protocol frame length error
01-09 19:40:21.149	          linker	[Debug]	        dji_protocol_v1.c:264  protocol frame length error
01-09 19:40:21.149	          linker	[Debug]	        dji_protocol_v1.c:264  protocol frame length error
01-09 19:40:21.149	          linker	[Debug]	        dji_protocol_v1.c:264  protocol frame length error
01-09 19:40:21.149	          linker	[Debug]	        dji_protocol_v1.c:264  protocol frame length error
01-09 19:40:21.149	          linker	[Debug]	        dji_protocol_v1.c:264  protocol frame length error
01-09 19:40:21.149	          linker	[Debug]	        dji_protocol_v1.c:264  protocol frame length error
01-09 19:40:21.150	          linker	[Debug]	        dji_protocol_v1.c:264  protocol frame length error
01-09 19:40:21.150	          linker	[Debug]	        dji_protocol_v1.c:264  protocol frame length error
01-09 19:40:21.150	          linker	[Debug]	        dji_protocol_v1.c:264  protocol frame length error
01-09 19:40:21.150	          linker	[Debug]	        dji_protocol_v1.c:264  protocol frame length error
01-09 19:40:21.150	          linker	[Debug]	        dji_protocol_v1.c:264  protocol frame length error
01-09 19:40:21.150	          linker	[Debug]	        dji_protocol_v1.c:264  protocol frame length error
01-09 19:40:21.150	          linker	[Debug]	        dji_protocol_v1.c:264  protocol frame length error
01-09 19:40:21.150	          linker	[Debug]	        dji_protocol_v1.c:264  protocol frame length error
01-09 19:40:21.150	          linker	[Debug]	        dji_protocol_v1.c:264  protocol frame length error
01-09 19:40:21.150	          linker	[Debug]	        dji_protocol_v1.c:264  protocol frame length error
01-09 19:40:21.150	          linker	[Debug]	        dji_protocol_v1.c:264  protocol frame length error
01-09 19:40:21.150	          linker	[Debug]	        dji_protocol_v1.c:264  protocol frame length error
01-09 19:40:21.150	          linker	[Debug]	        dji_protocol_v1.c:264  protocol frame length error
01-09 19:40:21.150	          linker	[Debug]	        dji_protocol_v1.c:264  protocol frame length error
01-09 19:40:21.150	          linker	[Debug]	        dji_protocol_v1.c:264  protocol frame length error
01-09 19:40:21.150	          linker	[Debug]	        dji_protocol_v1.c:264  protocol frame length error
01-09 19:40:21.150	          linker	[Debug]	        dji_protocol_v1.c:264  protocol frame length error
01-09 19:40:21.150	          linker	[Debug]	        dji_protocol_v1.c:264  protocol frame length error
01-09 19:40:21.150	          linker	[Debug]	        dji_protocol_v1.c:264  protocol frame length error
01-09 19:40:21.150	          linker	[Debug]	        dji_protocol_v1.c:264  protocol frame length error
01-09 19:40:21.150	          linker	[Debug]	        dji_protocol_v1.c:264  protocol frame length error
01-09 19:40:21.150	          linker	[Debug]	        dji_protocol_v1.c:264  protocol frame length error
01-09 19:40:21.150	          linker	[Debug]	        dji_protocol_v1.c:264  protocol frame length error
01-09 19:40:21.150	          linker	[Debug]	        dji_protocol_v1.c:264  protocol frame length error
01-09 19:40:21.150	          linker	[Debug]	        dji_protocol_v1.c:264  protocol frame length error
01-09 19:40:21.150	          linker	[Debug]	        dji_protocol_v1.c:264  protocol frame length error
01-09 19:40:21.150	          linker	[Debug]	        dji_protocol_v1.c:264  protocol frame length error
01-09 19:40:21.150	          linker	[Debug]	        dji_protocol_v1.c:264  protocol frame length error
01-09 19:40:21.150	          linker	[Debug]	        dji_protocol_v1.c:264  protocol frame length error
01-09 19:40:21.150	          linker	[Debug]	        dji_protocol_v1.c:264  protocol frame length error
01-09 19:40:21.150	          linker	[Debug]	        dji_protocol_v1.c:264  protocol frame length error
01-09 19:40:21.150	          linker	[Debug]	        dji_protocol_v1.c:264  protocol frame length error
01-09 19:40:21.150	          linker	[Debug]	        dji_protocol_v1.c:264  protocol frame length error
01-09 19:40:21.150	          linker	[Debug]	        dji_protocol_v1.c:264  protocol frame length error
01-09 19:40:21.150	          linker	[Debug]	        dji_protocol_v1.c:264  protocol frame length error
01-09 19:40:21.150	          linker	[Debug]	        dji_protocol_v1.c:264  protocol frame length error
01-09 19:40:21.150	          linker	[Debug]	        dji_protocol_v1.c:264  protocol frame length error
01-09 19:40:21.150	          linker	[Debug]	        dji_protocol_v1.c:264  protocol frame length error
01-09 19:40:21.150	          linker	[Debug]	        dji_protocol_v1.c:264  protocol frame length error
01-09 19:40:21.150	          linker	[Debug]	        dji_protocol_v1.c:264  protocol frame length error
01-09 19:40:21.150	          linker	[Debug]	        dji_protocol_v1.c:264  protocol frame length error
01-09 19:40:21.150	          linker	[Debug]	        dji_protocol_v1.c:264  protocol frame length error
01-09 19:40:21.150	          linker	[Debug]	        dji_protocol_v1.c:264  protocol frame length error
01-09 19:40:21.150	          linker	[Debug]	        dji_protocol_v1.c:264  protocol frame length error
01-09 19:40:21.150	          linker	[Debug]	        dji_protocol_v1.c:264  protocol frame length error
01-09 19:40:21.150	          linker	[Debug]	        dji_protocol_v1.c:264  protocol frame length error
01-09 19:40:21.150	          linker	[Debug]	        dji_protocol_v1.c:264  protocol frame length error
01-09 19:40:21.150	          linker	[Debug]	        dji_protocol_v1.c:264  protocol frame length error
01-09 19:40:21.150	          linker	[Debug]	        dji_protocol_v1.c:264  protocol frame length error
01-09 19:40:21.150	          linker	[Debug]	        dji_protocol_v1.c:264  protocol frame length error
01-09 19:40:21.150	          linker	[Debug]	        dji_protocol_v1.c:264  protocol frame length error
01-09 19:40:21.150	          linker	[Debug]	        dji_protocol_v1.c:264  protocol frame length error
01-09 19:40:21.150	          linker	[Debug]	        dji_protocol_v1.c:264  protocol frame length error
01-09 19:40:21.150	          linker	[Debug]	        dji_protocol_v1.c:264  protocol frame length error
01-09 19:40:21.150	          linker	[Debug]	        dji_protocol_v1.c:264  protocol frame length error
01-09 19:40:21.150	          linker	[Debug]	        dji_protocol_v1.c:264  protocol frame length error
01-09 19:40:21.150	          linker	[Debug]	        dji_protocol_v1.c:264  protocol frame length error
01-09 19:40:21.150	          linker	[Debug]	        dji_protocol_v1.c:264  protocol frame length error
01-09 19:40:21.150	          linker	[Debug]	        dji_protocol_v1.c:264  protocol frame length error
01-09 19:40:21.150	          linker	[Debug]	        dji_protocol_v1.c:264  protocol frame length error
01-09 19:40:21.150	          linker	[Debug]	        dji_protocol_v1.c:264  protocol frame length error
01-09 19:40:21.150	          linker	[Debug]	        dji_protocol_v1.c:264  protocol frame length error
01-09 19:40:21.150	          linker	[Debug]	        dji_protocol_v1.c:264  protocol frame length error
01-09 19:40:21.150	          linker	[Debug]	        dji_protocol_v1.c:264  protocol frame length error
01-09 19:40:21.150	          linker	[Debug]	        dji_protocol_v1.c:264  protocol frame length error
01-09 19:40:21.150	          linker	[Debug]	        dji_protocol_v1.c:264  protocol frame length error
01-09 19:40:21.150	          linker	[Debug]	        dji_protocol_v1.c:264  protocol frame length error
01-09 19:40:21.150	          linker	[Debug]	        dji_protocol_v1.c:264  protocol frame length error
01-09 19:40:21.150	          linker	[Debug]	        dji_protocol_v1.c:264  protocol frame length error
01-09 19:40:21.150	          linker	[Debug]	        dji_protocol_v1.c:264  protocol frame length error
01-09 19:40:21.150	          linker	[Debug]	        dji_protocol_v1.c:264  protocol frame length error
01-09 19:40:21.150	          linker	[Debug]	        dji_protocol_v1.c:264  protocol frame length error
01-09 19:40:21.150	          linker	[Debug]	        dji_protocol_v1.c:264  protocol frame length error
01-09 19:40:21.150	          linker	[Debug]	        dji_protocol_v1.c:264  protocol frame length error
01-09 19:40:21.150	          linker	[Debug]	        dji_protocol_v1.c:264  protocol frame length error
01-09 19:40:21.150	          linker	[Debug]	        dji_protocol_v1.c:264  protocol frame length error
01-09 19:40:21.150	          linker	[Debug]	        dji_protocol_v1.c:264  protocol frame length error
01-09 19:40:21.150	          linker	[Debug]	        dji_protocol_v1.c:264  protocol frame length error
01-09 19:40:21.150	          linker	[Debug]	        dji_protocol_v1.c:264  protocol frame length error
01-09 19:40:21.150	          linker	[Debug]	        dji_protocol_v1.c:264  protocol frame length error
01-09 19:40:21.150	          linker	[Debug]	        dji_protocol_v1.c:264  protocol frame length error
01-09 19:40:21.150	          linker	[Debug]	        dji_protocol_v1.c:264  protocol frame length error
01-09 19:40:21.150	          linker	[Debug]	        dji_protocol_v1.c:264  protocol frame length error
01-09 19:40:21.150	          linker	[Debug]	        dji_protocol_v1.c:264  protocol frame length error
01-09 19:40:21.150	          linker	[Debug]	        dji_protocol_v1.c:264  protocol frame length error
01-09 19:40:21.150	          linker	[Debug]	        dji_protocol_v1.c:264  protocol frame length error
01-09 19:40:21.150	          linker	[Debug]	        dji_protocol_v1.c:264  protocol frame length error
01-09 19:40:21.150	          linker	[Debug]	        dji_protocol_v1.c:264  protocol frame length error
01-09 19:40:21.150	          linker	[Debug]	        dji_protocol_v1.c:264  protocol frame length error
01-09 19:40:21.150	          linker	[Debug]	        dji_protocol_v1.c:264  protocol frame length error
01-09 19:40:21.150	          linker	[Debug]	        dji_protocol_v1.c:264  protocol frame length error
01-09 19:40:21.150	          linker	[Debug]	        dji_protocol_v1.c:264  protocol frame length error
01-09 19:40:21.150	          linker	[Debug]	        dji_protocol_v1.c:264  protocol frame length error
01-09 19:40:21.150	          linker	[Debug]	        dji_protocol_v1.c:264  protocol frame length error
01-09 19:40:21.150	          linker	[Debug]	        dji_protocol_v1.c:264  protocol frame length error
01-09 19:40:21.150	          linker	[Debug]	        dji_protocol_v1.c:264  protocol frame length error
01-09 19:40:21.150	          linker	[Debug]	        dji_protocol_v1.c:264  protocol frame length error
01-09 19:40:21.150	          linker	[Debug]	        dji_protocol_v1.c:264  protocol frame length error
01-09 19:40:21.150	          linker	[Debug]	        dji_protocol_v1.c:264  protocol frame length error
01-09 19:40:21.150	          linker	[Debug]	        dji_protocol_v1.c:264  protocol frame length error
01-09 19:40:21.150	          linker	[Debug]	        dji_protocol_v1.c:264  protocol frame length error
01-09 19:40:21.150	          linker	[Debug]	        dji_protocol_v1.c:264  protocol frame length error
01-09 19:40:21.150	          linker	[Debug]	        dji_protocol_v1.c:264  protocol frame length error
01-09 19:40:21.150	          linker	[Debug]	        dji_protocol_v1.c:264  protocol frame length error
01-09 19:40:21.150	          linker	[Debug]	        dji_protocol_v1.c:264  protocol frame length error
01-09 19:40:21.150	          linker	[Debug]	        dji_protocol_v1.c:264  protocol frame length error
01-09 19:40:21.150	          linker	[Debug]	        dji_protocol_v1.c:264  protocol frame length error
01-09 19:40:21.150	          linker	[Debug]	        dji_protocol_v1.c:264  protocol frame length error
01-09 19:40:21.151	          linker	[Debug]	        dji_protocol_v1.c:264  protocol frame length error
01-09 19:40:21.151	          linker	[Debug]	        dji_protocol_v1.c:264  protocol frame length error
01-09 19:40:21.151	          linker	[Debug]	        dji_protocol_v1.c:264  protocol frame length error
01-09 19:40:21.151	          linker	[Debug]	        dji_protocol_v1.c:264  protocol frame length error
01-09 19:40:21.151	          linker	[Debug]	        dji_protocol_v1.c:264  protocol frame length error
01-09 19:40:21.151	          linker	[Debug]	        dji_protocol_v1.c:264  protocol frame length error
01-09 19:40:21.151	          linker	[Debug]	        dji_protocol_v1.c:264  protocol frame length error
01-09 19:40:21.151	          linker	[Debug]	        dji_protocol_v1.c:264  protocol frame length error
01-09 19:40:21.151	          linker	[Debug]	        dji_protocol_v1.c:264  protocol frame length error
01-09 19:40:21.151	          linker	[Debug]	        dji_protocol_v1.c:264  protocol frame length error
01-09 19:40:21.151	          linker	[Debug]	        dji_protocol_v1.c:264  protocol frame length error
01-09 19:40:21.151	          linker	[Debug]	        dji_protocol_v1.c:264  protocol frame length error
01-09 19:40:21.151	          linker	[Debug]	        dji_protocol_v1.c:264  protocol frame length error
01-09 19:40:21.151	          linker	[Debug]	        dji_protocol_v1.c:264  protocol frame length error
01-09 19:40:21.151	          linker	[Debug]	        dji_protocol_v1.c:264  protocol frame length error
01-09 19:40:21.151	          linker	[Debug]	        dji_protocol_v1.c:264  protocol frame length error
01-09 19:40:21.151	          linker	[Debug]	        dji_protocol_v1.c:264  protocol frame length error
01-09 19:40:21.151	          linker	[Debug]	        dji_protocol_v1.c:264  protocol frame length error
01-09 19:40:21.151	          linker	[Debug]	        dji_protocol_v1.c:264  protocol frame length error
01-09 19:40:21.151	          linker	[Debug]	        dji_protocol_v1.c:264  protocol frame length error
01-09 19:40:21.151	          linker	[Debug]	        dji_protocol_v1.c:264  protocol frame length error
01-09 19:40:21.151	          linker	[Debug]	        dji_protocol_v1.c:264  protocol frame length error
01-09 19:40:21.151	          linker	[Debug]	        dji_protocol_v1.c:264  protocol frame length error
01-09 19:40:21.151	          linker	[Debug]	        dji_protocol_v1.c:264  protocol frame length error
01-09 19:40:21.151	          linker	[Debug]	        dji_protocol_v1.c:264  protocol frame length error
01-09 19:40:21.151	          linker	[Debug]	        dji_protocol_v1.c:264  protocol frame length error
01-09 19:40:21.151	          linker	[Debug]	        dji_protocol_v1.c:264  protocol frame length error
01-09 19:40:21.151	          linker	[Debug]	        dji_protocol_v1.c:264  protocol frame length error
01-09 19:40:21.151	          linker	[Debug]	        dji_protocol_v1.c:264  protocol frame length error
01-09 19:40:21.151	          linker	[Debug]	        dji_protocol_v1.c:264  protocol frame length error
01-09 19:40:21.151	          linker	[Debug]	        dji_protocol_v1.c:264  protocol frame length error
01-09 19:40:21.151	          linker	[Debug]	        dji_protocol_v1.c:264  protocol frame length error
01-09 19:40:21.151	          linker	[Debug]	        dji_protocol_v1.c:264  protocol frame length error
01-09 19:40:21.151	          linker	[Debug]	        dji_protocol_v1.c:264  protocol frame length error
01-09 19:40:21.151	          linker	[Debug]	        dji_protocol_v1.c:264  protocol frame length error
01-09 19:40:21.151	          linker	[Debug]	        dji_protocol_v1.c:264  protocol frame length error
01-09 19:40:21.151	          linker	[Debug]	        dji_protocol_v1.c:264  protocol frame length error
01-09 19:40:21.151	          linker	[Debug]	        dji_protocol_v1.c:264  protocol frame length error
01-09 19:40:21.151	          linker	[Debug]	        dji_protocol_v1.c:264  protocol frame length error
01-09 19:40:21.151	          linker	[Debug]	        dji_protocol_v1.c:264  protocol frame length error
01-09 19:40:21.151	          linker	[Debug]	        dji_protocol_v1.c:264  protocol frame length error
01-09 19:40:21.151	          linker	[Debug]	        dji_protocol_v1.c:264  protocol frame length error
01-09 19:40:21.151	          linker	[Debug]	        dji_protocol_v1.c:264  protocol frame length error
01-09 19:40:21.151	          linker	[Debug]	        dji_protocol_v1.c:264  protocol frame length error
01-09 19:40:21.151	          linker	[Debug]	        dji_protocol_v1.c:264  protocol frame length error
01-09 19:40:21.151	          linker	[Debug]	        dji_protocol_v1.c:264  protocol frame length error
01-09 19:40:21.151	          linker	[Debug]	        dji_protocol_v1.c:264  protocol frame length error
01-09 19:40:21.151	          linker	[Debug]	        dji_protocol_v1.c:264  protocol frame length error
01-09 19:40:21.151	          linker	[Debug]	        dji_protocol_v1.c:264  protocol frame length error
01-09 19:40:21.151	          linker	[Debug]	        dji_protocol_v1.c:264  protocol frame length error
01-09 19:40:21.151	          linker	[Debug]	        dji_protocol_v1.c:264  protocol frame length error
01-09 19:40:21.151	          linker	[Debug]	        dji_protocol_v1.c:264  protocol frame length error
01-09 19:40:21.151	          linker	[Debug]	        dji_protocol_v1.c:264  protocol frame length error
01-09 19:40:21.151	          linker	[Debug]	        dji_protocol_v1.c:264  protocol frame length error
01-09 19:40:21.151	          linker	[Debug]	        dji_protocol_v1.c:264  protocol frame length error
01-09 19:40:21.151	          linker	[Debug]	        dji_protocol_v1.c:264  protocol frame length error
01-09 19:40:21.151	          linker	[Debug]	        dji_protocol_v1.c:264  protocol frame length error
01-09 19:40:21.151	          linker	[Debug]	        dji_protocol_v1.c:264  protocol frame length error
01-09 19:40:21.151	          linker	[Debug]	        dji_protocol_v1.c:264  protocol frame length error
01-09 19:40:21.151	          linker	[Debug]	        dji_protocol_v1.c:264  protocol frame length error
01-09 19:40:21.151	          linker	[Debug]	        dji_protocol_v1.c:264  protocol frame length error
01-09 19:40:21.151	          linker	[Debug]	        dji_protocol_v1.c:264  protocol frame length error
01-09 19:40:21.151	          linker	[Debug]	        dji_protocol_v1.c:264  protocol frame length error
01-09 19:40:21.151	          linker	[Debug]	        dji_protocol_v1.c:264  protocol frame length error
01-09 19:40:21.151	          linker	[Debug]	        dji_protocol_v1.c:264  protocol frame length error
01-09 19:40:21.151	          linker	[Debug]	        dji_protocol_v1.c:264  protocol frame length error
01-09 19:40:21.151	          linker	[Debug]	        dji_protocol_v1.c:264  protocol frame length error
01-09 19:40:21.151	          linker	[Debug]	        dji_protocol_v1.c:264  protocol frame length error
01-09 19:40:21.151	          linker	[Debug]	        dji_protocol_v1.c:264  protocol frame length error
01-09 19:40:21.151	          linker	[Debug]	        dji_protocol_v1.c:264  protocol frame length error
01-09 19:40:21.151	          linker	[Debug]	        dji_protocol_v1.c:264  protocol frame length error
01-09 19:40:21.151	          linker	[Debug]	        dji_protocol_v1.c:264  protocol frame length error
01-09 19:40:21.151	          linker	[Debug]	        dji_protocol_v1.c:264  protocol frame length error
01-09 19:40:21.151	          linker	[Debug]	        dji_protocol_v1.c:264  protocol frame length error
01-09 19:40:21.151	          linker	[Debug]	        dji_protocol_v1.c:264  protocol frame length error
01-09 19:40:21.151	          linker	[Debug]	        dji_protocol_v1.c:264  protocol frame length error
01-09 19:40:21.151	          linker	[Debug]	        dji_protocol_v1.c:264  protocol frame length error
01-09 19:40:21.151	          linker	[Debug]	        dji_protocol_v1.c:264  protocol frame length error
01-09 19:40:21.151	          linker	[Debug]	        dji_protocol_v1.c:264  protocol frame length error
01-09 19:40:21.151	          linker	[Debug]	        dji_protocol_v1.c:264  protocol frame length error
01-09 19:40:21.151	          linker	[Debug]	        dji_protocol_v1.c:264  protocol frame length error
01-09 19:40:21.151	          linker	[Debug]	        dji_protocol_v1.c:264  protocol frame length error
01-09 19:40:21.151	          linker	[Debug]	        dji_protocol_v1.c:264  protocol frame length error
01-09 19:40:21.151	          linker	[Debug]	        dji_protocol_v1.c:264  protocol frame length error
01-09 19:40:21.151	          linker	[Debug]	        dji_protocol_v1.c:264  protocol frame length error
01-09 19:40:21.151	          linker	[Debug]	        dji_protocol_v1.c:264  protocol frame length error
01-09 19:40:21.151	          linker	[Debug]	        dji_protocol_v1.c:264  protocol frame length error
01-09 19:40:21.151	          linker	[Debug]	        dji_protocol_v1.c:264  protocol frame length error
01-09 19:40:21.151	          linker	[Debug]	        dji_protocol_v1.c:264  protocol frame length error
01-09 19:40:21.151	          linker	[Debug]	        dji_protocol_v1.c:264  protocol frame length error
01-09 19:40:21.151	          linker	[Debug]	        dji_protocol_v1.c:264  protocol frame length error
01-09 19:40:21.151	          linker	[Debug]	        dji_protocol_v1.c:264  protocol frame length error
01-09 19:40:21.151	          linker	[Debug]	        dji_protocol_v1.c:264  protocol frame length error
01-09 19:40:21.151	          linker	[Debug]	        dji_protocol_v1.c:264  protocol frame length error
01-09 19:40:21.151	          linker	[Debug]	        dji_protocol_v1.c:264  protocol frame length error
01-09 19:40:21.151	          linker	[Debug]	        dji_protocol_v1.c:264  protocol frame length error
01-09 19:40:21.151	          linker	[Debug]	        dji_protocol_v1.c:264  protocol frame length error
01-09 19:40:21.151	          linker	[Debug]	        dji_protocol_v1.c:264  protocol frame length error
01-09 19:40:21.151	          linker	[Debug]	        dji_protocol_v1.c:264  protocol frame length error
01-09 19:40:21.151	          linker	[Debug]	        dji_protocol_v1.c:264  protocol frame length error
01-09 19:40:21.151	          linker	[Debug]	        dji_protocol_v1.c:264  protocol frame length error
01-09 19:40:21.151	          linker	[Debug]	        dji_protocol_v1.c:264  protocol frame length error
01-09 19:40:21.151	          linker	[Debug]	        dji_protocol_v1.c:264  protocol frame length error
01-09 19:40:21.151	          linker	[Debug]	        dji_protocol_v1.c:264  protocol frame length error
01-09 19:40:21.151	          linker	[Debug]	        dji_protocol_v1.c:264  protocol frame length error
01-09 19:40:21.151	          linker	[Debug]	        dji_protocol_v1.c:264  protocol frame length error
01-09 19:40:21.151	          linker	[Debug]	        dji_protocol_v1.c:264  protocol frame length error
01-09 19:40:21.151	          linker	[Debug]	        dji_protocol_v1.c:264  protocol frame length error
01-09 19:40:21.151	          linker	[Debug]	        dji_protocol_v1.c:264  protocol frame length error
01-09 19:40:21.151	          linker	[Debug]	        dji_protocol_v1.c:264  protocol frame length error
01-09 19:40:21.151	          linker	[Debug]	        dji_protocol_v1.c:264  protocol frame length error
01-09 19:40:21.151	          linker	[Debug]	        dji_protocol_v1.c:264  protocol frame length error
01-09 19:40:21.151	          linker	[Debug]	        dji_protocol_v1.c:264  protocol frame length error
01-09 19:40:21.151	          linker	[Debug]	        dji_protocol_v1.c:264  protocol frame length error
01-09 19:40:21.151	          linker	[Debug]	        dji_protocol_v1.c:264  protocol frame length error
01-09 19:40:21.151	          linker	[Debug]	        dji_protocol_v1.c:264  protocol frame length error
01-09 19:40:21.151	          linker	[Debug]	        dji_protocol_v1.c:264  protocol frame length error
01-09 19:40:21.151	          linker	[Debug]	        dji_protocol_v1.c:264  protocol frame length error
01-09 19:40:21.151	          linker	[Debug]	        dji_protocol_v1.c:264  protocol frame length error
01-09 19:40:21.151	          linker	[Debug]	        dji_protocol_v1.c:264  protocol frame length error
01-09 19:40:21.151	          linker	[Debug]	        dji_protocol_v1.c:264  protocol frame length error
01-09 19:40:21.152	          linker	[Debug]	        dji_protocol_v1.c:264  protocol frame length error
01-09 19:40:21.152	          linker	[Debug]	        dji_protocol_v1.c:264  protocol frame length error
01-09 19:40:21.152	          linker	[Debug]	        dji_protocol_v1.c:264  protocol frame length error
01-09 19:40:21.152	          linker	[Debug]	        dji_protocol_v1.c:264  protocol frame length error
01-09 19:40:21.152	          linker	[Debug]	        dji_protocol_v1.c:264  protocol frame length error
01-09 19:40:21.152	          linker	[Debug]	        dji_protocol_v1.c:264  protocol frame length error
01-09 19:40:21.152	          linker	[Debug]	        dji_protocol_v1.c:264  protocol frame length error
01-09 19:40:21.152	          linker	[Debug]	        dji_protocol_v1.c:264  protocol frame length error
01-09 19:40:21.152	          linker	[Debug]	        dji_protocol_v1.c:264  protocol frame length error
01-09 19:40:21.152	          linker	[Debug]	        dji_protocol_v1.c:264  protocol frame length error
01-09 19:40:21.152	          linker	[Debug]	        dji_protocol_v1.c:264  protocol frame length error
01-09 19:40:21.152	          linker	[Debug]	        dji_protocol_v1.c:264  protocol frame length error
01-09 19:40:21.152	          linker	[Debug]	        dji_protocol_v1.c:264  protocol frame length error
01-09 19:40:21.152	          linker	[Debug]	        dji_protocol_v1.c:264  protocol frame length error
01-09 19:40:21.152	          linker	[Debug]	        dji_protocol_v1.c:264  protocol frame length error
01-09 19:40:21.152	          linker	[Debug]	        dji_protocol_v1.c:264  protocol frame length error
01-09 19:40:21.152	          linker	[Debug]	        dji_protocol_v1.c:264  protocol frame length error
01-09 19:40:21.152	          linker	[Debug]	        dji_protocol_v1.c:264  protocol frame length error
01-09 19:40:21.152	          linker	[Debug]	        dji_protocol_v1.c:264  protocol frame length error
01-09 19:40:21.152	          linker	[Debug]	        dji_protocol_v1.c:264  protocol frame length error
01-09 19:40:21.152	          linker	[Debug]	        dji_protocol_v1.c:264  protocol frame length error
01-09 19:40:21.152	          linker	[Debug]	        dji_protocol_v1.c:264  protocol frame length error
01-09 19:40:21.152	          linker	[Debug]	        dji_protocol_v1.c:264  protocol frame length error
01-09 19:40:21.152	          linker	[Debug]	        dji_protocol_v1.c:264  protocol frame length error
01-09 19:40:21.152	          linker	[Debug]	        dji_protocol_v1.c:264  protocol frame length error
01-09 19:40:21.152	          linker	[Debug]	        dji_protocol_v1.c:264  protocol frame length error
01-09 19:40:21.152	          linker	[Debug]	        dji_protocol_v1.c:264  protocol frame length error
01-09 19:40:21.152	          linker	[Debug]	        dji_protocol_v1.c:264  protocol frame length error
01-09 19:40:21.152	          linker	[Debug]	        dji_protocol_v1.c:264  protocol frame length error
01-09 19:40:21.152	          linker	[Debug]	        dji_protocol_v1.c:264  protocol frame length error
01-09 19:40:21.152	          linker	[Debug]	        dji_protocol_v1.c:264  protocol frame length error
01-09 19:40:21.152	          linker	[Debug]	        dji_protocol_v1.c:264  protocol frame length error
01-09 19:40:21.152	          linker	[Debug]	        dji_protocol_v1.c:264  protocol frame length error
01-09 19:40:21.152	          linker	[Debug]	        dji_protocol_v1.c:264  protocol frame length error
01-09 19:40:21.152	          linker	[Debug]	        dji_protocol_v1.c:264  protocol frame length error
01-09 19:40:21.152	          linker	[Debug]	        dji_protocol_v1.c:264  protocol frame length error
01-09 19:40:21.152	          linker	[Debug]	        dji_protocol_v1.c:264  protocol frame length error
01-09 19:40:21.152	          linker	[Debug]	        dji_protocol_v1.c:264  protocol frame length error
01-09 19:40:21.152	          linker	[Debug]	        dji_protocol_v1.c:264  protocol frame length error
01-09 19:40:21.152	          linker	[Debug]	        dji_protocol_v1.c:264  protocol frame length error
01-09 19:40:21.152	          linker	[Debug]	        dji_protocol_v1.c:264  protocol frame length error
01-09 19:40:21.152	          linker	[Debug]	        dji_protocol_v1.c:264  protocol frame length error
01-09 19:40:21.152	          linker	[Debug]	        dji_protocol_v1.c:264  protocol frame length error
01-09 19:40:21.152	          linker	[Debug]	        dji_protocol_v1.c:264  protocol frame length error
01-09 19:40:21.152	          linker	[Debug]	        dji_protocol_v1.c:264  protocol frame length error
01-09 19:40:21.152	          linker	[Debug]	        dji_protocol_v1.c:264  protocol frame length error
01-09 19:40:21.152	          linker	[Debug]	        dji_protocol_v1.c:264  protocol frame length error
01-09 19:40:21.152	          linker	[Debug]	        dji_protocol_v1.c:264  protocol frame length error
01-09 19:40:21.152	          linker	[Debug]	        dji_protocol_v1.c:264  protocol frame length error
01-09 19:40:21.152	          linker	[Debug]	        dji_protocol_v1.c:264  protocol frame length error
01-09 19:40:21.152	          linker	[Debug]	        dji_protocol_v1.c:264  protocol frame length error
01-09 19:40:21.152	          linker	[Debug]	        dji_protocol_v1.c:264  protocol frame length error
01-09 19:40:21.152	          linker	[Debug]	        dji_protocol_v1.c:264  protocol frame length error
01-09 19:40:21.152	          linker	[Debug]	        dji_protocol_v1.c:264  protocol frame length error
01-09 19:40:21.152	          linker	[Debug]	        dji_protocol_v1.c:264  protocol frame length error
01-09 19:40:21.152	          linker	[Debug]	        dji_protocol_v1.c:264  protocol frame length error
01-09 19:40:21.152	          linker	[Debug]	        dji_protocol_v1.c:264  protocol frame length error
01-09 19:40:21.152	          linker	[Debug]	        dji_protocol_v1.c:264  protocol frame length error
01-09 19:40:21.152	          linker	[Debug]	        dji_protocol_v1.c:264  protocol frame length error
01-09 19:40:21.152	          linker	[Debug]	        dji_protocol_v1.c:264  protocol frame length error
01-09 19:40:21.152	          linker	[Debug]	        dji_protocol_v1.c:264  protocol frame length error
01-09 19:40:21.152	          linker	[Debug]	        dji_protocol_v1.c:264  protocol frame length error
01-09 19:40:21.152	          linker	[Debug]	        dji_protocol_v1.c:264  protocol frame length error
01-09 19:40:21.152	          linker	[Debug]	        dji_protocol_v1.c:264  protocol frame length error
01-09 19:40:21.152	          linker	[Debug]	        dji_protocol_v1.c:264  protocol frame length error
01-09 19:40:21.152	          linker	[Debug]	        dji_protocol_v1.c:264  protocol frame length error
01-09 19:40:21.152	          linker	[Debug]	        dji_protocol_v1.c:264  protocol frame length error
01-09 19:40:21.152	          linker	[Debug]	        dji_protocol_v1.c:264  protocol frame length error
01-09 19:40:21.152	          linker	[Debug]	        dji_protocol_v1.c:264  protocol frame length error
01-09 19:40:21.152	          linker	[Debug]	        dji_protocol_v1.c:264  protocol frame length error
01-09 19:40:21.152	          linker	[Debug]	        dji_protocol_v1.c:264  protocol frame length error
01-09 19:40:21.152	          linker	[Debug]	        dji_protocol_v1.c:264  protocol frame length error
01-09 19:40:21.152	          linker	[Debug]	        dji_protocol_v1.c:264  protocol frame length error
01-09 19:40:21.152	          linker	[Debug]	        dji_protocol_v1.c:264  protocol frame length error
01-09 19:40:21.152	          linker	[Debug]	        dji_protocol_v1.c:264  protocol frame length error
01-09 19:40:21.152	          linker	[Debug]	        dji_protocol_v1.c:264  protocol frame length error
01-09 19:40:21.152	          linker	[Debug]	        dji_protocol_v1.c:264  protocol frame length error
01-09 19:40:21.152	          linker	[Debug]	        dji_protocol_v1.c:264  protocol frame length error
01-09 19:40:21.152	          linker	[Debug]	        dji_protocol_v1.c:264  protocol frame length error
01-09 19:40:21.152	          linker	[Debug]	        dji_protocol_v1.c:264  protocol frame length error
01-09 19:40:21.152	          linker	[Debug]	        dji_protocol_v1.c:264  protocol frame length error
01-09 19:40:21.152	          linker	[Debug]	        dji_protocol_v1.c:264  protocol frame length error
01-09 19:40:21.152	          linker	[Debug]	        dji_protocol_v1.c:264  protocol frame length error
01-09 19:40:21.152	          linker	[Debug]	        dji_protocol_v1.c:264  protocol frame length error
01-09 19:40:21.152	          linker	[Debug]	        dji_protocol_v1.c:264  protocol frame length error
01-09 19:40:21.152	          linker	[Debug]	        dji_protocol_v1.c:264  protocol frame length error
01-09 19:40:21.152	          linker	[Debug]	        dji_protocol_v1.c:264  protocol frame length error
01-09 19:40:21.152	          linker	[Debug]	        dji_protocol_v1.c:264  protocol frame length error
01-09 19:40:21.152	          linker	[Debug]	        dji_protocol_v1.c:264  protocol frame length error
01-09 19:40:21.152	          linker	[Debug]	        dji_protocol_v1.c:264  protocol frame length error
01-09 19:40:21.152	          linker	[Debug]	        dji_protocol_v1.c:264  protocol frame length error
01-09 19:40:21.152	          linker	[Debug]	        dji_protocol_v1.c:264  protocol frame length error
01-09 19:40:21.152	          linker	[Debug]	        dji_protocol_v1.c:264  protocol frame length error
01-09 19:40:21.152	          linker	[Debug]	        dji_protocol_v1.c:264  protocol frame length error
01-09 19:40:21.152	          linker	[Debug]	        dji_protocol_v1.c:264  protocol frame length error
01-09 19:40:21.152	          linker	[Debug]	        dji_protocol_v1.c:264  protocol frame length error
01-09 19:40:21.152	          linker	[Debug]	        dji_protocol_v1.c:264  protocol frame length error
01-09 19:40:21.152	          linker	[Debug]	        dji_protocol_v1.c:264  protocol frame length error
01-09 19:40:21.152	          linker	[Debug]	        dji_protocol_v1.c:264  protocol frame length error
01-09 19:40:21.152	          linker	[Debug]	        dji_protocol_v1.c:264  protocol frame length error
01-09 19:40:21.152	          linker	[Debug]	        dji_protocol_v1.c:264  protocol frame length error
01-09 19:40:21.152	          linker	[Debug]	        dji_protocol_v1.c:264  protocol frame length error
01-09 19:40:21.152	          linker	[Debug]	        dji_protocol_v1.c:264  protocol frame length error
01-09 19:40:21.152	          linker	[Debug]	        dji_protocol_v1.c:264  protocol frame length error
01-09 19:40:21.152	          linker	[Debug]	        dji_protocol_v1.c:264  protocol frame length error
01-09 19:40:21.152	          linker	[Debug]	        dji_protocol_v1.c:264  protocol frame length error
01-09 19:40:21.152	          linker	[Debug]	        dji_protocol_v1.c:264  protocol frame length error
01-09 19:40:21.152	          linker	[Debug]	        dji_protocol_v1.c:264  protocol frame length error
01-09 19:40:21.152	          linker	[Debug]	        dji_protocol_v1.c:264  protocol frame length error
01-09 19:40:21.152	          linker	[Debug]	        dji_protocol_v1.c:264  protocol frame length error
01-09 19:40:21.152	          linker	[Debug]	        dji_protocol_v1.c:264  protocol frame length error
01-09 19:40:21.152	          linker	[Debug]	        dji_protocol_v1.c:264  protocol frame length error
01-09 19:40:21.152	          linker	[Debug]	        dji_protocol_v1.c:264  protocol frame length error
01-09 19:40:21.152	          linker	[Debug]	        dji_protocol_v1.c:264  protocol frame length error
01-09 19:40:21.152	          linker	[Debug]	        dji_protocol_v1.c:264  protocol frame length error
01-09 19:40:21.152	          linker	[Debug]	        dji_protocol_v1.c:264  protocol frame length error
01-09 19:40:21.152	          linker	[Debug]	        dji_protocol_v1.c:264  protocol frame length error
01-09 19:40:21.152	          linker	[Debug]	        dji_protocol_v1.c:264  protocol frame length error
01-09 19:40:21.152	          linker	[Debug]	        dji_protocol_v1.c:264  protocol frame length error
01-09 19:40:21.152	          linker	[Debug]	        dji_protocol_v1.c:264  protocol frame length error
01-09 19:40:21.152	          linker	[Debug]	        dji_protocol_v1.c:264  protocol frame length error
01-09 19:40:21.153	          linker	[Debug]	        dji_protocol_v1.c:264  protocol frame length error
01-09 19:40:21.153	          linker	[Debug]	        dji_protocol_v1.c:264  protocol frame length error
01-09 19:40:21.153	          linker	[Debug]	        dji_protocol_v1.c:264  protocol frame length error
01-09 19:40:21.153	          linker	[Debug]	        dji_protocol_v1.c:264  protocol frame length error
01-09 19:40:21.153	          linker	[Debug]	        dji_protocol_v1.c:264  protocol frame length error
01-09 19:40:21.153	          linker	[Debug]	        dji_protocol_v1.c:264  protocol frame length error
01-09 19:40:21.153	          linker	[Debug]	        dji_protocol_v1.c:264  protocol frame length error
01-09 19:40:21.153	          linker	[Debug]	        dji_protocol_v1.c:264  protocol frame length error
01-09 19:40:21.153	          linker	[Debug]	        dji_protocol_v1.c:264  protocol frame length error
01-09 19:40:21.153	          linker	[Debug]	        dji_protocol_v1.c:264  protocol frame length error
01-09 19:40:21.153	          linker	[Debug]	        dji_protocol_v1.c:264  protocol frame length error
01-09 19:40:21.153	          linker	[Debug]	        dji_protocol_v1.c:264  protocol frame length error
01-09 19:40:21.153	          linker	[Debug]	        dji_protocol_v1.c:264  protocol frame length error
01-09 19:40:21.153	          linker	[Debug]	        dji_protocol_v1.c:264  protocol frame length error
01-09 19:40:21.153	          linker	[Debug]	        dji_protocol_v1.c:264  protocol frame length error
01-09 19:40:21.153	          linker	[Debug]	        dji_protocol_v1.c:264  protocol frame length error
01-09 19:40:21.153	          linker	[Debug]	        dji_protocol_v1.c:264  protocol frame length error
01-09 19:40:21.153	          linker	[Debug]	        dji_protocol_v1.c:264  protocol frame length error
01-09 19:40:21.153	          linker	[Debug]	        dji_protocol_v1.c:264  protocol frame length error
01-09 19:40:21.153	          linker	[Debug]	        dji_protocol_v1.c:264  protocol frame length error
01-09 19:40:21.153	          linker	[Debug]	        dji_protocol_v1.c:264  protocol frame length error
01-09 19:40:21.153	          linker	[Debug]	        dji_protocol_v1.c:264  protocol frame length error
01-09 19:40:21.153	          linker	[Debug]	        dji_protocol_v1.c:264  protocol frame length error
01-09 19:40:21.153	          linker	[Debug]	        dji_protocol_v1.c:264  protocol frame length error
01-09 19:40:21.153	          linker	[Debug]	        dji_protocol_v1.c:264  protocol frame length error
01-09 19:40:21.153	          linker	[Debug]	        dji_protocol_v1.c:264  protocol frame length error
01-09 19:40:21.153	          linker	[Debug]	        dji_protocol_v1.c:264  protocol frame length error
01-09 19:40:21.153	          linker	[Debug]	        dji_protocol_v1.c:264  protocol frame length error
01-09 19:40:21.153	          linker	[Debug]	        dji_protocol_v1.c:264  protocol frame length error
01-09 19:40:21.153	          linker	[Debug]	        dji_protocol_v1.c:264  protocol frame length error
01-09 19:40:21.153	          linker	[Debug]	        dji_protocol_v1.c:264  protocol frame length error
01-09 19:40:21.153	          linker	[Debug]	        dji_protocol_v1.c:264  protocol frame length error
01-09 19:40:21.153	          linker	[Debug]	        dji_protocol_v1.c:264  protocol frame length error
01-09 19:40:21.153	          linker	[Debug]	        dji_protocol_v1.c:264  protocol frame length error
01-09 19:40:21.153	          linker	[Debug]	        dji_protocol_v1.c:264  protocol frame length error
01-09 19:40:21.153	          linker	[Debug]	        dji_protocol_v1.c:264  protocol frame length error
01-09 19:40:21.153	          linker	[Debug]	        dji_protocol_v1.c:264  protocol frame length error
01-09 19:40:21.153	          linker	[Debug]	        dji_protocol_v1.c:264  protocol frame length error
01-09 19:40:21.153	          linker	[Debug]	        dji_protocol_v1.c:264  protocol frame length error
01-09 19:40:21.153	          linker	[Debug]	        dji_protocol_v1.c:264  protocol frame length error
01-09 19:40:21.153	          linker	[Debug]	        dji_protocol_v1.c:264  protocol frame length error
01-09 19:40:21.153	          linker	[Debug]	        dji_protocol_v1.c:264  protocol frame length error
01-09 19:40:21.153	          linker	[Debug]	        dji_protocol_v1.c:264  protocol frame length error
01-09 19:40:21.153	          linker	[Debug]	        dji_protocol_v1.c:264  protocol frame length error
01-09 19:40:21.153	          linker	[Debug]	        dji_protocol_v1.c:264  protocol frame length error
01-09 19:40:21.153	          linker	[Debug]	        dji_protocol_v1.c:264  protocol frame length error
01-09 19:40:21.153	          linker	[Debug]	        dji_protocol_v1.c:264  protocol frame length error
01-09 19:40:21.153	          linker	[Debug]	        dji_protocol_v1.c:264  protocol frame length error
01-09 19:40:21.153	          linker	[Debug]	        dji_protocol_v1.c:264  protocol frame length error
01-09 19:40:21.153	          linker	[Debug]	        dji_protocol_v1.c:264  protocol frame length error
01-09 19:40:21.153	          linker	[Debug]	        dji_protocol_v1.c:264  protocol frame length error
01-09 19:40:21.153	          linker	[Debug]	        dji_protocol_v1.c:264  protocol frame length error
01-09 19:40:21.153	          linker	[Debug]	        dji_protocol_v1.c:264  protocol frame length error
01-09 19:40:21.153	          linker	[Debug]	        dji_protocol_v1.c:264  protocol frame length error
01-09 19:40:21.153	          linker	[Debug]	        dji_protocol_v1.c:264  protocol frame length error
01-09 19:40:21.153	          linker	[Debug]	        dji_protocol_v1.c:264  protocol frame length error
01-09 19:40:21.153	          linker	[Debug]	        dji_protocol_v1.c:264  protocol frame length error
01-09 19:40:21.153	          linker	[Debug]	        dji_protocol_v1.c:264  protocol frame length error
01-09 19:40:21.153	          linker	[Debug]	        dji_protocol_v1.c:264  protocol frame length error
01-09 19:40:21.153	          linker	[Debug]	        dji_protocol_v1.c:264  protocol frame length error
01-09 19:40:21.153	          linker	[Debug]	        dji_protocol_v1.c:264  protocol frame length error
01-09 19:40:21.153	          linker	[Debug]	        dji_protocol_v1.c:264  protocol frame length error
01-09 19:40:21.153	          linker	[Debug]	        dji_protocol_v1.c:264  protocol frame length error
01-09 19:40:21.153	          linker	[Debug]	        dji_protocol_v1.c:264  protocol frame length error
01-09 19:40:21.153	          linker	[Debug]	        dji_protocol_v1.c:264  protocol frame length error
01-09 19:40:21.153	          linker	[Debug]	        dji_protocol_v1.c:264  protocol frame length error
01-09 19:40:21.153	          linker	[Debug]	        dji_protocol_v1.c:264  protocol frame length error
01-09 19:40:21.153	          linker	[Debug]	        dji_protocol_v1.c:264  protocol frame length error
01-09 19:40:21.153	          linker	[Debug]	        dji_protocol_v1.c:264  protocol frame length error
01-09 19:40:21.153	          linker	[Debug]	        dji_protocol_v1.c:264  protocol frame length error
01-09 19:40:21.153	          linker	[Debug]	        dji_protocol_v1.c:264  protocol frame length error
01-09 19:40:21.153	          linker	[Debug]	        dji_protocol_v1.c:264  protocol frame length error
01-09 19:40:21.153	          linker	[Debug]	        dji_protocol_v1.c:264  protocol frame length error
01-09 19:40:21.153	          linker	[Debug]	        dji_protocol_v1.c:264  protocol frame length error
01-09 19:40:21.153	          linker	[Debug]	        dji_protocol_v1.c:264  protocol frame length error
01-09 19:40:21.153	          linker	[Debug]	        dji_protocol_v1.c:264  protocol frame length error
01-09 19:40:21.153	          linker	[Debug]	        dji_protocol_v1.c:264  protocol frame length error
01-09 19:40:21.153	          linker	[Debug]	        dji_protocol_v1.c:264  protocol frame length error
01-09 19:40:21.153	          linker	[Debug]	        dji_protocol_v1.c:264  protocol frame length error
01-09 19:40:21.153	          linker	[Debug]	        dji_protocol_v1.c:264  protocol frame length error
01-09 19:40:21.153	          linker	[Debug]	        dji_protocol_v1.c:264  protocol frame length error
01-09 19:40:21.153	          linker	[Debug]	        dji_protocol_v1.c:264  protocol frame length error
01-09 19:40:21.153	          linker	[Debug]	        dji_protocol_v1.c:264  protocol frame length error
01-09 19:40:21.153	          linker	[Debug]	        dji_protocol_v1.c:264  protocol frame length error
01-09 19:40:21.153	          linker	[Debug]	        dji_protocol_v1.c:264  protocol frame length error
01-09 19:40:21.153	          linker	[Debug]	        dji_protocol_v1.c:264  protocol frame length error
01-09 19:40:21.153	          linker	[Debug]	        dji_protocol_v1.c:264  protocol frame length error
01-09 19:40:21.153	          linker	[Debug]	        dji_protocol_v1.c:264  protocol frame length error
01-09 19:40:21.153	          linker	[Debug]	        dji_protocol_v1.c:264  protocol frame length error
01-09 19:40:21.153	          linker	[Debug]	        dji_protocol_v1.c:264  protocol frame length error
01-09 19:40:21.153	          linker	[Debug]	        dji_protocol_v1.c:264  protocol frame length error
01-09 19:40:21.153	          linker	[Debug]	        dji_protocol_v1.c:264  protocol frame length error
01-09 19:40:21.153	          linker	[Debug]	        dji_protocol_v1.c:264  protocol frame length error
01-09 19:40:21.153	          linker	[Debug]	        dji_protocol_v1.c:264  protocol frame length error
01-09 19:40:21.153	          linker	[Debug]	        dji_protocol_v1.c:264  protocol frame length error
01-09 19:40:21.153	          linker	[Debug]	        dji_protocol_v1.c:264  protocol frame length error
01-09 19:40:21.153	          linker	[Debug]	        dji_protocol_v1.c:264  protocol frame length error
01-09 19:40:21.153	          linker	[Debug]	        dji_protocol_v1.c:264  protocol frame length error
01-09 19:40:21.153	          linker	[Debug]	        dji_protocol_v1.c:264  protocol frame length error
01-09 19:40:21.153	          linker	[Debug]	        dji_protocol_v1.c:264  protocol frame length error
01-09 19:40:21.153	          linker	[Debug]	        dji_protocol_v1.c:264  protocol frame length error
01-09 19:40:21.153	          linker	[Debug]	        dji_protocol_v1.c:264  protocol frame length error
01-09 19:40:21.153	          linker	[Debug]	        dji_protocol_v1.c:264  protocol frame length error
01-09 19:40:21.153	          linker	[Debug]	        dji_protocol_v1.c:264  protocol frame length error
01-09 19:40:21.153	          linker	[Debug]	        dji_protocol_v1.c:264  protocol frame length error
01-09 19:40:21.153	          linker	[Debug]	        dji_protocol_v1.c:264  protocol frame length error
01-09 19:40:21.153	          linker	[Debug]	        dji_protocol_v1.c:264  protocol frame length error
01-09 19:40:21.153	          linker	[Debug]	        dji_protocol_v1.c:264  protocol frame length error
01-09 19:40:21.153	          linker	[Debug]	        dji_protocol_v1.c:264  protocol frame length error
01-09 19:40:21.153	          linker	[Debug]	        dji_protocol_v1.c:264  protocol frame length error
01-09 19:40:21.153	          linker	[Debug]	        dji_protocol_v1.c:264  protocol frame length error
01-09 19:40:21.153	          linker	[Debug]	        dji_protocol_v1.c:264  protocol frame length error
01-09 19:40:21.153	          linker	[Debug]	        dji_protocol_v1.c:264  protocol frame length error
01-09 19:40:21.153	          linker	[Debug]	        dji_protocol_v1.c:264  protocol frame length error
01-09 19:40:21.153	          linker	[Debug]	        dji_protocol_v1.c:264  protocol frame length error
01-09 19:40:21.153	          linker	[Debug]	        dji_protocol_v1.c:264  protocol frame length error
01-09 19:40:21.153	          linker	[Debug]	        dji_protocol_v1.c:264  protocol frame length error
01-09 19:40:21.153	          linker	[Debug]	        dji_protocol_v1.c:264  protocol frame length error
01-09 19:40:21.153	          linker	[Debug]	        dji_protocol_v1.c:264  protocol frame length error
01-09 19:40:21.153	          linker	[Debug]	        dji_protocol_v1.c:264  protocol frame length error
01-09 19:40:21.153	          linker	[Debug]	        dji_protocol_v1.c:264  protocol frame length error
01-09 19:40:21.153	          linker	[Debug]	        dji_protocol_v1.c:264  protocol frame length error
01-09 19:40:21.154	          linker	[Debug]	        dji_protocol_v1.c:264  protocol frame length error
01-09 19:40:21.154	          linker	[Debug]	        dji_protocol_v1.c:264  protocol frame length error
01-09 19:40:21.154	          linker	[Debug]	        dji_protocol_v1.c:264  protocol frame length error
01-09 19:40:21.154	          linker	[Debug]	        dji_protocol_v1.c:264  protocol frame length error
01-09 19:40:21.154	          linker	[Debug]	        dji_protocol_v1.c:264  protocol frame length error
01-09 19:40:21.154	          linker	[Debug]	        dji_protocol_v1.c:264  protocol frame length error
01-09 19:40:21.154	          linker	[Debug]	        dji_protocol_v1.c:264  protocol frame length error
01-09 19:40:21.154	          linker	[Debug]	        dji_protocol_v1.c:264  protocol frame length error
01-09 19:40:21.154	          linker	[Debug]	        dji_protocol_v1.c:264  protocol frame length error
01-09 19:40:21.154	          linker	[Debug]	        dji_protocol_v1.c:264  protocol frame length error
01-09 19:40:21.154	          linker	[Debug]	        dji_protocol_v1.c:264  protocol frame length error
01-09 19:40:21.154	          linker	[Debug]	        dji_protocol_v1.c:264  protocol frame length error
01-09 19:40:21.154	          linker	[Debug]	        dji_protocol_v1.c:264  protocol frame length error
01-09 19:40:21.154	          linker	[Debug]	        dji_protocol_v1.c:264  protocol frame length error
01-09 19:40:21.154	          linker	[Debug]	        dji_protocol_v1.c:264  protocol frame length error
01-09 19:40:21.154	          linker	[Debug]	        dji_protocol_v1.c:264  protocol frame length error
01-09 19:40:21.154	          linker	[Debug]	        dji_protocol_v1.c:264  protocol frame length error
01-09 19:40:21.154	          linker	[Debug]	        dji_protocol_v1.c:264  protocol frame length error
01-09 19:40:21.154	          linker	[Debug]	        dji_protocol_v1.c:264  protocol frame length error
01-09 19:40:21.154	          linker	[Debug]	        dji_protocol_v1.c:264  protocol frame length error
01-09 19:40:21.154	          linker	[Debug]	        dji_protocol_v1.c:264  protocol frame length error
01-09 19:40:21.154	          linker	[Debug]	        dji_protocol_v1.c:264  protocol frame length error
01-09 19:40:21.154	          linker	[Debug]	        dji_protocol_v1.c:264  protocol frame length error
01-09 19:40:21.154	          linker	[Debug]	        dji_protocol_v1.c:264  protocol frame length error
01-09 19:40:21.154	          linker	[Debug]	        dji_protocol_v1.c:264  protocol frame length error
01-09 19:40:21.154	          linker	[Debug]	        dji_protocol_v1.c:264  protocol frame length error
01-09 19:40:21.154	          linker	[Debug]	        dji_protocol_v1.c:264  protocol frame length error
01-09 19:40:21.154	          linker	[Debug]	        dji_protocol_v1.c:264  protocol frame length error
01-09 19:40:21.154	          linker	[Debug]	        dji_protocol_v1.c:264  protocol frame length error
01-09 19:40:21.154	          linker	[Debug]	        dji_protocol_v1.c:264  protocol frame length error
01-09 19:40:21.154	          linker	[Debug]	        dji_protocol_v1.c:264  protocol frame length error
01-09 19:40:21.154	          linker	[Debug]	        dji_protocol_v1.c:264  protocol frame length error
01-09 19:40:21.154	          linker	[Debug]	        dji_protocol_v1.c:264  protocol frame length error
01-09 19:40:21.154	          linker	[Debug]	        dji_protocol_v1.c:264  protocol frame length error
01-09 19:40:21.154	          linker	[Debug]	        dji_protocol_v1.c:264  protocol frame length error
01-09 19:40:21.154	          linker	[Debug]	        dji_protocol_v1.c:264  protocol frame length error
01-09 19:40:21.154	          linker	[Debug]	        dji_protocol_v1.c:264  protocol frame length error
01-09 19:40:21.154	          linker	[Debug]	        dji_protocol_v1.c:264  protocol frame length error
01-09 19:40:21.154	          linker	[Debug]	        dji_protocol_v1.c:264  protocol frame length error
01-09 19:40:21.154	          linker	[Debug]	        dji_protocol_v1.c:264  protocol frame length error
01-09 19:40:21.154	          linker	[Debug]	        dji_protocol_v1.c:264  protocol frame length error
01-09 19:40:21.154	          linker	[Debug]	        dji_protocol_v1.c:264  protocol frame length error
01-09 19:40:21.154	          linker	[Debug]	        dji_protocol_v1.c:264  protocol frame length error
01-09 19:40:21.154	          linker	[Debug]	        dji_protocol_v1.c:264  protocol frame length error
01-09 19:40:21.154	          linker	[Debug]	        dji_protocol_v1.c:264  protocol frame length error
01-09 19:40:21.154	          linker	[Debug]	        dji_protocol_v1.c:264  protocol frame length error
01-09 19:40:21.154	          linker	[Debug]	        dji_protocol_v1.c:264  protocol frame length error
01-09 19:40:21.154	          linker	[Debug]	        dji_protocol_v1.c:264  protocol frame length error
01-09 19:40:21.154	          linker	[Debug]	        dji_protocol_v1.c:264  protocol frame length error
01-09 19:40:21.154	          linker	[Debug]	        dji_protocol_v1.c:264  protocol frame length error
01-09 19:40:21.154	          linker	[Debug]	        dji_protocol_v1.c:264  protocol frame length error
01-09 19:40:21.154	          linker	[Debug]	        dji_protocol_v1.c:264  protocol frame length error
01-09 19:40:21.154	          linker	[Debug]	        dji_protocol_v1.c:264  protocol frame length error
01-09 19:40:21.154	          linker	[Debug]	        dji_protocol_v1.c:264  protocol frame length error
01-09 19:40:21.154	          linker	[Debug]	        dji_protocol_v1.c:264  protocol frame length error
01-09 19:40:21.154	          linker	[Debug]	        dji_protocol_v1.c:264  protocol frame length error
01-09 19:40:21.154	          linker	[Debug]	        dji_protocol_v1.c:264  protocol frame length error
01-09 19:40:21.154	          linker	[Debug]	        dji_protocol_v1.c:264  protocol frame length error
01-09 19:40:21.154	          linker	[Debug]	        dji_protocol_v1.c:264  protocol frame length error
01-09 19:40:21.154	          linker	[Debug]	        dji_protocol_v1.c:264  protocol frame length error
01-09 19:40:21.154	          linker	[Debug]	        dji_protocol_v1.c:264  protocol frame length error
01-09 19:40:21.154	          linker	[Debug]	        dji_protocol_v1.c:264  protocol frame length error
01-09 19:40:21.154	          linker	[Debug]	        dji_protocol_v1.c:264  protocol frame length error
01-09 19:40:21.154	          linker	[Debug]	        dji_protocol_v1.c:264  protocol frame length error
01-09 19:40:21.154	          linker	[Debug]	        dji_protocol_v1.c:264  protocol frame length error
01-09 19:40:21.154	          linker	[Debug]	        dji_protocol_v1.c:264  protocol frame length error
01-09 19:40:21.154	          linker	[Debug]	        dji_protocol_v1.c:264  protocol frame length error
01-09 19:40:21.154	          linker	[Debug]	        dji_protocol_v1.c:264  protocol frame length error
01-09 19:40:21.154	          linker	[Debug]	        dji_protocol_v1.c:264  protocol frame length error
01-09 19:40:21.154	          linker	[Debug]	        dji_protocol_v1.c:264  protocol frame length error
01-09 19:40:21.154	          linker	[Debug]	        dji_protocol_v1.c:264  protocol frame length error
01-09 19:40:21.154	          linker	[Debug]	        dji_protocol_v1.c:264  protocol frame length error
01-09 19:40:21.154	          linker	[Debug]	        dji_protocol_v1.c:264  protocol frame length error
01-09 19:40:21.154	          linker	[Debug]	        dji_protocol_v1.c:264  protocol frame length error
01-09 19:40:21.154	          linker	[Debug]	        dji_protocol_v1.c:264  protocol frame length error
01-09 19:40:21.154	          linker	[Debug]	        dji_protocol_v1.c:264  protocol frame length error
01-09 19:40:21.154	          linker	[Debug]	        dji_protocol_v1.c:264  protocol frame length error
01-09 19:40:21.154	          linker	[Debug]	        dji_protocol_v1.c:264  protocol frame length error
01-09 19:40:21.154	          linker	[Debug]	        dji_protocol_v1.c:264  protocol frame length error
01-09 19:40:21.154	          linker	[Debug]	        dji_protocol_v1.c:264  protocol frame length error
01-09 19:40:21.154	          linker	[Debug]	        dji_protocol_v1.c:264  protocol frame length error
01-09 19:40:21.154	          linker	[Debug]	        dji_protocol_v1.c:264  protocol frame length error
01-09 19:40:21.154	          linker	[Debug]	        dji_protocol_v1.c:264  protocol frame length error
01-09 19:40:21.154	          linker	[Debug]	        dji_protocol_v1.c:264  protocol frame length error
01-09 19:40:21.154	          linker	[Debug]	        dji_protocol_v1.c:264  protocol frame length error
01-09 19:40:21.154	          linker	[Debug]	        dji_protocol_v1.c:264  protocol frame length error
01-09 19:40:21.154	          linker	[Debug]	        dji_protocol_v1.c:264  protocol frame length error
01-09 19:40:21.154	          linker	[Debug]	        dji_protocol_v1.c:264  protocol frame length error
01-09 19:40:21.154	          linker	[Debug]	        dji_protocol_v1.c:264  protocol frame length error
01-09 19:40:21.154	          linker	[Debug]	        dji_protocol_v1.c:264  protocol frame length error
01-09 19:40:21.154	          linker	[Debug]	        dji_protocol_v1.c:264  protocol frame length error
01-09 19:40:21.154	          linker	[Debug]	        dji_protocol_v1.c:264  protocol frame length error
01-09 19:40:21.154	          linker	[Debug]	        dji_protocol_v1.c:264  protocol frame length error
01-09 19:40:21.154	          linker	[Debug]	        dji_protocol_v1.c:264  protocol frame length error
01-09 19:40:21.154	          linker	[Debug]	        dji_protocol_v1.c:264  protocol frame length error
01-09 19:40:21.154	          linker	[Debug]	        dji_protocol_v1.c:264  protocol frame length error
01-09 19:40:21.154	          linker	[Debug]	        dji_protocol_v1.c:264  protocol frame length error
01-09 19:40:21.154	          linker	[Debug]	        dji_protocol_v1.c:264  protocol frame length error
01-09 19:40:21.154	          linker	[Debug]	        dji_protocol_v1.c:264  protocol frame length error
01-09 19:40:21.154	          linker	[Debug]	        dji_protocol_v1.c:264  protocol frame length error
01-09 19:40:21.154	          linker	[Debug]	        dji_protocol_v1.c:264  protocol frame length error
01-09 19:40:21.154	          linker	[Debug]	        dji_protocol_v1.c:264  protocol frame length error
01-09 19:40:21.154	          linker	[Debug]	        dji_protocol_v1.c:264  protocol frame length error
01-09 19:40:21.154	          linker	[Debug]	        dji_protocol_v1.c:264  protocol frame length error
01-09 19:40:21.154	          linker	[Debug]	        dji_protocol_v1.c:264  protocol frame length error
01-09 19:40:21.154	          linker	[Debug]	        dji_protocol_v1.c:264  protocol frame length error
01-09 19:40:21.154	          linker	[Debug]	        dji_protocol_v1.c:264  protocol frame length error
01-09 19:40:21.154	          linker	[Debug]	        dji_protocol_v1.c:264  protocol frame length error
01-09 19:40:21.154	          linker	[Debug]	        dji_protocol_v1.c:264  protocol frame length error
01-09 19:40:21.154	          linker	[Debug]	        dji_protocol_v1.c:264  protocol frame length error
01-09 19:40:21.154	          linker	[Debug]	        dji_protocol_v1.c:264  protocol frame length error
01-09 19:40:21.154	          linker	[Debug]	        dji_protocol_v1.c:264  protocol frame length error
01-09 19:40:21.154	          linker	[Debug]	        dji_protocol_v1.c:264  protocol frame length error
01-09 19:40:21.154	          linker	[Debug]	        dji_protocol_v1.c:264  protocol frame length error
01-09 19:40:21.154	          linker	[Debug]	        dji_protocol_v1.c:264  protocol frame length error
01-09 19:40:21.154	          linker	[Debug]	        dji_protocol_v1.c:264  protocol frame length error
01-09 19:40:21.154	          linker	[Debug]	        dji_protocol_v1.c:264  protocol frame length error
01-09 19:40:21.154	          linker	[Debug]	        dji_protocol_v1.c:264  protocol frame length error
01-09 19:40:21.154	          linker	[Debug]	        dji_protocol_v1.c:264  protocol frame length error
01-09 19:40:21.154	          linker	[Debug]	        dji_protocol_v1.c:264  protocol frame length error
01-09 19:40:21.155	          linker	[Debug]	        dji_protocol_v1.c:264  protocol frame length error
01-09 19:40:21.155	          linker	[Debug]	        dji_protocol_v1.c:264  protocol frame length error
01-09 19:40:21.155	          linker	[Debug]	        dji_protocol_v1.c:264  protocol frame length error
01-09 19:40:21.155	          linker	[Debug]	        dji_protocol_v1.c:264  protocol frame length error
01-09 19:40:21.155	          linker	[Debug]	        dji_protocol_v1.c:264  protocol frame length error
01-09 19:40:21.155	          linker	[Debug]	        dji_protocol_v1.c:264  protocol frame length error
01-09 19:40:21.155	          linker	[Debug]	        dji_protocol_v1.c:264  protocol frame length error
01-09 19:40:21.155	          linker	[Debug]	        dji_protocol_v1.c:264  protocol frame length error
01-09 19:40:21.155	          linker	[Debug]	        dji_protocol_v1.c:264  protocol frame length error
01-09 19:40:21.155	          linker	[Debug]	        dji_protocol_v1.c:264  protocol frame length error
01-09 19:40:21.155	          linker	[Debug]	        dji_protocol_v1.c:264  protocol frame length error
01-09 19:40:21.155	          linker	[Debug]	        dji_protocol_v1.c:264  protocol frame length error
01-09 19:40:21.155	          linker	[Debug]	        dji_protocol_v1.c:264  protocol frame length error
01-09 19:40:21.155	          linker	[Debug]	        dji_protocol_v1.c:264  protocol frame length error
01-09 19:40:21.155	          linker	[Debug]	        dji_protocol_v1.c:264  protocol frame length error
01-09 19:40:21.155	          linker	[Debug]	        dji_protocol_v1.c:264  protocol frame length error
01-09 19:40:21.155	          linker	[Debug]	        dji_protocol_v1.c:264  protocol frame length error
01-09 19:40:21.155	          linker	[Debug]	        dji_protocol_v1.c:264  protocol frame length error
01-09 19:40:21.155	          linker	[Debug]	        dji_protocol_v1.c:264  protocol frame length error
01-09 19:40:21.155	          linker	[Debug]	        dji_protocol_v1.c:264  protocol frame length error
01-09 19:40:21.155	          linker	[Debug]	        dji_protocol_v1.c:264  protocol frame length error
01-09 19:40:21.155	          linker	[Debug]	        dji_protocol_v1.c:264  protocol frame length error
01-09 19:40:21.155	          linker	[Debug]	        dji_protocol_v1.c:264  protocol frame length error
01-09 19:40:21.155	          linker	[Debug]	        dji_protocol_v1.c:264  protocol frame length error
01-09 19:40:21.155	          linker	[Debug]	        dji_protocol_v1.c:264  protocol frame length error
01-09 19:40:21.155	          linker	[Debug]	        dji_protocol_v1.c:264  protocol frame length error
01-09 19:40:21.155	          linker	[Debug]	        dji_protocol_v1.c:264  protocol frame length error
01-09 19:40:21.155	          linker	[Debug]	        dji_protocol_v1.c:264  protocol frame length error
01-09 19:40:21.155	          linker	[Debug]	        dji_protocol_v1.c:264  protocol frame length error
01-09 19:40:21.155	          linker	[Debug]	        dji_protocol_v1.c:264  protocol frame length error
01-09 19:40:21.155	          linker	[Debug]	        dji_protocol_v1.c:264  protocol frame length error
01-09 19:40:21.155	          linker	[Debug]	        dji_protocol_v1.c:264  protocol frame length error
01-09 19:40:21.155	          linker	[Debug]	        dji_protocol_v1.c:264  protocol frame length error
01-09 19:40:21.155	          linker	[Debug]	        dji_protocol_v1.c:264  protocol frame length error
01-09 19:40:21.155	          linker	[Debug]	        dji_protocol_v1.c:264  protocol frame length error
01-09 19:40:21.155	          linker	[Debug]	        dji_protocol_v1.c:264  protocol frame length error
01-09 19:40:21.155	          linker	[Debug]	        dji_protocol_v1.c:264  protocol frame length error
01-09 19:40:21.155	          linker	[Debug]	        dji_protocol_v1.c:264  protocol frame length error
01-09 19:40:21.155	          linker	[Debug]	        dji_protocol_v1.c:264  protocol frame length error
01-09 19:40:21.155	          linker	[Debug]	        dji_protocol_v1.c:264  protocol frame length error
01-09 19:40:21.155	          linker	[Debug]	        dji_protocol_v1.c:264  protocol frame length error
01-09 19:40:21.155	          linker	[Debug]	        dji_protocol_v1.c:264  protocol frame length error
01-09 19:40:21.155	          linker	[Debug]	        dji_protocol_v1.c:264  protocol frame length error
01-09 19:40:21.155	          linker	[Debug]	        dji_protocol_v1.c:264  protocol frame length error
01-09 19:40:21.155	          linker	[Debug]	        dji_protocol_v1.c:264  protocol frame length error
01-09 19:40:21.155	          linker	[Debug]	        dji_protocol_v1.c:264  protocol frame length error
01-09 19:40:21.155	          linker	[Debug]	        dji_protocol_v1.c:264  protocol frame length error
01-09 19:40:21.155	          linker	[Debug]	        dji_protocol_v1.c:264  protocol frame length error
01-09 19:40:21.155	          linker	[Debug]	        dji_protocol_v1.c:264  protocol frame length error
01-09 19:40:21.155	          linker	[Debug]	        dji_protocol_v1.c:264  protocol frame length error
01-09 19:40:21.155	          linker	[Debug]	        dji_protocol_v1.c:264  protocol frame length error
01-09 19:40:21.155	          linker	[Debug]	        dji_protocol_v1.c:264  protocol frame length error
01-09 19:40:21.155	          linker	[Debug]	        dji_protocol_v1.c:264  protocol frame length error
01-09 19:40:21.155	          linker	[Debug]	        dji_protocol_v1.c:264  protocol frame length error
01-09 19:40:21.155	          linker	[Debug]	        dji_protocol_v1.c:264  protocol frame length error
01-09 19:40:21.155	          linker	[Debug]	        dji_protocol_v1.c:264  protocol frame length error
01-09 19:40:21.155	          linker	[Debug]	        dji_protocol_v1.c:264  protocol frame length error
01-09 19:40:21.155	          linker	[Debug]	        dji_protocol_v1.c:264  protocol frame length error
01-09 19:40:21.155	          linker	[Debug]	        dji_protocol_v1.c:264  protocol frame length error
01-09 19:40:21.155	          linker	[Debug]	        dji_protocol_v1.c:264  protocol frame length error
01-09 19:40:21.155	          linker	[Debug]	        dji_protocol_v1.c:264  protocol frame length error
01-09 19:40:21.155	          linker	[Debug]	        dji_protocol_v1.c:264  protocol frame length error
01-09 19:40:21.155	          linker	[Debug]	        dji_protocol_v1.c:264  protocol frame length error
01-09 19:40:21.155	          linker	[Debug]	        dji_protocol_v1.c:264  protocol frame length error
01-09 19:40:21.155	          linker	[Debug]	        dji_protocol_v1.c:264  protocol frame length error
01-09 19:40:21.155	          linker	[Debug]	        dji_protocol_v1.c:264  protocol frame length error
01-09 19:40:21.155	          linker	[Debug]	        dji_protocol_v1.c:264  protocol frame length error
01-09 19:40:21.155	          linker	[Debug]	        dji_protocol_v1.c:264  protocol frame length error
01-09 19:40:21.155	          linker	[Debug]	        dji_protocol_v1.c:264  protocol frame length error
01-09 19:40:21.155	          linker	[Debug]	        dji_protocol_v1.c:264  protocol frame length error
01-09 19:40:21.155	          linker	[Debug]	        dji_protocol_v1.c:264  protocol frame length error
01-09 19:40:21.155	          linker	[Debug]	        dji_protocol_v1.c:264  protocol frame length error
01-09 19:40:21.155	          linker	[Debug]	        dji_protocol_v1.c:264  protocol frame length error
01-09 19:40:21.155	          linker	[Debug]	        dji_protocol_v1.c:264  protocol frame length error
01-09 19:40:21.155	          linker	[Debug]	        dji_protocol_v1.c:264  protocol frame length error
01-09 19:40:21.155	          linker	[Debug]	        dji_protocol_v1.c:264  protocol frame length error
01-09 19:40:21.155	          linker	[Debug]	        dji_protocol_v1.c:264  protocol frame length error
01-09 19:40:21.155	          linker	[Debug]	        dji_protocol_v1.c:264  protocol frame length error
01-09 19:40:21.155	          linker	[Debug]	        dji_protocol_v1.c:264  protocol frame length error
01-09 19:40:21.155	          linker	[Debug]	        dji_protocol_v1.c:264  protocol frame length error
01-09 19:40:21.155	          linker	[Debug]	        dji_protocol_v1.c:264  protocol frame length error
01-09 19:40:21.155	          linker	[Debug]	        dji_protocol_v1.c:264  protocol frame length error
01-09 19:40:21.155	          linker	[Debug]	        dji_protocol_v1.c:264  protocol frame length error
01-09 19:40:21.155	          linker	[Debug]	        dji_protocol_v1.c:264  protocol frame length error
01-09 19:40:21.155	          linker	[Debug]	        dji_protocol_v1.c:264  protocol frame length error
01-09 19:40:21.155	          linker	[Debug]	        dji_protocol_v1.c:264  protocol frame length error
01-09 19:40:21.155	          linker	[Debug]	        dji_protocol_v1.c:264  protocol frame length error
01-09 19:40:21.155	          linker	[Debug]	        dji_protocol_v1.c:264  protocol frame length error
01-09 19:40:21.155	          linker	[Debug]	        dji_protocol_v1.c:264  protocol frame length error
01-09 19:40:21.155	          linker	[Debug]	        dji_protocol_v1.c:264  protocol frame length error
01-09 19:40:21.155	          linker	[Debug]	        dji_protocol_v1.c:264  protocol frame length error
01-09 19:40:21.155	          linker	[Debug]	        dji_protocol_v1.c:264  protocol frame length error
01-09 19:40:21.155	          linker	[Debug]	        dji_protocol_v1.c:264  protocol frame length error
01-09 19:40:21.155	          linker	[Debug]	        dji_protocol_v1.c:264  protocol frame length error
01-09 19:40:21.155	          linker	[Debug]	        dji_protocol_v1.c:264  protocol frame length error
01-09 19:40:21.155	          linker	[Debug]	        dji_protocol_v1.c:264  protocol frame length error
01-09 19:40:21.155	          linker	[Debug]	        dji_protocol_v1.c:264  protocol frame length error
01-09 19:40:21.155	          linker	[Debug]	        dji_protocol_v1.c:264  protocol frame length error
01-09 19:40:21.155	          linker	[Debug]	        dji_protocol_v1.c:264  protocol frame length error
01-09 19:40:21.155	          linker	[Debug]	        dji_protocol_v1.c:264  protocol frame length error
01-09 19:40:21.155	          linker	[Debug]	        dji_protocol_v1.c:264  protocol frame length error
01-09 19:40:21.155	          linker	[Debug]	        dji_protocol_v1.c:264  protocol frame length error
01-09 19:40:21.155	          linker	[Debug]	        dji_protocol_v1.c:264  protocol frame length error
01-09 19:40:21.155	          linker	[Debug]	        dji_protocol_v1.c:264  protocol frame length error
01-09 19:40:21.155	          linker	[Debug]	        dji_protocol_v1.c:264  protocol frame length error
01-09 19:40:21.155	          linker	[Debug]	        dji_protocol_v1.c:264  protocol frame length error
01-09 19:40:21.155	          linker	[Debug]	        dji_protocol_v1.c:264  protocol frame length error
01-09 19:40:21.155	          linker	[Debug]	        dji_protocol_v1.c:264  protocol frame length error
01-09 19:40:21.155	          linker	[Debug]	        dji_protocol_v1.c:264  protocol frame length error
01-09 19:40:21.155	          linker	[Debug]	        dji_protocol_v1.c:264  protocol frame length error
01-09 19:40:21.155	          linker	[Debug]	        dji_protocol_v1.c:264  protocol frame length error
01-09 19:40:21.155	          linker	[Debug]	        dji_protocol_v1.c:264  protocol frame length error
01-09 19:40:21.155	          linker	[Debug]	        dji_protocol_v1.c:264  protocol frame length error
01-09 19:40:21.155	          linker	[Debug]	        dji_protocol_v1.c:264  protocol frame length error
01-09 19:40:21.155	          linker	[Debug]	        dji_protocol_v1.c:264  protocol frame length error
01-09 19:40:21.155	          linker	[Debug]	        dji_protocol_v1.c:264  protocol frame length error
01-09 19:40:21.155	          linker	[Debug]	        dji_protocol_v1.c:264  protocol frame length error
01-09 19:40:21.155	          linker	[Debug]	        dji_protocol_v1.c:264  protocol frame length error
01-09 19:40:21.155	          linker	[Debug]	        dji_protocol_v1.c:264  protocol frame length error
01-09 19:40:21.155	          linker	[Debug]	        dji_protocol_v1.c:264  protocol frame length error
01-09 19:40:21.156	          linker	[Debug]	        dji_protocol_v1.c:264  protocol frame length error
01-09 19:40:21.156	          linker	[Debug]	        dji_protocol_v1.c:264  protocol frame length error
01-09 19:40:21.156	          linker	[Debug]	        dji_protocol_v1.c:264  protocol frame length error
01-09 19:40:21.156	          linker	[Debug]	        dji_protocol_v1.c:264  protocol frame length error
01-09 19:40:21.156	          linker	[Debug]	        dji_protocol_v1.c:264  protocol frame length error
01-09 19:40:21.156	          linker	[Debug]	        dji_protocol_v1.c:264  protocol frame length error
01-09 19:40:21.156	          linker	[Debug]	        dji_protocol_v1.c:264  protocol frame length error
01-09 19:40:21.156	          linker	[Debug]	        dji_protocol_v1.c:264  protocol frame length error
01-09 19:40:21.156	          linker	[Debug]	        dji_protocol_v1.c:264  protocol frame length error
01-09 19:40:21.156	          linker	[Debug]	        dji_protocol_v1.c:264  protocol frame length error
01-09 19:40:21.156	          linker	[Debug]	        dji_protocol_v1.c:264  protocol frame length error
01-09 19:40:21.156	          linker	[Debug]	        dji_protocol_v1.c:264  protocol frame length error
01-09 19:40:21.156	          linker	[Debug]	        dji_protocol_v1.c:264  protocol frame length error
01-09 19:40:21.156	          linker	[Debug]	        dji_protocol_v1.c:264  protocol frame length error
01-09 19:40:21.156	          linker	[Debug]	        dji_protocol_v1.c:264  protocol frame length error
01-09 19:40:21.156	          linker	[Debug]	        dji_protocol_v1.c:264  protocol frame length error
01-09 19:40:21.156	          linker	[Debug]	        dji_protocol_v1.c:264  protocol frame length error
01-09 19:40:21.156	          linker	[Debug]	        dji_protocol_v1.c:264  protocol frame length error
01-09 19:40:21.156	          linker	[Debug]	        dji_protocol_v1.c:264  protocol frame length error
01-09 19:40:21.156	          linker	[Debug]	        dji_protocol_v1.c:264  protocol frame length error
01-09 19:40:21.156	          linker	[Debug]	        dji_protocol_v1.c:264  protocol frame length error
01-09 19:40:21.156	          linker	[Debug]	        dji_protocol_v1.c:264  protocol frame length error
01-09 19:40:21.156	          linker	[Debug]	        dji_protocol_v1.c:264  protocol frame length error
01-09 19:40:21.156	          linker	[Debug]	        dji_protocol_v1.c:264  protocol frame length error
01-09 19:40:21.156	          linker	[Debug]	        dji_protocol_v1.c:264  protocol frame length error
01-09 19:40:21.156	          linker	[Debug]	        dji_protocol_v1.c:264  protocol frame length error
01-09 19:40:21.156	          linker	[Debug]	        dji_protocol_v1.c:264  protocol frame length error
01-09 19:40:21.156	          linker	[Debug]	        dji_protocol_v1.c:264  protocol frame length error
01-09 19:40:21.156	          linker	[Debug]	        dji_protocol_v1.c:264  protocol frame length error
01-09 19:40:21.156	          linker	[Debug]	        dji_protocol_v1.c:264  protocol frame length error
01-09 19:40:21.156	          linker	[Debug]	        dji_protocol_v1.c:264  protocol frame length error
01-09 19:40:21.156	          linker	[Debug]	        dji_protocol_v1.c:264  protocol frame length error
01-09 19:40:21.156	          linker	[Debug]	        dji_protocol_v1.c:264  protocol frame length error
01-09 19:40:21.156	          linker	[Debug]	        dji_protocol_v1.c:264  protocol frame length error
01-09 19:40:21.156	          linker	[Debug]	        dji_protocol_v1.c:264  protocol frame length error
01-09 19:40:21.156	          linker	[Debug]	        dji_protocol_v1.c:264  protocol frame length error
01-09 19:40:21.156	          linker	[Debug]	        dji_protocol_v1.c:264  protocol frame length error
01-09 19:40:21.156	          linker	[Debug]	        dji_protocol_v1.c:264  protocol frame length error
01-09 19:40:21.156	          linker	[Debug]	        dji_protocol_v1.c:264  protocol frame length error
01-09 19:40:21.156	          linker	[Debug]	        dji_protocol_v1.c:264  protocol frame length error
01-09 19:40:21.156	          linker	[Debug]	        dji_protocol_v1.c:264  protocol frame length error
01-09 19:40:21.156	          linker	[Debug]	        dji_protocol_v1.c:264  protocol frame length error
01-09 19:40:21.156	          linker	[Debug]	        dji_protocol_v1.c:264  protocol frame length error
01-09 19:40:21.156	          linker	[Debug]	        dji_protocol_v1.c:264  protocol frame length error
01-09 19:40:21.156	          linker	[Debug]	        dji_protocol_v1.c:264  protocol frame length error
01-09 19:40:21.156	          linker	[Debug]	        dji_protocol_v1.c:264  protocol frame length error
01-09 19:40:21.156	          linker	[Debug]	        dji_protocol_v1.c:264  protocol frame length error
01-09 19:40:21.156	          linker	[Debug]	        dji_protocol_v1.c:264  protocol frame length error
01-09 19:40:21.156	          linker	[Debug]	        dji_protocol_v1.c:264  protocol frame length error
01-09 19:40:21.156	          linker	[Debug]	        dji_protocol_v1.c:264  protocol frame length error
01-09 19:40:21.156	          linker	[Debug]	        dji_protocol_v1.c:264  protocol frame length error
01-09 19:40:21.156	          linker	[Debug]	        dji_protocol_v1.c:264  protocol frame length error
01-09 19:40:21.156	          linker	[Debug]	        dji_protocol_v1.c:264  protocol frame length error
01-09 19:40:21.156	          linker	[Debug]	        dji_protocol_v1.c:264  protocol frame length error
01-09 19:40:21.156	          linker	[Debug]	        dji_protocol_v1.c:264  protocol frame length error
01-09 19:40:21.156	          linker	[Debug]	        dji_protocol_v1.c:264  protocol frame length error
01-09 19:40:21.156	          linker	[Debug]	        dji_protocol_v1.c:264  protocol frame length error
01-09 19:40:21.156	          linker	[Debug]	        dji_protocol_v1.c:264  protocol frame length error
01-09 19:40:21.156	          linker	[Debug]	        dji_protocol_v1.c:264  protocol frame length error
01-09 19:40:21.156	          linker	[Debug]	        dji_protocol_v1.c:264  protocol frame length error
01-09 19:40:21.156	          linker	[Debug]	        dji_protocol_v1.c:264  protocol frame length error
01-09 19:40:21.156	          linker	[Debug]	        dji_protocol_v1.c:264  protocol frame length error
01-09 19:40:21.156	          linker	[Debug]	        dji_protocol_v1.c:264  protocol frame length error
01-09 19:40:21.156	          linker	[Debug]	        dji_protocol_v1.c:264  protocol frame length error
01-09 19:40:21.156	          linker	[Debug]	        dji_protocol_v1.c:264  protocol frame length error
01-09 19:40:21.156	          linker	[Debug]	        dji_protocol_v1.c:264  protocol frame length error
01-09 19:40:21.156	          linker	[Debug]	        dji_protocol_v1.c:264  protocol frame length error
01-09 19:40:21.156	          linker	[Debug]	        dji_protocol_v1.c:264  protocol frame length error
01-09 19:40:21.156	          linker	[Debug]	        dji_protocol_v1.c:264  protocol frame length error
01-09 19:40:21.156	          linker	[Debug]	        dji_protocol_v1.c:264  protocol frame length error
01-09 19:40:21.156	          linker	[Debug]	        dji_protocol_v1.c:264  protocol frame length error
01-09 19:40:21.156	          linker	[Debug]	        dji_protocol_v1.c:264  protocol frame length error
01-09 19:40:21.156	          linker	[Debug]	        dji_protocol_v1.c:264  protocol frame length error
01-09 19:40:21.156	          linker	[Debug]	        dji_protocol_v1.c:264  protocol frame length error
01-09 19:40:21.156	          linker	[Debug]	        dji_protocol_v1.c:264  protocol frame length error
01-09 19:40:21.156	          linker	[Debug]	        dji_protocol_v1.c:264  protocol frame length error
01-09 19:40:21.156	          linker	[Debug]	        dji_protocol_v1.c:264  protocol frame length error
01-09 19:40:21.156	          linker	[Debug]	        dji_protocol_v1.c:264  protocol frame length error
01-09 19:40:21.156	          linker	[Debug]	        dji_protocol_v1.c:264  protocol frame length error
01-09 19:40:21.156	          linker	[Debug]	        dji_protocol_v1.c:264  protocol frame length error
01-09 19:40:21.156	          linker	[Debug]	        dji_protocol_v1.c:264  protocol frame length error
01-09 19:40:21.156	          linker	[Debug]	        dji_protocol_v1.c:264  protocol frame length error
01-09 19:40:21.156	          linker	[Debug]	        dji_protocol_v1.c:264  protocol frame length error
01-09 19:40:21.156	          linker	[Debug]	        dji_protocol_v1.c:264  protocol frame length error
01-09 19:40:21.156	          linker	[Debug]	        dji_protocol_v1.c:264  protocol frame length error
01-09 19:40:21.156	          linker	[Debug]	        dji_protocol_v1.c:264  protocol frame length error
01-09 19:40:21.156	          linker	[Debug]	        dji_protocol_v1.c:264  protocol frame length error
01-09 19:40:21.156	          linker	[Debug]	        dji_protocol_v1.c:264  protocol frame length error
01-09 19:40:21.156	          linker	[Debug]	        dji_protocol_v1.c:264  protocol frame length error
01-09 19:40:21.156	          linker	[Debug]	        dji_protocol_v1.c:264  protocol frame length error
01-09 19:40:21.156	          linker	[Debug]	        dji_protocol_v1.c:264  protocol frame length error
01-09 19:40:21.156	          linker	[Debug]	        dji_protocol_v1.c:264  protocol frame length error
01-09 19:40:21.156	          linker	[Debug]	        dji_protocol_v1.c:264  protocol frame length error
01-09 19:40:21.156	          linker	[Debug]	        dji_protocol_v1.c:264  protocol frame length error
01-09 19:40:21.156	          linker	[Debug]	        dji_protocol_v1.c:264  protocol frame length error
01-09 19:40:21.156	          linker	[Debug]	        dji_protocol_v1.c:264  protocol frame length error
01-09 19:40:21.156	          linker	[Debug]	        dji_protocol_v1.c:264  protocol frame length error
01-09 19:40:21.156	          linker	[Debug]	        dji_protocol_v1.c:264  protocol frame length error
01-09 19:40:21.156	          linker	[Debug]	        dji_protocol_v1.c:264  protocol frame length error
01-09 19:40:21.156	          linker	[Debug]	        dji_protocol_v1.c:264  protocol frame length error
01-09 19:40:21.156	          linker	[Debug]	        dji_protocol_v1.c:264  protocol frame length error
01-09 19:40:21.156	          linker	[Debug]	        dji_protocol_v1.c:264  protocol frame length error
01-09 19:40:21.156	          linker	[Debug]	        dji_protocol_v1.c:264  protocol frame length error
01-09 19:40:21.156	          linker	[Debug]	        dji_protocol_v1.c:264  protocol frame length error
01-09 19:40:21.156	          linker	[Debug]	        dji_protocol_v1.c:264  protocol frame length error
01-09 19:40:21.156	          linker	[Debug]	        dji_protocol_v1.c:264  protocol frame length error
01-09 19:40:21.156	          linker	[Debug]	        dji_protocol_v1.c:264  protocol frame length error
01-09 19:40:21.156	          linker	[Debug]	        dji_protocol_v1.c:264  protocol frame length error
01-09 19:40:21.156	          linker	[Debug]	        dji_protocol_v1.c:264  protocol frame length error
01-09 19:40:21.156	          linker	[Debug]	        dji_protocol_v1.c:264  protocol frame length error
01-09 19:40:21.156	          linker	[Debug]	        dji_protocol_v1.c:264  protocol frame length error
01-09 19:40:21.156	          linker	[Debug]	        dji_protocol_v1.c:264  protocol frame length error
01-09 19:40:21.156	          linker	[Debug]	        dji_protocol_v1.c:264  protocol frame length error
01-09 19:40:21.156	          linker	[Debug]	        dji_protocol_v1.c:264  protocol frame length error
01-09 19:40:21.156	          linker	[Debug]	        dji_protocol_v1.c:264  protocol frame length error
01-09 19:40:21.156	          linker	[Debug]	        dji_protocol_v1.c:264  protocol frame length error
01-09 19:40:21.156	          linker	[Debug]	        dji_protocol_v1.c:264  protocol frame length error
01-09 19:40:21.156	          linker	[Debug]	        dji_protocol_v1.c:264  protocol frame length error
01-09 19:40:21.156	          linker	[Debug]	        dji_protocol_v1.c:264  protocol frame length error
01-09 19:40:21.156	          linker	[Debug]	        dji_protocol_v1.c:264  protocol frame length error
01-09 19:40:21.156	          linker	[Debug]	        dji_protocol_v1.c:264  protocol frame length error
01-09 19:40:21.156	          linker	[Debug]	        dji_protocol_v1.c:264  protocol frame length error
01-09 19:40:21.157	          linker	[Debug]	        dji_protocol_v1.c:264  protocol frame length error
01-09 19:40:21.157	          linker	[Debug]	        dji_protocol_v1.c:264  protocol frame length error
01-09 19:40:21.157	          linker	[Debug]	        dji_protocol_v1.c:264  protocol frame length error
01-09 19:40:21.157	          linker	[Debug]	        dji_protocol_v1.c:264  protocol frame length error
01-09 19:40:21.157	          linker	[Debug]	        dji_protocol_v1.c:264  protocol frame length error
01-09 19:40:21.157	          linker	[Debug]	        dji_protocol_v1.c:264  protocol frame length error
01-09 19:40:21.157	          linker	[Debug]	        dji_protocol_v1.c:264  protocol frame length error
01-09 19:40:21.157	          linker	[Debug]	        dji_protocol_v1.c:264  protocol frame length error
01-09 19:40:21.157	          linker	[Debug]	        dji_protocol_v1.c:264  protocol frame length error
01-09 19:40:21.157	          linker	[Debug]	        dji_protocol_v1.c:264  protocol frame length error
01-09 19:40:21.157	          linker	[Debug]	        dji_protocol_v1.c:264  protocol frame length error
01-09 19:40:21.157	          linker	[Debug]	        dji_protocol_v1.c:264  protocol frame length error
01-09 19:40:21.157	          linker	[Debug]	        dji_protocol_v1.c:264  protocol frame length error
01-09 19:40:21.157	          linker	[Debug]	        dji_protocol_v1.c:264  protocol frame length error
01-09 19:40:21.157	          linker	[Debug]	        dji_protocol_v1.c:264  protocol frame length error
01-09 19:40:21.157	          linker	[Debug]	        dji_protocol_v1.c:264  protocol frame length error
01-09 19:40:21.157	          linker	[Debug]	        dji_protocol_v1.c:264  protocol frame length error
01-09 19:40:21.157	          linker	[Debug]	        dji_protocol_v1.c:264  protocol frame length error
01-09 19:40:21.157	          linker	[Debug]	        dji_protocol_v1.c:264  protocol frame length error
01-09 19:40:21.157	          linker	[Debug]	        dji_protocol_v1.c:264  protocol frame length error
01-09 19:40:21.157	          linker	[Debug]	        dji_protocol_v1.c:264  protocol frame length error
01-09 19:40:21.157	          linker	[Debug]	        dji_protocol_v1.c:264  protocol frame length error
01-09 19:40:21.157	          linker	[Debug]	        dji_protocol_v1.c:264  protocol frame length error
01-09 19:40:21.157	          linker	[Debug]	        dji_protocol_v1.c:264  protocol frame length error
01-09 19:40:21.157	          linker	[Debug]	        dji_protocol_v1.c:264  protocol frame length error
01-09 19:40:21.157	          linker	[Debug]	        dji_protocol_v1.c:264  protocol frame length error
01-09 19:40:21.157	          linker	[Debug]	        dji_protocol_v1.c:264  protocol frame length error
01-09 19:40:21.157	          linker	[Debug]	        dji_protocol_v1.c:264  protocol frame length error
01-09 19:40:21.157	          linker	[Debug]	        dji_protocol_v1.c:264  protocol frame length error
01-09 19:40:21.157	          linker	[Debug]	        dji_protocol_v1.c:264  protocol frame length error
01-09 19:40:21.157	          linker	[Debug]	        dji_protocol_v1.c:264  protocol frame length error
01-09 19:40:21.157	          linker	[Debug]	        dji_protocol_v1.c:264  protocol frame length error
01-09 19:40:21.157	          linker	[Debug]	        dji_protocol_v1.c:264  protocol frame length error
01-09 19:40:21.157	          linker	[Debug]	        dji_protocol_v1.c:264  protocol frame length error
01-09 19:40:21.157	          linker	[Debug]	        dji_protocol_v1.c:264  protocol frame length error
01-09 19:40:21.157	          linker	[Debug]	        dji_protocol_v1.c:264  protocol frame length error
01-09 19:40:21.157	          linker	[Debug]	        dji_protocol_v1.c:264  protocol frame length error
01-09 19:40:21.157	          linker	[Debug]	        dji_protocol_v1.c:264  protocol frame length error
01-09 19:40:21.157	          linker	[Debug]	        dji_protocol_v1.c:264  protocol frame length error
01-09 19:40:21.157	          linker	[Debug]	        dji_protocol_v1.c:264  protocol frame length error
01-09 19:40:21.157	          linker	[Debug]	        dji_protocol_v1.c:264  protocol frame length error
01-09 19:40:21.157	          linker	[Debug]	        dji_protocol_v1.c:264  protocol frame length error
01-09 19:40:21.157	          linker	[Debug]	        dji_protocol_v1.c:264  protocol frame length error
01-09 19:40:21.157	          linker	[Debug]	        dji_protocol_v1.c:264  protocol frame length error
01-09 19:40:21.157	          linker	[Debug]	        dji_protocol_v1.c:264  protocol frame length error
01-09 19:40:21.157	          linker	[Debug]	        dji_protocol_v1.c:264  protocol frame length error
01-09 19:40:21.157	          linker	[Debug]	        dji_protocol_v1.c:264  protocol frame length error
01-09 19:40:21.157	          linker	[Debug]	        dji_protocol_v1.c:264  protocol frame length error
01-09 19:40:21.157	          linker	[Debug]	        dji_protocol_v1.c:264  protocol frame length error
01-09 19:40:21.157	          linker	[Debug]	        dji_protocol_v1.c:264  protocol frame length error
01-09 19:40:21.157	          linker	[Debug]	        dji_protocol_v1.c:264  protocol frame length error
01-09 19:40:21.157	          linker	[Debug]	        dji_protocol_v1.c:264  protocol frame length error
01-09 19:40:21.157	          linker	[Debug]	        dji_protocol_v1.c:264  protocol frame length error
01-09 19:40:21.157	          linker	[Debug]	        dji_protocol_v1.c:264  protocol frame length error
01-09 19:40:21.157	          linker	[Debug]	        dji_protocol_v1.c:264  protocol frame length error
01-09 19:40:21.157	          linker	[Debug]	        dji_protocol_v1.c:264  protocol frame length error
01-09 19:40:21.157	          linker	[Debug]	        dji_protocol_v1.c:264  protocol frame length error
01-09 19:40:21.157	          linker	[Debug]	        dji_protocol_v1.c:264  protocol frame length error
01-09 19:40:21.157	          linker	[Debug]	        dji_protocol_v1.c:264  protocol frame length error
01-09 19:40:21.157	          linker	[Debug]	        dji_protocol_v1.c:264  protocol frame length error
01-09 19:40:21.157	          linker	[Debug]	        dji_protocol_v1.c:264  protocol frame length error
01-09 19:40:21.157	          linker	[Debug]	        dji_protocol_v1.c:264  protocol frame length error
01-09 19:40:21.157	          linker	[Debug]	        dji_protocol_v1.c:264  protocol frame length error
01-09 19:40:21.157	          linker	[Debug]	        dji_protocol_v1.c:264  protocol frame length error
01-09 19:40:21.157	          linker	[Debug]	        dji_protocol_v1.c:264  protocol frame length error
01-09 19:40:21.157	          linker	[Debug]	        dji_protocol_v1.c:264  protocol frame length error
01-09 19:40:21.157	          linker	[Debug]	        dji_protocol_v1.c:264  protocol frame length error
01-09 19:40:21.157	          linker	[Debug]	        dji_protocol_v1.c:264  protocol frame length error
01-09 19:40:21.157	          linker	[Debug]	        dji_protocol_v1.c:264  protocol frame length error
01-09 19:40:21.157	          linker	[Debug]	        dji_protocol_v1.c:264  protocol frame length error
01-09 19:40:21.157	          linker	[Debug]	        dji_protocol_v1.c:264  protocol frame length error
01-09 19:40:21.157	          linker	[Debug]	        dji_protocol_v1.c:264  protocol frame length error
01-09 19:40:21.157	          linker	[Debug]	        dji_protocol_v1.c:264  protocol frame length error
01-09 19:40:21.157	          linker	[Debug]	        dji_protocol_v1.c:264  protocol frame length error
01-09 19:40:21.157	          linker	[Debug]	        dji_protocol_v1.c:264  protocol frame length error
01-09 19:40:21.157	          linker	[Debug]	        dji_protocol_v1.c:264  protocol frame length error
01-09 19:40:21.157	          linker	[Debug]	        dji_protocol_v1.c:264  protocol frame length error
01-09 19:40:21.157	          linker	[Debug]	        dji_protocol_v1.c:264  protocol frame length error
01-09 19:40:21.157	          linker	[Debug]	        dji_protocol_v1.c:264  protocol frame length error
01-09 19:40:21.157	          linker	[Debug]	        dji_protocol_v1.c:264  protocol frame length error
01-09 19:40:21.157	          linker	[Debug]	        dji_protocol_v1.c:264  protocol frame length error
01-09 19:40:21.157	          linker	[Debug]	        dji_protocol_v1.c:264  protocol frame length error
01-09 19:40:21.157	          linker	[Debug]	        dji_protocol_v1.c:264  protocol frame length error
01-09 19:40:21.157	          linker	[Debug]	        dji_protocol_v1.c:264  protocol frame length error
01-09 19:40:21.157	          linker	[Debug]	        dji_protocol_v1.c:264  protocol frame length error
01-09 19:40:21.157	          linker	[Debug]	        dji_protocol_v1.c:264  protocol frame length error
01-09 19:40:21.157	          linker	[Debug]	        dji_protocol_v1.c:264  protocol frame length error
01-09 19:40:21.157	          linker	[Debug]	        dji_protocol_v1.c:264  protocol frame length error
01-09 19:40:21.157	          linker	[Debug]	        dji_protocol_v1.c:264  protocol frame length error
01-09 19:40:21.157	          linker	[Debug]	        dji_protocol_v1.c:264  protocol frame length error
01-09 19:40:21.157	          linker	[Debug]	        dji_protocol_v1.c:264  protocol frame length error
01-09 19:40:21.157	          linker	[Debug]	        dji_protocol_v1.c:264  protocol frame length error
01-09 19:40:21.157	          linker	[Debug]	        dji_protocol_v1.c:264  protocol frame length error
01-09 19:40:21.157	          linker	[Debug]	        dji_protocol_v1.c:264  protocol frame length error
01-09 19:40:21.157	          linker	[Debug]	        dji_protocol_v1.c:264  protocol frame length error
01-09 19:40:21.157	          linker	[Debug]	        dji_protocol_v1.c:264  protocol frame length error
01-09 19:40:21.157	          linker	[Debug]	        dji_protocol_v1.c:264  protocol frame length error
01-09 19:40:21.157	          linker	[Debug]	        dji_protocol_v1.c:264  protocol frame length error
01-09 19:40:21.157	          linker	[Debug]	        dji_protocol_v1.c:264  protocol frame length error
01-09 19:40:21.157	          linker	[Debug]	        dji_protocol_v1.c:264  protocol frame length error
01-09 19:40:21.157	          linker	[Debug]	        dji_protocol_v1.c:264  protocol frame length error
01-09 19:40:21.157	          linker	[Debug]	        dji_protocol_v1.c:264  protocol frame length error
01-09 19:40:21.157	          linker	[Debug]	        dji_protocol_v1.c:264  protocol frame length error
01-09 19:40:21.157	          linker	[Debug]	        dji_protocol_v1.c:264  protocol frame length error
01-09 19:40:21.157	          linker	[Debug]	        dji_protocol_v1.c:264  protocol frame length error
01-09 19:40:21.157	          linker	[Debug]	        dji_protocol_v1.c:264  protocol frame length error
01-09 19:40:21.157	          linker	[Debug]	        dji_protocol_v1.c:264  protocol frame length error
01-09 19:40:21.157	          linker	[Debug]	        dji_protocol_v1.c:264  protocol frame length error
01-09 19:40:21.157	          linker	[Debug]	        dji_protocol_v1.c:264  protocol frame length error
01-09 19:40:21.157	          linker	[Debug]	        dji_protocol_v1.c:264  protocol frame length error
01-09 19:40:21.157	          linker	[Debug]	        dji_protocol_v1.c:264  protocol frame length error
01-09 19:40:21.157	          linker	[Debug]	        dji_protocol_v1.c:264  protocol frame length error
01-09 19:40:21.157	          linker	[Debug]	        dji_protocol_v1.c:264  protocol frame length error
01-09 19:40:21.157	          linker	[Debug]	        dji_protocol_v1.c:264  protocol frame length error
01-09 19:40:21.157	          linker	[Debug]	        dji_protocol_v1.c:264  protocol frame length error
01-09 19:40:21.157	          linker	[Debug]	        dji_protocol_v1.c:264  protocol frame length error
01-09 19:40:21.157	          linker	[Debug]	        dji_protocol_v1.c:264  protocol frame length error
01-09 19:40:21.157	          linker	[Debug]	        dji_protocol_v1.c:264  protocol frame length error
01-09 19:40:21.157	          linker	[Debug]	        dji_protocol_v1.c:264  protocol frame length error
01-09 19:40:21.157	          linker	[Debug]	        dji_protocol_v1.c:264  protocol frame length error
01-09 19:40:21.157	          linker	[Debug]	        dji_protocol_v1.c:264  protocol frame length error
01-09 19:40:21.157	          linker	[Debug]	        dji_protocol_v1.c:264  protocol frame length error
01-09 19:40:21.158	          linker	[Debug]	        dji_protocol_v1.c:264  protocol frame length error
01-09 19:40:21.158	          linker	[Debug]	        dji_protocol_v1.c:264  protocol frame length error
01-09 19:40:21.158	          linker	[Debug]	        dji_protocol_v1.c:264  protocol frame length error
01-09 19:40:21.158	          linker	[Debug]	        dji_protocol_v1.c:264  protocol frame length error
01-09 19:40:21.158	          linker	[Debug]	        dji_protocol_v1.c:264  protocol frame length error
01-09 19:40:21.158	          linker	[Debug]	        dji_protocol_v1.c:264  protocol frame length error
01-09 19:40:21.158	          linker	[Debug]	        dji_protocol_v1.c:264  protocol frame length error
01-09 19:40:21.158	          linker	[Debug]	        dji_protocol_v1.c:264  protocol frame length error
01-09 19:40:21.158	          linker	[Debug]	        dji_protocol_v1.c:264  protocol frame length error
01-09 19:40:21.158	          linker	[Debug]	        dji_protocol_v1.c:264  protocol frame length error
01-09 19:40:21.158	          linker	[Debug]	        dji_protocol_v1.c:264  protocol frame length error
01-09 19:40:21.158	          linker	[Debug]	        dji_protocol_v1.c:264  protocol frame length error
01-09 19:40:21.158	          linker	[Debug]	        dji_protocol_v1.c:264  protocol frame length error
01-09 19:40:21.158	          linker	[Debug]	        dji_protocol_v1.c:264  protocol frame length error
01-09 19:40:21.158	          linker	[Debug]	        dji_protocol_v1.c:264  protocol frame length error
01-09 19:40:21.158	          linker	[Debug]	        dji_protocol_v1.c:264  protocol frame length error
01-09 19:40:21.158	          linker	[Debug]	        dji_protocol_v1.c:264  protocol frame length error
01-09 19:40:21.158	          linker	[Debug]	        dji_protocol_v1.c:264  protocol frame length error
01-09 19:40:21.158	          linker	[Debug]	        dji_protocol_v1.c:264  protocol frame length error
01-09 19:40:21.158	          linker	[Debug]	        dji_protocol_v1.c:264  protocol frame length error
01-09 19:40:21.158	          linker	[Debug]	        dji_protocol_v1.c:264  protocol frame length error
01-09 19:40:21.158	          linker	[Debug]	        dji_protocol_v1.c:264  protocol frame length error
01-09 19:40:21.158	          linker	[Debug]	        dji_protocol_v1.c:264  protocol frame length error
01-09 19:40:21.158	          linker	[Debug]	        dji_protocol_v1.c:264  protocol frame length error
01-09 19:40:21.158	          linker	[Debug]	        dji_protocol_v1.c:264  protocol frame length error
01-09 19:40:21.158	          linker	[Debug]	        dji_protocol_v1.c:264  protocol frame length error
01-09 19:40:21.158	          linker	[Debug]	        dji_protocol_v1.c:264  protocol frame length error
01-09 19:40:21.158	          linker	[Debug]	        dji_protocol_v1.c:264  protocol frame length error
01-09 19:40:21.158	          linker	[Debug]	        dji_protocol_v1.c:264  protocol frame length error
01-09 19:40:21.158	          linker	[Debug]	        dji_protocol_v1.c:264  protocol frame length error
01-09 19:40:21.158	          linker	[Debug]	        dji_protocol_v1.c:264  protocol frame length error
01-09 19:40:21.158	          linker	[Debug]	        dji_protocol_v1.c:264  protocol frame length error
01-09 19:40:21.158	          linker	[Debug]	        dji_protocol_v1.c:264  protocol frame length error
01-09 19:40:21.158	          linker	[Debug]	        dji_protocol_v1.c:264  protocol frame length error
01-09 19:40:21.158	          linker	[Debug]	        dji_protocol_v1.c:264  protocol frame length error
01-09 19:40:21.158	          linker	[Debug]	        dji_protocol_v1.c:264  protocol frame length error
01-09 19:40:21.158	          linker	[Debug]	        dji_protocol_v1.c:264  protocol frame length error
01-09 19:40:21.158	          linker	[Debug]	        dji_protocol_v1.c:264  protocol frame length error
01-09 19:40:21.158	          linker	[Debug]	        dji_protocol_v1.c:264  protocol frame length error
01-09 19:40:21.158	          linker	[Debug]	        dji_protocol_v1.c:264  protocol frame length error
01-09 19:40:21.158	          linker	[Debug]	        dji_protocol_v1.c:264  protocol frame length error
01-09 19:40:21.158	          linker	[Debug]	        dji_protocol_v1.c:264  protocol frame length error
01-09 19:40:21.158	          linker	[Debug]	        dji_protocol_v1.c:264  protocol frame length error
01-09 19:40:21.158	          linker	[Debug]	        dji_protocol_v1.c:264  protocol frame length error
01-09 19:40:21.158	          linker	[Debug]	        dji_protocol_v1.c:264  protocol frame length error
01-09 19:40:21.158	          linker	[Debug]	        dji_protocol_v1.c:264  protocol frame length error
01-09 19:40:21.158	          linker	[Debug]	        dji_protocol_v1.c:264  protocol frame length error
01-09 19:40:21.158	          linker	[Debug]	        dji_protocol_v1.c:264  protocol frame length error
01-09 19:40:21.158	          linker	[Debug]	        dji_protocol_v1.c:264  protocol frame length error
01-09 19:40:21.158	          linker	[Debug]	        dji_protocol_v1.c:264  protocol frame length error
01-09 19:40:21.158	          linker	[Debug]	        dji_protocol_v1.c:264  protocol frame length error
01-09 19:40:21.158	          linker	[Debug]	        dji_protocol_v1.c:264  protocol frame length error
01-09 19:40:21.158	          linker	[Debug]	        dji_protocol_v1.c:264  protocol frame length error
01-09 19:40:21.158	          linker	[Debug]	        dji_protocol_v1.c:264  protocol frame length error
01-09 19:40:21.158	          linker	[Debug]	        dji_protocol_v1.c:264  protocol frame length error
01-09 19:40:21.158	          linker	[Debug]	        dji_protocol_v1.c:264  protocol frame length error
01-09 19:40:21.158	          linker	[Debug]	        dji_protocol_v1.c:264  protocol frame length error
01-09 19:40:21.158	          linker	[Debug]	        dji_protocol_v1.c:264  protocol frame length error
01-09 19:40:21.158	          linker	[Debug]	        dji_protocol_v1.c:264  protocol frame length error
01-09 19:40:21.158	          linker	[Debug]	        dji_protocol_v1.c:264  protocol frame length error
01-09 19:40:21.158	          linker	[Debug]	        dji_protocol_v1.c:264  protocol frame length error
01-09 19:40:21.158	          linker	[Debug]	        dji_protocol_v1.c:264  protocol frame length error
01-09 19:40:21.158	          linker	[Debug]	        dji_protocol_v1.c:264  protocol frame length error
01-09 19:40:21.158	          linker	[Debug]	        dji_protocol_v1.c:264  protocol frame length error
01-09 19:40:21.158	          linker	[Debug]	        dji_protocol_v1.c:264  protocol frame length error
01-09 19:40:21.158	          linker	[Debug]	        dji_protocol_v1.c:264  protocol frame length error
01-09 19:40:21.158	          linker	[Debug]	        dji_protocol_v1.c:264  protocol frame length error
01-09 19:40:21.158	          linker	[Debug]	        dji_protocol_v1.c:264  protocol frame length error
01-09 19:40:21.158	          linker	[Debug]	        dji_protocol_v1.c:264  protocol frame length error
01-09 19:40:21.158	          linker	[Debug]	        dji_protocol_v1.c:264  protocol frame length error
01-09 19:40:21.158	          linker	[Debug]	        dji_protocol_v1.c:264  protocol frame length error
01-09 19:40:21.158	          linker	[Debug]	        dji_protocol_v1.c:264  protocol frame length error
01-09 19:40:21.158	          linker	[Debug]	        dji_protocol_v1.c:264  protocol frame length error
01-09 19:40:21.158	          linker	[Debug]	        dji_protocol_v1.c:264  protocol frame length error
01-09 19:40:21.158	          linker	[Debug]	        dji_protocol_v1.c:264  protocol frame length error
01-09 19:40:21.158	          linker	[Debug]	        dji_protocol_v1.c:264  protocol frame length error
01-09 19:40:21.158	          linker	[Debug]	        dji_protocol_v1.c:264  protocol frame length error
01-09 19:40:21.158	          linker	[Debug]	        dji_protocol_v1.c:264  protocol frame length error
01-09 19:40:21.158	          linker	[Debug]	        dji_protocol_v1.c:264  protocol frame length error
01-09 19:40:21.158	          linker	[Debug]	        dji_protocol_v1.c:264  protocol frame length error
01-09 19:40:21.158	          linker	[Debug]	        dji_protocol_v1.c:264  protocol frame length error
01-09 19:40:21.158	          linker	[Debug]	        dji_protocol_v1.c:264  protocol frame length error
01-09 19:40:21.158	          linker	[Debug]	        dji_protocol_v1.c:264  protocol frame length error
01-09 19:40:21.158	          linker	[Debug]	        dji_protocol_v1.c:264  protocol frame length error
01-09 19:40:21.158	          linker	[Debug]	        dji_protocol_v1.c:264  protocol frame length error
01-09 19:40:21.158	          linker	[Debug]	        dji_protocol_v1.c:264  protocol frame length error
01-09 19:40:21.158	          linker	[Debug]	        dji_protocol_v1.c:264  protocol frame length error
01-09 19:40:21.158	          linker	[Debug]	        dji_protocol_v1.c:264  protocol frame length error
01-09 19:40:21.158	          linker	[Debug]	        dji_protocol_v1.c:264  protocol frame length error
01-09 19:40:21.158	          linker	[Debug]	        dji_protocol_v1.c:264  protocol frame length error
01-09 19:40:21.158	          linker	[Debug]	        dji_protocol_v1.c:264  protocol frame length error
01-09 19:40:21.158	          linker	[Debug]	        dji_protocol_v1.c:264  protocol frame length error
01-09 19:40:21.158	          linker	[Debug]	        dji_protocol_v1.c:264  protocol frame length error
01-09 19:40:21.158	          linker	[Debug]	        dji_protocol_v1.c:264  protocol frame length error
01-09 19:40:21.158	          linker	[Debug]	        dji_protocol_v1.c:264  protocol frame length error
01-09 19:40:21.158	          linker	[Debug]	        dji_protocol_v1.c:264  protocol frame length error
01-09 19:40:21.158	          linker	[Debug]	        dji_protocol_v1.c:264  protocol frame length error
01-09 19:40:21.158	          linker	[Debug]	        dji_protocol_v1.c:264  protocol frame length error
01-09 19:40:21.158	          linker	[Debug]	        dji_protocol_v1.c:264  protocol frame length error
01-09 19:40:21.158	          linker	[Debug]	        dji_protocol_v1.c:264  protocol frame length error
01-09 19:40:21.158	          linker	[Debug]	        dji_protocol_v1.c:264  protocol frame length error
01-09 19:40:21.158	          linker	[Debug]	        dji_protocol_v1.c:264  protocol frame length error
01-09 19:40:21.158	          linker	[Debug]	        dji_protocol_v1.c:264  protocol frame length error
01-09 19:40:21.158	          linker	[Debug]	        dji_protocol_v1.c:264  protocol frame length error
01-09 19:40:21.158	          linker	[Debug]	        dji_protocol_v1.c:264  protocol frame length error
01-09 19:40:21.158	          linker	[Debug]	        dji_protocol_v1.c:264  protocol frame length error
01-09 19:40:21.158	          linker	[Debug]	        dji_protocol_v1.c:264  protocol frame length error
01-09 19:40:21.158	          linker	[Debug]	        dji_protocol_v1.c:264  protocol frame length error
01-09 19:40:21.158	          linker	[Debug]	        dji_protocol_v1.c:264  protocol frame length error
01-09 19:40:21.158	          linker	[Debug]	        dji_protocol_v1.c:264  protocol frame length error
01-09 19:40:21.158	          linker	[Debug]	        dji_protocol_v1.c:264  protocol frame length error
01-09 19:40:21.158	          linker	[Debug]	        dji_protocol_v1.c:264  protocol frame length error
01-09 19:40:21.158	          linker	[Debug]	        dji_protocol_v1.c:264  protocol frame length error
01-09 19:40:21.158	          linker	[Debug]	        dji_protocol_v1.c:264  protocol frame length error
01-09 19:40:21.158	          linker	[Debug]	        dji_protocol_v1.c:264  protocol frame length error
01-09 19:40:21.159	          linker	[Debug]	        dji_protocol_v1.c:264  protocol frame length error
01-09 19:40:21.159	          linker	[Debug]	        dji_protocol_v1.c:264  protocol frame length error
01-09 19:40:21.159	          linker	[Debug]	        dji_protocol_v1.c:264  protocol frame length error
01-09 19:40:21.159	          linker	[Debug]	        dji_protocol_v1.c:264  protocol frame length error
01-09 19:40:21.159	          linker	[Debug]	        dji_protocol_v1.c:264  protocol frame length error
01-09 19:40:21.159	          linker	[Debug]	        dji_protocol_v1.c:264  protocol frame length error
01-09 19:40:21.159	          linker	[Debug]	        dji_protocol_v1.c:264  protocol frame length error
01-09 19:40:21.159	          linker	[Debug]	        dji_protocol_v1.c:264  protocol frame length error
01-09 19:40:21.159	          linker	[Debug]	        dji_protocol_v1.c:264  protocol frame length error
01-09 19:40:21.159	          linker	[Debug]	        dji_protocol_v1.c:264  protocol frame length error
01-09 19:40:21.159	          linker	[Debug]	        dji_protocol_v1.c:264  protocol frame length error
01-09 19:40:21.159	          linker	[Debug]	        dji_protocol_v1.c:264  protocol frame length error
01-09 19:40:21.159	          linker	[Debug]	        dji_protocol_v1.c:264  protocol frame length error
01-09 19:40:21.159	          linker	[Debug]	        dji_protocol_v1.c:264  protocol frame length error
01-09 19:40:21.159	          linker	[Debug]	        dji_protocol_v1.c:264  protocol frame length error
01-09 19:40:21.159	          linker	[Debug]	        dji_protocol_v1.c:264  protocol frame length error
01-09 19:40:21.159	          linker	[Debug]	        dji_protocol_v1.c:264  protocol frame length error
01-09 19:40:21.159	          linker	[Debug]	        dji_protocol_v1.c:264  protocol frame length error
01-09 19:40:21.159	          linker	[Debug]	        dji_protocol_v1.c:264  protocol frame length error
01-09 19:40:21.159	          linker	[Debug]	        dji_protocol_v1.c:264  protocol frame length error
01-09 19:40:21.159	          linker	[Debug]	        dji_protocol_v1.c:264  protocol frame length error
01-09 19:40:21.159	          linker	[Debug]	        dji_protocol_v1.c:264  protocol frame length error
01-09 19:40:21.159	          linker	[Debug]	        dji_protocol_v1.c:264  protocol frame length error
01-09 19:40:21.159	          linker	[Debug]	        dji_protocol_v1.c:264  protocol frame length error
01-09 19:40:21.159	          linker	[Debug]	        dji_protocol_v1.c:264  protocol frame length error
01-09 19:40:21.159	          linker	[Debug]	        dji_protocol_v1.c:264  protocol frame length error
01-09 19:40:21.159	          linker	[Debug]	        dji_protocol_v1.c:264  protocol frame length error
01-09 19:40:21.159	          linker	[Debug]	        dji_protocol_v1.c:264  protocol frame length error
01-09 19:40:21.159	          linker	[Debug]	        dji_protocol_v1.c:264  protocol frame length error
01-09 19:40:21.159	          linker	[Debug]	        dji_protocol_v1.c:264  protocol frame length error
01-09 19:40:21.159	          linker	[Debug]	        dji_protocol_v1.c:264  protocol frame length error
01-09 19:40:21.159	          linker	[Debug]	        dji_protocol_v1.c:264  protocol frame length error
01-09 19:40:21.159	          linker	[Debug]	        dji_protocol_v1.c:264  protocol frame length error
01-09 19:40:21.159	          linker	[Debug]	        dji_protocol_v1.c:264  protocol frame length error
01-09 19:40:21.159	          linker	[Debug]	        dji_protocol_v1.c:264  protocol frame length error
01-09 19:40:21.159	          linker	[Debug]	        dji_protocol_v1.c:264  protocol frame length error
01-09 19:40:21.159	          linker	[Debug]	        dji_protocol_v1.c:264  protocol frame length error
01-09 19:40:21.159	          linker	[Debug]	        dji_protocol_v1.c:264  protocol frame length error
01-09 19:40:21.159	          linker	[Debug]	        dji_protocol_v1.c:264  protocol frame length error
01-09 19:40:21.159	          linker	[Debug]	        dji_protocol_v1.c:264  protocol frame length error
01-09 19:40:21.159	          linker	[Debug]	        dji_protocol_v1.c:264  protocol frame length error
01-09 19:40:21.159	          linker	[Debug]	        dji_protocol_v1.c:264  protocol frame length error
01-09 19:40:21.159	          linker	[Debug]	        dji_protocol_v1.c:264  protocol frame length error
01-09 19:40:21.159	          linker	[Debug]	        dji_protocol_v1.c:264  protocol frame length error
01-09 19:40:21.159	          linker	[Debug]	        dji_protocol_v1.c:264  protocol frame length error
01-09 19:40:21.159	          linker	[Debug]	        dji_protocol_v1.c:264  protocol frame length error
01-09 19:40:21.159	          linker	[Debug]	        dji_protocol_v1.c:264  protocol frame length error
01-09 19:40:21.159	          linker	[Debug]	        dji_protocol_v1.c:264  protocol frame length error
01-09 19:40:21.159	          linker	[Debug]	        dji_protocol_v1.c:264  protocol frame length error
01-09 19:40:21.159	          linker	[Debug]	        dji_protocol_v1.c:264  protocol frame length error
01-09 19:40:21.159	          linker	[Debug]	        dji_protocol_v1.c:264  protocol frame length error
01-09 19:40:21.159	          linker	[Debug]	        dji_protocol_v1.c:264  protocol frame length error
01-09 19:40:21.159	          linker	[Debug]	        dji_protocol_v1.c:264  protocol frame length error
01-09 19:40:21.159	          linker	[Debug]	        dji_protocol_v1.c:264  protocol frame length error
01-09 19:40:21.159	          linker	[Debug]	        dji_protocol_v1.c:264  protocol frame length error
01-09 19:40:21.159	          linker	[Debug]	        dji_protocol_v1.c:264  protocol frame length error
01-09 19:40:21.159	          linker	[Debug]	        dji_protocol_v1.c:264  protocol frame length error
01-09 19:40:21.159	          linker	[Debug]	        dji_protocol_v1.c:264  protocol frame length error
01-09 19:40:21.159	          linker	[Debug]	        dji_protocol_v1.c:264  protocol frame length error
01-09 19:40:21.159	          linker	[Debug]	        dji_protocol_v1.c:264  protocol frame length error
01-09 19:40:21.159	          linker	[Debug]	        dji_protocol_v1.c:264  protocol frame length error
01-09 19:40:21.159	          linker	[Debug]	        dji_protocol_v1.c:264  protocol frame length error
01-09 19:40:21.159	          linker	[Debug]	        dji_protocol_v1.c:264  protocol frame length error
01-09 19:40:21.159	          linker	[Debug]	        dji_protocol_v1.c:264  protocol frame length error
01-09 19:40:21.159	          linker	[Debug]	        dji_protocol_v1.c:264  protocol frame length error
01-09 19:40:21.159	          linker	[Debug]	        dji_protocol_v1.c:264  protocol frame length error
01-09 19:40:21.161	          linker	[Debug]	        dji_protocol_v1.c:264  protocol frame length error
01-09 19:40:21.229	          linker	[Debug]	        dji_protocol_v1.c:264  protocol frame length error
01-09 19:40:21.249	          linker	[Debug]	        dji_protocol_v1.c:264  protocol frame length error
01-09 19:40:21.266	          linker	[Debug]	        dji_protocol_v1.c:264  protocol frame length error
01-09 19:40:21.329	          linker	[Debug]	        dji_protocol_v1.c:264  protocol frame length error
01-09 19:40:21.349	          linker	[Debug]	        dji_protocol_v1.c:264  protocol frame length error
01-09 19:40:21.429	          linker	[Debug]	        dji_protocol_v1.c:264  protocol frame length error
01-09 19:40:21.449	          linker	[Debug]	        dji_protocol_v1.c:264  protocol frame length error
01-09 19:40:21.466	          linker	[Debug]	        dji_protocol_v1.c:264  protocol frame length error
01-09 19:40:21.529	          linker	[Debug]	        dji_protocol_v1.c:264  protocol frame length error
01-09 19:40:21.549	          linker	[Debug]	        dji_protocol_v1.c:264  protocol frame length error
01-09 19:40:21.629	          linker	[Debug]	        dji_protocol_v1.c:264  protocol frame length error
01-09 19:40:21.649	          linker	[Debug]	        dji_protocol_v1.c:264  protocol frame length error
01-09 19:40:21.666	          linker	[Debug]	        dji_protocol_v1.c:264  protocol frame length error
01-09 19:40:21.729	          linker	[Debug]	        dji_protocol_v1.c:264  protocol frame length error
01-09 19:40:21.749	          linker	[Debug]	        dji_protocol_v1.c:264  protocol frame length error
01-09 19:40:21.829	          linker	[Debug]	        dji_protocol_v1.c:264  protocol frame length error
01-09 19:40:21.849	          linker	[Debug]	        dji_protocol_v1.c:264  protocol frame length error
01-09 19:40:21.866	          linker	[Debug]	        dji_protocol_v1.c:264  protocol frame length error
01-09 19:40:21.929	          linker	[Debug]	        dji_protocol_v1.c:264  protocol frame length error
01-09 19:40:21.949	          linker	[Debug]	        dji_protocol_v1.c:264  protocol frame length error
01-09 19:40:22.029	          linker	[Debug]	        dji_protocol_v1.c:264  protocol frame length error
01-09 19:40:22.049	          linker	[Debug]	        dji_protocol_v1.c:264  protocol frame length error
01-09 19:40:22.066	          linker	[Debug]	        dji_protocol_v1.c:264  protocol frame length error
01-09 19:40:22.082	           utils	[Debug]	          dji_root_task.c:131  work execution time:
01-09 19:40:22.082	           utils	[Debug]	          dji_root_task.c:132  name	                execution time (ms)	  max execution time (ms)
01-09 19:40:22.082	           utils	[Debug]	          dji_root_task.c:134  recorderWork                    	0       	0       
01-09 19:40:22.082	           utils	[Debug]	          dji_root_task.c:134  flowControllerTask              	1       	1       
01-09 19:40:22.111	          linker	[Debug]	        dji_protocol_v1.c:189  <0000>V1-Send: 0x0503->0x0300 0x03FD
01-09 19:40:22.129	          linker	[Debug]	        dji_protocol_v1.c:264  protocol frame length error
01-09 19:40:22.149	          linker	[Debug]	        dji_protocol_v1.c:264  protocol frame length error
01-09 19:40:22.229	          linker	[Debug]	        dji_protocol_v1.c:264  protocol frame length error
01-09 19:40:22.249	          linker	[Debug]	        dji_protocol_v1.c:264  protocol frame length error
01-09 19:40:22.266	          linker	[Debug]	        dji_protocol_v1.c:264  protocol frame length error
01-09 19:40:22.329	          linker	[Debug]	        dji_protocol_v1.c:264  protocol frame length error
01-09 19:40:22.349	          linker	[Debug]	        dji_protocol_v1.c:264  protocol frame length error
01-09 19:40:22.429	          linker	[Debug]	        dji_protocol_v1.c:264  protocol frame length error
01-09 19:40:22.449	          linker	[Debug]	        dji_protocol_v1.c:264  protocol frame length error
01-09 19:40:22.466	          linker	[Debug]	        dji_protocol_v1.c:264  protocol frame length error
01-09 19:40:22.529	          linker	[Debug]	        dji_protocol_v1.c:264  protocol frame length error
01-09 19:40:22.549	          linker	[Debug]	        dji_protocol_v1.c:264  protocol frame length error
01-09 19:40:22.611	          linker	[Debug]	             dji_linker.c:171  deinit linker success, protocol:2, channelId:1
01-09 19:40:22.611	          linker	[Debug]	            dji_command.c:170  config list channel id:2
01-09 19:40:22.611	          linker	[Debug]	             dji_linker.c:129  init linker success, protocol:2, channelId:3
01-09 19:40:22.611	          linker	[Debug]	            dji_command.c:179  add linker node count:1
01-09 19:40:22.611	          linker	[Debug]	        dji_protocol_v1.c:189  <0x6a60>V1-Send: 0x0503->0x0801 0x0088
01-09 19:40:22.611	          linker	[Debug]	            dji_command.c:556  Max wait ack item count is 32.
01-09 19:40:22.612	          linker	[Debug]	        dji_protocol_v1.c:309  <0x6a60>V1-Recv: 0x0801->0x0503 0x0088
01-09 19:40:22.613	          linker	[Debug]	            dji_command.c:1128  <0x6a60>Receive msg from linker, 0x0801(0x0028)->0x0503(0x0065) 0x0088 len:399
01-09 19:40:22.613	          linker	[Debug]	            dji_command.c:1076 PsdkCommand_SendSyncCallback success
01-09 19:40:22.613	          linker	[Debug]	            dji_command.c:890  callback function (cmdset: 0x00 cmdid: 0x88) deal time: 0 ms
01-09 19:40:22.613	          linker	[Debug]	            dji_command.c:612  sendSync callback success
01-09 19:40:22.613	          linker	[Debug]	            dji_command.c:620  The ack data length is not equal with expect length, actual:399 exp:71. Probably because ack struct definition has changed. Please check command ack struct definition if changed.
01-09 19:40:22.613	          linker	[Debug]	             dji_linker.c:171  deinit linker success, protocol:2, channelId:3
01-09 19:40:22.613	          linker	[Debug]	            dji_command.c:301  config list channel id:3
01-09 19:40:22.613	          linker	[Debug]	             dji_linker.c:129  init linker success, protocol:3, channelId:1
01-09 19:40:22.613	          linker	[Debug]	            dji_command.c:310  add linker node count:1
01-09 19:40:22.613	          linker	[Debug]	            dji_command.c:301  config list channel id:2
01-09 19:40:22.613	          linker	[Debug]	             dji_linker.c:129  init linker success, protocol:2, channelId:3
01-09 19:40:22.613	          linker	[Debug]	            dji_command.c:310  add linker node count:2
01-09 19:40:22.613	          linker	[Debug]	            dji_command.c:733  Reg command handle list success, index:0
01-09 19:40:22.614	          linker	[Debug]	            dji_command.c:733  Reg command handle list success, index:1
01-09 19:40:22.614	           infor	[Debug]	      dji_aircraft_info.c:297  Device mounting on pos 3
01-09 19:40:22.614	          linker	[Debug]	            dji_command.c:733  Reg command handle list success, index:2
01-09 19:40:22.614	            core	[Info]	               dji_core.c:207  Identify AircraftType = Matrice 400, MountPosition = Payload Port NO3, SdkAdapterType = None
01-09 19:40:22.614	          linker	[Debug]	            dji_command.c:733  Reg command handle list success, index:3
01-09 19:40:22.614	          linker	[Debug]	            dji_command.c:733  Reg command handle list success, index:4
01-09 19:40:22.614	           infor	[Debug]	    dji_identity_verify.c:543  the auth center is djisys@1
01-09 19:40:22.614	          linker	[Debug]	        dji_protocol_v3.c:266  <0x6a61>V3-Send: 03:003F:001E:0x0503 -> 00:003F:001E:0x0801 0x3C40, tLen 33 dLen 12
01-09 19:40:22.614	            core	[Info]	    dji_identity_verify.c:646  Updating dji sdk policy file...
01-09 19:40:22.614	          linker	[Debug]	        dji_protocol_v1.c:189  <0x6a62>V1-Send: 0x0503->0x1D02 0x00F0
01-09 19:40:22.614	          linker	[Debug]	        dji_protocol_v3.c:266  <0x6a63>V3-Send: 03:003F:001E:0x0503 -> 00:003F:001E:0x0801 0x0000, tLen 21 dLen 0
01-09 19:40:22.614	           infor	[Debug]	dji_aircraft_connection.c:170  check connect status:1
01-09 19:40:22.614	          linker	[Debug]	        dji_protocol_v3.c:387  <0x6a61>V3-Recv: 00:003F:001E:0x0801 -> 03:003F:001E:0x0503 0x3C40, tLen 22 dLen 1
01-09 19:40:22.614	          linker	[Debug]	        dji_protocol_v3.c:506  0:0x0801 convert to 0028(0x0801)
01-09 19:40:22.614	          linker	[Debug]	        dji_protocol_v3.c:506  3:0x0503 convert to 0065(0x0503)
01-09 19:40:22.615	          linker	[Debug]	            dji_command.c:1128  <0x6a61>Receive msg from linker, 0x0801(0x0028)->0x0503(0x0065) 0x3C40 len:1
01-09 19:40:22.615	            auth	[Debug]	    dji_identity_verify.c:601  request update policy file success
01-09 19:40:22.615	          linker	[Debug]	            dji_command.c:890  callback function (cmdset: 0x3C cmdid: 0x40) deal time: 0 ms
01-09 19:40:22.625	          linker	[Debug]	        dji_protocol_v1.c:189  <0x6a64>V1-Send: 0x0503->0x1D02 0x00F0
01-09 19:40:22.629	          linker	[Debug]	        dji_protocol_v3.c:387  <0x6a63>V3-Recv: 00:003F:001E:0x0801 -> 03:003F:001E:0x0503 0x0000, tLen 22 dLen 1
01-09 19:40:22.629	          linker	[Debug]	        dji_protocol_v3.c:506  0:0x0801 convert to 0028(0x0801)
01-09 19:40:22.629	          linker	[Debug]	        dji_protocol_v3.c:506  3:0x0503 convert to 0065(0x0503)
01-09 19:40:22.629	          linker	[Debug]	        dji_protocol_v3.c:387  <0x05>V3-Recv: 00:003F:001E:0x0801 -> 03:003F:001E:0x0503 0x3C40, tLen 33 dLen 12
01-09 19:40:22.629	          linker	[Debug]	        dji_protocol_v3.c:506  0:0x0801 convert to 0028(0x0801)
01-09 19:40:22.629	          linker	[Debug]	        dji_protocol_v3.c:506  3:0x0503 convert to 0065(0x0503)
01-09 19:40:22.629	          linker	[Debug]	        dji_protocol_v3.c:387  <0x47e6>V3-Recv: 00:003F:001E:0x1204 -> 03:003F:001E:0x0503 0x4900, tLen 23 dLen 2
01-09 19:40:22.629	          linker	[Debug]	        dji_protocol_v3.c:506  0:0x1204 convert to 0092(0x1204)
01-09 19:40:22.629	          linker	[Debug]	        dji_protocol_v3.c:506  3:0x0503 convert to 0065(0x0503)
01-09 19:40:22.630	          linker	[Debug]	            dji_command.c:1128  <0x6a63>Receive msg from linker, 0x0801(0x0028)->0x0503(0x0065) 0x0000 len:1
01-09 19:40:22.630	           infor	[Debug]	dji_aircraft_connection.c:303  connect status async sucess
01-09 19:40:22.630	          linker	[Debug]	            dji_command.c:890  callback function (cmdset: 0x00 cmdid: 0x00) deal time: 0 ms
01-09 19:40:22.631	          linker	[Debug]	            dji_command.c:1128  <0x05>Receive msg from linker, 0x0801(0x0028)->0x0503(0x0065) 0x3C40 len:12
01-09 19:40:22.631	            auth	[Debug]	    dji_identity_verify.c:426  request upload policy file type:0
01-09 19:40:22.631	            auth	[Debug]	    dji_identity_verify.c:439  upload policy file info md5 checksum and version
01-09 19:40:22.631	          linker	[Debug]	        dji_protocol_v3.c:266  <0x05>V3-Send: 03:003F:001E:0x0503 -> 00:003F:001E:0x0801 0x3C40, tLen 44 dLen 23
01-09 19:40:22.632	          linker	[Debug]	            dji_command.c:1128  <0x47e6>Receive msg from linker, 0x1204(0x0092)->0x0503(0x0065) 0x4900 len:2
01-09 19:40:22.632	          linker	[Debug]	        dji_protocol_v3.c:266  <0x47e6>V3-Send: 03:003F:001E:0x0503 -> 00:003F:001E:0x1204 0x4900, tLen 23 dLen 2
01-09 19:40:22.636	          linker	[Debug]	        dji_protocol_v1.c:189  <0x6a65>V1-Send: 0x0503->0x1D02 0x00F0
01-09 19:40:22.640	          linker	[Debug]	        dji_protocol_v3.c:387  <0x06>V3-Recv: 00:003F:001E:0x0801 -> 03:003F:001E:0x0503 0x3C40, tLen 33 dLen 12
01-09 19:40:22.640	          linker	[Debug]	        dji_protocol_v3.c:506  0:0x0801 convert to 0028(0x0801)
01-09 19:40:22.640	          linker	[Debug]	        dji_protocol_v3.c:506  3:0x0503 convert to 0065(0x0503)
01-09 19:40:22.640	          linker	[Debug]	            dji_command.c:1128  <0x06>Receive msg from linker, 0x0801(0x0028)->0x0503(0x0065) 0x3C40 len:12
01-09 19:40:22.640	            auth	[Debug]	    dji_identity_verify.c:426  request upload policy file type:1
01-09 19:40:22.640	            auth	[Debug]	    dji_identity_verify.c:458  request upload policy file data: 0 0 200
01-09 19:40:22.640	          linker	[Debug]	        dji_protocol_v3.c:266  <0x06>V3-Send: 03:003F:001E:0x0503 -> 00:003F:001E:0x0801 0x3C40, tLen 224 dLen 203
01-09 19:40:22.646	          linker	[Debug]	        dji_protocol_v1.c:189  <0x6a66>V1-Send: 0x0503->0x1D02 0x00F0
01-09 19:40:22.657	          linker	[Debug]	        dji_protocol_v1.c:189  <0x6a67>V1-Send: 0x0503->0x1D02 0x00F0
01-09 19:40:22.658	          linker	[Debug]	        dji_protocol_v3.c:387  <0x07>V3-Recv: 00:003F:001E:0x0801 -> 03:003F:001E:0x0503 0x3C40, tLen 33 dLen 12
01-09 19:40:22.658	          linker	[Debug]	        dji_protocol_v3.c:506  0:0x0801 convert to 0028(0x0801)
01-09 19:40:22.658	          linker	[Debug]	        dji_protocol_v3.c:506  3:0x0503 convert to 0065(0x0503)
01-09 19:40:22.658	          linker	[Debug]	        dji_protocol_v3.c:387  <0x47ea>V3-Recv: 00:003F:001E:0x1204 -> 03:003F:001E:0x0503 0x22AD, tLen 68 dLen 47
01-09 19:40:22.658	          linker	[Debug]	        dji_protocol_v3.c:506  0:0x1204 convert to 0092(0x1204)
01-09 19:40:22.658	          linker	[Debug]	        dji_protocol_v3.c:506  3:0x0503 convert to 0065(0x0503)
01-09 19:40:22.658	          linker	[Debug]	        dji_protocol_v3.c:387  <0x1a27>V3-Recv: 00:003F:001E:0x0300 -> 03:003F:001E:0x0503 0x3C57, tLen 37 dLen 16
01-09 19:40:22.658	          linker	[Debug]	        dji_protocol_v3.c:506  0:0x0300 convert to 0003(0x0300)
01-09 19:40:22.658	          linker	[Debug]	        dji_protocol_v3.c:506  3:0x0503 convert to 0065(0x0503)
01-09 19:40:22.658	          linker	[Debug]	            dji_command.c:1128  <0x07>Receive msg from linker, 0x0801(0x0028)->0x0503(0x0065) 0x3C40 len:12
01-09 19:40:22.658	            auth	[Debug]	    dji_identity_verify.c:426  request upload policy file type:1
01-09 19:40:22.658	            auth	[Debug]	    dji_identity_verify.c:458  request upload policy file data: 1 200 200
01-09 19:40:22.658	          linker	[Debug]	        dji_protocol_v3.c:266  <0x07>V3-Send: 03:003F:001E:0x0503 -> 00:003F:001E:0x0801 0x3C40, tLen 224 dLen 203
01-09 19:40:22.659	          linker	[Debug]	            dji_command.c:1128  <0x47ea>Receive msg from linker, 0x1204(0x0092)->0x0503(0x0065) 0x22AD len:47
01-09 19:40:22.659	          linker	[Debug]	            dji_command.c:980  received unsupport request cmd that need ack, <0x47ea> cmdset: 0x22 cmdid: 0xAD
01-09 19:40:22.660	          linker	[Debug]	            dji_command.c:1128  <0x1a27>Receive msg from linker, 0x0300(0x0003)->0x0503(0x0065) 0x3C57 len:16
01-09 19:40:22.660	          linker	[Debug]	            dji_command.c:980  received unsupport request cmd that noneed ack, <0x1a27> cmdset: 0x3C cmdid: 0x57
01-09 19:40:22.668	          linker	[Debug]	        dji_protocol_v1.c:189  <0x6a68>V1-Send: 0x0503->0x1D02 0x00F0
01-09 19:40:22.671	          linker	[Debug]	        dji_protocol_v3.c:387  <0x08>V3-Recv: 00:003F:001E:0x0801 -> 03:003F:001E:0x0503 0x3C40, tLen 33 dLen 12
01-09 19:40:22.671	          linker	[Debug]	        dji_protocol_v3.c:506  0:0x0801 convert to 0028(0x0801)
01-09 19:40:22.671	          linker	[Debug]	        dji_protocol_v3.c:506  3:0x0503 convert to 0065(0x0503)
01-09 19:40:22.672	          linker	[Debug]	            dji_command.c:1128  <0x08>Receive msg from linker, 0x0801(0x0028)->0x0503(0x0065) 0x3C40 len:12
01-09 19:40:22.672	            auth	[Debug]	    dji_identity_verify.c:426  request upload policy file type:1
01-09 19:40:22.672	            auth	[Debug]	    dji_identity_verify.c:458  request upload policy file data: 2 400 130
01-09 19:40:22.672	          linker	[Debug]	        dji_protocol_v3.c:266  <0x08>V3-Send: 03:003F:001E:0x0503 -> 00:003F:001E:0x0801 0x3C40, tLen 154 dLen 133
01-09 19:40:22.679	          linker	[Debug]	        dji_protocol_v1.c:189  <0x6a69>V1-Send: 0x0503->0x1D02 0x00F0
01-09 19:40:22.684	          linker	[Debug]	        dji_protocol_v3.c:387  <0x09>V3-Recv: 00:003F:001E:0x0801 -> 03:003F:001E:0x0503 0x3C40, tLen 33 dLen 12
01-09 19:40:22.684	          linker	[Debug]	        dji_protocol_v3.c:506  0:0x0801 convert to 0028(0x0801)
01-09 19:40:22.684	          linker	[Debug]	        dji_protocol_v3.c:506  3:0x0503 convert to 0065(0x0503)
01-09 19:40:22.684	          linker	[Debug]	            dji_command.c:1128  <0x09>Receive msg from linker, 0x0801(0x0028)->0x0503(0x0065) 0x3C40 len:12
01-09 19:40:22.684	            auth	[Debug]	    dji_identity_verify.c:426  request upload policy file type:2
01-09 19:40:22.684	            auth	[Debug]	    dji_identity_verify.c:480  request upload policy file success
01-09 19:40:22.684	          linker	[Debug]	        dji_protocol_v3.c:266  <0x09>V3-Send: 03:003F:001E:0x0503 -> 00:003F:001E:0x0801 0x3C40, tLen 25 dLen 4
01-09 19:40:22.690	          linker	[Debug]	        dji_protocol_v1.c:189  <0x6a6a>V1-Send: 0x0503->0x1D02 0x00F0
01-09 19:40:22.701	          linker	[Debug]	        dji_protocol_v1.c:189  <0x6a6b>V1-Send: 0x0503->0x1D02 0x00F0
01-09 19:40:22.711	          linker	[Debug]	        dji_protocol_v1.c:189  <0x6a6c>V1-Send: 0x0503->0x1D02 0x00F0
01-09 19:40:22.729	          linker	[Debug]	        dji_protocol_v3.c:387  <0x47f6>V3-Recv: 00:003F:001E:0x1204 -> 03:003F:001E:0x0503 0x4900, tLen 23 dLen 2
01-09 19:40:22.729	          linker	[Debug]	        dji_protocol_v3.c:506  0:0x1204 convert to 0092(0x1204)
01-09 19:40:22.729	          linker	[Debug]	        dji_protocol_v3.c:506  3:0x0503 convert to 0065(0x0503)
01-09 19:40:22.730	          linker	[Debug]	            dji_command.c:1128  <0x47f6>Receive msg from linker, 0x1204(0x0092)->0x0503(0x0065) 0x4900 len:2
01-09 19:40:22.730	          linker	[Debug]	        dji_protocol_v3.c:266  <0x47f6>V3-Send: 03:003F:001E:0x0503 -> 00:003F:001E:0x1204 0x4900, tLen 23 dLen 2
01-09 19:40:22.749	          linker	[Debug]	        dji_protocol_v3.c:387  <0x47fa>V3-Recv: 00:003F:001E:0x1204 -> 03:003F:001E:0x0503 0x22AD, tLen 68 dLen 47
01-09 19:40:22.749	          linker	[Debug]	        dji_protocol_v3.c:506  0:0x1204 convert to 0092(0x1204)
01-09 19:40:22.749	          linker	[Debug]	        dji_protocol_v3.c:506  3:0x0503 convert to 0065(0x0503)
01-09 19:40:22.750	          linker	[Debug]	            dji_command.c:1128  <0x47fa>Receive msg from linker, 0x1204(0x0092)->0x0503(0x0065) 0x22AD len:47
01-09 19:40:22.750	          linker	[Debug]	            dji_command.c:980  received unsupport request cmd that need ack, <0x47fa> cmdset: 0x22 cmdid: 0xAD
01-09 19:40:22.829	          linker	[Debug]	        dji_protocol_v3.c:387  <0x4806>V3-Recv: 00:003F:001E:0x1204 -> 03:003F:001E:0x0503 0x4900, tLen 23 dLen 2
01-09 19:40:22.829	          linker	[Debug]	        dji_protocol_v3.c:506  0:0x1204 convert to 0092(0x1204)
01-09 19:40:22.829	          linker	[Debug]	        dji_protocol_v3.c:506  3:0x0503 convert to 0065(0x0503)
01-09 19:40:22.830	          linker	[Debug]	            dji_command.c:1128  <0x4806>Receive msg from linker, 0x1204(0x0092)->0x0503(0x0065) 0x4900 len:2
01-09 19:40:22.830	          linker	[Debug]	        dji_protocol_v3.c:266  <0x4806>V3-Send: 03:003F:001E:0x0503 -> 00:003F:001E:0x1204 0x4900, tLen 23 dLen 2
01-09 19:40:22.835	          linker	[Debug]	        dji_protocol_v1.c:309  <0x2039>V1-Recv: 0x0A06->0x0503 0x0866
01-09 19:40:22.835	          linker	[Debug]	            dji_command.c:1128  <0x2039>Receive msg from linker, 0x0A06(0x00CA)->0x0503(0x0065) 0x0866 len:102
01-09 19:40:22.835	          linker	[Debug]	            dji_command.c:980  received unsupport request cmd that noneed ack, <0x2039> cmdset: 0x08 cmdid: 0x66
01-09 19:40:22.849	          linker	[Debug]	        dji_protocol_v3.c:387  <0x480a>V3-Recv: 00:003F:001E:0x1204 -> 03:003F:001E:0x0503 0x22AD, tLen 68 dLen 47
01-09 19:40:22.849	          linker	[Debug]	        dji_protocol_v3.c:506  0:0x1204 convert to 0092(0x1204)
01-09 19:40:22.849	          linker	[Debug]	        dji_protocol_v3.c:506  3:0x0503 convert to 0065(0x0503)
01-09 19:40:22.850	          linker	[Debug]	            dji_command.c:1128  <0x480a>Receive msg from linker, 0x1204(0x0092)->0x0503(0x0065) 0x22AD len:47
01-09 19:40:22.850	          linker	[Debug]	            dji_command.c:980  received unsupport request cmd that need ack, <0x480a> cmdset: 0x22 cmdid: 0xAD
01-09 19:40:22.866	          linker	[Debug]	        dji_protocol_v3.c:387  <0x1b81>V3-Recv: 00:003F:001E:0x0300 -> 03:003F:001E:0x0503 0x3C57, tLen 37 dLen 16
01-09 19:40:22.866	          linker	[Debug]	        dji_protocol_v3.c:506  0:0x0300 convert to 0003(0x0300)
01-09 19:40:22.866	          linker	[Debug]	        dji_protocol_v3.c:506  3:0x0503 convert to 0065(0x0503)
01-09 19:40:22.867	          linker	[Debug]	            dji_command.c:1128  <0x1b81>Receive msg from linker, 0x0300(0x0003)->0x0503(0x0065) 0x3C57 len:16
01-09 19:40:22.867	          linker	[Debug]	            dji_command.c:980  received unsupport request cmd that noneed ack, <0x1b81> cmdset: 0x3C cmdid: 0x57
01-09 19:40:22.929	          linker	[Debug]	        dji_protocol_v3.c:387  <0x4816>V3-Recv: 00:003F:001E:0x1204 -> 03:003F:001E:0x0503 0x4900, tLen 23 dLen 2
01-09 19:40:22.929	          linker	[Debug]	        dji_protocol_v3.c:506  0:0x1204 convert to 0092(0x1204)
01-09 19:40:22.929	          linker	[Debug]	        dji_protocol_v3.c:506  3:0x0503 convert to 0065(0x0503)
01-09 19:40:22.930	          linker	[Debug]	            dji_command.c:1128  <0x4816>Receive msg from linker, 0x1204(0x0092)->0x0503(0x0065) 0x4900 len:2
01-09 19:40:22.930	          linker	[Debug]	        dji_protocol_v3.c:266  <0x4816>V3-Send: 03:003F:001E:0x0503 -> 00:003F:001E:0x1204 0x4900, tLen 23 dLen 2
01-09 19:40:22.949	          linker	[Debug]	        dji_protocol_v3.c:387  <0x481a>V3-Recv: 00:003F:001E:0x1204 -> 03:003F:001E:0x0503 0x22AD, tLen 68 dLen 47
01-09 19:40:22.949	          linker	[Debug]	        dji_protocol_v3.c:506  0:0x1204 convert to 0092(0x1204)
01-09 19:40:22.949	          linker	[Debug]	        dji_protocol_v3.c:506  3:0x0503 convert to 0065(0x0503)
01-09 19:40:22.949	          linker	[Debug]	            dji_command.c:1128  <0x481a>Receive msg from linker, 0x1204(0x0092)->0x0503(0x0065) 0x22AD len:47
01-09 19:40:22.949	          linker	[Debug]	            dji_command.c:980  received unsupport request cmd that need ack, <0x481a> cmdset: 0x22 cmdid: 0xAD
01-09 19:40:23.029	          linker	[Debug]	        dji_protocol_v3.c:387  <0x4826>V3-Recv: 00:003F:001E:0x1204 -> 03:003F:001E:0x0503 0x4900, tLen 23 dLen 2
01-09 19:40:23.029	          linker	[Debug]	        dji_protocol_v3.c:506  0:0x1204 convert to 0092(0x1204)
01-09 19:40:23.029	          linker	[Debug]	        dji_protocol_v3.c:506  3:0x0503 convert to 0065(0x0503)
01-09 19:40:23.030	          linker	[Debug]	            dji_command.c:1128  <0x4826>Receive msg from linker, 0x1204(0x0092)->0x0503(0x0065) 0x4900 len:2
01-09 19:40:23.030	          linker	[Debug]	        dji_protocol_v3.c:266  <0x4826>V3-Send: 03:003F:001E:0x0503 -> 00:003F:001E:0x1204 0x4900, tLen 23 dLen 2
01-09 19:40:23.049	          linker	[Debug]	        dji_protocol_v3.c:387  <0x482a>V3-Recv: 00:003F:001E:0x1204 -> 03:003F:001E:0x0503 0x22AD, tLen 68 dLen 47
01-09 19:40:23.049	          linker	[Debug]	        dji_protocol_v3.c:506  0:0x1204 convert to 0092(0x1204)
01-09 19:40:23.049	          linker	[Debug]	        dji_protocol_v3.c:506  3:0x0503 convert to 0065(0x0503)
01-09 19:40:23.050	          linker	[Debug]	            dji_command.c:1128  <0x482a>Receive msg from linker, 0x1204(0x0092)->0x0503(0x0065) 0x22AD len:47
01-09 19:40:23.050	          linker	[Debug]	            dji_command.c:980  received unsupport request cmd that need ack, <0x482a> cmdset: 0x22 cmdid: 0xAD
01-09 19:40:23.067	          linker	[Debug]	        dji_protocol_v3.c:387  <0x1ce3>V3-Recv: 00:003F:001E:0x0300 -> 03:003F:001E:0x0503 0x3C57, tLen 37 dLen 16
01-09 19:40:23.067	          linker	[Debug]	        dji_protocol_v3.c:506  0:0x0300 convert to 0003(0x0300)
01-09 19:40:23.067	          linker	[Debug]	        dji_protocol_v3.c:506  3:0x0503 convert to 0065(0x0503)
01-09 19:40:23.067	          linker	[Debug]	            dji_command.c:1128  <0x1ce3>Receive msg from linker, 0x0300(0x0003)->0x0503(0x0065) 0x3C57 len:16
01-09 19:40:23.067	          linker	[Debug]	            dji_command.c:980  received unsupport request cmd that noneed ack, <0x1ce3> cmdset: 0x3C cmdid: 0x57
01-09 19:40:23.129	          linker	[Debug]	        dji_protocol_v3.c:387  <0x4836>V3-Recv: 00:003F:001E:0x1204 -> 03:003F:001E:0x0503 0x4900, tLen 23 dLen 2
01-09 19:40:23.129	          linker	[Debug]	        dji_protocol_v3.c:506  0:0x1204 convert to 0092(0x1204)
01-09 19:40:23.129	          linker	[Debug]	        dji_protocol_v3.c:506  3:0x0503 convert to 0065(0x0503)
01-09 19:40:23.129	          linker	[Debug]	            dji_command.c:1128  <0x4836>Receive msg from linker, 0x1204(0x0092)->0x0503(0x0065) 0x4900 len:2
01-09 19:40:23.129	          linker	[Debug]	        dji_protocol_v3.c:266  <0x4836>V3-Send: 03:003F:001E:0x0503 -> 00:003F:001E:0x1204 0x4900, tLen 23 dLen 2
01-09 19:40:23.149	          linker	[Debug]	        dji_protocol_v3.c:387  <0x483a>V3-Recv: 00:003F:001E:0x1204 -> 03:003F:001E:0x0503 0x22AD, tLen 68 dLen 47
01-09 19:40:23.149	          linker	[Debug]	        dji_protocol_v3.c:506  0:0x1204 convert to 0092(0x1204)
01-09 19:40:23.149	          linker	[Debug]	        dji_protocol_v3.c:506  3:0x0503 convert to 0065(0x0503)
01-09 19:40:23.150	          linker	[Debug]	            dji_command.c:1128  <0x483a>Receive msg from linker, 0x1204(0x0092)->0x0503(0x0065) 0x22AD len:47
01-09 19:40:23.150	          linker	[Debug]	            dji_command.c:980  received unsupport request cmd that need ack, <0x483a> cmdset: 0x22 cmdid: 0xAD
01-09 19:40:23.156	           utils	[Debug]	          dji_root_task.c:131  work execution time:
01-09 19:40:23.156	           utils	[Debug]	          dji_root_task.c:132  name	                execution time (ms)	  max execution time (ms)
01-09 19:40:23.156	           utils	[Debug]	          dji_root_task.c:134  recorderWork                    	0       	0       
01-09 19:40:23.156	           utils	[Debug]	          dji_root_task.c:134  flowControllerTask              	1       	1       
01-09 19:40:23.156	           utils	[Debug]	          dji_root_task.c:134  commandTask                     	1       	1       
01-09 19:40:23.156	           utils	[Debug]	          dji_root_task.c:134  aircraftWorkNode                	0       	0       
01-09 19:40:23.229	          linker	[Debug]	        dji_protocol_v3.c:387  <0x4840>V3-Recv: 00:003F:001E:0x1204 -> 03:003F:001E:0x0503 0x4900, tLen 23 dLen 2
01-09 19:40:23.229	          linker	[Debug]	        dji_protocol_v3.c:506  0:0x1204 convert to 0092(0x1204)
01-09 19:40:23.229	          linker	[Debug]	        dji_protocol_v3.c:506  3:0x0503 convert to 0065(0x0503)
01-09 19:40:23.230	          linker	[Debug]	            dji_command.c:1128  <0x4840>Receive msg from linker, 0x1204(0x0092)->0x0503(0x0065) 0x4900 len:2
01-09 19:40:23.230	          linker	[Debug]	        dji_protocol_v3.c:266  <0x4840>V3-Send: 03:003F:001E:0x0503 -> 00:003F:001E:0x1204 0x4900, tLen 23 dLen 2
01-09 19:40:23.249	          linker	[Debug]	        dji_protocol_v3.c:387  <0x484a>V3-Recv: 00:003F:001E:0x1204 -> 03:003F:001E:0x0503 0x22AD, tLen 68 dLen 47
01-09 19:40:23.249	          linker	[Debug]	        dji_protocol_v3.c:506  0:0x1204 convert to 0092(0x1204)
01-09 19:40:23.249	          linker	[Debug]	        dji_protocol_v3.c:506  3:0x0503 convert to 0065(0x0503)
01-09 19:40:23.250	          linker	[Debug]	            dji_command.c:1128  <0x484a>Receive msg from linker, 0x1204(0x0092)->0x0503(0x0065) 0x22AD len:47
01-09 19:40:23.250	          linker	[Debug]	            dji_command.c:980  received unsupport request cmd that need ack, <0x484a> cmdset: 0x22 cmdid: 0xAD
01-09 19:40:23.266	          linker	[Debug]	        dji_protocol_v3.c:387  <0x1e43>V3-Recv: 00:003F:001E:0x0300 -> 03:003F:001E:0x0503 0x3C57, tLen 37 dLen 16
01-09 19:40:23.266	          linker	[Debug]	        dji_protocol_v3.c:506  0:0x0300 convert to 0003(0x0300)
01-09 19:40:23.266	          linker	[Debug]	        dji_protocol_v3.c:506  3:0x0503 convert to 0065(0x0503)
01-09 19:40:23.267	          linker	[Debug]	            dji_command.c:1128  <0x1e43>Receive msg from linker, 0x0300(0x0003)->0x0503(0x0065) 0x3C57 len:16
01-09 19:40:23.267	          linker	[Debug]	            dji_command.c:980  received unsupport request cmd that noneed ack, <0x1e43> cmdset: 0x3C cmdid: 0x57
01-09 19:40:23.329	          linker	[Debug]	        dji_protocol_v3.c:387  <0x4856>V3-Recv: 00:003F:001E:0x1204 -> 03:003F:001E:0x0503 0x4900, tLen 23 dLen 2
01-09 19:40:23.329	          linker	[Debug]	        dji_protocol_v3.c:506  0:0x1204 convert to 0092(0x1204)
01-09 19:40:23.329	          linker	[Debug]	        dji_protocol_v3.c:506  3:0x0503 convert to 0065(0x0503)
01-09 19:40:23.330	          linker	[Debug]	            dji_command.c:1128  <0x4856>Receive msg from linker, 0x1204(0x0092)->0x0503(0x0065) 0x4900 len:2
01-09 19:40:23.330	          linker	[Debug]	        dji_protocol_v3.c:266  <0x4856>V3-Send: 03:003F:001E:0x0503 -> 00:003F:001E:0x1204 0x4900, tLen 23 dLen 2
01-09 19:40:23.335	          linker	[Debug]	        dji_protocol_v1.c:309  <0x2039>V1-Recv: 0x0A06->0x0503 0x0866
01-09 19:40:23.335	          linker	[Debug]	            dji_command.c:1128  <0x2039>Receive msg from linker, 0x0A06(0x00CA)->0x0503(0x0065) 0x0866 len:102
01-09 19:40:23.335	          linker	[Debug]	            dji_command.c:980  received unsupport request cmd that noneed ack, <0x2039> cmdset: 0x08 cmdid: 0x66
01-09 19:40:23.349	          linker	[Debug]	        dji_protocol_v3.c:387  <0x485a>V3-Recv: 00:003F:001E:0x1204 -> 03:003F:001E:0x0503 0x22AD, tLen 68 dLen 47
01-09 19:40:23.349	          linker	[Debug]	        dji_protocol_v3.c:506  0:0x1204 convert to 0092(0x1204)
01-09 19:40:23.349	          linker	[Debug]	        dji_protocol_v3.c:506  3:0x0503 convert to 0065(0x0503)
01-09 19:40:23.349	          linker	[Debug]	            dji_command.c:1128  <0x485a>Receive msg from linker, 0x1204(0x0092)->0x0503(0x0065) 0x22AD len:47
01-09 19:40:23.350	          linker	[Debug]	            dji_command.c:980  received unsupport request cmd that need ack, <0x485a> cmdset: 0x22 cmdid: 0xAD
01-09 19:40:23.429	          linker	[Debug]	        dji_protocol_v3.c:387  <0x4866>V3-Recv: 00:003F:001E:0x1204 -> 03:003F:001E:0x0503 0x4900, tLen 23 dLen 2
01-09 19:40:23.429	          linker	[Debug]	        dji_protocol_v3.c:506  0:0x1204 convert to 0092(0x1204)
01-09 19:40:23.429	          linker	[Debug]	        dji_protocol_v3.c:506  3:0x0503 convert to 0065(0x0503)
01-09 19:40:23.430	          linker	[Debug]	            dji_command.c:1128  <0x4866>Receive msg from linker, 0x1204(0x0092)->0x0503(0x0065) 0x4900 len:2
01-09 19:40:23.430	          linker	[Debug]	        dji_protocol_v3.c:266  <0x4866>V3-Send: 03:003F:001E:0x0503 -> 00:003F:001E:0x1204 0x4900, tLen 23 dLen 2
01-09 19:40:23.449	          linker	[Debug]	        dji_protocol_v3.c:387  <0x486a>V3-Recv: 00:003F:001E:0x1204 -> 03:003F:001E:0x0503 0x22AD, tLen 68 dLen 47
01-09 19:40:23.449	          linker	[Debug]	        dji_protocol_v3.c:506  0:0x1204 convert to 0092(0x1204)
01-09 19:40:23.449	          linker	[Debug]	        dji_protocol_v3.c:506  3:0x0503 convert to 0065(0x0503)
01-09 19:40:23.449	          linker	[Debug]	            dji_command.c:1128  <0x486a>Receive msg from linker, 0x1204(0x0092)->0x0503(0x0065) 0x22AD len:47
01-09 19:40:23.449	          linker	[Debug]	            dji_command.c:980  received unsupport request cmd that need ack, <0x486a> cmdset: 0x22 cmdid: 0xAD
01-09 19:40:23.467	          linker	[Debug]	        dji_protocol_v3.c:387  <0x1fc8>V3-Recv: 00:003F:001E:0x0300 -> 03:003F:001E:0x0503 0x3C57, tLen 37 dLen 16
01-09 19:40:23.467	          linker	[Debug]	        dji_protocol_v3.c:506  0:0x0300 convert to 0003(0x0300)
01-09 19:40:23.467	          linker	[Debug]	        dji_protocol_v3.c:506  3:0x0503 convert to 0065(0x0503)
01-09 19:40:23.468	          linker	[Debug]	            dji_command.c:1128  <0x1fc8>Receive msg from linker, 0x0300(0x0003)->0x0503(0x0065) 0x3C57 len:16
01-09 19:40:23.468	          linker	[Debug]	            dji_command.c:980  received unsupport request cmd that noneed ack, <0x1fc8> cmdset: 0x3C cmdid: 0x57
01-09 19:40:23.529	          linker	[Debug]	        dji_protocol_v3.c:387  <0x4876>V3-Recv: 00:003F:001E:0x1204 -> 03:003F:001E:0x0503 0x4900, tLen 23 dLen 2
01-09 19:40:23.529	          linker	[Debug]	        dji_protocol_v3.c:506  0:0x1204 convert to 0092(0x1204)
01-09 19:40:23.529	          linker	[Debug]	        dji_protocol_v3.c:506  3:0x0503 convert to 0065(0x0503)
01-09 19:40:23.530	          linker	[Debug]	            dji_command.c:1128  <0x4876>Receive msg from linker, 0x1204(0x0092)->0x0503(0x0065) 0x4900 len:2
01-09 19:40:23.530	          linker	[Debug]	        dji_protocol_v3.c:266  <0x4876>V3-Send: 03:003F:001E:0x0503 -> 00:003F:001E:0x1204 0x4900, tLen 23 dLen 2
01-09 19:40:23.549	          linker	[Debug]	        dji_protocol_v3.c:387  <0x487a>V3-Recv: 00:003F:001E:0x1204 -> 03:003F:001E:0x0503 0x22AD, tLen 68 dLen 47
01-09 19:40:23.549	          linker	[Debug]	        dji_protocol_v3.c:506  0:0x1204 convert to 0092(0x1204)
01-09 19:40:23.549	          linker	[Debug]	        dji_protocol_v3.c:506  3:0x0503 convert to 0065(0x0503)
01-09 19:40:23.550	          linker	[Debug]	            dji_command.c:1128  <0x487a>Receive msg from linker, 0x1204(0x0092)->0x0503(0x0065) 0x22AD len:47
01-09 19:40:23.550	          linker	[Debug]	            dji_command.c:980  received unsupport request cmd that need ack, <0x487a> cmdset: 0x22 cmdid: 0xAD
01-09 19:40:23.614	            core	[Info]	    dji_identity_verify.c:654  Update dji sdk policy file successfully
01-09 19:40:23.614	          linker	[Debug]	            dji_command.c:733  Reg command handle list success, index:5
01-09 19:40:23.614	          linker	[Debug]	            dji_command.c:733  Reg command handle list success, index:6
01-09 19:40:23.614	          linker	[Debug]	            dji_command.c:733  Reg command handle list success, index:7
01-09 19:40:23.614	            auth	[Debug]	dji_auth_sha256_rsa_verify.c:110  Application info verify successfully, ID: 174358, Key: 01a0202c33a0c82c75045863b012c65
01-09 19:40:23.614	          linker	[Debug]	            dji_command.c:733  Reg command handle list success, index:8
01-09 19:40:23.614	             sub	[Debug]	  dji_data_subscription.c:60   Init data subscription.
01-09 19:40:23.614	             sub	[Debug]	dji_data_subscription_xrce_v3.c:54   Checking version is not yet supported on the DDS Agent 3.0.
01-09 19:40:23.614	          linker	[Debug]	            dji_command.c:733  Reg command handle list success, index:9
01-09 19:40:23.614	        position	[Debug]	dji_payload_online_perception.c:82   No needed.
01-09 19:40:23.614	          linker	[Debug]	        dji_protocol_v3.c:266  <0x6a6d>V3-Send: 03:003F:001E:0x0503 -> 00:003F:001E:0x0801 0x0076, tLen 224 dLen 203
01-09 19:40:23.614	          linker	[Debug]	        dji_protocol_v3.c:266  <0x6a6e>V3-Send: 03:003F:001E:0x0503 -> 00:003F:001E:0x0801 0x0076, tLen 416 dLen 395
01-09 19:40:23.614	            core	[Info]	       dji_product_info.c:186  Set alias: PSDK_APPALIAS
01-09 19:40:23.614	      downloader	[Debug]	         dji_downloader.c:204  s_downloaderPackDataLength = 900
01-09 19:40:23.614	          linker	[Debug]	            dji_command.c:733  Reg command handle list success, index:10
01-09 19:40:23.614	          linker	[Debug]	        dji_protocol_v3.c:266  <0x6a6f>V3-Send: 03:003F:001E:0x0503 -> 00:003F:001E:0x0200 0x3C10, tLen 85 dLen 64
01-09 19:40:23.614	          linker	[Debug]	        dji_protocol_v3.c:266  <0x6a70>V3-Send: 03:003F:001E:0x0503 -> 00:003F:001E:0x0300 0x3C10, tLen 85 dLen 64
01-09 19:40:23.614	          linker	[Debug]	        dji_protocol_v3.c:387  <0x6a6d>V3-Recv: 00:003F:001E:0x0801 -> 03:003F:001E:0x0503 0x0076, tLen 23 dLen 2
01-09 19:40:23.615	          linker	[Debug]	        dji_protocol_v3.c:506  0:0x0801 convert to 0028(0x0801)
01-09 19:40:23.615	          linker	[Debug]	        dji_protocol_v3.c:506  3:0x0503 convert to 0065(0x0503)
01-09 19:40:23.615	          linker	[Debug]	        dji_protocol_v3.c:266  <0x6a71>V3-Send: 03:003F:001E:0x0503 -> 00:003F:001E:0x1104 0x3C10, tLen 85 dLen 64
01-09 19:40:23.615	          linker	[Debug]	        dji_protocol_v3.c:266  <0x6a72>V3-Send: 03:003F:001E:0x0503 -> 00:003F:001E:0x0701 0x3C10, tLen 85 dLen 64
01-09 19:40:23.615	          linker	[Debug]	        dji_protocol_v3.c:266  <0x6a73>V3-Send: 03:003F:001E:0x0503 -> 00:003F:001E:0x1100 0x3C10, tLen 85 dLen 64
01-09 19:40:23.616	          linker	[Debug]	        dji_protocol_v1.c:189  <0x6a74>V1-Send: 0x0503->0x1D02 0x00F0
01-09 19:40:23.616	          linker	[Debug]	            dji_command.c:1128  <0x6a6d>Receive msg from linker, 0x0801(0x0028)->0x0503(0x0065) 0x0076 len:2
01-09 19:40:23.616	            dbpt	[Debug]	  dji_data_buried_point.c:283  request data report success
01-09 19:40:23.616	          linker	[Debug]	            dji_command.c:890  callback function (cmdset: 0x00 cmdid: 0x76) deal time: 0 ms
01-09 19:40:23.627	          linker	[Debug]	        dji_protocol_v1.c:189  <0x6a75>V1-Send: 0x0503->0x1D02 0x00F0
01-09 19:40:23.628	          linker	[Debug]	        dji_protocol_v3.c:387  <0x6a6e>V3-Recv: 00:003F:001E:0x0801 -> 03:003F:001E:0x0503 0x0076, tLen 23 dLen 2
01-09 19:40:23.628	          linker	[Debug]	        dji_protocol_v3.c:506  0:0x0801 convert to 0028(0x0801)
01-09 19:40:23.628	          linker	[Debug]	        dji_protocol_v3.c:506  3:0x0503 convert to 0065(0x0503)
01-09 19:40:23.629	          linker	[Debug]	            dji_command.c:1128  <0x6a6e>Receive msg from linker, 0x0801(0x0028)->0x0503(0x0065) 0x0076 len:2
01-09 19:40:23.629	            dbpt	[Debug]	  dji_data_buried_point.c:283  request data report success
01-09 19:40:23.629	          linker	[Debug]	            dji_command.c:890  callback function (cmdset: 0x00 cmdid: 0x76) deal time: 0 ms
01-09 19:40:23.641	          linker	[Debug]	        dji_protocol_v3.c:387  <0x4886>V3-Recv: 00:003F:001E:0x1204 -> 03:003F:001E:0x0503 0x4900, tLen 23 dLen 2
01-09 19:40:23.641	          linker	[Debug]	        dji_protocol_v3.c:506  0:0x1204 convert to 0092(0x1204)
01-09 19:40:23.641	          linker	[Debug]	        dji_protocol_v3.c:506  3:0x0503 convert to 0065(0x0503)
01-09 19:40:23.642	          linker	[Debug]	            dji_command.c:1128  <0x4886>Receive msg from linker, 0x1204(0x0092)->0x0503(0x0065) 0x4900 len:2
01-09 19:40:23.642	          linker	[Debug]	        dji_protocol_v3.c:266  <0x4886>V3-Send: 03:003F:001E:0x0503 -> 00:003F:001E:0x1204 0x4900, tLen 23 dLen 2
01-09 19:40:23.657	          linker	[Debug]	        dji_protocol_v3.c:387  <0x488a>V3-Recv: 00:003F:001E:0x1204 -> 03:003F:001E:0x0503 0x22AD, tLen 68 dLen 47
01-09 19:40:23.657	          linker	[Debug]	        dji_protocol_v3.c:506  0:0x1204 convert to 0092(0x1204)
01-09 19:40:23.657	          linker	[Debug]	        dji_protocol_v3.c:506  3:0x0503 convert to 0065(0x0503)
01-09 19:40:23.658	          linker	[Debug]	            dji_command.c:1128  <0x488a>Receive msg from linker, 0x1204(0x0092)->0x0503(0x0065) 0x22AD len:47
01-09 19:40:23.658	          linker	[Debug]	            dji_command.c:980  received unsupport request cmd that need ack, <0x488a> cmdset: 0x22 cmdid: 0xAD
01-09 19:40:23.668	          linker	[Debug]	        dji_protocol_v3.c:387  <0x213f>V3-Recv: 00:003F:001E:0x0300 -> 03:003F:001E:0x0503 0x3C57, tLen 37 dLen 16
01-09 19:40:23.668	          linker	[Debug]	        dji_protocol_v3.c:506  0:0x0300 convert to 0003(0x0300)
01-09 19:40:23.668	          linker	[Debug]	        dji_protocol_v3.c:506  3:0x0503 convert to 0065(0x0503)
01-09 19:40:23.669	          linker	[Debug]	            dji_command.c:1128  <0x213f>Receive msg from linker, 0x0300(0x0003)->0x0503(0x0065) 0x3C57 len:16
01-09 19:40:23.669	          linker	[Debug]	            dji_command.c:980  received unsupport request cmd that noneed ack, <0x213f> cmdset: 0x3C cmdid: 0x57
01-09 19:40:23.693	          linker	[Debug]	        dji_protocol_v3.c:387  <0xea12>V3-Recv: 00:0001:0000:0x0202 -> 03:0000:0001:0x0503 0x3C20, tLen 22 dLen 1
01-09 19:40:23.693	          linker	[Debug]	        dji_protocol_v3.c:506  0:0x0202 convert to 0042(0x0202)
01-09 19:40:23.693	          linker	[Debug]	        dji_protocol_v3.c:506  3:0x0503 convert to 0065(0x0503)
01-09 19:40:23.694	          linker	[Debug]	            dji_command.c:1128  <0xea12>Receive msg from linker, 0x0202(0x0042)->0x0503(0x0065) 0x3C20 len:1
01-09 19:40:23.694	          linker	[Debug]	            dji_command.c:980  received unsupport request cmd that need ack, <0xea12> cmdset: 0x3C cmdid: 0x20
01-09 19:40:23.701	          linker	[Debug]	        dji_protocol_v3.c:266  <0x6a76>V3-Send: 03:003F:001E:0x0503 -> 00:003F:001E:0x0801 0x0000, tLen 21 dLen 0
01-09 19:40:23.701	           infor	[Debug]	dji_aircraft_connection.c:170  check connect status:1
01-09 19:40:23.710	          linker	[Debug]	        dji_protocol_v3.c:387  <0xea13>V3-Recv: 00:0001:0000:0x0202 -> 03:0000:0001:0x0503 0x3C36, tLen 21 dLen 0
01-09 19:40:23.710	          linker	[Debug]	        dji_protocol_v3.c:506  0:0x0202 convert to 0042(0x0202)
01-09 19:40:23.710	          linker	[Debug]	        dji_protocol_v3.c:506  3:0x0503 convert to 0065(0x0503)
01-09 19:40:23.710	          linker	[Debug]	        dji_protocol_v3.c:387  <0x6a76>V3-Recv: 00:003F:001E:0x0801 -> 03:003F:001E:0x0503 0x0000, tLen 22 dLen 1
01-09 19:40:23.710	          linker	[Debug]	        dji_protocol_v3.c:506  0:0x0801 convert to 0028(0x0801)
01-09 19:40:23.710	          linker	[Debug]	        dji_protocol_v3.c:506  3:0x0503 convert to 0065(0x0503)
01-09 19:40:23.711	          linker	[Debug]	            dji_command.c:1128  <0xea13>Receive msg from linker, 0x0202(0x0042)->0x0503(0x0065) 0x3C36 len:0
01-09 19:40:23.711	          linker	[Debug]	        dji_protocol_v3.c:266  <0xea13>V3-Send: 03:003F:001E:0x0503 -> 00:003F:001E:0x0202 0x3C36, tLen 173 dLen 152
01-09 19:40:23.712	          linker	[Debug]	            dji_command.c:1128  <0x6a76>Receive msg from linker, 0x0801(0x0028)->0x0503(0x0065) 0x0000 len:1
01-09 19:40:23.712	           infor	[Debug]	dji_aircraft_connection.c:303  connect status async sucess
01-09 19:40:23.713	          linker	[Debug]	            dji_command.c:890  callback function (cmdset: 0x00 cmdid: 0x00) deal time: 1 ms
01-09 19:40:23.729	          linker	[Debug]	        dji_protocol_v3.c:387  <0x4896>V3-Recv: 00:003F:001E:0x1204 -> 03:003F:001E:0x0503 0x4900, tLen 23 dLen 2
01-09 19:40:23.729	          linker	[Debug]	        dji_protocol_v3.c:506  0:0x1204 convert to 0092(0x1204)
01-09 19:40:23.729	          linker	[Debug]	        dji_protocol_v3.c:506  3:0x0503 convert to 0065(0x0503)
01-09 19:40:23.730	          linker	[Debug]	            dji_command.c:1128  <0x4896>Receive msg from linker, 0x1204(0x0092)->0x0503(0x0065) 0x4900 len:2
01-09 19:40:23.730	          linker	[Debug]	        dji_protocol_v3.c:266  <0x4896>V3-Send: 03:003F:001E:0x0503 -> 00:003F:001E:0x1204 0x4900, tLen 23 dLen 2
01-09 19:40:23.749	          linker	[Debug]	        dji_protocol_v3.c:387  <0x489a>V3-Recv: 00:003F:001E:0x1204 -> 03:003F:001E:0x0503 0x22AD, tLen 68 dLen 47
01-09 19:40:23.749	          linker	[Debug]	        dji_protocol_v3.c:506  0:0x1204 convert to 0092(0x1204)
01-09 19:40:23.749	          linker	[Debug]	        dji_protocol_v3.c:506  3:0x0503 convert to 0065(0x0503)
01-09 19:40:23.750	          linker	[Debug]	            dji_command.c:1128  <0x489a>Receive msg from linker, 0x1204(0x0092)->0x0503(0x0065) 0x22AD len:47
01-09 19:40:23.750	          linker	[Debug]	            dji_command.c:980  received unsupport request cmd that need ack, <0x489a> cmdset: 0x22 cmdid: 0xAD
01-09 19:40:23.829	          linker	[Debug]	        dji_protocol_v3.c:387  <0x48a6>V3-Recv: 00:003F:001E:0x1204 -> 03:003F:001E:0x0503 0x4900, tLen 23 dLen 2
01-09 19:40:23.829	          linker	[Debug]	        dji_protocol_v3.c:506  0:0x1204 convert to 0092(0x1204)
01-09 19:40:23.829	          linker	[Debug]	        dji_protocol_v3.c:506  3:0x0503 convert to 0065(0x0503)
01-09 19:40:23.830	          linker	[Debug]	            dji_command.c:1128  <0x48a6>Receive msg from linker, 0x1204(0x0092)->0x0503(0x0065) 0x4900 len:2
01-09 19:40:23.830	          linker	[Debug]	        dji_protocol_v3.c:266  <0x48a6>V3-Send: 03:003F:001E:0x0503 -> 00:003F:001E:0x1204 0x4900, tLen 23 dLen 2
01-09 19:40:23.830	          linker	[Debug]	        dji_protocol_v3.c:266  <0x6a77>V3-Send: 03:003F:001E:0x0503 -> 00:003F:001E:0x0200 0x3C10, tLen 85 dLen 64
01-09 19:40:23.830	          linker	[Debug]	        dji_protocol_v3.c:266  <0x6a78>V3-Send: 03:003F:001E:0x0503 -> 00:003F:001E:0x0300 0x3C10, tLen 85 dLen 64
01-09 19:40:23.830	          linker	[Debug]	        dji_protocol_v3.c:266  <0x6a79>V3-Send: 03:003F:001E:0x0503 -> 00:003F:001E:0x1104 0x3C10, tLen 85 dLen 64
01-09 19:40:23.830	          linker	[Debug]	        dji_protocol_v3.c:266  <0x6a7a>V3-Send: 03:003F:001E:0x0503 -> 00:003F:001E:0x0701 0x3C10, tLen 85 dLen 64
01-09 19:40:23.830	          linker	[Debug]	        dji_protocol_v3.c:266  <0x6a7b>V3-Send: 03:003F:001E:0x0503 -> 00:003F:001E:0x1100 0x3C10, tLen 85 dLen 64
01-09 19:40:23.835	          linker	[Debug]	        dji_protocol_v1.c:309  <0x2039>V1-Recv: 0x0A06->0x0503 0x0866
01-09 19:40:23.836	          linker	[Debug]	            dji_command.c:1128  <0x2039>Receive msg from linker, 0x0A06(0x00CA)->0x0503(0x0065) 0x0866 len:102
01-09 19:40:23.836	          linker	[Debug]	            dji_command.c:980  received unsupport request cmd that noneed ack, <0x2039> cmdset: 0x08 cmdid: 0x66
01-09 19:40:23.849	          linker	[Debug]	        dji_protocol_v3.c:387  <0x48aa>V3-Recv: 00:003F:001E:0x1204 -> 03:003F:001E:0x0503 0x22AD, tLen 68 dLen 47
01-09 19:40:23.849	          linker	[Debug]	        dji_protocol_v3.c:506  0:0x1204 convert to 0092(0x1204)
01-09 19:40:23.849	          linker	[Debug]	        dji_protocol_v3.c:506  3:0x0503 convert to 0065(0x0503)
01-09 19:40:23.850	          linker	[Debug]	            dji_command.c:1128  <0x48aa>Receive msg from linker, 0x1204(0x0092)->0x0503(0x0065) 0x22AD len:47
01-09 19:40:23.850	          linker	[Debug]	            dji_command.c:980  received unsupport request cmd that need ack, <0x48aa> cmdset: 0x22 cmdid: 0xAD
01-09 19:40:23.866	          linker	[Debug]	        dji_protocol_v3.c:387  <0x229a>V3-Recv: 00:003F:001E:0x0300 -> 03:003F:001E:0x0503 0x3C57, tLen 37 dLen 16
01-09 19:40:23.866	          linker	[Debug]	        dji_protocol_v3.c:506  0:0x0300 convert to 0003(0x0300)
01-09 19:40:23.866	          linker	[Debug]	        dji_protocol_v3.c:506  3:0x0503 convert to 0065(0x0503)
01-09 19:40:23.867	          linker	[Debug]	            dji_command.c:1128  <0x229a>Receive msg from linker, 0x0300(0x0003)->0x0503(0x0065) 0x3C57 len:16
01-09 19:40:23.867	          linker	[Debug]	            dji_command.c:980  received unsupport request cmd that noneed ack, <0x229a> cmdset: 0x3C cmdid: 0x57
01-09 19:40:23.929	          linker	[Debug]	        dji_protocol_v3.c:387  <0x48b6>V3-Recv: 00:003F:001E:0x1204 -> 03:003F:001E:0x0503 0x4900, tLen 23 dLen 2
01-09 19:40:23.929	          linker	[Debug]	        dji_protocol_v3.c:506  0:0x1204 convert to 0092(0x1204)
01-09 19:40:23.929	          linker	[Debug]	        dji_protocol_v3.c:506  3:0x0503 convert to 0065(0x0503)
01-09 19:40:23.929	          linker	[Debug]	            dji_command.c:1128  <0x48b6>Receive msg from linker, 0x1204(0x0092)->0x0503(0x0065) 0x4900 len:2
01-09 19:40:23.930	          linker	[Debug]	        dji_protocol_v3.c:266  <0x48b6>V3-Send: 03:003F:001E:0x0503 -> 00:003F:001E:0x1204 0x4900, tLen 23 dLen 2
01-09 19:40:23.949	          linker	[Debug]	        dji_protocol_v3.c:387  <0x48ba>V3-Recv: 00:003F:001E:0x1204 -> 03:003F:001E:0x0503 0x22AD, tLen 68 dLen 47
01-09 19:40:23.949	          linker	[Debug]	        dji_protocol_v3.c:506  0:0x1204 convert to 0092(0x1204)
01-09 19:40:23.949	          linker	[Debug]	        dji_protocol_v3.c:506  3:0x0503 convert to 0065(0x0503)
01-09 19:40:23.950	          linker	[Debug]	            dji_command.c:1128  <0x48ba>Receive msg from linker, 0x1204(0x0092)->0x0503(0x0065) 0x22AD len:47
01-09 19:40:23.950	          linker	[Debug]	            dji_command.c:980  received unsupport request cmd that need ack, <0x48ba> cmdset: 0x22 cmdid: 0xAD
01-09 19:40:24.029	          linker	[Debug]	        dji_protocol_v3.c:387  <0x48c6>V3-Recv: 00:003F:001E:0x1204 -> 03:003F:001E:0x0503 0x4900, tLen 23 dLen 2
01-09 19:40:24.029	          linker	[Debug]	        dji_protocol_v3.c:506  0:0x1204 convert to 0092(0x1204)
01-09 19:40:24.029	          linker	[Debug]	        dji_protocol_v3.c:506  3:0x0503 convert to 0065(0x0503)
01-09 19:40:24.030	          linker	[Debug]	            dji_command.c:1128  <0x48c6>Receive msg from linker, 0x1204(0x0092)->0x0503(0x0065) 0x4900 len:2
01-09 19:40:24.030	          linker	[Debug]	        dji_protocol_v3.c:266  <0x48c6>V3-Send: 03:003F:001E:0x0503 -> 00:003F:001E:0x1204 0x4900, tLen 23 dLen 2
01-09 19:40:24.045	          linker	[Debug]	        dji_protocol_v3.c:266  <0x6a7c>V3-Send: 03:003F:001E:0x0503 -> 00:003F:001E:0x0200 0x3C10, tLen 85 dLen 64
01-09 19:40:24.045	          linker	[Debug]	        dji_protocol_v3.c:266  <0x6a7d>V3-Send: 03:003F:001E:0x0503 -> 00:003F:001E:0x0300 0x3C10, tLen 85 dLen 64
01-09 19:40:24.045	          linker	[Debug]	        dji_protocol_v3.c:266  <0x6a7e>V3-Send: 03:003F:001E:0x0503 -> 00:003F:001E:0x1104 0x3C10, tLen 85 dLen 64
01-09 19:40:24.046	          linker	[Debug]	        dji_protocol_v3.c:266  <0x6a7f>V3-Send: 03:003F:001E:0x0503 -> 00:003F:001E:0x0701 0x3C10, tLen 85 dLen 64
01-09 19:40:24.046	          linker	[Debug]	        dji_protocol_v3.c:266  <0x6a80>V3-Send: 03:003F:001E:0x0503 -> 00:003F:001E:0x1100 0x3C10, tLen 85 dLen 64
01-09 19:40:24.049	          linker	[Debug]	        dji_protocol_v3.c:387  <0x48ca>V3-Recv: 00:003F:001E:0x1204 -> 03:003F:001E:0x0503 0x22AD, tLen 68 dLen 47
01-09 19:40:24.049	          linker	[Debug]	        dji_protocol_v3.c:506  0:0x1204 convert to 0092(0x1204)
01-09 19:40:24.049	          linker	[Debug]	        dji_protocol_v3.c:506  3:0x0503 convert to 0065(0x0503)
01-09 19:40:24.050	          linker	[Debug]	            dji_command.c:1128  <0x48ca>Receive msg from linker, 0x1204(0x0092)->0x0503(0x0065) 0x22AD len:47
01-09 19:40:24.050	          linker	[Debug]	            dji_command.c:980  received unsupport request cmd that need ack, <0x48ca> cmdset: 0x22 cmdid: 0xAD
01-09 19:40:24.066	          linker	[Debug]	        dji_protocol_v3.c:387  <0x23fb>V3-Recv: 00:003F:001E:0x0300 -> 03:003F:001E:0x0503 0x3C57, tLen 37 dLen 16
01-09 19:40:24.066	          linker	[Debug]	        dji_protocol_v3.c:506  0:0x0300 convert to 0003(0x0300)
01-09 19:40:24.067	          linker	[Debug]	        dji_protocol_v3.c:506  3:0x0503 convert to 0065(0x0503)
01-09 19:40:24.067	          linker	[Debug]	            dji_command.c:1128  <0x23fb>Receive msg from linker, 0x0300(0x0003)->0x0503(0x0065) 0x3C57 len:16
01-09 19:40:24.067	          linker	[Debug]	            dji_command.c:980  received unsupport request cmd that noneed ack, <0x23fb> cmdset: 0x3C cmdid: 0x57
01-09 19:40:24.114	          linker	[Debug]	            dji_command.c:733  Reg command handle list success, index:11
01-09 19:40:24.115	            user	[Info]	            test_widget.c:141  widget file: /home/dji/DJI_workshop/LZP_PSDK/Payload-SDK/samples/sample_c/module_sample/widget/widget_file/en_big_screen
01-09 19:40:24.115	          widget	[Debug]	 dji_widget_json_parser.c:85   Json file: main interface widget count = 4
01-09 19:40:24.115	          widget	[Debug]	 dji_widget_json_parser.c:90   Json file: config interface widget count = 5
01-09 19:40:24.116	          widget	[Debug]	 dji_widget_json_parser.c:85   Json file: main interface widget count = 4
01-09 19:40:24.116	          widget	[Debug]	 dji_widget_json_parser.c:90   Json file: config interface widget count = 5
01-09 19:40:24.116	          widget	[Debug]	 dji_widget_json_parser.c:85   Json file: main interface widget count = 4
01-09 19:40:24.117	          widget	[Debug]	 dji_widget_json_parser.c:90   Json file: config interface widget count = 5
01-09 19:40:24.117	          linker	[Debug]	        dji_protocol_v3.c:266  <0x6a81>V3-Send: 03:003F:001E:0x0503 -> 00:003F:001E:0x0200 0x3C1F, tLen 58 dLen 37
01-09 19:40:24.117	            core	[Info]	               dji_core.c:340  Start dji sdk application
01-09 19:40:24.117	            user	[Info]	          application.cpp:250  Application start.
01-09 19:40:24.123	          linker	[Debug]	        dji_protocol_v1.c:189  <0x6a82>V1-Send: 0x0503->0x1D02 0x00F0
01-09 19:40:24.129	          linker	[Debug]	        dji_protocol_v3.c:387  <0x48d6>V3-Recv: 00:003F:001E:0x1204 -> 03:003F:001E:0x0503 0x4900, tLen 23 dLen 2
01-09 19:40:24.129	          linker	[Debug]	        dji_protocol_v3.c:506  0:0x1204 convert to 0092(0x1204)
01-09 19:40:24.129	          linker	[Debug]	        dji_protocol_v3.c:506  3:0x0503 convert to 0065(0x0503)
01-09 19:40:24.129	          linker	[Debug]	            dji_command.c:1128  <0x48d6>Receive msg from linker, 0x1204(0x0092)->0x0503(0x0065) 0x4900 len:2
01-09 19:40:24.130	          linker	[Debug]	        dji_protocol_v3.c:266  <0x48d6>V3-Send: 03:003F:001E:0x0503 -> 00:003F:001E:0x1204 0x4900, tLen 23 dLen 2
01-09 19:40:24.134	          linker	[Debug]	        dji_protocol_v1.c:189  <0x6a83>V1-Send: 0x0503->0x1D02 0x00F0
01-09 19:40:24.145	          linker	[Debug]	        dji_protocol_v1.c:189  <0x6a84>V1-Send: 0x0503->0x1D02 0x00F0
01-09 19:40:24.149	          linker	[Debug]	        dji_protocol_v3.c:387  <0x48da>V3-Recv: 00:003F:001E:0x1204 -> 03:003F:001E:0x0503 0x22AD, tLen 68 dLen 47
01-09 19:40:24.149	          linker	[Debug]	        dji_protocol_v3.c:506  0:0x1204 convert to 0092(0x1204)
01-09 19:40:24.149	          linker	[Debug]	        dji_protocol_v3.c:506  3:0x0503 convert to 0065(0x0503)
01-09 19:40:24.150	          linker	[Debug]	            dji_command.c:1128  <0x48da>Receive msg from linker, 0x1204(0x0092)->0x0503(0x0065) 0x22AD len:47
01-09 19:40:24.150	          linker	[Debug]	            dji_command.c:980  received unsupport request cmd that need ack, <0x48da> cmdset: 0x22 cmdid: 0xAD
01-09 19:40:24.229	          linker	[Debug]	        dji_protocol_v3.c:387  <0x48e5>V3-Recv: 00:003F:001E:0x1204 -> 03:003F:001E:0x0503 0x4900, tLen 23 dLen 2
01-09 19:40:24.229	          linker	[Debug]	        dji_protocol_v3.c:506  0:0x1204 convert to 0092(0x1204)
01-09 19:40:24.229	          linker	[Debug]	        dji_protocol_v3.c:506  3:0x0503 convert to 0065(0x0503)
01-09 19:40:24.230	          linker	[Debug]	            dji_command.c:1128  <0x48e5>Receive msg from linker, 0x1204(0x0092)->0x0503(0x0065) 0x4900 len:2
01-09 19:40:24.230	          linker	[Debug]	        dji_protocol_v3.c:266  <0x48e5>V3-Send: 03:003F:001E:0x0503 -> 00:003F:001E:0x1204 0x4900, tLen 23 dLen 2
01-09 19:40:24.243	           utils	[Debug]	          dji_root_task.c:131  work execution time:
01-09 19:40:24.243	           utils	[Debug]	          dji_root_task.c:132  name	                execution time (ms)	  max execution time (ms)
01-09 19:40:24.243	           utils	[Debug]	          dji_root_task.c:134  recorderWork                    	1       	1       
01-09 19:40:24.243	           utils	[Debug]	          dji_root_task.c:134  flowControllerTask              	0       	1       
01-09 19:40:24.243	           utils	[Debug]	          dji_root_task.c:134  commandTask                     	1       	1       
01-09 19:40:24.243	           utils	[Debug]	          dji_root_task.c:134  aircraftWorkNode                	1       	1       
01-09 19:40:24.244	           utils	[Debug]	          dji_root_task.c:134  dataBuriedPointTask             	0       	0       
01-09 19:40:24.244	           utils	[Debug]	          dji_root_task.c:134  StatePushWork                   	1       	1       
01-09 19:40:24.244	           utils	[Debug]	          dji_root_task.c:134  WidgetWork                      	2       	2       
01-09 19:40:24.244	           utils	[Debug]	          dji_root_task.c:134  hmsTask                         	0       	0       
01-09 19:40:24.249	          linker	[Debug]	        dji_protocol_v3.c:387  <0x48e7>V3-Recv: 00:003F:001E:0x1204 -> 03:003F:001E:0x0503 0x22AD, tLen 68 dLen 47
01-09 19:40:24.249	          linker	[Debug]	        dji_protocol_v3.c:506  0:0x1204 convert to 0092(0x1204)
01-09 19:40:24.249	          linker	[Debug]	        dji_protocol_v3.c:506  3:0x0503 convert to 0065(0x0503)
01-09 19:40:24.250	          linker	[Debug]	            dji_command.c:1128  <0x48e7>Receive msg from linker, 0x1204(0x0092)->0x0503(0x0065) 0x22AD len:47
01-09 19:40:24.250	          linker	[Debug]	            dji_command.c:980  received unsupport request cmd that need ack, <0x48e7> cmdset: 0x22 cmdid: 0xAD
01-09 19:40:24.262	          linker	[Debug]	        dji_protocol_v1.c:189  <0x6a85>V1-Send: 0x0503->0x1007 0x198B
01-09 19:40:24.262	          linker	[Debug]	        dji_protocol_v3.c:266  <0x6a86>V3-Send: 03:003F:001E:0x0503 -> 00:003F:001E:0x0200 0x3C10, tLen 85 dLen 64
01-09 19:40:24.262	          linker	[Debug]	        dji_protocol_v3.c:266  <0x6a87>V3-Send: 03:003F:001E:0x0503 -> 00:003F:001E:0x0300 0x3C10, tLen 85 dLen 64
01-09 19:40:24.262	          linker	[Debug]	        dji_protocol_v3.c:266  <0x6a88>V3-Send: 03:003F:001E:0x0503 -> 00:003F:001E:0x1104 0x3C10, tLen 85 dLen 64
01-09 19:40:24.262	          linker	[Debug]	        dji_protocol_v3.c:266  <0x6a89>V3-Send: 03:003F:001E:0x0503 -> 00:003F:001E:0x0701 0x3C10, tLen 85 dLen 64
01-09 19:40:24.263	          linker	[Debug]	        dji_protocol_v3.c:266  <0x6a8a>V3-Send: 03:003F:001E:0x0503 -> 00:003F:001E:0x1100 0x3C10, tLen 85 dLen 64
01-09 19:40:24.266	          linker	[Debug]	        dji_protocol_v3.c:387  <0x255b>V3-Recv: 00:003F:001E:0x0300 -> 03:003F:001E:0x0503 0x3C57, tLen 37 dLen 16
01-09 19:40:24.266	          linker	[Debug]	        dji_protocol_v3.c:506  0:0x0300 convert to 0003(0x0300)
01-09 19:40:24.266	          linker	[Debug]	        dji_protocol_v3.c:506  3:0x0503 convert to 0065(0x0503)
01-09 19:40:24.267	          linker	[Debug]	            dji_command.c:1128  <0x255b>Receive msg from linker, 0x0300(0x0003)->0x0503(0x0065) 0x3C57 len:16
01-09 19:40:24.267	          linker	[Debug]	            dji_command.c:980  received unsupport request cmd that noneed ack, <0x255b> cmdset: 0x3C cmdid: 0x57
01-09 19:40:24.317	          linker	[Debug]	        dji_protocol_v3.c:266  <0x6a8b>V3-Send: 03:003F:001E:0x0503 -> 00:003F:001E:0x0200 0x3C1F, tLen 58 dLen 37
01-09 19:40:24.326	          linker	[Debug]	        dji_protocol_v3.c:387  <0xea6d>V3-Recv: 00:0001:0000:0x0202 -> 03:0000:0001:0x0503 0x0001, tLen 21 dLen 0
01-09 19:40:24.326	          linker	[Debug]	        dji_protocol_v3.c:506  0:0x0202 convert to 0042(0x0202)
01-09 19:40:24.326	          linker	[Debug]	        dji_protocol_v3.c:506  3:0x0503 convert to 0065(0x0503)
01-09 19:40:24.327	          linker	[Debug]	            dji_command.c:1128  <0xea6d>Receive msg from linker, 0x0202(0x0042)->0x0503(0x0065) 0x0001 len:0
01-09 19:40:24.327	            core	[Debug]	dji_application_ready_state.c:331  Get payload custom version from 0x00000042
01-09 19:40:24.327	          linker	[Debug]	        dji_protocol_v3.c:266  <0xea6d>V3-Send: 03:003F:001E:0x0503 -> 00:003F:001E:0x0202 0x0001, tLen 51 dLen 30
01-09 19:40:24.332	          linker	[Debug]	        dji_protocol_v3.c:266  <0x6a8c>V3-Send: 03:003F:001E:0x0503 -> 00:003F:001E:0x0200 0x3C1B, tLen 77 dLen 56
01-09 19:40:24.336	          linker	[Debug]	        dji_protocol_v3.c:387  <0x48f7>V3-Recv: 00:003F:001E:0x1204 -> 03:003F:001E:0x0503 0x4900, tLen 23 dLen 2
01-09 19:40:24.336	          linker	[Debug]	        dji_protocol_v3.c:506  0:0x1204 convert to 0092(0x1204)
01-09 19:40:24.336	          linker	[Debug]	        dji_protocol_v3.c:506  3:0x0503 convert to 0065(0x0503)
01-09 19:40:24.336	          linker	[Debug]	        dji_protocol_v3.c:387  <0xea6e>V3-Recv: 00:0001:0000:0x0202 -> 03:0000:0001:0x0503 0x3C36, tLen 21 dLen 0
01-09 19:40:24.336	          linker	[Debug]	        dji_protocol_v3.c:506  0:0x0202 convert to 0042(0x0202)
01-09 19:40:24.336	          linker	[Debug]	        dji_protocol_v3.c:506  3:0x0503 convert to 0065(0x0503)
01-09 19:40:24.337	          linker	[Debug]	            dji_command.c:1128  <0x48f7>Receive msg from linker, 0x1204(0x0092)->0x0503(0x0065) 0x4900 len:2
01-09 19:40:24.337	          linker	[Debug]	        dji_protocol_v3.c:266  <0x48f7>V3-Send: 03:003F:001E:0x0503 -> 00:003F:001E:0x1204 0x4900, tLen 23 dLen 2
01-09 19:40:24.337	          linker	[Debug]	        dji_protocol_v1.c:309  <0x2039>V1-Recv: 0x0A06->0x0503 0x0866
01-09 19:40:24.338	          linker	[Debug]	            dji_command.c:1128  <0xea6e>Receive msg from linker, 0x0202(0x0042)->0x0503(0x0065) 0x3C36 len:0
01-09 19:40:24.338	          linker	[Debug]	        dji_protocol_v3.c:266  <0xea6e>V3-Send: 03:003F:001E:0x0503 -> 00:003F:001E:0x0202 0x3C36, tLen 173 dLen 152
01-09 19:40:24.338	          linker	[Debug]	            dji_command.c:1128  <0x2039>Receive msg from linker, 0x0A06(0x00CA)->0x0503(0x0065) 0x0866 len:102
01-09 19:40:24.338	          linker	[Debug]	            dji_command.c:980  received unsupport request cmd that noneed ack, <0x2039> cmdset: 0x08 cmdid: 0x66
01-09 19:40:24.349	          linker	[Debug]	        dji_protocol_v3.c:387  <0x48fb>V3-Recv: 00:003F:001E:0x1204 -> 03:003F:001E:0x0503 0x22AD, tLen 68 dLen 47
01-09 19:40:24.349	          linker	[Debug]	        dji_protocol_v3.c:506  0:0x1204 convert to 0092(0x1204)
01-09 19:40:24.349	          linker	[Debug]	        dji_protocol_v3.c:506  3:0x0503 convert to 0065(0x0503)
01-09 19:40:24.349	          linker	[Debug]	            dji_command.c:1128  <0x48fb>Receive msg from linker, 0x1204(0x0092)->0x0503(0x0065) 0x22AD len:47
01-09 19:40:24.349	          linker	[Debug]	            dji_command.c:980  received unsupport request cmd that need ack, <0x48fb> cmdset: 0x22 cmdid: 0xAD
01-09 19:40:24.396	          linker	[Debug]	        dji_protocol_v3.c:387  <0xea75>V3-Recv: 00:0001:0000:0x0202 -> 03:0000:0001:0x0503 0x0051, tLen 22 dLen 1
01-09 19:40:24.396	          linker	[Debug]	        dji_protocol_v3.c:506  0:0x0202 convert to 0042(0x0202)
01-09 19:40:24.396	          linker	[Debug]	        dji_protocol_v3.c:506  3:0x0503 convert to 0065(0x0503)
01-09 19:40:24.396	          linker	[Debug]	            dji_command.c:1128  <0xea75>Receive msg from linker, 0x0202(0x0042)->0x0503(0x0065) 0x0051 len:1
01-09 19:40:24.396	          linker	[Debug]	        dji_protocol_v3.c:266  <0xea75>V3-Send: 03:003F:001E:0x0503 -> 00:003F:001E:0x0202 0x0051, tLen 56 dLen 35
01-09 19:40:24.416	          linker	[Debug]	        dji_protocol_v3.c:387  <0xea77>V3-Recv: 00:0001:0000:0x0202 -> 03:0000:0001:0x0503 0x3C3C, tLen 23 dLen 2
01-09 19:40:24.416	          linker	[Debug]	        dji_protocol_v3.c:506  0:0x0202 convert to 0042(0x0202)
01-09 19:40:24.416	          linker	[Debug]	        dji_protocol_v3.c:506  3:0x0503 convert to 0065(0x0503)
01-09 19:40:24.417	          linker	[Debug]	            dji_command.c:1128  <0xea77>Receive msg from linker, 0x0202(0x0042)->0x0503(0x0065) 0x3C3C len:2
01-09 19:40:24.417	           infor	[Info]	      dji_aircraft_info.c:769  Set mobile app info, language is Chinese, screen type is Big Screen
01-09 19:40:24.417	          linker	[Debug]	        dji_protocol_v3.c:266  <0xea77>V3-Send: 03:003F:001E:0x0503 -> 00:003F:001E:0x0202 0x3C3C, tLen 22 dLen 1
01-09 19:40:24.426	          linker	[Debug]	        dji_protocol_v1.c:189  <0x6a8d>V1-Send: 0x0503->0x1D02 0x00F0
01-09 19:40:24.429	          linker	[Debug]	        dji_protocol_v3.c:387  <0x4907>V3-Recv: 00:003F:001E:0x1204 -> 03:003F:001E:0x0503 0x4900, tLen 23 dLen 2
01-09 19:40:24.429	          linker	[Debug]	        dji_protocol_v3.c:506  0:0x1204 convert to 0092(0x1204)
01-09 19:40:24.429	          linker	[Debug]	        dji_protocol_v3.c:506  3:0x0503 convert to 0065(0x0503)
01-09 19:40:24.430	          linker	[Debug]	            dji_command.c:1128  <0x4907>Receive msg from linker, 0x1204(0x0092)->0x0503(0x0065) 0x4900 len:2
01-09 19:40:24.430	          linker	[Debug]	        dji_protocol_v3.c:266  <0x4907>V3-Send: 03:003F:001E:0x0503 -> 00:003F:001E:0x1204 0x4900, tLen 23 dLen 2
01-09 19:40:24.449	          linker	[Debug]	        dji_protocol_v3.c:387  <0x490b>V3-Recv: 00:003F:001E:0x1204 -> 03:003F:001E:0x0503 0x22AD, tLen 68 dLen 47
01-09 19:40:24.449	          linker	[Debug]	        dji_protocol_v3.c:506  0:0x1204 convert to 0092(0x1204)
01-09 19:40:24.449	          linker	[Debug]	        dji_protocol_v3.c:506  3:0x0503 convert to 0065(0x0503)
01-09 19:40:24.449	          linker	[Debug]	            dji_command.c:1128  <0x490b>Receive msg from linker, 0x1204(0x0092)->0x0503(0x0065) 0x22AD len:47
01-09 19:40:24.450	          linker	[Debug]	            dji_command.c:980  received unsupport request cmd that need ack, <0x490b> cmdset: 0x22 cmdid: 0xAD
01-09 19:40:24.466	          linker	[Debug]	        dji_protocol_v3.c:387  <0x26dd>V3-Recv: 00:003F:001E:0x0300 -> 03:003F:001E:0x0503 0x3C57, tLen 37 dLen 16
01-09 19:40:24.467	          linker	[Debug]	        dji_protocol_v3.c:506  0:0x0300 convert to 0003(0x0300)
01-09 19:40:24.467	          linker	[Debug]	        dji_protocol_v3.c:506  3:0x0503 convert to 0065(0x0503)
01-09 19:40:24.467	          linker	[Debug]	            dji_command.c:1128  <0x26dd>Receive msg from linker, 0x0300(0x0003)->0x0503(0x0065) 0x3C57 len:16
01-09 19:40:24.467	          linker	[Debug]	            dji_command.c:980  received unsupport request cmd that noneed ack, <0x26dd> cmdset: 0x3C cmdid: 0x57
01-09 19:40:24.479	          linker	[Debug]	        dji_protocol_v1.c:189  <0x6a8e>V1-Send: 0x0503->0x1007 0x198B
01-09 19:40:24.479	          linker	[Debug]	        dji_protocol_v3.c:266  <0x6a8f>V3-Send: 03:003F:001E:0x0503 -> 00:003F:001E:0x0200 0x3C10, tLen 85 dLen 64
01-09 19:40:24.479	          linker	[Debug]	        dji_protocol_v3.c:266  <0x6a90>V3-Send: 03:003F:001E:0x0503 -> 00:003F:001E:0x0300 0x3C10, tLen 85 dLen 64
01-09 19:40:24.479	          linker	[Debug]	        dji_protocol_v3.c:266  <0x6a91>V3-Send: 03:003F:001E:0x0503 -> 00:003F:001E:0x1104 0x3C10, tLen 85 dLen 64
01-09 19:40:24.480	          linker	[Debug]	        dji_protocol_v3.c:266  <0x6a92>V3-Send: 03:003F:001E:0x0503 -> 00:003F:001E:0x0701 0x3C10, tLen 85 dLen 64
01-09 19:40:24.480	          linker	[Debug]	        dji_protocol_v3.c:266  <0x6a93>V3-Send: 03:003F:001E:0x0503 -> 00:003F:001E:0x1100 0x3C10, tLen 85 dLen 64
01-09 19:40:24.499	          linker	[Debug]	        dji_protocol_v3.c:387  <0xea84>V3-Recv: 00:0001:0000:0x0202 -> 03:0000:0001:0x0503 0x0026, tLen 58 dLen 37
01-09 19:40:24.499	          linker	[Debug]	        dji_protocol_v3.c:506  0:0x0202 convert to 0042(0x0202)
01-09 19:40:24.499	          linker	[Debug]	        dji_protocol_v3.c:506  3:0x0503 convert to 0065(0x0503)
01-09 19:40:24.499	          linker	[Debug]	            dji_command.c:1128  <0xea84>Receive msg from linker, 0x0202(0x0042)->0x0503(0x0065) 0x0026 len:37
01-09 19:40:24.499	      downloader	[Debug]	         dji_downloader.c:355  Request, host = 0x42, receiver = 0x65, session = 1, taskId = 0, funcId = 0
01-09 19:40:24.499	          linker	[Debug]	        dji_protocol_v3.c:266  <0xea84>V3-Send: 03:003F:001E:0x0503 -> 00:003F:001E:0x0202 0x0026, tLen 22 dLen 1
01-09 19:40:24.499	      downloader	[Debug]	         dji_downloader.c:476  Downloader data start send, session id = 1 task:0 type:14
01-09 19:40:24.509	      downloader	[Debug]	 dji_download_data_list.c:190  Download data list data length = 460
01-09 19:40:24.517	          linker	[Debug]	        dji_protocol_v3.c:266  <0x6a94>V3-Send: 03:003F:001E:0x0503 -> 00:003F:001E:0x0202 0x0027, tLen 491 dLen 470
01-09 19:40:24.517	      downloader	[Debug]	         dji_downloader.c:691  data downloader update info, seq:0 offset:0 dataLen:460 totalLen:460 process:0
01-09 19:40:24.517	      downloader	[Debug]	         dji_downloader.c:703  Downloader already send last package
01-09 19:40:24.518	          linker	[Debug]	        dji_protocol_v3.c:266  <0x6a95>V3-Send: 03:003F:001E:0x0503 -> 00:003F:001E:0x0200 0x3C1F, tLen 58 dLen 37
01-09 19:40:24.529	          linker	[Debug]	        dji_protocol_v3.c:387  <0x4917>V3-Recv: 00:003F:001E:0x1204 -> 03:003F:001E:0x0503 0x4900, tLen 23 dLen 2
01-09 19:40:24.529	          linker	[Debug]	        dji_protocol_v3.c:506  0:0x1204 convert to 0092(0x1204)
01-09 19:40:24.529	          linker	[Debug]	        dji_protocol_v3.c:506  3:0x0503 convert to 0065(0x0503)
01-09 19:40:24.529	          linker	[Debug]	            dji_command.c:1128  <0x4917>Receive msg from linker, 0x1204(0x0092)->0x0503(0x0065) 0x4900 len:2
01-09 19:40:24.529	          linker	[Debug]	        dji_protocol_v3.c:266  <0x4917>V3-Send: 03:003F:001E:0x0503 -> 00:003F:001E:0x1204 0x4900, tLen 23 dLen 2
01-09 19:40:24.549	          linker	[Debug]	        dji_protocol_v3.c:387  <0x491b>V3-Recv: 00:003F:001E:0x1204 -> 03:003F:001E:0x0503 0x22AD, tLen 68 dLen 47
01-09 19:40:24.549	          linker	[Debug]	        dji_protocol_v3.c:506  0:0x1204 convert to 0092(0x1204)
01-09 19:40:24.549	          linker	[Debug]	        dji_protocol_v3.c:506  3:0x0503 convert to 0065(0x0503)
01-09 19:40:24.550	          linker	[Debug]	            dji_command.c:1128  <0x491b>Receive msg from linker, 0x1204(0x0092)->0x0503(0x0065) 0x22AD len:47
01-09 19:40:24.550	          linker	[Debug]	            dji_command.c:980  received unsupport request cmd that need ack, <0x491b> cmdset: 0x22 cmdid: 0xAD
01-09 19:40:24.550	          linker	[Debug]	        dji_protocol_v3.c:266  <0x6a96>V3-Send: 03:003F:001E:0x0503 -> 00:003F:001E:0x0200 0x3C1B, tLen 77 dLen 56
01-09 19:40:24.573	          linker	[Debug]	        dji_protocol_v3.c:387  <0xea8e>V3-Recv: 00:0001:0000:0x0202 -> 03:0000:0001:0x0503 0x0026, tLen 35 dLen 14
01-09 19:40:24.573	          linker	[Debug]	        dji_protocol_v3.c:506  0:0x0202 convert to 0042(0x0202)
01-09 19:40:24.573	          linker	[Debug]	        dji_protocol_v3.c:506  3:0x0503 convert to 0065(0x0503)
01-09 19:40:24.574	          linker	[Debug]	            dji_command.c:1128  <0xea8e>Receive msg from linker, 0x0202(0x0042)->0x0503(0x0065) 0x0026 len:14
01-09 19:40:24.574	      downloader	[Debug]	         dji_downloader.c:355  Request, host = 0x42, receiver = 0x65, session = 1, taskId = 0, funcId = 4
01-09 19:40:24.574	          linker	[Debug]	        dji_protocol_v3.c:266  <0xea8e>V3-Send: 03:003F:001E:0x0503 -> 00:003F:001E:0x0202 0x0026, tLen 22 dLen 1
01-09 19:40:24.574	      downloader	[Debug]	         dji_downloader.c:550  Downloader data end send
01-09 19:40:24.584	          linker	[Debug]	        dji_protocol_v3.c:387  <0xea8f>V3-Recv: 00:0001:0000:0x0202 -> 03:0000:0001:0x0503 0x0026, tLen 69 dLen 48
01-09 19:40:24.584	          linker	[Debug]	        dji_protocol_v3.c:506  0:0x0202 convert to 0042(0x0202)
01-09 19:40:24.584	          linker	[Debug]	        dji_protocol_v3.c:506  3:0x0503 convert to 0065(0x0503)
01-09 19:40:24.584	          linker	[Debug]	            dji_command.c:1128  <0xea8f>Receive msg from linker, 0x0202(0x0042)->0x0503(0x0065) 0x0026 len:48
01-09 19:40:24.585	      downloader	[Debug]	         dji_downloader.c:355  Request, host = 0x42, receiver = 0x65, session = 2, taskId = 1, funcId = 0
01-09 19:40:24.585	          linker	[Debug]	        dji_protocol_v3.c:266  <0xea8f>V3-Send: 03:003F:001E:0x0503 -> 00:003F:001E:0x0202 0x0026, tLen 22 dLen 1
01-09 19:40:24.585	      downloader	[Debug]	         dji_downloader.c:476  Downloader data start send, session id = 2 task:1 type:14
01-09 19:40:24.585	      downloader	[Debug]	 dji_download_data_file.c:92   Download file object info, index = 0  drive = 0 type = 14 offset = 0 size = -1
01-09 19:40:24.588	          linker	[Debug]	        dji_protocol_v3.c:266  <0x6a97>V3-Send: 03:003F:001E:0x0503 -> 00:003F:001E:0x0202 0x0027, tLen 931 dLen 910
01-09 19:40:24.589	      downloader	[Debug]	         dji_downloader.c:691  data downloader update info, seq:0 offset:0 dataLen:900 totalLen:22491 process:0
01-09 19:40:24.597	          linker	[Debug]	        dji_protocol_v3.c:266  <0x6a98>V3-Send: 03:003F:001E:0x0503 -> 00:003F:001E:0x0202 0x0027, tLen 931 dLen 910
01-09 19:40:24.597	      downloader	[Debug]	         dji_downloader.c:691  data downloader update info, seq:1 offset:900 dataLen:900 totalLen:22491 process:4
01-09 19:40:24.606	          linker	[Debug]	        dji_protocol_v3.c:266  <0x6a99>V3-Send: 03:003F:001E:0x0503 -> 00:003F:001E:0x0202 0x0027, tLen 931 dLen 910
01-09 19:40:24.606	      downloader	[Debug]	         dji_downloader.c:691  data downloader update info, seq:2 offset:1800 dataLen:900 totalLen:22491 process:8
01-09 19:40:24.615	          linker	[Debug]	        dji_protocol_v3.c:266  <0x6a9a>V3-Send: 03:003F:001E:0x0503 -> 00:003F:001E:0x0202 0x0027, tLen 931 dLen 910
01-09 19:40:24.615	      downloader	[Debug]	         dji_downloader.c:691  data downloader update info, seq:3 offset:2700 dataLen:900 totalLen:22491 process:12
01-09 19:40:24.623	          linker	[Debug]	        dji_protocol_v3.c:266  <0x6a9b>V3-Send: 03:003F:001E:0x0503 -> 00:003F:001E:0x0202 0x0027, tLen 931 dLen 910
01-09 19:40:24.624	      downloader	[Debug]	         dji_downloader.c:691  data downloader update info, seq:4 offset:3600 dataLen:900 totalLen:22491 process:16
01-09 19:40:24.629	          linker	[Debug]	        dji_protocol_v3.c:387  <0x4927>V3-Recv: 00:003F:001E:0x1204 -> 03:003F:001E:0x0503 0x4900, tLen 23 dLen 2
01-09 19:40:24.629	          linker	[Debug]	        dji_protocol_v3.c:506  0:0x1204 convert to 0092(0x1204)
01-09 19:40:24.629	          linker	[Debug]	        dji_protocol_v3.c:506  3:0x0503 convert to 0065(0x0503)
01-09 19:40:24.630	          linker	[Debug]	            dji_command.c:1128  <0x4927>Receive msg from linker, 0x1204(0x0092)->0x0503(0x0065) 0x4900 len:2
01-09 19:40:24.630	          linker	[Debug]	        dji_protocol_v3.c:266  <0x4927>V3-Send: 03:003F:001E:0x0503 -> 00:003F:001E:0x1204 0x4900, tLen 23 dLen 2
01-09 19:40:24.632	          linker	[Debug]	        dji_protocol_v3.c:266  <0x6a9c>V3-Send: 03:003F:001E:0x0503 -> 00:003F:001E:0x0202 0x0027, tLen 931 dLen 910
01-09 19:40:24.632	      downloader	[Debug]	         dji_downloader.c:691  data downloader update info, seq:5 offset:4500 dataLen:900 totalLen:22491 process:20
01-09 19:40:24.641	          linker	[Debug]	        dji_protocol_v3.c:266  <0x6a9d>V3-Send: 03:003F:001E:0x0503 -> 00:003F:001E:0x0202 0x0027, tLen 931 dLen 910
01-09 19:40:24.641	      downloader	[Debug]	         dji_downloader.c:691  data downloader update info, seq:6 offset:5400 dataLen:900 totalLen:22491 process:24
01-09 19:40:24.649	          linker	[Debug]	        dji_protocol_v3.c:387  <0x492b>V3-Recv: 00:003F:001E:0x1204 -> 03:003F:001E:0x0503 0x22AD, tLen 68 dLen 47
01-09 19:40:24.649	          linker	[Debug]	        dji_protocol_v3.c:506  0:0x1204 convert to 0092(0x1204)
01-09 19:40:24.649	          linker	[Debug]	        dji_protocol_v3.c:506  3:0x0503 convert to 0065(0x0503)
01-09 19:40:24.650	          linker	[Debug]	        dji_protocol_v3.c:266  <0x6a9e>V3-Send: 03:003F:001E:0x0503 -> 00:003F:001E:0x0202 0x0027, tLen 931 dLen 910
01-09 19:40:24.650	      downloader	[Debug]	         dji_downloader.c:691  data downloader update info, seq:7 offset:6300 dataLen:900 totalLen:22491 process:28
01-09 19:40:24.650	          linker	[Debug]	            dji_command.c:1128  <0x492b>Receive msg from linker, 0x1204(0x0092)->0x0503(0x0065) 0x22AD len:47
01-09 19:40:24.650	          linker	[Debug]	            dji_command.c:980  received unsupport request cmd that need ack, <0x492b> cmdset: 0x22 cmdid: 0xAD
01-09 19:40:24.659	          linker	[Debug]	        dji_protocol_v3.c:266  <0x6a9f>V3-Send: 03:003F:001E:0x0503 -> 00:003F:001E:0x0202 0x0027, tLen 931 dLen 910
01-09 19:40:24.659	      downloader	[Debug]	         dji_downloader.c:691  data downloader update info, seq:8 offset:7200 dataLen:900 totalLen:22491 process:32
01-09 19:40:24.667	          linker	[Debug]	        dji_protocol_v3.c:387  <0x2857>V3-Recv: 00:003F:001E:0x0300 -> 03:003F:001E:0x0503 0x3C57, tLen 37 dLen 16
01-09 19:40:24.667	          linker	[Debug]	        dji_protocol_v3.c:506  0:0x0300 convert to 0003(0x0300)
01-09 19:40:24.667	          linker	[Debug]	        dji_protocol_v3.c:506  3:0x0503 convert to 0065(0x0503)
01-09 19:40:24.667	          linker	[Debug]	        dji_protocol_v3.c:266  <0x6aa0>V3-Send: 03:003F:001E:0x0503 -> 00:003F:001E:0x0202 0x0027, tLen 931 dLen 910
01-09 19:40:24.668	          linker	[Debug]	            dji_command.c:1128  <0x2857>Receive msg from linker, 0x0300(0x0003)->0x0503(0x0065) 0x3C57 len:16
01-09 19:40:24.668	      downloader	[Debug]	         dji_downloader.c:691  data downloader update info, seq:9 offset:8100 dataLen:900 totalLen:22491 process:36
01-09 19:40:24.668	          linker	[Debug]	            dji_command.c:980  received unsupport request cmd that noneed ack, <0x2857> cmdset: 0x3C cmdid: 0x57
01-09 19:40:24.676	          linker	[Debug]	        dji_protocol_v3.c:266  <0x6aa1>V3-Send: 03:003F:001E:0x0503 -> 00:003F:001E:0x0202 0x0027, tLen 931 dLen 910
01-09 19:40:24.676	      downloader	[Debug]	         dji_downloader.c:691  data downloader update info, seq:10 offset:9000 dataLen:900 totalLen:22491 process:40
01-09 19:40:24.685	          linker	[Debug]	        dji_protocol_v3.c:387  <0xea9d>V3-Recv: 00:0001:0000:0x0202 -> 03:0000:0001:0x0503 0x3C1C, tLen 28 dLen 7
01-09 19:40:24.685	          linker	[Debug]	        dji_protocol_v3.c:506  0:0x0202 convert to 0042(0x0202)
01-09 19:40:24.685	          linker	[Debug]	        dji_protocol_v3.c:506  3:0x0503 convert to 0065(0x0503)
01-09 19:40:24.685	          linker	[Debug]	            dji_command.c:1128  <0xea9d>Receive msg from linker, 0x0202(0x0042)->0x0503(0x0065) 0x3C1C len:7
01-09 19:40:24.685	       time_sync	[Info]	      dji_time_sync_app.c:112  Current time: 2026.01.09 19:40:24.
01-09 19:40:24.685	          linker	[Debug]	        dji_protocol_v3.c:266  <0x6aa2>V3-Send: 03:003F:001E:0x0503 -> 00:003F:001E:0x0202 0x0027, tLen 931 dLen 910
01-09 19:40:24.685	      downloader	[Debug]	         dji_downloader.c:691  data downloader update info, seq:11 offset:9900 dataLen:900 totalLen:22491 process:44
01-09 19:40:24.686	          linker	[Debug]	        dji_protocol_v1.c:189  <0x6aa3>V1-Send: 0x0503->0x1D02 0x00F0
01-09 19:40:24.694	          linker	[Debug]	        dji_protocol_v3.c:266  <0x6aa4>V3-Send: 03:003F:001E:0x0503 -> 00:003F:001E:0x0202 0x0027, tLen 931 dLen 910
01-09 19:40:24.694	      downloader	[Debug]	         dji_downloader.c:691  data downloader update info, seq:12 offset:10800 dataLen:900 totalLen:22491 process:48
01-09 19:40:24.696	          linker	[Debug]	        dji_protocol_v1.c:189  <0x6aa5>V1-Send: 0x0503->0x1007 0x198B
01-09 19:40:24.696	          linker	[Debug]	        dji_protocol_v3.c:266  <0x6aa6>V3-Send: 03:003F:001E:0x0503 -> 00:003F:001E:0x0200 0x3C10, tLen 85 dLen 64
01-09 19:40:24.696	          linker	[Debug]	        dji_protocol_v3.c:266  <0x6aa7>V3-Send: 03:003F:001E:0x0503 -> 00:003F:001E:0x0300 0x3C10, tLen 85 dLen 64
01-09 19:40:24.696	          linker	[Debug]	        dji_protocol_v3.c:266  <0x6aa8>V3-Send: 03:003F:001E:0x0503 -> 00:003F:001E:0x1104 0x3C10, tLen 85 dLen 64
01-09 19:40:24.696	          linker	[Debug]	        dji_protocol_v3.c:266  <0x6aa9>V3-Send: 03:003F:001E:0x0503 -> 00:003F:001E:0x0701 0x3C10, tLen 85 dLen 64
01-09 19:40:24.696	          linker	[Debug]	        dji_protocol_v3.c:266  <0x6aaa>V3-Send: 03:003F:001E:0x0503 -> 00:003F:001E:0x1100 0x3C10, tLen 85 dLen 64
01-09 19:40:24.699	          linker	[Debug]	        dji_protocol_v3.c:387  <0xea9e>V3-Recv: 00:0001:0000:0x0202 -> 03:0000:0001:0x0503 0x3C25, tLen 23 dLen 2
01-09 19:40:24.699	          linker	[Debug]	        dji_protocol_v3.c:506  0:0x0202 convert to 0042(0x0202)
01-09 19:40:24.699	          linker	[Debug]	        dji_protocol_v3.c:506  3:0x0503 convert to 0065(0x0503)
01-09 19:40:24.700	          linker	[Debug]	            dji_command.c:1128  <0xea9e>Receive msg from linker, 0x0202(0x0042)->0x0503(0x0065) 0x3C25 len:2
01-09 19:40:24.700	          linker	[Debug]	            dji_command.c:980  received unsupport request cmd that need ack, <0xea9e> cmdset: 0x3C cmdid: 0x25
01-09 19:40:24.703	          linker	[Debug]	        dji_protocol_v3.c:266  <0x6aab>V3-Send: 03:003F:001E:0x0503 -> 00:003F:001E:0x0202 0x0027, tLen 931 dLen 910
01-09 19:40:24.703	      downloader	[Debug]	         dji_downloader.c:691  data downloader update info, seq:13 offset:11700 dataLen:900 totalLen:22491 process:52
01-09 19:40:24.712	          linker	[Debug]	        dji_protocol_v3.c:266  <0x6aac>V3-Send: 03:003F:001E:0x0503 -> 00:003F:001E:0x0202 0x0027, tLen 931 dLen 910
01-09 19:40:24.712	      downloader	[Debug]	         dji_downloader.c:691  data downloader update info, seq:14 offset:12600 dataLen:900 totalLen:22491 process:56
01-09 19:40:24.718	          linker	[Debug]	        dji_protocol_v3.c:266  <0x6aad>V3-Send: 03:003F:001E:0x0503 -> 00:003F:001E:0x0200 0x3C1F, tLen 58 dLen 37
01-09 19:40:24.720	          linker	[Debug]	        dji_protocol_v3.c:266  <0x6aae>V3-Send: 03:003F:001E:0x0503 -> 00:003F:001E:0x0202 0x0027, tLen 931 dLen 910
01-09 19:40:24.720	      downloader	[Debug]	         dji_downloader.c:691  data downloader update info, seq:15 offset:13500 dataLen:900 totalLen:22491 process:60
01-09 19:40:24.729	          linker	[Debug]	        dji_protocol_v3.c:387  <0x4937>V3-Recv: 00:003F:001E:0x1204 -> 03:003F:001E:0x0503 0x4900, tLen 23 dLen 2
01-09 19:40:24.729	          linker	[Debug]	        dji_protocol_v3.c:506  0:0x1204 convert to 0092(0x1204)
01-09 19:40:24.729	          linker	[Debug]	        dji_protocol_v3.c:506  3:0x0503 convert to 0065(0x0503)
01-09 19:40:24.729	          linker	[Debug]	        dji_protocol_v3.c:266  <0x6aaf>V3-Send: 03:003F:001E:0x0503 -> 00:003F:001E:0x0202 0x0027, tLen 931 dLen 910
01-09 19:40:24.729	      downloader	[Debug]	         dji_downloader.c:691  data downloader update info, seq:16 offset:14400 dataLen:900 totalLen:22491 process:64
01-09 19:40:24.730	          linker	[Debug]	            dji_command.c:1128  <0x4937>Receive msg from linker, 0x1204(0x0092)->0x0503(0x0065) 0x4900 len:2
01-09 19:40:24.730	          linker	[Debug]	        dji_protocol_v3.c:266  <0x4937>V3-Send: 03:003F:001E:0x0503 -> 00:003F:001E:0x1204 0x4900, tLen 23 dLen 2
01-09 19:40:24.738	          linker	[Debug]	        dji_protocol_v3.c:266  <0x6ab0>V3-Send: 03:003F:001E:0x0503 -> 00:003F:001E:0x0202 0x0027, tLen 35 dLen 14
01-09 19:40:24.738	          linker	[Debug]	        dji_protocol_v3.c:266  <0x6ab1>V3-Send: 03:003F:001E:0x0503 -> 00:003F:001E:0x0202 0x0027, tLen 931 dLen 910
01-09 19:40:24.738	      downloader	[Debug]	         dji_downloader.c:691  data downloader update info, seq:17 offset:15300 dataLen:900 totalLen:22491 process:68
01-09 19:40:24.747	          linker	[Debug]	        dji_protocol_v3.c:266  <0x6ab2>V3-Send: 03:003F:001E:0x0503 -> 00:003F:001E:0x0202 0x0027, tLen 931 dLen 910
01-09 19:40:24.747	      downloader	[Debug]	         dji_downloader.c:691  data downloader update info, seq:18 offset:16200 dataLen:900 totalLen:22491 process:72
01-09 19:40:24.749	          linker	[Debug]	        dji_protocol_v3.c:387  <0x493b>V3-Recv: 00:003F:001E:0x1204 -> 03:003F:001E:0x0503 0x22AD, tLen 68 dLen 47
01-09 19:40:24.749	          linker	[Debug]	        dji_protocol_v3.c:506  0:0x1204 convert to 0092(0x1204)
01-09 19:40:24.749	          linker	[Debug]	        dji_protocol_v3.c:506  3:0x0503 convert to 0065(0x0503)
01-09 19:40:24.749	          linker	[Debug]	            dji_command.c:1128  <0x493b>Receive msg from linker, 0x1204(0x0092)->0x0503(0x0065) 0x22AD len:47
01-09 19:40:24.750	          linker	[Debug]	            dji_command.c:980  received unsupport request cmd that need ack, <0x493b> cmdset: 0x22 cmdid: 0xAD
01-09 19:40:24.756	          linker	[Debug]	        dji_protocol_v3.c:266  <0x6ab3>V3-Send: 03:003F:001E:0x0503 -> 00:003F:001E:0x0202 0x0027, tLen 931 dLen 910
01-09 19:40:24.756	      downloader	[Debug]	         dji_downloader.c:691  data downloader update info, seq:19 offset:17100 dataLen:900 totalLen:22491 process:76
01-09 19:40:24.765	          linker	[Debug]	        dji_protocol_v3.c:266  <0x6ab4>V3-Send: 03:003F:001E:0x0503 -> 00:003F:001E:0x0202 0x0027, tLen 931 dLen 910
01-09 19:40:24.765	      downloader	[Debug]	         dji_downloader.c:691  data downloader update info, seq:20 offset:18000 dataLen:900 totalLen:22491 process:80
01-09 19:40:24.767	          linker	[Debug]	        dji_protocol_v3.c:266  <0x6ab5>V3-Send: 03:003F:001E:0x0503 -> 00:003F:001E:0x0200 0x3C1B, tLen 77 dLen 56
01-09 19:40:24.768	          linker	[Debug]	        dji_protocol_v3.c:387  <0xeaa7>V3-Recv: 00:0001:0000:0x0202 -> 03:0000:0001:0x0503 0x0026, tLen 36 dLen 15
01-09 19:40:24.768	          linker	[Debug]	        dji_protocol_v3.c:506  0:0x0202 convert to 0042(0x0202)
01-09 19:40:24.768	          linker	[Debug]	        dji_protocol_v3.c:506  3:0x0503 convert to 0065(0x0503)
01-09 19:40:24.769	          linker	[Debug]	            dji_command.c:1128  <0xeaa7>Receive msg from linker, 0x0202(0x0042)->0x0503(0x0065) 0x0026 len:15
01-09 19:40:24.769	      downloader	[Debug]	         dji_downloader.c:355  Request, host = 0x42, receiver = 0x65, session = 2, taskId = 0, funcId = 2
01-09 19:40:24.769	          linker	[Debug]	        dji_protocol_v3.c:266  <0xeaa7>V3-Send: 03:003F:001E:0x0503 -> 00:003F:001E:0x0202 0x0026, tLen 22 dLen 1
01-09 19:40:24.773	          linker	[Debug]	        dji_protocol_v3.c:266  <0x6ab6>V3-Send: 03:003F:001E:0x0503 -> 00:003F:001E:0x0202 0x0027, tLen 931 dLen 910
01-09 19:40:24.774	      downloader	[Debug]	         dji_downloader.c:691  data downloader update info, seq:21 offset:18900 dataLen:900 totalLen:22491 process:84
01-09 19:40:24.782	          linker	[Debug]	        dji_protocol_v3.c:266  <0x6ab7>V3-Send: 03:003F:001E:0x0503 -> 00:003F:001E:0x0202 0x0027, tLen 931 dLen 910
01-09 19:40:24.782	      downloader	[Debug]	         dji_downloader.c:691  data downloader update info, seq:22 offset:19800 dataLen:900 totalLen:22491 process:88
01-09 19:40:24.784	          linker	[Debug]	        dji_protocol_v3.c:266  <0x6ab8>V3-Send: 03:003F:001E:0x0503 -> 00:003F:001E:0x0801 0x0000, tLen 21 dLen 0
01-09 19:40:24.784	           infor	[Debug]	dji_aircraft_connection.c:170  check connect status:1
01-09 19:40:24.784	          linker	[Debug]	        dji_protocol_v3.c:387  <0x6ab8>V3-Recv: 00:003F:001E:0x0801 -> 03:003F:001E:0x0503 0x0000, tLen 22 dLen 1
01-09 19:40:24.784	          linker	[Debug]	        dji_protocol_v3.c:506  0:0x0801 convert to 0028(0x0801)
01-09 19:40:24.785	          linker	[Debug]	        dji_protocol_v3.c:506  3:0x0503 convert to 0065(0x0503)
01-09 19:40:24.785	          linker	[Debug]	            dji_command.c:1128  <0x6ab8>Receive msg from linker, 0x0801(0x0028)->0x0503(0x0065) 0x0000 len:1
01-09 19:40:24.785	           infor	[Debug]	dji_aircraft_connection.c:303  connect status async sucess
01-09 19:40:24.785	          linker	[Debug]	            dji_command.c:890  callback function (cmdset: 0x00 cmdid: 0x00) deal time: 0 ms
01-09 19:40:24.791	          linker	[Debug]	        dji_protocol_v3.c:266  <0x6ab9>V3-Send: 03:003F:001E:0x0503 -> 00:003F:001E:0x0202 0x0027, tLen 931 dLen 910
01-09 19:40:24.791	      downloader	[Debug]	         dji_downloader.c:691  data downloader update info, seq:23 offset:20700 dataLen:900 totalLen:22491 process:92
01-09 19:40:24.800	          linker	[Debug]	        dji_protocol_v3.c:266  <0x6aba>V3-Send: 03:003F:001E:0x0503 -> 00:003F:001E:0x0202 0x0027, tLen 922 dLen 901
01-09 19:40:24.800	      downloader	[Debug]	         dji_downloader.c:691  data downloader update info, seq:24 offset:21600 dataLen:891 totalLen:22491 process:96
01-09 19:40:24.800	      downloader	[Debug]	         dji_downloader.c:703  Downloader already send last package
01-09 19:40:24.829	          linker	[Debug]	        dji_protocol_v3.c:387  <0x4947>V3-Recv: 00:003F:001E:0x1204 -> 03:003F:001E:0x0503 0x4900, tLen 23 dLen 2
01-09 19:40:24.829	          linker	[Debug]	        dji_protocol_v3.c:506  0:0x1204 convert to 0092(0x1204)
01-09 19:40:24.829	          linker	[Debug]	        dji_protocol_v3.c:506  3:0x0503 convert to 0065(0x0503)
01-09 19:40:24.829	          linker	[Debug]	            dji_command.c:1128  <0x4947>Receive msg from linker, 0x1204(0x0092)->0x0503(0x0065) 0x4900 len:2
01-09 19:40:24.829	          linker	[Debug]	        dji_protocol_v3.c:266  <0x4947>V3-Send: 03:003F:001E:0x0503 -> 00:003F:001E:0x1204 0x4900, tLen 23 dLen 2
01-09 19:40:24.835	          linker	[Debug]	        dji_protocol_v1.c:309  <0x2039>V1-Recv: 0x0A06->0x0503 0x0866
01-09 19:40:24.836	          linker	[Debug]	            dji_command.c:1128  <0x2039>Receive msg from linker, 0x0A06(0x00CA)->0x0503(0x0065) 0x0866 len:102
01-09 19:40:24.836	          linker	[Debug]	            dji_command.c:980  received unsupport request cmd that noneed ack, <0x2039> cmdset: 0x08 cmdid: 0x66
01-09 19:40:24.843	          linker	[Debug]	        dji_protocol_v3.c:387  <0xeab1>V3-Recv: 00:0001:0000:0x0202 -> 03:0000:0001:0x0503 0x0026, tLen 35 dLen 14
01-09 19:40:24.843	          linker	[Debug]	        dji_protocol_v3.c:506  0:0x0202 convert to 0042(0x0202)
01-09 19:40:24.843	          linker	[Debug]	        dji_protocol_v3.c:506  3:0x0503 convert to 0065(0x0503)
01-09 19:40:24.844	          linker	[Debug]	            dji_command.c:1128  <0xeab1>Receive msg from linker, 0x0202(0x0042)->0x0503(0x0065) 0x0026 len:14
01-09 19:40:24.844	      downloader	[Debug]	         dji_downloader.c:355  Request, host = 0x42, receiver = 0x65, session = 2, taskId = 1, funcId = 4
01-09 19:40:24.844	          linker	[Debug]	        dji_protocol_v3.c:266  <0xeab1>V3-Send: 03:003F:001E:0x0503 -> 00:003F:001E:0x0202 0x0026, tLen 22 dLen 1
01-09 19:40:24.844	      downloader	[Debug]	         dji_downloader.c:550  Downloader data end send
01-09 19:40:24.856	          linker	[Debug]	        dji_protocol_v3.c:387  <0x494b>V3-Recv: 00:003F:001E:0x1204 -> 03:003F:001E:0x0503 0x22AD, tLen 68 dLen 47
01-09 19:40:24.856	          linker	[Debug]	        dji_protocol_v3.c:506  0:0x1204 convert to 0092(0x1204)
01-09 19:40:24.856	          linker	[Debug]	        dji_protocol_v3.c:506  3:0x0503 convert to 0065(0x0503)
01-09 19:40:24.857	          linker	[Debug]	            dji_command.c:1128  <0x494b>Receive msg from linker, 0x1204(0x0092)->0x0503(0x0065) 0x22AD len:47
01-09 19:40:24.857	          linker	[Debug]	            dji_command.c:980  received unsupport request cmd that need ack, <0x494b> cmdset: 0x22 cmdid: 0xAD
01-09 19:40:24.866	          linker	[Debug]	        dji_protocol_v3.c:387  <0x29b1>V3-Recv: 00:003F:001E:0x0300 -> 03:003F:001E:0x0503 0x3C57, tLen 37 dLen 16
01-09 19:40:24.866	          linker	[Debug]	        dji_protocol_v3.c:506  0:0x0300 convert to 0003(0x0300)
01-09 19:40:24.866	          linker	[Debug]	        dji_protocol_v3.c:506  3:0x0503 convert to 0065(0x0503)
01-09 19:40:24.866	          linker	[Debug]	        dji_protocol_v3.c:387  <0xeab5>V3-Recv: 00:0001:0000:0x0202 -> 03:0000:0001:0x0503 0x3C50, tLen 21 dLen 0
01-09 19:40:24.866	          linker	[Debug]	        dji_protocol_v3.c:506  0:0x0202 convert to 0042(0x0202)
01-09 19:40:24.866	          linker	[Debug]	        dji_protocol_v3.c:506  3:0x0503 convert to 0065(0x0503)
01-09 19:40:24.867	          linker	[Debug]	            dji_command.c:1128  <0x29b1>Receive msg from linker, 0x0300(0x0003)->0x0503(0x0065) 0x3C57 len:16
01-09 19:40:24.867	          linker	[Debug]	            dji_command.c:980  received unsupport request cmd that noneed ack, <0x29b1> cmdset: 0x3C cmdid: 0x57
01-09 19:40:24.868	          linker	[Debug]	            dji_command.c:1128  <0xeab5>Receive msg from linker, 0x0202(0x0042)->0x0503(0x0065) 0x3C50 len:0
01-09 19:40:24.868	            core	[Debug]	dji_application_ready_state.c:310  Get payload capability set handle, ver: 1, support: 1 0 0 0
01-09 19:40:24.868	          linker	[Debug]	        dji_protocol_v3.c:266  <0xeab5>V3-Send: 03:003F:001E:0x0503 -> 00:003F:001E:0x0202 0x3C50, tLen 27 dLen 6
01-09 19:40:24.877	          linker	[Debug]	        dji_protocol_v3.c:387  <0xeab8>V3-Recv: 00:0001:0000:0x0202 -> 03:0000:0001:0x0503 0x3C68, tLen 23 dLen 2
01-09 19:40:24.877	          linker	[Debug]	        dji_protocol_v3.c:506  0:0x0202 convert to 0042(0x0202)
01-09 19:40:24.877	          linker	[Debug]	        dji_protocol_v3.c:506  3:0x0503 convert to 0065(0x0503)
01-09 19:40:24.878	          linker	[Debug]	            dji_command.c:1128  <0xeab8>Receive msg from linker, 0x0202(0x0042)->0x0503(0x0065) 0x3C68 len:2
01-09 19:40:24.878	          linker	[Debug]	            dji_command.c:980  received unsupport request cmd that need ack, <0xeab8> cmdset: 0x3C cmdid: 0x68
01-09 19:40:24.913	          linker	[Debug]	        dji_protocol_v1.c:189  <0x6abb>V1-Send: 0x0503->0x1007 0x198B
01-09 19:40:24.913	          linker	[Debug]	        dji_protocol_v3.c:266  <0x6abc>V3-Send: 03:003F:001E:0x0503 -> 00:003F:001E:0x0200 0x3C10, tLen 85 dLen 64
01-09 19:40:24.913	          linker	[Debug]	        dji_protocol_v3.c:266  <0x6abd>V3-Send: 03:003F:001E:0x0503 -> 00:003F:001E:0x0300 0x3C10, tLen 85 dLen 64
01-09 19:40:24.913	          linker	[Debug]	        dji_protocol_v3.c:266  <0x6abe>V3-Send: 03:003F:001E:0x0503 -> 00:003F:001E:0x1104 0x3C10, tLen 85 dLen 64
01-09 19:40:24.914	          linker	[Debug]	        dji_protocol_v3.c:266  <0x6abf>V3-Send: 03:003F:001E:0x0503 -> 00:003F:001E:0x0701 0x3C10, tLen 85 dLen 64
01-09 19:40:24.914	          linker	[Debug]	        dji_protocol_v3.c:266  <0x6ac0>V3-Send: 03:003F:001E:0x0503 -> 00:003F:001E:0x1100 0x3C10, tLen 85 dLen 64
01-09 19:40:24.918	          linker	[Debug]	        dji_protocol_v3.c:266  <0x6ac1>V3-Send: 03:003F:001E:0x0503 -> 00:003F:001E:0x0200 0x3C1F, tLen 58 dLen 37
01-09 19:40:24.929	          linker	[Debug]	        dji_protocol_v3.c:387  <0xeabe>V3-Recv: 00:0001:0000:0x0202 -> 03:0000:0001:0x0503 0x0026, tLen 58 dLen 37
01-09 19:40:24.929	          linker	[Debug]	        dji_protocol_v3.c:506  0:0x0202 convert to 0042(0x0202)
01-09 19:40:24.929	          linker	[Debug]	        dji_protocol_v3.c:506  3:0x0503 convert to 0065(0x0503)
01-09 19:40:24.930	          linker	[Debug]	            dji_command.c:1128  <0xeabe>Receive msg from linker, 0x0202(0x0042)->0x0503(0x0065) 0x0026 len:37
01-09 19:40:24.930	      downloader	[Debug]	         dji_downloader.c:355  Request, host = 0x42, receiver = 0x65, session = 3, taskId = 0, funcId = 0
01-09 19:40:24.930	          linker	[Debug]	        dji_protocol_v3.c:266  <0xeabe>V3-Send: 03:003F:001E:0x0503 -> 00:003F:001E:0x0202 0x0026, tLen 22 dLen 1
01-09 19:40:24.930	      downloader	[Debug]	         dji_downloader.c:476  Downloader data start send, session id = 3 task:0 type:20
01-09 19:40:24.931	      downloader	[Debug]	 dji_download_data_list.c:190  Download data list data length = 66
01-09 19:40:24.938	          linker	[Debug]	        dji_protocol_v3.c:266  <0x6ac2>V3-Send: 03:003F:001E:0x0503 -> 00:003F:001E:0x0202 0x0027, tLen 97 dLen 76
01-09 19:40:24.938	      downloader	[Debug]	         dji_downloader.c:691  data downloader update info, seq:0 offset:0 dataLen:66 totalLen:66 process:0
01-09 19:40:24.938	      downloader	[Debug]	         dji_downloader.c:703  Downloader already send last package
01-09 19:40:24.946	          linker	[Debug]	        dji_protocol_v3.c:387  <0x4958>V3-Recv: 00:003F:001E:0x1204 -> 03:003F:001E:0x0503 0x4900, tLen 23 dLen 2
01-09 19:40:24.946	          linker	[Debug]	        dji_protocol_v3.c:506  0:0x1204 convert to 0092(0x1204)
01-09 19:40:24.946	          linker	[Debug]	        dji_protocol_v3.c:506  3:0x0503 convert to 0065(0x0503)
01-09 19:40:24.947	          linker	[Debug]	            dji_command.c:1128  <0x4958>Receive msg from linker, 0x1204(0x0092)->0x0503(0x0065) 0x4900 len:2
01-09 19:40:24.947	          linker	[Debug]	        dji_protocol_v3.c:266  <0x4958>V3-Send: 03:003F:001E:0x0503 -> 00:003F:001E:0x1204 0x4900, tLen 23 dLen 2
01-09 19:40:24.959	          linker	[Debug]	        dji_protocol_v3.c:387  <0x495c>V3-Recv: 00:003F:001E:0x1204 -> 03:003F:001E:0x0503 0x22AD, tLen 68 dLen 47
01-09 19:40:24.959	          linker	[Debug]	        dji_protocol_v3.c:506  0:0x1204 convert to 0092(0x1204)
01-09 19:40:24.959	          linker	[Debug]	        dji_protocol_v3.c:506  3:0x0503 convert to 0065(0x0503)
01-09 19:40:24.959	          linker	[Debug]	            dji_command.c:1128  <0x495c>Receive msg from linker, 0x1204(0x0092)->0x0503(0x0065) 0x22AD len:47
01-09 19:40:24.959	          linker	[Debug]	            dji_command.c:980  received unsupport request cmd that need ack, <0x495c> cmdset: 0x22 cmdid: 0xAD
01-09 19:40:24.978	          linker	[Debug]	        dji_protocol_v3.c:387  <0xeac2>V3-Recv: 00:0001:0000:0x0202 -> 03:0000:0001:0x0503 0x0026, tLen 35 dLen 14
01-09 19:40:24.978	          linker	[Debug]	        dji_protocol_v3.c:506  0:0x0202 convert to 0042(0x0202)
01-09 19:40:24.978	          linker	[Debug]	        dji_protocol_v3.c:506  3:0x0503 convert to 0065(0x0503)
01-09 19:40:24.978	          linker	[Debug]	            dji_command.c:1128  <0xeac2>Receive msg from linker, 0x0202(0x0042)->0x0503(0x0065) 0x0026 len:14
01-09 19:40:24.978	      downloader	[Debug]	         dji_downloader.c:355  Request, host = 0x42, receiver = 0x65, session = 3, taskId = 0, funcId = 4
01-09 19:40:24.978	          linker	[Debug]	        dji_protocol_v3.c:266  <0xeac2>V3-Send: 03:003F:001E:0x0503 -> 00:003F:001E:0x0202 0x0026, tLen 22 dLen 1
01-09 19:40:24.979	      downloader	[Debug]	         dji_downloader.c:550  Downloader data end send
01-09 19:40:24.984	          linker	[Debug]	        dji_protocol_v3.c:266  <0x6ac3>V3-Send: 03:003F:001E:0x0503 -> 00:003F:001E:0x0200 0x3C1B, tLen 77 dLen 56
01-09 19:40:24.988	          linker	[Debug]	        dji_protocol_v3.c:387  <0xeac3>V3-Recv: 00:0001:0000:0x0202 -> 03:0000:0001:0x0503 0x0026, tLen 69 dLen 48
01-09 19:40:24.989	          linker	[Debug]	        dji_protocol_v3.c:506  0:0x0202 convert to 0042(0x0202)
01-09 19:40:24.989	          linker	[Debug]	        dji_protocol_v3.c:506  3:0x0503 convert to 0065(0x0503)
01-09 19:40:24.989	          linker	[Debug]	            dji_command.c:1128  <0xeac3>Receive msg from linker, 0x0202(0x0042)->0x0503(0x0065) 0x0026 len:48
01-09 19:40:24.989	      downloader	[Debug]	         dji_downloader.c:355  Request, host = 0x42, receiver = 0x65, session = 4, taskId = 1, funcId = 0
01-09 19:40:24.989	          linker	[Debug]	        dji_protocol_v3.c:266  <0xeac3>V3-Send: 03:003F:001E:0x0503 -> 00:003F:001E:0x0202 0x0026, tLen 22 dLen 1
01-09 19:40:24.989	      downloader	[Debug]	         dji_downloader.c:476  Downloader data start send, session id = 4 task:1 type:20
01-09 19:40:24.989	      downloader	[Debug]	 dji_download_data_file.c:92   Download file object info, index = 0  drive = 0 type = 20 offset = 0 size = -1
01-09 19:40:24.992	          linker	[Debug]	        dji_protocol_v3.c:266  <0x6ac4>V3-Send: 03:003F:001E:0x0503 -> 00:003F:001E:0x0202 0x0027, tLen 931 dLen 910
01-09 19:40:24.992	      downloader	[Debug]	         dji_downloader.c:691  data downloader update info, seq:0 offset:0 dataLen:900 totalLen:2880 process:0
01-09 19:40:25.000	          linker	[Debug]	        dji_protocol_v3.c:266  <0x6ac5>V3-Send: 03:003F:001E:0x0503 -> 00:003F:001E:0x0202 0x0027, tLen 931 dLen 910
01-09 19:40:25.000	      downloader	[Debug]	         dji_downloader.c:691  data downloader update info, seq:1 offset:900 dataLen:900 totalLen:2880 process:31
01-09 19:40:25.009	          linker	[Debug]	        dji_protocol_v3.c:266  <0x6ac6>V3-Send: 03:003F:001E:0x0503 -> 00:003F:001E:0x0202 0x0027, tLen 931 dLen 910
01-09 19:40:25.009	      downloader	[Debug]	         dji_downloader.c:691  data downloader update info, seq:2 offset:1800 dataLen:900 totalLen:2880 process:62
01-09 19:40:25.018	          linker	[Debug]	        dji_protocol_v3.c:266  <0x6ac7>V3-Send: 03:003F:001E:0x0503 -> 00:003F:001E:0x0202 0x0027, tLen 211 dLen 190
01-09 19:40:25.018	      downloader	[Debug]	         dji_downloader.c:691  data downloader update info, seq:3 offset:2700 dataLen:180 totalLen:2880 process:93
01-09 19:40:25.018	      downloader	[Debug]	         dji_downloader.c:703  Downloader already send last package
01-09 19:40:25.029	          linker	[Debug]	        dji_protocol_v3.c:387  <0x4968>V3-Recv: 00:003F:001E:0x1204 -> 03:003F:001E:0x0503 0x4900, tLen 23 dLen 2
01-09 19:40:25.029	          linker	[Debug]	        dji_protocol_v3.c:506  0:0x1204 convert to 0092(0x1204)
01-09 19:40:25.029	          linker	[Debug]	        dji_protocol_v3.c:506  3:0x0503 convert to 0065(0x0503)
01-09 19:40:25.030	          linker	[Debug]	            dji_command.c:1128  <0x4968>Receive msg from linker, 0x1204(0x0092)->0x0503(0x0065) 0x4900 len:2
01-09 19:40:25.030	          linker	[Debug]	        dji_protocol_v3.c:266  <0x4968>V3-Send: 03:003F:001E:0x0503 -> 00:003F:001E:0x1204 0x4900, tLen 23 dLen 2
01-09 19:40:25.049	          linker	[Debug]	        dji_protocol_v3.c:387  <0x496c>V3-Recv: 00:003F:001E:0x1204 -> 03:003F:001E:0x0503 0x22AD, tLen 68 dLen 47
01-09 19:40:25.049	          linker	[Debug]	        dji_protocol_v3.c:506  0:0x1204 convert to 0092(0x1204)
01-09 19:40:25.049	          linker	[Debug]	        dji_protocol_v3.c:506  3:0x0503 convert to 0065(0x0503)
01-09 19:40:25.050	          linker	[Debug]	            dji_command.c:1128  <0x496c>Receive msg from linker, 0x1204(0x0092)->0x0503(0x0065) 0x22AD len:47
01-09 19:40:25.050	          linker	[Debug]	            dji_command.c:980  received unsupport request cmd that need ack, <0x496c> cmdset: 0x22 cmdid: 0xAD
01-09 19:40:25.052	          linker	[Debug]	        dji_protocol_v3.c:266  <0x6ac8>V3-Send: 03:003F:001E:0x0503 -> 00:003F:001E:0x0202 0x0027, tLen 35 dLen 14
01-09 19:40:25.067	          linker	[Debug]	        dji_protocol_v3.c:387  <0xea12>V3-Recv: 00:0001:0000:0x0202 -> 03:0000:0001:0x0503 0x3C20, tLen 22 dLen 1
01-09 19:40:25.067	          linker	[Debug]	        dji_protocol_v3.c:506  0:0x0202 convert to 0042(0x0202)
01-09 19:40:25.067	          linker	[Debug]	        dji_protocol_v3.c:506  3:0x0503 convert to 0065(0x0503)
01-09 19:40:25.067	          linker	[Debug]	        dji_protocol_v3.c:387  <0xeac8>V3-Recv: 00:0001:0000:0x0202 -> 03:0000:0001:0x0503 0x0026, tLen 35 dLen 14
01-09 19:40:25.067	          linker	[Debug]	        dji_protocol_v3.c:506  0:0x0202 convert to 0042(0x0202)
01-09 19:40:25.067	          linker	[Debug]	        dji_protocol_v3.c:506  3:0x0503 convert to 0065(0x0503)
01-09 19:40:25.067	          linker	[Debug]	        dji_protocol_v3.c:387  <0x2b10>V3-Recv: 00:003F:001E:0x0300 -> 03:003F:001E:0x0503 0x3C57, tLen 37 dLen 16
01-09 19:40:25.067	          linker	[Debug]	        dji_protocol_v3.c:506  0:0x0300 convert to 0003(0x0300)
01-09 19:40:25.067	          linker	[Debug]	        dji_protocol_v3.c:506  3:0x0503 convert to 0065(0x0503)
01-09 19:40:25.068	          linker	[Debug]	            dji_command.c:1128  <0xea12>Receive msg from linker, 0x0202(0x0042)->0x0503(0x0065) 0x3C20 len:1
01-09 19:40:25.068	          linker	[Debug]	            dji_command.c:980  received unsupport request cmd that need ack, <0xea12> cmdset: 0x3C cmdid: 0x20
01-09 19:40:25.069	          linker	[Debug]	            dji_command.c:1128  <0xeac8>Receive msg from linker, 0x0202(0x0042)->0x0503(0x0065) 0x0026 len:14
01-09 19:40:25.069	      downloader	[Debug]	         dji_downloader.c:355  Request, host = 0x42, receiver = 0x65, session = 4, taskId = 1, funcId = 4
01-09 19:40:25.069	          linker	[Debug]	        dji_protocol_v3.c:266  <0xeac8>V3-Send: 03:003F:001E:0x0503 -> 00:003F:001E:0x0202 0x0026, tLen 22 dLen 1
01-09 19:40:25.070	      downloader	[Debug]	         dji_downloader.c:550  Downloader data end send
01-09 19:40:25.070	          linker	[Debug]	            dji_command.c:1128  <0x2b10>Receive msg from linker, 0x0300(0x0003)->0x0503(0x0065) 0x3C57 len:16
01-09 19:40:25.070	          linker	[Debug]	            dji_command.c:980  received unsupport request cmd that noneed ack, <0x2b10> cmdset: 0x3C cmdid: 0x57
01-09 19:40:25.118	          linker	[Debug]	        dji_protocol_v3.c:266  <0x6ac9>V3-Send: 03:003F:001E:0x0503 -> 00:003F:001E:0x0200 0x3C1F, tLen 58 dLen 37
01-09 19:40:25.129	          linker	[Debug]	        dji_protocol_v3.c:387  <0x4978>V3-Recv: 00:003F:001E:0x1204 -> 03:003F:001E:0x0503 0x4900, tLen 23 dLen 2
01-09 19:40:25.129	          linker	[Debug]	        dji_protocol_v3.c:506  0:0x1204 convert to 0092(0x1204)
01-09 19:40:25.129	          linker	[Debug]	        dji_protocol_v3.c:506  3:0x0503 convert to 0065(0x0503)
01-09 19:40:25.129	          linker	[Debug]	            dji_command.c:1128  <0x4978>Receive msg from linker, 0x1204(0x0092)->0x0503(0x0065) 0x4900 len:2
01-09 19:40:25.129	          linker	[Debug]	        dji_protocol_v3.c:266  <0x4978>V3-Send: 03:003F:001E:0x0503 -> 00:003F:001E:0x1204 0x4900, tLen 23 dLen 2
01-09 19:40:25.130	          linker	[Debug]	        dji_protocol_v1.c:189  <0x6aca>V1-Send: 0x0503->0x1007 0x198B
01-09 19:40:25.130	          linker	[Debug]	        dji_protocol_v3.c:266  <0x6acb>V3-Send: 03:003F:001E:0x0503 -> 00:003F:001E:0x0200 0x3C10, tLen 85 dLen 64
01-09 19:40:25.130	          linker	[Debug]	        dji_protocol_v3.c:266  <0x6acc>V3-Send: 03:003F:001E:0x0503 -> 00:003F:001E:0x0300 0x3C10, tLen 85 dLen 64
01-09 19:40:25.130	          linker	[Debug]	        dji_protocol_v3.c:266  <0x6acd>V3-Send: 03:003F:001E:0x0503 -> 00:003F:001E:0x1104 0x3C10, tLen 85 dLen 64
01-09 19:40:25.130	          linker	[Debug]	        dji_protocol_v3.c:266  <0x6ace>V3-Send: 03:003F:001E:0x0503 -> 00:003F:001E:0x0701 0x3C10, tLen 85 dLen 64
01-09 19:40:25.130	          linker	[Debug]	        dji_protocol_v3.c:266  <0x6acf>V3-Send: 03:003F:001E:0x0503 -> 00:003F:001E:0x1100 0x3C10, tLen 85 dLen 64
01-09 19:40:25.149	          linker	[Debug]	        dji_protocol_v3.c:387  <0x497c>V3-Recv: 00:003F:001E:0x1204 -> 03:003F:001E:0x0503 0x22AD, tLen 68 dLen 47
01-09 19:40:25.149	          linker	[Debug]	        dji_protocol_v3.c:506  0:0x1204 convert to 0092(0x1204)
01-09 19:40:25.149	          linker	[Debug]	        dji_protocol_v3.c:506  3:0x0503 convert to 0065(0x0503)
01-09 19:40:25.149	          linker	[Debug]	            dji_command.c:1128  <0x497c>Receive msg from linker, 0x1204(0x0092)->0x0503(0x0065) 0x22AD len:47
01-09 19:40:25.150	          linker	[Debug]	            dji_command.c:980  received unsupport request cmd that need ack, <0x497c> cmdset: 0x22 cmdid: 0xAD
01-09 19:40:25.200	          linker	[Debug]	        dji_protocol_v3.c:266  <0x6ad0>V3-Send: 03:003F:001E:0x0503 -> 00:003F:001E:0x0200 0x3C1B, tLen 77 dLen 56
01-09 19:40:25.229	          linker	[Debug]	        dji_protocol_v3.c:387  <0x4988>V3-Recv: 00:003F:001E:0x1204 -> 03:003F:001E:0x0503 0x4900, tLen 23 dLen 2
01-09 19:40:25.229	          linker	[Debug]	        dji_protocol_v3.c:506  0:0x1204 convert to 0092(0x1204)
01-09 19:40:25.229	          linker	[Debug]	        dji_protocol_v3.c:506  3:0x0503 convert to 0065(0x0503)
01-09 19:40:25.230	          linker	[Debug]	            dji_command.c:1128  <0x4988>Receive msg from linker, 0x1204(0x0092)->0x0503(0x0065) 0x4900 len:2
01-09 19:40:25.230	          linker	[Debug]	        dji_protocol_v3.c:266  <0x4988>V3-Send: 03:003F:001E:0x0503 -> 00:003F:001E:0x1204 0x4900, tLen 23 dLen 2
01-09 19:40:25.249	          linker	[Debug]	        dji_protocol_v3.c:387  <0x498c>V3-Recv: 00:003F:001E:0x1204 -> 03:003F:001E:0x0503 0x22AD, tLen 68 dLen 47
01-09 19:40:25.249	          linker	[Debug]	        dji_protocol_v3.c:506  0:0x1204 convert to 0092(0x1204)
01-09 19:40:25.249	          linker	[Debug]	        dji_protocol_v3.c:506  3:0x0503 convert to 0065(0x0503)
01-09 19:40:25.250	          linker	[Debug]	            dji_command.c:1128  <0x498c>Receive msg from linker, 0x1204(0x0092)->0x0503(0x0065) 0x22AD len:47
01-09 19:40:25.250	          linker	[Debug]	            dji_command.c:980  received unsupport request cmd that need ack, <0x498c> cmdset: 0x22 cmdid: 0xAD
01-09 19:40:25.267	          linker	[Debug]	        dji_protocol_v3.c:387  <0x2c73>V3-Recv: 00:003F:001E:0x0300 -> 03:003F:001E:0x0503 0x3C57, tLen 37 dLen 16
01-09 19:40:25.267	          linker	[Debug]	        dji_protocol_v3.c:506  0:0x0300 convert to 0003(0x0300)
01-09 19:40:25.267	          linker	[Debug]	        dji_protocol_v3.c:506  3:0x0503 convert to 0065(0x0503)
01-09 19:40:25.267	          linker	[Debug]	            dji_command.c:1128  <0x2c73>Receive msg from linker, 0x0300(0x0003)->0x0503(0x0065) 0x3C57 len:16
01-09 19:40:25.267	          linker	[Debug]	            dji_command.c:980  received unsupport request cmd that noneed ack, <0x2c73> cmdset: 0x3C cmdid: 0x57
01-09 19:40:25.318	          linker	[Debug]	        dji_protocol_v3.c:266  <0x6ad1>V3-Send: 03:003F:001E:0x0503 -> 00:003F:001E:0x0200 0x3C1F, tLen 58 dLen 37
01-09 19:40:25.328	           utils	[Debug]	          dji_root_task.c:131  work execution time:
01-09 19:40:25.328	           utils	[Debug]	          dji_root_task.c:132  name	                execution time (ms)	  max execution time (ms)
01-09 19:40:25.328	           utils	[Debug]	          dji_root_task.c:134  recorderWork                    	0       	1       
01-09 19:40:25.328	           utils	[Debug]	          dji_root_task.c:134  flowControllerTask              	0       	1       
01-09 19:40:25.328	           utils	[Debug]	          dji_root_task.c:134  commandTask                     	1       	1       
01-09 19:40:25.328	           utils	[Debug]	          dji_root_task.c:134  aircraftWorkNode                	1       	1       
01-09 19:40:25.328	           utils	[Debug]	          dji_root_task.c:134  dataBuriedPointTask             	0       	0       
01-09 19:40:25.328	           utils	[Debug]	          dji_root_task.c:134  StatePushWork                   	1       	1       
01-09 19:40:25.328	           utils	[Debug]	          dji_root_task.c:134  WidgetWork                      	1       	2       
01-09 19:40:25.328	           utils	[Debug]	          dji_root_task.c:134  hmsTask                         	0       	0       
01-09 19:40:25.329	          linker	[Debug]	        dji_protocol_v3.c:387  <0x4998>V3-Recv: 00:003F:001E:0x1204 -> 03:003F:001E:0x0503 0x4900, tLen 23 dLen 2
01-09 19:40:25.329	          linker	[Debug]	        dji_protocol_v3.c:506  0:0x1204 convert to 0092(0x1204)
01-09 19:40:25.329	          linker	[Debug]	        dji_protocol_v3.c:506  3:0x0503 convert to 0065(0x0503)
01-09 19:40:25.330	          linker	[Debug]	            dji_command.c:1128  <0x4998>Receive msg from linker, 0x1204(0x0092)->0x0503(0x0065) 0x4900 len:2
01-09 19:40:25.330	          linker	[Debug]	        dji_protocol_v3.c:266  <0x4998>V3-Send: 03:003F:001E:0x0503 -> 00:003F:001E:0x1204 0x4900, tLen 23 dLen 2
01-09 19:40:25.335	          linker	[Debug]	        dji_protocol_v1.c:309  <0x2039>V1-Recv: 0x0A06->0x0503 0x0866
01-09 19:40:25.336	          linker	[Debug]	            dji_command.c:1128  <0x2039>Receive msg from linker, 0x0A06(0x00CA)->0x0503(0x0065) 0x0866 len:102
01-09 19:40:25.336	          linker	[Debug]	            dji_command.c:980  received unsupport request cmd that noneed ack, <0x2039> cmdset: 0x08 cmdid: 0x66
01-09 19:40:25.347	          linker	[Debug]	        dji_protocol_v1.c:189  <0x6ad2>V1-Send: 0x0503->0x1007 0x198B
01-09 19:40:25.347	          linker	[Debug]	        dji_protocol_v3.c:266  <0x6ad3>V3-Send: 03:003F:001E:0x0503 -> 00:003F:001E:0x0200 0x3C10, tLen 85 dLen 64
01-09 19:40:25.347	          linker	[Debug]	        dji_protocol_v3.c:266  <0x6ad4>V3-Send: 03:003F:001E:0x0503 -> 00:003F:001E:0x0300 0x3C10, tLen 85 dLen 64
01-09 19:40:25.347	          linker	[Debug]	        dji_protocol_v3.c:266  <0x6ad5>V3-Send: 03:003F:001E:0x0503 -> 00:003F:001E:0x1104 0x3C10, tLen 85 dLen 64
01-09 19:40:25.347	          linker	[Debug]	        dji_protocol_v3.c:266  <0x6ad6>V3-Send: 03:003F:001E:0x0503 -> 00:003F:001E:0x0701 0x3C10, tLen 85 dLen 64
01-09 19:40:25.347	          linker	[Debug]	        dji_protocol_v3.c:266  <0x6ad7>V3-Send: 03:003F:001E:0x0503 -> 00:003F:001E:0x1100 0x3C10, tLen 85 dLen 64
01-09 19:40:25.349	          linker	[Debug]	        dji_protocol_v3.c:387  <0x499c>V3-Recv: 00:003F:001E:0x1204 -> 03:003F:001E:0x0503 0x22AD, tLen 68 dLen 47
01-09 19:40:25.349	          linker	[Debug]	        dji_protocol_v3.c:506  0:0x1204 convert to 0092(0x1204)
01-09 19:40:25.349	          linker	[Debug]	        dji_protocol_v3.c:506  3:0x0503 convert to 0065(0x0503)
01-09 19:40:25.350	          linker	[Debug]	            dji_command.c:1128  <0x499c>Receive msg from linker, 0x1204(0x0092)->0x0503(0x0065) 0x22AD len:47
01-09 19:40:25.350	          linker	[Debug]	            dji_command.c:980  received unsupport request cmd that need ack, <0x499c> cmdset: 0x22 cmdid: 0xAD
01-09 19:40:25.417	          linker	[Debug]	        dji_protocol_v3.c:266  <0x6ad8>V3-Send: 03:003F:001E:0x0503 -> 00:003F:001E:0x0200 0x3C1B, tLen 77 dLen 56
01-09 19:40:25.429	          linker	[Debug]	        dji_protocol_v3.c:387  <0x49a8>V3-Recv: 00:003F:001E:0x1204 -> 03:003F:001E:0x0503 0x4900, tLen 23 dLen 2
01-09 19:40:25.429	          linker	[Debug]	        dji_protocol_v3.c:506  0:0x1204 convert to 0092(0x1204)
01-09 19:40:25.429	          linker	[Debug]	        dji_protocol_v3.c:506  3:0x0503 convert to 0065(0x0503)
01-09 19:40:25.430	          linker	[Debug]	            dji_command.c:1128  <0x49a8>Receive msg from linker, 0x1204(0x0092)->0x0503(0x0065) 0x4900 len:2
01-09 19:40:25.430	          linker	[Debug]	        dji_protocol_v3.c:266  <0x49a8>V3-Send: 03:003F:001E:0x0503 -> 00:003F:001E:0x1204 0x4900, tLen 23 dLen 2
01-09 19:40:25.449	          linker	[Debug]	        dji_protocol_v3.c:387  <0x49ac>V3-Recv: 00:003F:001E:0x1204 -> 03:003F:001E:0x0503 0x22AD, tLen 68 dLen 47
01-09 19:40:25.449	          linker	[Debug]	        dji_protocol_v3.c:506  0:0x1204 convert to 0092(0x1204)
01-09 19:40:25.449	          linker	[Debug]	        dji_protocol_v3.c:506  3:0x0503 convert to 0065(0x0503)
01-09 19:40:25.450	          linker	[Debug]	            dji_command.c:1128  <0x49ac>Receive msg from linker, 0x1204(0x0092)->0x0503(0x0065) 0x22AD len:47
01-09 19:40:25.450	          linker	[Debug]	            dji_command.c:980  received unsupport request cmd that need ack, <0x49ac> cmdset: 0x22 cmdid: 0xAD
01-09 19:40:25.467	          linker	[Debug]	        dji_protocol_v3.c:387  <0x2df5>V3-Recv: 00:003F:001E:0x0300 -> 03:003F:001E:0x0503 0x3C57, tLen 37 dLen 16
01-09 19:40:25.467	          linker	[Debug]	        dji_protocol_v3.c:506  0:0x0300 convert to 0003(0x0300)
01-09 19:40:25.467	          linker	[Debug]	        dji_protocol_v3.c:506  3:0x0503 convert to 0065(0x0503)
01-09 19:40:25.468	          linker	[Debug]	            dji_command.c:1128  <0x2df5>Receive msg from linker, 0x0300(0x0003)->0x0503(0x0065) 0x3C57 len:16
01-09 19:40:25.468	          linker	[Debug]	            dji_command.c:980  received unsupport request cmd that noneed ack, <0x2df5> cmdset: 0x3C cmdid: 0x57
01-09 19:40:25.519	          linker	[Debug]	        dji_protocol_v3.c:266  <0x6ad9>V3-Send: 03:003F:001E:0x0503 -> 00:003F:001E:0x0200 0x3C1F, tLen 58 dLen 37
01-09 19:40:25.529	          linker	[Debug]	        dji_protocol_v3.c:387  <0x49b8>V3-Recv: 00:003F:001E:0x1204 -> 03:003F:001E:0x0503 0x4900, tLen 23 dLen 2
01-09 19:40:25.529	          linker	[Debug]	        dji_protocol_v3.c:506  0:0x1204 convert to 0092(0x1204)
01-09 19:40:25.529	          linker	[Debug]	        dji_protocol_v3.c:506  3:0x0503 convert to 0065(0x0503)
01-09 19:40:25.530	          linker	[Debug]	            dji_command.c:1128  <0x49b8>Receive msg from linker, 0x1204(0x0092)->0x0503(0x0065) 0x4900 len:2
01-09 19:40:25.530	          linker	[Debug]	        dji_protocol_v3.c:266  <0x49b8>V3-Send: 03:003F:001E:0x0503 -> 00:003F:001E:0x1204 0x4900, tLen 23 dLen 2
01-09 19:40:25.549	          linker	[Debug]	        dji_protocol_v3.c:387  <0xeab8>V3-Recv: 00:0001:0000:0x0202 -> 03:0000:0001:0x0503 0x3C68, tLen 23 dLen 2
01-09 19:40:25.549	          linker	[Debug]	        dji_protocol_v3.c:506  0:0x0202 convert to 0042(0x0202)
01-09 19:40:25.549	          linker	[Debug]	        dji_protocol_v3.c:506  3:0x0503 convert to 0065(0x0503)
01-09 19:40:25.550	          linker	[Debug]	            dji_command.c:1128  <0xeab8>Receive msg from linker, 0x0202(0x0042)->0x0503(0x0065) 0x3C68 len:2
01-09 19:40:25.550	          linker	[Debug]	            dji_command.c:980  received unsupport request cmd that need ack, <0xeab8> cmdset: 0x3C cmdid: 0x68
01-09 19:40:25.562	          linker	[Debug]	        dji_protocol_v1.c:189  <0x6ada>V1-Send: 0x0503->0x1007 0x198B
01-09 19:40:25.563	          linker	[Debug]	        dji_protocol_v3.c:266  <0x6adb>V3-Send: 03:003F:001E:0x0503 -> 00:003F:001E:0x0200 0x3C10, tLen 85 dLen 64
01-09 19:40:25.563	          linker	[Debug]	        dji_protocol_v3.c:266  <0x6adc>V3-Send: 03:003F:001E:0x0503 -> 00:003F:001E:0x0300 0x3C10, tLen 85 dLen 64
01-09 19:40:25.563	          linker	[Debug]	        dji_protocol_v3.c:266  <0x6add>V3-Send: 03:003F:001E:0x0503 -> 00:003F:001E:0x1104 0x3C10, tLen 85 dLen 64
01-09 19:40:25.563	          linker	[Debug]	        dji_protocol_v3.c:266  <0x6ade>V3-Send: 03:003F:001E:0x0503 -> 00:003F:001E:0x0701 0x3C10, tLen 85 dLen 64
01-09 19:40:25.564	          linker	[Debug]	        dji_protocol_v3.c:266  <0x6adf>V3-Send: 03:003F:001E:0x0503 -> 00:003F:001E:0x1100 0x3C10, tLen 85 dLen 64
01-09 19:40:25.568	          linker	[Debug]	        dji_protocol_v3.c:387  <0x49bc>V3-Recv: 00:003F:001E:0x1204 -> 03:003F:001E:0x0503 0x22AD, tLen 68 dLen 47
01-09 19:40:25.568	          linker	[Debug]	        dji_protocol_v3.c:506  0:0x1204 convert to 0092(0x1204)
01-09 19:40:25.568	          linker	[Debug]	        dji_protocol_v3.c:506  3:0x0503 convert to 0065(0x0503)
01-09 19:40:25.569	          linker	[Debug]	            dji_command.c:1128  <0x49bc>Receive msg from linker, 0x1204(0x0092)->0x0503(0x0065) 0x22AD len:47
01-09 19:40:25.569	          linker	[Debug]	            dji_command.c:980  received unsupport request cmd that need ack, <0x49bc> cmdset: 0x22 cmdid: 0xAD
01-09 19:40:25.629	          linker	[Debug]	        dji_protocol_v3.c:387  <0x49c8>V3-Recv: 00:003F:001E:0x1204 -> 03:003F:001E:0x0503 0x4900, tLen 23 dLen 2
01-09 19:40:25.629	          linker	[Debug]	        dji_protocol_v3.c:506  0:0x1204 convert to 0092(0x1204)
01-09 19:40:25.629	          linker	[Debug]	        dji_protocol_v3.c:506  3:0x0503 convert to 0065(0x0503)
01-09 19:40:25.630	          linker	[Debug]	            dji_command.c:1128  <0x49c8>Receive msg from linker, 0x1204(0x0092)->0x0503(0x0065) 0x4900 len:2
01-09 19:40:25.630	          linker	[Debug]	        dji_protocol_v3.c:266  <0x49c8>V3-Send: 03:003F:001E:0x0503 -> 00:003F:001E:0x1204 0x4900, tLen 23 dLen 2
01-09 19:40:25.633	          linker	[Debug]	        dji_protocol_v3.c:266  <0x6ae0>V3-Send: 03:003F:001E:0x0503 -> 00:003F:001E:0x0200 0x3C1B, tLen 77 dLen 56
01-09 19:40:25.649	          linker	[Debug]	        dji_protocol_v3.c:387  <0x49cc>V3-Recv: 00:003F:001E:0x1204 -> 03:003F:001E:0x0503 0x22AD, tLen 68 dLen 47
01-09 19:40:25.649	          linker	[Debug]	        dji_protocol_v3.c:506  0:0x1204 convert to 0092(0x1204)
01-09 19:40:25.649	          linker	[Debug]	        dji_protocol_v3.c:506  3:0x0503 convert to 0065(0x0503)
01-09 19:40:25.649	          linker	[Debug]	            dji_command.c:1128  <0x49cc>Receive msg from linker, 0x1204(0x0092)->0x0503(0x0065) 0x22AD len:47
01-09 19:40:25.649	          linker	[Debug]	            dji_command.c:980  received unsupport request cmd that need ack, <0x49cc> cmdset: 0x22 cmdid: 0xAD
01-09 19:40:25.667	          linker	[Debug]	        dji_protocol_v3.c:387  <0x2f6d>V3-Recv: 00:003F:001E:0x0300 -> 03:003F:001E:0x0503 0x3C57, tLen 37 dLen 16
01-09 19:40:25.667	          linker	[Debug]	        dji_protocol_v3.c:506  0:0x0300 convert to 0003(0x0300)
01-09 19:40:25.667	          linker	[Debug]	        dji_protocol_v3.c:506  3:0x0503 convert to 0065(0x0503)
01-09 19:40:25.668	          linker	[Debug]	            dji_command.c:1128  <0x2f6d>Receive msg from linker, 0x0300(0x0003)->0x0503(0x0065) 0x3C57 len:16
01-09 19:40:25.668	          linker	[Debug]	            dji_command.c:980  received unsupport request cmd that noneed ack, <0x2f6d> cmdset: 0x3C cmdid: 0x57
01-09 19:40:25.682	          linker	[Debug]	        dji_protocol_v3.c:387  <0xeb23>V3-Recv: 00:0001:0000:0x0202 -> 03:0000:0001:0x0503 0x3C1C, tLen 28 dLen 7
01-09 19:40:25.683	          linker	[Debug]	        dji_protocol_v3.c:506  0:0x0202 convert to 0042(0x0202)
01-09 19:40:25.683	          linker	[Debug]	        dji_protocol_v3.c:506  3:0x0503 convert to 0065(0x0503)
01-09 19:40:25.683	          linker	[Debug]	            dji_command.c:1128  <0xeb23>Receive msg from linker, 0x0202(0x0042)->0x0503(0x0065) 0x3C1C len:7
01-09 19:40:25.702	          linker	[Debug]	        dji_protocol_v3.c:387  <0xeb24>V3-Recv: 00:0001:0000:0x0202 -> 03:0000:0001:0x0503 0x3C25, tLen 23 dLen 2
01-09 19:40:25.702	          linker	[Debug]	        dji_protocol_v3.c:506  0:0x0202 convert to 0042(0x0202)
01-09 19:40:25.702	          linker	[Debug]	        dji_protocol_v3.c:506  3:0x0503 convert to 0065(0x0503)
01-09 19:40:25.702	          linker	[Debug]	            dji_command.c:1128  <0xeb24>Receive msg from linker, 0x0202(0x0042)->0x0503(0x0065) 0x3C25 len:2
01-09 19:40:25.702	          linker	[Debug]	            dji_command.c:980  received unsupport request cmd that need ack, <0xeb24> cmdset: 0x3C cmdid: 0x25
01-09 19:40:25.719	          linker	[Debug]	        dji_protocol_v3.c:266  <0x6ae1>V3-Send: 03:003F:001E:0x0503 -> 00:003F:001E:0x0200 0x3C1F, tLen 58 dLen 37
01-09 19:40:25.729	          linker	[Debug]	        dji_protocol_v3.c:387  <0x49d8>V3-Recv: 00:003F:001E:0x1204 -> 03:003F:001E:0x0503 0x4900, tLen 23 dLen 2
01-09 19:40:25.729	          linker	[Debug]	        dji_protocol_v3.c:506  0:0x1204 convert to 0092(0x1204)
01-09 19:40:25.729	          linker	[Debug]	        dji_protocol_v3.c:506  3:0x0503 convert to 0065(0x0503)
01-09 19:40:25.730	          linker	[Debug]	            dji_command.c:1128  <0x49d8>Receive msg from linker, 0x1204(0x0092)->0x0503(0x0065) 0x4900 len:2
01-09 19:40:25.730	          linker	[Debug]	        dji_protocol_v3.c:266  <0x49d8>V3-Send: 03:003F:001E:0x0503 -> 00:003F:001E:0x1204 0x4900, tLen 23 dLen 2
01-09 19:40:25.749	          linker	[Debug]	        dji_protocol_v3.c:387  <0x49dc>V3-Recv: 00:003F:001E:0x1204 -> 03:003F:001E:0x0503 0x22AD, tLen 68 dLen 47
01-09 19:40:25.749	          linker	[Debug]	        dji_protocol_v3.c:506  0:0x1204 convert to 0092(0x1204)
01-09 19:40:25.749	          linker	[Debug]	        dji_protocol_v3.c:506  3:0x0503 convert to 0065(0x0503)
01-09 19:40:25.750	          linker	[Debug]	            dji_command.c:1128  <0x49dc>Receive msg from linker, 0x1204(0x0092)->0x0503(0x0065) 0x22AD len:47
01-09 19:40:25.750	          linker	[Debug]	            dji_command.c:980  received unsupport request cmd that need ack, <0x49dc> cmdset: 0x22 cmdid: 0xAD
01-09 19:40:25.779	          linker	[Debug]	        dji_protocol_v1.c:189  <0x6ae2>V1-Send: 0x0503->0x1007 0x198B
01-09 19:40:25.779	          linker	[Debug]	        dji_protocol_v3.c:266  <0x6ae3>V3-Send: 03:003F:001E:0x0503 -> 00:003F:001E:0x0200 0x3C10, tLen 85 dLen 64
01-09 19:40:25.779	          linker	[Debug]	        dji_protocol_v3.c:266  <0x6ae4>V3-Send: 03:003F:001E:0x0503 -> 00:003F:001E:0x0300 0x3C10, tLen 85 dLen 64
01-09 19:40:25.779	          linker	[Debug]	        dji_protocol_v3.c:266  <0x6ae5>V3-Send: 03:003F:001E:0x0503 -> 00:003F:001E:0x1104 0x3C10, tLen 85 dLen 64
01-09 19:40:25.779	          linker	[Debug]	        dji_protocol_v3.c:266  <0x6ae6>V3-Send: 03:003F:001E:0x0503 -> 00:003F:001E:0x0701 0x3C10, tLen 85 dLen 64
01-09 19:40:25.780	          linker	[Debug]	        dji_protocol_v3.c:266  <0x6ae7>V3-Send: 03:003F:001E:0x0503 -> 00:003F:001E:0x1100 0x3C10, tLen 85 dLen 64
01-09 19:40:25.829	          linker	[Debug]	        dji_protocol_v3.c:387  <0x49e8>V3-Recv: 00:003F:001E:0x1204 -> 03:003F:001E:0x0503 0x4900, tLen 23 dLen 2
01-09 19:40:25.829	          linker	[Debug]	        dji_protocol_v3.c:506  0:0x1204 convert to 0092(0x1204)
01-09 19:40:25.829	          linker	[Debug]	        dji_protocol_v3.c:506  3:0x0503 convert to 0065(0x0503)
01-09 19:40:25.830	          linker	[Debug]	            dji_command.c:1128  <0x49e8>Receive msg from linker, 0x1204(0x0092)->0x0503(0x0065) 0x4900 len:2
01-09 19:40:25.830	          linker	[Debug]	        dji_protocol_v3.c:266  <0x49e8>V3-Send: 03:003F:001E:0x0503 -> 00:003F:001E:0x1204 0x4900, tLen 23 dLen 2
01-09 19:40:25.835	          linker	[Debug]	        dji_protocol_v1.c:309  <0x2039>V1-Recv: 0x0A06->0x0503 0x0866
01-09 19:40:25.836	          linker	[Debug]	            dji_command.c:1128  <0x2039>Receive msg from linker, 0x0A06(0x00CA)->0x0503(0x0065) 0x0866 len:102
01-09 19:40:25.836	          linker	[Debug]	            dji_command.c:980  received unsupport request cmd that noneed ack, <0x2039> cmdset: 0x08 cmdid: 0x66
01-09 19:40:25.849	          linker	[Debug]	        dji_protocol_v3.c:387  <0x49ec>V3-Recv: 00:003F:001E:0x1204 -> 03:003F:001E:0x0503 0x22AD, tLen 68 dLen 47
01-09 19:40:25.849	          linker	[Debug]	        dji_protocol_v3.c:506  0:0x1204 convert to 0092(0x1204)
01-09 19:40:25.849	          linker	[Debug]	        dji_protocol_v3.c:506  3:0x0503 convert to 0065(0x0503)
01-09 19:40:25.850	          linker	[Debug]	            dji_command.c:1128  <0x49ec>Receive msg from linker, 0x1204(0x0092)->0x0503(0x0065) 0x22AD len:47
01-09 19:40:25.850	          linker	[Debug]	            dji_command.c:980  received unsupport request cmd that need ack, <0x49ec> cmdset: 0x22 cmdid: 0xAD
01-09 19:40:25.850	          linker	[Debug]	        dji_protocol_v3.c:266  <0x6ae8>V3-Send: 03:003F:001E:0x0503 -> 00:003F:001E:0x0200 0x3C1B, tLen 77 dLen 56
01-09 19:40:25.867	          linker	[Debug]	        dji_protocol_v3.c:387  <0x30c9>V3-Recv: 00:003F:001E:0x0300 -> 03:003F:001E:0x0503 0x3C57, tLen 37 dLen 16
01-09 19:40:25.867	          linker	[Debug]	        dji_protocol_v3.c:506  0:0x0300 convert to 0003(0x0300)
01-09 19:40:25.867	          linker	[Debug]	        dji_protocol_v3.c:506  3:0x0503 convert to 0065(0x0503)
01-09 19:40:25.867	          linker	[Debug]	            dji_command.c:1128  <0x30c9>Receive msg from linker, 0x0300(0x0003)->0x0503(0x0065) 0x3C57 len:16
01-09 19:40:25.867	          linker	[Debug]	            dji_command.c:980  received unsupport request cmd that noneed ack, <0x30c9> cmdset: 0x3C cmdid: 0x57
01-09 19:40:25.867	          linker	[Debug]	        dji_protocol_v3.c:266  <0x6ae9>V3-Send: 03:003F:001E:0x0503 -> 00:003F:001E:0x0801 0x0000, tLen 21 dLen 0
01-09 19:40:25.867	           infor	[Debug]	dji_aircraft_connection.c:170  check connect status:1
01-09 19:40:25.883	          linker	[Debug]	        dji_protocol_v3.c:387  <0x6ae9>V3-Recv: 00:003F:001E:0x0801 -> 03:003F:001E:0x0503 0x0000, tLen 22 dLen 1
01-09 19:40:25.883	          linker	[Debug]	        dji_protocol_v3.c:506  0:0x0801 convert to 0028(0x0801)
01-09 19:40:25.883	          linker	[Debug]	        dji_protocol_v3.c:506  3:0x0503 convert to 0065(0x0503)
01-09 19:40:25.883	          linker	[Debug]	            dji_command.c:1128  <0x6ae9>Receive msg from linker, 0x0801(0x0028)->0x0503(0x0065) 0x0000 len:1
01-09 19:40:25.883	           infor	[Debug]	dji_aircraft_connection.c:303  connect status async sucess
01-09 19:40:25.883	          linker	[Debug]	            dji_command.c:890  callback function (cmdset: 0x00 cmdid: 0x00) deal time: 0 ms
01-09 19:40:25.919	          linker	[Debug]	        dji_protocol_v3.c:266  <0x6aea>V3-Send: 03:003F:001E:0x0503 -> 00:003F:001E:0x0200 0x3C1F, tLen 58 dLen 37
01-09 19:40:25.929	          linker	[Debug]	        dji_protocol_v3.c:387  <0x49f8>V3-Recv: 00:003F:001E:0x1204 -> 03:003F:001E:0x0503 0x4900, tLen 23 dLen 2
01-09 19:40:25.929	          linker	[Debug]	        dji_protocol_v3.c:506  0:0x1204 convert to 0092(0x1204)
01-09 19:40:25.929	          linker	[Debug]	        dji_protocol_v3.c:506  3:0x0503 convert to 0065(0x0503)
01-09 19:40:25.930	          linker	[Debug]	            dji_command.c:1128  <0x49f8>Receive msg from linker, 0x1204(0x0092)->0x0503(0x0065) 0x4900 len:2
01-09 19:40:25.930	          linker	[Debug]	        dji_protocol_v3.c:266  <0x49f8>V3-Send: 03:003F:001E:0x0503 -> 00:003F:001E:0x1204 0x4900, tLen 23 dLen 2
01-09 19:40:25.949	          linker	[Debug]	        dji_protocol_v3.c:387  <0x49fc>V3-Recv: 00:003F:001E:0x1204 -> 03:003F:001E:0x0503 0x22AD, tLen 68 dLen 47
01-09 19:40:25.949	          linker	[Debug]	        dji_protocol_v3.c:506  0:0x1204 convert to 0092(0x1204)
01-09 19:40:25.949	          linker	[Debug]	        dji_protocol_v3.c:506  3:0x0503 convert to 0065(0x0503)
01-09 19:40:25.950	          linker	[Debug]	            dji_command.c:1128  <0x49fc>Receive msg from linker, 0x1204(0x0092)->0x0503(0x0065) 0x22AD len:47
01-09 19:40:25.950	          linker	[Debug]	            dji_command.c:980  received unsupport request cmd that need ack, <0x49fc> cmdset: 0x22 cmdid: 0xAD
01-09 19:40:25.995	          linker	[Debug]	        dji_protocol_v1.c:189  <0x6aeb>V1-Send: 0x0503->0x1007 0x198B
01-09 19:40:25.995	          linker	[Debug]	        dji_protocol_v3.c:266  <0x6aec>V3-Send: 03:003F:001E:0x0503 -> 00:003F:001E:0x0200 0x3C10, tLen 85 dLen 64
01-09 19:40:25.995	          linker	[Debug]	        dji_protocol_v3.c:266  <0x6aed>V3-Send: 03:003F:001E:0x0503 -> 00:003F:001E:0x0300 0x3C10, tLen 85 dLen 64
01-09 19:40:25.995	          linker	[Debug]	        dji_protocol_v3.c:266  <0x6aee>V3-Send: 03:003F:001E:0x0503 -> 00:003F:001E:0x1104 0x3C10, tLen 85 dLen 64
01-09 19:40:25.995	          linker	[Debug]	        dji_protocol_v3.c:266  <0x6aef>V3-Send: 03:003F:001E:0x0503 -> 00:003F:001E:0x0701 0x3C10, tLen 85 dLen 64
01-09 19:40:25.995	          linker	[Debug]	        dji_protocol_v3.c:266  <0x6af0>V3-Send: 03:003F:001E:0x0503 -> 00:003F:001E:0x1100 0x3C10, tLen 85 dLen 64
01-09 19:40:26.009	          linker	[Debug]	        dji_protocol_v3.c:387  <0x4a06>V3-Recv: 00:003F:001E:0x1204 -> 03:003F:001E:0x0503 0x0000, tLen 22 dLen 1
01-09 19:40:26.009	          linker	[Debug]	        dji_protocol_v3.c:506  0:0x1204 convert to 0092(0x1204)
01-09 19:40:26.009	          linker	[Debug]	        dji_protocol_v3.c:506  3:0x0503 convert to 0065(0x0503)
01-09 19:40:26.009	          linker	[Debug]	            dji_command.c:1128  <0x4a06>Receive msg from linker, 0x1204(0x0092)->0x0503(0x0065) 0x0000 len:1
01-09 19:40:26.009	          linker	[Debug]	        dji_protocol_v3.c:266  <0x4a06>V3-Send: 03:003F:001E:0x0503 -> 00:003F:001E:0x1204 0x0000, tLen 22 dLen 1
01-09 19:40:26.029	          linker	[Debug]	        dji_protocol_v3.c:387  <0x4a0a>V3-Recv: 00:003F:001E:0x1204 -> 03:003F:001E:0x0503 0x4900, tLen 23 dLen 2
01-09 19:40:26.029	          linker	[Debug]	        dji_protocol_v3.c:506  0:0x1204 convert to 0092(0x1204)
01-09 19:40:26.029	          linker	[Debug]	        dji_protocol_v3.c:506  3:0x0503 convert to 0065(0x0503)
01-09 19:40:26.030	          linker	[Debug]	            dji_command.c:1128  <0x4a0a>Receive msg from linker, 0x1204(0x0092)->0x0503(0x0065) 0x4900 len:2
01-09 19:40:26.030	          linker	[Debug]	        dji_protocol_v3.c:266  <0x4a0a>V3-Send: 03:003F:001E:0x0503 -> 00:003F:001E:0x1204 0x4900, tLen 23 dLen 2
01-09 19:40:26.049	          linker	[Debug]	        dji_protocol_v3.c:387  <0x4a0e>V3-Recv: 00:003F:001E:0x1204 -> 03:003F:001E:0x0503 0x22AD, tLen 68 dLen 47
01-09 19:40:26.049	          linker	[Debug]	        dji_protocol_v3.c:506  0:0x1204 convert to 0092(0x1204)
01-09 19:40:26.049	          linker	[Debug]	        dji_protocol_v3.c:506  3:0x0503 convert to 0065(0x0503)
01-09 19:40:26.050	          linker	[Debug]	            dji_command.c:1128  <0x4a0e>Receive msg from linker, 0x1204(0x0092)->0x0503(0x0065) 0x22AD len:47
01-09 19:40:26.050	          linker	[Debug]	            dji_command.c:980  received unsupport request cmd that need ack, <0x4a0e> cmdset: 0x22 cmdid: 0xAD
01-09 19:40:26.065	          linker	[Debug]	        dji_protocol_v3.c:266  <0x6af1>V3-Send: 03:003F:001E:0x0503 -> 00:003F:001E:0x0200 0x3C1B, tLen 77 dLen 56
01-09 19:40:26.067	          linker	[Debug]	        dji_protocol_v3.c:387  <0x322b>V3-Recv: 00:003F:001E:0x0300 -> 03:003F:001E:0x0503 0x3C57, tLen 37 dLen 16
01-09 19:40:26.067	          linker	[Debug]	        dji_protocol_v3.c:506  0:0x0300 convert to 0003(0x0300)
01-09 19:40:26.067	          linker	[Debug]	        dji_protocol_v3.c:506  3:0x0503 convert to 0065(0x0503)
01-09 19:40:26.068	          linker	[Debug]	            dji_command.c:1128  <0x322b>Receive msg from linker, 0x0300(0x0003)->0x0503(0x0065) 0x3C57 len:16
01-09 19:40:26.068	          linker	[Debug]	            dji_command.c:980  received unsupport request cmd that noneed ack, <0x322b> cmdset: 0x3C cmdid: 0x57
01-09 19:40:26.119	          linker	[Debug]	        dji_protocol_v3.c:266  <0x6af2>V3-Send: 03:003F:001E:0x0503 -> 00:003F:001E:0x0200 0x3C1F, tLen 58 dLen 37
01-09 19:40:26.129	          linker	[Debug]	        dji_protocol_v3.c:387  <0x4a1a>V3-Recv: 00:003F:001E:0x1204 -> 03:003F:001E:0x0503 0x4900, tLen 23 dLen 2
01-09 19:40:26.129	          linker	[Debug]	        dji_protocol_v3.c:506  0:0x1204 convert to 0092(0x1204)
01-09 19:40:26.129	          linker	[Debug]	        dji_protocol_v3.c:506  3:0x0503 convert to 0065(0x0503)
01-09 19:40:26.130	          linker	[Debug]	            dji_command.c:1128  <0x4a1a>Receive msg from linker, 0x1204(0x0092)->0x0503(0x0065) 0x4900 len:2
01-09 19:40:26.130	          linker	[Debug]	        dji_protocol_v3.c:266  <0x4a1a>V3-Send: 03:003F:001E:0x0503 -> 00:003F:001E:0x1204 0x4900, tLen 23 dLen 2
01-09 19:40:26.149	          linker	[Debug]	        dji_protocol_v3.c:387  <0x4a1e>V3-Recv: 00:003F:001E:0x1204 -> 03:003F:001E:0x0503 0x22AD, tLen 68 dLen 47
01-09 19:40:26.149	          linker	[Debug]	        dji_protocol_v3.c:506  0:0x1204 convert to 0092(0x1204)
01-09 19:40:26.149	          linker	[Debug]	        dji_protocol_v3.c:506  3:0x0503 convert to 0065(0x0503)
01-09 19:40:26.150	          linker	[Debug]	            dji_command.c:1128  <0x4a1e>Receive msg from linker, 0x1204(0x0092)->0x0503(0x0065) 0x22AD len:47
01-09 19:40:26.150	          linker	[Debug]	            dji_command.c:980  received unsupport request cmd that need ack, <0x4a1e> cmdset: 0x22 cmdid: 0xAD
01-09 19:40:26.212	          linker	[Debug]	        dji_protocol_v1.c:189  <0x6af3>V1-Send: 0x0503->0x1007 0x198B
01-09 19:40:26.212	          linker	[Debug]	        dji_protocol_v3.c:266  <0x6af4>V3-Send: 03:003F:001E:0x0503 -> 00:003F:001E:0x0200 0x3C10, tLen 85 dLen 64
01-09 19:40:26.212	          linker	[Debug]	        dji_protocol_v3.c:266  <0x6af5>V3-Send: 03:003F:001E:0x0503 -> 00:003F:001E:0x0300 0x3C10, tLen 85 dLen 64
01-09 19:40:26.212	          linker	[Debug]	        dji_protocol_v3.c:266  <0x6af6>V3-Send: 03:003F:001E:0x0503 -> 00:003F:001E:0x1104 0x3C10, tLen 85 dLen 64
01-09 19:40:26.212	          linker	[Debug]	        dji_protocol_v3.c:266  <0x6af7>V3-Send: 03:003F:001E:0x0503 -> 00:003F:001E:0x0701 0x3C10, tLen 85 dLen 64
01-09 19:40:26.212	          linker	[Debug]	        dji_protocol_v3.c:266  <0x6af8>V3-Send: 03:003F:001E:0x0503 -> 00:003F:001E:0x1100 0x3C10, tLen 85 dLen 64
01-09 19:40:26.229	          linker	[Debug]	        dji_protocol_v3.c:387  <0x4a2b>V3-Recv: 00:003F:001E:0x1204 -> 03:003F:001E:0x0503 0x4900, tLen 23 dLen 2
01-09 19:40:26.229	          linker	[Debug]	        dji_protocol_v3.c:506  0:0x1204 convert to 0092(0x1204)
01-09 19:40:26.229	          linker	[Debug]	        dji_protocol_v3.c:506  3:0x0503 convert to 0065(0x0503)
01-09 19:40:26.230	          linker	[Debug]	            dji_command.c:1128  <0x4a2b>Receive msg from linker, 0x1204(0x0092)->0x0503(0x0065) 0x4900 len:2
01-09 19:40:26.230	          linker	[Debug]	        dji_protocol_v3.c:266  <0x4a2b>V3-Send: 03:003F:001E:0x0503 -> 00:003F:001E:0x1204 0x4900, tLen 23 dLen 2
01-09 19:40:26.249	          linker	[Debug]	        dji_protocol_v3.c:387  <0x4a2f>V3-Recv: 00:003F:001E:0x1204 -> 03:003F:001E:0x0503 0x22AD, tLen 68 dLen 47
01-09 19:40:26.249	          linker	[Debug]	        dji_protocol_v3.c:506  0:0x1204 convert to 0092(0x1204)
01-09 19:40:26.249	          linker	[Debug]	        dji_protocol_v3.c:506  3:0x0503 convert to 0065(0x0503)
01-09 19:40:26.250	          linker	[Debug]	            dji_command.c:1128  <0x4a2f>Receive msg from linker, 0x1204(0x0092)->0x0503(0x0065) 0x22AD len:47
01-09 19:40:26.250	          linker	[Debug]	            dji_command.c:980  received unsupport request cmd that need ack, <0x4a2f> cmdset: 0x22 cmdid: 0xAD
01-09 19:40:26.267	          linker	[Debug]	        dji_protocol_v3.c:387  <0x338c>V3-Recv: 00:003F:001E:0x0300 -> 03:003F:001E:0x0503 0x3C57, tLen 37 dLen 16
01-09 19:40:26.267	          linker	[Debug]	        dji_protocol_v3.c:506  0:0x0300 convert to 0003(0x0300)
01-09 19:40:26.267	          linker	[Debug]	        dji_protocol_v3.c:506  3:0x0503 convert to 0065(0x0503)
01-09 19:40:26.268	          linker	[Debug]	            dji_command.c:1128  <0x338c>Receive msg from linker, 0x0300(0x0003)->0x0503(0x0065) 0x3C57 len:16
01-09 19:40:26.268	          linker	[Debug]	            dji_command.c:980  received unsupport request cmd that noneed ack, <0x338c> cmdset: 0x3C cmdid: 0x57
01-09 19:40:26.283	          linker	[Debug]	        dji_protocol_v3.c:266  <0x6af9>V3-Send: 03:003F:001E:0x0503 -> 00:003F:001E:0x0200 0x3C1B, tLen 77 dLen 56
01-09 19:40:26.320	          linker	[Debug]	        dji_protocol_v3.c:266  <0x6afa>V3-Send: 03:003F:001E:0x0503 -> 00:003F:001E:0x0200 0x3C1F, tLen 58 dLen 37
01-09 19:40:26.329	          linker	[Debug]	        dji_protocol_v3.c:387  <0x4a35>V3-Recv: 00:003F:001E:0x1204 -> 03:003F:001E:0x0503 0x4900, tLen 23 dLen 2
01-09 19:40:26.329	          linker	[Debug]	        dji_protocol_v3.c:506  0:0x1204 convert to 0092(0x1204)
01-09 19:40:26.329	          linker	[Debug]	        dji_protocol_v3.c:506  3:0x0503 convert to 0065(0x0503)
01-09 19:40:26.330	          linker	[Debug]	            dji_command.c:1128  <0x4a35>Receive msg from linker, 0x1204(0x0092)->0x0503(0x0065) 0x4900 len:2
01-09 19:40:26.330	          linker	[Debug]	        dji_protocol_v3.c:266  <0x4a35>V3-Send: 03:003F:001E:0x0503 -> 00:003F:001E:0x1204 0x4900, tLen 23 dLen 2
01-09 19:40:26.335	          linker	[Debug]	        dji_protocol_v1.c:309  <0x2039>V1-Recv: 0x0A06->0x0503 0x0866
01-09 19:40:26.336	          linker	[Debug]	            dji_command.c:1128  <0x2039>Receive msg from linker, 0x0A06(0x00CA)->0x0503(0x0065) 0x0866 len:102
01-09 19:40:26.336	          linker	[Debug]	            dji_command.c:980  received unsupport request cmd that noneed ack, <0x2039> cmdset: 0x08 cmdid: 0x66
01-09 19:40:26.349	          linker	[Debug]	        dji_protocol_v3.c:387  <0x4a3f>V3-Recv: 00:003F:001E:0x1204 -> 03:003F:001E:0x0503 0x22AD, tLen 68 dLen 47
01-09 19:40:26.349	          linker	[Debug]	        dji_protocol_v3.c:506  0:0x1204 convert to 0092(0x1204)
01-09 19:40:26.349	          linker	[Debug]	        dji_protocol_v3.c:506  3:0x0503 convert to 0065(0x0503)
01-09 19:40:26.350	          linker	[Debug]	            dji_command.c:1128  <0x4a3f>Receive msg from linker, 0x1204(0x0092)->0x0503(0x0065) 0x22AD len:47
01-09 19:40:26.350	          linker	[Debug]	            dji_command.c:980  received unsupport request cmd that need ack, <0x4a3f> cmdset: 0x22 cmdid: 0xAD
01-09 19:40:26.410	           utils	[Debug]	          dji_root_task.c:131  work execution time:
01-09 19:40:26.410	           utils	[Debug]	          dji_root_task.c:132  name	                execution time (ms)	  max execution time (ms)
01-09 19:40:26.410	           utils	[Debug]	          dji_root_task.c:134  recorderWork                    	1       	1       
01-09 19:40:26.410	           utils	[Debug]	          dji_root_task.c:134  flowControllerTask              	0       	1       
01-09 19:40:26.410	           utils	[Debug]	          dji_root_task.c:134  commandTask                     	1       	1       
01-09 19:40:26.410	           utils	[Debug]	          dji_root_task.c:134  aircraftWorkNode                	0       	1       
01-09 19:40:26.410	           utils	[Debug]	          dji_root_task.c:134  dataBuriedPointTask             	0       	0       
01-09 19:40:26.410	           utils	[Debug]	          dji_root_task.c:134  StatePushWork                   	2       	2       
01-09 19:40:26.410	           utils	[Debug]	          dji_root_task.c:134  WidgetWork                      	0       	2       
01-09 19:40:26.410	           utils	[Debug]	          dji_root_task.c:134  hmsTask                         	0       	0       
01-09 19:40:26.429	          linker	[Debug]	        dji_protocol_v1.c:189  <0x6afb>V1-Send: 0x0503->0x1007 0x198B
01-09 19:40:26.429	          linker	[Debug]	        dji_protocol_v3.c:266  <0x6afc>V3-Send: 03:003F:001E:0x0503 -> 00:003F:001E:0x0200 0x3C10, tLen 85 dLen 64
01-09 19:40:26.429	          linker	[Debug]	        dji_protocol_v3.c:266  <0x6afd>V3-Send: 03:003F:001E:0x0503 -> 00:003F:001E:0x0300 0x3C10, tLen 85 dLen 64
01-09 19:40:26.429	          linker	[Debug]	        dji_protocol_v3.c:266  <0x6afe>V3-Send: 03:003F:001E:0x0503 -> 00:003F:001E:0x1104 0x3C10, tLen 85 dLen 64
01-09 19:40:26.429	          linker	[Debug]	        dji_protocol_v3.c:387  <0x4a4c>V3-Recv: 00:003F:001E:0x1204 -> 03:003F:001E:0x0503 0x4900, tLen 23 dLen 2
01-09 19:40:26.429	          linker	[Debug]	        dji_protocol_v3.c:506  0:0x1204 convert to 0092(0x1204)
01-09 19:40:26.429	          linker	[Debug]	        dji_protocol_v3.c:506  3:0x0503 convert to 0065(0x0503)
01-09 19:40:26.430	          linker	[Debug]	        dji_protocol_v3.c:266  <0x6aff>V3-Send: 03:003F:001E:0x0503 -> 00:003F:001E:0x0701 0x3C10, tLen 85 dLen 64
01-09 19:40:26.430	          linker	[Debug]	        dji_protocol_v3.c:266  <0x6b00>V3-Send: 03:003F:001E:0x0503 -> 00:003F:001E:0x1100 0x3C10, tLen 85 dLen 64
01-09 19:40:26.431	          linker	[Debug]	            dji_command.c:1128  <0x4a4c>Receive msg from linker, 0x1204(0x0092)->0x0503(0x0065) 0x4900 len:2
01-09 19:40:26.431	          linker	[Debug]	        dji_protocol_v3.c:266  <0x4a4c>V3-Send: 03:003F:001E:0x0503 -> 00:003F:001E:0x1204 0x4900, tLen 23 dLen 2
01-09 19:40:26.449	          linker	[Debug]	        dji_protocol_v3.c:387  <0x4a50>V3-Recv: 00:003F:001E:0x1204 -> 03:003F:001E:0x0503 0x22AD, tLen 68 dLen 47
01-09 19:40:26.449	          linker	[Debug]	        dji_protocol_v3.c:506  0:0x1204 convert to 0092(0x1204)
01-09 19:40:26.449	          linker	[Debug]	        dji_protocol_v3.c:506  3:0x0503 convert to 0065(0x0503)
01-09 19:40:26.450	          linker	[Debug]	            dji_command.c:1128  <0x4a50>Receive msg from linker, 0x1204(0x0092)->0x0503(0x0065) 0x22AD len:47
01-09 19:40:26.450	          linker	[Debug]	            dji_command.c:980  received unsupport request cmd that need ack, <0x4a50> cmdset: 0x22 cmdid: 0xAD
01-09 19:40:26.466	          linker	[Debug]	        dji_protocol_v3.c:387  <0x3510>V3-Recv: 00:003F:001E:0x0300 -> 03:003F:001E:0x0503 0x3C57, tLen 37 dLen 16
01-09 19:40:26.466	          linker	[Debug]	        dji_protocol_v3.c:506  0:0x0300 convert to 0003(0x0300)
01-09 19:40:26.466	          linker	[Debug]	        dji_protocol_v3.c:506  3:0x0503 convert to 0065(0x0503)
01-09 19:40:26.467	          linker	[Debug]	            dji_command.c:1128  <0x3510>Receive msg from linker, 0x0300(0x0003)->0x0503(0x0065) 0x3C57 len:16
01-09 19:40:26.467	          linker	[Debug]	            dji_command.c:980  received unsupport request cmd that noneed ack, <0x3510> cmdset: 0x3C cmdid: 0x57
01-09 19:40:26.500	          linker	[Debug]	        dji_protocol_v3.c:266  <0x6b01>V3-Send: 03:003F:001E:0x0503 -> 00:003F:001E:0x0200 0x3C1B, tLen 77 dLen 56
01-09 19:40:26.520	          linker	[Debug]	        dji_protocol_v3.c:266  <0x6b02>V3-Send: 03:003F:001E:0x0503 -> 00:003F:001E:0x0200 0x3C1F, tLen 58 dLen 37
01-09 19:40:26.529	          linker	[Debug]	        dji_protocol_v3.c:387  <0x4a5c>V3-Recv: 00:003F:001E:0x1204 -> 03:003F:001E:0x0503 0x4900, tLen 23 dLen 2
01-09 19:40:26.529	          linker	[Debug]	        dji_protocol_v3.c:506  0:0x1204 convert to 0092(0x1204)
01-09 19:40:26.529	          linker	[Debug]	        dji_protocol_v3.c:506  3:0x0503 convert to 0065(0x0503)
01-09 19:40:26.530	          linker	[Debug]	            dji_command.c:1128  <0x4a5c>Receive msg from linker, 0x1204(0x0092)->0x0503(0x0065) 0x4900 len:2
01-09 19:40:26.530	          linker	[Debug]	        dji_protocol_v3.c:266  <0x4a5c>V3-Send: 03:003F:001E:0x0503 -> 00:003F:001E:0x1204 0x4900, tLen 23 dLen 2
01-09 19:40:26.549	          linker	[Debug]	        dji_protocol_v3.c:387  <0x4a60>V3-Recv: 00:003F:001E:0x1204 -> 03:003F:001E:0x0503 0x22AD, tLen 68 dLen 47
01-09 19:40:26.549	          linker	[Debug]	        dji_protocol_v3.c:506  0:0x1204 convert to 0092(0x1204)
01-09 19:40:26.549	          linker	[Debug]	        dji_protocol_v3.c:506  3:0x0503 convert to 0065(0x0503)
01-09 19:40:26.550	          linker	[Debug]	            dji_command.c:1128  <0x4a60>Receive msg from linker, 0x1204(0x0092)->0x0503(0x0065) 0x22AD len:47
01-09 19:40:26.550	          linker	[Debug]	            dji_command.c:980  received unsupport request cmd that need ack, <0x4a60> cmdset: 0x22 cmdid: 0xAD
01-09 19:40:26.565	          linker	[Debug]	        dji_protocol_v3.c:387  <0xea12>V3-Recv: 00:0001:0000:0x0202 -> 03:0000:0001:0x0503 0x3C20, tLen 22 dLen 1
01-09 19:40:26.565	          linker	[Debug]	        dji_protocol_v3.c:506  0:0x0202 convert to 0042(0x0202)
01-09 19:40:26.565	          linker	[Debug]	        dji_protocol_v3.c:506  3:0x0503 convert to 0065(0x0503)
01-09 19:40:26.566	          linker	[Debug]	            dji_command.c:1128  <0xea12>Receive msg from linker, 0x0202(0x0042)->0x0503(0x0065) 0x3C20 len:1
01-09 19:40:26.566	          linker	[Debug]	            dji_command.c:980  received unsupport request cmd that need ack, <0xea12> cmdset: 0x3C cmdid: 0x20
01-09 19:40:26.584	          linker	[Debug]	        dji_protocol_v3.c:387  <0xeab8>V3-Recv: 00:0001:0000:0x0202 -> 03:0000:0001:0x0503 0x3C68, tLen 23 dLen 2
01-09 19:40:26.585	          linker	[Debug]	        dji_protocol_v3.c:506  0:0x0202 convert to 0042(0x0202)
01-09 19:40:26.585	          linker	[Debug]	        dji_protocol_v3.c:506  3:0x0503 convert to 0065(0x0503)
01-09 19:40:26.586	          linker	[Debug]	            dji_command.c:1128  <0xeab8>Receive msg from linker, 0x0202(0x0042)->0x0503(0x0065) 0x3C68 len:2
01-09 19:40:26.586	          linker	[Debug]	            dji_command.c:980  received unsupport request cmd that need ack, <0xeab8> cmdset: 0x3C cmdid: 0x68
01-09 19:40:26.629	          linker	[Debug]	        dji_protocol_v3.c:387  <0x4a6c>V3-Recv: 00:003F:001E:0x1204 -> 03:003F:001E:0x0503 0x4900, tLen 23 dLen 2
01-09 19:40:26.629	          linker	[Debug]	        dji_protocol_v3.c:506  0:0x1204 convert to 0092(0x1204)
01-09 19:40:26.629	          linker	[Debug]	        dji_protocol_v3.c:506  3:0x0503 convert to 0065(0x0503)
01-09 19:40:26.630	          linker	[Debug]	            dji_command.c:1128  <0x4a6c>Receive msg from linker, 0x1204(0x0092)->0x0503(0x0065) 0x4900 len:2
01-09 19:40:26.630	          linker	[Debug]	        dji_protocol_v3.c:266  <0x4a6c>V3-Send: 03:003F:001E:0x0503 -> 00:003F:001E:0x1204 0x4900, tLen 23 dLen 2
01-09 19:40:26.646	          linker	[Debug]	        dji_protocol_v1.c:189  <0x6b03>V1-Send: 0x0503->0x1007 0x198B
01-09 19:40:26.646	          linker	[Debug]	        dji_protocol_v3.c:266  <0x6b04>V3-Send: 03:003F:001E:0x0503 -> 00:003F:001E:0x0200 0x3C10, tLen 85 dLen 64
01-09 19:40:26.646	          linker	[Debug]	        dji_protocol_v3.c:266  <0x6b05>V3-Send: 03:003F:001E:0x0503 -> 00:003F:001E:0x0300 0x3C10, tLen 85 dLen 64
01-09 19:40:26.646	          linker	[Debug]	        dji_protocol_v3.c:266  <0x6b06>V3-Send: 03:003F:001E:0x0503 -> 00:003F:001E:0x1104 0x3C10, tLen 85 dLen 64
01-09 19:40:26.647	          linker	[Debug]	        dji_protocol_v3.c:266  <0x6b07>V3-Send: 03:003F:001E:0x0503 -> 00:003F:001E:0x0701 0x3C10, tLen 85 dLen 64
01-09 19:40:26.647	          linker	[Debug]	        dji_protocol_v3.c:266  <0x6b08>V3-Send: 03:003F:001E:0x0503 -> 00:003F:001E:0x1100 0x3C10, tLen 85 dLen 64
01-09 19:40:26.649	          linker	[Debug]	        dji_protocol_v3.c:387  <0x4a70>V3-Recv: 00:003F:001E:0x1204 -> 03:003F:001E:0x0503 0x22AD, tLen 68 dLen 47
01-09 19:40:26.649	          linker	[Debug]	        dji_protocol_v3.c:506  0:0x1204 convert to 0092(0x1204)
01-09 19:40:26.649	          linker	[Debug]	        dji_protocol_v3.c:506  3:0x0503 convert to 0065(0x0503)
01-09 19:40:26.650	          linker	[Debug]	            dji_command.c:1128  <0x4a70>Receive msg from linker, 0x1204(0x0092)->0x0503(0x0065) 0x22AD len:47
01-09 19:40:26.650	          linker	[Debug]	            dji_command.c:980  received unsupport request cmd that need ack, <0x4a70> cmdset: 0x22 cmdid: 0xAD
01-09 19:40:26.667	          linker	[Debug]	        dji_protocol_v3.c:387  <0x368c>V3-Recv: 00:003F:001E:0x0300 -> 03:003F:001E:0x0503 0x3C57, tLen 37 dLen 16
01-09 19:40:26.667	          linker	[Debug]	        dji_protocol_v3.c:506  0:0x0300 convert to 0003(0x0300)
01-09 19:40:26.667	          linker	[Debug]	        dji_protocol_v3.c:506  3:0x0503 convert to 0065(0x0503)
01-09 19:40:26.668	          linker	[Debug]	            dji_command.c:1128  <0x368c>Receive msg from linker, 0x0300(0x0003)->0x0503(0x0065) 0x3C57 len:16
01-09 19:40:26.668	          linker	[Debug]	            dji_command.c:980  received unsupport request cmd that noneed ack, <0x368c> cmdset: 0x3C cmdid: 0x57
01-09 19:40:26.685	          linker	[Debug]	        dji_protocol_v3.c:387  <0xeb81>V3-Recv: 00:0001:0000:0x0202 -> 03:0000:0001:0x0503 0x3C1C, tLen 28 dLen 7
01-09 19:40:26.685	          linker	[Debug]	        dji_protocol_v3.c:506  0:0x0202 convert to 0042(0x0202)
01-09 19:40:26.685	          linker	[Debug]	        dji_protocol_v3.c:506  3:0x0503 convert to 0065(0x0503)
01-09 19:40:26.685	          linker	[Debug]	            dji_command.c:1128  <0xeb81>Receive msg from linker, 0x0202(0x0042)->0x0503(0x0065) 0x3C1C len:7
01-09 19:40:26.696	          linker	[Debug]	        dji_protocol_v3.c:387  <0xeb82>V3-Recv: 00:0001:0000:0x0202 -> 03:0000:0001:0x0503 0x3C25, tLen 23 dLen 2
01-09 19:40:26.696	          linker	[Debug]	        dji_protocol_v3.c:506  0:0x0202 convert to 0042(0x0202)
01-09 19:40:26.696	          linker	[Debug]	        dji_protocol_v3.c:506  3:0x0503 convert to 0065(0x0503)
01-09 19:40:26.697	          linker	[Debug]	            dji_command.c:1128  <0xeb82>Receive msg from linker, 0x0202(0x0042)->0x0503(0x0065) 0x3C25 len:2
01-09 19:40:26.697	          linker	[Debug]	            dji_command.c:980  received unsupport request cmd that need ack, <0xeb82> cmdset: 0x3C cmdid: 0x25
01-09 19:40:26.717	          linker	[Debug]	        dji_protocol_v3.c:266  <0x6b09>V3-Send: 03:003F:001E:0x0503 -> 00:003F:001E:0x0200 0x3C1B, tLen 77 dLen 56
01-09 19:40:26.720	          linker	[Debug]	        dji_protocol_v3.c:266  <0x6b0a>V3-Send: 03:003F:001E:0x0503 -> 00:003F:001E:0x0200 0x3C1F, tLen 58 dLen 37
01-09 19:40:26.729	          linker	[Debug]	        dji_protocol_v3.c:387  <0x4a7c>V3-Recv: 00:003F:001E:0x1204 -> 03:003F:001E:0x0503 0x4900, tLen 23 dLen 2
01-09 19:40:26.729	          linker	[Debug]	        dji_protocol_v3.c:506  0:0x1204 convert to 0092(0x1204)
01-09 19:40:26.729	          linker	[Debug]	        dji_protocol_v3.c:506  3:0x0503 convert to 0065(0x0503)
01-09 19:40:26.730	          linker	[Debug]	            dji_command.c:1128  <0x4a7c>Receive msg from linker, 0x1204(0x0092)->0x0503(0x0065) 0x4900 len:2
01-09 19:40:26.730	          linker	[Debug]	        dji_protocol_v3.c:266  <0x4a7c>V3-Send: 03:003F:001E:0x0503 -> 00:003F:001E:0x1204 0x4900, tLen 23 dLen 2
01-09 19:40:26.749	          linker	[Debug]	        dji_protocol_v3.c:387  <0x4a80>V3-Recv: 00:003F:001E:0x1204 -> 03:003F:001E:0x0503 0x22AD, tLen 68 dLen 47
01-09 19:40:26.749	          linker	[Debug]	        dji_protocol_v3.c:506  0:0x1204 convert to 0092(0x1204)
01-09 19:40:26.749	          linker	[Debug]	        dji_protocol_v3.c:506  3:0x0503 convert to 0065(0x0503)
01-09 19:40:26.750	          linker	[Debug]	            dji_command.c:1128  <0x4a80>Receive msg from linker, 0x1204(0x0092)->0x0503(0x0065) 0x22AD len:47
01-09 19:40:26.750	          linker	[Debug]	            dji_command.c:980  received unsupport request cmd that need ack, <0x4a80> cmdset: 0x22 cmdid: 0xAD
01-09 19:40:26.829	          linker	[Debug]	        dji_protocol_v3.c:387  <0x4a8c>V3-Recv: 00:003F:001E:0x1204 -> 03:003F:001E:0x0503 0x4900, tLen 23 dLen 2
01-09 19:40:26.829	          linker	[Debug]	        dji_protocol_v3.c:506  0:0x1204 convert to 0092(0x1204)
01-09 19:40:26.829	          linker	[Debug]	        dji_protocol_v3.c:506  3:0x0503 convert to 0065(0x0503)
01-09 19:40:26.830	          linker	[Debug]	            dji_command.c:1128  <0x4a8c>Receive msg from linker, 0x1204(0x0092)->0x0503(0x0065) 0x4900 len:2
01-09 19:40:26.830	          linker	[Debug]	        dji_protocol_v3.c:266  <0x4a8c>V3-Send: 03:003F:001E:0x0503 -> 00:003F:001E:0x1204 0x4900, tLen 23 dLen 2
01-09 19:40:26.835	          linker	[Debug]	        dji_protocol_v1.c:309  <0x2039>V1-Recv: 0x0A06->0x0503 0x0866
01-09 19:40:26.836	          linker	[Debug]	            dji_command.c:1128  <0x2039>Receive msg from linker, 0x0A06(0x00CA)->0x0503(0x0065) 0x0866 len:102
01-09 19:40:26.836	          linker	[Debug]	            dji_command.c:980  received unsupport request cmd that noneed ack, <0x2039> cmdset: 0x08 cmdid: 0x66
01-09 19:40:26.849	          linker	[Debug]	        dji_protocol_v3.c:387  <0x4a90>V3-Recv: 00:003F:001E:0x1204 -> 03:003F:001E:0x0503 0x22AD, tLen 68 dLen 47
01-09 19:40:26.849	          linker	[Debug]	        dji_protocol_v3.c:506  0:0x1204 convert to 0092(0x1204)
01-09 19:40:26.849	          linker	[Debug]	        dji_protocol_v3.c:506  3:0x0503 convert to 0065(0x0503)
01-09 19:40:26.850	          linker	[Debug]	            dji_command.c:1128  <0x4a90>Receive msg from linker, 0x1204(0x0092)->0x0503(0x0065) 0x22AD len:47
01-09 19:40:26.850	          linker	[Debug]	            dji_command.c:980  received unsupport request cmd that need ack, <0x4a90> cmdset: 0x22 cmdid: 0xAD
01-09 19:40:26.863	          linker	[Debug]	        dji_protocol_v1.c:189  <0x6b0b>V1-Send: 0x0503->0x1007 0x198B
01-09 19:40:26.863	          linker	[Debug]	        dji_protocol_v3.c:266  <0x6b0c>V3-Send: 03:003F:001E:0x0503 -> 00:003F:001E:0x0200 0x3C10, tLen 85 dLen 64
01-09 19:40:26.864	          linker	[Debug]	        dji_protocol_v3.c:266  <0x6b0d>V3-Send: 03:003F:001E:0x0503 -> 00:003F:001E:0x0300 0x3C10, tLen 85 dLen 64
01-09 19:40:26.864	          linker	[Debug]	        dji_protocol_v3.c:266  <0x6b0e>V3-Send: 03:003F:001E:0x0503 -> 00:003F:001E:0x1104 0x3C10, tLen 85 dLen 64
01-09 19:40:26.864	          linker	[Debug]	        dji_protocol_v3.c:266  <0x6b0f>V3-Send: 03:003F:001E:0x0503 -> 00:003F:001E:0x0701 0x3C10, tLen 85 dLen 64
01-09 19:40:26.865	          linker	[Debug]	        dji_protocol_v3.c:266  <0x6b10>V3-Send: 03:003F:001E:0x0503 -> 00:003F:001E:0x1100 0x3C10, tLen 85 dLen 64
01-09 19:40:26.866	          linker	[Debug]	        dji_protocol_v3.c:387  <0x37e5>V3-Recv: 00:003F:001E:0x0300 -> 03:003F:001E:0x0503 0x3C57, tLen 37 dLen 16
01-09 19:40:26.866	          linker	[Debug]	        dji_protocol_v3.c:506  0:0x0300 convert to 0003(0x0300)
01-09 19:40:26.866	          linker	[Debug]	        dji_protocol_v3.c:506  3:0x0503 convert to 0065(0x0503)
01-09 19:40:26.867	          linker	[Debug]	            dji_command.c:1128  <0x37e5>Receive msg from linker, 0x0300(0x0003)->0x0503(0x0065) 0x3C57 len:16
01-09 19:40:26.867	          linker	[Debug]	            dji_command.c:980  received unsupport request cmd that noneed ack, <0x37e5> cmdset: 0x3C cmdid: 0x57
01-09 19:40:26.920	          linker	[Debug]	        dji_protocol_v3.c:266  <0x6b11>V3-Send: 03:003F:001E:0x0503 -> 00:003F:001E:0x0200 0x3C1F, tLen 58 dLen 37
01-09 19:40:26.929	          linker	[Debug]	        dji_protocol_v3.c:387  <0x4a9c>V3-Recv: 00:003F:001E:0x1204 -> 03:003F:001E:0x0503 0x4900, tLen 23 dLen 2
01-09 19:40:26.929	          linker	[Debug]	        dji_protocol_v3.c:506  0:0x1204 convert to 0092(0x1204)
01-09 19:40:26.929	          linker	[Debug]	        dji_protocol_v3.c:506  3:0x0503 convert to 0065(0x0503)
01-09 19:40:26.930	          linker	[Debug]	            dji_command.c:1128  <0x4a9c>Receive msg from linker, 0x1204(0x0092)->0x0503(0x0065) 0x4900 len:2
01-09 19:40:26.930	          linker	[Debug]	        dji_protocol_v3.c:266  <0x4a9c>V3-Send: 03:003F:001E:0x0503 -> 00:003F:001E:0x1204 0x4900, tLen 23 dLen 2
01-09 19:40:26.935	          linker	[Debug]	        dji_protocol_v3.c:266  <0x6b12>V3-Send: 03:003F:001E:0x0503 -> 00:003F:001E:0x0200 0x3C1B, tLen 77 dLen 56
01-09 19:40:26.949	          linker	[Debug]	        dji_protocol_v3.c:387  <0x4aa0>V3-Recv: 00:003F:001E:0x1204 -> 03:003F:001E:0x0503 0x22AD, tLen 68 dLen 47
01-09 19:40:26.949	          linker	[Debug]	        dji_protocol_v3.c:506  0:0x1204 convert to 0092(0x1204)
01-09 19:40:26.949	          linker	[Debug]	        dji_protocol_v3.c:506  3:0x0503 convert to 0065(0x0503)
01-09 19:40:26.950	          linker	[Debug]	            dji_command.c:1128  <0x4aa0>Receive msg from linker, 0x1204(0x0092)->0x0503(0x0065) 0x22AD len:47
01-09 19:40:26.950	          linker	[Debug]	            dji_command.c:980  received unsupport request cmd that need ack, <0x4aa0> cmdset: 0x22 cmdid: 0xAD
01-09 19:40:26.952	          linker	[Debug]	        dji_protocol_v3.c:266  <0x6b13>V3-Send: 03:003F:001E:0x0503 -> 00:003F:001E:0x0801 0x0000, tLen 21 dLen 0
01-09 19:40:26.952	           infor	[Debug]	dji_aircraft_connection.c:170  check connect status:1
01-09 19:40:26.962	          linker	[Debug]	        dji_protocol_v3.c:387  <0x6b13>V3-Recv: 00:003F:001E:0x0801 -> 03:003F:001E:0x0503 0x0000, tLen 22 dLen 1
01-09 19:40:26.962	          linker	[Debug]	        dji_protocol_v3.c:506  0:0x0801 convert to 0028(0x0801)
01-09 19:40:26.962	          linker	[Debug]	        dji_protocol_v3.c:506  3:0x0503 convert to 0065(0x0503)
01-09 19:40:26.963	          linker	[Debug]	            dji_command.c:1128  <0x6b13>Receive msg from linker, 0x0801(0x0028)->0x0503(0x0065) 0x0000 len:1
01-09 19:40:26.963	           infor	[Debug]	dji_aircraft_connection.c:303  connect status async sucess
01-09 19:40:26.963	          linker	[Debug]	            dji_command.c:890  callback function (cmdset: 0x00 cmdid: 0x00) deal time: 0 ms
01-09 19:40:27.029	          linker	[Debug]	        dji_protocol_v3.c:387  <0x4aac>V3-Recv: 00:003F:001E:0x1204 -> 03:003F:001E:0x0503 0x4900, tLen 23 dLen 2
01-09 19:40:27.029	          linker	[Debug]	        dji_protocol_v3.c:506  0:0x1204 convert to 0092(0x1204)
01-09 19:40:27.029	          linker	[Debug]	        dji_protocol_v3.c:506  3:0x0503 convert to 0065(0x0503)
01-09 19:40:27.031	          linker	[Debug]	            dji_command.c:1128  <0x4aac>Receive msg from linker, 0x1204(0x0092)->0x0503(0x0065) 0x4900 len:2
01-09 19:40:27.031	          linker	[Debug]	        dji_protocol_v3.c:266  <0x4aac>V3-Send: 03:003F:001E:0x0503 -> 00:003F:001E:0x1204 0x4900, tLen 23 dLen 2
01-09 19:40:27.049	          linker	[Debug]	        dji_protocol_v3.c:387  <0x4ab0>V3-Recv: 00:003F:001E:0x1204 -> 03:003F:001E:0x0503 0x22AD, tLen 68 dLen 47
01-09 19:40:27.049	          linker	[Debug]	        dji_protocol_v3.c:506  0:0x1204 convert to 0092(0x1204)
01-09 19:40:27.049	          linker	[Debug]	        dji_protocol_v3.c:506  3:0x0503 convert to 0065(0x0503)
01-09 19:40:27.050	          linker	[Debug]	            dji_command.c:1128  <0x4ab0>Receive msg from linker, 0x1204(0x0092)->0x0503(0x0065) 0x22AD len:47
01-09 19:40:27.050	          linker	[Debug]	            dji_command.c:980  received unsupport request cmd that need ack, <0x4ab0> cmdset: 0x22 cmdid: 0xAD
01-09 19:40:27.067	          linker	[Debug]	        dji_protocol_v3.c:387  <0x3947>V3-Recv: 00:003F:001E:0x0300 -> 03:003F:001E:0x0503 0x3C57, tLen 37 dLen 16
01-09 19:40:27.067	          linker	[Debug]	        dji_protocol_v3.c:506  0:0x0300 convert to 0003(0x0300)
01-09 19:40:27.067	          linker	[Debug]	        dji_protocol_v3.c:506  3:0x0503 convert to 0065(0x0503)
01-09 19:40:27.068	          linker	[Debug]	            dji_command.c:1128  <0x3947>Receive msg from linker, 0x0300(0x0003)->0x0503(0x0065) 0x3C57 len:16
01-09 19:40:27.068	          linker	[Debug]	            dji_command.c:980  received unsupport request cmd that noneed ack, <0x3947> cmdset: 0x3C cmdid: 0x57
01-09 19:40:27.080	          linker	[Debug]	        dji_protocol_v1.c:189  <0x6b14>V1-Send: 0x0503->0x1007 0x198B
01-09 19:40:27.080	          linker	[Debug]	        dji_protocol_v3.c:266  <0x6b15>V3-Send: 03:003F:001E:0x0503 -> 00:003F:001E:0x0200 0x3C10, tLen 85 dLen 64
01-09 19:40:27.080	          linker	[Debug]	        dji_protocol_v3.c:266  <0x6b16>V3-Send: 03:003F:001E:0x0503 -> 00:003F:001E:0x0300 0x3C10, tLen 85 dLen 64
01-09 19:40:27.080	          linker	[Debug]	        dji_protocol_v3.c:266  <0x6b17>V3-Send: 03:003F:001E:0x0503 -> 00:003F:001E:0x1104 0x3C10, tLen 85 dLen 64
01-09 19:40:27.081	          linker	[Debug]	        dji_protocol_v3.c:266  <0x6b18>V3-Send: 03:003F:001E:0x0503 -> 00:003F:001E:0x0701 0x3C10, tLen 85 dLen 64
01-09 19:40:27.081	          linker	[Debug]	        dji_protocol_v3.c:266  <0x6b19>V3-Send: 03:003F:001E:0x0503 -> 00:003F:001E:0x1100 0x3C10, tLen 85 dLen 64
01-09 19:40:27.121	          linker	[Debug]	        dji_protocol_v3.c:266  <0x6b1a>V3-Send: 03:003F:001E:0x0503 -> 00:003F:001E:0x0200 0x3C1F, tLen 58 dLen 37
01-09 19:40:27.129	          linker	[Debug]	        dji_protocol_v3.c:387  <0x4abc>V3-Recv: 00:003F:001E:0x1204 -> 03:003F:001E:0x0503 0x4900, tLen 23 dLen 2
01-09 19:40:27.129	          linker	[Debug]	        dji_protocol_v3.c:506  0:0x1204 convert to 0092(0x1204)
01-09 19:40:27.129	          linker	[Debug]	        dji_protocol_v3.c:506  3:0x0503 convert to 0065(0x0503)
01-09 19:40:27.130	          linker	[Debug]	            dji_command.c:1128  <0x4abc>Receive msg from linker, 0x1204(0x0092)->0x0503(0x0065) 0x4900 len:2
01-09 19:40:27.130	          linker	[Debug]	        dji_protocol_v3.c:266  <0x4abc>V3-Send: 03:003F:001E:0x0503 -> 00:003F:001E:0x1204 0x4900, tLen 23 dLen 2
01-09 19:40:27.133	            user	[Info]	              ai_detect.h:135  Input cammera sourece: 
01-09 19:40:27.133	            user	[Info]	              ai_detect.h:140  4k for H30T
01-09 19:40:27.133	            user	[Debug]	image_processor_yolovfastest.cpp:59   /home/dji/DJI_workshop/LZP_PSDK/Payload-SDK/samples/sample_c++/module_sample/liveview//data/yolo-fastest-1.1_coco/yolo-fastest-1.1-xl.cfg, /home/dji/DJI_workshop/LZP_PSDK/Payload-SDK/samples/sample_c++/module_sample/liveview//data/yolo-fastest-1.1_coco/yolo-fastest-1.1-xl.weights
01-09 19:40:27.136	          linker	[Debug]	        dji_protocol_v1.c:189  <0x6b1b>V1-Send: 0x0503->0x1D02 0x00F0
01-09 19:40:27.141	         channel	[Debug]	dji_high_speed_data_channel.c:1605 create video stream channel, local 192.168.140.2:23303, remote 192.168.112.1:23303 channel protocol 0
01-09 19:40:27.144	         channel	[Debug]	dji_high_speed_data_channel.c:1619 create data stream channel, local 192.168.140.2:23303, remote 192.168.112.1:23302 channel protocol 0
01-09 19:40:27.144	         channel	[Debug]	dji_high_speed_data_channel.c:1235 Push channel scales to msdk scales:50 50, is_ma_supported:0 0 
01-09 19:40:27.144	          linker	[Debug]	        dji_protocol_v3.c:266  <0x6b1c>V3-Send: 03:003F:001E:0x0503 -> 00:003F:001E:0x0200 0x3C41, tLen 33 dLen 12
01-09 19:40:27.147	          linker	[Debug]	        dji_protocol_v1.c:189  <0x6b1d>V1-Send: 0x0503->0x1D02 0x00F0
01-09 19:40:27.149	          linker	[Debug]	        dji_protocol_v3.c:387  <0x4ac0>V3-Recv: 00:003F:001E:0x1204 -> 03:003F:001E:0x0503 0x22AD, tLen 68 dLen 47
01-09 19:40:27.149	          linker	[Debug]	        dji_protocol_v3.c:506  0:0x1204 convert to 0092(0x1204)
01-09 19:40:27.149	          linker	[Debug]	        dji_protocol_v3.c:506  3:0x0503 convert to 0065(0x0503)
01-09 19:40:27.150	          linker	[Debug]	            dji_command.c:1128  <0x4ac0>Receive msg from linker, 0x1204(0x0092)->0x0503(0x0065) 0x22AD len:47
01-09 19:40:27.150	          linker	[Debug]	            dji_command.c:980  received unsupport request cmd that need ack, <0x4ac0> cmdset: 0x22 cmdid: 0xAD
01-09 19:40:27.151	          linker	[Debug]	        dji_protocol_v3.c:266  <0x6b1e>V3-Send: 03:003F:001E:0x0503 -> 00:003F:001E:0x0200 0x3C1B, tLen 77 dLen 56
01-09 19:40:27.230	          linker	[Debug]	        dji_protocol_v3.c:387  <0x4acc>V3-Recv: 00:003F:001E:0x1204 -> 03:003F:001E:0x0503 0x4900, tLen 23 dLen 2
01-09 19:40:27.230	          linker	[Debug]	        dji_protocol_v3.c:506  0:0x1204 convert to 0092(0x1204)
01-09 19:40:27.230	          linker	[Debug]	        dji_protocol_v3.c:506  3:0x0503 convert to 0065(0x0503)
01-09 19:40:27.231	          linker	[Debug]	            dji_command.c:1128  <0x4acc>Receive msg from linker, 0x1204(0x0092)->0x0503(0x0065) 0x4900 len:2
01-09 19:40:27.231	          linker	[Debug]	        dji_protocol_v3.c:266  <0x4acc>V3-Send: 03:003F:001E:0x0503 -> 00:003F:001E:0x1204 0x4900, tLen 23 dLen 2
01-09 19:40:27.249	          linker	[Debug]	        dji_protocol_v3.c:387  <0x4ad0>V3-Recv: 00:003F:001E:0x1204 -> 03:003F:001E:0x0503 0x22AD, tLen 68 dLen 47
01-09 19:40:27.249	          linker	[Debug]	        dji_protocol_v3.c:506  0:0x1204 convert to 0092(0x1204)
01-09 19:40:27.249	          linker	[Debug]	        dji_protocol_v3.c:506  3:0x0503 convert to 0065(0x0503)
01-09 19:40:27.250	          linker	[Debug]	            dji_command.c:1128  <0x4ad0>Receive msg from linker, 0x1204(0x0092)->0x0503(0x0065) 0x22AD len:47
01-09 19:40:27.250	          linker	[Debug]	            dji_command.c:980  received unsupport request cmd that need ack, <0x4ad0> cmdset: 0x22 cmdid: 0xAD
01-09 19:40:27.266	          linker	[Debug]	        dji_protocol_v3.c:387  <0x3aa5>V3-Recv: 00:003F:001E:0x0300 -> 03:003F:001E:0x0503 0x3C57, tLen 37 dLen 16
01-09 19:40:27.267	          linker	[Debug]	        dji_protocol_v3.c:506  0:0x0300 convert to 0003(0x0300)
01-09 19:40:27.267	          linker	[Debug]	        dji_protocol_v3.c:506  3:0x0503 convert to 0065(0x0503)
01-09 19:40:27.267	          linker	[Debug]	            dji_command.c:1128  <0x3aa5>Receive msg from linker, 0x0300(0x0003)->0x0503(0x0065) 0x3C57 len:16
01-09 19:40:27.267	          linker	[Debug]	            dji_command.c:980  received unsupport request cmd that noneed ack, <0x3aa5> cmdset: 0x3C cmdid: 0x57
01-09 19:40:27.294	          linker	[Debug]	        dji_protocol_v1.c:189  <0x6b1f>V1-Send: 0x0503->0x1007 0x198B
01-09 19:40:27.294	          linker	[Debug]	        dji_protocol_v3.c:266  <0x6b20>V3-Send: 03:003F:001E:0x0503 -> 00:003F:001E:0x0200 0x3C10, tLen 85 dLen 64
01-09 19:40:27.295	          linker	[Debug]	        dji_protocol_v3.c:266  <0x6b21>V3-Send: 03:003F:001E:0x0503 -> 00:003F:001E:0x0300 0x3C10, tLen 85 dLen 64
01-09 19:40:27.295	          linker	[Debug]	        dji_protocol_v3.c:266  <0x6b22>V3-Send: 03:003F:001E:0x0503 -> 00:003F:001E:0x1104 0x3C10, tLen 85 dLen 64
01-09 19:40:27.295	          linker	[Debug]	        dji_protocol_v3.c:266  <0x6b23>V3-Send: 03:003F:001E:0x0503 -> 00:003F:001E:0x0701 0x3C10, tLen 85 dLen 64
01-09 19:40:27.295	          linker	[Debug]	        dji_protocol_v3.c:266  <0x6b24>V3-Send: 03:003F:001E:0x0503 -> 00:003F:001E:0x1100 0x3C10, tLen 85 dLen 64
01-09 19:40:27.321	          linker	[Debug]	        dji_protocol_v3.c:266  <0x6b25>V3-Send: 03:003F:001E:0x0503 -> 00:003F:001E:0x0200 0x3C1F, tLen 58 dLen 37
01-09 19:40:27.329	          linker	[Debug]	        dji_protocol_v3.c:387  <0x4ada>V3-Recv: 00:003F:001E:0x1204 -> 03:003F:001E:0x0503 0x4900, tLen 23 dLen 2
01-09 19:40:27.329	          linker	[Debug]	        dji_protocol_v3.c:506  0:0x1204 convert to 0092(0x1204)
01-09 19:40:27.329	          linker	[Debug]	        dji_protocol_v3.c:506  3:0x0503 convert to 0065(0x0503)
01-09 19:40:27.330	          linker	[Debug]	            dji_command.c:1128  <0x4ada>Receive msg from linker, 0x1204(0x0092)->0x0503(0x0065) 0x4900 len:2
01-09 19:40:27.330	          linker	[Debug]	        dji_protocol_v3.c:266  <0x4ada>V3-Send: 03:003F:001E:0x0503 -> 00:003F:001E:0x1204 0x4900, tLen 23 dLen 2
01-09 19:40:27.335	          linker	[Debug]	        dji_protocol_v1.c:309  <0x2039>V1-Recv: 0x0A06->0x0503 0x0866
01-09 19:40:27.336	          linker	[Debug]	            dji_command.c:1128  <0x2039>Receive msg from linker, 0x0A06(0x00CA)->0x0503(0x0065) 0x0866 len:102
01-09 19:40:27.336	          linker	[Debug]	            dji_command.c:980  received unsupport request cmd that noneed ack, <0x2039> cmdset: 0x08 cmdid: 0x66
01-09 19:40:27.349	          linker	[Debug]	        dji_protocol_v3.c:387  <0x4adc>V3-Recv: 00:003F:001E:0x1204 -> 03:003F:001E:0x0503 0x22AD, tLen 68 dLen 47
01-09 19:40:27.349	          linker	[Debug]	        dji_protocol_v3.c:506  0:0x1204 convert to 0092(0x1204)
01-09 19:40:27.349	          linker	[Debug]	        dji_protocol_v3.c:506  3:0x0503 convert to 0065(0x0503)
01-09 19:40:27.349	          linker	[Debug]	            dji_command.c:1128  <0x4adc>Receive msg from linker, 0x1204(0x0092)->0x0503(0x0065) 0x22AD len:47
01-09 19:40:27.349	          linker	[Debug]	            dji_command.c:980  received unsupport request cmd that need ack, <0x4adc> cmdset: 0x22 cmdid: 0xAD
01-09 19:40:27.364	          linker	[Debug]	        dji_protocol_v3.c:266  <0x6b26>V3-Send: 03:003F:001E:0x0503 -> 00:003F:001E:0x0200 0x3C1B, tLen 77 dLen 56
01-09 19:40:27.429	          linker	[Debug]	        dji_protocol_v3.c:387  <0x4aec>V3-Recv: 00:003F:001E:0x1204 -> 03:003F:001E:0x0503 0x4900, tLen 23 dLen 2
01-09 19:40:27.429	          linker	[Debug]	        dji_protocol_v3.c:506  0:0x1204 convert to 0092(0x1204)
01-09 19:40:27.429	          linker	[Debug]	        dji_protocol_v3.c:506  3:0x0503 convert to 0065(0x0503)
01-09 19:40:27.430	          linker	[Debug]	            dji_command.c:1128  <0x4aec>Receive msg from linker, 0x1204(0x0092)->0x0503(0x0065) 0x4900 len:2
01-09 19:40:27.430	          linker	[Debug]	        dji_protocol_v3.c:266  <0x4aec>V3-Send: 03:003F:001E:0x0503 -> 00:003F:001E:0x1204 0x4900, tLen 23 dLen 2
01-09 19:40:27.449	          linker	[Debug]	        dji_protocol_v3.c:387  <0x4af0>V3-Recv: 00:003F:001E:0x1204 -> 03:003F:001E:0x0503 0x22AD, tLen 68 dLen 47
01-09 19:40:27.449	          linker	[Debug]	        dji_protocol_v3.c:506  0:0x1204 convert to 0092(0x1204)
01-09 19:40:27.449	          linker	[Debug]	        dji_protocol_v3.c:506  3:0x0503 convert to 0065(0x0503)
01-09 19:40:27.450	          linker	[Debug]	            dji_command.c:1128  <0x4af0>Receive msg from linker, 0x1204(0x0092)->0x0503(0x0065) 0x22AD len:47
01-09 19:40:27.450	          linker	[Debug]	            dji_command.c:980  received unsupport request cmd that need ack, <0x4af0> cmdset: 0x22 cmdid: 0xAD
01-09 19:40:27.467	          linker	[Debug]	        dji_protocol_v3.c:387  <0x3c29>V3-Recv: 00:003F:001E:0x0300 -> 03:003F:001E:0x0503 0x3C57, tLen 37 dLen 16
01-09 19:40:27.467	          linker	[Debug]	        dji_protocol_v3.c:506  0:0x0300 convert to 0003(0x0300)
01-09 19:40:27.467	          linker	[Debug]	        dji_protocol_v3.c:506  3:0x0503 convert to 0065(0x0503)
01-09 19:40:27.467	          linker	[Debug]	            dji_command.c:1128  <0x3c29>Receive msg from linker, 0x0300(0x0003)->0x0503(0x0065) 0x3C57 len:16
01-09 19:40:27.467	          linker	[Debug]	            dji_command.c:980  received unsupport request cmd that noneed ack, <0x3c29> cmdset: 0x3C cmdid: 0x57
01-09 19:40:27.490	           utils	[Debug]	          dji_root_task.c:131  work execution time:
01-09 19:40:27.490	           utils	[Debug]	          dji_root_task.c:132  name	                execution time (ms)	  max execution time (ms)
01-09 19:40:27.490	           utils	[Debug]	          dji_root_task.c:134  recorderWork                    	1       	1       
01-09 19:40:27.490	           utils	[Debug]	          dji_root_task.c:134  flowControllerTask              	0       	1       
01-09 19:40:27.490	           utils	[Debug]	          dji_root_task.c:134  commandTask                     	1       	1       
01-09 19:40:27.490	           utils	[Debug]	          dji_root_task.c:134  aircraftWorkNode                	0       	1       
01-09 19:40:27.490	           utils	[Debug]	          dji_root_task.c:134  dataBuriedPointTask             	0       	0       
01-09 19:40:27.490	           utils	[Debug]	          dji_root_task.c:134  StatePushWork                   	2       	2       
01-09 19:40:27.490	           utils	[Debug]	          dji_root_task.c:134  WidgetWork                      	0       	2       
01-09 19:40:27.490	           utils	[Debug]	          dji_root_task.c:134  hmsTask                         	0       	0       
01-09 19:40:27.490	           utils	[Debug]	          dji_root_task.c:134  dataChannelTask                 	0       	0       
01-09 19:40:27.508	          linker	[Debug]	        dji_protocol_v1.c:189  <0x6b27>V1-Send: 0x0503->0x1007 0x198B
01-09 19:40:27.508	          linker	[Debug]	        dji_protocol_v3.c:266  <0x6b28>V3-Send: 03:003F:001E:0x0503 -> 00:003F:001E:0x0200 0x3C10, tLen 85 dLen 64
01-09 19:40:27.508	          linker	[Debug]	        dji_protocol_v3.c:266  <0x6b29>V3-Send: 03:003F:001E:0x0503 -> 00:003F:001E:0x0300 0x3C10, tLen 85 dLen 64
01-09 19:40:27.508	          linker	[Debug]	        dji_protocol_v3.c:266  <0x6b2a>V3-Send: 03:003F:001E:0x0503 -> 00:003F:001E:0x1104 0x3C10, tLen 85 dLen 64
01-09 19:40:27.508	          linker	[Debug]	        dji_protocol_v3.c:266  <0x6b2b>V3-Send: 03:003F:001E:0x0503 -> 00:003F:001E:0x0701 0x3C10, tLen 85 dLen 64
01-09 19:40:27.508	          linker	[Debug]	        dji_protocol_v3.c:266  <0x6b2c>V3-Send: 03:003F:001E:0x0503 -> 00:003F:001E:0x1100 0x3C10, tLen 85 dLen 64
01-09 19:40:27.521	          linker	[Debug]	        dji_protocol_v3.c:266  <0x6b2d>V3-Send: 03:003F:001E:0x0503 -> 00:003F:001E:0x0200 0x3C1F, tLen 58 dLen 37
01-09 19:40:27.529	          linker	[Debug]	        dji_protocol_v3.c:387  <0x4afc>V3-Recv: 00:003F:001E:0x1204 -> 03:003F:001E:0x0503 0x4900, tLen 23 dLen 2
01-09 19:40:27.529	          linker	[Debug]	        dji_protocol_v3.c:506  0:0x1204 convert to 0092(0x1204)
01-09 19:40:27.529	          linker	[Debug]	        dji_protocol_v3.c:506  3:0x0503 convert to 0065(0x0503)
01-09 19:40:27.530	          linker	[Debug]	            dji_command.c:1128  <0x4afc>Receive msg from linker, 0x1204(0x0092)->0x0503(0x0065) 0x4900 len:2
01-09 19:40:27.530	          linker	[Debug]	        dji_protocol_v3.c:266  <0x4afc>V3-Send: 03:003F:001E:0x0503 -> 00:003F:001E:0x1204 0x4900, tLen 23 dLen 2
01-09 19:40:27.549	          linker	[Debug]	        dji_protocol_v3.c:387  <0x4b00>V3-Recv: 00:003F:001E:0x1204 -> 03:003F:001E:0x0503 0x22AD, tLen 68 dLen 47
01-09 19:40:27.549	          linker	[Debug]	        dji_protocol_v3.c:506  0:0x1204 convert to 0092(0x1204)
01-09 19:40:27.549	          linker	[Debug]	        dji_protocol_v3.c:506  3:0x0503 convert to 0065(0x0503)
01-09 19:40:27.550	          linker	[Debug]	            dji_command.c:1128  <0x4b00>Receive msg from linker, 0x1204(0x0092)->0x0503(0x0065) 0x22AD len:47
01-09 19:40:27.550	          linker	[Debug]	            dji_command.c:980  received unsupport request cmd that need ack, <0x4b00> cmdset: 0x22 cmdid: 0xAD
01-09 19:40:27.565	          linker	[Debug]	        dji_protocol_v3.c:387  <0xeab8>V3-Recv: 00:0001:0000:0x0202 -> 03:0000:0001:0x0503 0x3C68, tLen 23 dLen 2
01-09 19:40:27.565	          linker	[Debug]	        dji_protocol_v3.c:506  0:0x0202 convert to 0042(0x0202)
01-09 19:40:27.565	          linker	[Debug]	        dji_protocol_v3.c:506  3:0x0503 convert to 0065(0x0503)
01-09 19:40:27.566	          linker	[Debug]	            dji_command.c:1128  <0xeab8>Receive msg from linker, 0x0202(0x0042)->0x0503(0x0065) 0x3C68 len:2
01-09 19:40:27.566	          linker	[Debug]	            dji_command.c:980  received unsupport request cmd that need ack, <0xeab8> cmdset: 0x3C cmdid: 0x68
01-09 19:40:27.578	          linker	[Debug]	        dji_protocol_v3.c:266  <0x6b2e>V3-Send: 03:003F:001E:0x0503 -> 00:003F:001E:0x0200 0x3C1B, tLen 77 dLen 56
01-09 19:40:27.629	          linker	[Debug]	        dji_protocol_v3.c:387  <0x4b0c>V3-Recv: 00:003F:001E:0x1204 -> 03:003F:001E:0x0503 0x4900, tLen 23 dLen 2
01-09 19:40:27.629	          linker	[Debug]	        dji_protocol_v3.c:506  0:0x1204 convert to 0092(0x1204)
01-09 19:40:27.629	          linker	[Debug]	        dji_protocol_v3.c:506  3:0x0503 convert to 0065(0x0503)
01-09 19:40:27.630	          linker	[Debug]	            dji_command.c:1128  <0x4b0c>Receive msg from linker, 0x1204(0x0092)->0x0503(0x0065) 0x4900 len:2
01-09 19:40:27.630	          linker	[Debug]	        dji_protocol_v3.c:266  <0x4b0c>V3-Send: 03:003F:001E:0x0503 -> 00:003F:001E:0x1204 0x4900, tLen 23 dLen 2
01-09 19:40:27.649	          linker	[Debug]	        dji_protocol_v3.c:387  <0x4b10>V3-Recv: 00:003F:001E:0x1204 -> 03:003F:001E:0x0503 0x22AD, tLen 68 dLen 47
01-09 19:40:27.649	          linker	[Debug]	        dji_protocol_v3.c:506  0:0x1204 convert to 0092(0x1204)
01-09 19:40:27.649	          linker	[Debug]	        dji_protocol_v3.c:506  3:0x0503 convert to 0065(0x0503)
01-09 19:40:27.650	          linker	[Debug]	            dji_command.c:1128  <0x4b10>Receive msg from linker, 0x1204(0x0092)->0x0503(0x0065) 0x22AD len:47
01-09 19:40:27.650	          linker	[Debug]	            dji_command.c:980  received unsupport request cmd that need ack, <0x4b10> cmdset: 0x22 cmdid: 0xAD
01-09 19:40:27.667	          linker	[Debug]	        dji_protocol_v3.c:387  <0x3da2>V3-Recv: 00:003F:001E:0x0300 -> 03:003F:001E:0x0503 0x3C57, tLen 37 dLen 16
01-09 19:40:27.667	          linker	[Debug]	        dji_protocol_v3.c:506  0:0x0300 convert to 0003(0x0300)
01-09 19:40:27.667	          linker	[Debug]	        dji_protocol_v3.c:506  3:0x0503 convert to 0065(0x0503)
01-09 19:40:27.667	          linker	[Debug]	            dji_command.c:1128  <0x3da2>Receive msg from linker, 0x0300(0x0003)->0x0503(0x0065) 0x3C57 len:16
01-09 19:40:27.667	          linker	[Debug]	            dji_command.c:980  received unsupport request cmd that noneed ack, <0x3da2> cmdset: 0x3C cmdid: 0x57
01-09 19:40:27.685	          linker	[Debug]	        dji_protocol_v3.c:387  <0xebd4>V3-Recv: 00:0001:0000:0x0202 -> 03:0000:0001:0x0503 0x3C1C, tLen 28 dLen 7
01-09 19:40:27.685	          linker	[Debug]	        dji_protocol_v3.c:506  0:0x0202 convert to 0042(0x0202)
01-09 19:40:27.685	          linker	[Debug]	        dji_protocol_v3.c:506  3:0x0503 convert to 0065(0x0503)
01-09 19:40:27.685	          linker	[Debug]	            dji_command.c:1128  <0xebd4>Receive msg from linker, 0x0202(0x0042)->0x0503(0x0065) 0x3C1C len:7
01-09 19:40:27.696	          linker	[Debug]	        dji_protocol_v3.c:387  <0xebd5>V3-Recv: 00:0001:0000:0x0202 -> 03:0000:0001:0x0503 0x3C25, tLen 23 dLen 2
01-09 19:40:27.696	          linker	[Debug]	        dji_protocol_v3.c:506  0:0x0202 convert to 0042(0x0202)
01-09 19:40:27.696	          linker	[Debug]	        dji_protocol_v3.c:506  3:0x0503 convert to 0065(0x0503)
01-09 19:40:27.697	          linker	[Debug]	            dji_command.c:1128  <0xebd5>Receive msg from linker, 0x0202(0x0042)->0x0503(0x0065) 0x3C25 len:2
01-09 19:40:27.697	          linker	[Debug]	            dji_command.c:980  received unsupport request cmd that need ack, <0xebd5> cmdset: 0x3C cmdid: 0x25
01-09 19:40:27.721	          linker	[Debug]	        dji_protocol_v3.c:266  <0x6b2f>V3-Send: 03:003F:001E:0x0503 -> 00:003F:001E:0x0200 0x3C1F, tLen 58 dLen 37
01-09 19:40:27.724	          linker	[Debug]	        dji_protocol_v1.c:189  <0x6b30>V1-Send: 0x0503->0x1007 0x198B
01-09 19:40:27.724	          linker	[Debug]	        dji_protocol_v3.c:266  <0x6b31>V3-Send: 03:003F:001E:0x0503 -> 00:003F:001E:0x0200 0x3C10, tLen 85 dLen 64
01-09 19:40:27.724	          linker	[Debug]	        dji_protocol_v3.c:266  <0x6b32>V3-Send: 03:003F:001E:0x0503 -> 00:003F:001E:0x0300 0x3C10, tLen 85 dLen 64
01-09 19:40:27.725	          linker	[Debug]	        dji_protocol_v3.c:266  <0x6b33>V3-Send: 03:003F:001E:0x0503 -> 00:003F:001E:0x1104 0x3C10, tLen 85 dLen 64
01-09 19:40:27.725	          linker	[Debug]	        dji_protocol_v3.c:266  <0x6b34>V3-Send: 03:003F:001E:0x0503 -> 00:003F:001E:0x0701 0x3C10, tLen 85 dLen 64
01-09 19:40:27.725	          linker	[Debug]	        dji_protocol_v3.c:266  <0x6b35>V3-Send: 03:003F:001E:0x0503 -> 00:003F:001E:0x1100 0x3C10, tLen 85 dLen 64
01-09 19:40:27.729	          linker	[Debug]	        dji_protocol_v3.c:387  <0x4b1c>V3-Recv: 00:003F:001E:0x1204 -> 03:003F:001E:0x0503 0x4900, tLen 23 dLen 2
01-09 19:40:27.729	          linker	[Debug]	        dji_protocol_v3.c:506  0:0x1204 convert to 0092(0x1204)
01-09 19:40:27.729	          linker	[Debug]	        dji_protocol_v3.c:506  3:0x0503 convert to 0065(0x0503)
01-09 19:40:27.730	          linker	[Debug]	            dji_command.c:1128  <0x4b1c>Receive msg from linker, 0x1204(0x0092)->0x0503(0x0065) 0x4900 len:2
01-09 19:40:27.730	          linker	[Debug]	        dji_protocol_v3.c:266  <0x4b1c>V3-Send: 03:003F:001E:0x0503 -> 00:003F:001E:0x1204 0x4900, tLen 23 dLen 2
01-09 19:40:27.749	          linker	[Debug]	        dji_protocol_v3.c:387  <0x4b20>V3-Recv: 00:003F:001E:0x1204 -> 03:003F:001E:0x0503 0x22AD, tLen 68 dLen 47
01-09 19:40:27.749	          linker	[Debug]	        dji_protocol_v3.c:506  0:0x1204 convert to 0092(0x1204)
01-09 19:40:27.749	          linker	[Debug]	        dji_protocol_v3.c:506  3:0x0503 convert to 0065(0x0503)
01-09 19:40:27.749	          linker	[Debug]	            dji_command.c:1128  <0x4b20>Receive msg from linker, 0x1204(0x0092)->0x0503(0x0065) 0x22AD len:47
01-09 19:40:27.749	          linker	[Debug]	            dji_command.c:980  received unsupport request cmd that need ack, <0x4b20> cmdset: 0x22 cmdid: 0xAD
01-09 19:40:27.794	          linker	[Debug]	        dji_protocol_v3.c:266  <0x6b36>V3-Send: 03:003F:001E:0x0503 -> 00:003F:001E:0x0200 0x3C1B, tLen 77 dLen 56
01-09 19:40:27.830	          linker	[Debug]	        dji_protocol_v3.c:387  <0x4b2c>V3-Recv: 00:003F:001E:0x1204 -> 03:003F:001E:0x0503 0x4900, tLen 23 dLen 2
01-09 19:40:27.830	          linker	[Debug]	        dji_protocol_v3.c:506  0:0x1204 convert to 0092(0x1204)
01-09 19:40:27.830	          linker	[Debug]	        dji_protocol_v3.c:506  3:0x0503 convert to 0065(0x0503)
01-09 19:40:27.830	          linker	[Debug]	            dji_command.c:1128  <0x4b2c>Receive msg from linker, 0x1204(0x0092)->0x0503(0x0065) 0x4900 len:2
01-09 19:40:27.830	          linker	[Debug]	        dji_protocol_v3.c:266  <0x4b2c>V3-Send: 03:003F:001E:0x0503 -> 00:003F:001E:0x1204 0x4900, tLen 23 dLen 2
01-09 19:40:27.835	          linker	[Debug]	        dji_protocol_v1.c:309  <0x2039>V1-Recv: 0x0A06->0x0503 0x0866
01-09 19:40:27.835	          linker	[Debug]	            dji_command.c:1128  <0x2039>Receive msg from linker, 0x0A06(0x00CA)->0x0503(0x0065) 0x0866 len:102
01-09 19:40:27.835	          linker	[Debug]	            dji_command.c:980  received unsupport request cmd that noneed ack, <0x2039> cmdset: 0x08 cmdid: 0x66
01-09 19:40:27.849	          linker	[Debug]	        dji_protocol_v3.c:387  <0x4b30>V3-Recv: 00:003F:001E:0x1204 -> 03:003F:001E:0x0503 0x22AD, tLen 68 dLen 47
01-09 19:40:27.849	          linker	[Debug]	        dji_protocol_v3.c:506  0:0x1204 convert to 0092(0x1204)
01-09 19:40:27.849	          linker	[Debug]	        dji_protocol_v3.c:506  3:0x0503 convert to 0065(0x0503)
01-09 19:40:27.850	          linker	[Debug]	            dji_command.c:1128  <0x4b30>Receive msg from linker, 0x1204(0x0092)->0x0503(0x0065) 0x22AD len:47
01-09 19:40:27.850	          linker	[Debug]	            dji_command.c:980  received unsupport request cmd that need ack, <0x4b30> cmdset: 0x22 cmdid: 0xAD
01-09 19:40:27.867	          linker	[Debug]	        dji_protocol_v3.c:387  <0x3eff>V3-Recv: 00:003F:001E:0x0300 -> 03:003F:001E:0x0503 0x3C57, tLen 37 dLen 16
01-09 19:40:27.867	          linker	[Debug]	        dji_protocol_v3.c:506  0:0x0300 convert to 0003(0x0300)
01-09 19:40:27.867	          linker	[Debug]	        dji_protocol_v3.c:506  3:0x0503 convert to 0065(0x0503)
01-09 19:40:27.867	          linker	[Debug]	            dji_command.c:1128  <0x3eff>Receive msg from linker, 0x0300(0x0003)->0x0503(0x0065) 0x3C57 len:16
01-09 19:40:27.867	          linker	[Debug]	            dji_command.c:980  received unsupport request cmd that noneed ack, <0x3eff> cmdset: 0x3C cmdid: 0x57
01-09 19:40:27.921	          linker	[Debug]	        dji_protocol_v3.c:266  <0x6b37>V3-Send: 03:003F:001E:0x0503 -> 00:003F:001E:0x0200 0x3C1F, tLen 58 dLen 37
01-09 19:40:27.929	          linker	[Debug]	        dji_protocol_v3.c:387  <0x4b3d>V3-Recv: 00:003F:001E:0x1204 -> 03:003F:001E:0x0503 0x4900, tLen 23 dLen 2
01-09 19:40:27.929	          linker	[Debug]	        dji_protocol_v3.c:506  0:0x1204 convert to 0092(0x1204)
01-09 19:40:27.929	          linker	[Debug]	        dji_protocol_v3.c:506  3:0x0503 convert to 0065(0x0503)
01-09 19:40:27.930	          linker	[Debug]	            dji_command.c:1128  <0x4b3d>Receive msg from linker, 0x1204(0x0092)->0x0503(0x0065) 0x4900 len:2
01-09 19:40:27.930	          linker	[Debug]	        dji_protocol_v3.c:266  <0x4b3d>V3-Send: 03:003F:001E:0x0503 -> 00:003F:001E:0x1204 0x4900, tLen 23 dLen 2
01-09 19:40:27.937	          linker	[Debug]	        dji_protocol_v1.c:189  <0x6b38>V1-Send: 0x0503->0x1007 0x198B
01-09 19:40:27.937	          linker	[Debug]	        dji_protocol_v3.c:266  <0x6b39>V3-Send: 03:003F:001E:0x0503 -> 00:003F:001E:0x0200 0x3C10, tLen 85 dLen 64
01-09 19:40:27.937	          linker	[Debug]	        dji_protocol_v3.c:266  <0x6b3a>V3-Send: 03:003F:001E:0x0503 -> 00:003F:001E:0x0300 0x3C10, tLen 85 dLen 64
01-09 19:40:27.938	          linker	[Debug]	        dji_protocol_v3.c:266  <0x6b3b>V3-Send: 03:003F:001E:0x0503 -> 00:003F:001E:0x1104 0x3C10, tLen 85 dLen 64
01-09 19:40:27.938	          linker	[Debug]	        dji_protocol_v3.c:266  <0x6b3c>V3-Send: 03:003F:001E:0x0503 -> 00:003F:001E:0x0701 0x3C10, tLen 85 dLen 64
01-09 19:40:27.938	          linker	[Debug]	        dji_protocol_v3.c:266  <0x6b3d>V3-Send: 03:003F:001E:0x0503 -> 00:003F:001E:0x1100 0x3C10, tLen 85 dLen 64
01-09 19:40:27.949	          linker	[Debug]	        dji_protocol_v3.c:387  <0x4b41>V3-Recv: 00:003F:001E:0x1204 -> 03:003F:001E:0x0503 0x22AD, tLen 68 dLen 47
01-09 19:40:27.949	          linker	[Debug]	        dji_protocol_v3.c:506  0:0x1204 convert to 0092(0x1204)
01-09 19:40:27.949	          linker	[Debug]	        dji_protocol_v3.c:506  3:0x0503 convert to 0065(0x0503)
01-09 19:40:27.950	          linker	[Debug]	            dji_command.c:1128  <0x4b41>Receive msg from linker, 0x1204(0x0092)->0x0503(0x0065) 0x22AD len:47
01-09 19:40:27.950	          linker	[Debug]	            dji_command.c:980  received unsupport request cmd that need ack, <0x4b41> cmdset: 0x22 cmdid: 0xAD
01-09 19:40:28.007	          linker	[Debug]	        dji_protocol_v3.c:266  <0x6b3e>V3-Send: 03:003F:001E:0x0503 -> 00:003F:001E:0x0200 0x3C1B, tLen 77 dLen 56
01-09 19:40:28.024	          linker	[Debug]	        dji_protocol_v3.c:266  <0x6b3f>V3-Send: 03:003F:001E:0x0503 -> 00:003F:001E:0x0801 0x0000, tLen 21 dLen 0
01-09 19:40:28.024	           infor	[Debug]	dji_aircraft_connection.c:170  check connect status:1
01-09 19:40:28.024	          linker	[Debug]	        dji_protocol_v3.c:387  <0x6b3f>V3-Recv: 00:003F:001E:0x0801 -> 03:003F:001E:0x0503 0x0000, tLen 22 dLen 1
01-09 19:40:28.024	          linker	[Debug]	        dji_protocol_v3.c:506  0:0x0801 convert to 0028(0x0801)
01-09 19:40:28.024	          linker	[Debug]	        dji_protocol_v3.c:506  3:0x0503 convert to 0065(0x0503)
01-09 19:40:28.025	          linker	[Debug]	            dji_command.c:1128  <0x6b3f>Receive msg from linker, 0x0801(0x0028)->0x0503(0x0065) 0x0000 len:1
01-09 19:40:28.025	           infor	[Debug]	dji_aircraft_connection.c:303  connect status async sucess
01-09 19:40:28.025	          linker	[Debug]	            dji_command.c:890  callback function (cmdset: 0x00 cmdid: 0x00) deal time: 0 ms
01-09 19:40:28.034	          linker	[Debug]	        dji_protocol_v3.c:387  <0x4b4d>V3-Recv: 00:003F:001E:0x1204 -> 03:003F:001E:0x0503 0x4900, tLen 23 dLen 2
01-09 19:40:28.034	          linker	[Debug]	        dji_protocol_v3.c:506  0:0x1204 convert to 0092(0x1204)
01-09 19:40:28.034	          linker	[Debug]	        dji_protocol_v3.c:506  3:0x0503 convert to 0065(0x0503)
01-09 19:40:28.035	          linker	[Debug]	            dji_command.c:1128  <0x4b4d>Receive msg from linker, 0x1204(0x0092)->0x0503(0x0065) 0x4900 len:2
01-09 19:40:28.035	          linker	[Debug]	        dji_protocol_v3.c:266  <0x4b4d>V3-Send: 03:003F:001E:0x0503 -> 00:003F:001E:0x1204 0x4900, tLen 23 dLen 2
01-09 19:40:28.049	          linker	[Debug]	        dji_protocol_v3.c:387  <0x4b51>V3-Recv: 00:003F:001E:0x1204 -> 03:003F:001E:0x0503 0x22AD, tLen 68 dLen 47
01-09 19:40:28.049	          linker	[Debug]	        dji_protocol_v3.c:506  0:0x1204 convert to 0092(0x1204)
01-09 19:40:28.049	          linker	[Debug]	        dji_protocol_v3.c:506  3:0x0503 convert to 0065(0x0503)
01-09 19:40:28.050	          linker	[Debug]	            dji_command.c:1128  <0x4b51>Receive msg from linker, 0x1204(0x0092)->0x0503(0x0065) 0x22AD len:47
01-09 19:40:28.050	          linker	[Debug]	            dji_command.c:980  received unsupport request cmd that need ack, <0x4b51> cmdset: 0x22 cmdid: 0xAD
01-09 19:40:28.067	          linker	[Debug]	        dji_protocol_v3.c:387  <0xea12>V3-Recv: 00:0001:0000:0x0202 -> 03:0000:0001:0x0503 0x3C20, tLen 22 dLen 1
01-09 19:40:28.067	          linker	[Debug]	        dji_protocol_v3.c:506  0:0x0202 convert to 0042(0x0202)
01-09 19:40:28.067	          linker	[Debug]	        dji_protocol_v3.c:506  3:0x0503 convert to 0065(0x0503)
01-09 19:40:28.067	          linker	[Debug]	        dji_protocol_v3.c:387  <0x4060>V3-Recv: 00:003F:001E:0x0300 -> 03:003F:001E:0x0503 0x3C57, tLen 37 dLen 16
01-09 19:40:28.067	          linker	[Debug]	        dji_protocol_v3.c:506  0:0x0300 convert to 0003(0x0300)
01-09 19:40:28.067	          linker	[Debug]	        dji_protocol_v3.c:506  3:0x0503 convert to 0065(0x0503)
01-09 19:40:28.068	          linker	[Debug]	            dji_command.c:1128  <0xea12>Receive msg from linker, 0x0202(0x0042)->0x0503(0x0065) 0x3C20 len:1
01-09 19:40:28.068	          linker	[Debug]	            dji_command.c:980  received unsupport request cmd that need ack, <0xea12> cmdset: 0x3C cmdid: 0x20
01-09 19:40:28.069	          linker	[Debug]	            dji_command.c:1128  <0x4060>Receive msg from linker, 0x0300(0x0003)->0x0503(0x0065) 0x3C57 len:16
01-09 19:40:28.069	          linker	[Debug]	            dji_command.c:980  received unsupport request cmd that noneed ack, <0x4060> cmdset: 0x3C cmdid: 0x57
01-09 19:40:28.121	          linker	[Debug]	        dji_protocol_v3.c:266  <0x6b40>V3-Send: 03:003F:001E:0x0503 -> 00:003F:001E:0x0200 0x3C1F, tLen 58 dLen 37
01-09 19:40:28.129	          linker	[Debug]	        dji_protocol_v3.c:387  <0x4b5d>V3-Recv: 00:003F:001E:0x1204 -> 03:003F:001E:0x0503 0x4900, tLen 23 dLen 2
01-09 19:40:28.129	          linker	[Debug]	        dji_protocol_v3.c:506  0:0x1204 convert to 0092(0x1204)
01-09 19:40:28.129	          linker	[Debug]	        dji_protocol_v3.c:506  3:0x0503 convert to 0065(0x0503)
01-09 19:40:28.130	          linker	[Debug]	            dji_command.c:1128  <0x4b5d>Receive msg from linker, 0x1204(0x0092)->0x0503(0x0065) 0x4900 len:2
01-09 19:40:28.130	          linker	[Debug]	        dji_protocol_v3.c:266  <0x4b5d>V3-Send: 03:003F:001E:0x0503 -> 00:003F:001E:0x1204 0x4900, tLen 23 dLen 2
01-09 19:40:28.149	          linker	[Debug]	        dji_protocol_v3.c:387  <0x4b61>V3-Recv: 00:003F:001E:0x1204 -> 03:003F:001E:0x0503 0x22AD, tLen 68 dLen 47
01-09 19:40:28.149	          linker	[Debug]	        dji_protocol_v3.c:506  0:0x1204 convert to 0092(0x1204)
01-09 19:40:28.149	          linker	[Debug]	        dji_protocol_v3.c:506  3:0x0503 convert to 0065(0x0503)
01-09 19:40:28.150	          linker	[Debug]	            dji_command.c:1128  <0x4b61>Receive msg from linker, 0x1204(0x0092)->0x0503(0x0065) 0x22AD len:47
01-09 19:40:28.150	          linker	[Debug]	            dji_command.c:980  received unsupport request cmd that need ack, <0x4b61> cmdset: 0x22 cmdid: 0xAD
01-09 19:40:28.150	          linker	[Debug]	        dji_protocol_v1.c:189  <0x6b41>V1-Send: 0x0503->0x1007 0x198B
01-09 19:40:28.150	          linker	[Debug]	        dji_protocol_v3.c:266  <0x6b42>V3-Send: 03:003F:001E:0x0503 -> 00:003F:001E:0x0200 0x3C10, tLen 85 dLen 64
01-09 19:40:28.151	          linker	[Debug]	        dji_protocol_v3.c:266  <0x6b43>V3-Send: 03:003F:001E:0x0503 -> 00:003F:001E:0x0300 0x3C10, tLen 85 dLen 64
01-09 19:40:28.151	          linker	[Debug]	        dji_protocol_v3.c:266  <0x6b44>V3-Send: 03:003F:001E:0x0503 -> 00:003F:001E:0x1104 0x3C10, tLen 85 dLen 64
01-09 19:40:28.151	          linker	[Debug]	        dji_protocol_v3.c:266  <0x6b45>V3-Send: 03:003F:001E:0x0503 -> 00:003F:001E:0x0701 0x3C10, tLen 85 dLen 64
01-09 19:40:28.151	          linker	[Debug]	        dji_protocol_v3.c:266  <0x6b46>V3-Send: 03:003F:001E:0x0503 -> 00:003F:001E:0x1100 0x3C10, tLen 85 dLen 64
01-09 19:40:28.214	         channel	[Debug]	dji_high_speed_data_channel.c:1235 Push channel scales to msdk scales:50 50, is_ma_supported:0 0 
01-09 19:40:28.214	          linker	[Debug]	        dji_protocol_v3.c:266  <0x6b47>V3-Send: 03:003F:001E:0x0503 -> 00:003F:001E:0x0200 0x3C41, tLen 33 dLen 12
01-09 19:40:28.220	          linker	[Debug]	        dji_protocol_v3.c:266  <0x6b48>V3-Send: 03:003F:001E:0x0503 -> 00:003F:001E:0x0200 0x3C1B, tLen 77 dLen 56
01-09 19:40:28.229	          linker	[Debug]	        dji_protocol_v3.c:387  <0x4b6e>V3-Recv: 00:003F:001E:0x1204 -> 03:003F:001E:0x0503 0x4900, tLen 23 dLen 2
01-09 19:40:28.229	          linker	[Debug]	        dji_protocol_v3.c:506  0:0x1204 convert to 0092(0x1204)
01-09 19:40:28.230	          linker	[Debug]	        dji_protocol_v3.c:506  3:0x0503 convert to 0065(0x0503)
01-09 19:40:28.230	          linker	[Debug]	            dji_command.c:1128  <0x4b6e>Receive msg from linker, 0x1204(0x0092)->0x0503(0x0065) 0x4900 len:2
01-09 19:40:28.230	          linker	[Debug]	        dji_protocol_v3.c:266  <0x4b6e>V3-Send: 03:003F:001E:0x0503 -> 00:003F:001E:0x1204 0x4900, tLen 23 dLen 2
01-09 19:40:28.249	          linker	[Debug]	        dji_protocol_v3.c:387  <0x4b72>V3-Recv: 00:003F:001E:0x1204 -> 03:003F:001E:0x0503 0x22AD, tLen 68 dLen 47
01-09 19:40:28.249	          linker	[Debug]	        dji_protocol_v3.c:506  0:0x1204 convert to 0092(0x1204)
01-09 19:40:28.249	          linker	[Debug]	        dji_protocol_v3.c:506  3:0x0503 convert to 0065(0x0503)
01-09 19:40:28.250	          linker	[Debug]	            dji_command.c:1128  <0x4b72>Receive msg from linker, 0x1204(0x0092)->0x0503(0x0065) 0x22AD len:47
01-09 19:40:28.250	          linker	[Debug]	            dji_command.c:980  received unsupport request cmd that need ack, <0x4b72> cmdset: 0x22 cmdid: 0xAD
01-09 19:40:28.268	          linker	[Debug]	        dji_protocol_v3.c:387  <0x41c0>V3-Recv: 00:003F:001E:0x0300 -> 03:003F:001E:0x0503 0x3C57, tLen 37 dLen 16
01-09 19:40:28.268	          linker	[Debug]	        dji_protocol_v3.c:506  0:0x0300 convert to 0003(0x0300)
01-09 19:40:28.268	          linker	[Debug]	        dji_protocol_v3.c:506  3:0x0503 convert to 0065(0x0503)
01-09 19:40:28.268	          linker	[Debug]	            dji_command.c:1128  <0x41c0>Receive msg from linker, 0x0300(0x0003)->0x0503(0x0065) 0x3C57 len:16
01-09 19:40:28.268	          linker	[Debug]	            dji_command.c:980  received unsupport request cmd that noneed ack, <0x41c0> cmdset: 0x3C cmdid: 0x57
01-09 19:40:28.321	          linker	[Debug]	        dji_protocol_v3.c:266  <0x6b49>V3-Send: 03:003F:001E:0x0503 -> 00:003F:001E:0x0200 0x3C1F, tLen 58 dLen 37
01-09 19:40:28.330	          linker	[Debug]	        dji_protocol_v3.c:387  <0x4b7e>V3-Recv: 00:003F:001E:0x1204 -> 03:003F:001E:0x0503 0x4900, tLen 23 dLen 2
01-09 19:40:28.330	          linker	[Debug]	        dji_protocol_v3.c:506  0:0x1204 convert to 0092(0x1204)
01-09 19:40:28.330	          linker	[Debug]	        dji_protocol_v3.c:506  3:0x0503 convert to 0065(0x0503)
01-09 19:40:28.330	          linker	[Debug]	            dji_command.c:1128  <0x4b7e>Receive msg from linker, 0x1204(0x0092)->0x0503(0x0065) 0x4900 len:2
01-09 19:40:28.331	          linker	[Debug]	        dji_protocol_v3.c:266  <0x4b7e>V3-Send: 03:003F:001E:0x0503 -> 00:003F:001E:0x1204 0x4900, tLen 23 dLen 2
01-09 19:40:28.335	          linker	[Debug]	        dji_protocol_v1.c:309  <0x2039>V1-Recv: 0x0A06->0x0503 0x0866
01-09 19:40:28.336	          linker	[Debug]	            dji_command.c:1128  <0x2039>Receive msg from linker, 0x0A06(0x00CA)->0x0503(0x0065) 0x0866 len:102
01-09 19:40:28.336	          linker	[Debug]	            dji_command.c:980  received unsupport request cmd that noneed ack, <0x2039> cmdset: 0x08 cmdid: 0x66
01-09 19:40:28.350	          linker	[Debug]	        dji_protocol_v3.c:387  <0x4b80>V3-Recv: 00:003F:001E:0x1204 -> 03:003F:001E:0x0503 0x22AD, tLen 68 dLen 47
01-09 19:40:28.350	          linker	[Debug]	        dji_protocol_v3.c:506  0:0x1204 convert to 0092(0x1204)
01-09 19:40:28.350	          linker	[Debug]	        dji_protocol_v3.c:506  3:0x0503 convert to 0065(0x0503)
01-09 19:40:28.350	          linker	[Debug]	            dji_command.c:1128  <0x4b80>Receive msg from linker, 0x1204(0x0092)->0x0503(0x0065) 0x22AD len:47
01-09 19:40:28.350	          linker	[Debug]	            dji_command.c:980  received unsupport request cmd that need ack, <0x4b80> cmdset: 0x22 cmdid: 0xAD
01-09 19:40:28.365	          linker	[Debug]	        dji_protocol_v1.c:189  <0x6b4a>V1-Send: 0x0503->0x1007 0x198B
01-09 19:40:28.365	          linker	[Debug]	        dji_protocol_v3.c:266  <0x6b4b>V3-Send: 03:003F:001E:0x0503 -> 00:003F:001E:0x0200 0x3C10, tLen 85 dLen 64
01-09 19:40:28.365	          linker	[Debug]	        dji_protocol_v3.c:266  <0x6b4c>V3-Send: 03:003F:001E:0x0503 -> 00:003F:001E:0x0300 0x3C10, tLen 85 dLen 64
01-09 19:40:28.365	          linker	[Debug]	        dji_protocol_v3.c:266  <0x6b4d>V3-Send: 03:003F:001E:0x0503 -> 00:003F:001E:0x1104 0x3C10, tLen 85 dLen 64
01-09 19:40:28.365	          linker	[Debug]	        dji_protocol_v3.c:266  <0x6b4e>V3-Send: 03:003F:001E:0x0503 -> 00:003F:001E:0x0701 0x3C10, tLen 85 dLen 64
01-09 19:40:28.365	          linker	[Debug]	        dji_protocol_v3.c:266  <0x6b4f>V3-Send: 03:003F:001E:0x0503 -> 00:003F:001E:0x1100 0x3C10, tLen 85 dLen 64
01-09 19:40:28.429	          linker	[Debug]	        dji_protocol_v3.c:387  <0x4b8e>V3-Recv: 00:003F:001E:0x1204 -> 03:003F:001E:0x0503 0x4900, tLen 23 dLen 2
01-09 19:40:28.429	          linker	[Debug]	        dji_protocol_v3.c:506  0:0x1204 convert to 0092(0x1204)
01-09 19:40:28.429	          linker	[Debug]	        dji_protocol_v3.c:506  3:0x0503 convert to 0065(0x0503)
01-09 19:40:28.430	          linker	[Debug]	            dji_command.c:1128  <0x4b8e>Receive msg from linker, 0x1204(0x0092)->0x0503(0x0065) 0x4900 len:2
01-09 19:40:28.430	          linker	[Debug]	        dji_protocol_v3.c:266  <0x4b8e>V3-Send: 03:003F:001E:0x0503 -> 00:003F:001E:0x1204 0x4900, tLen 23 dLen 2
01-09 19:40:28.435	          linker	[Debug]	        dji_protocol_v3.c:266  <0x6b50>V3-Send: 03:003F:001E:0x0503 -> 00:003F:001E:0x0200 0x3C1B, tLen 77 dLen 56
01-09 19:40:28.449	          linker	[Debug]	        dji_protocol_v3.c:387  <0x4b92>V3-Recv: 00:003F:001E:0x1204 -> 03:003F:001E:0x0503 0x22AD, tLen 68 dLen 47
01-09 19:40:28.449	          linker	[Debug]	        dji_protocol_v3.c:506  0:0x1204 convert to 0092(0x1204)
01-09 19:40:28.449	          linker	[Debug]	        dji_protocol_v3.c:506  3:0x0503 convert to 0065(0x0503)
01-09 19:40:28.450	          linker	[Debug]	            dji_command.c:1128  <0x4b92>Receive msg from linker, 0x1204(0x0092)->0x0503(0x0065) 0x22AD len:47
01-09 19:40:28.450	          linker	[Debug]	            dji_command.c:980  received unsupport request cmd that need ack, <0x4b92> cmdset: 0x22 cmdid: 0xAD
01-09 19:40:28.466	          linker	[Debug]	        dji_protocol_v3.c:387  <0x4344>V3-Recv: 00:003F:001E:0x0300 -> 03:003F:001E:0x0503 0x3C57, tLen 37 dLen 16
01-09 19:40:28.467	          linker	[Debug]	        dji_protocol_v3.c:506  0:0x0300 convert to 0003(0x0300)
01-09 19:40:28.467	          linker	[Debug]	        dji_protocol_v3.c:506  3:0x0503 convert to 0065(0x0503)
01-09 19:40:28.467	          linker	[Debug]	            dji_command.c:1128  <0x4344>Receive msg from linker, 0x0300(0x0003)->0x0503(0x0065) 0x3C57 len:16
01-09 19:40:28.467	          linker	[Debug]	            dji_command.c:980  received unsupport request cmd that noneed ack, <0x4344> cmdset: 0x3C cmdid: 0x57
01-09 19:40:28.522	          linker	[Debug]	        dji_protocol_v3.c:266  <0x6b51>V3-Send: 03:003F:001E:0x0503 -> 00:003F:001E:0x0200 0x3C1F, tLen 58 dLen 37
01-09 19:40:28.529	          linker	[Debug]	        dji_protocol_v3.c:387  <0x4b9e>V3-Recv: 00:003F:001E:0x1204 -> 03:003F:001E:0x0503 0x4900, tLen 23 dLen 2
01-09 19:40:28.529	          linker	[Debug]	        dji_protocol_v3.c:506  0:0x1204 convert to 0092(0x1204)
01-09 19:40:28.530	          linker	[Debug]	        dji_protocol_v3.c:506  3:0x0503 convert to 0065(0x0503)
01-09 19:40:28.530	          linker	[Debug]	            dji_command.c:1128  <0x4b9e>Receive msg from linker, 0x1204(0x0092)->0x0503(0x0065) 0x4900 len:2
01-09 19:40:28.530	          linker	[Debug]	        dji_protocol_v3.c:266  <0x4b9e>V3-Send: 03:003F:001E:0x0503 -> 00:003F:001E:0x1204 0x4900, tLen 23 dLen 2
01-09 19:40:28.549	          linker	[Debug]	        dji_protocol_v3.c:387  <0x4ba2>V3-Recv: 00:003F:001E:0x1204 -> 03:003F:001E:0x0503 0x22AD, tLen 68 dLen 47
01-09 19:40:28.550	          linker	[Debug]	        dji_protocol_v3.c:506  0:0x1204 convert to 0092(0x1204)
01-09 19:40:28.550	          linker	[Debug]	        dji_protocol_v3.c:506  3:0x0503 convert to 0065(0x0503)
01-09 19:40:28.550	          linker	[Debug]	            dji_command.c:1128  <0x4ba2>Receive msg from linker, 0x1204(0x0092)->0x0503(0x0065) 0x22AD len:47
01-09 19:40:28.550	          linker	[Debug]	            dji_command.c:980  received unsupport request cmd that need ack, <0x4ba2> cmdset: 0x22 cmdid: 0xAD
01-09 19:40:28.563	           utils	[Debug]	          dji_root_task.c:131  work execution time:
01-09 19:40:28.563	           utils	[Debug]	          dji_root_task.c:132  name	                execution time (ms)	  max execution time (ms)
01-09 19:40:28.563	           utils	[Debug]	          dji_root_task.c:134  recorderWork                    	0       	1       
01-09 19:40:28.563	           utils	[Debug]	          dji_root_task.c:134  flowControllerTask              	0       	1       
01-09 19:40:28.563	           utils	[Debug]	          dji_root_task.c:134  commandTask                     	1       	1       
01-09 19:40:28.563	           utils	[Debug]	          dji_root_task.c:134  aircraftWorkNode                	0       	1       
01-09 19:40:28.563	           utils	[Debug]	          dji_root_task.c:134  dataBuriedPointTask             	0       	0       
01-09 19:40:28.563	           utils	[Debug]	          dji_root_task.c:134  StatePushWork                   	1       	2       
01-09 19:40:28.563	           utils	[Debug]	          dji_root_task.c:134  WidgetWork                      	0       	2       
01-09 19:40:28.563	           utils	[Debug]	          dji_root_task.c:134  hmsTask                         	0       	0       
01-09 19:40:28.563	           utils	[Debug]	          dji_root_task.c:134  dataChannelTask                 	0       	0       
01-09 19:40:28.581	          linker	[Debug]	        dji_protocol_v1.c:189  <0x6b52>V1-Send: 0x0503->0x1007 0x198B
01-09 19:40:28.581	          linker	[Debug]	        dji_protocol_v3.c:266  <0x6b53>V3-Send: 03:003F:001E:0x0503 -> 00:003F:001E:0x0200 0x3C10, tLen 85 dLen 64
01-09 19:40:28.581	          linker	[Debug]	        dji_protocol_v3.c:266  <0x6b54>V3-Send: 03:003F:001E:0x0503 -> 00:003F:001E:0x0300 0x3C10, tLen 85 dLen 64
01-09 19:40:28.582	          linker	[Debug]	        dji_protocol_v3.c:266  <0x6b55>V3-Send: 03:003F:001E:0x0503 -> 00:003F:001E:0x1104 0x3C10, tLen 85 dLen 64
01-09 19:40:28.582	          linker	[Debug]	        dji_protocol_v3.c:266  <0x6b56>V3-Send: 03:003F:001E:0x0503 -> 00:003F:001E:0x0701 0x3C10, tLen 85 dLen 64
01-09 19:40:28.582	          linker	[Debug]	        dji_protocol_v3.c:266  <0x6b57>V3-Send: 03:003F:001E:0x0503 -> 00:003F:001E:0x1100 0x3C10, tLen 85 dLen 64
01-09 19:40:28.615	         channel	[Debug]	        dji_mop_channel.c:242  MOP data channel found at [3].
01-09 19:40:28.617	             cam	[Debug]	        dji_mop_channel.c:274  mop_net_layer_init by (dev, slot)=(2, 2)
01-09 19:40:28.617	         channel	[Debug]	          mop_net_layer.c:407  MOP_NET:in mop net layer 1
01-09 19:40:28.617	         channel	[Debug]	          mop_net_layer.c:677  MOP_NET:there is no link node in list
01-09 19:40:28.617	         channel	[Debug]	          mop_net_layer.c:697  MOP_NET:there is no link node in list
01-09 19:40:28.618	         channel	[Debug]	        mop_trans_layer.c:1456 MOP_TRANS:MOP tran layer thread in!
01-09 19:40:28.618	         channel	[Debug]	        dji_mop_channel.c:344  phyMountPosition 3 router slot is 1
01-09 19:40:28.618	         channel	[Debug]	         mop_link_layer.c:623  MOP_LINK:mop_link_layer_node_init 1
01-09 19:40:28.618	         channel	[Debug]	         mop_link_layer.c:636  MOP_LINK:mop_link_layer_node_init 2
01-09 19:40:28.618	         channel	[Debug]	         mop_link_layer.c:334  MOP_LINK:mop_link_layer_send_thread begin
01-09 19:40:28.618	         channel	[Debug]	         mop_link_layer.c:649  MOP_LINK:mop_link_layer_node_init 3
01-09 19:40:28.618	         channel	[Debug]	          mop_net_layer.c:429  MOP_NET:add link node to bak
01-09 19:40:28.618	         channel	[Debug]	        dji_mop_channel.c:397  MOP usbbulk channel create, ifhost 0, vid:pid 2ca3:3181, itf 3 epin 132 epout 3, channel id 4
01-09 19:40:28.618	         channel	[Debug]	         mop_link_layer.c:442  MOP_LINK:mop_link_layer_recv_thread begin
01-09 19:40:28.618	         channel	[Debug]	dji_stream_channel_usbbulk.c:128  USBBULK channel create, ifhost 0, vid:pid 2ca3:3181, itf 3 epin 132 epout 3, channel id 4
01-09 19:40:28.619	         channel	[Debug]	         mop_link_layer.c:229  MOP_LINK:mop_link_layer_reconn_thread begin check_hw_status
01-09 19:40:28.619	         channel	[Debug]	         mop_link_layer.c:243  MOP_LINK:mop_link_layer_reconn_thread begin reconnect
01-09 19:40:28.619	         channel	[Debug]	        mop_trans_layer.c:1538 MOP_TRANS:In trans layer bind
01-09 19:40:28.619	         channel	[Debug]	        mop_trans_layer.c:299  MOP_TRANS:bind_channel_process channel id 8848 is ok
01-09 19:40:28.619	         channel	[Debug]	        mop_trans_layer.c:306  MOP_TRANS:bind_channel_process, before sema post1
01-09 19:40:28.619	         channel	[Debug]	dji_stream_channel_usbbulk.c:228  Register usb bulk recv data callback, channel:4, index:0.
01-09 19:40:28.619	         channel	[Debug]	        mop_trans_layer.c:314  MOP_TRANS:bind_channel_process, sema post SUCCESS
01-09 19:40:28.619	         channel	[Debug]	         mop_link_layer.c:257  MOP_LINK:mop_link_layer_reconn_thread reconnect end
01-09 19:40:28.619	         channel	[Debug]	          mop_net_layer.c:420  MOP_NET:add link node
01-09 19:40:28.619	         channel	[Debug]	          mop_net_layer.c:1127 MOP_NET:send heart beat req success
01-09 19:40:28.619	         channel	[Debug]	         mop_link_layer.c:265  MOP_LINK:reconnect success
01-09 19:40:28.619	         channel	[Debug]	         mop_link_layer.c:342  MOP_LINK:send thread in, type: 2 slot: 2
01-09 19:40:28.619	         channel	[Debug]	         mop_link_layer.c:387  MOP_LINK:0xffff40015c90 snd_tsk psize 24 ret 24, pkt_info: ttype 0x0080 dlen 0 seq 0,(2 2 0)->(0 1 0) 0x66dd
01-09 19:40:28.619	         channel	[Debug]	         mop_link_layer.c:271  MOP_LINK:mop_link_layer_reconn_thread start success
01-09 19:40:28.619	         channel	[Debug]	         mop_link_layer.c:450  MOP_LINK:recv thread in, type: 2 slot: 2
01-09 19:40:28.619	         channel	[Debug]	         mop_link_layer.c:167  MOP_LINK:entry recv_data func
01-09 19:40:28.623	         channel	[Debug]	         mop_link_layer.c:169  MOP_LINK:return from recv_data func
01-09 19:40:28.623	         channel	[Debug]	         mop_link_layer.c:173  MOP_LINK:recv version 1002
01-09 19:40:28.623	         channel	[Debug]	         mop_link_layer.c:78   MOP_LINK:crc length 24
01-09 19:40:28.623	         channel	[Debug]	         mop_link_layer.c:492  MOP_LINK:0xffff40015c90 rcv_tsk psize 24 ret 24, pkt_info: ttype 0x0081 dlen 0 seq 0,(0 1 0)->(2 2 0) 0x1002
01-09 19:40:28.623	         channel	[Debug]	         mop_link_layer.c:167  MOP_LINK:entry recv_data func
01-09 19:40:28.623	         channel	[Debug]	          mop_net_layer.c:466  MOP_NET:get heart beat ack
01-09 19:40:28.629	          linker	[Debug]	        dji_protocol_v3.c:387  <0x4bae>V3-Recv: 00:003F:001E:0x1204 -> 03:003F:001E:0x0503 0x4900, tLen 23 dLen 2
01-09 19:40:28.629	          linker	[Debug]	        dji_protocol_v3.c:506  0:0x1204 convert to 0092(0x1204)
01-09 19:40:28.629	          linker	[Debug]	        dji_protocol_v3.c:506  3:0x0503 convert to 0065(0x0503)
01-09 19:40:28.630	          linker	[Debug]	            dji_command.c:1128  <0x4bae>Receive msg from linker, 0x1204(0x0092)->0x0503(0x0065) 0x4900 len:2
01-09 19:40:28.630	          linker	[Debug]	        dji_protocol_v3.c:266  <0x4bae>V3-Send: 03:003F:001E:0x0503 -> 00:003F:001E:0x1204 0x4900, tLen 23 dLen 2
01-09 19:40:28.649	          linker	[Debug]	        dji_protocol_v3.c:387  <0x4bb2>V3-Recv: 00:003F:001E:0x1204 -> 03:003F:001E:0x0503 0x22AD, tLen 68 dLen 47
01-09 19:40:28.649	          linker	[Debug]	        dji_protocol_v3.c:506  0:0x1204 convert to 0092(0x1204)
01-09 19:40:28.649	          linker	[Debug]	        dji_protocol_v3.c:506  3:0x0503 convert to 0065(0x0503)
01-09 19:40:28.650	          linker	[Debug]	            dji_command.c:1128  <0x4bb2>Receive msg from linker, 0x1204(0x0092)->0x0503(0x0065) 0x22AD len:47
01-09 19:40:28.650	          linker	[Debug]	            dji_command.c:980  received unsupport request cmd that need ack, <0x4bb2> cmdset: 0x22 cmdid: 0xAD
01-09 19:40:28.651	          linker	[Debug]	        dji_protocol_v3.c:266  <0x6b58>V3-Send: 03:003F:001E:0x0503 -> 00:003F:001E:0x0200 0x3C1B, tLen 77 dLen 56
01-09 19:40:28.667	          linker	[Debug]	        dji_protocol_v3.c:387  <0x44be>V3-Recv: 00:003F:001E:0x0300 -> 03:003F:001E:0x0503 0x3C57, tLen 37 dLen 16
01-09 19:40:28.667	          linker	[Debug]	        dji_protocol_v3.c:506  0:0x0300 convert to 0003(0x0300)
01-09 19:40:28.667	          linker	[Debug]	        dji_protocol_v3.c:506  3:0x0503 convert to 0065(0x0503)
01-09 19:40:28.668	          linker	[Debug]	            dji_command.c:1128  <0x44be>Receive msg from linker, 0x0300(0x0003)->0x0503(0x0065) 0x3C57 len:16
01-09 19:40:28.668	          linker	[Debug]	            dji_command.c:980  received unsupport request cmd that noneed ack, <0x44be> cmdset: 0x3C cmdid: 0x57
01-09 19:40:28.690	          linker	[Debug]	        dji_protocol_v3.c:387  <0xec35>V3-Recv: 00:0001:0000:0x0202 -> 03:0000:0001:0x0503 0x3C1C, tLen 28 dLen 7
01-09 19:40:28.690	          linker	[Debug]	        dji_protocol_v3.c:506  0:0x0202 convert to 0042(0x0202)
01-09 19:40:28.690	          linker	[Debug]	        dji_protocol_v3.c:506  3:0x0503 convert to 0065(0x0503)
01-09 19:40:28.690	          linker	[Debug]	            dji_command.c:1128  <0xec35>Receive msg from linker, 0x0202(0x0042)->0x0503(0x0065) 0x3C1C len:7
01-09 19:40:28.702	          linker	[Debug]	        dji_protocol_v3.c:387  <0xec36>V3-Recv: 00:0001:0000:0x0202 -> 03:0000:0001:0x0503 0x3C25, tLen 23 dLen 2
01-09 19:40:28.702	          linker	[Debug]	        dji_protocol_v3.c:506  0:0x0202 convert to 0042(0x0202)
01-09 19:40:28.702	          linker	[Debug]	        dji_protocol_v3.c:506  3:0x0503 convert to 0065(0x0503)
01-09 19:40:28.702	          linker	[Debug]	            dji_command.c:1128  <0xec36>Receive msg from linker, 0x0202(0x0042)->0x0503(0x0065) 0x3C25 len:2
01-09 19:40:28.702	          linker	[Debug]	            dji_command.c:980  received unsupport request cmd that need ack, <0xec36> cmdset: 0x3C cmdid: 0x25
01-09 19:40:28.722	          linker	[Debug]	        dji_protocol_v3.c:266  <0x6b59>V3-Send: 03:003F:001E:0x0503 -> 00:003F:001E:0x0200 0x3C1F, tLen 58 dLen 37
01-09 19:40:28.729	          linker	[Debug]	        dji_protocol_v3.c:387  <0x4bbe>V3-Recv: 00:003F:001E:0x1204 -> 03:003F:001E:0x0503 0x4900, tLen 23 dLen 2
01-09 19:40:28.730	          linker	[Debug]	        dji_protocol_v3.c:506  0:0x1204 convert to 0092(0x1204)
01-09 19:40:28.730	          linker	[Debug]	        dji_protocol_v3.c:506  3:0x0503 convert to 0065(0x0503)
01-09 19:40:28.730	          linker	[Debug]	            dji_command.c:1128  <0x4bbe>Receive msg from linker, 0x1204(0x0092)->0x0503(0x0065) 0x4900 len:2
01-09 19:40:28.731	          linker	[Debug]	        dji_protocol_v3.c:266  <0x4bbe>V3-Send: 03:003F:001E:0x0503 -> 00:003F:001E:0x1204 0x4900, tLen 23 dLen 2
01-09 19:40:28.749	          linker	[Debug]	        dji_protocol_v3.c:387  <0x4bc2>V3-Recv: 00:003F:001E:0x1204 -> 03:003F:001E:0x0503 0x22AD, tLen 68 dLen 47
01-09 19:40:28.749	          linker	[Debug]	        dji_protocol_v3.c:506  0:0x1204 convert to 0092(0x1204)
01-09 19:40:28.750	          linker	[Debug]	        dji_protocol_v3.c:506  3:0x0503 convert to 0065(0x0503)
01-09 19:40:28.750	          linker	[Debug]	            dji_command.c:1128  <0x4bc2>Receive msg from linker, 0x1204(0x0092)->0x0503(0x0065) 0x22AD len:47
01-09 19:40:28.750	          linker	[Debug]	            dji_command.c:980  received unsupport request cmd that need ack, <0x4bc2> cmdset: 0x22 cmdid: 0xAD
01-09 19:40:28.795	          linker	[Debug]	        dji_protocol_v1.c:189  <0x6b5a>V1-Send: 0x0503->0x1007 0x198B
01-09 19:40:28.795	          linker	[Debug]	        dji_protocol_v3.c:266  <0x6b5b>V3-Send: 03:003F:001E:0x0503 -> 00:003F:001E:0x0200 0x3C10, tLen 85 dLen 64
01-09 19:40:28.795	          linker	[Debug]	        dji_protocol_v3.c:266  <0x6b5c>V3-Send: 03:003F:001E:0x0503 -> 00:003F:001E:0x0300 0x3C10, tLen 85 dLen 64
01-09 19:40:28.796	          linker	[Debug]	        dji_protocol_v3.c:266  <0x6b5d>V3-Send: 03:003F:001E:0x0503 -> 00:003F:001E:0x1104 0x3C10, tLen 85 dLen 64
01-09 19:40:28.796	          linker	[Debug]	        dji_protocol_v3.c:266  <0x6b5e>V3-Send: 03:003F:001E:0x0503 -> 00:003F:001E:0x0701 0x3C10, tLen 85 dLen 64
01-09 19:40:28.796	          linker	[Debug]	        dji_protocol_v3.c:266  <0x6b5f>V3-Send: 03:003F:001E:0x0503 -> 00:003F:001E:0x1100 0x3C10, tLen 85 dLen 64
01-09 19:40:28.827	         channel	[Debug]	         mop_link_layer.c:169  MOP_LINK:return from recv_data func
01-09 19:40:28.827	         channel	[Debug]	         mop_link_layer.c:167  MOP_LINK:entry recv_data func
01-09 19:40:28.829	          linker	[Debug]	        dji_protocol_v3.c:387  <0x4bce>V3-Recv: 00:003F:001E:0x1204 -> 03:003F:001E:0x0503 0x4900, tLen 23 dLen 2
01-09 19:40:28.829	          linker	[Debug]	        dji_protocol_v3.c:506  0:0x1204 convert to 0092(0x1204)
01-09 19:40:28.829	          linker	[Debug]	        dji_protocol_v3.c:506  3:0x0503 convert to 0065(0x0503)
01-09 19:40:28.830	          linker	[Debug]	            dji_command.c:1128  <0x4bce>Receive msg from linker, 0x1204(0x0092)->0x0503(0x0065) 0x4900 len:2
01-09 19:40:28.830	          linker	[Debug]	        dji_protocol_v3.c:266  <0x4bce>V3-Send: 03:003F:001E:0x0503 -> 00:003F:001E:0x1204 0x4900, tLen 23 dLen 2
