   0.006	            core	[Info]	               dji_core.c:110  Payload SDK Version : V3.14.0-beta.0-build.2296 Nov  3 2025 18:20:53
   0.006	          linker	[Debug]	             dji_linker.c:129  init linker success, protocol:2, channelId:3
   0.006	          linker	[Debug]	        dji_protocol_v1.c:189  <0000>V1-Send: 0x0503->0x0801 0x0000
   0.006	          linker	[Debug]	        dji_protocol_v1.c:309  <0000>V1-Recv: 0x0801->0x0503 0x0000
   0.007	           utils	[Debug]	          dji_root_task.c:131  work execution time:
   0.007	           utils	[Debug]	          dji_root_task.c:132  name	                execution time (ms)	  max execution time (ms)
   0.007	           utils	[Debug]	          dji_root_task.c:134  recorderWork                    	0       	0       
   0.007	           utils	[Debug]	          dji_root_task.c:134  flowControllerTask              	0       	0       
01-05 20:33:35.048	          linker	[Debug]	             dji_linker.c:171  deinit linker success, protocol:2, channelId:3
01-05 20:33:35.048	            core	[Info]	               dji_core.c:138  Identify device : manifold3
01-05 20:33:35.048	          linker	[Debug]	        dji_protocol_v1.c:264  protocol frame length error
01-05 20:33:35.048	          linker	[Debug]	             dji_linker.c:129  init linker success, protocol:2, channelId:1
01-05 20:33:35.048	          linker	[Debug]	        dji_protocol_v1.c:264  protocol frame length error
01-05 20:33:35.052	          linker	[Debug]	        dji_protocol_v1.c:264  protocol frame length error
01-05 20:33:35.052	          linker	[Debug]	        dji_protocol_v1.c:264  protocol frame length error
01-05 20:33:35.052	          linker	[Debug]	        dji_protocol_v1.c:264  protocol frame length error
01-05 20:33:35.052	          linker	[Debug]	        dji_protocol_v1.c:264  protocol frame length error
01-05 20:33:35.052	          linker	[Debug]	        dji_protocol_v1.c:264  protocol frame length error
01-05 20:33:35.052	          linker	[Debug]	        dji_protocol_v1.c:264  protocol frame length error
01-05 20:33:35.052	          linker	[Debug]	        dji_protocol_v1.c:264  protocol frame length error
01-05 20:33:35.052	          linker	[Debug]	        dji_protocol_v1.c:264  protocol frame length error
01-05 20:33:35.052	          linker	[Debug]	        dji_protocol_v1.c:264  protocol frame length error
01-05 20:33:35.052	          linker	[Debug]	        dji_protocol_v1.c:264  protocol frame length error
01-05 20:33:35.052	          linker	[Debug]	        dji_protocol_v1.c:264  protocol frame length error
01-05 20:33:35.052	          linker	[Debug]	        dji_protocol_v1.c:264  protocol frame length error
01-05 20:33:35.052	          linker	[Debug]	        dji_protocol_v1.c:264  protocol frame length error
01-05 20:33:35.052	          linker	[Debug]	        dji_protocol_v1.c:264  protocol frame length error
01-05 20:33:35.052	          linker	[Debug]	        dji_protocol_v1.c:264  protocol frame length error
01-05 20:33:35.052	          linker	[Debug]	        dji_protocol_v1.c:264  protocol frame length error
01-05 20:33:35.052	          linker	[Debug]	        dji_protocol_v1.c:264  protocol frame length error
01-05 20:33:35.052	          linker	[Debug]	        dji_protocol_v1.c:264  protocol frame length error
01-05 20:33:35.052	          linker	[Debug]	        dji_protocol_v1.c:264  protocol frame length error
01-05 20:33:35.052	          linker	[Debug]	        dji_protocol_v1.c:264  protocol frame length error
01-05 20:33:35.052	          linker	[Debug]	        dji_protocol_v1.c:264  protocol frame length error
01-05 20:33:35.052	          linker	[Debug]	        dji_protocol_v1.c:264  protocol frame length error
01-05 20:33:35.052	          linker	[Debug]	        dji_protocol_v1.c:264  protocol frame length error
01-05 20:33:35.052	          linker	[Debug]	        dji_protocol_v1.c:264  protocol frame length error
01-05 20:33:35.052	          linker	[Debug]	        dji_protocol_v1.c:264  protocol frame length error
01-05 20:33:35.052	          linker	[Debug]	        dji_protocol_v1.c:264  protocol frame length error
01-05 20:33:35.052	          linker	[Debug]	        dji_protocol_v1.c:264  protocol frame length error
01-05 20:33:35.052	          linker	[Debug]	        dji_protocol_v1.c:264  protocol frame length error
01-05 20:33:35.052	          linker	[Debug]	        dji_protocol_v1.c:264  protocol frame length error
01-05 20:33:35.052	          linker	[Debug]	        dji_protocol_v1.c:264  protocol frame length error
01-05 20:33:35.052	          linker	[Debug]	        dji_protocol_v1.c:264  protocol frame length error
01-05 20:33:35.052	          linker	[Debug]	        dji_protocol_v1.c:264  protocol frame length error
01-05 20:33:35.052	          linker	[Debug]	        dji_protocol_v1.c:264  protocol frame length error
01-05 20:33:35.052	          linker	[Debug]	        dji_protocol_v1.c:264  protocol frame length error
01-05 20:33:35.052	          linker	[Debug]	        dji_protocol_v1.c:264  protocol frame length error
01-05 20:33:35.052	          linker	[Debug]	        dji_protocol_v1.c:264  protocol frame length error
01-05 20:33:35.052	          linker	[Debug]	        dji_protocol_v1.c:264  protocol frame length error
01-05 20:33:35.052	          linker	[Debug]	        dji_protocol_v1.c:264  protocol frame length error
01-05 20:33:35.052	          linker	[Debug]	        dji_protocol_v1.c:264  protocol frame length error
01-05 20:33:35.052	          linker	[Debug]	        dji_protocol_v1.c:264  protocol frame length error
01-05 20:33:35.052	          linker	[Debug]	        dji_protocol_v1.c:264  protocol frame length error
01-05 20:33:35.052	          linker	[Debug]	        dji_protocol_v1.c:264  protocol frame length error
01-05 20:33:35.052	          linker	[Debug]	        dji_protocol_v1.c:264  protocol frame length error
01-05 20:33:35.052	          linker	[Debug]	        dji_protocol_v1.c:264  protocol frame length error
01-05 20:33:35.052	          linker	[Debug]	        dji_protocol_v1.c:264  protocol frame length error
01-05 20:33:35.052	          linker	[Debug]	        dji_protocol_v1.c:264  protocol frame length error
01-05 20:33:35.052	          linker	[Debug]	        dji_protocol_v1.c:264  protocol frame length error
01-05 20:33:35.052	          linker	[Debug]	        dji_protocol_v1.c:264  protocol frame length error
01-05 20:33:35.052	          linker	[Debug]	        dji_protocol_v1.c:264  protocol frame length error
01-05 20:33:35.052	          linker	[Debug]	        dji_protocol_v1.c:264  protocol frame length error
01-05 20:33:35.052	          linker	[Debug]	        dji_protocol_v1.c:264  protocol frame length error
01-05 20:33:35.052	          linker	[Debug]	        dji_protocol_v1.c:264  protocol frame length error
01-05 20:33:35.052	          linker	[Debug]	        dji_protocol_v1.c:264  protocol frame length error
01-05 20:33:35.052	          linker	[Debug]	        dji_protocol_v1.c:264  protocol frame length error
01-05 20:33:35.052	          linker	[Debug]	        dji_protocol_v1.c:264  protocol frame length error
01-05 20:33:35.052	          linker	[Debug]	        dji_protocol_v1.c:264  protocol frame length error
01-05 20:33:35.052	          linker	[Debug]	        dji_protocol_v1.c:264  protocol frame length error
01-05 20:33:35.052	          linker	[Debug]	        dji_protocol_v1.c:264  protocol frame length error
01-05 20:33:35.052	          linker	[Debug]	        dji_protocol_v1.c:264  protocol frame length error
01-05 20:33:35.052	          linker	[Debug]	        dji_protocol_v1.c:264  protocol frame length error
01-05 20:33:35.052	          linker	[Debug]	        dji_protocol_v1.c:264  protocol frame length error
01-05 20:33:35.052	          linker	[Debug]	        dji_protocol_v1.c:264  protocol frame length error
01-05 20:33:35.052	          linker	[Debug]	        dji_protocol_v1.c:264  protocol frame length error
01-05 20:33:35.052	          linker	[Debug]	        dji_protocol_v1.c:264  protocol frame length error
01-05 20:33:35.052	          linker	[Debug]	        dji_protocol_v1.c:264  protocol frame length error
01-05 20:33:35.052	          linker	[Debug]	        dji_protocol_v1.c:264  protocol frame length error
01-05 20:33:35.052	          linker	[Debug]	        dji_protocol_v1.c:264  protocol frame length error
01-05 20:33:35.052	          linker	[Debug]	        dji_protocol_v1.c:264  protocol frame length error
01-05 20:33:35.052	          linker	[Debug]	        dji_protocol_v1.c:264  protocol frame length error
01-05 20:33:35.052	          linker	[Debug]	        dji_protocol_v1.c:264  protocol frame length error
01-05 20:33:35.052	          linker	[Debug]	        dji_protocol_v1.c:264  protocol frame length error
01-05 20:33:35.052	          linker	[Debug]	        dji_protocol_v1.c:264  protocol frame length error
01-05 20:33:35.052	          linker	[Debug]	        dji_protocol_v1.c:264  protocol frame length error
01-05 20:33:35.052	          linker	[Debug]	        dji_protocol_v1.c:264  protocol frame length error
01-05 20:33:35.052	          linker	[Debug]	        dji_protocol_v1.c:264  protocol frame length error
01-05 20:33:35.052	          linker	[Debug]	        dji_protocol_v1.c:264  protocol frame length error
01-05 20:33:35.052	          linker	[Debug]	        dji_protocol_v1.c:264  protocol frame length error
01-05 20:33:35.052	          linker	[Debug]	        dji_protocol_v1.c:264  protocol frame length error
01-05 20:33:35.052	          linker	[Debug]	        dji_protocol_v1.c:264  protocol frame length error
01-05 20:33:35.052	          linker	[Debug]	        dji_protocol_v1.c:264  protocol frame length error
01-05 20:33:35.052	          linker	[Debug]	        dji_protocol_v1.c:264  protocol frame length error
01-05 20:33:35.052	          linker	[Debug]	        dji_protocol_v1.c:264  protocol frame length error
01-05 20:33:35.052	          linker	[Debug]	        dji_protocol_v1.c:264  protocol frame length error
01-05 20:33:35.052	          linker	[Debug]	        dji_protocol_v1.c:264  protocol frame length error
01-05 20:33:35.052	          linker	[Debug]	        dji_protocol_v1.c:264  protocol frame length error
01-05 20:33:35.052	          linker	[Debug]	        dji_protocol_v1.c:264  protocol frame length error
01-05 20:33:35.052	          linker	[Debug]	        dji_protocol_v1.c:264  protocol frame length error
01-05 20:33:35.052	          linker	[Debug]	        dji_protocol_v1.c:264  protocol frame length error
01-05 20:33:35.052	          linker	[Debug]	        dji_protocol_v1.c:264  protocol frame length error
01-05 20:33:35.052	          linker	[Debug]	        dji_protocol_v1.c:264  protocol frame length error
01-05 20:33:35.052	          linker	[Debug]	        dji_protocol_v1.c:264  protocol frame length error
01-05 20:33:35.052	          linker	[Debug]	        dji_protocol_v1.c:264  protocol frame length error
01-05 20:33:35.052	          linker	[Debug]	        dji_protocol_v1.c:264  protocol frame length error
01-05 20:33:35.052	          linker	[Debug]	        dji_protocol_v1.c:264  protocol frame length error
01-05 20:33:35.052	          linker	[Debug]	        dji_protocol_v1.c:264  protocol frame length error
01-05 20:33:35.053	          linker	[Debug]	        dji_protocol_v1.c:264  protocol frame length error
01-05 20:33:35.053	          linker	[Debug]	        dji_protocol_v1.c:264  protocol frame length error
01-05 20:33:35.053	          linker	[Debug]	        dji_protocol_v1.c:264  protocol frame length error
01-05 20:33:35.053	          linker	[Debug]	        dji_protocol_v1.c:264  protocol frame length error
01-05 20:33:35.053	          linker	[Debug]	        dji_protocol_v1.c:264  protocol frame length error
01-05 20:33:35.053	          linker	[Debug]	        dji_protocol_v1.c:264  protocol frame length error
01-05 20:33:35.053	          linker	[Debug]	        dji_protocol_v1.c:264  protocol frame length error
01-05 20:33:35.053	          linker	[Debug]	        dji_protocol_v1.c:264  protocol frame length error
01-05 20:33:35.053	          linker	[Debug]	        dji_protocol_v1.c:264  protocol frame length error
01-05 20:33:35.053	          linker	[Debug]	        dji_protocol_v1.c:264  protocol frame length error
01-05 20:33:35.053	          linker	[Debug]	        dji_protocol_v1.c:264  protocol frame length error
01-05 20:33:35.053	          linker	[Debug]	        dji_protocol_v1.c:264  protocol frame length error
01-05 20:33:35.053	          linker	[Debug]	        dji_protocol_v1.c:264  protocol frame length error
01-05 20:33:35.053	          linker	[Debug]	        dji_protocol_v1.c:264  protocol frame length error
01-05 20:33:35.053	          linker	[Debug]	        dji_protocol_v1.c:264  protocol frame length error
01-05 20:33:35.053	          linker	[Debug]	        dji_protocol_v1.c:264  protocol frame length error
01-05 20:33:35.053	          linker	[Debug]	        dji_protocol_v1.c:264  protocol frame length error
01-05 20:33:35.053	          linker	[Debug]	        dji_protocol_v1.c:264  protocol frame length error
01-05 20:33:35.053	          linker	[Debug]	        dji_protocol_v1.c:264  protocol frame length error
01-05 20:33:35.053	          linker	[Debug]	        dji_protocol_v1.c:264  protocol frame length error
01-05 20:33:35.053	          linker	[Debug]	        dji_protocol_v1.c:264  protocol frame length error
01-05 20:33:35.053	          linker	[Debug]	        dji_protocol_v1.c:264  protocol frame length error
01-05 20:33:35.053	          linker	[Debug]	        dji_protocol_v1.c:264  protocol frame length error
01-05 20:33:35.053	          linker	[Debug]	        dji_protocol_v1.c:264  protocol frame length error
01-05 20:33:35.053	          linker	[Debug]	        dji_protocol_v1.c:264  protocol frame length error
01-05 20:33:35.053	          linker	[Debug]	        dji_protocol_v1.c:264  protocol frame length error
01-05 20:33:35.053	          linker	[Debug]	        dji_protocol_v1.c:264  protocol frame length error
01-05 20:33:35.053	          linker	[Debug]	        dji_protocol_v1.c:264  protocol frame length error
01-05 20:33:35.053	          linker	[Debug]	        dji_protocol_v1.c:264  protocol frame length error
01-05 20:33:35.053	          linker	[Debug]	        dji_protocol_v1.c:264  protocol frame length error
01-05 20:33:35.053	          linker	[Debug]	        dji_protocol_v1.c:264  protocol frame length error
01-05 20:33:35.053	          linker	[Debug]	        dji_protocol_v1.c:264  protocol frame length error
01-05 20:33:35.053	          linker	[Debug]	        dji_protocol_v1.c:264  protocol frame length error
01-05 20:33:35.053	          linker	[Debug]	        dji_protocol_v1.c:264  protocol frame length error
01-05 20:33:35.053	          linker	[Debug]	        dji_protocol_v1.c:264  protocol frame length error
01-05 20:33:35.053	          linker	[Debug]	        dji_protocol_v1.c:264  protocol frame length error
01-05 20:33:35.053	          linker	[Debug]	        dji_protocol_v1.c:264  protocol frame length error
01-05 20:33:35.053	          linker	[Debug]	        dji_protocol_v1.c:264  protocol frame length error
01-05 20:33:35.053	          linker	[Debug]	        dji_protocol_v1.c:264  protocol frame length error
01-05 20:33:35.053	          linker	[Debug]	        dji_protocol_v1.c:264  protocol frame length error
01-05 20:33:35.053	          linker	[Debug]	        dji_protocol_v1.c:264  protocol frame length error
01-05 20:33:35.053	          linker	[Debug]	        dji_protocol_v1.c:264  protocol frame length error
01-05 20:33:35.053	          linker	[Debug]	        dji_protocol_v1.c:264  protocol frame length error
01-05 20:33:35.053	          linker	[Debug]	        dji_protocol_v1.c:264  protocol frame length error
01-05 20:33:35.053	          linker	[Debug]	        dji_protocol_v1.c:264  protocol frame length error
01-05 20:33:35.053	          linker	[Debug]	        dji_protocol_v1.c:264  protocol frame length error
01-05 20:33:35.053	          linker	[Debug]	        dji_protocol_v1.c:264  protocol frame length error
01-05 20:33:35.053	          linker	[Debug]	        dji_protocol_v1.c:264  protocol frame length error
01-05 20:33:35.053	          linker	[Debug]	        dji_protocol_v1.c:264  protocol frame length error
01-05 20:33:35.053	          linker	[Debug]	        dji_protocol_v1.c:264  protocol frame length error
01-05 20:33:35.053	          linker	[Debug]	        dji_protocol_v1.c:264  protocol frame length error
01-05 20:33:35.053	          linker	[Debug]	        dji_protocol_v1.c:264  protocol frame length error
01-05 20:33:35.053	          linker	[Debug]	        dji_protocol_v1.c:264  protocol frame length error
01-05 20:33:35.053	          linker	[Debug]	        dji_protocol_v1.c:264  protocol frame length error
01-05 20:33:35.053	          linker	[Debug]	        dji_protocol_v1.c:264  protocol frame length error
01-05 20:33:35.053	          linker	[Debug]	        dji_protocol_v1.c:264  protocol frame length error
01-05 20:33:35.053	          linker	[Debug]	        dji_protocol_v1.c:264  protocol frame length error
01-05 20:33:35.053	          linker	[Debug]	        dji_protocol_v1.c:264  protocol frame length error
01-05 20:33:35.053	          linker	[Debug]	        dji_protocol_v1.c:264  protocol frame length error
01-05 20:33:35.053	          linker	[Debug]	        dji_protocol_v1.c:264  protocol frame length error
01-05 20:33:35.053	          linker	[Debug]	        dji_protocol_v1.c:264  protocol frame length error
01-05 20:33:35.053	          linker	[Debug]	        dji_protocol_v1.c:264  protocol frame length error
01-05 20:33:35.053	          linker	[Debug]	        dji_protocol_v1.c:264  protocol frame length error
01-05 20:33:35.053	          linker	[Debug]	        dji_protocol_v1.c:264  protocol frame length error
01-05 20:33:35.053	          linker	[Debug]	        dji_protocol_v1.c:264  protocol frame length error
01-05 20:33:35.053	          linker	[Debug]	        dji_protocol_v1.c:264  protocol frame length error
01-05 20:33:35.053	          linker	[Debug]	        dji_protocol_v1.c:264  protocol frame length error
01-05 20:33:35.053	          linker	[Debug]	        dji_protocol_v1.c:264  protocol frame length error
01-05 20:33:35.053	          linker	[Debug]	        dji_protocol_v1.c:264  protocol frame length error
01-05 20:33:35.053	          linker	[Debug]	        dji_protocol_v1.c:264  protocol frame length error
01-05 20:33:35.053	          linker	[Debug]	        dji_protocol_v1.c:264  protocol frame length error
01-05 20:33:35.053	          linker	[Debug]	        dji_protocol_v1.c:264  protocol frame length error
01-05 20:33:35.053	          linker	[Debug]	        dji_protocol_v1.c:264  protocol frame length error
01-05 20:33:35.053	          linker	[Debug]	        dji_protocol_v1.c:264  protocol frame length error
01-05 20:33:35.053	          linker	[Debug]	        dji_protocol_v1.c:264  protocol frame length error
01-05 20:33:35.053	          linker	[Debug]	        dji_protocol_v1.c:264  protocol frame length error
01-05 20:33:35.053	          linker	[Debug]	        dji_protocol_v1.c:264  protocol frame length error
01-05 20:33:35.053	          linker	[Debug]	        dji_protocol_v1.c:264  protocol frame length error
01-05 20:33:35.053	          linker	[Debug]	        dji_protocol_v1.c:264  protocol frame length error
01-05 20:33:35.053	          linker	[Debug]	        dji_protocol_v1.c:264  protocol frame length error
01-05 20:33:35.053	          linker	[Debug]	        dji_protocol_v1.c:264  protocol frame length error
01-05 20:33:35.053	          linker	[Debug]	        dji_protocol_v1.c:264  protocol frame length error
01-05 20:33:35.053	          linker	[Debug]	        dji_protocol_v1.c:264  protocol frame length error
01-05 20:33:35.053	          linker	[Debug]	        dji_protocol_v1.c:264  protocol frame length error
01-05 20:33:35.053	          linker	[Debug]	        dji_protocol_v1.c:264  protocol frame length error
01-05 20:33:35.053	          linker	[Debug]	        dji_protocol_v1.c:264  protocol frame length error
01-05 20:33:35.053	          linker	[Debug]	        dji_protocol_v1.c:264  protocol frame length error
01-05 20:33:35.053	          linker	[Debug]	        dji_protocol_v1.c:264  protocol frame length error
01-05 20:33:35.053	          linker	[Debug]	        dji_protocol_v1.c:264  protocol frame length error
01-05 20:33:35.053	          linker	[Debug]	        dji_protocol_v1.c:264  protocol frame length error
01-05 20:33:35.053	          linker	[Debug]	        dji_protocol_v1.c:264  protocol frame length error
01-05 20:33:35.053	          linker	[Debug]	        dji_protocol_v1.c:264  protocol frame length error
01-05 20:33:35.053	          linker	[Debug]	        dji_protocol_v1.c:264  protocol frame length error
01-05 20:33:35.053	          linker	[Debug]	        dji_protocol_v1.c:264  protocol frame length error
01-05 20:33:35.053	          linker	[Debug]	        dji_protocol_v1.c:264  protocol frame length error
01-05 20:33:35.053	          linker	[Debug]	        dji_protocol_v1.c:264  protocol frame length error
01-05 20:33:35.053	          linker	[Debug]	        dji_protocol_v1.c:264  protocol frame length error
01-05 20:33:35.053	          linker	[Debug]	        dji_protocol_v1.c:264  protocol frame length error
01-05 20:33:35.053	          linker	[Debug]	        dji_protocol_v1.c:264  protocol frame length error
01-05 20:33:35.053	          linker	[Debug]	        dji_protocol_v1.c:264  protocol frame length error
01-05 20:33:35.053	          linker	[Debug]	        dji_protocol_v1.c:264  protocol frame length error
01-05 20:33:35.053	          linker	[Debug]	        dji_protocol_v1.c:264  protocol frame length error
01-05 20:33:35.053	          linker	[Debug]	        dji_protocol_v1.c:264  protocol frame length error
01-05 20:33:35.053	          linker	[Debug]	        dji_protocol_v1.c:264  protocol frame length error
01-05 20:33:35.053	          linker	[Debug]	        dji_protocol_v1.c:264  protocol frame length error
01-05 20:33:35.053	          linker	[Debug]	        dji_protocol_v1.c:264  protocol frame length error
01-05 20:33:35.053	          linker	[Debug]	        dji_protocol_v1.c:264  protocol frame length error
01-05 20:33:35.054	          linker	[Debug]	        dji_protocol_v1.c:264  protocol frame length error
01-05 20:33:35.054	          linker	[Debug]	        dji_protocol_v1.c:264  protocol frame length error
01-05 20:33:35.054	          linker	[Debug]	        dji_protocol_v1.c:264  protocol frame length error
01-05 20:33:35.054	          linker	[Debug]	        dji_protocol_v1.c:264  protocol frame length error
01-05 20:33:35.054	          linker	[Debug]	        dji_protocol_v1.c:264  protocol frame length error
01-05 20:33:35.054	          linker	[Debug]	        dji_protocol_v1.c:264  protocol frame length error
01-05 20:33:35.054	          linker	[Debug]	        dji_protocol_v1.c:264  protocol frame length error
01-05 20:33:35.054	          linker	[Debug]	        dji_protocol_v1.c:264  protocol frame length error
01-05 20:33:35.054	          linker	[Debug]	        dji_protocol_v1.c:264  protocol frame length error
01-05 20:33:35.054	          linker	[Debug]	        dji_protocol_v1.c:264  protocol frame length error
01-05 20:33:35.054	          linker	[Debug]	        dji_protocol_v1.c:264  protocol frame length error
01-05 20:33:35.054	          linker	[Debug]	        dji_protocol_v1.c:264  protocol frame length error
01-05 20:33:35.054	          linker	[Debug]	        dji_protocol_v1.c:264  protocol frame length error
01-05 20:33:35.054	          linker	[Debug]	        dji_protocol_v1.c:264  protocol frame length error
01-05 20:33:35.054	          linker	[Debug]	        dji_protocol_v1.c:264  protocol frame length error
01-05 20:33:35.054	          linker	[Debug]	        dji_protocol_v1.c:264  protocol frame length error
01-05 20:33:35.054	          linker	[Debug]	        dji_protocol_v1.c:264  protocol frame length error
01-05 20:33:35.054	          linker	[Debug]	        dji_protocol_v1.c:264  protocol frame length error
01-05 20:33:35.054	          linker	[Debug]	        dji_protocol_v1.c:264  protocol frame length error
01-05 20:33:35.054	          linker	[Debug]	        dji_protocol_v1.c:264  protocol frame length error
01-05 20:33:35.054	          linker	[Debug]	        dji_protocol_v1.c:264  protocol frame length error
01-05 20:33:35.054	          linker	[Debug]	        dji_protocol_v1.c:264  protocol frame length error
01-05 20:33:35.054	          linker	[Debug]	        dji_protocol_v1.c:264  protocol frame length error
01-05 20:33:35.054	          linker	[Debug]	        dji_protocol_v1.c:264  protocol frame length error
01-05 20:33:35.054	          linker	[Debug]	        dji_protocol_v1.c:264  protocol frame length error
01-05 20:33:35.054	          linker	[Debug]	        dji_protocol_v1.c:264  protocol frame length error
01-05 20:33:35.054	          linker	[Debug]	        dji_protocol_v1.c:264  protocol frame length error
01-05 20:33:35.054	          linker	[Debug]	        dji_protocol_v1.c:264  protocol frame length error
01-05 20:33:35.054	          linker	[Debug]	        dji_protocol_v1.c:264  protocol frame length error
01-05 20:33:35.054	          linker	[Debug]	        dji_protocol_v1.c:264  protocol frame length error
01-05 20:33:35.054	          linker	[Debug]	        dji_protocol_v1.c:264  protocol frame length error
01-05 20:33:35.054	          linker	[Debug]	        dji_protocol_v1.c:264  protocol frame length error
01-05 20:33:35.054	          linker	[Debug]	        dji_protocol_v1.c:264  protocol frame length error
01-05 20:33:35.054	          linker	[Debug]	        dji_protocol_v1.c:264  protocol frame length error
01-05 20:33:35.054	          linker	[Debug]	        dji_protocol_v1.c:264  protocol frame length error
01-05 20:33:35.054	          linker	[Debug]	        dji_protocol_v1.c:264  protocol frame length error
01-05 20:33:35.054	          linker	[Debug]	        dji_protocol_v1.c:264  protocol frame length error
01-05 20:33:35.054	          linker	[Debug]	        dji_protocol_v1.c:264  protocol frame length error
01-05 20:33:35.054	          linker	[Debug]	        dji_protocol_v1.c:264  protocol frame length error
01-05 20:33:35.054	          linker	[Debug]	        dji_protocol_v1.c:264  protocol frame length error
01-05 20:33:35.054	          linker	[Debug]	        dji_protocol_v1.c:264  protocol frame length error
01-05 20:33:35.054	          linker	[Debug]	        dji_protocol_v1.c:264  protocol frame length error
01-05 20:33:35.054	          linker	[Debug]	        dji_protocol_v1.c:264  protocol frame length error
01-05 20:33:35.054	          linker	[Debug]	        dji_protocol_v1.c:264  protocol frame length error
01-05 20:33:35.054	          linker	[Debug]	        dji_protocol_v1.c:264  protocol frame length error
01-05 20:33:35.054	          linker	[Debug]	        dji_protocol_v1.c:264  protocol frame length error
01-05 20:33:35.054	          linker	[Debug]	        dji_protocol_v1.c:264  protocol frame length error
01-05 20:33:35.054	          linker	[Debug]	        dji_protocol_v1.c:264  protocol frame length error
01-05 20:33:35.054	          linker	[Debug]	        dji_protocol_v1.c:264  protocol frame length error
01-05 20:33:35.054	          linker	[Debug]	        dji_protocol_v1.c:264  protocol frame length error
01-05 20:33:35.054	          linker	[Debug]	        dji_protocol_v1.c:264  protocol frame length error
01-05 20:33:35.054	          linker	[Debug]	        dji_protocol_v1.c:264  protocol frame length error
01-05 20:33:35.054	          linker	[Debug]	        dji_protocol_v1.c:264  protocol frame length error
01-05 20:33:35.054	          linker	[Debug]	        dji_protocol_v1.c:264  protocol frame length error
01-05 20:33:35.054	          linker	[Debug]	        dji_protocol_v1.c:264  protocol frame length error
01-05 20:33:35.054	          linker	[Debug]	        dji_protocol_v1.c:264  protocol frame length error
01-05 20:33:35.055	          linker	[Debug]	        dji_protocol_v1.c:264  protocol frame length error
01-05 20:33:35.055	          linker	[Debug]	        dji_protocol_v1.c:264  protocol frame length error
01-05 20:33:35.055	          linker	[Debug]	        dji_protocol_v1.c:264  protocol frame length error
01-05 20:33:35.055	          linker	[Debug]	        dji_protocol_v1.c:264  protocol frame length error
01-05 20:33:35.055	          linker	[Debug]	        dji_protocol_v1.c:264  protocol frame length error
01-05 20:33:35.055	          linker	[Debug]	        dji_protocol_v1.c:264  protocol frame length error
01-05 20:33:35.055	          linker	[Debug]	        dji_protocol_v1.c:264  protocol frame length error
01-05 20:33:35.055	          linker	[Debug]	        dji_protocol_v1.c:264  protocol frame length error
01-05 20:33:35.055	          linker	[Debug]	        dji_protocol_v1.c:264  protocol frame length error
01-05 20:33:35.055	          linker	[Debug]	        dji_protocol_v1.c:264  protocol frame length error
01-05 20:33:35.055	          linker	[Debug]	        dji_protocol_v1.c:264  protocol frame length error
01-05 20:33:35.055	          linker	[Debug]	        dji_protocol_v1.c:264  protocol frame length error
01-05 20:33:35.055	          linker	[Debug]	        dji_protocol_v1.c:264  protocol frame length error
01-05 20:33:35.055	          linker	[Debug]	        dji_protocol_v1.c:264  protocol frame length error
01-05 20:33:35.055	          linker	[Debug]	        dji_protocol_v1.c:264  protocol frame length error
01-05 20:33:35.055	          linker	[Debug]	        dji_protocol_v1.c:264  protocol frame length error
01-05 20:33:35.055	          linker	[Debug]	        dji_protocol_v1.c:264  protocol frame length error
01-05 20:33:35.055	          linker	[Debug]	        dji_protocol_v1.c:264  protocol frame length error
01-05 20:33:35.055	          linker	[Debug]	        dji_protocol_v1.c:264  protocol frame length error
01-05 20:33:35.055	          linker	[Debug]	        dji_protocol_v1.c:264  protocol frame length error
01-05 20:33:35.055	          linker	[Debug]	        dji_protocol_v1.c:264  protocol frame length error
01-05 20:33:35.055	          linker	[Debug]	        dji_protocol_v1.c:264  protocol frame length error
01-05 20:33:35.055	          linker	[Debug]	        dji_protocol_v1.c:264  protocol frame length error
01-05 20:33:35.055	          linker	[Debug]	        dji_protocol_v1.c:264  protocol frame length error
01-05 20:33:35.055	          linker	[Debug]	        dji_protocol_v1.c:264  protocol frame length error
01-05 20:33:35.055	          linker	[Debug]	        dji_protocol_v1.c:264  protocol frame length error
01-05 20:33:35.055	          linker	[Debug]	        dji_protocol_v1.c:264  protocol frame length error
01-05 20:33:35.055	          linker	[Debug]	        dji_protocol_v1.c:264  protocol frame length error
01-05 20:33:35.055	          linker	[Debug]	        dji_protocol_v1.c:264  protocol frame length error
01-05 20:33:35.055	          linker	[Debug]	        dji_protocol_v1.c:264  protocol frame length error
01-05 20:33:35.055	          linker	[Debug]	        dji_protocol_v1.c:264  protocol frame length error
01-05 20:33:35.055	          linker	[Debug]	        dji_protocol_v1.c:264  protocol frame length error
01-05 20:33:35.055	          linker	[Debug]	        dji_protocol_v1.c:264  protocol frame length error
01-05 20:33:35.055	          linker	[Debug]	        dji_protocol_v1.c:264  protocol frame length error
01-05 20:33:35.055	          linker	[Debug]	        dji_protocol_v1.c:264  protocol frame length error
01-05 20:33:35.055	          linker	[Debug]	        dji_protocol_v1.c:264  protocol frame length error
01-05 20:33:35.055	          linker	[Debug]	        dji_protocol_v1.c:264  protocol frame length error
01-05 20:33:35.055	          linker	[Debug]	        dji_protocol_v1.c:264  protocol frame length error
01-05 20:33:35.055	          linker	[Debug]	        dji_protocol_v1.c:264  protocol frame length error
01-05 20:33:35.055	          linker	[Debug]	        dji_protocol_v1.c:264  protocol frame length error
01-05 20:33:35.055	          linker	[Debug]	        dji_protocol_v1.c:264  protocol frame length error
01-05 20:33:35.055	          linker	[Debug]	        dji_protocol_v1.c:264  protocol frame length error
01-05 20:33:35.055	          linker	[Debug]	        dji_protocol_v1.c:264  protocol frame length error
01-05 20:33:35.055	          linker	[Debug]	        dji_protocol_v1.c:264  protocol frame length error
01-05 20:33:35.055	          linker	[Debug]	        dji_protocol_v1.c:264  protocol frame length error
01-05 20:33:35.055	          linker	[Debug]	        dji_protocol_v1.c:264  protocol frame length error
01-05 20:33:35.055	          linker	[Debug]	        dji_protocol_v1.c:264  protocol frame length error
01-05 20:33:35.055	          linker	[Debug]	        dji_protocol_v1.c:264  protocol frame length error
01-05 20:33:35.055	          linker	[Debug]	        dji_protocol_v1.c:264  protocol frame length error
01-05 20:33:35.055	          linker	[Debug]	        dji_protocol_v1.c:264  protocol frame length error
01-05 20:33:35.055	          linker	[Debug]	        dji_protocol_v1.c:264  protocol frame length error
01-05 20:33:35.055	          linker	[Debug]	        dji_protocol_v1.c:264  protocol frame length error
01-05 20:33:35.055	          linker	[Debug]	        dji_protocol_v1.c:264  protocol frame length error
01-05 20:33:35.055	          linker	[Debug]	        dji_protocol_v1.c:264  protocol frame length error
01-05 20:33:35.055	          linker	[Debug]	        dji_protocol_v1.c:264  protocol frame length error
01-05 20:33:35.055	          linker	[Debug]	        dji_protocol_v1.c:264  protocol frame length error
01-05 20:33:35.055	          linker	[Debug]	        dji_protocol_v1.c:264  protocol frame length error
01-05 20:33:35.055	          linker	[Debug]	        dji_protocol_v1.c:264  protocol frame length error
01-05 20:33:35.055	          linker	[Debug]	        dji_protocol_v1.c:264  protocol frame length error
01-05 20:33:35.055	          linker	[Debug]	        dji_protocol_v1.c:264  protocol frame length error
01-05 20:33:35.055	          linker	[Debug]	        dji_protocol_v1.c:264  protocol frame length error
01-05 20:33:35.055	          linker	[Debug]	        dji_protocol_v1.c:264  protocol frame length error
01-05 20:33:35.055	          linker	[Debug]	        dji_protocol_v1.c:264  protocol frame length error
01-05 20:33:35.055	          linker	[Debug]	        dji_protocol_v1.c:264  protocol frame length error
01-05 20:33:35.055	          linker	[Debug]	        dji_protocol_v1.c:264  protocol frame length error
01-05 20:33:35.055	          linker	[Debug]	        dji_protocol_v1.c:264  protocol frame length error
01-05 20:33:35.055	          linker	[Debug]	        dji_protocol_v1.c:264  protocol frame length error
01-05 20:33:35.055	          linker	[Debug]	        dji_protocol_v1.c:264  protocol frame length error
01-05 20:33:35.055	          linker	[Debug]	        dji_protocol_v1.c:264  protocol frame length error
01-05 20:33:35.055	          linker	[Debug]	        dji_protocol_v1.c:264  protocol frame length error
01-05 20:33:35.055	          linker	[Debug]	        dji_protocol_v1.c:264  protocol frame length error
01-05 20:33:35.055	          linker	[Debug]	        dji_protocol_v1.c:264  protocol frame length error
01-05 20:33:35.055	          linker	[Debug]	        dji_protocol_v1.c:264  protocol frame length error
01-05 20:33:35.055	          linker	[Debug]	        dji_protocol_v1.c:264  protocol frame length error
01-05 20:33:35.055	          linker	[Debug]	        dji_protocol_v1.c:264  protocol frame length error
01-05 20:33:35.055	          linker	[Debug]	        dji_protocol_v1.c:264  protocol frame length error
01-05 20:33:35.055	          linker	[Debug]	        dji_protocol_v1.c:264  protocol frame length error
01-05 20:33:35.055	          linker	[Debug]	        dji_protocol_v1.c:264  protocol frame length error
01-05 20:33:35.055	          linker	[Debug]	        dji_protocol_v1.c:264  protocol frame length error
01-05 20:33:35.055	          linker	[Debug]	        dji_protocol_v1.c:264  protocol frame length error
01-05 20:33:35.055	          linker	[Debug]	        dji_protocol_v1.c:264  protocol frame length error
01-05 20:33:35.055	          linker	[Debug]	        dji_protocol_v1.c:264  protocol frame length error
01-05 20:33:35.055	          linker	[Debug]	        dji_protocol_v1.c:264  protocol frame length error
01-05 20:33:35.055	          linker	[Debug]	        dji_protocol_v1.c:264  protocol frame length error
01-05 20:33:35.055	          linker	[Debug]	        dji_protocol_v1.c:264  protocol frame length error
01-05 20:33:35.055	          linker	[Debug]	        dji_protocol_v1.c:264  protocol frame length error
01-05 20:33:35.055	          linker	[Debug]	        dji_protocol_v1.c:264  protocol frame length error
01-05 20:33:35.055	          linker	[Debug]	        dji_protocol_v1.c:264  protocol frame length error
01-05 20:33:35.055	          linker	[Debug]	        dji_protocol_v1.c:264  protocol frame length error
01-05 20:33:35.055	          linker	[Debug]	        dji_protocol_v1.c:264  protocol frame length error
01-05 20:33:35.055	          linker	[Debug]	        dji_protocol_v1.c:264  protocol frame length error
01-05 20:33:35.055	          linker	[Debug]	        dji_protocol_v1.c:264  protocol frame length error
01-05 20:33:35.055	          linker	[Debug]	        dji_protocol_v1.c:264  protocol frame length error
01-05 20:33:35.055	          linker	[Debug]	        dji_protocol_v1.c:264  protocol frame length error
01-05 20:33:35.055	          linker	[Debug]	        dji_protocol_v1.c:264  protocol frame length error
01-05 20:33:35.055	          linker	[Debug]	        dji_protocol_v1.c:264  protocol frame length error
01-05 20:33:35.055	          linker	[Debug]	        dji_protocol_v1.c:264  protocol frame length error
01-05 20:33:35.055	          linker	[Debug]	        dji_protocol_v1.c:264  protocol frame length error
01-05 20:33:35.055	          linker	[Debug]	        dji_protocol_v1.c:264  protocol frame length error
01-05 20:33:35.055	          linker	[Debug]	        dji_protocol_v1.c:264  protocol frame length error
01-05 20:33:35.056	          linker	[Debug]	        dji_protocol_v1.c:264  protocol frame length error
01-05 20:33:35.056	          linker	[Debug]	        dji_protocol_v1.c:264  protocol frame length error
01-05 20:33:35.056	          linker	[Debug]	        dji_protocol_v1.c:264  protocol frame length error
01-05 20:33:35.056	          linker	[Debug]	        dji_protocol_v1.c:264  protocol frame length error
01-05 20:33:35.056	          linker	[Debug]	        dji_protocol_v1.c:264  protocol frame length error
01-05 20:33:35.056	          linker	[Debug]	        dji_protocol_v1.c:264  protocol frame length error
01-05 20:33:35.056	          linker	[Debug]	        dji_protocol_v1.c:264  protocol frame length error
01-05 20:33:35.056	          linker	[Debug]	        dji_protocol_v1.c:264  protocol frame length error
01-05 20:33:35.056	          linker	[Debug]	        dji_protocol_v1.c:264  protocol frame length error
01-05 20:33:35.056	          linker	[Debug]	        dji_protocol_v1.c:264  protocol frame length error
01-05 20:33:35.056	          linker	[Debug]	        dji_protocol_v1.c:264  protocol frame length error
01-05 20:33:35.056	          linker	[Debug]	        dji_protocol_v1.c:264  protocol frame length error
01-05 20:33:35.056	          linker	[Debug]	        dji_protocol_v1.c:264  protocol frame length error
01-05 20:33:35.056	          linker	[Debug]	        dji_protocol_v1.c:264  protocol frame length error
01-05 20:33:35.056	          linker	[Debug]	        dji_protocol_v1.c:264  protocol frame length error
01-05 20:33:35.056	          linker	[Debug]	        dji_protocol_v1.c:264  protocol frame length error
01-05 20:33:35.056	          linker	[Debug]	        dji_protocol_v1.c:264  protocol frame length error
01-05 20:33:35.056	          linker	[Debug]	        dji_protocol_v1.c:264  protocol frame length error
01-05 20:33:35.056	          linker	[Debug]	        dji_protocol_v1.c:264  protocol frame length error
01-05 20:33:35.056	          linker	[Debug]	        dji_protocol_v1.c:264  protocol frame length error
01-05 20:33:35.056	          linker	[Debug]	        dji_protocol_v1.c:264  protocol frame length error
01-05 20:33:35.056	          linker	[Debug]	        dji_protocol_v1.c:264  protocol frame length error
01-05 20:33:35.056	          linker	[Debug]	        dji_protocol_v1.c:264  protocol frame length error
01-05 20:33:35.056	          linker	[Debug]	        dji_protocol_v1.c:264  protocol frame length error
01-05 20:33:35.056	          linker	[Debug]	        dji_protocol_v1.c:264  protocol frame length error
01-05 20:33:35.056	          linker	[Debug]	        dji_protocol_v1.c:264  protocol frame length error
01-05 20:33:35.056	          linker	[Debug]	        dji_protocol_v1.c:264  protocol frame length error
01-05 20:33:35.056	          linker	[Debug]	        dji_protocol_v1.c:264  protocol frame length error
01-05 20:33:35.056	          linker	[Debug]	        dji_protocol_v1.c:264  protocol frame length error
01-05 20:33:35.056	          linker	[Debug]	        dji_protocol_v1.c:264  protocol frame length error
01-05 20:33:35.056	          linker	[Debug]	        dji_protocol_v1.c:264  protocol frame length error
01-05 20:33:35.056	          linker	[Debug]	        dji_protocol_v1.c:264  protocol frame length error
01-05 20:33:35.056	          linker	[Debug]	        dji_protocol_v1.c:264  protocol frame length error
01-05 20:33:35.056	          linker	[Debug]	        dji_protocol_v1.c:264  protocol frame length error
01-05 20:33:35.056	          linker	[Debug]	        dji_protocol_v1.c:264  protocol frame length error
01-05 20:33:35.056	          linker	[Debug]	        dji_protocol_v1.c:264  protocol frame length error
01-05 20:33:35.056	          linker	[Debug]	        dji_protocol_v1.c:264  protocol frame length error
01-05 20:33:35.056	          linker	[Debug]	        dji_protocol_v1.c:264  protocol frame length error
01-05 20:33:35.056	          linker	[Debug]	        dji_protocol_v1.c:264  protocol frame length error
01-05 20:33:35.056	          linker	[Debug]	        dji_protocol_v1.c:264  protocol frame length error
01-05 20:33:35.056	          linker	[Debug]	        dji_protocol_v1.c:264  protocol frame length error
01-05 20:33:35.056	          linker	[Debug]	        dji_protocol_v1.c:264  protocol frame length error
01-05 20:33:35.056	          linker	[Debug]	        dji_protocol_v1.c:264  protocol frame length error
01-05 20:33:35.056	          linker	[Debug]	        dji_protocol_v1.c:264  protocol frame length error
01-05 20:33:35.056	          linker	[Debug]	        dji_protocol_v1.c:264  protocol frame length error
01-05 20:33:35.056	          linker	[Debug]	        dji_protocol_v1.c:264  protocol frame length error
01-05 20:33:35.056	          linker	[Debug]	        dji_protocol_v1.c:264  protocol frame length error
01-05 20:33:35.056	          linker	[Debug]	        dji_protocol_v1.c:264  protocol frame length error
01-05 20:33:35.056	          linker	[Debug]	        dji_protocol_v1.c:264  protocol frame length error
01-05 20:33:35.056	          linker	[Debug]	        dji_protocol_v1.c:264  protocol frame length error
01-05 20:33:35.056	          linker	[Debug]	        dji_protocol_v1.c:264  protocol frame length error
01-05 20:33:35.056	          linker	[Debug]	        dji_protocol_v1.c:264  protocol frame length error
01-05 20:33:35.056	          linker	[Debug]	        dji_protocol_v1.c:264  protocol frame length error
01-05 20:33:35.056	          linker	[Debug]	        dji_protocol_v1.c:264  protocol frame length error
01-05 20:33:35.056	          linker	[Debug]	        dji_protocol_v1.c:264  protocol frame length error
01-05 20:33:35.056	          linker	[Debug]	        dji_protocol_v1.c:264  protocol frame length error
01-05 20:33:35.056	          linker	[Debug]	        dji_protocol_v1.c:264  protocol frame length error
01-05 20:33:35.056	          linker	[Debug]	        dji_protocol_v1.c:264  protocol frame length error
01-05 20:33:35.056	          linker	[Debug]	        dji_protocol_v1.c:264  protocol frame length error
01-05 20:33:35.056	          linker	[Debug]	        dji_protocol_v1.c:264  protocol frame length error
01-05 20:33:35.056	          linker	[Debug]	        dji_protocol_v1.c:264  protocol frame length error
01-05 20:33:35.056	          linker	[Debug]	        dji_protocol_v1.c:264  protocol frame length error
01-05 20:33:35.056	          linker	[Debug]	        dji_protocol_v1.c:264  protocol frame length error
01-05 20:33:35.056	          linker	[Debug]	        dji_protocol_v1.c:264  protocol frame length error
01-05 20:33:35.056	          linker	[Debug]	        dji_protocol_v1.c:264  protocol frame length error
01-05 20:33:35.056	          linker	[Debug]	        dji_protocol_v1.c:264  protocol frame length error
01-05 20:33:35.056	          linker	[Debug]	        dji_protocol_v1.c:264  protocol frame length error
01-05 20:33:35.056	          linker	[Debug]	        dji_protocol_v1.c:264  protocol frame length error
01-05 20:33:35.056	          linker	[Debug]	        dji_protocol_v1.c:264  protocol frame length error
01-05 20:33:35.056	          linker	[Debug]	        dji_protocol_v1.c:264  protocol frame length error
01-05 20:33:35.056	          linker	[Debug]	        dji_protocol_v1.c:264  protocol frame length error
01-05 20:33:35.056	          linker	[Debug]	        dji_protocol_v1.c:264  protocol frame length error
01-05 20:33:35.056	          linker	[Debug]	        dji_protocol_v1.c:264  protocol frame length error
01-05 20:33:35.056	          linker	[Debug]	        dji_protocol_v1.c:264  protocol frame length error
01-05 20:33:35.056	          linker	[Debug]	        dji_protocol_v1.c:264  protocol frame length error
01-05 20:33:35.056	          linker	[Debug]	        dji_protocol_v1.c:264  protocol frame length error
01-05 20:33:35.056	          linker	[Debug]	        dji_protocol_v1.c:264  protocol frame length error
01-05 20:33:35.056	          linker	[Debug]	        dji_protocol_v1.c:264  protocol frame length error
01-05 20:33:35.056	          linker	[Debug]	        dji_protocol_v1.c:264  protocol frame length error
01-05 20:33:35.056	          linker	[Debug]	        dji_protocol_v1.c:264  protocol frame length error
01-05 20:33:35.056	          linker	[Debug]	        dji_protocol_v1.c:264  protocol frame length error
01-05 20:33:35.056	          linker	[Debug]	        dji_protocol_v1.c:264  protocol frame length error
01-05 20:33:35.056	          linker	[Debug]	        dji_protocol_v1.c:264  protocol frame length error
01-05 20:33:35.056	          linker	[Debug]	        dji_protocol_v1.c:264  protocol frame length error
01-05 20:33:35.056	          linker	[Debug]	        dji_protocol_v1.c:264  protocol frame length error
01-05 20:33:35.056	          linker	[Debug]	        dji_protocol_v1.c:264  protocol frame length error
01-05 20:33:35.056	          linker	[Debug]	        dji_protocol_v1.c:264  protocol frame length error
01-05 20:33:35.056	          linker	[Debug]	        dji_protocol_v1.c:264  protocol frame length error
01-05 20:33:35.056	          linker	[Debug]	        dji_protocol_v1.c:264  protocol frame length error
01-05 20:33:35.056	          linker	[Debug]	        dji_protocol_v1.c:264  protocol frame length error
01-05 20:33:35.056	          linker	[Debug]	        dji_protocol_v1.c:264  protocol frame length error
01-05 20:33:35.056	          linker	[Debug]	        dji_protocol_v1.c:264  protocol frame length error
01-05 20:33:35.056	          linker	[Debug]	        dji_protocol_v1.c:264  protocol frame length error
01-05 20:33:35.056	          linker	[Debug]	        dji_protocol_v1.c:264  protocol frame length error
01-05 20:33:35.056	          linker	[Debug]	        dji_protocol_v1.c:264  protocol frame length error
01-05 20:33:35.056	          linker	[Debug]	        dji_protocol_v1.c:264  protocol frame length error
01-05 20:33:35.056	          linker	[Debug]	        dji_protocol_v1.c:264  protocol frame length error
01-05 20:33:35.056	          linker	[Debug]	        dji_protocol_v1.c:264  protocol frame length error
01-05 20:33:35.056	          linker	[Debug]	        dji_protocol_v1.c:264  protocol frame length error
01-05 20:33:35.056	          linker	[Debug]	        dji_protocol_v1.c:264  protocol frame length error
01-05 20:33:35.056	          linker	[Debug]	        dji_protocol_v1.c:264  protocol frame length error
01-05 20:33:35.056	          linker	[Debug]	        dji_protocol_v1.c:264  protocol frame length error
01-05 20:33:35.056	          linker	[Debug]	        dji_protocol_v1.c:264  protocol frame length error
01-05 20:33:35.056	          linker	[Debug]	        dji_protocol_v1.c:264  protocol frame length error
01-05 20:33:35.057	          linker	[Debug]	        dji_protocol_v1.c:264  protocol frame length error
01-05 20:33:35.057	          linker	[Debug]	        dji_protocol_v1.c:264  protocol frame length error
01-05 20:33:35.057	          linker	[Debug]	        dji_protocol_v1.c:264  protocol frame length error
01-05 20:33:35.057	          linker	[Debug]	        dji_protocol_v1.c:264  protocol frame length error
01-05 20:33:35.057	          linker	[Debug]	        dji_protocol_v1.c:264  protocol frame length error
01-05 20:33:35.057	          linker	[Debug]	        dji_protocol_v1.c:264  protocol frame length error
01-05 20:33:35.057	          linker	[Debug]	        dji_protocol_v1.c:264  protocol frame length error
01-05 20:33:35.057	          linker	[Debug]	        dji_protocol_v1.c:264  protocol frame length error
01-05 20:33:35.057	          linker	[Debug]	        dji_protocol_v1.c:264  protocol frame length error
01-05 20:33:35.057	          linker	[Debug]	        dji_protocol_v1.c:264  protocol frame length error
01-05 20:33:35.057	          linker	[Debug]	        dji_protocol_v1.c:264  protocol frame length error
01-05 20:33:35.057	          linker	[Debug]	        dji_protocol_v1.c:264  protocol frame length error
01-05 20:33:35.057	          linker	[Debug]	        dji_protocol_v1.c:264  protocol frame length error
01-05 20:33:35.057	          linker	[Debug]	        dji_protocol_v1.c:264  protocol frame length error
01-05 20:33:35.057	          linker	[Debug]	        dji_protocol_v1.c:264  protocol frame length error
01-05 20:33:35.057	          linker	[Debug]	        dji_protocol_v1.c:264  protocol frame length error
01-05 20:33:35.057	          linker	[Debug]	        dji_protocol_v1.c:264  protocol frame length error
01-05 20:33:35.057	          linker	[Debug]	        dji_protocol_v1.c:264  protocol frame length error
01-05 20:33:35.057	          linker	[Debug]	        dji_protocol_v1.c:264  protocol frame length error
01-05 20:33:35.057	          linker	[Debug]	        dji_protocol_v1.c:264  protocol frame length error
01-05 20:33:35.057	          linker	[Debug]	        dji_protocol_v1.c:264  protocol frame length error
01-05 20:33:35.057	          linker	[Debug]	        dji_protocol_v1.c:264  protocol frame length error
01-05 20:33:35.057	          linker	[Debug]	        dji_protocol_v1.c:264  protocol frame length error
01-05 20:33:35.057	          linker	[Debug]	        dji_protocol_v1.c:264  protocol frame length error
01-05 20:33:35.057	          linker	[Debug]	        dji_protocol_v1.c:264  protocol frame length error
01-05 20:33:35.057	          linker	[Debug]	        dji_protocol_v1.c:264  protocol frame length error
01-05 20:33:35.057	          linker	[Debug]	        dji_protocol_v1.c:264  protocol frame length error
01-05 20:33:35.057	          linker	[Debug]	        dji_protocol_v1.c:264  protocol frame length error
01-05 20:33:35.057	          linker	[Debug]	        dji_protocol_v1.c:264  protocol frame length error
01-05 20:33:35.057	          linker	[Debug]	        dji_protocol_v1.c:264  protocol frame length error
01-05 20:33:35.057	          linker	[Debug]	        dji_protocol_v1.c:264  protocol frame length error
01-05 20:33:35.057	          linker	[Debug]	        dji_protocol_v1.c:264  protocol frame length error
01-05 20:33:35.057	          linker	[Debug]	        dji_protocol_v1.c:264  protocol frame length error
01-05 20:33:35.057	          linker	[Debug]	        dji_protocol_v1.c:264  protocol frame length error
01-05 20:33:35.057	          linker	[Debug]	        dji_protocol_v1.c:264  protocol frame length error
01-05 20:33:35.057	          linker	[Debug]	        dji_protocol_v1.c:264  protocol frame length error
01-05 20:33:35.057	          linker	[Debug]	        dji_protocol_v1.c:264  protocol frame length error
01-05 20:33:35.057	          linker	[Debug]	        dji_protocol_v1.c:264  protocol frame length error
01-05 20:33:35.057	          linker	[Debug]	        dji_protocol_v1.c:264  protocol frame length error
01-05 20:33:35.057	          linker	[Debug]	        dji_protocol_v1.c:264  protocol frame length error
01-05 20:33:35.057	          linker	[Debug]	        dji_protocol_v1.c:264  protocol frame length error
01-05 20:33:35.057	          linker	[Debug]	        dji_protocol_v1.c:264  protocol frame length error
01-05 20:33:35.057	          linker	[Debug]	        dji_protocol_v1.c:264  protocol frame length error
01-05 20:33:35.057	          linker	[Debug]	        dji_protocol_v1.c:264  protocol frame length error
01-05 20:33:35.057	          linker	[Debug]	        dji_protocol_v1.c:264  protocol frame length error
01-05 20:33:35.057	          linker	[Debug]	        dji_protocol_v1.c:264  protocol frame length error
01-05 20:33:35.057	          linker	[Debug]	        dji_protocol_v1.c:264  protocol frame length error
01-05 20:33:35.057	          linker	[Debug]	        dji_protocol_v1.c:264  protocol frame length error
01-05 20:33:35.057	          linker	[Debug]	        dji_protocol_v1.c:264  protocol frame length error
01-05 20:33:35.057	          linker	[Debug]	        dji_protocol_v1.c:264  protocol frame length error
01-05 20:33:35.057	          linker	[Debug]	        dji_protocol_v1.c:264  protocol frame length error
01-05 20:33:35.057	          linker	[Debug]	        dji_protocol_v1.c:264  protocol frame length error
01-05 20:33:35.057	          linker	[Debug]	        dji_protocol_v1.c:264  protocol frame length error
01-05 20:33:35.057	          linker	[Debug]	        dji_protocol_v1.c:264  protocol frame length error
01-05 20:33:35.057	          linker	[Debug]	        dji_protocol_v1.c:264  protocol frame length error
01-05 20:33:35.057	          linker	[Debug]	        dji_protocol_v1.c:264  protocol frame length error
01-05 20:33:35.057	          linker	[Debug]	        dji_protocol_v1.c:264  protocol frame length error
01-05 20:33:35.057	          linker	[Debug]	        dji_protocol_v1.c:264  protocol frame length error
01-05 20:33:35.057	          linker	[Debug]	        dji_protocol_v1.c:264  protocol frame length error
01-05 20:33:35.057	          linker	[Debug]	        dji_protocol_v1.c:264  protocol frame length error
01-05 20:33:35.057	          linker	[Debug]	        dji_protocol_v1.c:264  protocol frame length error
01-05 20:33:35.057	          linker	[Debug]	        dji_protocol_v1.c:264  protocol frame length error
01-05 20:33:35.057	          linker	[Debug]	        dji_protocol_v1.c:264  protocol frame length error
01-05 20:33:35.057	          linker	[Debug]	        dji_protocol_v1.c:264  protocol frame length error
01-05 20:33:35.057	          linker	[Debug]	        dji_protocol_v1.c:264  protocol frame length error
01-05 20:33:35.057	          linker	[Debug]	        dji_protocol_v1.c:264  protocol frame length error
01-05 20:33:35.057	          linker	[Debug]	        dji_protocol_v1.c:264  protocol frame length error
01-05 20:33:35.057	          linker	[Debug]	        dji_protocol_v1.c:264  protocol frame length error
01-05 20:33:35.057	          linker	[Debug]	        dji_protocol_v1.c:264  protocol frame length error
01-05 20:33:35.057	          linker	[Debug]	        dji_protocol_v1.c:264  protocol frame length error
01-05 20:33:35.057	          linker	[Debug]	        dji_protocol_v1.c:264  protocol frame length error
01-05 20:33:35.057	          linker	[Debug]	        dji_protocol_v1.c:264  protocol frame length error
01-05 20:33:35.057	          linker	[Debug]	        dji_protocol_v1.c:264  protocol frame length error
01-05 20:33:35.057	          linker	[Debug]	        dji_protocol_v1.c:264  protocol frame length error
01-05 20:33:35.057	          linker	[Debug]	        dji_protocol_v1.c:264  protocol frame length error
01-05 20:33:35.057	          linker	[Debug]	        dji_protocol_v1.c:264  protocol frame length error
01-05 20:33:35.057	          linker	[Debug]	        dji_protocol_v1.c:264  protocol frame length error
01-05 20:33:35.057	          linker	[Debug]	        dji_protocol_v1.c:264  protocol frame length error
01-05 20:33:35.057	          linker	[Debug]	        dji_protocol_v1.c:264  protocol frame length error
01-05 20:33:35.057	          linker	[Debug]	        dji_protocol_v1.c:264  protocol frame length error
01-05 20:33:35.057	          linker	[Debug]	        dji_protocol_v1.c:264  protocol frame length error
01-05 20:33:35.057	          linker	[Debug]	        dji_protocol_v1.c:264  protocol frame length error
01-05 20:33:35.057	          linker	[Debug]	        dji_protocol_v1.c:264  protocol frame length error
01-05 20:33:35.057	          linker	[Debug]	        dji_protocol_v1.c:264  protocol frame length error
01-05 20:33:35.057	          linker	[Debug]	        dji_protocol_v1.c:264  protocol frame length error
01-05 20:33:35.057	          linker	[Debug]	        dji_protocol_v1.c:264  protocol frame length error
01-05 20:33:35.057	          linker	[Debug]	        dji_protocol_v1.c:264  protocol frame length error
01-05 20:33:35.057	          linker	[Debug]	        dji_protocol_v1.c:264  protocol frame length error
01-05 20:33:35.057	          linker	[Debug]	        dji_protocol_v1.c:264  protocol frame length error
01-05 20:33:35.057	          linker	[Debug]	        dji_protocol_v1.c:264  protocol frame length error
01-05 20:33:35.057	          linker	[Debug]	        dji_protocol_v1.c:264  protocol frame length error
01-05 20:33:35.057	          linker	[Debug]	        dji_protocol_v1.c:264  protocol frame length error
01-05 20:33:35.057	          linker	[Debug]	        dji_protocol_v1.c:264  protocol frame length error
01-05 20:33:35.057	          linker	[Debug]	        dji_protocol_v1.c:264  protocol frame length error
01-05 20:33:35.057	          linker	[Debug]	        dji_protocol_v1.c:264  protocol frame length error
01-05 20:33:35.057	          linker	[Debug]	        dji_protocol_v1.c:264  protocol frame length error
01-05 20:33:35.057	          linker	[Debug]	        dji_protocol_v1.c:264  protocol frame length error
01-05 20:33:35.057	          linker	[Debug]	        dji_protocol_v1.c:264  protocol frame length error
01-05 20:33:35.057	          linker	[Debug]	        dji_protocol_v1.c:264  protocol frame length error
01-05 20:33:35.057	          linker	[Debug]	        dji_protocol_v1.c:264  protocol frame length error
01-05 20:33:35.057	          linker	[Debug]	        dji_protocol_v1.c:264  protocol frame length error
01-05 20:33:35.057	          linker	[Debug]	        dji_protocol_v1.c:264  protocol frame length error
01-05 20:33:35.057	          linker	[Debug]	        dji_protocol_v1.c:264  protocol frame length error
01-05 20:33:35.057	          linker	[Debug]	        dji_protocol_v1.c:264  protocol frame length error
01-05 20:33:35.057	          linker	[Debug]	        dji_protocol_v1.c:264  protocol frame length error
01-05 20:33:35.058	          linker	[Debug]	        dji_protocol_v1.c:264  protocol frame length error
01-05 20:33:35.058	          linker	[Debug]	        dji_protocol_v1.c:264  protocol frame length error
01-05 20:33:35.058	          linker	[Debug]	        dji_protocol_v1.c:264  protocol frame length error
01-05 20:33:35.058	          linker	[Debug]	        dji_protocol_v1.c:264  protocol frame length error
01-05 20:33:35.058	          linker	[Debug]	        dji_protocol_v1.c:264  protocol frame length error
01-05 20:33:35.058	          linker	[Debug]	        dji_protocol_v1.c:264  protocol frame length error
01-05 20:33:35.058	          linker	[Debug]	        dji_protocol_v1.c:264  protocol frame length error
01-05 20:33:35.058	          linker	[Debug]	        dji_protocol_v1.c:264  protocol frame length error
01-05 20:33:35.058	          linker	[Debug]	        dji_protocol_v1.c:264  protocol frame length error
01-05 20:33:35.058	          linker	[Debug]	        dji_protocol_v1.c:264  protocol frame length error
01-05 20:33:35.058	          linker	[Debug]	        dji_protocol_v1.c:264  protocol frame length error
01-05 20:33:35.058	          linker	[Debug]	        dji_protocol_v1.c:264  protocol frame length error
01-05 20:33:35.058	          linker	[Debug]	        dji_protocol_v1.c:264  protocol frame length error
01-05 20:33:35.058	          linker	[Debug]	        dji_protocol_v1.c:264  protocol frame length error
01-05 20:33:35.058	          linker	[Debug]	        dji_protocol_v1.c:264  protocol frame length error
01-05 20:33:35.058	          linker	[Debug]	        dji_protocol_v1.c:264  protocol frame length error
01-05 20:33:35.058	          linker	[Debug]	        dji_protocol_v1.c:264  protocol frame length error
01-05 20:33:35.058	          linker	[Debug]	        dji_protocol_v1.c:264  protocol frame length error
01-05 20:33:35.058	          linker	[Debug]	        dji_protocol_v1.c:264  protocol frame length error
01-05 20:33:35.058	          linker	[Debug]	        dji_protocol_v1.c:264  protocol frame length error
01-05 20:33:35.058	          linker	[Debug]	        dji_protocol_v1.c:264  protocol frame length error
01-05 20:33:35.058	          linker	[Debug]	        dji_protocol_v1.c:264  protocol frame length error
01-05 20:33:35.058	          linker	[Debug]	        dji_protocol_v1.c:264  protocol frame length error
01-05 20:33:35.058	          linker	[Debug]	        dji_protocol_v1.c:264  protocol frame length error
01-05 20:33:35.058	          linker	[Debug]	        dji_protocol_v1.c:264  protocol frame length error
01-05 20:33:35.058	          linker	[Debug]	        dji_protocol_v1.c:264  protocol frame length error
01-05 20:33:35.058	          linker	[Debug]	        dji_protocol_v1.c:264  protocol frame length error
01-05 20:33:35.058	          linker	[Debug]	        dji_protocol_v1.c:264  protocol frame length error
01-05 20:33:35.058	          linker	[Debug]	        dji_protocol_v1.c:264  protocol frame length error
01-05 20:33:35.058	          linker	[Debug]	        dji_protocol_v1.c:264  protocol frame length error
01-05 20:33:35.058	          linker	[Debug]	        dji_protocol_v1.c:264  protocol frame length error
01-05 20:33:35.058	          linker	[Debug]	        dji_protocol_v1.c:264  protocol frame length error
01-05 20:33:35.058	          linker	[Debug]	        dji_protocol_v1.c:264  protocol frame length error
01-05 20:33:35.058	          linker	[Debug]	        dji_protocol_v1.c:264  protocol frame length error
01-05 20:33:35.058	          linker	[Debug]	        dji_protocol_v1.c:264  protocol frame length error
01-05 20:33:35.058	          linker	[Debug]	        dji_protocol_v1.c:264  protocol frame length error
01-05 20:33:35.058	          linker	[Debug]	        dji_protocol_v1.c:264  protocol frame length error
01-05 20:33:35.058	          linker	[Debug]	        dji_protocol_v1.c:264  protocol frame length error
01-05 20:33:35.058	          linker	[Debug]	        dji_protocol_v1.c:264  protocol frame length error
01-05 20:33:35.058	          linker	[Debug]	        dji_protocol_v1.c:264  protocol frame length error
01-05 20:33:35.058	          linker	[Debug]	        dji_protocol_v1.c:264  protocol frame length error
01-05 20:33:35.058	          linker	[Debug]	        dji_protocol_v1.c:264  protocol frame length error
01-05 20:33:35.058	          linker	[Debug]	        dji_protocol_v1.c:264  protocol frame length error
01-05 20:33:35.058	          linker	[Debug]	        dji_protocol_v1.c:264  protocol frame length error
01-05 20:33:35.058	          linker	[Debug]	        dji_protocol_v1.c:264  protocol frame length error
01-05 20:33:35.058	          linker	[Debug]	        dji_protocol_v1.c:264  protocol frame length error
01-05 20:33:35.058	          linker	[Debug]	        dji_protocol_v1.c:264  protocol frame length error
01-05 20:33:35.058	          linker	[Debug]	        dji_protocol_v1.c:264  protocol frame length error
01-05 20:33:35.058	          linker	[Debug]	        dji_protocol_v1.c:264  protocol frame length error
01-05 20:33:35.058	          linker	[Debug]	        dji_protocol_v1.c:264  protocol frame length error
01-05 20:33:35.058	          linker	[Debug]	        dji_protocol_v1.c:264  protocol frame length error
01-05 20:33:35.058	          linker	[Debug]	        dji_protocol_v1.c:264  protocol frame length error
01-05 20:33:35.058	          linker	[Debug]	        dji_protocol_v1.c:264  protocol frame length error
01-05 20:33:35.058	          linker	[Debug]	        dji_protocol_v1.c:264  protocol frame length error
01-05 20:33:35.058	          linker	[Debug]	        dji_protocol_v1.c:264  protocol frame length error
01-05 20:33:35.058	          linker	[Debug]	        dji_protocol_v1.c:264  protocol frame length error
01-05 20:33:35.058	          linker	[Debug]	        dji_protocol_v1.c:264  protocol frame length error
01-05 20:33:35.058	          linker	[Debug]	        dji_protocol_v1.c:264  protocol frame length error
01-05 20:33:35.058	          linker	[Debug]	        dji_protocol_v1.c:264  protocol frame length error
01-05 20:33:35.058	          linker	[Debug]	        dji_protocol_v1.c:264  protocol frame length error
01-05 20:33:35.058	          linker	[Debug]	        dji_protocol_v1.c:264  protocol frame length error
01-05 20:33:35.058	          linker	[Debug]	        dji_protocol_v1.c:264  protocol frame length error
01-05 20:33:35.058	          linker	[Debug]	        dji_protocol_v1.c:264  protocol frame length error
01-05 20:33:35.058	          linker	[Debug]	        dji_protocol_v1.c:264  protocol frame length error
01-05 20:33:35.058	          linker	[Debug]	        dji_protocol_v1.c:264  protocol frame length error
01-05 20:33:35.058	          linker	[Debug]	        dji_protocol_v1.c:264  protocol frame length error
01-05 20:33:35.058	          linker	[Debug]	        dji_protocol_v1.c:264  protocol frame length error
01-05 20:33:35.058	          linker	[Debug]	        dji_protocol_v1.c:264  protocol frame length error
01-05 20:33:35.058	          linker	[Debug]	        dji_protocol_v1.c:264  protocol frame length error
01-05 20:33:35.058	          linker	[Debug]	        dji_protocol_v1.c:264  protocol frame length error
01-05 20:33:35.058	          linker	[Debug]	        dji_protocol_v1.c:264  protocol frame length error
01-05 20:33:35.058	          linker	[Debug]	        dji_protocol_v1.c:264  protocol frame length error
01-05 20:33:35.058	          linker	[Debug]	        dji_protocol_v1.c:264  protocol frame length error
01-05 20:33:35.058	          linker	[Debug]	        dji_protocol_v1.c:264  protocol frame length error
01-05 20:33:35.058	          linker	[Debug]	        dji_protocol_v1.c:264  protocol frame length error
01-05 20:33:35.058	          linker	[Debug]	        dji_protocol_v1.c:264  protocol frame length error
01-05 20:33:35.058	          linker	[Debug]	        dji_protocol_v1.c:264  protocol frame length error
01-05 20:33:35.058	          linker	[Debug]	        dji_protocol_v1.c:264  protocol frame length error
01-05 20:33:35.058	          linker	[Debug]	        dji_protocol_v1.c:264  protocol frame length error
01-05 20:33:35.058	          linker	[Debug]	        dji_protocol_v1.c:264  protocol frame length error
01-05 20:33:35.058	          linker	[Debug]	        dji_protocol_v1.c:264  protocol frame length error
01-05 20:33:35.058	          linker	[Debug]	        dji_protocol_v1.c:264  protocol frame length error
01-05 20:33:35.058	          linker	[Debug]	        dji_protocol_v1.c:264  protocol frame length error
01-05 20:33:35.058	          linker	[Debug]	        dji_protocol_v1.c:264  protocol frame length error
01-05 20:33:35.058	          linker	[Debug]	        dji_protocol_v1.c:264  protocol frame length error
01-05 20:33:35.058	          linker	[Debug]	        dji_protocol_v1.c:264  protocol frame length error
01-05 20:33:35.058	          linker	[Debug]	        dji_protocol_v1.c:264  protocol frame length error
01-05 20:33:35.058	          linker	[Debug]	        dji_protocol_v1.c:264  protocol frame length error
01-05 20:33:35.058	          linker	[Debug]	        dji_protocol_v1.c:264  protocol frame length error
01-05 20:33:35.058	          linker	[Debug]	        dji_protocol_v1.c:264  protocol frame length error
01-05 20:33:35.058	          linker	[Debug]	        dji_protocol_v1.c:264  protocol frame length error
01-05 20:33:35.058	          linker	[Debug]	        dji_protocol_v1.c:264  protocol frame length error
01-05 20:33:35.058	          linker	[Debug]	        dji_protocol_v1.c:264  protocol frame length error
01-05 20:33:35.058	          linker	[Debug]	        dji_protocol_v1.c:264  protocol frame length error
01-05 20:33:35.058	          linker	[Debug]	        dji_protocol_v1.c:264  protocol frame length error
01-05 20:33:35.058	          linker	[Debug]	        dji_protocol_v1.c:264  protocol frame length error
01-05 20:33:35.058	          linker	[Debug]	        dji_protocol_v1.c:264  protocol frame length error
01-05 20:33:35.058	          linker	[Debug]	        dji_protocol_v1.c:264  protocol frame length error
01-05 20:33:35.058	          linker	[Debug]	        dji_protocol_v1.c:264  protocol frame length error
01-05 20:33:35.058	          linker	[Debug]	        dji_protocol_v1.c:264  protocol frame length error
01-05 20:33:35.058	          linker	[Debug]	        dji_protocol_v1.c:264  protocol frame length error
01-05 20:33:35.058	          linker	[Debug]	        dji_protocol_v1.c:264  protocol frame length error
01-05 20:33:35.059	          linker	[Debug]	        dji_protocol_v1.c:264  protocol frame length error
01-05 20:33:35.059	          linker	[Debug]	        dji_protocol_v1.c:264  protocol frame length error
01-05 20:33:35.059	          linker	[Debug]	        dji_protocol_v1.c:264  protocol frame length error
01-05 20:33:35.059	          linker	[Debug]	        dji_protocol_v1.c:264  protocol frame length error
01-05 20:33:35.059	          linker	[Debug]	        dji_protocol_v1.c:264  protocol frame length error
01-05 20:33:35.059	          linker	[Debug]	        dji_protocol_v1.c:264  protocol frame length error
01-05 20:33:35.059	          linker	[Debug]	        dji_protocol_v1.c:264  protocol frame length error
01-05 20:33:35.059	          linker	[Debug]	        dji_protocol_v1.c:264  protocol frame length error
01-05 20:33:35.059	          linker	[Debug]	        dji_protocol_v1.c:264  protocol frame length error
01-05 20:33:35.059	          linker	[Debug]	        dji_protocol_v1.c:264  protocol frame length error
01-05 20:33:35.059	          linker	[Debug]	        dji_protocol_v1.c:264  protocol frame length error
01-05 20:33:35.059	          linker	[Debug]	        dji_protocol_v1.c:264  protocol frame length error
01-05 20:33:35.059	          linker	[Debug]	        dji_protocol_v1.c:264  protocol frame length error
01-05 20:33:35.059	          linker	[Debug]	        dji_protocol_v1.c:264  protocol frame length error
01-05 20:33:35.059	          linker	[Debug]	        dji_protocol_v1.c:264  protocol frame length error
01-05 20:33:35.059	          linker	[Debug]	        dji_protocol_v1.c:264  protocol frame length error
01-05 20:33:35.059	          linker	[Debug]	        dji_protocol_v1.c:264  protocol frame length error
01-05 20:33:35.059	          linker	[Debug]	        dji_protocol_v1.c:264  protocol frame length error
01-05 20:33:35.059	          linker	[Debug]	        dji_protocol_v1.c:264  protocol frame length error
01-05 20:33:35.059	          linker	[Debug]	        dji_protocol_v1.c:264  protocol frame length error
01-05 20:33:35.059	          linker	[Debug]	        dji_protocol_v1.c:264  protocol frame length error
01-05 20:33:35.059	          linker	[Debug]	        dji_protocol_v1.c:264  protocol frame length error
01-05 20:33:35.059	          linker	[Debug]	        dji_protocol_v1.c:264  protocol frame length error
01-05 20:33:35.059	          linker	[Debug]	        dji_protocol_v1.c:264  protocol frame length error
01-05 20:33:35.059	          linker	[Debug]	        dji_protocol_v1.c:264  protocol frame length error
01-05 20:33:35.059	          linker	[Debug]	        dji_protocol_v1.c:264  protocol frame length error
01-05 20:33:35.059	          linker	[Debug]	        dji_protocol_v1.c:264  protocol frame length error
01-05 20:33:35.059	          linker	[Debug]	        dji_protocol_v1.c:264  protocol frame length error
01-05 20:33:35.059	          linker	[Debug]	        dji_protocol_v1.c:264  protocol frame length error
01-05 20:33:35.059	          linker	[Debug]	        dji_protocol_v1.c:264  protocol frame length error
01-05 20:33:35.059	          linker	[Debug]	        dji_protocol_v1.c:264  protocol frame length error
01-05 20:33:35.059	          linker	[Debug]	        dji_protocol_v1.c:264  protocol frame length error
01-05 20:33:35.059	          linker	[Debug]	        dji_protocol_v1.c:264  protocol frame length error
01-05 20:33:35.059	          linker	[Debug]	        dji_protocol_v1.c:264  protocol frame length error
01-05 20:33:35.059	          linker	[Debug]	        dji_protocol_v1.c:264  protocol frame length error
01-05 20:33:35.059	          linker	[Debug]	        dji_protocol_v1.c:264  protocol frame length error
01-05 20:33:35.059	          linker	[Debug]	        dji_protocol_v1.c:264  protocol frame length error
01-05 20:33:35.059	          linker	[Debug]	        dji_protocol_v1.c:264  protocol frame length error
01-05 20:33:35.059	          linker	[Debug]	        dji_protocol_v1.c:264  protocol frame length error
01-05 20:33:35.059	          linker	[Debug]	        dji_protocol_v1.c:264  protocol frame length error
01-05 20:33:35.059	          linker	[Debug]	        dji_protocol_v1.c:264  protocol frame length error
01-05 20:33:35.059	          linker	[Debug]	        dji_protocol_v1.c:264  protocol frame length error
01-05 20:33:35.059	          linker	[Debug]	        dji_protocol_v1.c:264  protocol frame length error
01-05 20:33:35.059	          linker	[Debug]	        dji_protocol_v1.c:264  protocol frame length error
01-05 20:33:35.059	          linker	[Debug]	        dji_protocol_v1.c:264  protocol frame length error
01-05 20:33:35.059	          linker	[Debug]	        dji_protocol_v1.c:264  protocol frame length error
01-05 20:33:35.059	          linker	[Debug]	        dji_protocol_v1.c:264  protocol frame length error
01-05 20:33:35.059	          linker	[Debug]	        dji_protocol_v1.c:264  protocol frame length error
01-05 20:33:35.059	          linker	[Debug]	        dji_protocol_v1.c:264  protocol frame length error
01-05 20:33:35.059	          linker	[Debug]	        dji_protocol_v1.c:264  protocol frame length error
01-05 20:33:35.059	          linker	[Debug]	        dji_protocol_v1.c:264  protocol frame length error
01-05 20:33:35.059	          linker	[Debug]	        dji_protocol_v1.c:264  protocol frame length error
01-05 20:33:35.059	          linker	[Debug]	        dji_protocol_v1.c:264  protocol frame length error
01-05 20:33:35.059	          linker	[Debug]	        dji_protocol_v1.c:264  protocol frame length error
01-05 20:33:35.059	          linker	[Debug]	        dji_protocol_v1.c:264  protocol frame length error
01-05 20:33:35.059	          linker	[Debug]	        dji_protocol_v1.c:264  protocol frame length error
01-05 20:33:35.059	          linker	[Debug]	        dji_protocol_v1.c:264  protocol frame length error
01-05 20:33:35.059	          linker	[Debug]	        dji_protocol_v1.c:264  protocol frame length error
01-05 20:33:35.059	          linker	[Debug]	        dji_protocol_v1.c:264  protocol frame length error
01-05 20:33:35.059	          linker	[Debug]	        dji_protocol_v1.c:264  protocol frame length error
01-05 20:33:35.059	          linker	[Debug]	        dji_protocol_v1.c:264  protocol frame length error
01-05 20:33:35.059	          linker	[Debug]	        dji_protocol_v1.c:264  protocol frame length error
01-05 20:33:35.059	          linker	[Debug]	        dji_protocol_v1.c:264  protocol frame length error
01-05 20:33:35.059	          linker	[Debug]	        dji_protocol_v1.c:264  protocol frame length error
01-05 20:33:35.059	          linker	[Debug]	        dji_protocol_v1.c:264  protocol frame length error
01-05 20:33:35.059	          linker	[Debug]	        dji_protocol_v1.c:264  protocol frame length error
01-05 20:33:35.059	          linker	[Debug]	        dji_protocol_v1.c:264  protocol frame length error
01-05 20:33:35.059	          linker	[Debug]	        dji_protocol_v1.c:264  protocol frame length error
01-05 20:33:35.059	          linker	[Debug]	        dji_protocol_v1.c:264  protocol frame length error
01-05 20:33:35.059	          linker	[Debug]	        dji_protocol_v1.c:264  protocol frame length error
01-05 20:33:35.059	          linker	[Debug]	        dji_protocol_v1.c:264  protocol frame length error
01-05 20:33:35.059	          linker	[Debug]	        dji_protocol_v1.c:264  protocol frame length error
01-05 20:33:35.059	          linker	[Debug]	        dji_protocol_v1.c:264  protocol frame length error
01-05 20:33:35.059	          linker	[Debug]	        dji_protocol_v1.c:264  protocol frame length error
01-05 20:33:35.059	          linker	[Debug]	        dji_protocol_v1.c:264  protocol frame length error
01-05 20:33:35.059	          linker	[Debug]	        dji_protocol_v1.c:264  protocol frame length error
01-05 20:33:35.059	          linker	[Debug]	        dji_protocol_v1.c:264  protocol frame length error
01-05 20:33:35.059	          linker	[Debug]	        dji_protocol_v1.c:264  protocol frame length error
01-05 20:33:35.059	          linker	[Debug]	        dji_protocol_v1.c:264  protocol frame length error
01-05 20:33:35.059	          linker	[Debug]	        dji_protocol_v1.c:264  protocol frame length error
01-05 20:33:35.059	          linker	[Debug]	        dji_protocol_v1.c:264  protocol frame length error
01-05 20:33:35.059	          linker	[Debug]	        dji_protocol_v1.c:264  protocol frame length error
01-05 20:33:35.059	          linker	[Debug]	        dji_protocol_v1.c:264  protocol frame length error
01-05 20:33:35.059	          linker	[Debug]	        dji_protocol_v1.c:264  protocol frame length error
01-05 20:33:35.059	          linker	[Debug]	        dji_protocol_v1.c:264  protocol frame length error
01-05 20:33:35.059	          linker	[Debug]	        dji_protocol_v1.c:264  protocol frame length error
01-05 20:33:35.059	          linker	[Debug]	        dji_protocol_v1.c:264  protocol frame length error
01-05 20:33:35.059	          linker	[Debug]	        dji_protocol_v1.c:264  protocol frame length error
01-05 20:33:35.059	          linker	[Debug]	        dji_protocol_v1.c:264  protocol frame length error
01-05 20:33:35.059	          linker	[Debug]	        dji_protocol_v1.c:264  protocol frame length error
01-05 20:33:35.059	          linker	[Debug]	        dji_protocol_v1.c:264  protocol frame length error
01-05 20:33:35.059	          linker	[Debug]	        dji_protocol_v1.c:264  protocol frame length error
01-05 20:33:35.059	          linker	[Debug]	        dji_protocol_v1.c:264  protocol frame length error
01-05 20:33:35.059	          linker	[Debug]	        dji_protocol_v1.c:264  protocol frame length error
01-05 20:33:35.059	          linker	[Debug]	        dji_protocol_v1.c:264  protocol frame length error
01-05 20:33:35.059	          linker	[Debug]	        dji_protocol_v1.c:264  protocol frame length error
01-05 20:33:35.059	          linker	[Debug]	        dji_protocol_v1.c:264  protocol frame length error
01-05 20:33:35.059	          linker	[Debug]	        dji_protocol_v1.c:264  protocol frame length error
01-05 20:33:35.059	          linker	[Debug]	        dji_protocol_v1.c:264  protocol frame length error
01-05 20:33:35.059	          linker	[Debug]	        dji_protocol_v1.c:264  protocol frame length error
01-05 20:33:35.059	          linker	[Debug]	        dji_protocol_v1.c:264  protocol frame length error
01-05 20:33:35.059	          linker	[Debug]	        dji_protocol_v1.c:264  protocol frame length error
01-05 20:33:35.060	          linker	[Debug]	        dji_protocol_v1.c:264  protocol frame length error
01-05 20:33:35.060	          linker	[Debug]	        dji_protocol_v1.c:264  protocol frame length error
01-05 20:33:35.060	          linker	[Debug]	        dji_protocol_v1.c:264  protocol frame length error
01-05 20:33:35.060	          linker	[Debug]	        dji_protocol_v1.c:264  protocol frame length error
01-05 20:33:35.060	          linker	[Debug]	        dji_protocol_v1.c:264  protocol frame length error
01-05 20:33:35.060	          linker	[Debug]	        dji_protocol_v1.c:264  protocol frame length error
01-05 20:33:35.060	          linker	[Debug]	        dji_protocol_v1.c:264  protocol frame length error
01-05 20:33:35.060	          linker	[Debug]	        dji_protocol_v1.c:264  protocol frame length error
01-05 20:33:35.060	          linker	[Debug]	        dji_protocol_v1.c:264  protocol frame length error
01-05 20:33:35.060	          linker	[Debug]	        dji_protocol_v1.c:264  protocol frame length error
01-05 20:33:35.060	          linker	[Debug]	        dji_protocol_v1.c:264  protocol frame length error
01-05 20:33:35.060	          linker	[Debug]	        dji_protocol_v1.c:264  protocol frame length error
01-05 20:33:35.060	          linker	[Debug]	        dji_protocol_v1.c:264  protocol frame length error
01-05 20:33:35.060	          linker	[Debug]	        dji_protocol_v1.c:264  protocol frame length error
01-05 20:33:35.060	          linker	[Debug]	        dji_protocol_v1.c:264  protocol frame length error
01-05 20:33:35.060	          linker	[Debug]	        dji_protocol_v1.c:264  protocol frame length error
01-05 20:33:35.060	          linker	[Debug]	        dji_protocol_v1.c:264  protocol frame length error
01-05 20:33:35.060	          linker	[Debug]	        dji_protocol_v1.c:264  protocol frame length error
01-05 20:33:35.060	          linker	[Debug]	        dji_protocol_v1.c:264  protocol frame length error
01-05 20:33:35.060	          linker	[Debug]	        dji_protocol_v1.c:264  protocol frame length error
01-05 20:33:35.060	          linker	[Debug]	        dji_protocol_v1.c:264  protocol frame length error
01-05 20:33:35.060	          linker	[Debug]	        dji_protocol_v1.c:264  protocol frame length error
01-05 20:33:35.060	          linker	[Debug]	        dji_protocol_v1.c:264  protocol frame length error
01-05 20:33:35.060	          linker	[Debug]	        dji_protocol_v1.c:264  protocol frame length error
01-05 20:33:35.060	          linker	[Debug]	        dji_protocol_v1.c:264  protocol frame length error
01-05 20:33:35.060	          linker	[Debug]	        dji_protocol_v1.c:264  protocol frame length error
01-05 20:33:35.060	          linker	[Debug]	        dji_protocol_v1.c:264  protocol frame length error
01-05 20:33:35.060	          linker	[Debug]	        dji_protocol_v1.c:264  protocol frame length error
01-05 20:33:35.060	          linker	[Debug]	        dji_protocol_v1.c:264  protocol frame length error
01-05 20:33:35.060	          linker	[Debug]	        dji_protocol_v1.c:264  protocol frame length error
01-05 20:33:35.060	          linker	[Debug]	        dji_protocol_v1.c:264  protocol frame length error
01-05 20:33:35.060	          linker	[Debug]	        dji_protocol_v1.c:264  protocol frame length error
01-05 20:33:35.060	          linker	[Debug]	        dji_protocol_v1.c:264  protocol frame length error
01-05 20:33:35.060	          linker	[Debug]	        dji_protocol_v1.c:264  protocol frame length error
01-05 20:33:35.060	          linker	[Debug]	        dji_protocol_v1.c:264  protocol frame length error
01-05 20:33:35.060	          linker	[Debug]	        dji_protocol_v1.c:264  protocol frame length error
01-05 20:33:35.060	          linker	[Debug]	        dji_protocol_v1.c:264  protocol frame length error
01-05 20:33:35.060	          linker	[Debug]	        dji_protocol_v1.c:264  protocol frame length error
01-05 20:33:35.060	          linker	[Debug]	        dji_protocol_v1.c:264  protocol frame length error
01-05 20:33:35.060	          linker	[Debug]	        dji_protocol_v1.c:264  protocol frame length error
01-05 20:33:35.060	          linker	[Debug]	        dji_protocol_v1.c:264  protocol frame length error
01-05 20:33:35.060	          linker	[Debug]	        dji_protocol_v1.c:264  protocol frame length error
01-05 20:33:35.060	          linker	[Debug]	        dji_protocol_v1.c:264  protocol frame length error
01-05 20:33:35.060	          linker	[Debug]	        dji_protocol_v1.c:264  protocol frame length error
01-05 20:33:35.060	          linker	[Debug]	        dji_protocol_v1.c:264  protocol frame length error
01-05 20:33:35.060	          linker	[Debug]	        dji_protocol_v1.c:264  protocol frame length error
01-05 20:33:35.060	          linker	[Debug]	        dji_protocol_v1.c:264  protocol frame length error
01-05 20:33:35.060	          linker	[Debug]	        dji_protocol_v1.c:264  protocol frame length error
01-05 20:33:35.060	          linker	[Debug]	        dji_protocol_v1.c:264  protocol frame length error
01-05 20:33:35.060	          linker	[Debug]	        dji_protocol_v1.c:264  protocol frame length error
01-05 20:33:35.060	          linker	[Debug]	        dji_protocol_v1.c:264  protocol frame length error
01-05 20:33:35.060	          linker	[Debug]	        dji_protocol_v1.c:264  protocol frame length error
01-05 20:33:35.060	          linker	[Debug]	        dji_protocol_v1.c:264  protocol frame length error
01-05 20:33:35.060	          linker	[Debug]	        dji_protocol_v1.c:264  protocol frame length error
01-05 20:33:35.060	          linker	[Debug]	        dji_protocol_v1.c:264  protocol frame length error
01-05 20:33:35.060	          linker	[Debug]	        dji_protocol_v1.c:264  protocol frame length error
01-05 20:33:35.060	          linker	[Debug]	        dji_protocol_v1.c:264  protocol frame length error
01-05 20:33:35.060	          linker	[Debug]	        dji_protocol_v1.c:264  protocol frame length error
01-05 20:33:35.060	          linker	[Debug]	        dji_protocol_v1.c:264  protocol frame length error
01-05 20:33:35.060	          linker	[Debug]	        dji_protocol_v1.c:264  protocol frame length error
01-05 20:33:35.060	          linker	[Debug]	        dji_protocol_v1.c:264  protocol frame length error
01-05 20:33:35.060	          linker	[Debug]	        dji_protocol_v1.c:264  protocol frame length error
01-05 20:33:35.060	          linker	[Debug]	        dji_protocol_v1.c:264  protocol frame length error
01-05 20:33:35.060	          linker	[Debug]	        dji_protocol_v1.c:264  protocol frame length error
01-05 20:33:35.060	          linker	[Debug]	        dji_protocol_v1.c:264  protocol frame length error
01-05 20:33:35.060	          linker	[Debug]	        dji_protocol_v1.c:264  protocol frame length error
01-05 20:33:35.060	          linker	[Debug]	        dji_protocol_v1.c:264  protocol frame length error
01-05 20:33:35.060	          linker	[Debug]	        dji_protocol_v1.c:264  protocol frame length error
01-05 20:33:35.060	          linker	[Debug]	        dji_protocol_v1.c:264  protocol frame length error
01-05 20:33:35.060	          linker	[Debug]	        dji_protocol_v1.c:264  protocol frame length error
01-05 20:33:35.060	          linker	[Debug]	        dji_protocol_v1.c:264  protocol frame length error
01-05 20:33:35.060	          linker	[Debug]	        dji_protocol_v1.c:264  protocol frame length error
01-05 20:33:35.060	          linker	[Debug]	        dji_protocol_v1.c:264  protocol frame length error
01-05 20:33:35.060	          linker	[Debug]	        dji_protocol_v1.c:264  protocol frame length error
01-05 20:33:35.060	          linker	[Debug]	        dji_protocol_v1.c:264  protocol frame length error
01-05 20:33:35.060	          linker	[Debug]	        dji_protocol_v1.c:264  protocol frame length error
01-05 20:33:35.060	          linker	[Debug]	        dji_protocol_v1.c:264  protocol frame length error
01-05 20:33:35.060	          linker	[Debug]	        dji_protocol_v1.c:264  protocol frame length error
01-05 20:33:35.060	          linker	[Debug]	        dji_protocol_v1.c:264  protocol frame length error
01-05 20:33:35.060	          linker	[Debug]	        dji_protocol_v1.c:264  protocol frame length error
01-05 20:33:35.060	          linker	[Debug]	        dji_protocol_v1.c:264  protocol frame length error
01-05 20:33:35.060	          linker	[Debug]	        dji_protocol_v1.c:264  protocol frame length error
01-05 20:33:35.060	          linker	[Debug]	        dji_protocol_v1.c:264  protocol frame length error
01-05 20:33:35.060	          linker	[Debug]	        dji_protocol_v1.c:264  protocol frame length error
01-05 20:33:35.060	          linker	[Debug]	        dji_protocol_v1.c:264  protocol frame length error
01-05 20:33:35.060	          linker	[Debug]	        dji_protocol_v1.c:264  protocol frame length error
01-05 20:33:35.060	          linker	[Debug]	        dji_protocol_v1.c:264  protocol frame length error
01-05 20:33:35.060	          linker	[Debug]	        dji_protocol_v1.c:264  protocol frame length error
01-05 20:33:35.060	          linker	[Debug]	        dji_protocol_v1.c:264  protocol frame length error
01-05 20:33:35.060	          linker	[Debug]	        dji_protocol_v1.c:264  protocol frame length error
01-05 20:33:35.060	          linker	[Debug]	        dji_protocol_v1.c:264  protocol frame length error
01-05 20:33:35.060	          linker	[Debug]	        dji_protocol_v1.c:264  protocol frame length error
01-05 20:33:35.060	          linker	[Debug]	        dji_protocol_v1.c:264  protocol frame length error
01-05 20:33:35.060	          linker	[Debug]	        dji_protocol_v1.c:264  protocol frame length error
01-05 20:33:35.060	          linker	[Debug]	        dji_protocol_v1.c:264  protocol frame length error
01-05 20:33:35.060	          linker	[Debug]	        dji_protocol_v1.c:264  protocol frame length error
01-05 20:33:35.060	          linker	[Debug]	        dji_protocol_v1.c:264  protocol frame length error
01-05 20:33:35.060	          linker	[Debug]	        dji_protocol_v1.c:264  protocol frame length error
01-05 20:33:35.061	          linker	[Debug]	        dji_protocol_v1.c:264  protocol frame length error
01-05 20:33:35.061	          linker	[Debug]	        dji_protocol_v1.c:264  protocol frame length error
01-05 20:33:35.061	          linker	[Debug]	        dji_protocol_v1.c:264  protocol frame length error
01-05 20:33:35.061	          linker	[Debug]	        dji_protocol_v1.c:264  protocol frame length error
01-05 20:33:35.061	          linker	[Debug]	        dji_protocol_v1.c:264  protocol frame length error
01-05 20:33:35.061	          linker	[Debug]	        dji_protocol_v1.c:264  protocol frame length error
01-05 20:33:35.061	          linker	[Debug]	        dji_protocol_v1.c:264  protocol frame length error
01-05 20:33:35.061	          linker	[Debug]	        dji_protocol_v1.c:264  protocol frame length error
01-05 20:33:35.061	          linker	[Debug]	        dji_protocol_v1.c:264  protocol frame length error
01-05 20:33:35.061	          linker	[Debug]	        dji_protocol_v1.c:264  protocol frame length error
01-05 20:33:35.061	          linker	[Debug]	        dji_protocol_v1.c:264  protocol frame length error
01-05 20:33:35.061	          linker	[Debug]	        dji_protocol_v1.c:264  protocol frame length error
01-05 20:33:35.061	          linker	[Debug]	        dji_protocol_v1.c:264  protocol frame length error
01-05 20:33:35.061	          linker	[Debug]	        dji_protocol_v1.c:264  protocol frame length error
01-05 20:33:35.061	          linker	[Debug]	        dji_protocol_v1.c:264  protocol frame length error
01-05 20:33:35.061	          linker	[Debug]	        dji_protocol_v1.c:264  protocol frame length error
01-05 20:33:35.061	          linker	[Debug]	        dji_protocol_v1.c:264  protocol frame length error
01-05 20:33:35.061	          linker	[Debug]	        dji_protocol_v1.c:264  protocol frame length error
01-05 20:33:35.061	          linker	[Debug]	        dji_protocol_v1.c:264  protocol frame length error
01-05 20:33:35.061	          linker	[Debug]	        dji_protocol_v1.c:264  protocol frame length error
01-05 20:33:35.061	          linker	[Debug]	        dji_protocol_v1.c:264  protocol frame length error
01-05 20:33:35.061	          linker	[Debug]	        dji_protocol_v1.c:264  protocol frame length error
01-05 20:33:35.061	          linker	[Debug]	        dji_protocol_v1.c:264  protocol frame length error
01-05 20:33:35.061	          linker	[Debug]	        dji_protocol_v1.c:264  protocol frame length error
01-05 20:33:35.061	          linker	[Debug]	        dji_protocol_v1.c:264  protocol frame length error
01-05 20:33:35.061	          linker	[Debug]	        dji_protocol_v1.c:264  protocol frame length error
01-05 20:33:35.061	          linker	[Debug]	        dji_protocol_v1.c:264  protocol frame length error
01-05 20:33:35.061	          linker	[Debug]	        dji_protocol_v1.c:264  protocol frame length error
01-05 20:33:35.061	          linker	[Debug]	        dji_protocol_v1.c:264  protocol frame length error
01-05 20:33:35.061	          linker	[Debug]	        dji_protocol_v1.c:264  protocol frame length error
01-05 20:33:35.061	          linker	[Debug]	        dji_protocol_v1.c:264  protocol frame length error
01-05 20:33:35.061	          linker	[Debug]	        dji_protocol_v1.c:264  protocol frame length error
01-05 20:33:35.061	          linker	[Debug]	        dji_protocol_v1.c:264  protocol frame length error
01-05 20:33:35.061	          linker	[Debug]	        dji_protocol_v1.c:264  protocol frame length error
01-05 20:33:35.061	          linker	[Debug]	        dji_protocol_v1.c:264  protocol frame length error
01-05 20:33:35.061	          linker	[Debug]	        dji_protocol_v1.c:264  protocol frame length error
01-05 20:33:35.061	          linker	[Debug]	        dji_protocol_v1.c:264  protocol frame length error
01-05 20:33:35.061	          linker	[Debug]	        dji_protocol_v1.c:264  protocol frame length error
01-05 20:33:35.061	          linker	[Debug]	        dji_protocol_v1.c:264  protocol frame length error
01-05 20:33:35.061	          linker	[Debug]	        dji_protocol_v1.c:264  protocol frame length error
01-05 20:33:35.061	          linker	[Debug]	        dji_protocol_v1.c:264  protocol frame length error
01-05 20:33:35.061	          linker	[Debug]	        dji_protocol_v1.c:264  protocol frame length error
01-05 20:33:35.061	          linker	[Debug]	        dji_protocol_v1.c:264  protocol frame length error
01-05 20:33:35.061	          linker	[Debug]	        dji_protocol_v1.c:264  protocol frame length error
01-05 20:33:35.061	          linker	[Debug]	        dji_protocol_v1.c:264  protocol frame length error
01-05 20:33:35.061	          linker	[Debug]	        dji_protocol_v1.c:264  protocol frame length error
01-05 20:33:35.061	          linker	[Debug]	        dji_protocol_v1.c:264  protocol frame length error
01-05 20:33:35.061	          linker	[Debug]	        dji_protocol_v1.c:264  protocol frame length error
01-05 20:33:35.061	          linker	[Debug]	        dji_protocol_v1.c:264  protocol frame length error
01-05 20:33:35.061	          linker	[Debug]	        dji_protocol_v1.c:264  protocol frame length error
01-05 20:33:35.061	          linker	[Debug]	        dji_protocol_v1.c:264  protocol frame length error
01-05 20:33:35.061	          linker	[Debug]	        dji_protocol_v1.c:264  protocol frame length error
01-05 20:33:35.061	          linker	[Debug]	        dji_protocol_v1.c:264  protocol frame length error
01-05 20:33:35.061	          linker	[Debug]	        dji_protocol_v1.c:264  protocol frame length error
01-05 20:33:35.061	          linker	[Debug]	        dji_protocol_v1.c:264  protocol frame length error
01-05 20:33:35.061	          linker	[Debug]	        dji_protocol_v1.c:264  protocol frame length error
01-05 20:33:35.061	          linker	[Debug]	        dji_protocol_v1.c:264  protocol frame length error
01-05 20:33:35.061	          linker	[Debug]	        dji_protocol_v1.c:264  protocol frame length error
01-05 20:33:35.061	          linker	[Debug]	        dji_protocol_v1.c:264  protocol frame length error
01-05 20:33:35.061	          linker	[Debug]	        dji_protocol_v1.c:264  protocol frame length error
01-05 20:33:35.061	          linker	[Debug]	        dji_protocol_v1.c:264  protocol frame length error
01-05 20:33:35.061	          linker	[Debug]	        dji_protocol_v1.c:264  protocol frame length error
01-05 20:33:35.061	          linker	[Debug]	        dji_protocol_v1.c:264  protocol frame length error
01-05 20:33:35.061	          linker	[Debug]	        dji_protocol_v1.c:264  protocol frame length error
01-05 20:33:35.061	          linker	[Debug]	        dji_protocol_v1.c:264  protocol frame length error
01-05 20:33:35.061	          linker	[Debug]	        dji_protocol_v1.c:264  protocol frame length error
01-05 20:33:35.061	          linker	[Debug]	        dji_protocol_v1.c:264  protocol frame length error
01-05 20:33:35.061	          linker	[Debug]	        dji_protocol_v1.c:264  protocol frame length error
01-05 20:33:35.061	          linker	[Debug]	        dji_protocol_v1.c:264  protocol frame length error
01-05 20:33:35.061	          linker	[Debug]	        dji_protocol_v1.c:264  protocol frame length error
01-05 20:33:35.061	          linker	[Debug]	        dji_protocol_v1.c:264  protocol frame length error
01-05 20:33:35.061	          linker	[Debug]	        dji_protocol_v1.c:264  protocol frame length error
01-05 20:33:35.061	          linker	[Debug]	        dji_protocol_v1.c:264  protocol frame length error
01-05 20:33:35.061	          linker	[Debug]	        dji_protocol_v1.c:264  protocol frame length error
01-05 20:33:35.061	          linker	[Debug]	        dji_protocol_v1.c:264  protocol frame length error
01-05 20:33:35.061	          linker	[Debug]	        dji_protocol_v1.c:264  protocol frame length error
01-05 20:33:35.061	          linker	[Debug]	        dji_protocol_v1.c:264  protocol frame length error
01-05 20:33:35.061	          linker	[Debug]	        dji_protocol_v1.c:264  protocol frame length error
01-05 20:33:35.061	          linker	[Debug]	        dji_protocol_v1.c:264  protocol frame length error
01-05 20:33:35.061	          linker	[Debug]	        dji_protocol_v1.c:264  protocol frame length error
01-05 20:33:35.061	          linker	[Debug]	        dji_protocol_v1.c:264  protocol frame length error
01-05 20:33:35.061	          linker	[Debug]	        dji_protocol_v1.c:264  protocol frame length error
01-05 20:33:35.061	          linker	[Debug]	        dji_protocol_v1.c:264  protocol frame length error
01-05 20:33:35.061	          linker	[Debug]	        dji_protocol_v1.c:264  protocol frame length error
01-05 20:33:35.061	          linker	[Debug]	        dji_protocol_v1.c:264  protocol frame length error
01-05 20:33:35.061	          linker	[Debug]	        dji_protocol_v1.c:264  protocol frame length error
01-05 20:33:35.061	          linker	[Debug]	        dji_protocol_v1.c:264  protocol frame length error
01-05 20:33:35.061	          linker	[Debug]	        dji_protocol_v1.c:264  protocol frame length error
01-05 20:33:35.061	          linker	[Debug]	        dji_protocol_v1.c:264  protocol frame length error
01-05 20:33:35.061	          linker	[Debug]	        dji_protocol_v1.c:264  protocol frame length error
01-05 20:33:35.061	          linker	[Debug]	        dji_protocol_v1.c:264  protocol frame length error
01-05 20:33:35.061	          linker	[Debug]	        dji_protocol_v1.c:264  protocol frame length error
01-05 20:33:35.061	          linker	[Debug]	        dji_protocol_v1.c:264  protocol frame length error
01-05 20:33:35.061	          linker	[Debug]	        dji_protocol_v1.c:264  protocol frame length error
01-05 20:33:35.061	          linker	[Debug]	        dji_protocol_v1.c:264  protocol frame length error
01-05 20:33:35.061	          linker	[Debug]	        dji_protocol_v1.c:264  protocol frame length error
01-05 20:33:35.061	          linker	[Debug]	        dji_protocol_v1.c:264  protocol frame length error
01-05 20:33:35.061	          linker	[Debug]	        dji_protocol_v1.c:264  protocol frame length error
01-05 20:33:35.061	          linker	[Debug]	        dji_protocol_v1.c:264  protocol frame length error
01-05 20:33:35.061	          linker	[Debug]	        dji_protocol_v1.c:264  protocol frame length error
01-05 20:33:35.061	          linker	[Debug]	        dji_protocol_v1.c:264  protocol frame length error
01-05 20:33:35.061	          linker	[Debug]	        dji_protocol_v1.c:264  protocol frame length error
01-05 20:33:35.061	          linker	[Debug]	        dji_protocol_v1.c:264  protocol frame length error
01-05 20:33:35.061	          linker	[Debug]	        dji_protocol_v1.c:264  protocol frame length error
01-05 20:33:35.061	          linker	[Debug]	        dji_protocol_v1.c:264  protocol frame length error
01-05 20:33:35.061	          linker	[Debug]	        dji_protocol_v1.c:264  protocol frame length error
01-05 20:33:35.061	          linker	[Debug]	        dji_protocol_v1.c:264  protocol frame length error
01-05 20:33:35.062	          linker	[Debug]	        dji_protocol_v1.c:264  protocol frame length error
01-05 20:33:35.062	          linker	[Debug]	        dji_protocol_v1.c:264  protocol frame length error
01-05 20:33:35.062	          linker	[Debug]	        dji_protocol_v1.c:264  protocol frame length error
01-05 20:33:35.062	          linker	[Debug]	        dji_protocol_v1.c:264  protocol frame length error
01-05 20:33:35.062	          linker	[Debug]	        dji_protocol_v1.c:264  protocol frame length error
01-05 20:33:35.062	          linker	[Debug]	        dji_protocol_v1.c:264  protocol frame length error
01-05 20:33:35.062	          linker	[Debug]	        dji_protocol_v1.c:264  protocol frame length error
01-05 20:33:35.062	          linker	[Debug]	        dji_protocol_v1.c:264  protocol frame length error
01-05 20:33:35.062	          linker	[Debug]	        dji_protocol_v1.c:264  protocol frame length error
01-05 20:33:35.062	          linker	[Debug]	        dji_protocol_v1.c:264  protocol frame length error
01-05 20:33:35.062	          linker	[Debug]	        dji_protocol_v1.c:264  protocol frame length error
01-05 20:33:35.062	          linker	[Debug]	        dji_protocol_v1.c:264  protocol frame length error
01-05 20:33:35.062	          linker	[Debug]	        dji_protocol_v1.c:264  protocol frame length error
01-05 20:33:35.062	          linker	[Debug]	        dji_protocol_v1.c:264  protocol frame length error
01-05 20:33:35.062	          linker	[Debug]	        dji_protocol_v1.c:264  protocol frame length error
01-05 20:33:35.062	          linker	[Debug]	        dji_protocol_v1.c:264  protocol frame length error
01-05 20:33:35.062	          linker	[Debug]	        dji_protocol_v1.c:264  protocol frame length error
01-05 20:33:35.062	          linker	[Debug]	        dji_protocol_v1.c:264  protocol frame length error
01-05 20:33:35.062	          linker	[Debug]	        dji_protocol_v1.c:264  protocol frame length error
01-05 20:33:35.062	          linker	[Debug]	        dji_protocol_v1.c:264  protocol frame length error
01-05 20:33:35.062	          linker	[Debug]	        dji_protocol_v1.c:264  protocol frame length error
01-05 20:33:35.062	          linker	[Debug]	        dji_protocol_v1.c:264  protocol frame length error
01-05 20:33:35.062	          linker	[Debug]	        dji_protocol_v1.c:264  protocol frame length error
01-05 20:33:35.062	          linker	[Debug]	        dji_protocol_v1.c:264  protocol frame length error
01-05 20:33:35.062	          linker	[Debug]	        dji_protocol_v1.c:264  protocol frame length error
01-05 20:33:35.062	          linker	[Debug]	        dji_protocol_v1.c:264  protocol frame length error
01-05 20:33:35.062	          linker	[Debug]	        dji_protocol_v1.c:264  protocol frame length error
01-05 20:33:35.062	          linker	[Debug]	        dji_protocol_v1.c:264  protocol frame length error
01-05 20:33:35.062	          linker	[Debug]	        dji_protocol_v1.c:264  protocol frame length error
01-05 20:33:35.062	          linker	[Debug]	        dji_protocol_v1.c:264  protocol frame length error
01-05 20:33:35.062	          linker	[Debug]	        dji_protocol_v1.c:264  protocol frame length error
01-05 20:33:35.062	          linker	[Debug]	        dji_protocol_v1.c:264  protocol frame length error
01-05 20:33:35.062	          linker	[Debug]	        dji_protocol_v1.c:264  protocol frame length error
01-05 20:33:35.062	          linker	[Debug]	        dji_protocol_v1.c:264  protocol frame length error
01-05 20:33:35.062	          linker	[Debug]	        dji_protocol_v1.c:264  protocol frame length error
01-05 20:33:35.062	          linker	[Debug]	        dji_protocol_v1.c:264  protocol frame length error
01-05 20:33:35.062	          linker	[Debug]	        dji_protocol_v1.c:264  protocol frame length error
01-05 20:33:35.062	          linker	[Debug]	        dji_protocol_v1.c:264  protocol frame length error
01-05 20:33:35.062	          linker	[Debug]	        dji_protocol_v1.c:264  protocol frame length error
01-05 20:33:35.062	          linker	[Debug]	        dji_protocol_v1.c:264  protocol frame length error
01-05 20:33:35.062	          linker	[Debug]	        dji_protocol_v1.c:264  protocol frame length error
01-05 20:33:35.062	          linker	[Debug]	        dji_protocol_v1.c:264  protocol frame length error
01-05 20:33:35.062	          linker	[Debug]	        dji_protocol_v1.c:264  protocol frame length error
01-05 20:33:35.062	          linker	[Debug]	        dji_protocol_v1.c:264  protocol frame length error
01-05 20:33:35.062	          linker	[Debug]	        dji_protocol_v1.c:264  protocol frame length error
01-05 20:33:35.062	          linker	[Debug]	        dji_protocol_v1.c:264  protocol frame length error
01-05 20:33:35.062	          linker	[Debug]	        dji_protocol_v1.c:264  protocol frame length error
01-05 20:33:35.062	          linker	[Debug]	        dji_protocol_v1.c:264  protocol frame length error
01-05 20:33:35.062	          linker	[Debug]	        dji_protocol_v1.c:264  protocol frame length error
01-05 20:33:35.062	          linker	[Debug]	        dji_protocol_v1.c:264  protocol frame length error
01-05 20:33:35.062	          linker	[Debug]	        dji_protocol_v1.c:264  protocol frame length error
01-05 20:33:35.062	          linker	[Debug]	        dji_protocol_v1.c:264  protocol frame length error
01-05 20:33:35.062	          linker	[Debug]	        dji_protocol_v1.c:264  protocol frame length error
01-05 20:33:35.062	          linker	[Debug]	        dji_protocol_v1.c:264  protocol frame length error
01-05 20:33:35.062	          linker	[Debug]	        dji_protocol_v1.c:264  protocol frame length error
01-05 20:33:35.062	          linker	[Debug]	        dji_protocol_v1.c:264  protocol frame length error
01-05 20:33:35.062	          linker	[Debug]	        dji_protocol_v1.c:264  protocol frame length error
01-05 20:33:35.062	          linker	[Debug]	        dji_protocol_v1.c:264  protocol frame length error
01-05 20:33:35.062	          linker	[Debug]	        dji_protocol_v1.c:264  protocol frame length error
01-05 20:33:35.062	          linker	[Debug]	        dji_protocol_v1.c:264  protocol frame length error
01-05 20:33:35.062	          linker	[Debug]	        dji_protocol_v1.c:264  protocol frame length error
01-05 20:33:35.062	          linker	[Debug]	        dji_protocol_v1.c:264  protocol frame length error
01-05 20:33:35.062	          linker	[Debug]	        dji_protocol_v1.c:264  protocol frame length error
01-05 20:33:35.062	          linker	[Debug]	        dji_protocol_v1.c:264  protocol frame length error
01-05 20:33:35.062	          linker	[Debug]	        dji_protocol_v1.c:264  protocol frame length error
01-05 20:33:35.062	          linker	[Debug]	        dji_protocol_v1.c:264  protocol frame length error
01-05 20:33:35.062	          linker	[Debug]	        dji_protocol_v1.c:264  protocol frame length error
01-05 20:33:35.062	          linker	[Debug]	        dji_protocol_v1.c:264  protocol frame length error
01-05 20:33:35.062	          linker	[Debug]	        dji_protocol_v1.c:264  protocol frame length error
01-05 20:33:35.062	          linker	[Debug]	        dji_protocol_v1.c:264  protocol frame length error
01-05 20:33:35.062	          linker	[Debug]	        dji_protocol_v1.c:264  protocol frame length error
01-05 20:33:35.062	          linker	[Debug]	        dji_protocol_v1.c:264  protocol frame length error
01-05 20:33:35.062	          linker	[Debug]	        dji_protocol_v1.c:264  protocol frame length error
01-05 20:33:35.062	          linker	[Debug]	        dji_protocol_v1.c:264  protocol frame length error
01-05 20:33:35.062	          linker	[Debug]	        dji_protocol_v1.c:264  protocol frame length error
01-05 20:33:35.062	          linker	[Debug]	        dji_protocol_v1.c:264  protocol frame length error
01-05 20:33:35.062	          linker	[Debug]	        dji_protocol_v1.c:264  protocol frame length error
01-05 20:33:35.062	          linker	[Debug]	        dji_protocol_v1.c:264  protocol frame length error
01-05 20:33:35.062	          linker	[Debug]	        dji_protocol_v1.c:264  protocol frame length error
01-05 20:33:35.062	          linker	[Debug]	        dji_protocol_v1.c:264  protocol frame length error
01-05 20:33:35.062	          linker	[Debug]	        dji_protocol_v1.c:264  protocol frame length error
01-05 20:33:35.062	          linker	[Debug]	        dji_protocol_v1.c:264  protocol frame length error
01-05 20:33:35.062	          linker	[Debug]	        dji_protocol_v1.c:264  protocol frame length error
01-05 20:33:35.062	          linker	[Debug]	        dji_protocol_v1.c:264  protocol frame length error
01-05 20:33:35.062	          linker	[Debug]	        dji_protocol_v1.c:264  protocol frame length error
01-05 20:33:35.062	          linker	[Debug]	        dji_protocol_v1.c:264  protocol frame length error
01-05 20:33:35.062	          linker	[Debug]	        dji_protocol_v1.c:264  protocol frame length error
01-05 20:33:35.062	          linker	[Debug]	        dji_protocol_v1.c:264  protocol frame length error
01-05 20:33:35.062	          linker	[Debug]	        dji_protocol_v1.c:264  protocol frame length error
01-05 20:33:35.062	          linker	[Debug]	        dji_protocol_v1.c:264  protocol frame length error
01-05 20:33:35.062	          linker	[Debug]	        dji_protocol_v1.c:264  protocol frame length error
01-05 20:33:35.062	          linker	[Debug]	        dji_protocol_v1.c:264  protocol frame length error
01-05 20:33:35.062	          linker	[Debug]	        dji_protocol_v1.c:264  protocol frame length error
01-05 20:33:35.062	          linker	[Debug]	        dji_protocol_v1.c:264  protocol frame length error
01-05 20:33:35.062	          linker	[Debug]	        dji_protocol_v1.c:264  protocol frame length error
01-05 20:33:35.062	          linker	[Debug]	        dji_protocol_v1.c:264  protocol frame length error
01-05 20:33:35.062	          linker	[Debug]	        dji_protocol_v1.c:264  protocol frame length error
01-05 20:33:35.062	          linker	[Debug]	        dji_protocol_v1.c:264  protocol frame length error
01-05 20:33:35.063	          linker	[Debug]	        dji_protocol_v1.c:264  protocol frame length error
01-05 20:33:35.063	          linker	[Debug]	        dji_protocol_v1.c:264  protocol frame length error
01-05 20:33:35.063	          linker	[Debug]	        dji_protocol_v1.c:264  protocol frame length error
01-05 20:33:35.063	          linker	[Debug]	        dji_protocol_v1.c:264  protocol frame length error
01-05 20:33:35.063	          linker	[Debug]	        dji_protocol_v1.c:264  protocol frame length error
01-05 20:33:35.063	          linker	[Debug]	        dji_protocol_v1.c:264  protocol frame length error
01-05 20:33:35.063	          linker	[Debug]	        dji_protocol_v1.c:264  protocol frame length error
01-05 20:33:35.063	          linker	[Debug]	        dji_protocol_v1.c:264  protocol frame length error
01-05 20:33:35.063	          linker	[Debug]	        dji_protocol_v1.c:264  protocol frame length error
01-05 20:33:35.063	          linker	[Debug]	        dji_protocol_v1.c:264  protocol frame length error
01-05 20:33:35.063	          linker	[Debug]	        dji_protocol_v1.c:264  protocol frame length error
01-05 20:33:35.063	          linker	[Debug]	        dji_protocol_v1.c:264  protocol frame length error
01-05 20:33:35.063	          linker	[Debug]	        dji_protocol_v1.c:264  protocol frame length error
01-05 20:33:35.063	          linker	[Debug]	        dji_protocol_v1.c:264  protocol frame length error
01-05 20:33:35.063	          linker	[Debug]	        dji_protocol_v1.c:264  protocol frame length error
01-05 20:33:35.064	          linker	[Debug]	        dji_protocol_v1.c:264  protocol frame length error
01-05 20:33:35.079	          linker	[Debug]	        dji_protocol_v1.c:264  protocol frame length error
01-05 20:33:35.080	          linker	[Debug]	        dji_protocol_v1.c:264  protocol frame length error
01-05 20:33:35.080	          linker	[Debug]	        dji_protocol_v1.c:264  protocol frame length error
01-05 20:33:35.080	          linker	[Debug]	        dji_protocol_v1.c:264  protocol frame length error
01-05 20:33:35.080	          linker	[Debug]	        dji_protocol_v1.c:264  protocol frame length error
01-05 20:33:35.080	          linker	[Debug]	        dji_protocol_v1.c:264  protocol frame length error
01-05 20:33:35.080	          linker	[Debug]	        dji_protocol_v1.c:264  protocol frame length error
01-05 20:33:35.080	          linker	[Debug]	        dji_protocol_v1.c:264  protocol frame length error
01-05 20:33:35.080	          linker	[Debug]	        dji_protocol_v1.c:264  protocol frame length error
01-05 20:33:35.080	          linker	[Debug]	        dji_protocol_v1.c:264  protocol frame length error
01-05 20:33:35.080	          linker	[Debug]	        dji_protocol_v1.c:264  protocol frame length error
01-05 20:33:35.080	          linker	[Debug]	        dji_protocol_v1.c:264  protocol frame length error
01-05 20:33:35.080	          linker	[Debug]	        dji_protocol_v1.c:264  protocol frame length error
01-05 20:33:35.080	          linker	[Debug]	        dji_protocol_v1.c:264  protocol frame length error
01-05 20:33:35.080	          linker	[Debug]	        dji_protocol_v1.c:264  protocol frame length error
01-05 20:33:35.080	          linker	[Debug]	        dji_protocol_v1.c:264  protocol frame length error
01-05 20:33:35.080	          linker	[Debug]	        dji_protocol_v1.c:264  protocol frame length error
01-05 20:33:35.080	          linker	[Debug]	        dji_protocol_v1.c:264  protocol frame length error
01-05 20:33:35.080	          linker	[Debug]	        dji_protocol_v1.c:264  protocol frame length error
01-05 20:33:35.080	          linker	[Debug]	        dji_protocol_v1.c:264  protocol frame length error
01-05 20:33:35.080	          linker	[Debug]	        dji_protocol_v1.c:264  protocol frame length error
01-05 20:33:35.080	          linker	[Debug]	        dji_protocol_v1.c:264  protocol frame length error
01-05 20:33:35.080	          linker	[Debug]	        dji_protocol_v1.c:264  protocol frame length error
01-05 20:33:35.080	          linker	[Debug]	        dji_protocol_v1.c:264  protocol frame length error
01-05 20:33:35.080	          linker	[Debug]	        dji_protocol_v1.c:264  protocol frame length error
01-05 20:33:35.080	          linker	[Debug]	        dji_protocol_v1.c:264  protocol frame length error
01-05 20:33:35.080	          linker	[Debug]	        dji_protocol_v1.c:264  protocol frame length error
01-05 20:33:35.080	          linker	[Debug]	        dji_protocol_v1.c:264  protocol frame length error
01-05 20:33:35.080	          linker	[Debug]	        dji_protocol_v1.c:264  protocol frame length error
01-05 20:33:35.080	          linker	[Debug]	        dji_protocol_v1.c:264  protocol frame length error
01-05 20:33:35.080	          linker	[Debug]	        dji_protocol_v1.c:264  protocol frame length error
01-05 20:33:35.080	          linker	[Debug]	        dji_protocol_v1.c:264  protocol frame length error
01-05 20:33:35.080	          linker	[Debug]	        dji_protocol_v1.c:264  protocol frame length error
01-05 20:33:35.080	          linker	[Debug]	        dji_protocol_v1.c:264  protocol frame length error
01-05 20:33:35.080	          linker	[Debug]	        dji_protocol_v1.c:264  protocol frame length error
01-05 20:33:35.080	          linker	[Debug]	        dji_protocol_v1.c:264  protocol frame length error
01-05 20:33:35.080	          linker	[Debug]	        dji_protocol_v1.c:264  protocol frame length error
01-05 20:33:35.080	          linker	[Debug]	        dji_protocol_v1.c:264  protocol frame length error
01-05 20:33:35.080	          linker	[Debug]	        dji_protocol_v1.c:264  protocol frame length error
01-05 20:33:35.080	          linker	[Debug]	        dji_protocol_v1.c:264  protocol frame length error
01-05 20:33:35.080	          linker	[Debug]	        dji_protocol_v1.c:264  protocol frame length error
01-05 20:33:35.080	          linker	[Debug]	        dji_protocol_v1.c:264  protocol frame length error
01-05 20:33:35.080	          linker	[Debug]	        dji_protocol_v1.c:264  protocol frame length error
01-05 20:33:35.080	          linker	[Debug]	        dji_protocol_v1.c:264  protocol frame length error
01-05 20:33:35.080	          linker	[Debug]	        dji_protocol_v1.c:264  protocol frame length error
01-05 20:33:35.080	          linker	[Debug]	        dji_protocol_v1.c:264  protocol frame length error
01-05 20:33:35.080	          linker	[Debug]	        dji_protocol_v1.c:264  protocol frame length error
01-05 20:33:35.080	          linker	[Debug]	        dji_protocol_v1.c:264  protocol frame length error
01-05 20:33:35.080	          linker	[Debug]	        dji_protocol_v1.c:264  protocol frame length error
01-05 20:33:35.080	          linker	[Debug]	        dji_protocol_v1.c:264  protocol frame length error
01-05 20:33:35.080	          linker	[Debug]	        dji_protocol_v1.c:264  protocol frame length error
01-05 20:33:35.080	          linker	[Debug]	        dji_protocol_v1.c:264  protocol frame length error
01-05 20:33:35.080	          linker	[Debug]	        dji_protocol_v1.c:264  protocol frame length error
01-05 20:33:35.080	          linker	[Debug]	        dji_protocol_v1.c:264  protocol frame length error
01-05 20:33:35.080	          linker	[Debug]	        dji_protocol_v1.c:264  protocol frame length error
01-05 20:33:35.080	          linker	[Debug]	        dji_protocol_v1.c:264  protocol frame length error
01-05 20:33:35.080	          linker	[Debug]	        dji_protocol_v1.c:264  protocol frame length error
01-05 20:33:35.080	          linker	[Debug]	        dji_protocol_v1.c:264  protocol frame length error
01-05 20:33:35.080	          linker	[Debug]	        dji_protocol_v1.c:264  protocol frame length error
01-05 20:33:35.080	          linker	[Debug]	        dji_protocol_v1.c:264  protocol frame length error
01-05 20:33:35.080	          linker	[Debug]	        dji_protocol_v1.c:264  protocol frame length error
01-05 20:33:35.080	          linker	[Debug]	        dji_protocol_v1.c:264  protocol frame length error
01-05 20:33:35.080	          linker	[Debug]	        dji_protocol_v1.c:264  protocol frame length error
01-05 20:33:35.080	          linker	[Debug]	        dji_protocol_v1.c:264  protocol frame length error
01-05 20:33:35.080	          linker	[Debug]	        dji_protocol_v1.c:264  protocol frame length error
01-05 20:33:35.080	          linker	[Debug]	        dji_protocol_v1.c:264  protocol frame length error
01-05 20:33:35.080	          linker	[Debug]	        dji_protocol_v1.c:264  protocol frame length error
01-05 20:33:35.080	          linker	[Debug]	        dji_protocol_v1.c:264  protocol frame length error
01-05 20:33:35.080	          linker	[Debug]	        dji_protocol_v1.c:264  protocol frame length error
01-05 20:33:35.080	          linker	[Debug]	        dji_protocol_v1.c:264  protocol frame length error
01-05 20:33:35.080	          linker	[Debug]	        dji_protocol_v1.c:264  protocol frame length error
01-05 20:33:35.080	          linker	[Debug]	        dji_protocol_v1.c:264  protocol frame length error
01-05 20:33:35.080	          linker	[Debug]	        dji_protocol_v1.c:264  protocol frame length error
01-05 20:33:35.080	          linker	[Debug]	        dji_protocol_v1.c:264  protocol frame length error
01-05 20:33:35.080	          linker	[Debug]	        dji_protocol_v1.c:264  protocol frame length error
01-05 20:33:35.080	          linker	[Debug]	        dji_protocol_v1.c:264  protocol frame length error
01-05 20:33:35.080	          linker	[Debug]	        dji_protocol_v1.c:264  protocol frame length error
01-05 20:33:35.080	          linker	[Debug]	        dji_protocol_v1.c:264  protocol frame length error
01-05 20:33:35.080	          linker	[Debug]	        dji_protocol_v1.c:264  protocol frame length error
01-05 20:33:35.080	          linker	[Debug]	        dji_protocol_v1.c:264  protocol frame length error
01-05 20:33:35.080	          linker	[Debug]	        dji_protocol_v1.c:264  protocol frame length error
01-05 20:33:35.080	          linker	[Debug]	        dji_protocol_v1.c:264  protocol frame length error
01-05 20:33:35.080	          linker	[Debug]	        dji_protocol_v1.c:264  protocol frame length error
01-05 20:33:35.080	          linker	[Debug]	        dji_protocol_v1.c:264  protocol frame length error
01-05 20:33:35.080	          linker	[Debug]	        dji_protocol_v1.c:264  protocol frame length error
01-05 20:33:35.080	          linker	[Debug]	        dji_protocol_v1.c:264  protocol frame length error
01-05 20:33:35.080	          linker	[Debug]	        dji_protocol_v1.c:264  protocol frame length error
01-05 20:33:35.080	          linker	[Debug]	        dji_protocol_v1.c:264  protocol frame length error
01-05 20:33:35.080	          linker	[Debug]	        dji_protocol_v1.c:264  protocol frame length error
01-05 20:33:35.080	          linker	[Debug]	        dji_protocol_v1.c:264  protocol frame length error
01-05 20:33:35.080	          linker	[Debug]	        dji_protocol_v1.c:264  protocol frame length error
01-05 20:33:35.080	          linker	[Debug]	        dji_protocol_v1.c:264  protocol frame length error
01-05 20:33:35.080	          linker	[Debug]	        dji_protocol_v1.c:264  protocol frame length error
01-05 20:33:35.080	          linker	[Debug]	        dji_protocol_v1.c:264  protocol frame length error
01-05 20:33:35.080	          linker	[Debug]	        dji_protocol_v1.c:264  protocol frame length error
01-05 20:33:35.080	          linker	[Debug]	        dji_protocol_v1.c:264  protocol frame length error
01-05 20:33:35.080	          linker	[Debug]	        dji_protocol_v1.c:264  protocol frame length error
01-05 20:33:35.080	          linker	[Debug]	        dji_protocol_v1.c:264  protocol frame length error
01-05 20:33:35.080	          linker	[Debug]	        dji_protocol_v1.c:264  protocol frame length error
01-05 20:33:35.080	          linker	[Debug]	        dji_protocol_v1.c:264  protocol frame length error
01-05 20:33:35.080	          linker	[Debug]	        dji_protocol_v1.c:264  protocol frame length error
01-05 20:33:35.080	          linker	[Debug]	        dji_protocol_v1.c:264  protocol frame length error
01-05 20:33:35.080	          linker	[Debug]	        dji_protocol_v1.c:264  protocol frame length error
01-05 20:33:35.080	          linker	[Debug]	        dji_protocol_v1.c:264  protocol frame length error
01-05 20:33:35.080	          linker	[Debug]	        dji_protocol_v1.c:264  protocol frame length error
01-05 20:33:35.080	          linker	[Debug]	        dji_protocol_v1.c:264  protocol frame length error
01-05 20:33:35.080	          linker	[Debug]	        dji_protocol_v1.c:264  protocol frame length error
01-05 20:33:35.081	          linker	[Debug]	        dji_protocol_v1.c:264  protocol frame length error
01-05 20:33:35.081	          linker	[Debug]	        dji_protocol_v1.c:264  protocol frame length error
01-05 20:33:35.081	          linker	[Debug]	        dji_protocol_v1.c:264  protocol frame length error
01-05 20:33:35.081	          linker	[Debug]	        dji_protocol_v1.c:264  protocol frame length error
01-05 20:33:35.081	          linker	[Debug]	        dji_protocol_v1.c:264  protocol frame length error
01-05 20:33:35.081	          linker	[Debug]	        dji_protocol_v1.c:264  protocol frame length error
01-05 20:33:35.081	          linker	[Debug]	        dji_protocol_v1.c:264  protocol frame length error
01-05 20:33:35.081	          linker	[Debug]	        dji_protocol_v1.c:264  protocol frame length error
01-05 20:33:35.081	          linker	[Debug]	        dji_protocol_v1.c:264  protocol frame length error
01-05 20:33:35.081	          linker	[Debug]	        dji_protocol_v1.c:264  protocol frame length error
01-05 20:33:35.081	          linker	[Debug]	        dji_protocol_v1.c:264  protocol frame length error
01-05 20:33:35.081	          linker	[Debug]	        dji_protocol_v1.c:264  protocol frame length error
01-05 20:33:35.081	          linker	[Debug]	        dji_protocol_v1.c:264  protocol frame length error
01-05 20:33:35.081	          linker	[Debug]	        dji_protocol_v1.c:264  protocol frame length error
01-05 20:33:35.081	          linker	[Debug]	        dji_protocol_v1.c:264  protocol frame length error
01-05 20:33:35.081	          linker	[Debug]	        dji_protocol_v1.c:264  protocol frame length error
01-05 20:33:35.081	          linker	[Debug]	        dji_protocol_v1.c:264  protocol frame length error
01-05 20:33:35.081	          linker	[Debug]	        dji_protocol_v1.c:264  protocol frame length error
01-05 20:33:35.081	          linker	[Debug]	        dji_protocol_v1.c:264  protocol frame length error
01-05 20:33:35.081	          linker	[Debug]	        dji_protocol_v1.c:264  protocol frame length error
01-05 20:33:35.081	          linker	[Debug]	        dji_protocol_v1.c:264  protocol frame length error
01-05 20:33:35.081	          linker	[Debug]	        dji_protocol_v1.c:264  protocol frame length error
01-05 20:33:35.081	          linker	[Debug]	        dji_protocol_v1.c:264  protocol frame length error
01-05 20:33:35.081	          linker	[Debug]	        dji_protocol_v1.c:264  protocol frame length error
01-05 20:33:35.081	          linker	[Debug]	        dji_protocol_v1.c:264  protocol frame length error
01-05 20:33:35.081	          linker	[Debug]	        dji_protocol_v1.c:264  protocol frame length error
01-05 20:33:35.081	          linker	[Debug]	        dji_protocol_v1.c:264  protocol frame length error
01-05 20:33:35.081	          linker	[Debug]	        dji_protocol_v1.c:264  protocol frame length error
01-05 20:33:35.081	          linker	[Debug]	        dji_protocol_v1.c:264  protocol frame length error
01-05 20:33:35.081	          linker	[Debug]	        dji_protocol_v1.c:264  protocol frame length error
01-05 20:33:35.081	          linker	[Debug]	        dji_protocol_v1.c:264  protocol frame length error
01-05 20:33:35.081	          linker	[Debug]	        dji_protocol_v1.c:264  protocol frame length error
01-05 20:33:35.081	          linker	[Debug]	        dji_protocol_v1.c:264  protocol frame length error
01-05 20:33:35.081	          linker	[Debug]	        dji_protocol_v1.c:264  protocol frame length error
01-05 20:33:35.081	          linker	[Debug]	        dji_protocol_v1.c:264  protocol frame length error
01-05 20:33:35.081	          linker	[Debug]	        dji_protocol_v1.c:264  protocol frame length error
01-05 20:33:35.081	          linker	[Debug]	        dji_protocol_v1.c:264  protocol frame length error
01-05 20:33:35.081	          linker	[Debug]	        dji_protocol_v1.c:264  protocol frame length error
01-05 20:33:35.081	          linker	[Debug]	        dji_protocol_v1.c:264  protocol frame length error
01-05 20:33:35.081	          linker	[Debug]	        dji_protocol_v1.c:264  protocol frame length error
01-05 20:33:35.081	          linker	[Debug]	        dji_protocol_v1.c:264  protocol frame length error
The log is overflow
The log is overflow
01-05 20:33:35.081	          linker	[Debug]	        dji_protocol_v1.c:264  protocol frame length error
The log is overflow
01-05 20:33:35.081	          linker	[Debug]	        dji_protocol_v1.c:264  protocol frame length error
01-05 20:33:35.081	          linker	[Debug]	        dji_protocol_v1.c:264  protocol frame length error
01-05 20:33:35.081	          linker	[Debug]	        dji_protocol_v1.c:264  protocol frame length error
01-05 20:33:35.081	          linker	[Debug]	        dji_protocol_v1.c:264  protocol frame length error
01-05 20:33:35.081	          linker	[Debug]	        dji_protocol_v1.c:264  protocol frame length error
01-05 20:33:35.081	          linker	[Debug]	        dji_protocol_v1.c:264  protocol frame length error
01-05 20:33:35.081	          linker	[Debug]	        dji_protocol_v1.c:264  protocol frame length error
01-05 20:33:35.081	          linker	[Debug]	        dji_protocol_v1.c:264  protocol frame length error
01-05 20:33:35.081	          linker	[Debug]	        dji_protocol_v1.c:264  protocol frame length error
01-05 20:33:35.081	          linker	[Debug]	        dji_protocol_v1.c:264  protocol frame length error
01-05 20:33:35.081	          linker	[Debug]	        dji_protocol_v1.c:264  protocol frame length error
01-05 20:33:35.081	          linker	[Debug]	        dji_protocol_v1.c:264  protocol frame length error
01-05 20:33:35.081	          linker	[Debug]	        dji_protocol_v1.c:264  protocol frame length error
01-05 20:33:35.081	          linker	[Debug]	        dji_protocol_v1.c:264  protocol frame length error
01-05 20:33:35.081	          linker	[Debug]	        dji_protocol_v1.c:264  protocol frame length error
01-05 20:33:35.081	          linker	[Debug]	        dji_protocol_v1.c:264  protocol frame length error
01-05 20:33:35.081	          linker	[Debug]	        dji_protocol_v1.c:264  protocol frame length error
01-05 20:33:35.081	          linker	[Debug]	        dji_protocol_v1.c:264  protocol frame length error
01-05 20:33:35.081	          linker	[Debug]	        dji_protocol_v1.c:264  protocol frame length error
01-05 20:33:35.081	          linker	[Debug]	        dji_protocol_v1.c:264  protocol frame length error
01-05 20:33:35.081	          linker	[Debug]	        dji_protocol_v1.c:264  protocol frame length error
01-05 20:33:35.081	          linker	[Debug]	        dji_protocol_v1.c:264  protocol frame length error
01-05 20:33:35.081	          linker	[Debug]	        dji_protocol_v1.c:264  protocol frame length error
01-05 20:33:35.081	          linker	[Debug]	        dji_protocol_v1.c:264  protocol frame length error
01-05 20:33:35.081	          linker	[Debug]	        dji_protocol_v1.c:264  protocol frame length error
01-05 20:33:35.081	          linker	[Debug]	        dji_protocol_v1.c:264  protocol frame length error
01-05 20:33:35.081	          linker	[Debug]	        dji_protocol_v1.c:264  protocol frame length error
01-05 20:33:35.081	          linker	[Debug]	        dji_protocol_v1.c:264  protocol frame length error
01-05 20:33:35.081	          linker	[Debug]	        dji_protocol_v1.c:264  protocol frame length error
01-05 20:33:35.081	          linker	[Debug]	        dji_protocol_v1.c:264  protocol frame length error
01-05 20:33:35.081	          linker	[Debug]	        dji_protocol_v1.c:264  protocol frame length error
01-05 20:33:35.081	          linker	[Debug]	        dji_protocol_v1.c:264  protocol frame length error
01-05 20:33:35.081	          linker	[Debug]	        dji_protocol_v1.c:264  protocol frame length error
01-05 20:33:35.081	          linker	[Debug]	        dji_protocol_v1.c:264  protocol frame length error
01-05 20:33:35.081	          linker	[Debug]	        dji_protocol_v1.c:264  protocol frame length error
01-05 20:33:35.081	          linker	[Debug]	        dji_protocol_v1.c:264  protocol frame length error
01-05 20:33:35.081	          linker	[Debug]	        dji_protocol_v1.c:264  protocol frame length error
01-05 20:33:35.081	          linker	[Debug]	        dji_protocol_v1.c:264  protocol frame length error
01-05 20:33:35.081	          linker	[Debug]	        dji_protocol_v1.c:264  protocol frame length error
01-05 20:33:35.081	          linker	[Debug]	        dji_protocol_v1.c:264  protocol frame length error
01-05 20:33:35.081	          linker	[Debug]	        dji_protocol_v1.c:264  protocol frame length error
01-05 20:33:35.081	          linker	[Debug]	        dji_protocol_v1.c:264  protocol frame length error
01-05 20:33:35.081	          linker	[Debug]	        dji_protocol_v1.c:264  protocol frame length error
01-05 20:33:35.081	          linker	[Debug]	        dji_protocol_v1.c:264  protocol frame length error
01-05 20:33:35.081	          linker	[Debug]	        dji_protocol_v1.c:264  protocol frame length error
01-05 20:33:35.081	          linker	[Debug]	        dji_protocol_v1.c:264  protocol frame length error
01-05 20:33:35.081	          linker	[Debug]	        dji_protocol_v1.c:264  protocol frame length error
01-05 20:33:35.081	          linker	[Debug]	        dji_protocol_v1.c:264  protocol frame length error
01-05 20:33:35.081	          linker	[Debug]	        dji_protocol_v1.c:264  protocol frame length error
01-05 20:33:35.081	          linker	[Debug]	        dji_protocol_v1.c:264  protocol frame length error
01-05 20:33:35.081	          linker	[Debug]	        dji_protocol_v1.c:264  protocol frame length error
01-05 20:33:35.081	          linker	[Debug]	        dji_protocol_v1.c:264  protocol frame length error
01-05 20:33:35.081	          linker	[Debug]	        dji_protocol_v1.c:264  protocol frame length error
01-05 20:33:35.081	          linker	[Debug]	        dji_protocol_v1.c:264  protocol frame length error
01-05 20:33:35.081	          linker	[Debug]	        dji_protocol_v1.c:264  protocol frame length error
01-05 20:33:35.081	          linker	[Debug]	        dji_protocol_v1.c:264  protocol frame length error
01-05 20:33:35.081	          linker	[Debug]	        dji_protocol_v1.c:264  protocol frame length error
01-05 20:33:35.081	          linker	[Debug]	        dji_protocol_v1.c:264  protocol frame length error
01-05 20:33:35.081	          linker	[Debug]	        dji_protocol_v1.c:264  protocol frame length error
01-05 20:33:35.081	          linker	[Debug]	        dji_protocol_v1.c:264  protocol frame length error
01-05 20:33:35.081	          linker	[Debug]	        dji_protocol_v1.c:264  protocol frame length error
01-05 20:33:35.082	          linker	[Debug]	        dji_protocol_v1.c:264  protocol frame length error
01-05 20:33:35.082	          linker	[Debug]	        dji_protocol_v1.c:264  protocol frame length error
01-05 20:33:35.082	          linker	[Debug]	        dji_protocol_v1.c:264  protocol frame length error
01-05 20:33:35.082	          linker	[Debug]	        dji_protocol_v1.c:264  protocol frame length error
01-05 20:33:35.082	          linker	[Debug]	        dji_protocol_v1.c:264  protocol frame length error
01-05 20:33:35.082	          linker	[Debug]	        dji_protocol_v1.c:264  protocol frame length error
01-05 20:33:35.082	          linker	[Debug]	        dji_protocol_v1.c:264  protocol frame length error
01-05 20:33:35.082	          linker	[Debug]	        dji_protocol_v1.c:264  protocol frame length error
01-05 20:33:35.082	          linker	[Debug]	        dji_protocol_v1.c:264  protocol frame length error
01-05 20:33:35.082	          linker	[Debug]	        dji_protocol_v1.c:264  protocol frame length error
01-05 20:33:35.082	          linker	[Debug]	        dji_protocol_v1.c:264  protocol frame length error
01-05 20:33:35.082	          linker	[Debug]	        dji_protocol_v1.c:264  protocol frame length error
01-05 20:33:35.082	          linker	[Debug]	        dji_protocol_v1.c:264  protocol frame length error
01-05 20:33:35.082	          linker	[Debug]	        dji_protocol_v1.c:264  protocol frame length error
01-05 20:33:35.082	          linker	[Debug]	        dji_protocol_v1.c:264  protocol frame length error
01-05 20:33:35.082	          linker	[Debug]	        dji_protocol_v1.c:264  protocol frame length error
01-05 20:33:35.082	          linker	[Debug]	        dji_protocol_v1.c:264  protocol frame length error
01-05 20:33:35.082	          linker	[Debug]	        dji_protocol_v1.c:264  protocol frame length error
01-05 20:33:35.082	          linker	[Debug]	        dji_protocol_v1.c:264  protocol frame length error
01-05 20:33:35.082	          linker	[Debug]	        dji_protocol_v1.c:264  protocol frame length error
01-05 20:33:35.082	          linker	[Debug]	        dji_protocol_v1.c:264  protocol frame length error
01-05 20:33:35.082	          linker	[Debug]	        dji_protocol_v1.c:264  protocol frame length error
01-05 20:33:35.082	          linker	[Debug]	        dji_protocol_v1.c:264  protocol frame length error
01-05 20:33:35.082	          linker	[Debug]	        dji_protocol_v1.c:264  protocol frame length error
01-05 20:33:35.082	          linker	[Debug]	        dji_protocol_v1.c:264  protocol frame length error
01-05 20:33:35.082	          linker	[Debug]	        dji_protocol_v1.c:264  protocol frame length error
01-05 20:33:35.082	          linker	[Debug]	        dji_protocol_v1.c:264  protocol frame length error
01-05 20:33:35.082	          linker	[Debug]	        dji_protocol_v1.c:264  protocol frame length error
01-05 20:33:35.082	          linker	[Debug]	        dji_protocol_v1.c:264  protocol frame length error
01-05 20:33:35.082	          linker	[Debug]	        dji_protocol_v1.c:264  protocol frame length error
01-05 20:33:35.082	          linker	[Debug]	        dji_protocol_v1.c:264  protocol frame length error
01-05 20:33:35.082	          linker	[Debug]	        dji_protocol_v1.c:264  protocol frame length error
01-05 20:33:35.082	          linker	[Debug]	        dji_protocol_v1.c:264  protocol frame length error
01-05 20:33:35.082	          linker	[Debug]	        dji_protocol_v1.c:264  protocol frame length error
01-05 20:33:35.082	          linker	[Debug]	        dji_protocol_v1.c:264  protocol frame length error
01-05 20:33:35.082	          linker	[Debug]	        dji_protocol_v1.c:264  protocol frame length error
01-05 20:33:35.082	          linker	[Debug]	        dji_protocol_v1.c:264  protocol frame length error
01-05 20:33:35.082	          linker	[Debug]	        dji_protocol_v1.c:264  protocol frame length error
01-05 20:33:35.082	          linker	[Debug]	        dji_protocol_v1.c:264  protocol frame length error
01-05 20:33:35.082	          linker	[Debug]	        dji_protocol_v1.c:264  protocol frame length error
01-05 20:33:35.082	          linker	[Debug]	        dji_protocol_v1.c:264  protocol frame length error
01-05 20:33:35.082	          linker	[Debug]	        dji_protocol_v1.c:264  protocol frame length error
01-05 20:33:35.082	          linker	[Debug]	        dji_protocol_v1.c:264  protocol frame length error
01-05 20:33:35.082	          linker	[Debug]	        dji_protocol_v1.c:264  protocol frame length error
01-05 20:33:35.082	          linker	[Debug]	        dji_protocol_v1.c:264  protocol frame length error
01-05 20:33:35.082	          linker	[Debug]	        dji_protocol_v1.c:264  protocol frame length error
01-05 20:33:35.082	          linker	[Debug]	        dji_protocol_v1.c:264  protocol frame length error
01-05 20:33:35.082	          linker	[Debug]	        dji_protocol_v1.c:264  protocol frame length error
01-05 20:33:35.082	          linker	[Debug]	        dji_protocol_v1.c:264  protocol frame length error
01-05 20:33:35.082	          linker	[Debug]	        dji_protocol_v1.c:264  protocol frame length error
01-05 20:33:35.082	          linker	[Debug]	        dji_protocol_v1.c:264  protocol frame length error
01-05 20:33:35.082	          linker	[Debug]	        dji_protocol_v1.c:264  protocol frame length error
01-05 20:33:35.082	          linker	[Debug]	        dji_protocol_v1.c:264  protocol frame length error
01-05 20:33:35.082	          linker	[Debug]	        dji_protocol_v1.c:264  protocol frame length error
01-05 20:33:35.082	          linker	[Debug]	        dji_protocol_v1.c:264  protocol frame length error
01-05 20:33:35.082	          linker	[Debug]	        dji_protocol_v1.c:264  protocol frame length error
01-05 20:33:35.082	          linker	[Debug]	        dji_protocol_v1.c:264  protocol frame length error
01-05 20:33:35.082	          linker	[Debug]	        dji_protocol_v1.c:264  protocol frame length error
01-05 20:33:35.082	          linker	[Debug]	        dji_protocol_v1.c:264  protocol frame length error
01-05 20:33:35.082	          linker	[Debug]	        dji_protocol_v1.c:264  protocol frame length error
01-05 20:33:35.082	          linker	[Debug]	        dji_protocol_v1.c:264  protocol frame length error
01-05 20:33:35.082	          linker	[Debug]	        dji_protocol_v1.c:264  protocol frame length error
01-05 20:33:35.082	          linker	[Debug]	        dji_protocol_v1.c:264  protocol frame length error
01-05 20:33:35.082	          linker	[Debug]	        dji_protocol_v1.c:264  protocol frame length error
01-05 20:33:35.082	          linker	[Debug]	        dji_protocol_v1.c:264  protocol frame length error
01-05 20:33:35.082	          linker	[Debug]	        dji_protocol_v1.c:264  protocol frame length error
01-05 20:33:35.082	          linker	[Debug]	        dji_protocol_v1.c:264  protocol frame length error
01-05 20:33:35.082	          linker	[Debug]	        dji_protocol_v1.c:264  protocol frame length error
01-05 20:33:35.082	          linker	[Debug]	        dji_protocol_v1.c:264  protocol frame length error
01-05 20:33:35.082	          linker	[Debug]	        dji_protocol_v1.c:264  protocol frame length error
01-05 20:33:35.082	          linker	[Debug]	        dji_protocol_v1.c:264  protocol frame length error
01-05 20:33:35.082	          linker	[Debug]	        dji_protocol_v1.c:264  protocol frame length error
01-05 20:33:35.082	          linker	[Debug]	        dji_protocol_v1.c:264  protocol frame length error
01-05 20:33:35.082	          linker	[Debug]	        dji_protocol_v1.c:264  protocol frame length error
01-05 20:33:35.082	          linker	[Debug]	        dji_protocol_v1.c:264  protocol frame length error
01-05 20:33:35.082	          linker	[Debug]	        dji_protocol_v1.c:264  protocol frame length error
01-05 20:33:35.082	          linker	[Debug]	        dji_protocol_v1.c:264  protocol frame length error
01-05 20:33:35.082	          linker	[Debug]	        dji_protocol_v1.c:264  protocol frame length error
01-05 20:33:35.082	          linker	[Debug]	        dji_protocol_v1.c:264  protocol frame length error
01-05 20:33:35.082	          linker	[Debug]	        dji_protocol_v1.c:264  protocol frame length error
01-05 20:33:35.082	          linker	[Debug]	        dji_protocol_v1.c:264  protocol frame length error
01-05 20:33:35.082	          linker	[Debug]	        dji_protocol_v1.c:264  protocol frame length error
01-05 20:33:35.082	          linker	[Debug]	        dji_protocol_v1.c:264  protocol frame length error
01-05 20:33:35.082	          linker	[Debug]	        dji_protocol_v1.c:264  protocol frame length error
01-05 20:33:35.082	          linker	[Debug]	        dji_protocol_v1.c:264  protocol frame length error
01-05 20:33:35.082	          linker	[Debug]	        dji_protocol_v1.c:264  protocol frame length error
01-05 20:33:35.082	          linker	[Debug]	        dji_protocol_v1.c:264  protocol frame length error
01-05 20:33:35.082	          linker	[Debug]	        dji_protocol_v1.c:264  protocol frame length error
01-05 20:33:35.082	          linker	[Debug]	        dji_protocol_v1.c:264  protocol frame length error
01-05 20:33:35.082	          linker	[Debug]	        dji_protocol_v1.c:264  protocol frame length error
01-05 20:33:35.082	          linker	[Debug]	        dji_protocol_v1.c:264  protocol frame length error
01-05 20:33:35.082	          linker	[Debug]	        dji_protocol_v1.c:264  protocol frame length error
01-05 20:33:35.082	          linker	[Debug]	        dji_protocol_v1.c:264  protocol frame length error
01-05 20:33:35.082	          linker	[Debug]	        dji_protocol_v1.c:264  protocol frame length error
01-05 20:33:35.082	          linker	[Debug]	        dji_protocol_v1.c:264  protocol frame length error
01-05 20:33:35.082	          linker	[Debug]	        dji_protocol_v1.c:264  protocol frame length error
01-05 20:33:35.082	          linker	[Debug]	        dji_protocol_v1.c:264  protocol frame length error
01-05 20:33:35.082	          linker	[Debug]	        dji_protocol_v1.c:264  protocol frame length error
01-05 20:33:35.082	          linker	[Debug]	        dji_protocol_v1.c:264  protocol frame length error
01-05 20:33:35.082	          linker	[Debug]	        dji_protocol_v1.c:264  protocol frame length error
01-05 20:33:35.082	          linker	[Debug]	        dji_protocol_v1.c:264  protocol frame length error
01-05 20:33:35.082	          linker	[Debug]	        dji_protocol_v1.c:264  protocol frame length error
01-05 20:33:35.082	          linker	[Debug]	        dji_protocol_v1.c:264  protocol frame length error
01-05 20:33:35.082	          linker	[Debug]	        dji_protocol_v1.c:264  protocol frame length error
01-05 20:33:35.082	          linker	[Debug]	        dji_protocol_v1.c:264  protocol frame length error
01-05 20:33:35.082	          linker	[Debug]	        dji_protocol_v1.c:264  protocol frame length error
01-05 20:33:35.082	          linker	[Debug]	        dji_protocol_v1.c:264  protocol frame length error
01-05 20:33:35.082	          linker	[Debug]	        dji_protocol_v1.c:264  protocol frame length error
01-05 20:33:35.083	          linker	[Debug]	        dji_protocol_v1.c:264  protocol frame length error
01-05 20:33:35.083	          linker	[Debug]	        dji_protocol_v1.c:264  protocol frame length error
01-05 20:33:35.083	          linker	[Debug]	        dji_protocol_v1.c:264  protocol frame length error
01-05 20:33:35.083	          linker	[Debug]	        dji_protocol_v1.c:264  protocol frame length error
01-05 20:33:35.083	          linker	[Debug]	        dji_protocol_v1.c:264  protocol frame length error
01-05 20:33:35.083	          linker	[Debug]	        dji_protocol_v1.c:264  protocol frame length error
01-05 20:33:35.083	          linker	[Debug]	        dji_protocol_v1.c:264  protocol frame length error
01-05 20:33:35.083	          linker	[Debug]	        dji_protocol_v1.c:264  protocol frame length error
01-05 20:33:35.083	          linker	[Debug]	        dji_protocol_v1.c:264  protocol frame length error
01-05 20:33:35.083	          linker	[Debug]	        dji_protocol_v1.c:264  protocol frame length error
01-05 20:33:35.083	          linker	[Debug]	        dji_protocol_v1.c:264  protocol frame length error
01-05 20:33:35.083	          linker	[Debug]	        dji_protocol_v1.c:264  protocol frame length error
01-05 20:33:35.083	          linker	[Debug]	        dji_protocol_v1.c:264  protocol frame length error
01-05 20:33:35.083	          linker	[Debug]	        dji_protocol_v1.c:264  protocol frame length error
01-05 20:33:35.083	          linker	[Debug]	        dji_protocol_v1.c:264  protocol frame length error
01-05 20:33:35.083	          linker	[Debug]	        dji_protocol_v1.c:264  protocol frame length error
01-05 20:33:35.083	          linker	[Debug]	        dji_protocol_v1.c:264  protocol frame length error
01-05 20:33:35.083	          linker	[Debug]	        dji_protocol_v1.c:264  protocol frame length error
01-05 20:33:35.083	          linker	[Debug]	        dji_protocol_v1.c:264  protocol frame length error
01-05 20:33:35.083	          linker	[Debug]	        dji_protocol_v1.c:264  protocol frame length error
01-05 20:33:35.083	          linker	[Debug]	        dji_protocol_v1.c:264  protocol frame length error
01-05 20:33:35.083	          linker	[Debug]	        dji_protocol_v1.c:264  protocol frame length error
01-05 20:33:35.083	          linker	[Debug]	        dji_protocol_v1.c:264  protocol frame length error
01-05 20:33:35.083	          linker	[Debug]	        dji_protocol_v1.c:264  protocol frame length error
01-05 20:33:35.083	          linker	[Debug]	        dji_protocol_v1.c:264  protocol frame length error
01-05 20:33:35.083	          linker	[Debug]	        dji_protocol_v1.c:264  protocol frame length error
01-05 20:33:35.083	          linker	[Debug]	        dji_protocol_v1.c:264  protocol frame length error
01-05 20:33:35.083	          linker	[Debug]	        dji_protocol_v1.c:264  protocol frame length error
01-05 20:33:35.083	          linker	[Debug]	        dji_protocol_v1.c:264  protocol frame length error
01-05 20:33:35.083	          linker	[Debug]	        dji_protocol_v1.c:264  protocol frame length error
01-05 20:33:35.083	          linker	[Debug]	        dji_protocol_v1.c:264  protocol frame length error
01-05 20:33:35.083	          linker	[Debug]	        dji_protocol_v1.c:264  protocol frame length error
01-05 20:33:35.083	          linker	[Debug]	        dji_protocol_v1.c:264  protocol frame length error
01-05 20:33:35.083	          linker	[Debug]	        dji_protocol_v1.c:264  protocol frame length error
01-05 20:33:35.083	          linker	[Debug]	        dji_protocol_v1.c:264  protocol frame length error
01-05 20:33:35.083	          linker	[Debug]	        dji_protocol_v1.c:264  protocol frame length error
01-05 20:33:35.083	          linker	[Debug]	        dji_protocol_v1.c:264  protocol frame length error
01-05 20:33:35.083	          linker	[Debug]	        dji_protocol_v1.c:264  protocol frame length error
01-05 20:33:35.083	          linker	[Debug]	        dji_protocol_v1.c:264  protocol frame length error
01-05 20:33:35.083	          linker	[Debug]	        dji_protocol_v1.c:264  protocol frame length error
01-05 20:33:35.083	          linker	[Debug]	        dji_protocol_v1.c:264  protocol frame length error
01-05 20:33:35.083	          linker	[Debug]	        dji_protocol_v1.c:264  protocol frame length error
01-05 20:33:35.083	          linker	[Debug]	        dji_protocol_v1.c:264  protocol frame length error
01-05 20:33:35.083	          linker	[Debug]	        dji_protocol_v1.c:264  protocol frame length error
01-05 20:33:35.083	          linker	[Debug]	        dji_protocol_v1.c:264  protocol frame length error
01-05 20:33:35.083	          linker	[Debug]	        dji_protocol_v1.c:264  protocol frame length error
01-05 20:33:35.083	          linker	[Debug]	        dji_protocol_v1.c:264  protocol frame length error
01-05 20:33:35.083	          linker	[Debug]	        dji_protocol_v1.c:264  protocol frame length error
01-05 20:33:35.083	          linker	[Debug]	        dji_protocol_v1.c:264  protocol frame length error
01-05 20:33:35.083	          linker	[Debug]	        dji_protocol_v1.c:264  protocol frame length error
01-05 20:33:35.083	          linker	[Debug]	        dji_protocol_v1.c:264  protocol frame length error
01-05 20:33:35.083	          linker	[Debug]	        dji_protocol_v1.c:264  protocol frame length error
01-05 20:33:35.083	          linker	[Debug]	        dji_protocol_v1.c:264  protocol frame length error
01-05 20:33:35.083	          linker	[Debug]	        dji_protocol_v1.c:264  protocol frame length error
01-05 20:33:35.083	          linker	[Debug]	        dji_protocol_v1.c:264  protocol frame length error
01-05 20:33:35.083	          linker	[Debug]	        dji_protocol_v1.c:264  protocol frame length error
01-05 20:33:35.083	          linker	[Debug]	        dji_protocol_v1.c:264  protocol frame length error
01-05 20:33:35.083	          linker	[Debug]	        dji_protocol_v1.c:264  protocol frame length error
01-05 20:33:35.083	          linker	[Debug]	        dji_protocol_v1.c:264  protocol frame length error
01-05 20:33:35.083	          linker	[Debug]	        dji_protocol_v1.c:264  protocol frame length error
01-05 20:33:35.083	          linker	[Debug]	        dji_protocol_v1.c:264  protocol frame length error
01-05 20:33:35.083	          linker	[Debug]	        dji_protocol_v1.c:264  protocol frame length error
01-05 20:33:35.083	          linker	[Debug]	        dji_protocol_v1.c:264  protocol frame length error
01-05 20:33:35.083	          linker	[Debug]	        dji_protocol_v1.c:264  protocol frame length error
01-05 20:33:35.083	          linker	[Debug]	        dji_protocol_v1.c:264  protocol frame length error
01-05 20:33:35.083	          linker	[Debug]	        dji_protocol_v1.c:264  protocol frame length error
01-05 20:33:35.083	          linker	[Debug]	        dji_protocol_v1.c:264  protocol frame length error
01-05 20:33:35.083	          linker	[Debug]	        dji_protocol_v1.c:264  protocol frame length error
01-05 20:33:35.083	          linker	[Debug]	        dji_protocol_v1.c:264  protocol frame length error
01-05 20:33:35.083	          linker	[Debug]	        dji_protocol_v1.c:264  protocol frame length error
01-05 20:33:35.083	          linker	[Debug]	        dji_protocol_v1.c:264  protocol frame length error
01-05 20:33:35.083	          linker	[Debug]	        dji_protocol_v1.c:264  protocol frame length error
01-05 20:33:35.083	          linker	[Debug]	        dji_protocol_v1.c:264  protocol frame length error
01-05 20:33:35.083	          linker	[Debug]	        dji_protocol_v1.c:264  protocol frame length error
01-05 20:33:35.083	          linker	[Debug]	        dji_protocol_v1.c:264  protocol frame length error
01-05 20:33:35.083	          linker	[Debug]	        dji_protocol_v1.c:264  protocol frame length error
01-05 20:33:35.083	          linker	[Debug]	        dji_protocol_v1.c:264  protocol frame length error
01-05 20:33:35.083	          linker	[Debug]	        dji_protocol_v1.c:264  protocol frame length error
01-05 20:33:35.083	          linker	[Debug]	        dji_protocol_v1.c:264  protocol frame length error
01-05 20:33:35.083	          linker	[Debug]	        dji_protocol_v1.c:264  protocol frame length error
01-05 20:33:35.083	          linker	[Debug]	        dji_protocol_v1.c:264  protocol frame length error
01-05 20:33:35.083	          linker	[Debug]	        dji_protocol_v1.c:264  protocol frame length error
01-05 20:33:35.083	          linker	[Debug]	        dji_protocol_v1.c:264  protocol frame length error
01-05 20:33:35.083	          linker	[Debug]	        dji_protocol_v1.c:264  protocol frame length error
01-05 20:33:35.083	          linker	[Debug]	        dji_protocol_v1.c:264  protocol frame length error
01-05 20:33:35.083	          linker	[Debug]	        dji_protocol_v1.c:264  protocol frame length error
01-05 20:33:35.083	          linker	[Debug]	        dji_protocol_v1.c:264  protocol frame length error
01-05 20:33:35.083	          linker	[Debug]	        dji_protocol_v1.c:264  protocol frame length error
01-05 20:33:35.083	          linker	[Debug]	        dji_protocol_v1.c:264  protocol frame length error
01-05 20:33:35.083	          linker	[Debug]	        dji_protocol_v1.c:264  protocol frame length error
01-05 20:33:35.083	          linker	[Debug]	        dji_protocol_v1.c:264  protocol frame length error
01-05 20:33:35.083	          linker	[Debug]	        dji_protocol_v1.c:264  protocol frame length error
01-05 20:33:35.083	          linker	[Debug]	        dji_protocol_v1.c:264  protocol frame length error
01-05 20:33:35.083	          linker	[Debug]	        dji_protocol_v1.c:264  protocol frame length error
01-05 20:33:35.083	          linker	[Debug]	        dji_protocol_v1.c:264  protocol frame length error
01-05 20:33:35.083	          linker	[Debug]	        dji_protocol_v1.c:264  protocol frame length error
01-05 20:33:35.083	          linker	[Debug]	        dji_protocol_v1.c:264  protocol frame length error
01-05 20:33:35.083	          linker	[Debug]	        dji_protocol_v1.c:264  protocol frame length error
01-05 20:33:35.083	          linker	[Debug]	        dji_protocol_v1.c:264  protocol frame length error
01-05 20:33:35.083	          linker	[Debug]	        dji_protocol_v1.c:264  protocol frame length error
01-05 20:33:35.083	          linker	[Debug]	        dji_protocol_v1.c:264  protocol frame length error
01-05 20:33:35.083	          linker	[Debug]	        dji_protocol_v1.c:264  protocol frame length error
01-05 20:33:35.083	          linker	[Debug]	        dji_protocol_v1.c:264  protocol frame length error
01-05 20:33:35.083	          linker	[Debug]	        dji_protocol_v1.c:264  protocol frame length error
01-05 20:33:35.083	          linker	[Debug]	        dji_protocol_v1.c:264  protocol frame length error
01-05 20:33:35.083	          linker	[Debug]	        dji_protocol_v1.c:264  protocol frame length error
01-05 20:33:35.083	          linker	[Debug]	        dji_protocol_v1.c:264  protocol frame length error
01-05 20:33:35.083	          linker	[Debug]	        dji_protocol_v1.c:264  protocol frame length error
01-05 20:33:35.083	          linker	[Debug]	        dji_protocol_v1.c:264  protocol frame length error
01-05 20:33:35.083	          linker	[Debug]	        dji_protocol_v1.c:264  protocol frame length error
01-05 20:33:35.083	          linker	[Debug]	        dji_protocol_v1.c:264  protocol frame length error
01-05 20:33:35.084	          linker	[Debug]	        dji_protocol_v1.c:264  protocol frame length error
01-05 20:33:35.084	          linker	[Debug]	        dji_protocol_v1.c:264  protocol frame length error
01-05 20:33:35.084	          linker	[Debug]	        dji_protocol_v1.c:264  protocol frame length error
01-05 20:33:35.084	          linker	[Debug]	        dji_protocol_v1.c:264  protocol frame length error
01-05 20:33:35.084	          linker	[Debug]	        dji_protocol_v1.c:264  protocol frame length error
01-05 20:33:35.084	          linker	[Debug]	        dji_protocol_v1.c:264  protocol frame length error
01-05 20:33:35.084	          linker	[Debug]	        dji_protocol_v1.c:264  protocol frame length error
01-05 20:33:35.084	          linker	[Debug]	        dji_protocol_v1.c:264  protocol frame length error
01-05 20:33:35.084	          linker	[Debug]	        dji_protocol_v1.c:264  protocol frame length error
01-05 20:33:35.084	          linker	[Debug]	        dji_protocol_v1.c:264  protocol frame length error
01-05 20:33:35.084	          linker	[Debug]	        dji_protocol_v1.c:264  protocol frame length error
01-05 20:33:35.084	          linker	[Debug]	        dji_protocol_v1.c:264  protocol frame length error
01-05 20:33:35.084	          linker	[Debug]	        dji_protocol_v1.c:264  protocol frame length error
01-05 20:33:35.084	          linker	[Debug]	        dji_protocol_v1.c:264  protocol frame length error
01-05 20:33:35.084	          linker	[Debug]	        dji_protocol_v1.c:264  protocol frame length error
01-05 20:33:35.084	          linker	[Debug]	        dji_protocol_v1.c:264  protocol frame length error
01-05 20:33:35.084	          linker	[Debug]	        dji_protocol_v1.c:264  protocol frame length error
01-05 20:33:35.084	          linker	[Debug]	        dji_protocol_v1.c:264  protocol frame length error
01-05 20:33:35.084	          linker	[Debug]	        dji_protocol_v1.c:264  protocol frame length error
01-05 20:33:35.084	          linker	[Debug]	        dji_protocol_v1.c:264  protocol frame length error
01-05 20:33:35.084	          linker	[Debug]	        dji_protocol_v1.c:264  protocol frame length error
01-05 20:33:35.084	          linker	[Debug]	        dji_protocol_v1.c:264  protocol frame length error
01-05 20:33:35.084	          linker	[Debug]	        dji_protocol_v1.c:264  protocol frame length error
01-05 20:33:35.084	          linker	[Debug]	        dji_protocol_v1.c:264  protocol frame length error
01-05 20:33:35.084	          linker	[Debug]	        dji_protocol_v1.c:264  protocol frame length error
01-05 20:33:35.084	          linker	[Debug]	        dji_protocol_v1.c:264  protocol frame length error
01-05 20:33:35.084	          linker	[Debug]	        dji_protocol_v1.c:264  protocol frame length error
01-05 20:33:35.084	          linker	[Debug]	        dji_protocol_v1.c:264  protocol frame length error
01-05 20:33:35.084	          linker	[Debug]	        dji_protocol_v1.c:264  protocol frame length error
01-05 20:33:35.084	          linker	[Debug]	        dji_protocol_v1.c:264  protocol frame length error
01-05 20:33:35.084	          linker	[Debug]	        dji_protocol_v1.c:264  protocol frame length error
01-05 20:33:35.084	          linker	[Debug]	        dji_protocol_v1.c:264  protocol frame length error
01-05 20:33:35.084	          linker	[Debug]	        dji_protocol_v1.c:264  protocol frame length error
01-05 20:33:35.084	          linker	[Debug]	        dji_protocol_v1.c:264  protocol frame length error
01-05 20:33:35.084	          linker	[Debug]	        dji_protocol_v1.c:264  protocol frame length error
01-05 20:33:35.084	          linker	[Debug]	        dji_protocol_v1.c:264  protocol frame length error
01-05 20:33:35.084	          linker	[Debug]	        dji_protocol_v1.c:264  protocol frame length error
01-05 20:33:35.084	          linker	[Debug]	        dji_protocol_v1.c:264  protocol frame length error
01-05 20:33:35.084	          linker	[Debug]	        dji_protocol_v1.c:264  protocol frame length error
01-05 20:33:35.084	          linker	[Debug]	        dji_protocol_v1.c:264  protocol frame length error
01-05 20:33:35.084	          linker	[Debug]	        dji_protocol_v1.c:264  protocol frame length error
01-05 20:33:35.084	          linker	[Debug]	        dji_protocol_v1.c:264  protocol frame length error
01-05 20:33:35.084	          linker	[Debug]	        dji_protocol_v1.c:264  protocol frame length error
01-05 20:33:35.084	          linker	[Debug]	        dji_protocol_v1.c:264  protocol frame length error
01-05 20:33:35.084	          linker	[Debug]	        dji_protocol_v1.c:264  protocol frame length error
01-05 20:33:35.084	          linker	[Debug]	        dji_protocol_v1.c:264  protocol frame length error
01-05 20:33:35.084	          linker	[Debug]	        dji_protocol_v1.c:264  protocol frame length error
01-05 20:33:35.084	          linker	[Debug]	        dji_protocol_v1.c:264  protocol frame length error
01-05 20:33:35.084	          linker	[Debug]	        dji_protocol_v1.c:264  protocol frame length error
01-05 20:33:35.084	          linker	[Debug]	        dji_protocol_v1.c:264  protocol frame length error
01-05 20:33:35.084	          linker	[Debug]	        dji_protocol_v1.c:264  protocol frame length error
01-05 20:33:35.084	          linker	[Debug]	        dji_protocol_v1.c:264  protocol frame length error
01-05 20:33:35.084	          linker	[Debug]	        dji_protocol_v1.c:264  protocol frame length error
01-05 20:33:35.084	          linker	[Debug]	        dji_protocol_v1.c:264  protocol frame length error
01-05 20:33:35.084	          linker	[Debug]	        dji_protocol_v1.c:264  protocol frame length error
01-05 20:33:35.084	          linker	[Debug]	        dji_protocol_v1.c:264  protocol frame length error
01-05 20:33:35.084	          linker	[Debug]	        dji_protocol_v1.c:264  protocol frame length error
01-05 20:33:35.084	          linker	[Debug]	        dji_protocol_v1.c:264  protocol frame length error
01-05 20:33:35.084	          linker	[Debug]	        dji_protocol_v1.c:264  protocol frame length error
01-05 20:33:35.084	          linker	[Debug]	        dji_protocol_v1.c:264  protocol frame length error
01-05 20:33:35.084	          linker	[Debug]	        dji_protocol_v1.c:264  protocol frame length error
01-05 20:33:35.084	          linker	[Debug]	        dji_protocol_v1.c:264  protocol frame length error
01-05 20:33:35.084	          linker	[Debug]	        dji_protocol_v1.c:264  protocol frame length error
01-05 20:33:35.084	          linker	[Debug]	        dji_protocol_v1.c:264  protocol frame length error
01-05 20:33:35.084	          linker	[Debug]	        dji_protocol_v1.c:264  protocol frame length error
01-05 20:33:35.084	          linker	[Debug]	        dji_protocol_v1.c:264  protocol frame length error
01-05 20:33:35.084	          linker	[Debug]	        dji_protocol_v1.c:264  protocol frame length error
01-05 20:33:35.084	          linker	[Debug]	        dji_protocol_v1.c:264  protocol frame length error
01-05 20:33:35.084	          linker	[Debug]	        dji_protocol_v1.c:264  protocol frame length error
01-05 20:33:35.084	          linker	[Debug]	        dji_protocol_v1.c:264  protocol frame length error
01-05 20:33:35.084	          linker	[Debug]	        dji_protocol_v1.c:264  protocol frame length error
01-05 20:33:35.084	          linker	[Debug]	        dji_protocol_v1.c:264  protocol frame length error
01-05 20:33:35.084	          linker	[Debug]	        dji_protocol_v1.c:264  protocol frame length error
01-05 20:33:35.084	          linker	[Debug]	        dji_protocol_v1.c:264  protocol frame length error
01-05 20:33:35.084	          linker	[Debug]	        dji_protocol_v1.c:264  protocol frame length error
01-05 20:33:35.084	          linker	[Debug]	        dji_protocol_v1.c:264  protocol frame length error
01-05 20:33:35.084	          linker	[Debug]	        dji_protocol_v1.c:264  protocol frame length error
01-05 20:33:35.084	          linker	[Debug]	        dji_protocol_v1.c:264  protocol frame length error
01-05 20:33:35.084	          linker	[Debug]	        dji_protocol_v1.c:264  protocol frame length error
01-05 20:33:35.084	          linker	[Debug]	        dji_protocol_v1.c:264  protocol frame length error
01-05 20:33:35.084	          linker	[Debug]	        dji_protocol_v1.c:264  protocol frame length error
01-05 20:33:35.084	          linker	[Debug]	        dji_protocol_v1.c:264  protocol frame length error
01-05 20:33:35.084	          linker	[Debug]	        dji_protocol_v1.c:264  protocol frame length error
01-05 20:33:35.084	          linker	[Debug]	        dji_protocol_v1.c:264  protocol frame length error
01-05 20:33:35.084	          linker	[Debug]	        dji_protocol_v1.c:264  protocol frame length error
01-05 20:33:35.084	          linker	[Debug]	        dji_protocol_v1.c:264  protocol frame length error
01-05 20:33:35.084	          linker	[Debug]	        dji_protocol_v1.c:264  protocol frame length error
01-05 20:33:35.084	          linker	[Debug]	        dji_protocol_v1.c:264  protocol frame length error
01-05 20:33:35.084	          linker	[Debug]	        dji_protocol_v1.c:264  protocol frame length error
01-05 20:33:35.084	          linker	[Debug]	        dji_protocol_v1.c:264  protocol frame length error
01-05 20:33:35.084	          linker	[Debug]	        dji_protocol_v1.c:264  protocol frame length error
01-05 20:33:35.084	          linker	[Debug]	        dji_protocol_v1.c:264  protocol frame length error
01-05 20:33:35.084	          linker	[Debug]	        dji_protocol_v1.c:264  protocol frame length error
01-05 20:33:35.084	          linker	[Debug]	        dji_protocol_v1.c:264  protocol frame length error
01-05 20:33:35.084	          linker	[Debug]	        dji_protocol_v1.c:264  protocol frame length error
01-05 20:33:35.084	          linker	[Debug]	        dji_protocol_v1.c:264  protocol frame length error
01-05 20:33:35.084	          linker	[Debug]	        dji_protocol_v1.c:264  protocol frame length error
01-05 20:33:35.084	          linker	[Debug]	        dji_protocol_v1.c:264  protocol frame length error
01-05 20:33:35.084	          linker	[Debug]	        dji_protocol_v1.c:264  protocol frame length error
01-05 20:33:35.084	          linker	[Debug]	        dji_protocol_v1.c:264  protocol frame length error
01-05 20:33:35.084	          linker	[Debug]	        dji_protocol_v1.c:264  protocol frame length error
01-05 20:33:35.084	          linker	[Debug]	        dji_protocol_v1.c:264  protocol frame length error
01-05 20:33:35.084	          linker	[Debug]	        dji_protocol_v1.c:264  protocol frame length error
01-05 20:33:35.085	          linker	[Debug]	        dji_protocol_v1.c:264  protocol frame length error
01-05 20:33:35.085	          linker	[Debug]	        dji_protocol_v1.c:264  protocol frame length error
01-05 20:33:35.085	          linker	[Debug]	        dji_protocol_v1.c:264  protocol frame length error
01-05 20:33:35.085	          linker	[Debug]	        dji_protocol_v1.c:264  protocol frame length error
01-05 20:33:35.085	          linker	[Debug]	        dji_protocol_v1.c:264  protocol frame length error
01-05 20:33:35.085	          linker	[Debug]	        dji_protocol_v1.c:264  protocol frame length error
01-05 20:33:35.085	          linker	[Debug]	        dji_protocol_v1.c:264  protocol frame length error
01-05 20:33:35.085	          linker	[Debug]	        dji_protocol_v1.c:264  protocol frame length error
01-05 20:33:35.085	          linker	[Debug]	        dji_protocol_v1.c:264  protocol frame length error
01-05 20:33:35.085	          linker	[Debug]	        dji_protocol_v1.c:264  protocol frame length error
01-05 20:33:35.085	          linker	[Debug]	        dji_protocol_v1.c:264  protocol frame length error
01-05 20:33:35.085	          linker	[Debug]	        dji_protocol_v1.c:264  protocol frame length error
01-05 20:33:35.085	          linker	[Debug]	        dji_protocol_v1.c:264  protocol frame length error
01-05 20:33:35.085	          linker	[Debug]	        dji_protocol_v1.c:264  protocol frame length error
01-05 20:33:35.085	          linker	[Debug]	        dji_protocol_v1.c:264  protocol frame length error
01-05 20:33:35.085	          linker	[Debug]	        dji_protocol_v1.c:264  protocol frame length error
01-05 20:33:35.085	          linker	[Debug]	        dji_protocol_v1.c:264  protocol frame length error
01-05 20:33:35.085	          linker	[Debug]	        dji_protocol_v1.c:264  protocol frame length error
01-05 20:33:35.085	          linker	[Debug]	        dji_protocol_v1.c:264  protocol frame length error
01-05 20:33:35.085	          linker	[Debug]	        dji_protocol_v1.c:264  protocol frame length error
01-05 20:33:35.085	          linker	[Debug]	        dji_protocol_v1.c:264  protocol frame length error
01-05 20:33:35.085	          linker	[Debug]	        dji_protocol_v1.c:264  protocol frame length error
01-05 20:33:35.085	          linker	[Debug]	        dji_protocol_v1.c:264  protocol frame length error
01-05 20:33:35.085	          linker	[Debug]	        dji_protocol_v1.c:264  protocol frame length error
01-05 20:33:35.085	          linker	[Debug]	        dji_protocol_v1.c:264  protocol frame length error
01-05 20:33:35.085	          linker	[Debug]	        dji_protocol_v1.c:264  protocol frame length error
01-05 20:33:35.085	          linker	[Debug]	        dji_protocol_v1.c:264  protocol frame length error
01-05 20:33:35.085	          linker	[Debug]	        dji_protocol_v1.c:264  protocol frame length error
01-05 20:33:35.085	          linker	[Debug]	        dji_protocol_v1.c:264  protocol frame length error
01-05 20:33:35.085	          linker	[Debug]	        dji_protocol_v1.c:264  protocol frame length error
01-05 20:33:35.085	          linker	[Debug]	        dji_protocol_v1.c:264  protocol frame length error
01-05 20:33:35.085	          linker	[Debug]	        dji_protocol_v1.c:264  protocol frame length error
01-05 20:33:35.085	          linker	[Debug]	        dji_protocol_v1.c:264  protocol frame length error
01-05 20:33:35.085	          linker	[Debug]	        dji_protocol_v1.c:264  protocol frame length error
01-05 20:33:35.085	          linker	[Debug]	        dji_protocol_v1.c:264  protocol frame length error
01-05 20:33:35.085	          linker	[Debug]	        dji_protocol_v1.c:264  protocol frame length error
01-05 20:33:35.085	          linker	[Debug]	        dji_protocol_v1.c:264  protocol frame length error
01-05 20:33:35.085	          linker	[Debug]	        dji_protocol_v1.c:264  protocol frame length error
01-05 20:33:35.085	          linker	[Debug]	        dji_protocol_v1.c:264  protocol frame length error
01-05 20:33:35.085	          linker	[Debug]	        dji_protocol_v1.c:264  protocol frame length error
01-05 20:33:35.085	          linker	[Debug]	        dji_protocol_v1.c:264  protocol frame length error
01-05 20:33:35.085	          linker	[Debug]	        dji_protocol_v1.c:264  protocol frame length error
01-05 20:33:35.085	          linker	[Debug]	        dji_protocol_v1.c:264  protocol frame length error
01-05 20:33:35.085	          linker	[Debug]	        dji_protocol_v1.c:264  protocol frame length error
01-05 20:33:35.085	          linker	[Debug]	        dji_protocol_v1.c:264  protocol frame length error
01-05 20:33:35.085	          linker	[Debug]	        dji_protocol_v1.c:264  protocol frame length error
01-05 20:33:35.085	          linker	[Debug]	        dji_protocol_v1.c:264  protocol frame length error
01-05 20:33:35.085	          linker	[Debug]	        dji_protocol_v1.c:264  protocol frame length error
01-05 20:33:35.085	          linker	[Debug]	        dji_protocol_v1.c:264  protocol frame length error
01-05 20:33:35.085	          linker	[Debug]	        dji_protocol_v1.c:264  protocol frame length error
01-05 20:33:35.085	          linker	[Debug]	        dji_protocol_v1.c:264  protocol frame length error
01-05 20:33:35.085	          linker	[Debug]	        dji_protocol_v1.c:264  protocol frame length error
01-05 20:33:35.085	          linker	[Debug]	        dji_protocol_v1.c:264  protocol frame length error
01-05 20:33:35.085	          linker	[Debug]	        dji_protocol_v1.c:264  protocol frame length error
01-05 20:33:35.085	          linker	[Debug]	        dji_protocol_v1.c:264  protocol frame length error
01-05 20:33:35.085	          linker	[Debug]	        dji_protocol_v1.c:264  protocol frame length error
01-05 20:33:35.085	          linker	[Debug]	        dji_protocol_v1.c:264  protocol frame length error
01-05 20:33:35.085	          linker	[Debug]	        dji_protocol_v1.c:264  protocol frame length error
01-05 20:33:35.085	          linker	[Debug]	        dji_protocol_v1.c:264  protocol frame length error
01-05 20:33:35.085	          linker	[Debug]	        dji_protocol_v1.c:264  protocol frame length error
01-05 20:33:35.085	          linker	[Debug]	        dji_protocol_v1.c:264  protocol frame length error
01-05 20:33:35.085	          linker	[Debug]	        dji_protocol_v1.c:264  protocol frame length error
01-05 20:33:35.085	          linker	[Debug]	        dji_protocol_v1.c:264  protocol frame length error
01-05 20:33:35.085	          linker	[Debug]	        dji_protocol_v1.c:264  protocol frame length error
01-05 20:33:35.085	          linker	[Debug]	        dji_protocol_v1.c:264  protocol frame length error
01-05 20:33:35.085	          linker	[Debug]	        dji_protocol_v1.c:264  protocol frame length error
01-05 20:33:35.085	          linker	[Debug]	        dji_protocol_v1.c:264  protocol frame length error
01-05 20:33:35.085	          linker	[Debug]	        dji_protocol_v1.c:264  protocol frame length error
01-05 20:33:35.085	          linker	[Debug]	        dji_protocol_v1.c:264  protocol frame length error
01-05 20:33:35.085	          linker	[Debug]	        dji_protocol_v1.c:264  protocol frame length error
01-05 20:33:35.085	          linker	[Debug]	        dji_protocol_v1.c:264  protocol frame length error
01-05 20:33:35.085	          linker	[Debug]	        dji_protocol_v1.c:264  protocol frame length error
01-05 20:33:35.085	          linker	[Debug]	        dji_protocol_v1.c:264  protocol frame length error
01-05 20:33:35.085	          linker	[Debug]	        dji_protocol_v1.c:264  protocol frame length error
01-05 20:33:35.085	          linker	[Debug]	        dji_protocol_v1.c:264  protocol frame length error
01-05 20:33:35.085	          linker	[Debug]	        dji_protocol_v1.c:264  protocol frame length error
01-05 20:33:35.085	          linker	[Debug]	        dji_protocol_v1.c:264  protocol frame length error
01-05 20:33:35.085	          linker	[Debug]	        dji_protocol_v1.c:264  protocol frame length error
01-05 20:33:35.085	          linker	[Debug]	        dji_protocol_v1.c:264  protocol frame length error
01-05 20:33:35.085	          linker	[Debug]	        dji_protocol_v1.c:264  protocol frame length error
01-05 20:33:35.085	          linker	[Debug]	        dji_protocol_v1.c:264  protocol frame length error
01-05 20:33:35.085	          linker	[Debug]	        dji_protocol_v1.c:264  protocol frame length error
01-05 20:33:35.085	          linker	[Debug]	        dji_protocol_v1.c:264  protocol frame length error
01-05 20:33:35.085	          linker	[Debug]	        dji_protocol_v1.c:264  protocol frame length error
01-05 20:33:35.085	          linker	[Debug]	        dji_protocol_v1.c:264  protocol frame length error
01-05 20:33:35.085	          linker	[Debug]	        dji_protocol_v1.c:264  protocol frame length error
01-05 20:33:35.085	          linker	[Debug]	        dji_protocol_v1.c:264  protocol frame length error
01-05 20:33:35.085	          linker	[Debug]	        dji_protocol_v1.c:264  protocol frame length error
01-05 20:33:35.085	          linker	[Debug]	        dji_protocol_v1.c:264  protocol frame length error
01-05 20:33:35.085	          linker	[Debug]	        dji_protocol_v1.c:264  protocol frame length error
01-05 20:33:35.085	          linker	[Debug]	        dji_protocol_v1.c:264  protocol frame length error
01-05 20:33:35.085	          linker	[Debug]	        dji_protocol_v1.c:264  protocol frame length error
01-05 20:33:35.085	          linker	[Debug]	        dji_protocol_v1.c:264  protocol frame length error
01-05 20:33:35.085	          linker	[Debug]	        dji_protocol_v1.c:264  protocol frame length error
01-05 20:33:35.085	          linker	[Debug]	        dji_protocol_v1.c:264  protocol frame length error
01-05 20:33:35.085	          linker	[Debug]	        dji_protocol_v1.c:264  protocol frame length error
01-05 20:33:35.085	          linker	[Debug]	        dji_protocol_v1.c:264  protocol frame length error
01-05 20:33:35.085	          linker	[Debug]	        dji_protocol_v1.c:264  protocol frame length error
01-05 20:33:35.085	          linker	[Debug]	        dji_protocol_v1.c:264  protocol frame length error
01-05 20:33:35.085	          linker	[Debug]	        dji_protocol_v1.c:264  protocol frame length error
01-05 20:33:35.085	          linker	[Debug]	        dji_protocol_v1.c:264  protocol frame length error
01-05 20:33:35.085	          linker	[Debug]	        dji_protocol_v1.c:264  protocol frame length error
01-05 20:33:35.085	          linker	[Debug]	        dji_protocol_v1.c:264  protocol frame length error
01-05 20:33:35.085	          linker	[Debug]	        dji_protocol_v1.c:264  protocol frame length error
01-05 20:33:35.085	          linker	[Debug]	        dji_protocol_v1.c:264  protocol frame length error
01-05 20:33:35.085	          linker	[Debug]	        dji_protocol_v1.c:264  protocol frame length error
01-05 20:33:35.085	          linker	[Debug]	        dji_protocol_v1.c:264  protocol frame length error
01-05 20:33:35.085	          linker	[Debug]	        dji_protocol_v1.c:264  protocol frame length error
01-05 20:33:35.086	          linker	[Debug]	        dji_protocol_v1.c:264  protocol frame length error
01-05 20:33:35.086	          linker	[Debug]	        dji_protocol_v1.c:264  protocol frame length error
01-05 20:33:35.086	          linker	[Debug]	        dji_protocol_v1.c:264  protocol frame length error
01-05 20:33:35.086	          linker	[Debug]	        dji_protocol_v1.c:264  protocol frame length error
01-05 20:33:35.086	          linker	[Debug]	        dji_protocol_v1.c:264  protocol frame length error
01-05 20:33:35.086	          linker	[Debug]	        dji_protocol_v1.c:264  protocol frame length error
01-05 20:33:35.086	          linker	[Debug]	        dji_protocol_v1.c:264  protocol frame length error
01-05 20:33:35.086	          linker	[Debug]	        dji_protocol_v1.c:264  protocol frame length error
01-05 20:33:35.086	          linker	[Debug]	        dji_protocol_v1.c:264  protocol frame length error
01-05 20:33:35.086	          linker	[Debug]	        dji_protocol_v1.c:264  protocol frame length error
01-05 20:33:35.086	          linker	[Debug]	        dji_protocol_v1.c:264  protocol frame length error
01-05 20:33:35.086	          linker	[Debug]	        dji_protocol_v1.c:264  protocol frame length error
01-05 20:33:35.086	          linker	[Debug]	        dji_protocol_v1.c:264  protocol frame length error
01-05 20:33:35.086	          linker	[Debug]	        dji_protocol_v1.c:264  protocol frame length error
01-05 20:33:35.086	          linker	[Debug]	        dji_protocol_v1.c:264  protocol frame length error
01-05 20:33:35.086	          linker	[Debug]	        dji_protocol_v1.c:264  protocol frame length error
01-05 20:33:35.086	          linker	[Debug]	        dji_protocol_v1.c:264  protocol frame length error
01-05 20:33:35.086	          linker	[Debug]	        dji_protocol_v1.c:264  protocol frame length error
01-05 20:33:35.086	          linker	[Debug]	        dji_protocol_v1.c:264  protocol frame length error
01-05 20:33:35.086	          linker	[Debug]	        dji_protocol_v1.c:264  protocol frame length error
01-05 20:33:35.086	          linker	[Debug]	        dji_protocol_v1.c:264  protocol frame length error
01-05 20:33:35.086	          linker	[Debug]	        dji_protocol_v1.c:264  protocol frame length error
01-05 20:33:35.086	          linker	[Debug]	        dji_protocol_v1.c:264  protocol frame length error
01-05 20:33:35.086	          linker	[Debug]	        dji_protocol_v1.c:264  protocol frame length error
01-05 20:33:35.086	          linker	[Debug]	        dji_protocol_v1.c:264  protocol frame length error
01-05 20:33:35.086	          linker	[Debug]	        dji_protocol_v1.c:264  protocol frame length error
01-05 20:33:35.086	          linker	[Debug]	        dji_protocol_v1.c:264  protocol frame length error
01-05 20:33:35.086	          linker	[Debug]	        dji_protocol_v1.c:264  protocol frame length error
01-05 20:33:35.086	          linker	[Debug]	        dji_protocol_v1.c:264  protocol frame length error
01-05 20:33:35.086	          linker	[Debug]	        dji_protocol_v1.c:264  protocol frame length error
01-05 20:33:35.086	          linker	[Debug]	        dji_protocol_v1.c:264  protocol frame length error
01-05 20:33:35.086	          linker	[Debug]	        dji_protocol_v1.c:264  protocol frame length error
01-05 20:33:35.086	          linker	[Debug]	        dji_protocol_v1.c:264  protocol frame length error
01-05 20:33:35.086	          linker	[Debug]	        dji_protocol_v1.c:264  protocol frame length error
01-05 20:33:35.086	          linker	[Debug]	        dji_protocol_v1.c:264  protocol frame length error
01-05 20:33:35.086	          linker	[Debug]	        dji_protocol_v1.c:264  protocol frame length error
01-05 20:33:35.086	          linker	[Debug]	        dji_protocol_v1.c:264  protocol frame length error
01-05 20:33:35.086	          linker	[Debug]	        dji_protocol_v1.c:264  protocol frame length error
01-05 20:33:35.086	          linker	[Debug]	        dji_protocol_v1.c:264  protocol frame length error
01-05 20:33:35.086	          linker	[Debug]	        dji_protocol_v1.c:264  protocol frame length error
01-05 20:33:35.086	          linker	[Debug]	        dji_protocol_v1.c:264  protocol frame length error
01-05 20:33:35.086	          linker	[Debug]	        dji_protocol_v1.c:264  protocol frame length error
01-05 20:33:35.086	          linker	[Debug]	        dji_protocol_v1.c:264  protocol frame length error
01-05 20:33:35.086	          linker	[Debug]	        dji_protocol_v1.c:264  protocol frame length error
01-05 20:33:35.086	          linker	[Debug]	        dji_protocol_v1.c:264  protocol frame length error
01-05 20:33:35.086	          linker	[Debug]	        dji_protocol_v1.c:264  protocol frame length error
01-05 20:33:35.086	          linker	[Debug]	        dji_protocol_v1.c:264  protocol frame length error
01-05 20:33:35.086	          linker	[Debug]	        dji_protocol_v1.c:264  protocol frame length error
01-05 20:33:35.086	          linker	[Debug]	        dji_protocol_v1.c:264  protocol frame length error
01-05 20:33:35.086	          linker	[Debug]	        dji_protocol_v1.c:264  protocol frame length error
01-05 20:33:35.086	          linker	[Debug]	        dji_protocol_v1.c:264  protocol frame length error
01-05 20:33:35.086	          linker	[Debug]	        dji_protocol_v1.c:264  protocol frame length error
01-05 20:33:35.086	          linker	[Debug]	        dji_protocol_v1.c:264  protocol frame length error
01-05 20:33:35.086	          linker	[Debug]	        dji_protocol_v1.c:264  protocol frame length error
01-05 20:33:35.086	          linker	[Debug]	        dji_protocol_v1.c:264  protocol frame length error
01-05 20:33:35.086	          linker	[Debug]	        dji_protocol_v1.c:264  protocol frame length error
01-05 20:33:35.086	          linker	[Debug]	        dji_protocol_v1.c:264  protocol frame length error
01-05 20:33:35.086	          linker	[Debug]	        dji_protocol_v1.c:264  protocol frame length error
01-05 20:33:35.086	          linker	[Debug]	        dji_protocol_v1.c:264  protocol frame length error
01-05 20:33:35.086	          linker	[Debug]	        dji_protocol_v1.c:264  protocol frame length error
01-05 20:33:35.086	          linker	[Debug]	        dji_protocol_v1.c:264  protocol frame length error
01-05 20:33:35.086	          linker	[Debug]	        dji_protocol_v1.c:264  protocol frame length error
01-05 20:33:35.086	          linker	[Debug]	        dji_protocol_v1.c:264  protocol frame length error
01-05 20:33:35.086	          linker	[Debug]	        dji_protocol_v1.c:264  protocol frame length error
01-05 20:33:35.086	          linker	[Debug]	        dji_protocol_v1.c:264  protocol frame length error
01-05 20:33:35.086	          linker	[Debug]	        dji_protocol_v1.c:264  protocol frame length error
01-05 20:33:35.086	          linker	[Debug]	        dji_protocol_v1.c:264  protocol frame length error
01-05 20:33:35.086	          linker	[Debug]	        dji_protocol_v1.c:264  protocol frame length error
01-05 20:33:35.086	          linker	[Debug]	        dji_protocol_v1.c:264  protocol frame length error
01-05 20:33:35.086	          linker	[Debug]	        dji_protocol_v1.c:264  protocol frame length error
01-05 20:33:35.086	          linker	[Debug]	        dji_protocol_v1.c:264  protocol frame length error
01-05 20:33:35.086	          linker	[Debug]	        dji_protocol_v1.c:264  protocol frame length error
01-05 20:33:35.086	          linker	[Debug]	        dji_protocol_v1.c:264  protocol frame length error
01-05 20:33:35.086	          linker	[Debug]	        dji_protocol_v1.c:264  protocol frame length error
01-05 20:33:35.086	          linker	[Debug]	        dji_protocol_v1.c:264  protocol frame length error
01-05 20:33:35.086	          linker	[Debug]	        dji_protocol_v1.c:264  protocol frame length error
01-05 20:33:35.086	          linker	[Debug]	        dji_protocol_v1.c:264  protocol frame length error
01-05 20:33:35.086	          linker	[Debug]	        dji_protocol_v1.c:264  protocol frame length error
01-05 20:33:35.086	          linker	[Debug]	        dji_protocol_v1.c:264  protocol frame length error
01-05 20:33:35.086	          linker	[Debug]	        dji_protocol_v1.c:264  protocol frame length error
01-05 20:33:35.086	          linker	[Debug]	        dji_protocol_v1.c:264  protocol frame length error
01-05 20:33:35.086	          linker	[Debug]	        dji_protocol_v1.c:264  protocol frame length error
01-05 20:33:35.086	          linker	[Debug]	        dji_protocol_v1.c:264  protocol frame length error
01-05 20:33:35.086	          linker	[Debug]	        dji_protocol_v1.c:264  protocol frame length error
01-05 20:33:35.086	          linker	[Debug]	        dji_protocol_v1.c:264  protocol frame length error
01-05 20:33:35.092	          linker	[Debug]	        dji_protocol_v1.c:264  protocol frame length error
01-05 20:33:35.112	          linker	[Debug]	        dji_protocol_v1.c:264  protocol frame length error
01-05 20:33:35.132	          linker	[Debug]	        dji_protocol_v1.c:264  protocol frame length error
01-05 20:33:35.152	          linker	[Debug]	        dji_protocol_v1.c:264  protocol frame length error
01-05 20:33:35.167	          linker	[Debug]	        dji_protocol_v1.c:264  protocol frame length error
01-05 20:33:35.179	          linker	[Debug]	        dji_protocol_v1.c:264  protocol frame length error
01-05 20:33:35.179	          linker	[Debug]	        dji_protocol_v1.c:264  protocol frame length error
01-05 20:33:35.192	          linker	[Debug]	        dji_protocol_v1.c:264  protocol frame length error
01-05 20:33:35.212	          linker	[Debug]	        dji_protocol_v1.c:264  protocol frame length error
01-05 20:33:35.212	          linker	[Debug]	        dji_protocol_v1.c:264  protocol frame length error
01-05 20:33:35.232	          linker	[Debug]	        dji_protocol_v1.c:264  protocol frame length error
01-05 20:33:35.250	          linker	[Debug]	        dji_protocol_v1.c:264  protocol frame length error
01-05 20:33:35.269	          linker	[Debug]	        dji_protocol_v1.c:264  protocol frame length error
01-05 20:33:35.269	          linker	[Debug]	        dji_protocol_v1.c:264  protocol frame length error
01-05 20:33:35.279	          linker	[Debug]	        dji_protocol_v1.c:264  protocol frame length error
01-05 20:33:35.279	          linker	[Debug]	        dji_protocol_v1.c:264  protocol frame length error
01-05 20:33:35.292	          linker	[Debug]	        dji_protocol_v1.c:264  protocol frame length error
01-05 20:33:35.305	          linker	[Debug]	        dji_protocol_v1.c:264  protocol frame length error
01-05 20:33:35.318	          linker	[Debug]	        dji_protocol_v1.c:264  protocol frame length error
01-05 20:33:35.332	          linker	[Debug]	        dji_protocol_v1.c:264  protocol frame length error
01-05 20:33:35.352	          linker	[Debug]	        dji_protocol_v1.c:264  protocol frame length error
01-05 20:33:35.367	          linker	[Debug]	        dji_protocol_v1.c:264  protocol frame length error
01-05 20:33:35.379	          linker	[Debug]	        dji_protocol_v1.c:264  protocol frame length error
01-05 20:33:35.379	          linker	[Debug]	        dji_protocol_v1.c:264  protocol frame length error
01-05 20:33:35.392	          linker	[Debug]	        dji_protocol_v1.c:264  protocol frame length error
01-05 20:33:35.402	          linker	[Debug]	        dji_protocol_v1.c:264  protocol frame length error
01-05 20:33:35.402	          linker	[Debug]	        dji_protocol_v1.c:264  protocol frame length error
01-05 20:33:35.422	          linker	[Debug]	        dji_protocol_v1.c:264  protocol frame length error
01-05 20:33:35.432	          linker	[Debug]	        dji_protocol_v1.c:264  protocol frame length error
01-05 20:33:35.450	          linker	[Debug]	        dji_protocol_v1.c:264  protocol frame length error
01-05 20:33:35.469	          linker	[Debug]	        dji_protocol_v1.c:264  protocol frame length error
01-05 20:33:35.469	          linker	[Debug]	        dji_protocol_v1.c:264  protocol frame length error
01-05 20:33:35.479	          linker	[Debug]	        dji_protocol_v1.c:264  protocol frame length error
01-05 20:33:35.479	          linker	[Debug]	        dji_protocol_v1.c:264  protocol frame length error
01-05 20:33:35.492	          linker	[Debug]	        dji_protocol_v1.c:264  protocol frame length error
01-05 20:33:35.517	          linker	[Debug]	        dji_protocol_v1.c:264  protocol frame length error
01-05 20:33:35.532	          linker	[Debug]	        dji_protocol_v1.c:264  protocol frame length error
01-05 20:33:35.552	          linker	[Debug]	        dji_protocol_v1.c:264  protocol frame length error
01-05 20:33:35.567	          linker	[Debug]	        dji_protocol_v1.c:264  protocol frame length error
01-05 20:33:35.579	          linker	[Debug]	        dji_protocol_v1.c:264  protocol frame length error
01-05 20:33:35.580	          linker	[Debug]	        dji_protocol_v1.c:264  protocol frame length error
01-05 20:33:35.592	          linker	[Debug]	        dji_protocol_v1.c:264  protocol frame length error
01-05 20:33:35.603	          linker	[Debug]	        dji_protocol_v1.c:264  protocol frame length error
01-05 20:33:35.620	          linker	[Debug]	        dji_protocol_v1.c:264  protocol frame length error
01-05 20:33:35.620	          linker	[Debug]	        dji_protocol_v1.c:264  protocol frame length error
01-05 20:33:35.620	          linker	[Debug]	        dji_protocol_v1.c:264  protocol frame length error
01-05 20:33:35.632	          linker	[Debug]	        dji_protocol_v1.c:264  protocol frame length error
01-05 20:33:35.650	          linker	[Debug]	        dji_protocol_v1.c:264  protocol frame length error
01-05 20:33:35.669	          linker	[Debug]	        dji_protocol_v1.c:264  protocol frame length error
01-05 20:33:35.669	          linker	[Debug]	        dji_protocol_v1.c:264  protocol frame length error
01-05 20:33:35.679	          linker	[Debug]	        dji_protocol_v1.c:264  protocol frame length error
01-05 20:33:35.679	          linker	[Debug]	        dji_protocol_v1.c:264  protocol frame length error
01-05 20:33:35.692	          linker	[Debug]	        dji_protocol_v1.c:264  protocol frame length error
01-05 20:33:35.712	          linker	[Debug]	        dji_protocol_v1.c:264  protocol frame length error
01-05 20:33:35.732	          linker	[Debug]	        dji_protocol_v1.c:264  protocol frame length error
01-05 20:33:35.752	          linker	[Debug]	        dji_protocol_v1.c:264  protocol frame length error
01-05 20:33:35.767	          linker	[Debug]	        dji_protocol_v1.c:264  protocol frame length error
01-05 20:33:35.779	          linker	[Debug]	        dji_protocol_v1.c:264  protocol frame length error
01-05 20:33:35.779	          linker	[Debug]	        dji_protocol_v1.c:264  protocol frame length error
01-05 20:33:35.792	          linker	[Debug]	        dji_protocol_v1.c:264  protocol frame length error
01-05 20:33:35.812	          linker	[Debug]	        dji_protocol_v1.c:264  protocol frame length error
01-05 20:33:35.832	          linker	[Debug]	        dji_protocol_v1.c:264  protocol frame length error
01-05 20:33:35.850	          linker	[Debug]	        dji_protocol_v1.c:264  protocol frame length error
01-05 20:33:35.869	          linker	[Debug]	        dji_protocol_v1.c:264  protocol frame length error
01-05 20:33:35.869	          linker	[Debug]	        dji_protocol_v1.c:264  protocol frame length error
01-05 20:33:35.879	          linker	[Debug]	        dji_protocol_v1.c:264  protocol frame length error
01-05 20:33:35.879	          linker	[Debug]	        dji_protocol_v1.c:264  protocol frame length error
01-05 20:33:35.892	          linker	[Debug]	        dji_protocol_v1.c:264  protocol frame length error
01-05 20:33:35.912	          linker	[Debug]	        dji_protocol_v1.c:264  protocol frame length error
01-05 20:33:35.932	          linker	[Debug]	        dji_protocol_v1.c:264  protocol frame length error
01-05 20:33:35.952	          linker	[Debug]	        dji_protocol_v1.c:264  protocol frame length error
01-05 20:33:35.967	          linker	[Debug]	        dji_protocol_v1.c:264  protocol frame length error
01-05 20:33:35.980	          linker	[Debug]	        dji_protocol_v1.c:264  protocol frame length error
01-05 20:33:35.980	          linker	[Debug]	        dji_protocol_v1.c:264  protocol frame length error
01-05 20:33:35.992	          linker	[Debug]	        dji_protocol_v1.c:264  protocol frame length error
01-05 20:33:36.012	          linker	[Debug]	        dji_protocol_v1.c:264  protocol frame length error
01-05 20:33:36.025	           utils	[Debug]	          dji_root_task.c:131  work execution time:
01-05 20:33:36.025	           utils	[Debug]	          dji_root_task.c:132  name	                execution time (ms)	  max execution time (ms)
01-05 20:33:36.025	           utils	[Debug]	          dji_root_task.c:134  recorderWork                    	0       	0       
01-05 20:33:36.025	           utils	[Debug]	          dji_root_task.c:134  flowControllerTask              	0       	0       
01-05 20:33:36.032	          linker	[Debug]	        dji_protocol_v1.c:264  protocol frame length error
01-05 20:33:36.048	          linker	[Debug]	        dji_protocol_v1.c:189  <0000>V1-Send: 0x0503->0x0300 0x03FD
01-05 20:33:36.050	          linker	[Debug]	        dji_protocol_v1.c:264  protocol frame length error
01-05 20:33:36.069	          linker	[Debug]	        dji_protocol_v1.c:264  protocol frame length error
01-05 20:33:36.069	          linker	[Debug]	        dji_protocol_v1.c:264  protocol frame length error
01-05 20:33:36.080	          linker	[Debug]	        dji_protocol_v1.c:264  protocol frame length error
01-05 20:33:36.080	          linker	[Debug]	        dji_protocol_v1.c:264  protocol frame length error
01-05 20:33:36.092	          linker	[Debug]	        dji_protocol_v1.c:264  protocol frame length error
01-05 20:33:36.112	          linker	[Debug]	        dji_protocol_v1.c:264  protocol frame length error
01-05 20:33:36.134	          linker	[Debug]	        dji_protocol_v1.c:264  protocol frame length error
01-05 20:33:36.152	          linker	[Debug]	        dji_protocol_v1.c:264  protocol frame length error
01-05 20:33:36.168	          linker	[Debug]	        dji_protocol_v1.c:264  protocol frame length error
01-05 20:33:36.179	          linker	[Debug]	        dji_protocol_v1.c:264  protocol frame length error
01-05 20:33:36.179	          linker	[Debug]	        dji_protocol_v1.c:264  protocol frame length error
01-05 20:33:36.192	          linker	[Debug]	        dji_protocol_v1.c:264  protocol frame length error
01-05 20:33:36.202	          linker	[Debug]	        dji_protocol_v1.c:264  protocol frame length error
01-05 20:33:36.221	          linker	[Debug]	        dji_protocol_v1.c:264  protocol frame length error
01-05 20:33:36.221	          linker	[Debug]	        dji_protocol_v1.c:264  protocol frame length error
01-05 20:33:36.232	          linker	[Debug]	        dji_protocol_v1.c:264  protocol frame length error
01-05 20:33:36.250	          linker	[Debug]	        dji_protocol_v1.c:264  protocol frame length error
01-05 20:33:36.269	          linker	[Debug]	        dji_protocol_v1.c:264  protocol frame length error
01-05 20:33:36.269	          linker	[Debug]	        dji_protocol_v1.c:264  protocol frame length error
01-05 20:33:36.279	          linker	[Debug]	        dji_protocol_v1.c:264  protocol frame length error
01-05 20:33:36.280	          linker	[Debug]	        dji_protocol_v1.c:264  protocol frame length error
01-05 20:33:36.280	          linker	[Debug]	        dji_protocol_v1.c:264  protocol frame length error
01-05 20:33:36.292	          linker	[Debug]	        dji_protocol_v1.c:264  protocol frame length error
01-05 20:33:36.306	          linker	[Debug]	        dji_protocol_v1.c:264  protocol frame length error
01-05 20:33:36.306	          linker	[Debug]	        dji_protocol_v1.c:264  protocol frame length error
01-05 20:33:36.317	          linker	[Debug]	        dji_protocol_v1.c:264  protocol frame length error
01-05 20:33:36.332	          linker	[Debug]	        dji_protocol_v1.c:264  protocol frame length error
01-05 20:33:36.352	          linker	[Debug]	        dji_protocol_v1.c:264  protocol frame length error
01-05 20:33:36.367	          linker	[Debug]	        dji_protocol_v1.c:264  protocol frame length error
01-05 20:33:36.379	          linker	[Debug]	        dji_protocol_v1.c:264  protocol frame length error
01-05 20:33:36.379	          linker	[Debug]	        dji_protocol_v1.c:264  protocol frame length error
01-05 20:33:36.392	          linker	[Debug]	        dji_protocol_v1.c:264  protocol frame length error
01-05 20:33:36.392	          linker	[Debug]	        dji_protocol_v1.c:264  protocol frame length error
01-05 20:33:36.402	          linker	[Debug]	        dji_protocol_v1.c:264  protocol frame length error
01-05 20:33:36.421	          linker	[Debug]	        dji_protocol_v1.c:264  protocol frame length error
01-05 20:33:36.421	          linker	[Debug]	        dji_protocol_v1.c:264  protocol frame length error
01-05 20:33:36.421	          linker	[Debug]	        dji_protocol_v1.c:264  protocol frame length error
01-05 20:33:36.432	          linker	[Debug]	        dji_protocol_v1.c:264  protocol frame length error
01-05 20:33:36.450	          linker	[Debug]	        dji_protocol_v1.c:264  protocol frame length error
01-05 20:33:36.469	          linker	[Debug]	        dji_protocol_v1.c:264  protocol frame length error
01-05 20:33:36.469	          linker	[Debug]	        dji_protocol_v1.c:264  protocol frame length error
01-05 20:33:36.479	          linker	[Debug]	        dji_protocol_v1.c:264  protocol frame length error
01-05 20:33:36.480	          linker	[Debug]	        dji_protocol_v1.c:264  protocol frame length error
01-05 20:33:36.492	          linker	[Debug]	        dji_protocol_v1.c:264  protocol frame length error
01-05 20:33:36.517	          linker	[Debug]	        dji_protocol_v1.c:264  protocol frame length error
01-05 20:33:36.532	          linker	[Debug]	        dji_protocol_v1.c:264  protocol frame length error
01-05 20:33:36.549	          linker	[Debug]	             dji_linker.c:171  deinit linker success, protocol:2, channelId:1
01-05 20:33:36.549	          linker	[Debug]	            dji_command.c:170  config list channel id:2
01-05 20:33:36.549	          linker	[Debug]	             dji_linker.c:129  init linker success, protocol:2, channelId:3
01-05 20:33:36.549	          linker	[Debug]	            dji_command.c:179  add linker node count:1
01-05 20:33:36.549	          linker	[Debug]	        dji_protocol_v1.c:189  <0xc450>V1-Send: 0x0503->0x0801 0x0088
01-05 20:33:36.549	          linker	[Debug]	            dji_command.c:556  Max wait ack item count is 32.
01-05 20:33:36.550	          linker	[Debug]	        dji_protocol_v1.c:309  <0xc450>V1-Recv: 0x0801->0x0503 0x0088
01-05 20:33:36.551	          linker	[Debug]	            dji_command.c:1128  <0xc450>Receive msg from linker, 0x0801(0x0028)->0x0503(0x0065) 0x0088 len:399
01-05 20:33:36.551	          linker	[Debug]	            dji_command.c:1076 PsdkCommand_SendSyncCallback success
01-05 20:33:36.551	          linker	[Debug]	            dji_command.c:890  callback function (cmdset: 0x00 cmdid: 0x88) deal time: 0 ms
01-05 20:33:36.551	          linker	[Debug]	            dji_command.c:612  sendSync callback success
01-05 20:33:36.551	          linker	[Debug]	            dji_command.c:620  The ack data length is not equal with expect length, actual:399 exp:71. Probably because ack struct definition has changed. Please check command ack struct definition if changed.
01-05 20:33:36.551	          linker	[Debug]	             dji_linker.c:171  deinit linker success, protocol:2, channelId:3
01-05 20:33:36.551	          linker	[Debug]	            dji_command.c:301  config list channel id:3
01-05 20:33:36.551	          linker	[Debug]	             dji_linker.c:129  init linker success, protocol:3, channelId:1
01-05 20:33:36.551	          linker	[Debug]	            dji_command.c:310  add linker node count:1
01-05 20:33:36.551	          linker	[Debug]	            dji_command.c:301  config list channel id:2
01-05 20:33:36.551	          linker	[Debug]	             dji_linker.c:129  init linker success, protocol:2, channelId:3
01-05 20:33:36.551	          linker	[Debug]	            dji_command.c:310  add linker node count:2
01-05 20:33:36.551	          linker	[Debug]	            dji_command.c:733  Reg command handle list success, index:0
01-05 20:33:36.551	          linker	[Debug]	            dji_command.c:733  Reg command handle list success, index:1
01-05 20:33:36.551	           infor	[Debug]	      dji_aircraft_info.c:297  Device mounting on pos 3
01-05 20:33:36.551	          linker	[Debug]	            dji_command.c:733  Reg command handle list success, index:2
01-05 20:33:36.551	            core	[Info]	               dji_core.c:207  Identify AircraftType = Matrice 400, MountPosition = Payload Port NO3, SdkAdapterType = None
01-05 20:33:36.552	          linker	[Debug]	            dji_command.c:733  Reg command handle list success, index:3
01-05 20:33:36.552	          linker	[Debug]	            dji_command.c:733  Reg command handle list success, index:4
01-05 20:33:36.552	           infor	[Debug]	    dji_identity_verify.c:543  the auth center is djisys@1
01-05 20:33:36.552	          linker	[Debug]	        dji_protocol_v3.c:266  <0xc451>V3-Send: 03:003F:001E:0x0503 -> 00:003F:001E:0x0801 0x3C40, tLen 33 dLen 12
01-05 20:33:36.552	            core	[Info]	    dji_identity_verify.c:646  Updating dji sdk policy file...
01-05 20:33:36.552	          linker	[Debug]	        dji_protocol_v3.c:387  <0x450b>V3-Recv: 01:003F:001E:0x0400 -> 03:003F:001E:0x0503 0x0405, tLen 70 dLen 49
01-05 20:33:36.552	          linker	[Debug]	        dji_protocol_v3.c:506  1:0x0400 convert to 0004(0x0400)
01-05 20:33:36.552	          linker	[Debug]	        dji_protocol_v3.c:506  3:0x0503 convert to 0065(0x0503)
01-05 20:33:36.552	          linker	[Debug]	        dji_protocol_v1.c:189  <0xc452>V1-Send: 0x0503->0x1D02 0x00F0
01-05 20:33:36.552	          linker	[Debug]	            dji_command.c:1128  <0x450b>Receive msg from linker, 0x0400(0x0004)->0x0503(0x0065) 0x0405 len:49
01-05 20:33:36.552	          linker	[Debug]	            dji_command.c:980  received unsupport request cmd that noneed ack, <0x450b> cmdset: 0x04 cmdid: 0x05
01-05 20:33:36.552	          linker	[Debug]	        dji_protocol_v3.c:266  <0xc453>V3-Send: 03:003F:001E:0x0503 -> 00:003F:001E:0x0801 0x0000, tLen 21 dLen 0
01-05 20:33:36.552	           infor	[Debug]	dji_aircraft_connection.c:170  check connect status:1
01-05 20:33:36.563	          linker	[Debug]	        dji_protocol_v1.c:189  <0xc454>V1-Send: 0x0503->0x1D02 0x00F0
01-05 20:33:36.567	          linker	[Debug]	        dji_protocol_v3.c:387  <0xc451>V3-Recv: 00:003F:001E:0x0801 -> 03:003F:001E:0x0503 0x3C40, tLen 22 dLen 1
01-05 20:33:36.567	          linker	[Debug]	        dji_protocol_v3.c:506  0:0x0801 convert to 0028(0x0801)
01-05 20:33:36.567	          linker	[Debug]	        dji_protocol_v3.c:506  3:0x0503 convert to 0065(0x0503)
01-05 20:33:36.567	          linker	[Debug]	        dji_protocol_v3.c:387  <0xc453>V3-Recv: 00:003F:001E:0x0801 -> 03:003F:001E:0x0503 0x0000, tLen 22 dLen 1
01-05 20:33:36.567	          linker	[Debug]	        dji_protocol_v3.c:506  0:0x0801 convert to 0028(0x0801)
01-05 20:33:36.568	          linker	[Debug]	        dji_protocol_v3.c:506  3:0x0503 convert to 0065(0x0503)
01-05 20:33:36.568	          linker	[Debug]	        dji_protocol_v3.c:387  <0x2954>V3-Recv: 00:003F:001E:0x0801 -> 03:003F:001E:0x0503 0x3C40, tLen 33 dLen 12
01-05 20:33:36.568	          linker	[Debug]	        dji_protocol_v3.c:506  0:0x0801 convert to 0028(0x0801)
01-05 20:33:36.568	          linker	[Debug]	        dji_protocol_v3.c:506  3:0x0503 convert to 0065(0x0503)
01-05 20:33:36.568	          linker	[Debug]	        dji_protocol_v3.c:387  <0x50be>V3-Recv: 00:003F:001E:0x1204 -> 03:003F:001E:0x0503 0x4900, tLen 23 dLen 2
01-05 20:33:36.568	          linker	[Debug]	        dji_protocol_v3.c:506  0:0x1204 convert to 0092(0x1204)
01-05 20:33:36.568	          linker	[Debug]	        dji_protocol_v3.c:506  3:0x0503 convert to 0065(0x0503)
01-05 20:33:36.568	          linker	[Debug]	            dji_command.c:1128  <0xc451>Receive msg from linker, 0x0801(0x0028)->0x0503(0x0065) 0x3C40 len:1
01-05 20:33:36.568	            auth	[Debug]	    dji_identity_verify.c:601  request update policy file success
01-05 20:33:36.568	          linker	[Debug]	            dji_command.c:890  callback function (cmdset: 0x3C cmdid: 0x40) deal time: 0 ms
01-05 20:33:36.569	          linker	[Debug]	            dji_command.c:1128  <0xc453>Receive msg from linker, 0x0801(0x0028)->0x0503(0x0065) 0x0000 len:1
01-05 20:33:36.569	           infor	[Debug]	dji_aircraft_connection.c:303  connect status async sucess
01-05 20:33:36.569	          linker	[Debug]	            dji_command.c:890  callback function (cmdset: 0x00 cmdid: 0x00) deal time: 0 ms
01-05 20:33:36.570	          linker	[Debug]	            dji_command.c:1128  <0x2954>Receive msg from linker, 0x0801(0x0028)->0x0503(0x0065) 0x3C40 len:12
01-05 20:33:36.570	            auth	[Debug]	    dji_identity_verify.c:426  request upload policy file type:0
01-05 20:33:36.570	            auth	[Debug]	    dji_identity_verify.c:439  upload policy file info md5 checksum and version
01-05 20:33:36.570	          linker	[Debug]	        dji_protocol_v3.c:266  <0x2954>V3-Send: 03:003F:001E:0x0503 -> 00:003F:001E:0x0801 0x3C40, tLen 44 dLen 23
01-05 20:33:36.571	          linker	[Debug]	            dji_command.c:1128  <0x50be>Receive msg from linker, 0x1204(0x0092)->0x0503(0x0065) 0x4900 len:2
01-05 20:33:36.571	          linker	[Debug]	        dji_protocol_v3.c:266  <0x50be>V3-Send: 03:003F:001E:0x0503 -> 00:003F:001E:0x1204 0x4900, tLen 23 dLen 2
01-05 20:33:36.574	          linker	[Debug]	        dji_protocol_v1.c:189  <0xc455>V1-Send: 0x0503->0x1D02 0x00F0
01-05 20:33:36.579	          linker	[Debug]	        dji_protocol_v3.c:387  <0x2955>V3-Recv: 00:003F:001E:0x0801 -> 03:003F:001E:0x0503 0x3C40, tLen 33 dLen 12
01-05 20:33:36.579	          linker	[Debug]	        dji_protocol_v3.c:506  0:0x0801 convert to 0028(0x0801)
01-05 20:33:36.579	          linker	[Debug]	        dji_protocol_v3.c:506  3:0x0503 convert to 0065(0x0503)
01-05 20:33:36.579	          linker	[Debug]	        dji_protocol_v3.c:387  <0x4565>V3-Recv: 01:003F:001E:0x0400 -> 03:003F:001E:0x0503 0x0405, tLen 70 dLen 49
01-05 20:33:36.579	          linker	[Debug]	        dji_protocol_v3.c:506  1:0x0400 convert to 0004(0x0400)
01-05 20:33:36.579	          linker	[Debug]	        dji_protocol_v3.c:506  3:0x0503 convert to 0065(0x0503)
01-05 20:33:36.579	          linker	[Debug]	        dji_protocol_v3.c:387  <0x50c2>V3-Recv: 00:003F:001E:0x1204 -> 03:003F:001E:0x0503 0x22AD, tLen 68 dLen 47
01-05 20:33:36.579	          linker	[Debug]	        dji_protocol_v3.c:506  0:0x1204 convert to 0092(0x1204)
01-05 20:33:36.579	          linker	[Debug]	        dji_protocol_v3.c:506  3:0x0503 convert to 0065(0x0503)
01-05 20:33:36.580	          linker	[Debug]	            dji_command.c:1128  <0x2955>Receive msg from linker, 0x0801(0x0028)->0x0503(0x0065) 0x3C40 len:12
01-05 20:33:36.580	            auth	[Debug]	    dji_identity_verify.c:426  request upload policy file type:1
01-05 20:33:36.580	            auth	[Debug]	    dji_identity_verify.c:458  request upload policy file data: 0 0 200
01-05 20:33:36.580	          linker	[Debug]	        dji_protocol_v3.c:266  <0x2955>V3-Send: 03:003F:001E:0x0503 -> 00:003F:001E:0x0801 0x3C40, tLen 224 dLen 203
01-05 20:33:36.581	          linker	[Debug]	            dji_command.c:1128  <0x4565>Receive msg from linker, 0x0400(0x0004)->0x0503(0x0065) 0x0405 len:49
01-05 20:33:36.581	          linker	[Debug]	            dji_command.c:980  received unsupport request cmd that noneed ack, <0x4565> cmdset: 0x04 cmdid: 0x05
01-05 20:33:36.582	          linker	[Debug]	            dji_command.c:1128  <0x50c2>Receive msg from linker, 0x1204(0x0092)->0x0503(0x0065) 0x22AD len:47
01-05 20:33:36.582	          linker	[Debug]	            dji_command.c:980  received unsupport request cmd that need ack, <0x50c2> cmdset: 0x22 cmdid: 0xAD
01-05 20:33:36.585	          linker	[Debug]	        dji_protocol_v1.c:189  <0xc456>V1-Send: 0x0503->0x1D02 0x00F0
01-05 20:33:36.592	          linker	[Debug]	        dji_protocol_v3.c:387  <0x2956>V3-Recv: 00:003F:001E:0x0801 -> 03:003F:001E:0x0503 0x3C40, tLen 33 dLen 12
01-05 20:33:36.592	          linker	[Debug]	        dji_protocol_v3.c:506  0:0x0801 convert to 0028(0x0801)
01-05 20:33:36.592	          linker	[Debug]	        dji_protocol_v3.c:506  3:0x0503 convert to 0065(0x0503)
01-05 20:33:36.592	          linker	[Debug]	        dji_protocol_v3.c:387  <0x45bf>V3-Recv: 01:003F:001E:0x0400 -> 03:003F:001E:0x0503 0x0405, tLen 70 dLen 49
01-05 20:33:36.592	          linker	[Debug]	        dji_protocol_v3.c:506  1:0x0400 convert to 0004(0x0400)
01-05 20:33:36.592	          linker	[Debug]	        dji_protocol_v3.c:506  3:0x0503 convert to 0065(0x0503)
01-05 20:33:36.592	          linker	[Debug]	            dji_command.c:1128  <0x2956>Receive msg from linker, 0x0801(0x0028)->0x0503(0x0065) 0x3C40 len:12
01-05 20:33:36.592	            auth	[Debug]	    dji_identity_verify.c:426  request upload policy file type:1
01-05 20:33:36.592	            auth	[Debug]	    dji_identity_verify.c:458  request upload policy file data: 1 200 200
01-05 20:33:36.592	          linker	[Debug]	        dji_protocol_v3.c:266  <0x2956>V3-Send: 03:003F:001E:0x0503 -> 00:003F:001E:0x0801 0x3C40, tLen 224 dLen 203
01-05 20:33:36.593	          linker	[Debug]	            dji_command.c:1128  <0x45bf>Receive msg from linker, 0x0400(0x0004)->0x0503(0x0065) 0x0405 len:49
01-05 20:33:36.593	          linker	[Debug]	            dji_command.c:980  received unsupport request cmd that noneed ack, <0x45bf> cmdset: 0x04 cmdid: 0x05
01-05 20:33:36.595	          linker	[Debug]	        dji_protocol_v1.c:189  <0xc457>V1-Send: 0x0503->0x1D02 0x00F0
01-05 20:33:36.606	          linker	[Debug]	        dji_protocol_v1.c:189  <0xc458>V1-Send: 0x0503->0x1D02 0x00F0
01-05 20:33:36.606	          linker	[Debug]	        dji_protocol_v3.c:387  <0x2957>V3-Recv: 00:003F:001E:0x0801 -> 03:003F:001E:0x0503 0x3C40, tLen 33 dLen 12
01-05 20:33:36.606	          linker	[Debug]	        dji_protocol_v3.c:506  0:0x0801 convert to 0028(0x0801)
01-05 20:33:36.606	          linker	[Debug]	        dji_protocol_v3.c:506  3:0x0503 convert to 0065(0x0503)
01-05 20:33:36.607	          linker	[Debug]	            dji_command.c:1128  <0x2957>Receive msg from linker, 0x0801(0x0028)->0x0503(0x0065) 0x3C40 len:12
01-05 20:33:36.607	            auth	[Debug]	    dji_identity_verify.c:426  request upload policy file type:1
01-05 20:33:36.607	            auth	[Debug]	    dji_identity_verify.c:458  request upload policy file data: 2 400 130
01-05 20:33:36.607	          linker	[Debug]	        dji_protocol_v3.c:266  <0x2957>V3-Send: 03:003F:001E:0x0503 -> 00:003F:001E:0x0801 0x3C40, tLen 154 dLen 133
01-05 20:33:36.617	          linker	[Debug]	        dji_protocol_v3.c:387  <0x2958>V3-Recv: 00:003F:001E:0x0801 -> 03:003F:001E:0x0503 0x3C40, tLen 33 dLen 12
01-05 20:33:36.617	          linker	[Debug]	        dji_protocol_v3.c:506  0:0x0801 convert to 0028(0x0801)
01-05 20:33:36.617	          linker	[Debug]	        dji_protocol_v3.c:506  3:0x0503 convert to 0065(0x0503)
01-05 20:33:36.617	          linker	[Debug]	        dji_protocol_v3.c:387  <0x4619>V3-Recv: 01:003F:001E:0x0400 -> 03:003F:001E:0x0503 0x0405, tLen 70 dLen 49
01-05 20:33:36.617	          linker	[Debug]	        dji_protocol_v3.c:506  1:0x0400 convert to 0004(0x0400)
01-05 20:33:36.617	          linker	[Debug]	        dji_protocol_v3.c:506  3:0x0503 convert to 0065(0x0503)
01-05 20:33:36.617	          linker	[Debug]	        dji_protocol_v1.c:189  <0xc459>V1-Send: 0x0503->0x1D02 0x00F0
01-05 20:33:36.617	          linker	[Debug]	            dji_command.c:1128  <0x2958>Receive msg from linker, 0x0801(0x0028)->0x0503(0x0065) 0x3C40 len:12
01-05 20:33:36.617	            auth	[Debug]	    dji_identity_verify.c:426  request upload policy file type:2
01-05 20:33:36.617	            auth	[Debug]	    dji_identity_verify.c:480  request upload policy file success
01-05 20:33:36.617	          linker	[Debug]	        dji_protocol_v3.c:266  <0x2958>V3-Send: 03:003F:001E:0x0503 -> 00:003F:001E:0x0801 0x3C40, tLen 25 dLen 4
01-05 20:33:36.618	          linker	[Debug]	            dji_command.c:1128  <0x4619>Receive msg from linker, 0x0400(0x0004)->0x0503(0x0065) 0x0405 len:49
01-05 20:33:36.618	          linker	[Debug]	            dji_command.c:980  received unsupport request cmd that noneed ack, <0x4619> cmdset: 0x04 cmdid: 0x05
01-05 20:33:36.628	          linker	[Debug]	        dji_protocol_v1.c:189  <0xc45a>V1-Send: 0x0503->0x1D02 0x00F0
01-05 20:33:36.632	          linker	[Debug]	        dji_protocol_v3.c:387  <0x4677>V3-Recv: 01:003F:001E:0x0400 -> 03:003F:001E:0x0503 0x0405, tLen 70 dLen 49
01-05 20:33:36.632	          linker	[Debug]	        dji_protocol_v3.c:506  1:0x0400 convert to 0004(0x0400)
01-05 20:33:36.632	          linker	[Debug]	        dji_protocol_v3.c:506  3:0x0503 convert to 0065(0x0503)
01-05 20:33:36.632	          linker	[Debug]	            dji_command.c:1128  <0x4677>Receive msg from linker, 0x0400(0x0004)->0x0503(0x0065) 0x0405 len:49
01-05 20:33:36.632	          linker	[Debug]	            dji_command.c:980  received unsupport request cmd that noneed ack, <0x4677> cmdset: 0x04 cmdid: 0x05
01-05 20:33:36.639	          linker	[Debug]	        dji_protocol_v1.c:189  <0xc45b>V1-Send: 0x0503->0x1D02 0x00F0
01-05 20:33:36.650	          linker	[Debug]	        dji_protocol_v1.c:189  <0xc45c>V1-Send: 0x0503->0x1D02 0x00F0
01-05 20:33:36.650	          linker	[Debug]	        dji_protocol_v3.c:387  <0x4eec>V3-Recv: 00:003F:001E:0x0300 -> 03:003F:001E:0x0503 0x3C57, tLen 37 dLen 16
01-05 20:33:36.650	          linker	[Debug]	        dji_protocol_v3.c:506  0:0x0300 convert to 0003(0x0300)
01-05 20:33:36.650	          linker	[Debug]	        dji_protocol_v3.c:506  3:0x0503 convert to 0065(0x0503)
01-05 20:33:36.651	          linker	[Debug]	            dji_command.c:1128  <0x4eec>Receive msg from linker, 0x0300(0x0003)->0x0503(0x0065) 0x3C57 len:16
01-05 20:33:36.651	          linker	[Debug]	            dji_command.c:980  received unsupport request cmd that noneed ack, <0x4eec> cmdset: 0x3C cmdid: 0x57
01-05 20:33:36.669	          linker	[Debug]	        dji_protocol_v3.c:387  <0x46d4>V3-Recv: 01:003F:001E:0x0400 -> 03:003F:001E:0x0503 0x0405, tLen 70 dLen 49
01-05 20:33:36.669	          linker	[Debug]	        dji_protocol_v3.c:506  1:0x0400 convert to 0004(0x0400)
01-05 20:33:36.669	          linker	[Debug]	        dji_protocol_v3.c:506  3:0x0503 convert to 0065(0x0503)
01-05 20:33:36.669	          linker	[Debug]	        dji_protocol_v3.c:387  <0x50ce>V3-Recv: 00:003F:001E:0x1204 -> 03:003F:001E:0x0503 0x4900, tLen 23 dLen 2
01-05 20:33:36.669	          linker	[Debug]	        dji_protocol_v3.c:506  0:0x1204 convert to 0092(0x1204)
01-05 20:33:36.669	          linker	[Debug]	        dji_protocol_v3.c:506  3:0x0503 convert to 0065(0x0503)
01-05 20:33:36.669	          linker	[Debug]	            dji_command.c:1128  <0x46d4>Receive msg from linker, 0x0400(0x0004)->0x0503(0x0065) 0x0405 len:49
01-05 20:33:36.669	          linker	[Debug]	            dji_command.c:980  received unsupport request cmd that noneed ack, <0x46d4> cmdset: 0x04 cmdid: 0x05
01-05 20:33:36.670	          linker	[Debug]	            dji_command.c:1128  <0x50ce>Receive msg from linker, 0x1204(0x0092)->0x0503(0x0065) 0x4900 len:2
01-05 20:33:36.671	          linker	[Debug]	        dji_protocol_v3.c:266  <0x50ce>V3-Send: 03:003F:001E:0x0503 -> 00:003F:001E:0x1204 0x4900, tLen 23 dLen 2
01-05 20:33:36.680	          linker	[Debug]	        dji_protocol_v3.c:387  <0x472e>V3-Recv: 01:003F:001E:0x0400 -> 03:003F:001E:0x0503 0x0405, tLen 70 dLen 49
01-05 20:33:36.680	          linker	[Debug]	        dji_protocol_v3.c:506  1:0x0400 convert to 0004(0x0400)
01-05 20:33:36.680	          linker	[Debug]	        dji_protocol_v3.c:506  3:0x0503 convert to 0065(0x0503)
01-05 20:33:36.680	          linker	[Debug]	        dji_protocol_v3.c:387  <0x50d2>V3-Recv: 00:003F:001E:0x1204 -> 03:003F:001E:0x0503 0x22AD, tLen 68 dLen 47
01-05 20:33:36.680	          linker	[Debug]	        dji_protocol_v3.c:506  0:0x1204 convert to 0092(0x1204)
01-05 20:33:36.680	          linker	[Debug]	        dji_protocol_v3.c:506  3:0x0503 convert to 0065(0x0503)
01-05 20:33:36.680	          linker	[Debug]	            dji_command.c:1128  <0x472e>Receive msg from linker, 0x0400(0x0004)->0x0503(0x0065) 0x0405 len:49
01-05 20:33:36.680	          linker	[Debug]	            dji_command.c:980  received unsupport request cmd that noneed ack, <0x472e> cmdset: 0x04 cmdid: 0x05
01-05 20:33:36.681	          linker	[Debug]	            dji_command.c:1128  <0x50d2>Receive msg from linker, 0x1204(0x0092)->0x0503(0x0065) 0x22AD len:47
01-05 20:33:36.681	          linker	[Debug]	            dji_command.c:980  received unsupport request cmd that need ack, <0x50d2> cmdset: 0x22 cmdid: 0xAD
01-05 20:33:36.692	          linker	[Debug]	        dji_protocol_v3.c:387  <0x4788>V3-Recv: 01:003F:001E:0x0400 -> 03:003F:001E:0x0503 0x0405, tLen 70 dLen 49
01-05 20:33:36.692	          linker	[Debug]	        dji_protocol_v3.c:506  1:0x0400 convert to 0004(0x0400)
01-05 20:33:36.692	          linker	[Debug]	        dji_protocol_v3.c:506  3:0x0503 convert to 0065(0x0503)
01-05 20:33:36.692	          linker	[Debug]	            dji_command.c:1128  <0x4788>Receive msg from linker, 0x0400(0x0004)->0x0503(0x0065) 0x0405 len:49
01-05 20:33:36.692	          linker	[Debug]	            dji_command.c:980  received unsupport request cmd that noneed ack, <0x4788> cmdset: 0x04 cmdid: 0x05
01-05 20:33:36.712	          linker	[Debug]	        dji_protocol_v3.c:387  <0x47e2>V3-Recv: 01:003F:001E:0x0400 -> 03:003F:001E:0x0503 0x0405, tLen 70 dLen 49
01-05 20:33:36.712	          linker	[Debug]	        dji_protocol_v3.c:506  1:0x0400 convert to 0004(0x0400)
01-05 20:33:36.712	          linker	[Debug]	        dji_protocol_v3.c:506  3:0x0503 convert to 0065(0x0503)
01-05 20:33:36.713	          linker	[Debug]	            dji_command.c:1128  <0x47e2>Receive msg from linker, 0x0400(0x0004)->0x0503(0x0065) 0x0405 len:49
01-05 20:33:36.713	          linker	[Debug]	            dji_command.c:980  received unsupport request cmd that noneed ack, <0x47e2> cmdset: 0x04 cmdid: 0x05
01-05 20:33:36.732	          linker	[Debug]	        dji_protocol_v3.c:387  <0x483e>V3-Recv: 01:003F:001E:0x0400 -> 03:003F:001E:0x0503 0x0405, tLen 70 dLen 49
01-05 20:33:36.732	          linker	[Debug]	        dji_protocol_v3.c:506  1:0x0400 convert to 0004(0x0400)
01-05 20:33:36.732	          linker	[Debug]	        dji_protocol_v3.c:506  3:0x0503 convert to 0065(0x0503)
01-05 20:33:36.732	          linker	[Debug]	            dji_command.c:1128  <0x483e>Receive msg from linker, 0x0400(0x0004)->0x0503(0x0065) 0x0405 len:49
01-05 20:33:36.732	          linker	[Debug]	            dji_command.c:980  received unsupport request cmd that noneed ack, <0x483e> cmdset: 0x04 cmdid: 0x05
01-05 20:33:36.752	          linker	[Debug]	        dji_protocol_v3.c:387  <0x489b>V3-Recv: 01:003F:001E:0x0400 -> 03:003F:001E:0x0503 0x0405, tLen 70 dLen 49
01-05 20:33:36.752	          linker	[Debug]	        dji_protocol_v3.c:506  1:0x0400 convert to 0004(0x0400)
01-05 20:33:36.752	          linker	[Debug]	        dji_protocol_v3.c:506  3:0x0503 convert to 0065(0x0503)
01-05 20:33:36.752	          linker	[Debug]	            dji_command.c:1128  <0x489b>Receive msg from linker, 0x0400(0x0004)->0x0503(0x0065) 0x0405 len:49
01-05 20:33:36.753	          linker	[Debug]	            dji_command.c:980  received unsupport request cmd that noneed ack, <0x489b> cmdset: 0x04 cmdid: 0x05
01-05 20:33:36.767	          linker	[Debug]	        dji_protocol_v3.c:387  <0x50de>V3-Recv: 00:003F:001E:0x1204 -> 03:003F:001E:0x0503 0x4900, tLen 23 dLen 2
01-05 20:33:36.767	          linker	[Debug]	        dji_protocol_v3.c:506  0:0x1204 convert to 0092(0x1204)
01-05 20:33:36.767	          linker	[Debug]	        dji_protocol_v3.c:506  3:0x0503 convert to 0065(0x0503)
01-05 20:33:36.767	          linker	[Debug]	            dji_command.c:1128  <0x50de>Receive msg from linker, 0x1204(0x0092)->0x0503(0x0065) 0x4900 len:2
01-05 20:33:36.767	          linker	[Debug]	        dji_protocol_v3.c:266  <0x50de>V3-Send: 03:003F:001E:0x0503 -> 00:003F:001E:0x1204 0x4900, tLen 23 dLen 2
01-05 20:33:36.779	          linker	[Debug]	        dji_protocol_v3.c:387  <0x48f5>V3-Recv: 01:003F:001E:0x0400 -> 03:003F:001E:0x0503 0x0405, tLen 70 dLen 49
01-05 20:33:36.780	          linker	[Debug]	        dji_protocol_v3.c:506  1:0x0400 convert to 0004(0x0400)
01-05 20:33:36.780	          linker	[Debug]	        dji_protocol_v3.c:506  3:0x0503 convert to 0065(0x0503)
01-05 20:33:36.780	          linker	[Debug]	        dji_protocol_v3.c:387  <0x50e2>V3-Recv: 00:003F:001E:0x1204 -> 03:003F:001E:0x0503 0x22AD, tLen 68 dLen 47
01-05 20:33:36.780	          linker	[Debug]	        dji_protocol_v3.c:506  0:0x1204 convert to 0092(0x1204)
01-05 20:33:36.780	          linker	[Debug]	        dji_protocol_v3.c:506  3:0x0503 convert to 0065(0x0503)
01-05 20:33:36.780	          linker	[Debug]	            dji_command.c:1128  <0x48f5>Receive msg from linker, 0x0400(0x0004)->0x0503(0x0065) 0x0405 len:49
01-05 20:33:36.780	          linker	[Debug]	            dji_command.c:980  received unsupport request cmd that noneed ack, <0x48f5> cmdset: 0x04 cmdid: 0x05
01-05 20:33:36.781	          linker	[Debug]	            dji_command.c:1128  <0x50e2>Receive msg from linker, 0x1204(0x0092)->0x0503(0x0065) 0x22AD len:47
01-05 20:33:36.781	          linker	[Debug]	            dji_command.c:980  received unsupport request cmd that need ack, <0x50e2> cmdset: 0x22 cmdid: 0xAD
01-05 20:33:36.792	          linker	[Debug]	        dji_protocol_v3.c:387  <0x494f>V3-Recv: 01:003F:001E:0x0400 -> 03:003F:001E:0x0503 0x0405, tLen 70 dLen 49
01-05 20:33:36.792	          linker	[Debug]	        dji_protocol_v3.c:506  1:0x0400 convert to 0004(0x0400)
01-05 20:33:36.792	          linker	[Debug]	        dji_protocol_v3.c:506  3:0x0503 convert to 0065(0x0503)
01-05 20:33:36.792	          linker	[Debug]	            dji_command.c:1128  <0x494f>Receive msg from linker, 0x0400(0x0004)->0x0503(0x0065) 0x0405 len:49
01-05 20:33:36.792	          linker	[Debug]	            dji_command.c:980  received unsupport request cmd that noneed ack, <0x494f> cmdset: 0x04 cmdid: 0x05
01-05 20:33:36.802	          linker	[Debug]	        dji_protocol_v1.c:309  <0x2035>V1-Recv: 0x0A06->0x0503 0x0866
01-05 20:33:36.802	          linker	[Debug]	            dji_command.c:1128  <0x2035>Receive msg from linker, 0x0A06(0x00CA)->0x0503(0x0065) 0x0866 len:96
01-05 20:33:36.802	          linker	[Debug]	            dji_command.c:980  received unsupport request cmd that noneed ack, <0x2035> cmdset: 0x08 cmdid: 0x66
01-05 20:33:36.812	          linker	[Debug]	        dji_protocol_v3.c:387  <0x49a9>V3-Recv: 01:003F:001E:0x0400 -> 03:003F:001E:0x0503 0x0405, tLen 70 dLen 49
01-05 20:33:36.812	          linker	[Debug]	        dji_protocol_v3.c:506  1:0x0400 convert to 0004(0x0400)
01-05 20:33:36.812	          linker	[Debug]	        dji_protocol_v3.c:506  3:0x0503 convert to 0065(0x0503)
01-05 20:33:36.813	          linker	[Debug]	            dji_command.c:1128  <0x49a9>Receive msg from linker, 0x0400(0x0004)->0x0503(0x0065) 0x0405 len:49
01-05 20:33:36.813	          linker	[Debug]	            dji_command.c:980  received unsupport request cmd that noneed ack, <0x49a9> cmdset: 0x04 cmdid: 0x05
01-05 20:33:36.832	          linker	[Debug]	        dji_protocol_v3.c:387  <0x4a05>V3-Recv: 01:003F:001E:0x0400 -> 03:003F:001E:0x0503 0x0405, tLen 70 dLen 49
01-05 20:33:36.832	          linker	[Debug]	        dji_protocol_v3.c:506  1:0x0400 convert to 0004(0x0400)
01-05 20:33:36.832	          linker	[Debug]	        dji_protocol_v3.c:506  3:0x0503 convert to 0065(0x0503)
01-05 20:33:36.833	          linker	[Debug]	            dji_command.c:1128  <0x4a05>Receive msg from linker, 0x0400(0x0004)->0x0503(0x0065) 0x0405 len:49
01-05 20:33:36.833	          linker	[Debug]	            dji_command.c:980  received unsupport request cmd that noneed ack, <0x4a05> cmdset: 0x04 cmdid: 0x05
01-05 20:33:36.850	          linker	[Debug]	        dji_protocol_v3.c:387  <0x505e>V3-Recv: 00:003F:001E:0x0300 -> 03:003F:001E:0x0503 0x3C57, tLen 37 dLen 16
01-05 20:33:36.850	          linker	[Debug]	        dji_protocol_v3.c:506  0:0x0300 convert to 0003(0x0300)
01-05 20:33:36.850	          linker	[Debug]	        dji_protocol_v3.c:506  3:0x0503 convert to 0065(0x0503)
01-05 20:33:36.851	          linker	[Debug]	            dji_command.c:1128  <0x505e>Receive msg from linker, 0x0300(0x0003)->0x0503(0x0065) 0x3C57 len:16
01-05 20:33:36.851	          linker	[Debug]	            dji_command.c:980  received unsupport request cmd that noneed ack, <0x505e> cmdset: 0x3C cmdid: 0x57
01-05 20:33:36.869	          linker	[Debug]	        dji_protocol_v3.c:387  <0x4a61>V3-Recv: 01:003F:001E:0x0400 -> 03:003F:001E:0x0503 0x0405, tLen 70 dLen 49
01-05 20:33:36.869	          linker	[Debug]	        dji_protocol_v3.c:506  1:0x0400 convert to 0004(0x0400)
01-05 20:33:36.869	          linker	[Debug]	        dji_protocol_v3.c:506  3:0x0503 convert to 0065(0x0503)
01-05 20:33:36.869	          linker	[Debug]	        dji_protocol_v3.c:387  <0x50ee>V3-Recv: 00:003F:001E:0x1204 -> 03:003F:001E:0x0503 0x4900, tLen 23 dLen 2
01-05 20:33:36.869	          linker	[Debug]	        dji_protocol_v3.c:506  0:0x1204 convert to 0092(0x1204)
01-05 20:33:36.869	          linker	[Debug]	        dji_protocol_v3.c:506  3:0x0503 convert to 0065(0x0503)
01-05 20:33:36.870	          linker	[Debug]	            dji_command.c:1128  <0x4a61>Receive msg from linker, 0x0400(0x0004)->0x0503(0x0065) 0x0405 len:49
01-05 20:33:36.870	          linker	[Debug]	            dji_command.c:980  received unsupport request cmd that noneed ack, <0x4a61> cmdset: 0x04 cmdid: 0x05
01-05 20:33:36.871	          linker	[Debug]	            dji_command.c:1128  <0x50ee>Receive msg from linker, 0x1204(0x0092)->0x0503(0x0065) 0x4900 len:2
01-05 20:33:36.871	          linker	[Debug]	        dji_protocol_v3.c:266  <0x50ee>V3-Send: 03:003F:001E:0x0503 -> 00:003F:001E:0x1204 0x4900, tLen 23 dLen 2
01-05 20:33:36.880	          linker	[Debug]	        dji_protocol_v3.c:387  <0x4abb>V3-Recv: 01:003F:001E:0x0400 -> 03:003F:001E:0x0503 0x0405, tLen 70 dLen 49
01-05 20:33:36.880	          linker	[Debug]	        dji_protocol_v3.c:506  1:0x0400 convert to 0004(0x0400)
01-05 20:33:36.880	          linker	[Debug]	        dji_protocol_v3.c:506  3:0x0503 convert to 0065(0x0503)
01-05 20:33:36.880	          linker	[Debug]	        dji_protocol_v3.c:387  <0x50f2>V3-Recv: 00:003F:001E:0x1204 -> 03:003F:001E:0x0503 0x22AD, tLen 68 dLen 47
01-05 20:33:36.880	          linker	[Debug]	        dji_protocol_v3.c:506  0:0x1204 convert to 0092(0x1204)
01-05 20:33:36.880	          linker	[Debug]	        dji_protocol_v3.c:506  3:0x0503 convert to 0065(0x0503)
01-05 20:33:36.880	          linker	[Debug]	            dji_command.c:1128  <0x4abb>Receive msg from linker, 0x0400(0x0004)->0x0503(0x0065) 0x0405 len:49
01-05 20:33:36.880	          linker	[Debug]	            dji_command.c:980  received unsupport request cmd that noneed ack, <0x4abb> cmdset: 0x04 cmdid: 0x05
01-05 20:33:36.881	          linker	[Debug]	            dji_command.c:1128  <0x50f2>Receive msg from linker, 0x1204(0x0092)->0x0503(0x0065) 0x22AD len:47
01-05 20:33:36.881	          linker	[Debug]	            dji_command.c:980  received unsupport request cmd that need ack, <0x50f2> cmdset: 0x22 cmdid: 0xAD
01-05 20:33:36.892	          linker	[Debug]	        dji_protocol_v3.c:387  <0x4b16>V3-Recv: 01:003F:001E:0x0400 -> 03:003F:001E:0x0503 0x0405, tLen 70 dLen 49
01-05 20:33:36.892	          linker	[Debug]	        dji_protocol_v3.c:506  1:0x0400 convert to 0004(0x0400)
01-05 20:33:36.892	          linker	[Debug]	        dji_protocol_v3.c:506  3:0x0503 convert to 0065(0x0503)
01-05 20:33:36.893	          linker	[Debug]	            dji_command.c:1128  <0x4b16>Receive msg from linker, 0x0400(0x0004)->0x0503(0x0065) 0x0405 len:49
01-05 20:33:36.893	          linker	[Debug]	            dji_command.c:980  received unsupport request cmd that noneed ack, <0x4b16> cmdset: 0x04 cmdid: 0x05
01-05 20:33:36.912	          linker	[Debug]	        dji_protocol_v3.c:387  <0x4b70>V3-Recv: 01:003F:001E:0x0400 -> 03:003F:001E:0x0503 0x0405, tLen 70 dLen 49
01-05 20:33:36.912	          linker	[Debug]	        dji_protocol_v3.c:506  1:0x0400 convert to 0004(0x0400)
01-05 20:33:36.912	          linker	[Debug]	        dji_protocol_v3.c:506  3:0x0503 convert to 0065(0x0503)
01-05 20:33:36.912	          linker	[Debug]	            dji_command.c:1128  <0x4b70>Receive msg from linker, 0x0400(0x0004)->0x0503(0x0065) 0x0405 len:49
01-05 20:33:36.912	          linker	[Debug]	            dji_command.c:980  received unsupport request cmd that noneed ack, <0x4b70> cmdset: 0x04 cmdid: 0x05
01-05 20:33:36.932	          linker	[Debug]	        dji_protocol_v3.c:387  <0x4bcc>V3-Recv: 01:003F:001E:0x0400 -> 03:003F:001E:0x0503 0x0405, tLen 70 dLen 49
01-05 20:33:36.932	          linker	[Debug]	        dji_protocol_v3.c:506  1:0x0400 convert to 0004(0x0400)
01-05 20:33:36.932	          linker	[Debug]	        dji_protocol_v3.c:506  3:0x0503 convert to 0065(0x0503)
01-05 20:33:36.932	          linker	[Debug]	            dji_command.c:1128  <0x4bcc>Receive msg from linker, 0x0400(0x0004)->0x0503(0x0065) 0x0405 len:49
01-05 20:33:36.932	          linker	[Debug]	            dji_command.c:980  received unsupport request cmd that noneed ack, <0x4bcc> cmdset: 0x04 cmdid: 0x05
01-05 20:33:36.952	          linker	[Debug]	        dji_protocol_v3.c:387  <0x4c28>V3-Recv: 01:003F:001E:0x0400 -> 03:003F:001E:0x0503 0x0405, tLen 70 dLen 49
01-05 20:33:36.952	          linker	[Debug]	        dji_protocol_v3.c:506  1:0x0400 convert to 0004(0x0400)
01-05 20:33:36.952	          linker	[Debug]	        dji_protocol_v3.c:506  3:0x0503 convert to 0065(0x0503)
01-05 20:33:36.953	          linker	[Debug]	            dji_command.c:1128  <0x4c28>Receive msg from linker, 0x0400(0x0004)->0x0503(0x0065) 0x0405 len:49
01-05 20:33:36.953	          linker	[Debug]	            dji_command.c:980  received unsupport request cmd that noneed ack, <0x4c28> cmdset: 0x04 cmdid: 0x05
01-05 20:33:36.968	          linker	[Debug]	        dji_protocol_v3.c:387  <0x50fe>V3-Recv: 00:003F:001E:0x1204 -> 03:003F:001E:0x0503 0x4900, tLen 23 dLen 2
01-05 20:33:36.968	          linker	[Debug]	        dji_protocol_v3.c:506  0:0x1204 convert to 0092(0x1204)
01-05 20:33:36.968	          linker	[Debug]	        dji_protocol_v3.c:506  3:0x0503 convert to 0065(0x0503)
01-05 20:33:36.969	          linker	[Debug]	            dji_command.c:1128  <0x50fe>Receive msg from linker, 0x1204(0x0092)->0x0503(0x0065) 0x4900 len:2
01-05 20:33:36.969	          linker	[Debug]	        dji_protocol_v3.c:266  <0x50fe>V3-Send: 03:003F:001E:0x0503 -> 00:003F:001E:0x1204 0x4900, tLen 23 dLen 2
01-05 20:33:36.979	          linker	[Debug]	        dji_protocol_v3.c:387  <0x4c82>V3-Recv: 01:003F:001E:0x0400 -> 03:003F:001E:0x0503 0x0405, tLen 70 dLen 49
01-05 20:33:36.979	          linker	[Debug]	        dji_protocol_v3.c:506  1:0x0400 convert to 0004(0x0400)
01-05 20:33:36.979	          linker	[Debug]	        dji_protocol_v3.c:506  3:0x0503 convert to 0065(0x0503)
01-05 20:33:36.979	          linker	[Debug]	        dji_protocol_v3.c:387  <0x5102>V3-Recv: 00:003F:001E:0x1204 -> 03:003F:001E:0x0503 0x22AD, tLen 68 dLen 47
01-05 20:33:36.979	          linker	[Debug]	        dji_protocol_v3.c:506  0:0x1204 convert to 0092(0x1204)
01-05 20:33:36.979	          linker	[Debug]	        dji_protocol_v3.c:506  3:0x0503 convert to 0065(0x0503)
01-05 20:33:36.980	          linker	[Debug]	            dji_command.c:1128  <0x4c82>Receive msg from linker, 0x0400(0x0004)->0x0503(0x0065) 0x0405 len:49
01-05 20:33:36.980	          linker	[Debug]	            dji_command.c:980  received unsupport request cmd that noneed ack, <0x4c82> cmdset: 0x04 cmdid: 0x05
01-05 20:33:36.981	          linker	[Debug]	            dji_command.c:1128  <0x5102>Receive msg from linker, 0x1204(0x0092)->0x0503(0x0065) 0x22AD len:47
01-05 20:33:36.981	          linker	[Debug]	            dji_command.c:980  received unsupport request cmd that need ack, <0x5102> cmdset: 0x22 cmdid: 0xAD
01-05 20:33:36.992	          linker	[Debug]	        dji_protocol_v3.c:387  <0x4cdc>V3-Recv: 01:003F:001E:0x0400 -> 03:003F:001E:0x0503 0x0405, tLen 70 dLen 49
01-05 20:33:36.992	          linker	[Debug]	        dji_protocol_v3.c:506  1:0x0400 convert to 0004(0x0400)
01-05 20:33:36.992	          linker	[Debug]	        dji_protocol_v3.c:506  3:0x0503 convert to 0065(0x0503)
01-05 20:33:36.992	          linker	[Debug]	            dji_command.c:1128  <0x4cdc>Receive msg from linker, 0x0400(0x0004)->0x0503(0x0065) 0x0405 len:49
01-05 20:33:36.993	          linker	[Debug]	            dji_command.c:980  received unsupport request cmd that noneed ack, <0x4cdc> cmdset: 0x04 cmdid: 0x05
01-05 20:33:37.003	          linker	[Debug]	        dji_protocol_v3.c:387  <0x2959>V3-Recv: 00:003F:001E:0x0801 -> 03:003F:001E:0x0503 0x0099, tLen 56 dLen 35
01-05 20:33:37.003	          linker	[Debug]	        dji_protocol_v3.c:506  0:0x0801 convert to 0028(0x0801)
01-05 20:33:37.003	          linker	[Debug]	        dji_protocol_v3.c:506  3:0x0503 convert to 0065(0x0503)
01-05 20:33:37.003	          linker	[Debug]	        dji_protocol_v3.c:387  <0x295a>V3-Recv: 00:003F:001E:0x0801 -> 03:003F:001E:0x0503 0x0099, tLen 70 dLen 49
01-05 20:33:37.003	          linker	[Debug]	        dji_protocol_v3.c:506  0:0x0801 convert to 0028(0x0801)
01-05 20:33:37.003	          linker	[Debug]	        dji_protocol_v3.c:506  3:0x0503 convert to 0065(0x0503)
01-05 20:33:37.003	          linker	[Debug]	            dji_command.c:1128  <0x2959>Receive msg from linker, 0x0801(0x0028)->0x0503(0x0065) 0x0099 len:35
01-05 20:33:37.003	          linker	[Debug]	            dji_command.c:980  received unsupport request cmd that noneed ack, <0x2959> cmdset: 0x00 cmdid: 0x99
01-05 20:33:37.005	          linker	[Debug]	            dji_command.c:1128  <0x295a>Receive msg from linker, 0x0801(0x0028)->0x0503(0x0065) 0x0099 len:49
01-05 20:33:37.005	          linker	[Debug]	            dji_command.c:980  received unsupport request cmd that noneed ack, <0x295a> cmdset: 0x00 cmdid: 0x99
01-05 20:33:37.021	          linker	[Debug]	        dji_protocol_v3.c:387  <0x4d36>V3-Recv: 01:003F:001E:0x0400 -> 03:003F:001E:0x0503 0x0405, tLen 70 dLen 49
01-05 20:33:37.021	          linker	[Debug]	        dji_protocol_v3.c:506  1:0x0400 convert to 0004(0x0400)
01-05 20:33:37.021	          linker	[Debug]	        dji_protocol_v3.c:506  3:0x0503 convert to 0065(0x0503)
01-05 20:33:37.022	          linker	[Debug]	            dji_command.c:1128  <0x4d36>Receive msg from linker, 0x0400(0x0004)->0x0503(0x0065) 0x0405 len:49
01-05 20:33:37.022	          linker	[Debug]	            dji_command.c:980  received unsupport request cmd that noneed ack, <0x4d36> cmdset: 0x04 cmdid: 0x05
01-05 20:33:37.032	          linker	[Debug]	        dji_protocol_v3.c:387  <0x4d92>V3-Recv: 01:003F:001E:0x0400 -> 03:003F:001E:0x0503 0x0405, tLen 70 dLen 49
01-05 20:33:37.032	          linker	[Debug]	        dji_protocol_v3.c:506  1:0x0400 convert to 0004(0x0400)
01-05 20:33:37.032	          linker	[Debug]	        dji_protocol_v3.c:506  3:0x0503 convert to 0065(0x0503)
01-05 20:33:37.033	          linker	[Debug]	            dji_command.c:1128  <0x4d92>Receive msg from linker, 0x0400(0x0004)->0x0503(0x0065) 0x0405 len:49
01-05 20:33:37.033	          linker	[Debug]	            dji_command.c:980  received unsupport request cmd that noneed ack, <0x4d92> cmdset: 0x04 cmdid: 0x05
01-05 20:33:37.050	          linker	[Debug]	        dji_protocol_v3.c:387  <0x51bf>V3-Recv: 00:003F:001E:0x0300 -> 03:003F:001E:0x0503 0x3C57, tLen 37 dLen 16
01-05 20:33:37.050	          linker	[Debug]	        dji_protocol_v3.c:506  0:0x0300 convert to 0003(0x0300)
01-05 20:33:37.050	          linker	[Debug]	        dji_protocol_v3.c:506  3:0x0503 convert to 0065(0x0503)
01-05 20:33:37.051	          linker	[Debug]	            dji_command.c:1128  <0x51bf>Receive msg from linker, 0x0300(0x0003)->0x0503(0x0065) 0x3C57 len:16
01-05 20:33:37.051	          linker	[Debug]	            dji_command.c:980  received unsupport request cmd that noneed ack, <0x51bf> cmdset: 0x3C cmdid: 0x57
01-05 20:33:37.069	          linker	[Debug]	        dji_protocol_v3.c:387  <0x4dee>V3-Recv: 01:003F:001E:0x0400 -> 03:003F:001E:0x0503 0x0405, tLen 70 dLen 49
01-05 20:33:37.069	          linker	[Debug]	        dji_protocol_v3.c:506  1:0x0400 convert to 0004(0x0400)
01-05 20:33:37.069	          linker	[Debug]	        dji_protocol_v3.c:506  3:0x0503 convert to 0065(0x0503)
01-05 20:33:37.069	          linker	[Debug]	        dji_protocol_v3.c:387  <0x510e>V3-Recv: 00:003F:001E:0x1204 -> 03:003F:001E:0x0503 0x4900, tLen 23 dLen 2
01-05 20:33:37.069	          linker	[Debug]	        dji_protocol_v3.c:506  0:0x1204 convert to 0092(0x1204)
01-05 20:33:37.069	          linker	[Debug]	        dji_protocol_v3.c:506  3:0x0503 convert to 0065(0x0503)
01-05 20:33:37.069	          linker	[Debug]	            dji_command.c:1128  <0x4dee>Receive msg from linker, 0x0400(0x0004)->0x0503(0x0065) 0x0405 len:49
01-05 20:33:37.069	          linker	[Debug]	            dji_command.c:980  received unsupport request cmd that noneed ack, <0x4dee> cmdset: 0x04 cmdid: 0x05
01-05 20:33:37.070	          linker	[Debug]	            dji_command.c:1128  <0x510e>Receive msg from linker, 0x1204(0x0092)->0x0503(0x0065) 0x4900 len:2
01-05 20:33:37.070	          linker	[Debug]	        dji_protocol_v3.c:266  <0x510e>V3-Send: 03:003F:001E:0x0503 -> 00:003F:001E:0x1204 0x4900, tLen 23 dLen 2
01-05 20:33:37.080	          linker	[Debug]	        dji_protocol_v3.c:387  <0x4e48>V3-Recv: 01:003F:001E:0x0400 -> 03:003F:001E:0x0503 0x0405, tLen 70 dLen 49
01-05 20:33:37.080	          linker	[Debug]	        dji_protocol_v3.c:506  1:0x0400 convert to 0004(0x0400)
01-05 20:33:37.080	          linker	[Debug]	        dji_protocol_v3.c:506  3:0x0503 convert to 0065(0x0503)
01-05 20:33:37.080	          linker	[Debug]	        dji_protocol_v3.c:387  <0x5112>V3-Recv: 00:003F:001E:0x1204 -> 03:003F:001E:0x0503 0x22AD, tLen 68 dLen 47
01-05 20:33:37.080	          linker	[Debug]	        dji_protocol_v3.c:506  0:0x1204 convert to 0092(0x1204)
01-05 20:33:37.080	          linker	[Debug]	        dji_protocol_v3.c:506  3:0x0503 convert to 0065(0x0503)
01-05 20:33:37.080	          linker	[Debug]	            dji_command.c:1128  <0x4e48>Receive msg from linker, 0x0400(0x0004)->0x0503(0x0065) 0x0405 len:49
01-05 20:33:37.080	          linker	[Debug]	            dji_command.c:980  received unsupport request cmd that noneed ack, <0x4e48> cmdset: 0x04 cmdid: 0x05
01-05 20:33:37.081	          linker	[Debug]	            dji_command.c:1128  <0x5112>Receive msg from linker, 0x1204(0x0092)->0x0503(0x0065) 0x22AD len:47
01-05 20:33:37.081	          linker	[Debug]	            dji_command.c:980  received unsupport request cmd that need ack, <0x5112> cmdset: 0x22 cmdid: 0xAD
01-05 20:33:37.092	          linker	[Debug]	        dji_protocol_v3.c:387  <0x4ea2>V3-Recv: 01:003F:001E:0x0400 -> 03:003F:001E:0x0503 0x0405, tLen 70 dLen 49
01-05 20:33:37.092	          linker	[Debug]	        dji_protocol_v3.c:506  1:0x0400 convert to 0004(0x0400)
01-05 20:33:37.092	          linker	[Debug]	        dji_protocol_v3.c:506  3:0x0503 convert to 0065(0x0503)
01-05 20:33:37.092	          linker	[Debug]	            dji_command.c:1128  <0x4ea2>Receive msg from linker, 0x0400(0x0004)->0x0503(0x0065) 0x0405 len:49
01-05 20:33:37.092	          linker	[Debug]	            dji_command.c:980  received unsupport request cmd that noneed ack, <0x4ea2> cmdset: 0x04 cmdid: 0x05
01-05 20:33:37.100	           utils	[Debug]	          dji_root_task.c:131  work execution time:
01-05 20:33:37.100	           utils	[Debug]	          dji_root_task.c:132  name	                execution time (ms)	  max execution time (ms)
01-05 20:33:37.100	           utils	[Debug]	          dji_root_task.c:134  recorderWork                    	0       	0       
01-05 20:33:37.100	           utils	[Debug]	          dji_root_task.c:134  flowControllerTask              	1       	1       
01-05 20:33:37.100	           utils	[Debug]	          dji_root_task.c:134  commandTask                     	1       	1       
01-05 20:33:37.100	           utils	[Debug]	          dji_root_task.c:134  aircraftWorkNode                	0       	0       
01-05 20:33:37.112	          linker	[Debug]	        dji_protocol_v3.c:387  <0x4efc>V3-Recv: 01:003F:001E:0x0400 -> 03:003F:001E:0x0503 0x0405, tLen 70 dLen 49
01-05 20:33:37.112	          linker	[Debug]	        dji_protocol_v3.c:506  1:0x0400 convert to 0004(0x0400)
01-05 20:33:37.112	          linker	[Debug]	        dji_protocol_v3.c:506  3:0x0503 convert to 0065(0x0503)
01-05 20:33:37.113	          linker	[Debug]	            dji_command.c:1128  <0x4efc>Receive msg from linker, 0x0400(0x0004)->0x0503(0x0065) 0x0405 len:49
01-05 20:33:37.113	          linker	[Debug]	            dji_command.c:980  received unsupport request cmd that noneed ack, <0x4efc> cmdset: 0x04 cmdid: 0x05
01-05 20:33:37.132	          linker	[Debug]	        dji_protocol_v3.c:387  <0x4f5c>V3-Recv: 01:003F:001E:0x0400 -> 03:003F:001E:0x0503 0x0405, tLen 70 dLen 49
01-05 20:33:37.132	          linker	[Debug]	        dji_protocol_v3.c:506  1:0x0400 convert to 0004(0x0400)
01-05 20:33:37.132	          linker	[Debug]	        dji_protocol_v3.c:506  3:0x0503 convert to 0065(0x0503)
01-05 20:33:37.132	          linker	[Debug]	            dji_command.c:1128  <0x4f5c>Receive msg from linker, 0x0400(0x0004)->0x0503(0x0065) 0x0405 len:49
01-05 20:33:37.132	          linker	[Debug]	            dji_command.c:980  received unsupport request cmd that noneed ack, <0x4f5c> cmdset: 0x04 cmdid: 0x05
01-05 20:33:37.152	          linker	[Debug]	        dji_protocol_v3.c:387  <0x4fba>V3-Recv: 01:003F:001E:0x0400 -> 03:003F:001E:0x0503 0x0405, tLen 70 dLen 49
01-05 20:33:37.152	          linker	[Debug]	        dji_protocol_v3.c:506  1:0x0400 convert to 0004(0x0400)
01-05 20:33:37.152	          linker	[Debug]	        dji_protocol_v3.c:506  3:0x0503 convert to 0065(0x0503)
01-05 20:33:37.152	          linker	[Debug]	            dji_command.c:1128  <0x4fba>Receive msg from linker, 0x0400(0x0004)->0x0503(0x0065) 0x0405 len:49
01-05 20:33:37.153	          linker	[Debug]	            dji_command.c:980  received unsupport request cmd that noneed ack, <0x4fba> cmdset: 0x04 cmdid: 0x05
01-05 20:33:37.167	          linker	[Debug]	        dji_protocol_v3.c:387  <0x511f>V3-Recv: 00:003F:001E:0x1204 -> 03:003F:001E:0x0503 0x4900, tLen 23 dLen 2
01-05 20:33:37.168	          linker	[Debug]	        dji_protocol_v3.c:506  0:0x1204 convert to 0092(0x1204)
01-05 20:33:37.168	          linker	[Debug]	        dji_protocol_v3.c:506  3:0x0503 convert to 0065(0x0503)
01-05 20:33:37.168	          linker	[Debug]	            dji_command.c:1128  <0x511f>Receive msg from linker, 0x1204(0x0092)->0x0503(0x0065) 0x4900 len:2
01-05 20:33:37.168	          linker	[Debug]	        dji_protocol_v3.c:266  <0x511f>V3-Send: 03:003F:001E:0x0503 -> 00:003F:001E:0x1204 0x4900, tLen 23 dLen 2
01-05 20:33:37.179	          linker	[Debug]	        dji_protocol_v3.c:387  <0x5014>V3-Recv: 01:003F:001E:0x0400 -> 03:003F:001E:0x0503 0x0405, tLen 70 dLen 49
01-05 20:33:37.180	          linker	[Debug]	        dji_protocol_v3.c:506  1:0x0400 convert to 0004(0x0400)
01-05 20:33:37.180	          linker	[Debug]	        dji_protocol_v3.c:506  3:0x0503 convert to 0065(0x0503)
01-05 20:33:37.180	          linker	[Debug]	        dji_protocol_v3.c:387  <0x5123>V3-Recv: 00:003F:001E:0x1204 -> 03:003F:001E:0x0503 0x22AD, tLen 68 dLen 47
01-05 20:33:37.180	          linker	[Debug]	        dji_protocol_v3.c:506  0:0x1204 convert to 0092(0x1204)
01-05 20:33:37.180	          linker	[Debug]	        dji_protocol_v3.c:506  3:0x0503 convert to 0065(0x0503)
01-05 20:33:37.180	          linker	[Debug]	            dji_command.c:1128  <0x5014>Receive msg from linker, 0x0400(0x0004)->0x0503(0x0065) 0x0405 len:49
01-05 20:33:37.180	          linker	[Debug]	            dji_command.c:980  received unsupport request cmd that noneed ack, <0x5014> cmdset: 0x04 cmdid: 0x05
01-05 20:33:37.181	          linker	[Debug]	            dji_command.c:1128  <0x5123>Receive msg from linker, 0x1204(0x0092)->0x0503(0x0065) 0x22AD len:47
01-05 20:33:37.181	          linker	[Debug]	            dji_command.c:980  received unsupport request cmd that need ack, <0x5123> cmdset: 0x22 cmdid: 0xAD
01-05 20:33:37.192	          linker	[Debug]	        dji_protocol_v3.c:387  <0x506e>V3-Recv: 01:003F:001E:0x0400 -> 03:003F:001E:0x0503 0x0405, tLen 70 dLen 49
01-05 20:33:37.192	          linker	[Debug]	        dji_protocol_v3.c:506  1:0x0400 convert to 0004(0x0400)
01-05 20:33:37.192	          linker	[Debug]	        dji_protocol_v3.c:506  3:0x0503 convert to 0065(0x0503)
01-05 20:33:37.192	          linker	[Debug]	            dji_command.c:1128  <0x506e>Receive msg from linker, 0x0400(0x0004)->0x0503(0x0065) 0x0405 len:49
01-05 20:33:37.192	          linker	[Debug]	            dji_command.c:980  received unsupport request cmd that noneed ack, <0x506e> cmdset: 0x04 cmdid: 0x05
01-05 20:33:37.203	          linker	[Debug]	        dji_protocol_v3.c:387  <0x295b>V3-Recv: 00:003F:001E:0x0801 -> 03:003F:001E:0x0503 0x0099, tLen 98 dLen 77
01-05 20:33:37.203	          linker	[Debug]	        dji_protocol_v3.c:506  0:0x0801 convert to 0028(0x0801)
01-05 20:33:37.203	          linker	[Debug]	        dji_protocol_v3.c:506  3:0x0503 convert to 0065(0x0503)
01-05 20:33:37.203	          linker	[Debug]	            dji_command.c:1128  <0x295b>Receive msg from linker, 0x0801(0x0028)->0x0503(0x0065) 0x0099 len:77
01-05 20:33:37.203	          linker	[Debug]	            dji_command.c:980  received unsupport request cmd that noneed ack, <0x295b> cmdset: 0x00 cmdid: 0x99
01-05 20:33:37.221	          linker	[Debug]	        dji_protocol_v3.c:387  <0x295c>V3-Recv: 00:003F:001E:0x0801 -> 03:003F:001E:0x0503 0x0099, tLen 95 dLen 74
01-05 20:33:37.221	          linker	[Debug]	        dji_protocol_v3.c:506  0:0x0801 convert to 0028(0x0801)
01-05 20:33:37.221	          linker	[Debug]	        dji_protocol_v3.c:506  3:0x0503 convert to 0065(0x0503)
01-05 20:33:37.221	          linker	[Debug]	        dji_protocol_v3.c:387  <0x295d>V3-Recv: 00:003F:001E:0x0801 -> 03:003F:001E:0x0503 0x0099, tLen 65 dLen 44
01-05 20:33:37.221	          linker	[Debug]	        dji_protocol_v3.c:506  0:0x0801 convert to 0028(0x0801)
01-05 20:33:37.221	          linker	[Debug]	        dji_protocol_v3.c:506  3:0x0503 convert to 0065(0x0503)
01-05 20:33:37.221	          linker	[Debug]	        dji_protocol_v3.c:387  <0x50c8>V3-Recv: 01:003F:001E:0x0400 -> 03:003F:001E:0x0503 0x0405, tLen 70 dLen 49
01-05 20:33:37.221	          linker	[Debug]	            dji_command.c:1128  <0x295c>Receive msg from linker, 0x0801(0x0028)->0x0503(0x0065) 0x0099 len:74
01-05 20:33:37.221	          linker	[Debug]	        dji_protocol_v3.c:506  1:0x0400 convert to 0004(0x0400)
01-05 20:33:37.221	          linker	[Debug]	            dji_command.c:980  received unsupport request cmd that noneed ack, <0x295c> cmdset: 0x00 cmdid: 0x99
01-05 20:33:37.221	          linker	[Debug]	        dji_protocol_v3.c:506  3:0x0503 convert to 0065(0x0503)
01-05 20:33:37.222	          linker	[Debug]	            dji_command.c:1128  <0x295d>Receive msg from linker, 0x0801(0x0028)->0x0503(0x0065) 0x0099 len:44
01-05 20:33:37.222	          linker	[Debug]	            dji_command.c:980  received unsupport request cmd that noneed ack, <0x295d> cmdset: 0x00 cmdid: 0x99
01-05 20:33:37.223	          linker	[Debug]	            dji_command.c:1128  <0x50c8>Receive msg from linker, 0x0400(0x0004)->0x0503(0x0065) 0x0405 len:49
01-05 20:33:37.223	          linker	[Debug]	            dji_command.c:980  received unsupport request cmd that noneed ack, <0x50c8> cmdset: 0x04 cmdid: 0x05
01-05 20:33:37.232	          linker	[Debug]	        dji_protocol_v3.c:387  <0x5124>V3-Recv: 01:003F:001E:0x0400 -> 03:003F:001E:0x0503 0x0405, tLen 70 dLen 49
01-05 20:33:37.232	          linker	[Debug]	        dji_protocol_v3.c:506  1:0x0400 convert to 0004(0x0400)
01-05 20:33:37.232	          linker	[Debug]	        dji_protocol_v3.c:506  3:0x0503 convert to 0065(0x0503)
01-05 20:33:37.232	          linker	[Debug]	            dji_command.c:1128  <0x5124>Receive msg from linker, 0x0400(0x0004)->0x0503(0x0065) 0x0405 len:49
01-05 20:33:37.232	          linker	[Debug]	            dji_command.c:980  received unsupport request cmd that noneed ack, <0x5124> cmdset: 0x04 cmdid: 0x05
01-05 20:33:37.250	          linker	[Debug]	        dji_protocol_v3.c:387  <0x5318>V3-Recv: 00:003F:001E:0x0300 -> 03:003F:001E:0x0503 0x3C57, tLen 37 dLen 16
01-05 20:33:37.250	          linker	[Debug]	        dji_protocol_v3.c:506  0:0x0300 convert to 0003(0x0300)
01-05 20:33:37.250	          linker	[Debug]	        dji_protocol_v3.c:506  3:0x0503 convert to 0065(0x0503)
01-05 20:33:37.251	          linker	[Debug]	            dji_command.c:1128  <0x5318>Receive msg from linker, 0x0300(0x0003)->0x0503(0x0065) 0x3C57 len:16
01-05 20:33:37.251	          linker	[Debug]	            dji_command.c:980  received unsupport request cmd that noneed ack, <0x5318> cmdset: 0x3C cmdid: 0x57
01-05 20:33:37.269	          linker	[Debug]	        dji_protocol_v3.c:387  <0x5181>V3-Recv: 01:003F:001E:0x0400 -> 03:003F:001E:0x0503 0x0405, tLen 70 dLen 49
01-05 20:33:37.269	          linker	[Debug]	        dji_protocol_v3.c:506  1:0x0400 convert to 0004(0x0400)
01-05 20:33:37.269	          linker	[Debug]	        dji_protocol_v3.c:506  3:0x0503 convert to 0065(0x0503)
01-05 20:33:37.269	          linker	[Debug]	        dji_protocol_v3.c:387  <0x512f>V3-Recv: 00:003F:001E:0x1204 -> 03:003F:001E:0x0503 0x4900, tLen 23 dLen 2
01-05 20:33:37.269	          linker	[Debug]	        dji_protocol_v3.c:506  0:0x1204 convert to 0092(0x1204)
01-05 20:33:37.269	          linker	[Debug]	        dji_protocol_v3.c:506  3:0x0503 convert to 0065(0x0503)
01-05 20:33:37.270	          linker	[Debug]	            dji_command.c:1128  <0x5181>Receive msg from linker, 0x0400(0x0004)->0x0503(0x0065) 0x0405 len:49
01-05 20:33:37.270	          linker	[Debug]	            dji_command.c:980  received unsupport request cmd that noneed ack, <0x5181> cmdset: 0x04 cmdid: 0x05
01-05 20:33:37.271	          linker	[Debug]	            dji_command.c:1128  <0x512f>Receive msg from linker, 0x1204(0x0092)->0x0503(0x0065) 0x4900 len:2
01-05 20:33:37.271	          linker	[Debug]	        dji_protocol_v3.c:266  <0x512f>V3-Send: 03:003F:001E:0x0503 -> 00:003F:001E:0x1204 0x4900, tLen 23 dLen 2
01-05 20:33:37.280	          linker	[Debug]	        dji_protocol_v3.c:387  <0x51db>V3-Recv: 01:003F:001E:0x0400 -> 03:003F:001E:0x0503 0x0405, tLen 70 dLen 49
01-05 20:33:37.280	          linker	[Debug]	        dji_protocol_v3.c:506  1:0x0400 convert to 0004(0x0400)
01-05 20:33:37.280	          linker	[Debug]	        dji_protocol_v3.c:506  3:0x0503 convert to 0065(0x0503)
01-05 20:33:37.280	          linker	[Debug]	        dji_protocol_v3.c:387  <0x5133>V3-Recv: 00:003F:001E:0x1204 -> 03:003F:001E:0x0503 0x22AD, tLen 68 dLen 47
01-05 20:33:37.280	          linker	[Debug]	        dji_protocol_v3.c:506  0:0x1204 convert to 0092(0x1204)
01-05 20:33:37.280	          linker	[Debug]	        dji_protocol_v3.c:506  3:0x0503 convert to 0065(0x0503)
01-05 20:33:37.281	          linker	[Debug]	            dji_command.c:1128  <0x51db>Receive msg from linker, 0x0400(0x0004)->0x0503(0x0065) 0x0405 len:49
01-05 20:33:37.281	          linker	[Debug]	            dji_command.c:980  received unsupport request cmd that noneed ack, <0x51db> cmdset: 0x04 cmdid: 0x05
01-05 20:33:37.282	          linker	[Debug]	            dji_command.c:1128  <0x5133>Receive msg from linker, 0x1204(0x0092)->0x0503(0x0065) 0x22AD len:47
01-05 20:33:37.282	          linker	[Debug]	            dji_command.c:980  received unsupport request cmd that need ack, <0x5133> cmdset: 0x22 cmdid: 0xAD
01-05 20:33:37.292	          linker	[Debug]	        dji_protocol_v3.c:387  <0x5235>V3-Recv: 01:003F:001E:0x0400 -> 03:003F:001E:0x0503 0x0405, tLen 70 dLen 49
01-05 20:33:37.292	          linker	[Debug]	        dji_protocol_v3.c:506  1:0x0400 convert to 0004(0x0400)
01-05 20:33:37.292	          linker	[Debug]	        dji_protocol_v3.c:506  3:0x0503 convert to 0065(0x0503)
01-05 20:33:37.293	          linker	[Debug]	            dji_command.c:1128  <0x5235>Receive msg from linker, 0x0400(0x0004)->0x0503(0x0065) 0x0405 len:49
01-05 20:33:37.293	          linker	[Debug]	            dji_command.c:980  received unsupport request cmd that noneed ack, <0x5235> cmdset: 0x04 cmdid: 0x05
01-05 20:33:37.302	          linker	[Debug]	        dji_protocol_v1.c:309  <0x2035>V1-Recv: 0x0A06->0x0503 0x0866
01-05 20:33:37.302	          linker	[Debug]	            dji_command.c:1128  <0x2035>Receive msg from linker, 0x0A06(0x00CA)->0x0503(0x0065) 0x0866 len:96
01-05 20:33:37.302	          linker	[Debug]	            dji_command.c:980  received unsupport request cmd that noneed ack, <0x2035> cmdset: 0x08 cmdid: 0x66
01-05 20:33:37.307	          linker	[Debug]	        dji_protocol_v3.c:387  <0x295e>V3-Recv: 00:003F:001E:0x0801 -> 03:003F:001E:0x0503 0x0099, tLen 58 dLen 37
01-05 20:33:37.307	          linker	[Debug]	        dji_protocol_v3.c:506  0:0x0801 convert to 0028(0x0801)
01-05 20:33:37.307	          linker	[Debug]	        dji_protocol_v3.c:506  3:0x0503 convert to 0065(0x0503)
01-05 20:33:37.308	          linker	[Debug]	            dji_command.c:1128  <0x295e>Receive msg from linker, 0x0801(0x0028)->0x0503(0x0065) 0x0099 len:37
01-05 20:33:37.308	          linker	[Debug]	            dji_command.c:980  received unsupport request cmd that noneed ack, <0x295e> cmdset: 0x00 cmdid: 0x99
01-05 20:33:37.317	          linker	[Debug]	        dji_protocol_v3.c:387  <0x528f>V3-Recv: 01:003F:001E:0x0400 -> 03:003F:001E:0x0503 0x0405, tLen 70 dLen 49
01-05 20:33:37.317	          linker	[Debug]	        dji_protocol_v3.c:506  1:0x0400 convert to 0004(0x0400)
01-05 20:33:37.317	          linker	[Debug]	        dji_protocol_v3.c:506  3:0x0503 convert to 0065(0x0503)
01-05 20:33:37.317	          linker	[Debug]	            dji_command.c:1128  <0x528f>Receive msg from linker, 0x0400(0x0004)->0x0503(0x0065) 0x0405 len:49
01-05 20:33:37.318	          linker	[Debug]	            dji_command.c:980  received unsupport request cmd that noneed ack, <0x528f> cmdset: 0x04 cmdid: 0x05
01-05 20:33:37.332	          linker	[Debug]	        dji_protocol_v3.c:387  <0x52eb>V3-Recv: 01:003F:001E:0x0400 -> 03:003F:001E:0x0503 0x0405, tLen 70 dLen 49
01-05 20:33:37.332	          linker	[Debug]	        dji_protocol_v3.c:506  1:0x0400 convert to 0004(0x0400)
01-05 20:33:37.332	          linker	[Debug]	        dji_protocol_v3.c:506  3:0x0503 convert to 0065(0x0503)
01-05 20:33:37.333	          linker	[Debug]	            dji_command.c:1128  <0x52eb>Receive msg from linker, 0x0400(0x0004)->0x0503(0x0065) 0x0405 len:49
01-05 20:33:37.333	          linker	[Debug]	            dji_command.c:980  received unsupport request cmd that noneed ack, <0x52eb> cmdset: 0x04 cmdid: 0x05
01-05 20:33:37.352	          linker	[Debug]	        dji_protocol_v3.c:387  <0x5347>V3-Recv: 01:003F:001E:0x0400 -> 03:003F:001E:0x0503 0x0405, tLen 70 dLen 49
01-05 20:33:37.352	          linker	[Debug]	        dji_protocol_v3.c:506  1:0x0400 convert to 0004(0x0400)
01-05 20:33:37.352	          linker	[Debug]	        dji_protocol_v3.c:506  3:0x0503 convert to 0065(0x0503)
01-05 20:33:37.352	          linker	[Debug]	            dji_command.c:1128  <0x5347>Receive msg from linker, 0x0400(0x0004)->0x0503(0x0065) 0x0405 len:49
01-05 20:33:37.352	          linker	[Debug]	            dji_command.c:980  received unsupport request cmd that noneed ack, <0x5347> cmdset: 0x04 cmdid: 0x05
01-05 20:33:37.369	          linker	[Debug]	        dji_protocol_v3.c:387  <0x513f>V3-Recv: 00:003F:001E:0x1204 -> 03:003F:001E:0x0503 0x4900, tLen 23 dLen 2
01-05 20:33:37.370	          linker	[Debug]	        dji_protocol_v3.c:506  0:0x1204 convert to 0092(0x1204)
01-05 20:33:37.370	          linker	[Debug]	        dji_protocol_v3.c:506  3:0x0503 convert to 0065(0x0503)
01-05 20:33:37.371	          linker	[Debug]	            dji_command.c:1128  <0x513f>Receive msg from linker, 0x1204(0x0092)->0x0503(0x0065) 0x4900 len:2
01-05 20:33:37.371	          linker	[Debug]	        dji_protocol_v3.c:266  <0x513f>V3-Send: 03:003F:001E:0x0503 -> 00:003F:001E:0x1204 0x4900, tLen 23 dLen 2
01-05 20:33:37.379	          linker	[Debug]	        dji_protocol_v3.c:387  <0x53a1>V3-Recv: 01:003F:001E:0x0400 -> 03:003F:001E:0x0503 0x0405, tLen 70 dLen 49
01-05 20:33:37.380	          linker	[Debug]	        dji_protocol_v3.c:506  1:0x0400 convert to 0004(0x0400)
01-05 20:33:37.380	          linker	[Debug]	        dji_protocol_v3.c:506  3:0x0503 convert to 0065(0x0503)
01-05 20:33:37.380	          linker	[Debug]	        dji_protocol_v3.c:387  <0x5143>V3-Recv: 00:003F:001E:0x1204 -> 03:003F:001E:0x0503 0x22AD, tLen 68 dLen 47
01-05 20:33:37.380	          linker	[Debug]	        dji_protocol_v3.c:506  0:0x1204 convert to 0092(0x1204)
01-05 20:33:37.380	          linker	[Debug]	        dji_protocol_v3.c:506  3:0x0503 convert to 0065(0x0503)
01-05 20:33:37.380	          linker	[Debug]	            dji_command.c:1128  <0x53a1>Receive msg from linker, 0x0400(0x0004)->0x0503(0x0065) 0x0405 len:49
01-05 20:33:37.380	          linker	[Debug]	            dji_command.c:980  received unsupport request cmd that noneed ack, <0x53a1> cmdset: 0x04 cmdid: 0x05
01-05 20:33:37.382	          linker	[Debug]	            dji_command.c:1128  <0x5143>Receive msg from linker, 0x1204(0x0092)->0x0503(0x0065) 0x22AD len:47
01-05 20:33:37.382	          linker	[Debug]	            dji_command.c:980  received unsupport request cmd that need ack, <0x5143> cmdset: 0x22 cmdid: 0xAD
01-05 20:33:37.392	          linker	[Debug]	        dji_protocol_v3.c:387  <0x53fc>V3-Recv: 01:003F:001E:0x0400 -> 03:003F:001E:0x0503 0x0405, tLen 70 dLen 49
01-05 20:33:37.392	          linker	[Debug]	        dji_protocol_v3.c:506  1:0x0400 convert to 0004(0x0400)
01-05 20:33:37.392	          linker	[Debug]	        dji_protocol_v3.c:506  3:0x0503 convert to 0065(0x0503)
01-05 20:33:37.392	          linker	[Debug]	            dji_command.c:1128  <0x53fc>Receive msg from linker, 0x0400(0x0004)->0x0503(0x0065) 0x0405 len:49
01-05 20:33:37.392	          linker	[Debug]	            dji_command.c:980  received unsupport request cmd that noneed ack, <0x53fc> cmdset: 0x04 cmdid: 0x05
01-05 20:33:37.412	          linker	[Debug]	        dji_protocol_v3.c:387  <0x5456>V3-Recv: 01:003F:001E:0x0400 -> 03:003F:001E:0x0503 0x0405, tLen 70 dLen 49
01-05 20:33:37.412	          linker	[Debug]	        dji_protocol_v3.c:506  1:0x0400 convert to 0004(0x0400)
01-05 20:33:37.412	          linker	[Debug]	        dji_protocol_v3.c:506  3:0x0503 convert to 0065(0x0503)
01-05 20:33:37.413	          linker	[Debug]	            dji_command.c:1128  <0x5456>Receive msg from linker, 0x0400(0x0004)->0x0503(0x0065) 0x0405 len:49
01-05 20:33:37.413	          linker	[Debug]	            dji_command.c:980  received unsupport request cmd that noneed ack, <0x5456> cmdset: 0x04 cmdid: 0x05
01-05 20:33:37.432	          linker	[Debug]	        dji_protocol_v3.c:387  <0x54b2>V3-Recv: 01:003F:001E:0x0400 -> 03:003F:001E:0x0503 0x0405, tLen 70 dLen 49
01-05 20:33:37.432	          linker	[Debug]	        dji_protocol_v3.c:506  1:0x0400 convert to 0004(0x0400)
01-05 20:33:37.432	          linker	[Debug]	        dji_protocol_v3.c:506  3:0x0503 convert to 0065(0x0503)
01-05 20:33:37.432	          linker	[Debug]	            dji_command.c:1128  <0x54b2>Receive msg from linker, 0x0400(0x0004)->0x0503(0x0065) 0x0405 len:49
01-05 20:33:37.432	          linker	[Debug]	            dji_command.c:980  received unsupport request cmd that noneed ack, <0x54b2> cmdset: 0x04 cmdid: 0x05
01-05 20:33:37.450	          linker	[Debug]	        dji_protocol_v3.c:387  <0x5474>V3-Recv: 00:003F:001E:0x0300 -> 03:003F:001E:0x0503 0x3C57, tLen 37 dLen 16
01-05 20:33:37.450	          linker	[Debug]	        dji_protocol_v3.c:506  0:0x0300 convert to 0003(0x0300)
01-05 20:33:37.450	          linker	[Debug]	        dji_protocol_v3.c:506  3:0x0503 convert to 0065(0x0503)
01-05 20:33:37.451	          linker	[Debug]	            dji_command.c:1128  <0x5474>Receive msg from linker, 0x0300(0x0003)->0x0503(0x0065) 0x3C57 len:16
01-05 20:33:37.451	          linker	[Debug]	            dji_command.c:980  received unsupport request cmd that noneed ack, <0x5474> cmdset: 0x3C cmdid: 0x57
01-05 20:33:37.469	          linker	[Debug]	        dji_protocol_v3.c:387  <0x550e>V3-Recv: 01:003F:001E:0x0400 -> 03:003F:001E:0x0503 0x0405, tLen 70 dLen 49
01-05 20:33:37.469	          linker	[Debug]	        dji_protocol_v3.c:506  1:0x0400 convert to 0004(0x0400)
01-05 20:33:37.469	          linker	[Debug]	        dji_protocol_v3.c:506  3:0x0503 convert to 0065(0x0503)
01-05 20:33:37.469	          linker	[Debug]	        dji_protocol_v3.c:387  <0x514f>V3-Recv: 00:003F:001E:0x1204 -> 03:003F:001E:0x0503 0x4900, tLen 23 dLen 2
01-05 20:33:37.469	          linker	[Debug]	        dji_protocol_v3.c:506  0:0x1204 convert to 0092(0x1204)
01-05 20:33:37.469	          linker	[Debug]	        dji_protocol_v3.c:506  3:0x0503 convert to 0065(0x0503)
01-05 20:33:37.470	          linker	[Debug]	            dji_command.c:1128  <0x550e>Receive msg from linker, 0x0400(0x0004)->0x0503(0x0065) 0x0405 len:49
01-05 20:33:37.470	          linker	[Debug]	            dji_command.c:980  received unsupport request cmd that noneed ack, <0x550e> cmdset: 0x04 cmdid: 0x05
01-05 20:33:37.471	          linker	[Debug]	            dji_command.c:1128  <0x514f>Receive msg from linker, 0x1204(0x0092)->0x0503(0x0065) 0x4900 len:2
01-05 20:33:37.471	          linker	[Debug]	        dji_protocol_v3.c:266  <0x514f>V3-Send: 03:003F:001E:0x0503 -> 00:003F:001E:0x1204 0x4900, tLen 23 dLen 2
01-05 20:33:37.480	          linker	[Debug]	        dji_protocol_v3.c:387  <0x5568>V3-Recv: 01:003F:001E:0x0400 -> 03:003F:001E:0x0503 0x0405, tLen 70 dLen 49
01-05 20:33:37.480	          linker	[Debug]	        dji_protocol_v3.c:506  1:0x0400 convert to 0004(0x0400)
01-05 20:33:37.480	          linker	[Debug]	        dji_protocol_v3.c:506  3:0x0503 convert to 0065(0x0503)
01-05 20:33:37.480	          linker	[Debug]	        dji_protocol_v3.c:387  <0x5153>V3-Recv: 00:003F:001E:0x1204 -> 03:003F:001E:0x0503 0x22AD, tLen 68 dLen 47
01-05 20:33:37.480	          linker	[Debug]	        dji_protocol_v3.c:506  0:0x1204 convert to 0092(0x1204)
01-05 20:33:37.480	          linker	[Debug]	        dji_protocol_v3.c:506  3:0x0503 convert to 0065(0x0503)
01-05 20:33:37.480	          linker	[Debug]	            dji_command.c:1128  <0x5568>Receive msg from linker, 0x0400(0x0004)->0x0503(0x0065) 0x0405 len:49
01-05 20:33:37.480	          linker	[Debug]	            dji_command.c:980  received unsupport request cmd that noneed ack, <0x5568> cmdset: 0x04 cmdid: 0x05
01-05 20:33:37.482	          linker	[Debug]	            dji_command.c:1128  <0x5153>Receive msg from linker, 0x1204(0x0092)->0x0503(0x0065) 0x22AD len:47
01-05 20:33:37.482	          linker	[Debug]	            dji_command.c:980  received unsupport request cmd that need ack, <0x5153> cmdset: 0x22 cmdid: 0xAD
01-05 20:33:37.492	          linker	[Debug]	        dji_protocol_v3.c:387  <0x55c2>V3-Recv: 01:003F:001E:0x0400 -> 03:003F:001E:0x0503 0x0405, tLen 70 dLen 49
01-05 20:33:37.492	          linker	[Debug]	        dji_protocol_v3.c:506  1:0x0400 convert to 0004(0x0400)
01-05 20:33:37.492	          linker	[Debug]	        dji_protocol_v3.c:506  3:0x0503 convert to 0065(0x0503)
01-05 20:33:37.492	          linker	[Debug]	            dji_command.c:1128  <0x55c2>Receive msg from linker, 0x0400(0x0004)->0x0503(0x0065) 0x0405 len:49
01-05 20:33:37.492	          linker	[Debug]	            dji_command.c:980  received unsupport request cmd that noneed ack, <0x55c2> cmdset: 0x04 cmdid: 0x05
01-05 20:33:37.517	          linker	[Debug]	        dji_protocol_v3.c:387  <0x561c>V3-Recv: 01:003F:001E:0x0400 -> 03:003F:001E:0x0503 0x0405, tLen 70 dLen 49
01-05 20:33:37.517	          linker	[Debug]	        dji_protocol_v3.c:506  1:0x0400 convert to 0004(0x0400)
01-05 20:33:37.517	          linker	[Debug]	        dji_protocol_v3.c:506  3:0x0503 convert to 0065(0x0503)
01-05 20:33:37.517	          linker	[Debug]	            dji_command.c:1128  <0x561c>Receive msg from linker, 0x0400(0x0004)->0x0503(0x0065) 0x0405 len:49
01-05 20:33:37.517	          linker	[Debug]	            dji_command.c:980  received unsupport request cmd that noneed ack, <0x561c> cmdset: 0x04 cmdid: 0x05
01-05 20:33:37.532	          linker	[Debug]	        dji_protocol_v3.c:387  <0x5678>V3-Recv: 01:003F:001E:0x0400 -> 03:003F:001E:0x0503 0x0405, tLen 70 dLen 49
01-05 20:33:37.532	          linker	[Debug]	        dji_protocol_v3.c:506  1:0x0400 convert to 0004(0x0400)
01-05 20:33:37.532	          linker	[Debug]	        dji_protocol_v3.c:506  3:0x0503 convert to 0065(0x0503)
01-05 20:33:37.532	          linker	[Debug]	            dji_command.c:1128  <0x5678>Receive msg from linker, 0x0400(0x0004)->0x0503(0x0065) 0x0405 len:49
01-05 20:33:37.532	          linker	[Debug]	            dji_command.c:980  received unsupport request cmd that noneed ack, <0x5678> cmdset: 0x04 cmdid: 0x05
01-05 20:33:37.552	          linker	[Debug]	        dji_protocol_v3.c:387  <0x56d4>V3-Recv: 01:003F:001E:0x0400 -> 03:003F:001E:0x0503 0x0405, tLen 70 dLen 49
01-05 20:33:37.552	            core	[Info]	    dji_identity_verify.c:654  Update dji sdk policy file successfully
01-05 20:33:37.552	          linker	[Debug]	        dji_protocol_v3.c:506  1:0x0400 convert to 0004(0x0400)
01-05 20:33:37.552	          linker	[Debug]	        dji_protocol_v3.c:506  3:0x0503 convert to 0065(0x0503)
01-05 20:33:37.552	          linker	[Debug]	            dji_command.c:733  Reg command handle list success, index:5
01-05 20:33:37.552	          linker	[Debug]	            dji_command.c:733  Reg command handle list success, index:6
01-05 20:33:37.552	          linker	[Debug]	            dji_command.c:733  Reg command handle list success, index:7
01-05 20:33:37.552	            auth	[Debug]	dji_auth_sha256_rsa_verify.c:110  Application info verify successfully, ID: 174358, Key: 01a0202c33a0c82c75045863b012c65
01-05 20:33:37.552	          linker	[Debug]	            dji_command.c:733  Reg command handle list success, index:8
01-05 20:33:37.552	             sub	[Debug]	  dji_data_subscription.c:60   Init data subscription.
01-05 20:33:37.552	             sub	[Debug]	dji_data_subscription_xrce_v3.c:54   Checking version is not yet supported on the DDS Agent 3.0.
01-05 20:33:37.552	          linker	[Debug]	            dji_command.c:733  Reg command handle list success, index:9
01-05 20:33:37.552	        position	[Debug]	dji_payload_online_perception.c:82   No needed.
01-05 20:33:37.553	            core	[Info]	       dji_product_info.c:186  Set alias: PSDK_APPALIAS
01-05 20:33:37.553	      downloader	[Debug]	         dji_downloader.c:204  s_downloaderPackDataLength = 900
01-05 20:33:37.553	          linker	[Debug]	            dji_command.c:733  Reg command handle list success, index:10
01-05 20:33:37.553	          linker	[Debug]	            dji_command.c:1128  <0x56d4>Receive msg from linker, 0x0400(0x0004)->0x0503(0x0065) 0x0405 len:49
01-05 20:33:37.553	          linker	[Debug]	            dji_command.c:980  received unsupport request cmd that noneed ack, <0x56d4> cmdset: 0x04 cmdid: 0x05
01-05 20:33:37.553	          linker	[Debug]	        dji_protocol_v3.c:266  <0xc45d>V3-Send: 03:003F:001E:0x0503 -> 00:003F:001E:0x0801 0x0076, tLen 224 dLen 203
01-05 20:33:37.553	          linker	[Debug]	        dji_protocol_v3.c:266  <0xc45e>V3-Send: 03:003F:001E:0x0503 -> 00:003F:001E:0x0801 0x0076, tLen 416 dLen 395
01-05 20:33:37.553	          linker	[Debug]	        dji_protocol_v3.c:266  <0xc45f>V3-Send: 03:003F:001E:0x0503 -> 00:003F:001E:0x0200 0x3C10, tLen 85 dLen 64
01-05 20:33:37.554	          linker	[Debug]	        dji_protocol_v3.c:266  <0xc460>V3-Send: 03:003F:001E:0x0503 -> 00:003F:001E:0x0300 0x3C10, tLen 85 dLen 64
01-05 20:33:37.556	          linker	[Debug]	        dji_protocol_v3.c:266  <0xc461>V3-Send: 03:003F:001E:0x0503 -> 00:003F:001E:0x1104 0x3C10, tLen 85 dLen 64
01-05 20:33:37.556	          linker	[Debug]	        dji_protocol_v3.c:266  <0xc462>V3-Send: 03:003F:001E:0x0503 -> 00:003F:001E:0x0701 0x3C10, tLen 85 dLen 64
01-05 20:33:37.556	          linker	[Debug]	        dji_protocol_v3.c:266  <0xc463>V3-Send: 03:003F:001E:0x0503 -> 00:003F:001E:0x1100 0x3C10, tLen 85 dLen 64
01-05 20:33:37.561	          linker	[Debug]	        dji_protocol_v1.c:189  <0xc464>V1-Send: 0x0503->0x1D02 0x00F0
01-05 20:33:37.569	          linker	[Debug]	        dji_protocol_v3.c:387  <0xc45d>V3-Recv: 00:003F:001E:0x0801 -> 03:003F:001E:0x0503 0x0076, tLen 23 dLen 2
01-05 20:33:37.569	          linker	[Debug]	        dji_protocol_v3.c:506  0:0x0801 convert to 0028(0x0801)
01-05 20:33:37.570	          linker	[Debug]	        dji_protocol_v3.c:506  3:0x0503 convert to 0065(0x0503)
01-05 20:33:37.570	          linker	[Debug]	        dji_protocol_v3.c:387  <0xc45e>V3-Recv: 00:003F:001E:0x0801 -> 03:003F:001E:0x0503 0x0076, tLen 23 dLen 2
01-05 20:33:37.570	          linker	[Debug]	        dji_protocol_v3.c:506  0:0x0801 convert to 0028(0x0801)
01-05 20:33:37.570	          linker	[Debug]	        dji_protocol_v3.c:506  3:0x0503 convert to 0065(0x0503)
01-05 20:33:37.570	          linker	[Debug]	        dji_protocol_v3.c:387  <0x515f>V3-Recv: 00:003F:001E:0x1204 -> 03:003F:001E:0x0503 0x4900, tLen 23 dLen 2
01-05 20:33:37.570	          linker	[Debug]	        dji_protocol_v3.c:506  0:0x1204 convert to 0092(0x1204)
01-05 20:33:37.570	          linker	[Debug]	        dji_protocol_v3.c:506  3:0x0503 convert to 0065(0x0503)
01-05 20:33:37.570	          linker	[Debug]	            dji_command.c:1128  <0xc45d>Receive msg from linker, 0x0801(0x0028)->0x0503(0x0065) 0x0076 len:2
01-05 20:33:37.570	            dbpt	[Debug]	  dji_data_buried_point.c:283  request data report success
01-05 20:33:37.570	          linker	[Debug]	            dji_command.c:890  callback function (cmdset: 0x00 cmdid: 0x76) deal time: 0 ms
01-05 20:33:37.572	          linker	[Debug]	        dji_protocol_v1.c:189  <0xc465>V1-Send: 0x0503->0x1D02 0x00F0
01-05 20:33:37.572	          linker	[Debug]	            dji_command.c:1128  <0xc45e>Receive msg from linker, 0x0801(0x0028)->0x0503(0x0065) 0x0076 len:2
01-05 20:33:37.572	            dbpt	[Debug]	  dji_data_buried_point.c:283  request data report success
01-05 20:33:37.572	          linker	[Debug]	            dji_command.c:890  callback function (cmdset: 0x00 cmdid: 0x76) deal time: 0 ms
01-05 20:33:37.574	          linker	[Debug]	            dji_command.c:1128  <0x515f>Receive msg from linker, 0x1204(0x0092)->0x0503(0x0065) 0x4900 len:2
01-05 20:33:37.574	          linker	[Debug]	        dji_protocol_v3.c:266  <0x515f>V3-Send: 03:003F:001E:0x0503 -> 00:003F:001E:0x1204 0x4900, tLen 23 dLen 2
01-05 20:33:37.580	          linker	[Debug]	        dji_protocol_v3.c:387  <0x572e>V3-Recv: 01:003F:001E:0x0400 -> 03:003F:001E:0x0503 0x0405, tLen 70 dLen 49
01-05 20:33:37.580	          linker	[Debug]	        dji_protocol_v3.c:506  1:0x0400 convert to 0004(0x0400)
01-05 20:33:37.580	          linker	[Debug]	        dji_protocol_v3.c:506  3:0x0503 convert to 0065(0x0503)
01-05 20:33:37.580	          linker	[Debug]	        dji_protocol_v3.c:387  <0x5163>V3-Recv: 00:003F:001E:0x1204 -> 03:003F:001E:0x0503 0x22AD, tLen 68 dLen 47
01-05 20:33:37.580	          linker	[Debug]	        dji_protocol_v3.c:506  0:0x1204 convert to 0092(0x1204)
01-05 20:33:37.580	          linker	[Debug]	        dji_protocol_v3.c:506  3:0x0503 convert to 0065(0x0503)
01-05 20:33:37.581	          linker	[Debug]	            dji_command.c:1128  <0x572e>Receive msg from linker, 0x0400(0x0004)->0x0503(0x0065) 0x0405 len:49
01-05 20:33:37.581	          linker	[Debug]	            dji_command.c:980  received unsupport request cmd that noneed ack, <0x572e> cmdset: 0x04 cmdid: 0x05
01-05 20:33:37.582	          linker	[Debug]	            dji_command.c:1128  <0x5163>Receive msg from linker, 0x1204(0x0092)->0x0503(0x0065) 0x22AD len:47
01-05 20:33:37.582	          linker	[Debug]	            dji_command.c:980  received unsupport request cmd that need ack, <0x5163> cmdset: 0x22 cmdid: 0xAD
01-05 20:33:37.592	          linker	[Debug]	        dji_protocol_v3.c:387  <0x5788>V3-Recv: 01:003F:001E:0x0400 -> 03:003F:001E:0x0503 0x0405, tLen 70 dLen 49
01-05 20:33:37.592	          linker	[Debug]	        dji_protocol_v3.c:506  1:0x0400 convert to 0004(0x0400)
01-05 20:33:37.592	          linker	[Debug]	        dji_protocol_v3.c:506  3:0x0503 convert to 0065(0x0503)
01-05 20:33:37.593	          linker	[Debug]	            dji_command.c:1128  <0x5788>Receive msg from linker, 0x0400(0x0004)->0x0503(0x0065) 0x0405 len:49
01-05 20:33:37.593	          linker	[Debug]	            dji_command.c:980  received unsupport request cmd that noneed ack, <0x5788> cmdset: 0x04 cmdid: 0x05
01-05 20:33:37.612	          linker	[Debug]	        dji_protocol_v3.c:387  <0x57e2>V3-Recv: 01:003F:001E:0x0400 -> 03:003F:001E:0x0503 0x0405, tLen 70 dLen 49
01-05 20:33:37.612	          linker	[Debug]	        dji_protocol_v3.c:506  1:0x0400 convert to 0004(0x0400)
01-05 20:33:37.612	          linker	[Debug]	        dji_protocol_v3.c:506  3:0x0503 convert to 0065(0x0503)
01-05 20:33:37.613	          linker	[Debug]	            dji_command.c:1128  <0x57e2>Receive msg from linker, 0x0400(0x0004)->0x0503(0x0065) 0x0405 len:49
01-05 20:33:37.613	          linker	[Debug]	            dji_command.c:980  received unsupport request cmd that noneed ack, <0x57e2> cmdset: 0x04 cmdid: 0x05
01-05 20:33:37.632	          linker	[Debug]	        dji_protocol_v3.c:387  <0x5840>V3-Recv: 01:003F:001E:0x0400 -> 03:003F:001E:0x0503 0x0405, tLen 70 dLen 49
01-05 20:33:37.632	          linker	[Debug]	        dji_protocol_v3.c:506  1:0x0400 convert to 0004(0x0400)
01-05 20:33:37.632	          linker	[Debug]	        dji_protocol_v3.c:506  3:0x0503 convert to 0065(0x0503)
01-05 20:33:37.632	          linker	[Debug]	            dji_command.c:1128  <0x5840>Receive msg from linker, 0x0400(0x0004)->0x0503(0x0065) 0x0405 len:49
01-05 20:33:37.632	          linker	[Debug]	            dji_command.c:980  received unsupport request cmd that noneed ack, <0x5840> cmdset: 0x04 cmdid: 0x05
01-05 20:33:37.637	          linker	[Debug]	        dji_protocol_v3.c:266  <0xc466>V3-Send: 03:003F:001E:0x0503 -> 00:003F:001E:0x0801 0x0000, tLen 21 dLen 0
01-05 20:33:37.637	           infor	[Debug]	dji_aircraft_connection.c:170  check connect status:1
01-05 20:33:37.644	          linker	[Debug]	        dji_protocol_v3.c:387  <0xc466>V3-Recv: 00:003F:001E:0x0801 -> 03:003F:001E:0x0503 0x0000, tLen 22 dLen 1
01-05 20:33:37.644	          linker	[Debug]	        dji_protocol_v3.c:506  0:0x0801 convert to 0028(0x0801)
01-05 20:33:37.644	          linker	[Debug]	        dji_protocol_v3.c:506  3:0x0503 convert to 0065(0x0503)
01-05 20:33:37.645	          linker	[Debug]	            dji_command.c:1128  <0xc466>Receive msg from linker, 0x0801(0x0028)->0x0503(0x0065) 0x0000 len:1
01-05 20:33:37.645	           infor	[Debug]	dji_aircraft_connection.c:303  connect status async sucess
01-05 20:33:37.645	          linker	[Debug]	            dji_command.c:890  callback function (cmdset: 0x00 cmdid: 0x00) deal time: 0 ms
01-05 20:33:37.659	          linker	[Debug]	        dji_protocol_v3.c:387  <0x55f3>V3-Recv: 00:003F:001E:0x0300 -> 03:003F:001E:0x0503 0x3C57, tLen 37 dLen 16
01-05 20:33:37.659	          linker	[Debug]	        dji_protocol_v3.c:506  0:0x0300 convert to 0003(0x0300)
01-05 20:33:37.659	          linker	[Debug]	        dji_protocol_v3.c:506  3:0x0503 convert to 0065(0x0503)
01-05 20:33:37.659	          linker	[Debug]	        dji_protocol_v3.c:387  <0x589d>V3-Recv: 01:003F:001E:0x0400 -> 03:003F:001E:0x0503 0x0405, tLen 70 dLen 49
01-05 20:33:37.659	          linker	[Debug]	        dji_protocol_v3.c:506  1:0x0400 convert to 0004(0x0400)
01-05 20:33:37.659	          linker	[Debug]	        dji_protocol_v3.c:506  3:0x0503 convert to 0065(0x0503)
01-05 20:33:37.659	          linker	[Debug]	        dji_protocol_v3.c:387  <0x516f>V3-Recv: 00:003F:001E:0x1204 -> 03:003F:001E:0x0503 0x0000, tLen 22 dLen 1
01-05 20:33:37.659	          linker	[Debug]	        dji_protocol_v3.c:506  0:0x1204 convert to 0092(0x1204)
01-05 20:33:37.659	          linker	[Debug]	        dji_protocol_v3.c:506  3:0x0503 convert to 0065(0x0503)
01-05 20:33:37.660	          linker	[Debug]	            dji_command.c:1128  <0x55f3>Receive msg from linker, 0x0300(0x0003)->0x0503(0x0065) 0x3C57 len:16
01-05 20:33:37.660	          linker	[Debug]	            dji_command.c:980  received unsupport request cmd that noneed ack, <0x55f3> cmdset: 0x3C cmdid: 0x57
01-05 20:33:37.661	          linker	[Debug]	            dji_command.c:1128  <0x589d>Receive msg from linker, 0x0400(0x0004)->0x0503(0x0065) 0x0405 len:49
01-05 20:33:37.661	          linker	[Debug]	            dji_command.c:980  received unsupport request cmd that noneed ack, <0x589d> cmdset: 0x04 cmdid: 0x05
01-05 20:33:37.662	          linker	[Debug]	            dji_command.c:1128  <0x516f>Receive msg from linker, 0x1204(0x0092)->0x0503(0x0065) 0x0000 len:1
01-05 20:33:37.662	          linker	[Debug]	        dji_protocol_v3.c:266  <0x516f>V3-Send: 03:003F:001E:0x0503 -> 00:003F:001E:0x1204 0x0000, tLen 22 dLen 1
01-05 20:33:37.672	          linker	[Debug]	        dji_protocol_v3.c:387  <0x5171>V3-Recv: 00:003F:001E:0x1204 -> 03:003F:001E:0x0503 0x4900, tLen 23 dLen 2
01-05 20:33:37.672	          linker	[Debug]	        dji_protocol_v3.c:506  0:0x1204 convert to 0092(0x1204)
01-05 20:33:37.672	          linker	[Debug]	        dji_protocol_v3.c:506  3:0x0503 convert to 0065(0x0503)
01-05 20:33:37.672	          linker	[Debug]	        dji_protocol_v3.c:387  <0x58f7>V3-Recv: 01:003F:001E:0x0400 -> 03:003F:001E:0x0503 0x0405, tLen 70 dLen 49
01-05 20:33:37.672	          linker	[Debug]	        dji_protocol_v3.c:506  1:0x0400 convert to 0004(0x0400)
01-05 20:33:37.672	          linker	[Debug]	        dji_protocol_v3.c:506  3:0x0503 convert to 0065(0x0503)
01-05 20:33:37.672	          linker	[Debug]	            dji_command.c:1128  <0x5171>Receive msg from linker, 0x1204(0x0092)->0x0503(0x0065) 0x4900 len:2
01-05 20:33:37.672	          linker	[Debug]	        dji_protocol_v3.c:266  <0x5171>V3-Send: 03:003F:001E:0x0503 -> 00:003F:001E:0x1204 0x4900, tLen 23 dLen 2
01-05 20:33:37.673	          linker	[Debug]	            dji_command.c:1128  <0x58f7>Receive msg from linker, 0x0400(0x0004)->0x0503(0x0065) 0x0405 len:49
01-05 20:33:37.673	          linker	[Debug]	            dji_command.c:980  received unsupport request cmd that noneed ack, <0x58f7> cmdset: 0x04 cmdid: 0x05
01-05 20:33:37.687	          linker	[Debug]	        dji_protocol_v3.c:387  <0x5175>V3-Recv: 00:003F:001E:0x1204 -> 03:003F:001E:0x0503 0x22AD, tLen 68 dLen 47
01-05 20:33:37.688	          linker	[Debug]	        dji_protocol_v3.c:506  0:0x1204 convert to 0092(0x1204)
01-05 20:33:37.688	          linker	[Debug]	        dji_protocol_v3.c:506  3:0x0503 convert to 0065(0x0503)
01-05 20:33:37.688	          linker	[Debug]	            dji_command.c:1128  <0x5175>Receive msg from linker, 0x1204(0x0092)->0x0503(0x0065) 0x22AD len:47
01-05 20:33:37.688	          linker	[Debug]	            dji_command.c:980  received unsupport request cmd that need ack, <0x5175> cmdset: 0x22 cmdid: 0xAD
01-05 20:33:37.704	          linker	[Debug]	        dji_protocol_v3.c:387  <0x5951>V3-Recv: 01:003F:001E:0x0400 -> 03:003F:001E:0x0503 0x0405, tLen 70 dLen 49
01-05 20:33:37.705	          linker	[Debug]	        dji_protocol_v3.c:506  1:0x0400 convert to 0004(0x0400)
01-05 20:33:37.705	          linker	[Debug]	        dji_protocol_v3.c:506  3:0x0503 convert to 0065(0x0503)
01-05 20:33:37.705	          linker	[Debug]	            dji_command.c:1128  <0x5951>Receive msg from linker, 0x0400(0x0004)->0x0503(0x0065) 0x0405 len:49
01-05 20:33:37.706	          linker	[Debug]	            dji_command.c:980  received unsupport request cmd that noneed ack, <0x5951> cmdset: 0x04 cmdid: 0x05
01-05 20:33:37.719	          linker	[Debug]	        dji_protocol_v3.c:387  <0x59ab>V3-Recv: 01:003F:001E:0x0400 -> 03:003F:001E:0x0503 0x0405, tLen 70 dLen 49
01-05 20:33:37.719	          linker	[Debug]	        dji_protocol_v3.c:506  1:0x0400 convert to 0004(0x0400)
01-05 20:33:37.719	          linker	[Debug]	        dji_protocol_v3.c:506  3:0x0503 convert to 0065(0x0503)
01-05 20:33:37.720	          linker	[Debug]	            dji_command.c:1128  <0x59ab>Receive msg from linker, 0x0400(0x0004)->0x0503(0x0065) 0x0405 len:49
01-05 20:33:37.720	          linker	[Debug]	            dji_command.c:980  received unsupport request cmd that noneed ack, <0x59ab> cmdset: 0x04 cmdid: 0x05
01-05 20:33:37.732	          linker	[Debug]	        dji_protocol_v3.c:387  <0x5a07>V3-Recv: 01:003F:001E:0x0400 -> 03:003F:001E:0x0503 0x0405, tLen 70 dLen 49
01-05 20:33:37.732	          linker	[Debug]	        dji_protocol_v3.c:506  1:0x0400 convert to 0004(0x0400)
01-05 20:33:37.732	          linker	[Debug]	        dji_protocol_v3.c:506  3:0x0503 convert to 0065(0x0503)
01-05 20:33:37.732	          linker	[Debug]	            dji_command.c:1128  <0x5a07>Receive msg from linker, 0x0400(0x0004)->0x0503(0x0065) 0x0405 len:49
01-05 20:33:37.733	          linker	[Debug]	            dji_command.c:980  received unsupport request cmd that noneed ack, <0x5a07> cmdset: 0x04 cmdid: 0x05
01-05 20:33:37.752	          linker	[Debug]	        dji_protocol_v3.c:387  <0x5a64>V3-Recv: 01:003F:001E:0x0400 -> 03:003F:001E:0x0503 0x0405, tLen 70 dLen 49
01-05 20:33:37.752	          linker	[Debug]	        dji_protocol_v3.c:506  1:0x0400 convert to 0004(0x0400)
01-05 20:33:37.752	          linker	[Debug]	        dji_protocol_v3.c:506  3:0x0503 convert to 0065(0x0503)
01-05 20:33:37.753	          linker	[Debug]	            dji_command.c:1128  <0x5a64>Receive msg from linker, 0x0400(0x0004)->0x0503(0x0065) 0x0405 len:49
01-05 20:33:37.753	          linker	[Debug]	            dji_command.c:980  received unsupport request cmd that noneed ack, <0x5a64> cmdset: 0x04 cmdid: 0x05
01-05 20:33:37.767	          linker	[Debug]	        dji_protocol_v3.c:387  <0x5181>V3-Recv: 00:003F:001E:0x1204 -> 03:003F:001E:0x0503 0x4900, tLen 23 dLen 2
01-05 20:33:37.768	          linker	[Debug]	        dji_protocol_v3.c:506  0:0x1204 convert to 0092(0x1204)
01-05 20:33:37.768	          linker	[Debug]	        dji_protocol_v3.c:506  3:0x0503 convert to 0065(0x0503)
01-05 20:33:37.768	          linker	[Debug]	            dji_command.c:1128  <0x5181>Receive msg from linker, 0x1204(0x0092)->0x0503(0x0065) 0x4900 len:2
01-05 20:33:37.768	          linker	[Debug]	        dji_protocol_v3.c:266  <0x5181>V3-Send: 03:003F:001E:0x0503 -> 00:003F:001E:0x1204 0x4900, tLen 23 dLen 2
01-05 20:33:37.774	          linker	[Debug]	        dji_protocol_v3.c:266  <0xc467>V3-Send: 03:003F:001E:0x0503 -> 00:003F:001E:0x0200 0x3C10, tLen 85 dLen 64
01-05 20:33:37.774	          linker	[Debug]	        dji_protocol_v3.c:266  <0xc468>V3-Send: 03:003F:001E:0x0503 -> 00:003F:001E:0x0300 0x3C10, tLen 85 dLen 64
01-05 20:33:37.774	          linker	[Debug]	        dji_protocol_v3.c:266  <0xc469>V3-Send: 03:003F:001E:0x0503 -> 00:003F:001E:0x1104 0x3C10, tLen 85 dLen 64
01-05 20:33:37.774	          linker	[Debug]	        dji_protocol_v3.c:266  <0xc46a>V3-Send: 03:003F:001E:0x0503 -> 00:003F:001E:0x0701 0x3C10, tLen 85 dLen 64
01-05 20:33:37.774	          linker	[Debug]	        dji_protocol_v3.c:266  <0xc46b>V3-Send: 03:003F:001E:0x0503 -> 00:003F:001E:0x1100 0x3C10, tLen 85 dLen 64
01-05 20:33:37.779	          linker	[Debug]	        dji_protocol_v3.c:387  <0x5abe>V3-Recv: 01:003F:001E:0x0400 -> 03:003F:001E:0x0503 0x0405, tLen 70 dLen 49
01-05 20:33:37.780	          linker	[Debug]	        dji_protocol_v3.c:506  1:0x0400 convert to 0004(0x0400)
01-05 20:33:37.780	          linker	[Debug]	        dji_protocol_v3.c:506  3:0x0503 convert to 0065(0x0503)
01-05 20:33:37.780	          linker	[Debug]	        dji_protocol_v3.c:387  <0x5185>V3-Recv: 00:003F:001E:0x1204 -> 03:003F:001E:0x0503 0x22AD, tLen 68 dLen 47
01-05 20:33:37.780	          linker	[Debug]	        dji_protocol_v3.c:506  0:0x1204 convert to 0092(0x1204)
01-05 20:33:37.780	          linker	[Debug]	        dji_protocol_v3.c:506  3:0x0503 convert to 0065(0x0503)
01-05 20:33:37.781	          linker	[Debug]	            dji_command.c:1128  <0x5abe>Receive msg from linker, 0x0400(0x0004)->0x0503(0x0065) 0x0405 len:49
01-05 20:33:37.781	          linker	[Debug]	            dji_command.c:980  received unsupport request cmd that noneed ack, <0x5abe> cmdset: 0x04 cmdid: 0x05
01-05 20:33:37.782	          linker	[Debug]	            dji_command.c:1128  <0x5185>Receive msg from linker, 0x1204(0x0092)->0x0503(0x0065) 0x22AD len:47
01-05 20:33:37.782	          linker	[Debug]	            dji_command.c:980  received unsupport request cmd that need ack, <0x5185> cmdset: 0x22 cmdid: 0xAD
01-05 20:33:37.792	          linker	[Debug]	        dji_protocol_v3.c:387  <0x5b18>V3-Recv: 01:003F:001E:0x0400 -> 03:003F:001E:0x0503 0x0405, tLen 70 dLen 49
01-05 20:33:37.792	          linker	[Debug]	        dji_protocol_v3.c:506  1:0x0400 convert to 0004(0x0400)
01-05 20:33:37.792	          linker	[Debug]	        dji_protocol_v3.c:506  3:0x0503 convert to 0065(0x0503)
01-05 20:33:37.792	          linker	[Debug]	            dji_command.c:1128  <0x5b18>Receive msg from linker, 0x0400(0x0004)->0x0503(0x0065) 0x0405 len:49
01-05 20:33:37.792	          linker	[Debug]	            dji_command.c:980  received unsupport request cmd that noneed ack, <0x5b18> cmdset: 0x04 cmdid: 0x05
01-05 20:33:37.802	          linker	[Debug]	        dji_protocol_v1.c:309  <0x2035>V1-Recv: 0x0A06->0x0503 0x0866
01-05 20:33:37.802	          linker	[Debug]	            dji_command.c:1128  <0x2035>Receive msg from linker, 0x0A06(0x00CA)->0x0503(0x0065) 0x0866 len:96
01-05 20:33:37.802	          linker	[Debug]	            dji_command.c:980  received unsupport request cmd that noneed ack, <0x2035> cmdset: 0x08 cmdid: 0x66
01-05 20:33:37.805	          linker	[Debug]	        dji_protocol_v3.c:387  <0x295f>V3-Recv: 00:003F:001E:0x0801 -> 03:003F:001E:0x0503 0x0099, tLen 56 dLen 35
01-05 20:33:37.805	          linker	[Debug]	        dji_protocol_v3.c:506  0:0x0801 convert to 0028(0x0801)
01-05 20:33:37.805	          linker	[Debug]	        dji_protocol_v3.c:506  3:0x0503 convert to 0065(0x0503)
01-05 20:33:37.805	          linker	[Debug]	            dji_command.c:1128  <0x295f>Receive msg from linker, 0x0801(0x0028)->0x0503(0x0065) 0x0099 len:35
01-05 20:33:37.819	          linker	[Debug]	        dji_protocol_v3.c:387  <0x2960>V3-Recv: 00:003F:001E:0x0801 -> 03:003F:001E:0x0503 0x0099, tLen 70 dLen 49
01-05 20:33:37.819	          linker	[Debug]	        dji_protocol_v3.c:506  0:0x0801 convert to 0028(0x0801)
01-05 20:33:37.819	          linker	[Debug]	        dji_protocol_v3.c:506  3:0x0503 convert to 0065(0x0503)
01-05 20:33:37.819	          linker	[Debug]	        dji_protocol_v3.c:387  <0x5b72>V3-Recv: 01:003F:001E:0x0400 -> 03:003F:001E:0x0503 0x0405, tLen 70 dLen 49
01-05 20:33:37.819	          linker	[Debug]	        dji_protocol_v3.c:506  1:0x0400 convert to 0004(0x0400)
01-05 20:33:37.819	          linker	[Debug]	        dji_protocol_v3.c:506  3:0x0503 convert to 0065(0x0503)
01-05 20:33:37.819	          linker	[Debug]	            dji_command.c:1128  <0x2960>Receive msg from linker, 0x0801(0x0028)->0x0503(0x0065) 0x0099 len:49
01-05 20:33:37.820	          linker	[Debug]	            dji_command.c:1128  <0x5b72>Receive msg from linker, 0x0400(0x0004)->0x0503(0x0065) 0x0405 len:49
01-05 20:33:37.820	          linker	[Debug]	            dji_command.c:980  received unsupport request cmd that noneed ack, <0x5b72> cmdset: 0x04 cmdid: 0x05
01-05 20:33:37.832	          linker	[Debug]	        dji_protocol_v3.c:387  <0x5bce>V3-Recv: 01:003F:001E:0x0400 -> 03:003F:001E:0x0503 0x0405, tLen 70 dLen 49
01-05 20:33:37.832	          linker	[Debug]	        dji_protocol_v3.c:506  1:0x0400 convert to 0004(0x0400)
01-05 20:33:37.832	          linker	[Debug]	        dji_protocol_v3.c:506  3:0x0503 convert to 0065(0x0503)
01-05 20:33:37.832	          linker	[Debug]	            dji_command.c:1128  <0x5bce>Receive msg from linker, 0x0400(0x0004)->0x0503(0x0065) 0x0405 len:49
01-05 20:33:37.832	          linker	[Debug]	            dji_command.c:980  received unsupport request cmd that noneed ack, <0x5bce> cmdset: 0x04 cmdid: 0x05
01-05 20:33:37.850	          linker	[Debug]	        dji_protocol_v3.c:387  <0x5766>V3-Recv: 00:003F:001E:0x0300 -> 03:003F:001E:0x0503 0x3C57, tLen 37 dLen 16
01-05 20:33:37.850	          linker	[Debug]	        dji_protocol_v3.c:506  0:0x0300 convert to 0003(0x0300)
01-05 20:33:37.850	          linker	[Debug]	        dji_protocol_v3.c:506  3:0x0503 convert to 0065(0x0503)
01-05 20:33:37.850	          linker	[Debug]	            dji_command.c:1128  <0x5766>Receive msg from linker, 0x0300(0x0003)->0x0503(0x0065) 0x3C57 len:16
01-05 20:33:37.850	          linker	[Debug]	            dji_command.c:980  received unsupport request cmd that noneed ack, <0x5766> cmdset: 0x3C cmdid: 0x57
01-05 20:33:37.869	          linker	[Debug]	        dji_protocol_v3.c:387  <0x5c2a>V3-Recv: 01:003F:001E:0x0400 -> 03:003F:001E:0x0503 0x0405, tLen 70 dLen 49
01-05 20:33:37.869	          linker	[Debug]	        dji_protocol_v3.c:506  1:0x0400 convert to 0004(0x0400)
01-05 20:33:37.869	          linker	[Debug]	        dji_protocol_v3.c:506  3:0x0503 convert to 0065(0x0503)
01-05 20:33:37.869	          linker	[Debug]	        dji_protocol_v3.c:387  <0x5191>V3-Recv: 00:003F:001E:0x1204 -> 03:003F:001E:0x0503 0x4900, tLen 23 dLen 2
01-05 20:33:37.869	          linker	[Debug]	        dji_protocol_v3.c:506  0:0x1204 convert to 0092(0x1204)
01-05 20:33:37.869	          linker	[Debug]	        dji_protocol_v3.c:506  3:0x0503 convert to 0065(0x0503)
01-05 20:33:37.869	          linker	[Debug]	            dji_command.c:1128  <0x5c2a>Receive msg from linker, 0x0400(0x0004)->0x0503(0x0065) 0x0405 len:49
01-05 20:33:37.870	          linker	[Debug]	            dji_command.c:980  received unsupport request cmd that noneed ack, <0x5c2a> cmdset: 0x04 cmdid: 0x05
01-05 20:33:37.871	          linker	[Debug]	            dji_command.c:1128  <0x5191>Receive msg from linker, 0x1204(0x0092)->0x0503(0x0065) 0x4900 len:2
01-05 20:33:37.871	          linker	[Debug]	        dji_protocol_v3.c:266  <0x5191>V3-Send: 03:003F:001E:0x0503 -> 00:003F:001E:0x1204 0x4900, tLen 23 dLen 2
01-05 20:33:37.879	          linker	[Debug]	        dji_protocol_v3.c:387  <0x5c84>V3-Recv: 01:003F:001E:0x0400 -> 03:003F:001E:0x0503 0x0405, tLen 70 dLen 49
01-05 20:33:37.880	          linker	[Debug]	        dji_protocol_v3.c:506  1:0x0400 convert to 0004(0x0400)
01-05 20:33:37.880	          linker	[Debug]	        dji_protocol_v3.c:506  3:0x0503 convert to 0065(0x0503)
01-05 20:33:37.880	          linker	[Debug]	        dji_protocol_v3.c:387  <0x5195>V3-Recv: 00:003F:001E:0x1204 -> 03:003F:001E:0x0503 0x22AD, tLen 68 dLen 47
01-05 20:33:37.880	          linker	[Debug]	        dji_protocol_v3.c:506  0:0x1204 convert to 0092(0x1204)
01-05 20:33:37.880	          linker	[Debug]	        dji_protocol_v3.c:506  3:0x0503 convert to 0065(0x0503)
01-05 20:33:37.880	          linker	[Debug]	            dji_command.c:1128  <0x5c84>Receive msg from linker, 0x0400(0x0004)->0x0503(0x0065) 0x0405 len:49
01-05 20:33:37.880	          linker	[Debug]	            dji_command.c:980  received unsupport request cmd that noneed ack, <0x5c84> cmdset: 0x04 cmdid: 0x05
01-05 20:33:37.882	          linker	[Debug]	            dji_command.c:1128  <0x5195>Receive msg from linker, 0x1204(0x0092)->0x0503(0x0065) 0x22AD len:47
01-05 20:33:37.882	          linker	[Debug]	            dji_command.c:980  received unsupport request cmd that need ack, <0x5195> cmdset: 0x22 cmdid: 0xAD
01-05 20:33:37.892	          linker	[Debug]	        dji_protocol_v3.c:387  <0x5cdf>V3-Recv: 01:003F:001E:0x0400 -> 03:003F:001E:0x0503 0x0405, tLen 70 dLen 49
01-05 20:33:37.892	          linker	[Debug]	        dji_protocol_v3.c:506  1:0x0400 convert to 0004(0x0400)
01-05 20:33:37.892	          linker	[Debug]	        dji_protocol_v3.c:506  3:0x0503 convert to 0065(0x0503)
01-05 20:33:37.892	          linker	[Debug]	            dji_command.c:1128  <0x5cdf>Receive msg from linker, 0x0400(0x0004)->0x0503(0x0065) 0x0405 len:49
01-05 20:33:37.892	          linker	[Debug]	            dji_command.c:980  received unsupport request cmd that noneed ack, <0x5cdf> cmdset: 0x04 cmdid: 0x05
01-05 20:33:37.912	          linker	[Debug]	        dji_protocol_v3.c:387  <0x5d39>V3-Recv: 01:003F:001E:0x0400 -> 03:003F:001E:0x0503 0x0405, tLen 70 dLen 49
01-05 20:33:37.912	          linker	[Debug]	        dji_protocol_v3.c:506  1:0x0400 convert to 0004(0x0400)
01-05 20:33:37.912	          linker	[Debug]	        dji_protocol_v3.c:506  3:0x0503 convert to 0065(0x0503)
01-05 20:33:37.912	          linker	[Debug]	            dji_command.c:1128  <0x5d39>Receive msg from linker, 0x0400(0x0004)->0x0503(0x0065) 0x0405 len:49
01-05 20:33:37.912	          linker	[Debug]	            dji_command.c:980  received unsupport request cmd that noneed ack, <0x5d39> cmdset: 0x04 cmdid: 0x05
01-05 20:33:37.932	          linker	[Debug]	        dji_protocol_v3.c:387  <0x5d95>V3-Recv: 01:003F:001E:0x0400 -> 03:003F:001E:0x0503 0x0405, tLen 70 dLen 49
01-05 20:33:37.932	          linker	[Debug]	        dji_protocol_v3.c:506  1:0x0400 convert to 0004(0x0400)
01-05 20:33:37.932	          linker	[Debug]	        dji_protocol_v3.c:506  3:0x0503 convert to 0065(0x0503)
01-05 20:33:37.932	          linker	[Debug]	            dji_command.c:1128  <0x5d95>Receive msg from linker, 0x0400(0x0004)->0x0503(0x0065) 0x0405 len:49
01-05 20:33:37.932	          linker	[Debug]	            dji_command.c:980  received unsupport request cmd that noneed ack, <0x5d95> cmdset: 0x04 cmdid: 0x05
01-05 20:33:37.952	          linker	[Debug]	        dji_protocol_v3.c:387  <0x5df1>V3-Recv: 01:003F:001E:0x0400 -> 03:003F:001E:0x0503 0x0405, tLen 70 dLen 49
01-05 20:33:37.952	          linker	[Debug]	        dji_protocol_v3.c:506  1:0x0400 convert to 0004(0x0400)
01-05 20:33:37.952	          linker	[Debug]	        dji_protocol_v3.c:506  3:0x0503 convert to 0065(0x0503)
01-05 20:33:37.952	          linker	[Debug]	            dji_command.c:1128  <0x5df1>Receive msg from linker, 0x0400(0x0004)->0x0503(0x0065) 0x0405 len:49
01-05 20:33:37.952	          linker	[Debug]	            dji_command.c:980  received unsupport request cmd that noneed ack, <0x5df1> cmdset: 0x04 cmdid: 0x05
01-05 20:33:37.967	          linker	[Debug]	        dji_protocol_v3.c:387  <0x51a1>V3-Recv: 00:003F:001E:0x1204 -> 03:003F:001E:0x0503 0x4900, tLen 23 dLen 2
01-05 20:33:37.968	          linker	[Debug]	        dji_protocol_v3.c:506  0:0x1204 convert to 0092(0x1204)
01-05 20:33:37.968	          linker	[Debug]	        dji_protocol_v3.c:506  3:0x0503 convert to 0065(0x0503)
01-05 20:33:37.968	          linker	[Debug]	            dji_command.c:1128  <0x51a1>Receive msg from linker, 0x1204(0x0092)->0x0503(0x0065) 0x4900 len:2
01-05 20:33:37.968	          linker	[Debug]	        dji_protocol_v3.c:266  <0x51a1>V3-Send: 03:003F:001E:0x0503 -> 00:003F:001E:0x1204 0x4900, tLen 23 dLen 2
01-05 20:33:37.980	          linker	[Debug]	        dji_protocol_v3.c:387  <0x5e4b>V3-Recv: 01:003F:001E:0x0400 -> 03:003F:001E:0x0503 0x0405, tLen 70 dLen 49
01-05 20:33:37.980	          linker	[Debug]	        dji_protocol_v3.c:506  1:0x0400 convert to 0004(0x0400)
01-05 20:33:37.980	          linker	[Debug]	        dji_protocol_v3.c:506  3:0x0503 convert to 0065(0x0503)
01-05 20:33:37.980	          linker	[Debug]	        dji_protocol_v3.c:387  <0x51a5>V3-Recv: 00:003F:001E:0x1204 -> 03:003F:001E:0x0503 0x22AD, tLen 68 dLen 47
01-05 20:33:37.980	          linker	[Debug]	        dji_protocol_v3.c:506  0:0x1204 convert to 0092(0x1204)
01-05 20:33:37.980	          linker	[Debug]	        dji_protocol_v3.c:506  3:0x0503 convert to 0065(0x0503)
01-05 20:33:37.980	          linker	[Debug]	            dji_command.c:1128  <0x5e4b>Receive msg from linker, 0x0400(0x0004)->0x0503(0x0065) 0x0405 len:49
01-05 20:33:37.980	          linker	[Debug]	            dji_command.c:980  received unsupport request cmd that noneed ack, <0x5e4b> cmdset: 0x04 cmdid: 0x05
01-05 20:33:37.981	          linker	[Debug]	            dji_command.c:1128  <0x51a5>Receive msg from linker, 0x1204(0x0092)->0x0503(0x0065) 0x22AD len:47
01-05 20:33:37.981	          linker	[Debug]	            dji_command.c:980  received unsupport request cmd that need ack, <0x51a5> cmdset: 0x22 cmdid: 0xAD
01-05 20:33:37.989	          linker	[Debug]	        dji_protocol_v3.c:266  <0xc46c>V3-Send: 03:003F:001E:0x0503 -> 00:003F:001E:0x0200 0x3C10, tLen 85 dLen 64
01-05 20:33:37.989	          linker	[Debug]	        dji_protocol_v3.c:266  <0xc46d>V3-Send: 03:003F:001E:0x0503 -> 00:003F:001E:0x0300 0x3C10, tLen 85 dLen 64
01-05 20:33:37.989	          linker	[Debug]	        dji_protocol_v3.c:266  <0xc46e>V3-Send: 03:003F:001E:0x0503 -> 00:003F:001E:0x1104 0x3C10, tLen 85 dLen 64
01-05 20:33:37.990	          linker	[Debug]	        dji_protocol_v3.c:266  <0xc46f>V3-Send: 03:003F:001E:0x0503 -> 00:003F:001E:0x0701 0x3C10, tLen 85 dLen 64
01-05 20:33:37.991	          linker	[Debug]	        dji_protocol_v3.c:266  <0xc470>V3-Send: 03:003F:001E:0x0503 -> 00:003F:001E:0x1100 0x3C10, tLen 85 dLen 64
01-05 20:33:37.992	          linker	[Debug]	        dji_protocol_v3.c:387  <0x5ea5>V3-Recv: 01:003F:001E:0x0400 -> 03:003F:001E:0x0503 0x0405, tLen 70 dLen 49
01-05 20:33:37.992	          linker	[Debug]	        dji_protocol_v3.c:506  1:0x0400 convert to 0004(0x0400)
01-05 20:33:37.992	          linker	[Debug]	        dji_protocol_v3.c:506  3:0x0503 convert to 0065(0x0503)
01-05 20:33:37.992	          linker	[Debug]	            dji_command.c:1128  <0x5ea5>Receive msg from linker, 0x0400(0x0004)->0x0503(0x0065) 0x0405 len:49
01-05 20:33:37.992	          linker	[Debug]	            dji_command.c:980  received unsupport request cmd that noneed ack, <0x5ea5> cmdset: 0x04 cmdid: 0x05
01-05 20:33:38.005	          linker	[Debug]	        dji_protocol_v3.c:387  <0x2961>V3-Recv: 00:003F:001E:0x0801 -> 03:003F:001E:0x0503 0x0099, tLen 98 dLen 77
01-05 20:33:38.005	          linker	[Debug]	        dji_protocol_v3.c:506  0:0x0801 convert to 0028(0x0801)
01-05 20:33:38.005	          linker	[Debug]	        dji_protocol_v3.c:506  3:0x0503 convert to 0065(0x0503)
01-05 20:33:38.005	          linker	[Debug]	            dji_command.c:1128  <0x2961>Receive msg from linker, 0x0801(0x0028)->0x0503(0x0065) 0x0099 len:77
01-05 20:33:38.019	          linker	[Debug]	        dji_protocol_v3.c:387  <0x2962>V3-Recv: 00:003F:001E:0x0801 -> 03:003F:001E:0x0503 0x0099, tLen 65 dLen 44
01-05 20:33:38.019	          linker	[Debug]	        dji_protocol_v3.c:506  0:0x0801 convert to 0028(0x0801)
01-05 20:33:38.019	          linker	[Debug]	        dji_protocol_v3.c:506  3:0x0503 convert to 0065(0x0503)
01-05 20:33:38.019	          linker	[Debug]	        dji_protocol_v3.c:387  <0x2963>V3-Recv: 00:003F:001E:0x0801 -> 03:003F:001E:0x0503 0x0099, tLen 95 dLen 74
01-05 20:33:38.019	          linker	[Debug]	        dji_protocol_v3.c:506  0:0x0801 convert to 0028(0x0801)
01-05 20:33:38.019	          linker	[Debug]	        dji_protocol_v3.c:506  3:0x0503 convert to 0065(0x0503)
01-05 20:33:38.019	          linker	[Debug]	            dji_command.c:1128  <0x2962>Receive msg from linker, 0x0801(0x0028)->0x0503(0x0065) 0x0099 len:44
01-05 20:33:38.019	          linker	[Debug]	        dji_protocol_v3.c:387  <0x5eff>V3-Recv: 01:003F:001E:0x0400 -> 03:003F:001E:0x0503 0x0405, tLen 70 dLen 49
01-05 20:33:38.019	          linker	[Debug]	        dji_protocol_v3.c:506  1:0x0400 convert to 0004(0x0400)
01-05 20:33:38.019	          linker	[Debug]	        dji_protocol_v3.c:506  3:0x0503 convert to 0065(0x0503)
01-05 20:33:38.020	          linker	[Debug]	            dji_command.c:1128  <0x2963>Receive msg from linker, 0x0801(0x0028)->0x0503(0x0065) 0x0099 len:74
01-05 20:33:38.021	          linker	[Debug]	            dji_command.c:1128  <0x5eff>Receive msg from linker, 0x0400(0x0004)->0x0503(0x0065) 0x0405 len:49
01-05 20:33:38.021	          linker	[Debug]	            dji_command.c:980  received unsupport request cmd that noneed ack, <0x5eff> cmdset: 0x04 cmdid: 0x05
01-05 20:33:38.032	          linker	[Debug]	        dji_protocol_v3.c:387  <0x5f5b>V3-Recv: 01:003F:001E:0x0400 -> 03:003F:001E:0x0503 0x0405, tLen 70 dLen 49
01-05 20:33:38.032	          linker	[Debug]	        dji_protocol_v3.c:506  1:0x0400 convert to 0004(0x0400)
01-05 20:33:38.032	          linker	[Debug]	        dji_protocol_v3.c:506  3:0x0503 convert to 0065(0x0503)
01-05 20:33:38.032	          linker	[Debug]	            dji_command.c:1128  <0x5f5b>Receive msg from linker, 0x0400(0x0004)->0x0503(0x0065) 0x0405 len:49
01-05 20:33:38.032	          linker	[Debug]	            dji_command.c:980  received unsupport request cmd that noneed ack, <0x5f5b> cmdset: 0x04 cmdid: 0x05
01-05 20:33:38.050	          linker	[Debug]	        dji_protocol_v3.c:387  <0x58c8>V3-Recv: 00:003F:001E:0x0300 -> 03:003F:001E:0x0503 0x3C57, tLen 37 dLen 16
01-05 20:33:38.050	          linker	[Debug]	        dji_protocol_v3.c:506  0:0x0300 convert to 0003(0x0300)
01-05 20:33:38.050	          linker	[Debug]	        dji_protocol_v3.c:506  3:0x0503 convert to 0065(0x0503)
01-05 20:33:38.051	          linker	[Debug]	            dji_command.c:1128  <0x58c8>Receive msg from linker, 0x0300(0x0003)->0x0503(0x0065) 0x3C57 len:16
01-05 20:33:38.051	          linker	[Debug]	            dji_command.c:980  received unsupport request cmd that noneed ack, <0x58c8> cmdset: 0x3C cmdid: 0x57
01-05 20:33:38.053	          linker	[Debug]	            dji_command.c:733  Reg command handle list success, index:11
01-05 20:33:38.053	            user	[Info]	            test_widget.c:141  widget file: /home/dji/DJI_workshop/LZP_PSDK/Payload-SDK/samples/sample_c/module_sample/widget/widget_file/en_big_screen
01-05 20:33:38.054	          widget	[Debug]	 dji_widget_json_parser.c:85   Json file: main interface widget count = 4
01-05 20:33:38.054	          widget	[Debug]	 dji_widget_json_parser.c:90   Json file: config interface widget count = 5
01-05 20:33:38.055	          widget	[Debug]	 dji_widget_json_parser.c:85   Json file: main interface widget count = 4
01-05 20:33:38.055	          widget	[Debug]	 dji_widget_json_parser.c:90   Json file: config interface widget count = 5
01-05 20:33:38.055	          widget	[Debug]	 dji_widget_json_parser.c:85   Json file: main interface widget count = 4
01-05 20:33:38.055	          widget	[Debug]	 dji_widget_json_parser.c:90   Json file: config interface widget count = 5
01-05 20:33:38.056	            core	[Info]	               dji_core.c:340  Start dji sdk application
01-05 20:33:38.056	            user	[Info]	          application.cpp:250  Application start.
01-05 20:33:38.056	          linker	[Debug]	        dji_protocol_v3.c:266  <0xc471>V3-Send: 03:003F:001E:0x0503 -> 00:003F:001E:0x0200 0x3C1F, tLen 58 dLen 37
01-05 20:33:38.060	          linker	[Debug]	        dji_protocol_v1.c:189  <0xc472>V1-Send: 0x0503->0x1D02 0x00F0
01-05 20:33:38.069	          linker	[Debug]	        dji_protocol_v3.c:387  <0x5fb7>V3-Recv: 01:003F:001E:0x0400 -> 03:003F:001E:0x0503 0x0405, tLen 70 dLen 49
01-05 20:33:38.069	          linker	[Debug]	        dji_protocol_v3.c:506  1:0x0400 convert to 0004(0x0400)
01-05 20:33:38.069	          linker	[Debug]	        dji_protocol_v3.c:506  3:0x0503 convert to 0065(0x0503)
01-05 20:33:38.069	          linker	[Debug]	        dji_protocol_v3.c:387  <0x51b1>V3-Recv: 00:003F:001E:0x1204 -> 03:003F:001E:0x0503 0x4900, tLen 23 dLen 2
01-05 20:33:38.069	          linker	[Debug]	        dji_protocol_v3.c:506  0:0x1204 convert to 0092(0x1204)
01-05 20:33:38.069	          linker	[Debug]	        dji_protocol_v3.c:506  3:0x0503 convert to 0065(0x0503)
01-05 20:33:38.069	          linker	[Debug]	            dji_command.c:1128  <0x5fb7>Receive msg from linker, 0x0400(0x0004)->0x0503(0x0065) 0x0405 len:49
01-05 20:33:38.069	          linker	[Debug]	            dji_command.c:980  received unsupport request cmd that noneed ack, <0x5fb7> cmdset: 0x04 cmdid: 0x05
01-05 20:33:38.070	          linker	[Debug]	        dji_protocol_v1.c:189  <0xc473>V1-Send: 0x0503->0x1D02 0x00F0
01-05 20:33:38.070	          linker	[Debug]	            dji_command.c:1128  <0x51b1>Receive msg from linker, 0x1204(0x0092)->0x0503(0x0065) 0x4900 len:2
01-05 20:33:38.070	          linker	[Debug]	        dji_protocol_v3.c:266  <0x51b1>V3-Send: 03:003F:001E:0x0503 -> 00:003F:001E:0x1204 0x4900, tLen 23 dLen 2
01-05 20:33:38.080	          linker	[Debug]	        dji_protocol_v3.c:387  <0x6011>V3-Recv: 01:003F:001E:0x0400 -> 03:003F:001E:0x0503 0x0405, tLen 70 dLen 49
01-05 20:33:38.080	          linker	[Debug]	        dji_protocol_v3.c:506  1:0x0400 convert to 0004(0x0400)
01-05 20:33:38.080	          linker	[Debug]	        dji_protocol_v3.c:506  3:0x0503 convert to 0065(0x0503)
01-05 20:33:38.080	          linker	[Debug]	        dji_protocol_v3.c:387  <0x51b5>V3-Recv: 00:003F:001E:0x1204 -> 03:003F:001E:0x0503 0x22AD, tLen 68 dLen 47
01-05 20:33:38.080	          linker	[Debug]	        dji_protocol_v3.c:506  0:0x1204 convert to 0092(0x1204)
01-05 20:33:38.080	          linker	[Debug]	        dji_protocol_v3.c:506  3:0x0503 convert to 0065(0x0503)
01-05 20:33:38.080	          linker	[Debug]	            dji_command.c:1128  <0x6011>Receive msg from linker, 0x0400(0x0004)->0x0503(0x0065) 0x0405 len:49
01-05 20:33:38.080	          linker	[Debug]	            dji_command.c:980  received unsupport request cmd that noneed ack, <0x6011> cmdset: 0x04 cmdid: 0x05
01-05 20:33:38.081	          linker	[Debug]	        dji_protocol_v1.c:189  <0xc474>V1-Send: 0x0503->0x1D02 0x00F0
01-05 20:33:38.081	          linker	[Debug]	            dji_command.c:1128  <0x51b5>Receive msg from linker, 0x1204(0x0092)->0x0503(0x0065) 0x22AD len:47
01-05 20:33:38.081	          linker	[Debug]	            dji_command.c:980  received unsupport request cmd that need ack, <0x51b5> cmdset: 0x22 cmdid: 0xAD
01-05 20:33:38.092	          linker	[Debug]	        dji_protocol_v3.c:387  <0x606b>V3-Recv: 01:003F:001E:0x0400 -> 03:003F:001E:0x0503 0x0405, tLen 70 dLen 49
01-05 20:33:38.092	          linker	[Debug]	        dji_protocol_v3.c:506  1:0x0400 convert to 0004(0x0400)
01-05 20:33:38.092	          linker	[Debug]	        dji_protocol_v3.c:506  3:0x0503 convert to 0065(0x0503)
01-05 20:33:38.092	          linker	[Debug]	            dji_command.c:1128  <0x606b>Receive msg from linker, 0x0400(0x0004)->0x0503(0x0065) 0x0405 len:49
01-05 20:33:38.092	          linker	[Debug]	            dji_command.c:980  received unsupport request cmd that noneed ack, <0x606b> cmdset: 0x04 cmdid: 0x05
01-05 20:33:38.112	          linker	[Debug]	        dji_protocol_v3.c:387  <0x60c5>V3-Recv: 01:003F:001E:0x0400 -> 03:003F:001E:0x0503 0x0405, tLen 70 dLen 49
01-05 20:33:38.112	          linker	[Debug]	        dji_protocol_v3.c:506  1:0x0400 convert to 0004(0x0400)
01-05 20:33:38.112	          linker	[Debug]	        dji_protocol_v3.c:506  3:0x0503 convert to 0065(0x0503)
01-05 20:33:38.112	          linker	[Debug]	            dji_command.c:1128  <0x60c5>Receive msg from linker, 0x0400(0x0004)->0x0503(0x0065) 0x0405 len:49
01-05 20:33:38.112	          linker	[Debug]	            dji_command.c:980  received unsupport request cmd that noneed ack, <0x60c5> cmdset: 0x04 cmdid: 0x05
01-05 20:33:38.132	          linker	[Debug]	        dji_protocol_v3.c:387  <0x6126>V3-Recv: 01:003F:001E:0x0400 -> 03:003F:001E:0x0503 0x0405, tLen 70 dLen 49
01-05 20:33:38.132	          linker	[Debug]	        dji_protocol_v3.c:506  1:0x0400 convert to 0004(0x0400)
01-05 20:33:38.132	          linker	[Debug]	        dji_protocol_v3.c:506  3:0x0503 convert to 0065(0x0503)
01-05 20:33:38.133	          linker	[Debug]	            dji_command.c:1128  <0x6126>Receive msg from linker, 0x0400(0x0004)->0x0503(0x0065) 0x0405 len:49
01-05 20:33:38.133	          linker	[Debug]	            dji_command.c:980  received unsupport request cmd that noneed ack, <0x6126> cmdset: 0x04 cmdid: 0x05
01-05 20:33:38.152	          linker	[Debug]	        dji_protocol_v3.c:387  <0x6184>V3-Recv: 01:003F:001E:0x0400 -> 03:003F:001E:0x0503 0x0405, tLen 70 dLen 49
01-05 20:33:38.152	          linker	[Debug]	        dji_protocol_v3.c:506  1:0x0400 convert to 0004(0x0400)
01-05 20:33:38.152	          linker	[Debug]	        dji_protocol_v3.c:506  3:0x0503 convert to 0065(0x0503)
01-05 20:33:38.152	          linker	[Debug]	            dji_command.c:1128  <0x6184>Receive msg from linker, 0x0400(0x0004)->0x0503(0x0065) 0x0405 len:49
01-05 20:33:38.152	          linker	[Debug]	            dji_command.c:980  received unsupport request cmd that noneed ack, <0x6184> cmdset: 0x04 cmdid: 0x05
01-05 20:33:38.168	          linker	[Debug]	        dji_protocol_v3.c:387  <0x51c1>V3-Recv: 00:003F:001E:0x1204 -> 03:003F:001E:0x0503 0x4900, tLen 23 dLen 2
01-05 20:33:38.168	          linker	[Debug]	        dji_protocol_v3.c:506  0:0x1204 convert to 0092(0x1204)
01-05 20:33:38.168	          linker	[Debug]	        dji_protocol_v3.c:506  3:0x0503 convert to 0065(0x0503)
01-05 20:33:38.169	          linker	[Debug]	            dji_command.c:1128  <0x51c1>Receive msg from linker, 0x1204(0x0092)->0x0503(0x0065) 0x4900 len:2
01-05 20:33:38.169	          linker	[Debug]	        dji_protocol_v3.c:266  <0x51c1>V3-Send: 03:003F:001E:0x0503 -> 00:003F:001E:0x1204 0x4900, tLen 23 dLen 2
01-05 20:33:38.180	          linker	[Debug]	        dji_protocol_v3.c:387  <0x61de>V3-Recv: 01:003F:001E:0x0400 -> 03:003F:001E:0x0503 0x0405, tLen 70 dLen 49
01-05 20:33:38.180	          linker	[Debug]	        dji_protocol_v3.c:506  1:0x0400 convert to 0004(0x0400)
01-05 20:33:38.180	          linker	[Debug]	        dji_protocol_v3.c:506  3:0x0503 convert to 0065(0x0503)
01-05 20:33:38.180	          linker	[Debug]	        dji_protocol_v3.c:387  <0x51c5>V3-Recv: 00:003F:001E:0x1204 -> 03:003F:001E:0x0503 0x22AD, tLen 68 dLen 47
01-05 20:33:38.180	          linker	[Debug]	        dji_protocol_v3.c:506  0:0x1204 convert to 0092(0x1204)
01-05 20:33:38.180	          linker	[Debug]	        dji_protocol_v3.c:506  3:0x0503 convert to 0065(0x0503)
01-05 20:33:38.180	          linker	[Debug]	            dji_command.c:1128  <0x61de>Receive msg from linker, 0x0400(0x0004)->0x0503(0x0065) 0x0405 len:49
01-05 20:33:38.180	          linker	[Debug]	            dji_command.c:980  received unsupport request cmd that noneed ack, <0x61de> cmdset: 0x04 cmdid: 0x05
01-05 20:33:38.181	          linker	[Debug]	            dji_command.c:1128  <0x51c5>Receive msg from linker, 0x1204(0x0092)->0x0503(0x0065) 0x22AD len:47
01-05 20:33:38.181	          linker	[Debug]	            dji_command.c:980  received unsupport request cmd that need ack, <0x51c5> cmdset: 0x22 cmdid: 0xAD
01-05 20:33:38.185	           utils	[Debug]	          dji_root_task.c:131  work execution time:
01-05 20:33:38.186	           utils	[Debug]	          dji_root_task.c:132  name	                execution time (ms)	  max execution time (ms)
01-05 20:33:38.186	           utils	[Debug]	          dji_root_task.c:134  recorderWork                    	0       	0       
01-05 20:33:38.186	           utils	[Debug]	          dji_root_task.c:134  flowControllerTask              	0       	1       
01-05 20:33:38.186	           utils	[Debug]	          dji_root_task.c:134  commandTask                     	1       	1       
01-05 20:33:38.186	           utils	[Debug]	          dji_root_task.c:134  aircraftWorkNode                	0       	0       
01-05 20:33:38.186	           utils	[Debug]	          dji_root_task.c:134  dataBuriedPointTask             	0       	0       
01-05 20:33:38.186	           utils	[Debug]	          dji_root_task.c:134  StatePushWork                   	4       	4       
01-05 20:33:38.186	           utils	[Debug]	          dji_root_task.c:134  WidgetWork                      	0       	0       
01-05 20:33:38.186	           utils	[Debug]	          dji_root_task.c:134  hmsTask                         	0       	0       
01-05 20:33:38.192	          linker	[Debug]	        dji_protocol_v3.c:387  <0x6238>V3-Recv: 01:003F:001E:0x0400 -> 03:003F:001E:0x0503 0x0405, tLen 70 dLen 49
01-05 20:33:38.192	          linker	[Debug]	        dji_protocol_v3.c:506  1:0x0400 convert to 0004(0x0400)
01-05 20:33:38.192	          linker	[Debug]	        dji_protocol_v3.c:506  3:0x0503 convert to 0065(0x0503)
01-05 20:33:38.192	          linker	[Debug]	            dji_command.c:1128  <0x6238>Receive msg from linker, 0x0400(0x0004)->0x0503(0x0065) 0x0405 len:49
01-05 20:33:38.192	          linker	[Debug]	            dji_command.c:980  received unsupport request cmd that noneed ack, <0x6238> cmdset: 0x04 cmdid: 0x05
01-05 20:33:38.206	          linker	[Debug]	        dji_protocol_v1.c:189  <0xc475>V1-Send: 0x0503->0x1007 0x198B
01-05 20:33:38.206	          linker	[Debug]	        dji_protocol_v3.c:266  <0xc476>V3-Send: 03:003F:001E:0x0503 -> 00:003F:001E:0x0200 0x3C10, tLen 85 dLen 64
01-05 20:33:38.206	          linker	[Debug]	        dji_protocol_v3.c:266  <0xc477>V3-Send: 03:003F:001E:0x0503 -> 00:003F:001E:0x0300 0x3C10, tLen 85 dLen 64
01-05 20:33:38.206	          linker	[Debug]	        dji_protocol_v3.c:266  <0xc478>V3-Send: 03:003F:001E:0x0503 -> 00:003F:001E:0x1104 0x3C10, tLen 85 dLen 64
01-05 20:33:38.207	          linker	[Debug]	        dji_protocol_v3.c:266  <0xc479>V3-Send: 03:003F:001E:0x0503 -> 00:003F:001E:0x0701 0x3C10, tLen 85 dLen 64
01-05 20:33:38.207	          linker	[Debug]	        dji_protocol_v3.c:266  <0xc47a>V3-Send: 03:003F:001E:0x0503 -> 00:003F:001E:0x1100 0x3C10, tLen 85 dLen 64
01-05 20:33:38.212	          linker	[Debug]	        dji_protocol_v3.c:387  <0x6292>V3-Recv: 01:003F:001E:0x0400 -> 03:003F:001E:0x0503 0x0405, tLen 70 dLen 49
01-05 20:33:38.212	          linker	[Debug]	        dji_protocol_v3.c:506  1:0x0400 convert to 0004(0x0400)
01-05 20:33:38.212	          linker	[Debug]	        dji_protocol_v3.c:506  3:0x0503 convert to 0065(0x0503)
01-05 20:33:38.212	          linker	[Debug]	            dji_command.c:1128  <0x6292>Receive msg from linker, 0x0400(0x0004)->0x0503(0x0065) 0x0405 len:49
01-05 20:33:38.212	          linker	[Debug]	            dji_command.c:980  received unsupport request cmd that noneed ack, <0x6292> cmdset: 0x04 cmdid: 0x05
01-05 20:33:38.232	          linker	[Debug]	        dji_protocol_v3.c:387  <0x62ee>V3-Recv: 01:003F:001E:0x0400 -> 03:003F:001E:0x0503 0x0405, tLen 70 dLen 49
01-05 20:33:38.232	          linker	[Debug]	        dji_protocol_v3.c:506  1:0x0400 convert to 0004(0x0400)
01-05 20:33:38.232	          linker	[Debug]	        dji_protocol_v3.c:506  3:0x0503 convert to 0065(0x0503)
01-05 20:33:38.233	          linker	[Debug]	            dji_command.c:1128  <0x62ee>Receive msg from linker, 0x0400(0x0004)->0x0503(0x0065) 0x0405 len:49
01-05 20:33:38.233	          linker	[Debug]	            dji_command.c:980  received unsupport request cmd that noneed ack, <0x62ee> cmdset: 0x04 cmdid: 0x05
01-05 20:33:38.250	          linker	[Debug]	        dji_protocol_v3.c:387  <0x5a23>V3-Recv: 00:003F:001E:0x0300 -> 03:003F:001E:0x0503 0x3C57, tLen 37 dLen 16
01-05 20:33:38.250	          linker	[Debug]	        dji_protocol_v3.c:506  0:0x0300 convert to 0003(0x0300)
01-05 20:33:38.250	          linker	[Debug]	        dji_protocol_v3.c:506  3:0x0503 convert to 0065(0x0503)
01-05 20:33:38.251	          linker	[Debug]	            dji_command.c:1128  <0x5a23>Receive msg from linker, 0x0300(0x0003)->0x0503(0x0065) 0x3C57 len:16
01-05 20:33:38.251	          linker	[Debug]	            dji_command.c:980  received unsupport request cmd that noneed ack, <0x5a23> cmdset: 0x3C cmdid: 0x57
01-05 20:33:38.256	          linker	[Debug]	        dji_protocol_v3.c:266  <0xc47b>V3-Send: 03:003F:001E:0x0503 -> 00:003F:001E:0x0200 0x3C1F, tLen 58 dLen 37
01-05 20:33:38.269	          linker	[Debug]	        dji_protocol_v3.c:387  <0x634b>V3-Recv: 01:003F:001E:0x0400 -> 03:003F:001E:0x0503 0x0405, tLen 70 dLen 49
01-05 20:33:38.269	          linker	[Debug]	        dji_protocol_v3.c:506  1:0x0400 convert to 0004(0x0400)
01-05 20:33:38.269	          linker	[Debug]	        dji_protocol_v3.c:506  3:0x0503 convert to 0065(0x0503)
01-05 20:33:38.269	          linker	[Debug]	        dji_protocol_v3.c:387  <0x51d1>V3-Recv: 00:003F:001E:0x1204 -> 03:003F:001E:0x0503 0x4900, tLen 23 dLen 2
01-05 20:33:38.269	          linker	[Debug]	        dji_protocol_v3.c:506  0:0x1204 convert to 0092(0x1204)
01-05 20:33:38.269	          linker	[Debug]	        dji_protocol_v3.c:506  3:0x0503 convert to 0065(0x0503)
01-05 20:33:38.269	          linker	[Debug]	            dji_command.c:1128  <0x634b>Receive msg from linker, 0x0400(0x0004)->0x0503(0x0065) 0x0405 len:49
01-05 20:33:38.269	          linker	[Debug]	            dji_command.c:980  received unsupport request cmd that noneed ack, <0x634b> cmdset: 0x04 cmdid: 0x05
01-05 20:33:38.269	          linker	[Debug]	        dji_protocol_v3.c:266  <0xc47c>V3-Send: 03:003F:001E:0x0503 -> 00:003F:001E:0x0200 0x3C1B, tLen 77 dLen 56
01-05 20:33:38.271	          linker	[Debug]	            dji_command.c:1128  <0x51d1>Receive msg from linker, 0x1204(0x0092)->0x0503(0x0065) 0x4900 len:2
01-05 20:33:38.271	          linker	[Debug]	        dji_protocol_v3.c:266  <0x51d1>V3-Send: 03:003F:001E:0x0503 -> 00:003F:001E:0x1204 0x4900, tLen 23 dLen 2
01-05 20:33:38.280	          linker	[Debug]	        dji_protocol_v3.c:387  <0x63a5>V3-Recv: 01:003F:001E:0x0400 -> 03:003F:001E:0x0503 0x0405, tLen 70 dLen 49
01-05 20:33:38.280	          linker	[Debug]	        dji_protocol_v3.c:506  1:0x0400 convert to 0004(0x0400)
01-05 20:33:38.280	          linker	[Debug]	        dji_protocol_v3.c:506  3:0x0503 convert to 0065(0x0503)
01-05 20:33:38.280	          linker	[Debug]	        dji_protocol_v3.c:387  <0x51d5>V3-Recv: 00:003F:001E:0x1204 -> 03:003F:001E:0x0503 0x22AD, tLen 68 dLen 47
01-05 20:33:38.280	          linker	[Debug]	        dji_protocol_v3.c:506  0:0x1204 convert to 0092(0x1204)
01-05 20:33:38.280	          linker	[Debug]	        dji_protocol_v3.c:506  3:0x0503 convert to 0065(0x0503)
01-05 20:33:38.280	          linker	[Debug]	            dji_command.c:1128  <0x63a5>Receive msg from linker, 0x0400(0x0004)->0x0503(0x0065) 0x0405 len:49
01-05 20:33:38.281	          linker	[Debug]	            dji_command.c:980  received unsupport request cmd that noneed ack, <0x63a5> cmdset: 0x04 cmdid: 0x05
01-05 20:33:38.282	          linker	[Debug]	            dji_command.c:1128  <0x51d5>Receive msg from linker, 0x1204(0x0092)->0x0503(0x0065) 0x22AD len:47
01-05 20:33:38.282	          linker	[Debug]	            dji_command.c:980  received unsupport request cmd that need ack, <0x51d5> cmdset: 0x22 cmdid: 0xAD
01-05 20:33:38.292	          linker	[Debug]	        dji_protocol_v3.c:387  <0x63ff>V3-Recv: 01:003F:001E:0x0400 -> 03:003F:001E:0x0503 0x0405, tLen 70 dLen 49
01-05 20:33:38.292	          linker	[Debug]	        dji_protocol_v3.c:506  1:0x0400 convert to 0004(0x0400)
01-05 20:33:38.292	          linker	[Debug]	        dji_protocol_v3.c:506  3:0x0503 convert to 0065(0x0503)
01-05 20:33:38.292	          linker	[Debug]	            dji_command.c:1128  <0x63ff>Receive msg from linker, 0x0400(0x0004)->0x0503(0x0065) 0x0405 len:49
01-05 20:33:38.292	          linker	[Debug]	            dji_command.c:980  received unsupport request cmd that noneed ack, <0x63ff> cmdset: 0x04 cmdid: 0x05
01-05 20:33:38.302	          linker	[Debug]	        dji_protocol_v1.c:309  <0x2035>V1-Recv: 0x0A06->0x0503 0x0866
01-05 20:33:38.302	          linker	[Debug]	            dji_command.c:1128  <0x2035>Receive msg from linker, 0x0A06(0x00CA)->0x0503(0x0065) 0x0866 len:96
01-05 20:33:38.302	          linker	[Debug]	            dji_command.c:980  received unsupport request cmd that noneed ack, <0x2035> cmdset: 0x08 cmdid: 0x66
01-05 20:33:38.309	          linker	[Debug]	        dji_protocol_v3.c:387  <0x2964>V3-Recv: 00:003F:001E:0x0801 -> 03:003F:001E:0x0503 0x0099, tLen 58 dLen 37
01-05 20:33:38.309	          linker	[Debug]	        dji_protocol_v3.c:506  0:0x0801 convert to 0028(0x0801)
01-05 20:33:38.309	          linker	[Debug]	        dji_protocol_v3.c:506  3:0x0503 convert to 0065(0x0503)
01-05 20:33:38.310	          linker	[Debug]	            dji_command.c:1128  <0x2964>Receive msg from linker, 0x0801(0x0028)->0x0503(0x0065) 0x0099 len:37
01-05 20:33:38.320	          linker	[Debug]	        dji_protocol_v3.c:387  <0x6459>V3-Recv: 01:003F:001E:0x0400 -> 03:003F:001E:0x0503 0x0405, tLen 70 dLen 49
01-05 20:33:38.320	          linker	[Debug]	        dji_protocol_v3.c:506  1:0x0400 convert to 0004(0x0400)
01-05 20:33:38.320	          linker	[Debug]	        dji_protocol_v3.c:506  3:0x0503 convert to 0065(0x0503)
01-05 20:33:38.320	          linker	[Debug]	            dji_command.c:1128  <0x6459>Receive msg from linker, 0x0400(0x0004)->0x0503(0x0065) 0x0405 len:49
01-05 20:33:38.320	          linker	[Debug]	            dji_command.c:980  received unsupport request cmd that noneed ack, <0x6459> cmdset: 0x04 cmdid: 0x05
01-05 20:33:38.332	          linker	[Debug]	        dji_protocol_v3.c:387  <0x64b5>V3-Recv: 01:003F:001E:0x0400 -> 03:003F:001E:0x0503 0x0405, tLen 70 dLen 49
01-05 20:33:38.332	          linker	[Debug]	        dji_protocol_v3.c:506  1:0x0400 convert to 0004(0x0400)
01-05 20:33:38.332	          linker	[Debug]	        dji_protocol_v3.c:506  3:0x0503 convert to 0065(0x0503)
01-05 20:33:38.332	          linker	[Debug]	            dji_command.c:1128  <0x64b5>Receive msg from linker, 0x0400(0x0004)->0x0503(0x0065) 0x0405 len:49
01-05 20:33:38.332	          linker	[Debug]	            dji_command.c:980  received unsupport request cmd that noneed ack, <0x64b5> cmdset: 0x04 cmdid: 0x05
01-05 20:33:38.352	          linker	[Debug]	        dji_protocol_v3.c:387  <0x6511>V3-Recv: 01:003F:001E:0x0400 -> 03:003F:001E:0x0503 0x0405, tLen 70 dLen 49
01-05 20:33:38.352	          linker	[Debug]	        dji_protocol_v3.c:506  1:0x0400 convert to 0004(0x0400)
01-05 20:33:38.352	          linker	[Debug]	        dji_protocol_v3.c:506  3:0x0503 convert to 0065(0x0503)
01-05 20:33:38.353	          linker	[Debug]	            dji_command.c:1128  <0x6511>Receive msg from linker, 0x0400(0x0004)->0x0503(0x0065) 0x0405 len:49
01-05 20:33:38.353	          linker	[Debug]	            dji_command.c:980  received unsupport request cmd that noneed ack, <0x6511> cmdset: 0x04 cmdid: 0x05
01-05 20:33:38.367	          linker	[Debug]	        dji_protocol_v3.c:387  <0x51e1>V3-Recv: 00:003F:001E:0x1204 -> 03:003F:001E:0x0503 0x4900, tLen 23 dLen 2
01-05 20:33:38.368	          linker	[Debug]	        dji_protocol_v3.c:506  0:0x1204 convert to 0092(0x1204)
01-05 20:33:38.368	          linker	[Debug]	        dji_protocol_v3.c:506  3:0x0503 convert to 0065(0x0503)
01-05 20:33:38.369	          linker	[Debug]	            dji_command.c:1128  <0x51e1>Receive msg from linker, 0x1204(0x0092)->0x0503(0x0065) 0x4900 len:2
01-05 20:33:38.369	          linker	[Debug]	        dji_protocol_v3.c:266  <0x51e1>V3-Send: 03:003F:001E:0x0503 -> 00:003F:001E:0x1204 0x4900, tLen 23 dLen 2
01-05 20:33:38.380	          linker	[Debug]	        dji_protocol_v3.c:387  <0x656b>V3-Recv: 01:003F:001E:0x0400 -> 03:003F:001E:0x0503 0x0405, tLen 70 dLen 49
01-05 20:33:38.380	          linker	[Debug]	        dji_protocol_v3.c:506  1:0x0400 convert to 0004(0x0400)
01-05 20:33:38.380	          linker	[Debug]	        dji_protocol_v3.c:506  3:0x0503 convert to 0065(0x0503)
01-05 20:33:38.380	          linker	[Debug]	        dji_protocol_v3.c:387  <0x51e5>V3-Recv: 00:003F:001E:0x1204 -> 03:003F:001E:0x0503 0x22AD, tLen 68 dLen 47
01-05 20:33:38.380	          linker	[Debug]	        dji_protocol_v3.c:506  0:0x1204 convert to 0092(0x1204)
01-05 20:33:38.380	          linker	[Debug]	        dji_protocol_v3.c:506  3:0x0503 convert to 0065(0x0503)
01-05 20:33:38.381	          linker	[Debug]	            dji_command.c:1128  <0x656b>Receive msg from linker, 0x0400(0x0004)->0x0503(0x0065) 0x0405 len:49
01-05 20:33:38.381	          linker	[Debug]	            dji_command.c:980  received unsupport request cmd that noneed ack, <0x656b> cmdset: 0x04 cmdid: 0x05
01-05 20:33:38.382	          linker	[Debug]	            dji_command.c:1128  <0x51e5>Receive msg from linker, 0x1204(0x0092)->0x0503(0x0065) 0x22AD len:47
01-05 20:33:38.382	          linker	[Debug]	            dji_command.c:980  received unsupport request cmd that need ack, <0x51e5> cmdset: 0x22 cmdid: 0xAD
01-05 20:33:38.392	          linker	[Debug]	        dji_protocol_v3.c:387  <0x65c6>V3-Recv: 01:003F:001E:0x0400 -> 03:003F:001E:0x0503 0x0405, tLen 70 dLen 49
01-05 20:33:38.392	          linker	[Debug]	        dji_protocol_v3.c:506  1:0x0400 convert to 0004(0x0400)
01-05 20:33:38.392	          linker	[Debug]	        dji_protocol_v3.c:506  3:0x0503 convert to 0065(0x0503)
01-05 20:33:38.392	          linker	[Debug]	            dji_command.c:1128  <0x65c6>Receive msg from linker, 0x0400(0x0004)->0x0503(0x0065) 0x0405 len:49
01-05 20:33:38.393	          linker	[Debug]	            dji_command.c:980  received unsupport request cmd that noneed ack, <0x65c6> cmdset: 0x04 cmdid: 0x05
01-05 20:33:38.412	          linker	[Debug]	        dji_protocol_v3.c:387  <0x6620>V3-Recv: 01:003F:001E:0x0400 -> 03:003F:001E:0x0503 0x0405, tLen 70 dLen 49
01-05 20:33:38.412	          linker	[Debug]	        dji_protocol_v3.c:506  1:0x0400 convert to 0004(0x0400)
01-05 20:33:38.412	          linker	[Debug]	        dji_protocol_v3.c:506  3:0x0503 convert to 0065(0x0503)
01-05 20:33:38.412	          linker	[Debug]	            dji_command.c:1128  <0x6620>Receive msg from linker, 0x0400(0x0004)->0x0503(0x0065) 0x0405 len:49
01-05 20:33:38.412	          linker	[Debug]	            dji_command.c:980  received unsupport request cmd that noneed ack, <0x6620> cmdset: 0x04 cmdid: 0x05
01-05 20:33:38.425	          linker	[Debug]	        dji_protocol_v1.c:189  <0xc47d>V1-Send: 0x0503->0x1007 0x198B
01-05 20:33:38.425	          linker	[Debug]	        dji_protocol_v3.c:266  <0xc47e>V3-Send: 03:003F:001E:0x0503 -> 00:003F:001E:0x0200 0x3C10, tLen 85 dLen 64
01-05 20:33:38.425	          linker	[Debug]	        dji_protocol_v3.c:266  <0xc47f>V3-Send: 03:003F:001E:0x0503 -> 00:003F:001E:0x0300 0x3C10, tLen 85 dLen 64
01-05 20:33:38.426	          linker	[Debug]	        dji_protocol_v3.c:266  <0xc480>V3-Send: 03:003F:001E:0x0503 -> 00:003F:001E:0x1104 0x3C10, tLen 85 dLen 64
01-05 20:33:38.426	          linker	[Debug]	        dji_protocol_v3.c:266  <0xc481>V3-Send: 03:003F:001E:0x0503 -> 00:003F:001E:0x0701 0x3C10, tLen 85 dLen 64
01-05 20:33:38.426	          linker	[Debug]	        dji_protocol_v3.c:266  <0xc482>V3-Send: 03:003F:001E:0x0503 -> 00:003F:001E:0x1100 0x3C10, tLen 85 dLen 64
01-05 20:33:38.432	          linker	[Debug]	        dji_protocol_v3.c:387  <0x667c>V3-Recv: 01:003F:001E:0x0400 -> 03:003F:001E:0x0503 0x0405, tLen 70 dLen 49
01-05 20:33:38.432	          linker	[Debug]	        dji_protocol_v3.c:506  1:0x0400 convert to 0004(0x0400)
01-05 20:33:38.432	          linker	[Debug]	        dji_protocol_v3.c:506  3:0x0503 convert to 0065(0x0503)
01-05 20:33:38.433	          linker	[Debug]	            dji_command.c:1128  <0x667c>Receive msg from linker, 0x0400(0x0004)->0x0503(0x0065) 0x0405 len:49
01-05 20:33:38.433	          linker	[Debug]	            dji_command.c:980  received unsupport request cmd that noneed ack, <0x667c> cmdset: 0x04 cmdid: 0x05
01-05 20:33:38.450	          linker	[Debug]	        dji_protocol_v3.c:387  <0x5b7f>V3-Recv: 00:003F:001E:0x0300 -> 03:003F:001E:0x0503 0x3C57, tLen 37 dLen 16
01-05 20:33:38.450	          linker	[Debug]	        dji_protocol_v3.c:506  0:0x0300 convert to 0003(0x0300)
01-05 20:33:38.450	          linker	[Debug]	        dji_protocol_v3.c:506  3:0x0503 convert to 0065(0x0503)
01-05 20:33:38.451	          linker	[Debug]	            dji_command.c:1128  <0x5b7f>Receive msg from linker, 0x0300(0x0003)->0x0503(0x0065) 0x3C57 len:16
01-05 20:33:38.451	          linker	[Debug]	            dji_command.c:980  received unsupport request cmd that noneed ack, <0x5b7f> cmdset: 0x3C cmdid: 0x57
01-05 20:33:38.456	          linker	[Debug]	        dji_protocol_v3.c:266  <0xc483>V3-Send: 03:003F:001E:0x0503 -> 00:003F:001E:0x0200 0x3C1F, tLen 58 dLen 37
01-05 20:33:38.469	          linker	[Debug]	        dji_protocol_v3.c:387  <0x66d8>V3-Recv: 01:003F:001E:0x0400 -> 03:003F:001E:0x0503 0x0405, tLen 70 dLen 49
01-05 20:33:38.469	          linker	[Debug]	        dji_protocol_v3.c:506  1:0x0400 convert to 0004(0x0400)
01-05 20:33:38.469	          linker	[Debug]	        dji_protocol_v3.c:506  3:0x0503 convert to 0065(0x0503)
01-05 20:33:38.469	          linker	[Debug]	        dji_protocol_v3.c:387  <0x51f1>V3-Recv: 00:003F:001E:0x1204 -> 03:003F:001E:0x0503 0x4900, tLen 23 dLen 2
01-05 20:33:38.469	          linker	[Debug]	        dji_protocol_v3.c:506  0:0x1204 convert to 0092(0x1204)
01-05 20:33:38.469	          linker	[Debug]	        dji_protocol_v3.c:506  3:0x0503 convert to 0065(0x0503)
01-05 20:33:38.470	          linker	[Debug]	            dji_command.c:1128  <0x66d8>Receive msg from linker, 0x0400(0x0004)->0x0503(0x0065) 0x0405 len:49
01-05 20:33:38.470	          linker	[Debug]	            dji_command.c:980  received unsupport request cmd that noneed ack, <0x66d8> cmdset: 0x04 cmdid: 0x05
01-05 20:33:38.471	          linker	[Debug]	            dji_command.c:1128  <0x51f1>Receive msg from linker, 0x1204(0x0092)->0x0503(0x0065) 0x4900 len:2
01-05 20:33:38.471	          linker	[Debug]	        dji_protocol_v3.c:266  <0x51f1>V3-Send: 03:003F:001E:0x0503 -> 00:003F:001E:0x1204 0x4900, tLen 23 dLen 2
01-05 20:33:38.480	          linker	[Debug]	        dji_protocol_v3.c:387  <0x6732>V3-Recv: 01:003F:001E:0x0400 -> 03:003F:001E:0x0503 0x0405, tLen 70 dLen 49
01-05 20:33:38.480	          linker	[Debug]	        dji_protocol_v3.c:506  1:0x0400 convert to 0004(0x0400)
01-05 20:33:38.480	          linker	[Debug]	        dji_protocol_v3.c:506  3:0x0503 convert to 0065(0x0503)
01-05 20:33:38.480	          linker	[Debug]	        dji_protocol_v3.c:387  <0x51f5>V3-Recv: 00:003F:001E:0x1204 -> 03:003F:001E:0x0503 0x22AD, tLen 68 dLen 47
01-05 20:33:38.480	          linker	[Debug]	        dji_protocol_v3.c:506  0:0x1204 convert to 0092(0x1204)
01-05 20:33:38.480	          linker	[Debug]	        dji_protocol_v3.c:506  3:0x0503 convert to 0065(0x0503)
01-05 20:33:38.480	          linker	[Debug]	            dji_command.c:1128  <0x6732>Receive msg from linker, 0x0400(0x0004)->0x0503(0x0065) 0x0405 len:49
01-05 20:33:38.480	          linker	[Debug]	            dji_command.c:980  received unsupport request cmd that noneed ack, <0x6732> cmdset: 0x04 cmdid: 0x05
01-05 20:33:38.481	          linker	[Debug]	            dji_command.c:1128  <0x51f5>Receive msg from linker, 0x1204(0x0092)->0x0503(0x0065) 0x22AD len:47
01-05 20:33:38.481	          linker	[Debug]	            dji_command.c:980  received unsupport request cmd that need ack, <0x51f5> cmdset: 0x22 cmdid: 0xAD
01-05 20:33:38.489	          linker	[Debug]	        dji_protocol_v3.c:266  <0xc484>V3-Send: 03:003F:001E:0x0503 -> 00:003F:001E:0x0200 0x3C1B, tLen 77 dLen 56
01-05 20:33:38.492	          linker	[Debug]	        dji_protocol_v3.c:387  <0x678c>V3-Recv: 01:003F:001E:0x0400 -> 03:003F:001E:0x0503 0x0405, tLen 70 dLen 49
01-05 20:33:38.492	          linker	[Debug]	        dji_protocol_v3.c:506  1:0x0400 convert to 0004(0x0400)
01-05 20:33:38.492	          linker	[Debug]	        dji_protocol_v3.c:506  3:0x0503 convert to 0065(0x0503)
01-05 20:33:38.492	          linker	[Debug]	            dji_command.c:1128  <0x678c>Receive msg from linker, 0x0400(0x0004)->0x0503(0x0065) 0x0405 len:49
01-05 20:33:38.492	          linker	[Debug]	            dji_command.c:980  received unsupport request cmd that noneed ack, <0x678c> cmdset: 0x04 cmdid: 0x05
01-05 20:33:38.517	          linker	[Debug]	        dji_protocol_v3.c:387  <0x67e6>V3-Recv: 01:003F:001E:0x0400 -> 03:003F:001E:0x0503 0x0405, tLen 70 dLen 49
01-05 20:33:38.517	          linker	[Debug]	        dji_protocol_v3.c:506  1:0x0400 convert to 0004(0x0400)
01-05 20:33:38.517	          linker	[Debug]	        dji_protocol_v3.c:506  3:0x0503 convert to 0065(0x0503)
01-05 20:33:38.517	          linker	[Debug]	            dji_command.c:1128  <0x67e6>Receive msg from linker, 0x0400(0x0004)->0x0503(0x0065) 0x0405 len:49
01-05 20:33:38.517	          linker	[Debug]	            dji_command.c:980  received unsupport request cmd that noneed ack, <0x67e6> cmdset: 0x04 cmdid: 0x05
01-05 20:33:38.532	          linker	[Debug]	        dji_protocol_v3.c:387  <0x6842>V3-Recv: 01:003F:001E:0x0400 -> 03:003F:001E:0x0503 0x0405, tLen 70 dLen 49
01-05 20:33:38.532	          linker	[Debug]	        dji_protocol_v3.c:506  1:0x0400 convert to 0004(0x0400)
01-05 20:33:38.532	          linker	[Debug]	        dji_protocol_v3.c:506  3:0x0503 convert to 0065(0x0503)
01-05 20:33:38.532	          linker	[Debug]	            dji_command.c:1128  <0x6842>Receive msg from linker, 0x0400(0x0004)->0x0503(0x0065) 0x0405 len:49
01-05 20:33:38.532	          linker	[Debug]	            dji_command.c:980  received unsupport request cmd that noneed ack, <0x6842> cmdset: 0x04 cmdid: 0x05
01-05 20:33:38.552	          linker	[Debug]	        dji_protocol_v3.c:387  <0x689e>V3-Recv: 01:003F:001E:0x0400 -> 03:003F:001E:0x0503 0x0405, tLen 70 dLen 49
01-05 20:33:38.552	          linker	[Debug]	        dji_protocol_v3.c:506  1:0x0400 convert to 0004(0x0400)
01-05 20:33:38.552	          linker	[Debug]	        dji_protocol_v3.c:506  3:0x0503 convert to 0065(0x0503)
01-05 20:33:38.552	          linker	[Debug]	            dji_command.c:1128  <0x689e>Receive msg from linker, 0x0400(0x0004)->0x0503(0x0065) 0x0405 len:49
01-05 20:33:38.552	          linker	[Debug]	            dji_command.c:980  received unsupport request cmd that noneed ack, <0x689e> cmdset: 0x04 cmdid: 0x05
01-05 20:33:38.568	          linker	[Debug]	        dji_protocol_v3.c:387  <0x5201>V3-Recv: 00:003F:001E:0x1204 -> 03:003F:001E:0x0503 0x4900, tLen 23 dLen 2
01-05 20:33:38.568	          linker	[Debug]	        dji_protocol_v3.c:506  0:0x1204 convert to 0092(0x1204)
01-05 20:33:38.568	          linker	[Debug]	        dji_protocol_v3.c:506  3:0x0503 convert to 0065(0x0503)
01-05 20:33:38.569	          linker	[Debug]	            dji_command.c:1128  <0x5201>Receive msg from linker, 0x1204(0x0092)->0x0503(0x0065) 0x4900 len:2
01-05 20:33:38.569	          linker	[Debug]	        dji_protocol_v3.c:266  <0x5201>V3-Send: 03:003F:001E:0x0503 -> 00:003F:001E:0x1204 0x4900, tLen 23 dLen 2
01-05 20:33:38.580	          linker	[Debug]	        dji_protocol_v3.c:387  <0x68f8>V3-Recv: 01:003F:001E:0x0400 -> 03:003F:001E:0x0503 0x0405, tLen 70 dLen 49
01-05 20:33:38.580	          linker	[Debug]	        dji_protocol_v3.c:506  1:0x0400 convert to 0004(0x0400)
01-05 20:33:38.580	          linker	[Debug]	        dji_protocol_v3.c:506  3:0x0503 convert to 0065(0x0503)
01-05 20:33:38.580	          linker	[Debug]	        dji_protocol_v3.c:387  <0x5205>V3-Recv: 00:003F:001E:0x1204 -> 03:003F:001E:0x0503 0x22AD, tLen 68 dLen 47
01-05 20:33:38.580	          linker	[Debug]	        dji_protocol_v3.c:506  0:0x1204 convert to 0092(0x1204)
01-05 20:33:38.580	          linker	[Debug]	        dji_protocol_v3.c:506  3:0x0503 convert to 0065(0x0503)
01-05 20:33:38.581	          linker	[Debug]	            dji_command.c:1128  <0x68f8>Receive msg from linker, 0x0400(0x0004)->0x0503(0x0065) 0x0405 len:49
01-05 20:33:38.581	          linker	[Debug]	            dji_command.c:980  received unsupport request cmd that noneed ack, <0x68f8> cmdset: 0x04 cmdid: 0x05
01-05 20:33:38.582	          linker	[Debug]	            dji_command.c:1128  <0x5205>Receive msg from linker, 0x1204(0x0092)->0x0503(0x0065) 0x22AD len:47
01-05 20:33:38.582	          linker	[Debug]	            dji_command.c:980  received unsupport request cmd that need ack, <0x5205> cmdset: 0x22 cmdid: 0xAD
01-05 20:33:38.592	          linker	[Debug]	        dji_protocol_v3.c:387  <0x6952>V3-Recv: 01:003F:001E:0x0400 -> 03:003F:001E:0x0503 0x0405, tLen 70 dLen 49
01-05 20:33:38.592	          linker	[Debug]	        dji_protocol_v3.c:506  1:0x0400 convert to 0004(0x0400)
01-05 20:33:38.592	          linker	[Debug]	        dji_protocol_v3.c:506  3:0x0503 convert to 0065(0x0503)
01-05 20:33:38.592	          linker	[Debug]	            dji_command.c:1128  <0x6952>Receive msg from linker, 0x0400(0x0004)->0x0503(0x0065) 0x0405 len:49
01-05 20:33:38.592	          linker	[Debug]	            dji_command.c:980  received unsupport request cmd that noneed ack, <0x6952> cmdset: 0x04 cmdid: 0x05
01-05 20:33:38.604	          linker	[Debug]	        dji_protocol_v3.c:387  <0x2965>V3-Recv: 00:003F:001E:0x0801 -> 03:003F:001E:0x0503 0x0099, tLen 70 dLen 49
01-05 20:33:38.604	          linker	[Debug]	        dji_protocol_v3.c:506  0:0x0801 convert to 0028(0x0801)
01-05 20:33:38.604	          linker	[Debug]	        dji_protocol_v3.c:506  3:0x0503 convert to 0065(0x0503)
01-05 20:33:38.604	          linker	[Debug]	            dji_command.c:1128  <0x2965>Receive msg from linker, 0x0801(0x0028)->0x0503(0x0065) 0x0099 len:49
01-05 20:33:38.620	          linker	[Debug]	        dji_protocol_v3.c:387  <0x2966>V3-Recv: 00:003F:001E:0x0801 -> 03:003F:001E:0x0503 0x0099, tLen 56 dLen 35
01-05 20:33:38.620	          linker	[Debug]	        dji_protocol_v3.c:506  0:0x0801 convert to 0028(0x0801)
01-05 20:33:38.620	          linker	[Debug]	        dji_protocol_v3.c:506  3:0x0503 convert to 0065(0x0503)
01-05 20:33:38.620	          linker	[Debug]	        dji_protocol_v3.c:387  <0x69ac>V3-Recv: 01:003F:001E:0x0400 -> 03:003F:001E:0x0503 0x0405, tLen 70 dLen 49
01-05 20:33:38.620	          linker	[Debug]	        dji_protocol_v3.c:506  1:0x0400 convert to 0004(0x0400)
01-05 20:33:38.620	          linker	[Debug]	        dji_protocol_v3.c:506  3:0x0503 convert to 0065(0x0503)
01-05 20:33:38.621	          linker	[Debug]	            dji_command.c:1128  <0x2966>Receive msg from linker, 0x0801(0x0028)->0x0503(0x0065) 0x0099 len:35
01-05 20:33:38.622	          linker	[Debug]	            dji_command.c:1128  <0x69ac>Receive msg from linker, 0x0400(0x0004)->0x0503(0x0065) 0x0405 len:49
01-05 20:33:38.622	          linker	[Debug]	            dji_command.c:980  received unsupport request cmd that noneed ack, <0x69ac> cmdset: 0x04 cmdid: 0x05
01-05 20:33:38.632	          linker	[Debug]	        dji_protocol_v3.c:387  <0x6a0a>V3-Recv: 01:003F:001E:0x0400 -> 03:003F:001E:0x0503 0x0405, tLen 70 dLen 49
01-05 20:33:38.632	          linker	[Debug]	        dji_protocol_v3.c:506  1:0x0400 convert to 0004(0x0400)
01-05 20:33:38.632	          linker	[Debug]	        dji_protocol_v3.c:506  3:0x0503 convert to 0065(0x0503)
01-05 20:33:38.633	          linker	[Debug]	            dji_command.c:1128  <0x6a0a>Receive msg from linker, 0x0400(0x0004)->0x0503(0x0065) 0x0405 len:49
01-05 20:33:38.633	          linker	[Debug]	            dji_command.c:980  received unsupport request cmd that noneed ack, <0x6a0a> cmdset: 0x04 cmdid: 0x05
01-05 20:33:38.643	          linker	[Debug]	        dji_protocol_v1.c:189  <0xc485>V1-Send: 0x0503->0x1007 0x198B
01-05 20:33:38.643	          linker	[Debug]	        dji_protocol_v3.c:266  <0xc486>V3-Send: 03:003F:001E:0x0503 -> 00:003F:001E:0x0200 0x3C10, tLen 85 dLen 64
01-05 20:33:38.643	          linker	[Debug]	        dji_protocol_v3.c:266  <0xc487>V3-Send: 03:003F:001E:0x0503 -> 00:003F:001E:0x0300 0x3C10, tLen 85 dLen 64
01-05 20:33:38.643	          linker	[Debug]	        dji_protocol_v3.c:266  <0xc488>V3-Send: 03:003F:001E:0x0503 -> 00:003F:001E:0x1104 0x3C10, tLen 85 dLen 64
01-05 20:33:38.643	          linker	[Debug]	        dji_protocol_v3.c:266  <0xc489>V3-Send: 03:003F:001E:0x0503 -> 00:003F:001E:0x0701 0x3C10, tLen 85 dLen 64
01-05 20:33:38.643	          linker	[Debug]	        dji_protocol_v3.c:266  <0xc48a>V3-Send: 03:003F:001E:0x0503 -> 00:003F:001E:0x1100 0x3C10, tLen 85 dLen 64
01-05 20:33:38.650	          linker	[Debug]	        dji_protocol_v3.c:387  <0x5cfd>V3-Recv: 00:003F:001E:0x0300 -> 03:003F:001E:0x0503 0x3C57, tLen 37 dLen 16
01-05 20:33:38.650	          linker	[Debug]	        dji_protocol_v3.c:506  0:0x0300 convert to 0003(0x0300)
01-05 20:33:38.650	          linker	[Debug]	        dji_protocol_v3.c:506  3:0x0503 convert to 0065(0x0503)
01-05 20:33:38.651	          linker	[Debug]	            dji_command.c:1128  <0x5cfd>Receive msg from linker, 0x0300(0x0003)->0x0503(0x0065) 0x3C57 len:16
01-05 20:33:38.651	          linker	[Debug]	            dji_command.c:980  received unsupport request cmd that noneed ack, <0x5cfd> cmdset: 0x3C cmdid: 0x57
01-05 20:33:38.656	          linker	[Debug]	        dji_protocol_v3.c:266  <0xc48b>V3-Send: 03:003F:001E:0x0503 -> 00:003F:001E:0x0200 0x3C1F, tLen 58 dLen 37
01-05 20:33:38.669	          linker	[Debug]	        dji_protocol_v3.c:387  <0x6a67>V3-Recv: 01:003F:001E:0x0400 -> 03:003F:001E:0x0503 0x0405, tLen 70 dLen 49
01-05 20:33:38.669	          linker	[Debug]	        dji_protocol_v3.c:506  1:0x0400 convert to 0004(0x0400)
01-05 20:33:38.669	          linker	[Debug]	        dji_protocol_v3.c:506  3:0x0503 convert to 0065(0x0503)
01-05 20:33:38.669	          linker	[Debug]	        dji_protocol_v3.c:387  <0x5211>V3-Recv: 00:003F:001E:0x1204 -> 03:003F:001E:0x0503 0x4900, tLen 23 dLen 2
01-05 20:33:38.669	          linker	[Debug]	        dji_protocol_v3.c:506  0:0x1204 convert to 0092(0x1204)
01-05 20:33:38.669	          linker	[Debug]	        dji_protocol_v3.c:506  3:0x0503 convert to 0065(0x0503)
01-05 20:33:38.670	          linker	[Debug]	            dji_command.c:1128  <0x6a67>Receive msg from linker, 0x0400(0x0004)->0x0503(0x0065) 0x0405 len:49
01-05 20:33:38.670	          linker	[Debug]	            dji_command.c:980  received unsupport request cmd that noneed ack, <0x6a67> cmdset: 0x04 cmdid: 0x05
01-05 20:33:38.671	          linker	[Debug]	            dji_command.c:1128  <0x5211>Receive msg from linker, 0x1204(0x0092)->0x0503(0x0065) 0x4900 len:2
01-05 20:33:38.671	          linker	[Debug]	        dji_protocol_v3.c:266  <0x5211>V3-Send: 03:003F:001E:0x0503 -> 00:003F:001E:0x1204 0x4900, tLen 23 dLen 2
01-05 20:33:38.680	          linker	[Debug]	        dji_protocol_v3.c:387  <0x6ac1>V3-Recv: 01:003F:001E:0x0400 -> 03:003F:001E:0x0503 0x0405, tLen 70 dLen 49
01-05 20:33:38.680	          linker	[Debug]	        dji_protocol_v3.c:506  1:0x0400 convert to 0004(0x0400)
01-05 20:33:38.680	          linker	[Debug]	        dji_protocol_v3.c:506  3:0x0503 convert to 0065(0x0503)
01-05 20:33:38.680	          linker	[Debug]	        dji_protocol_v3.c:387  <0x5215>V3-Recv: 00:003F:001E:0x1204 -> 03:003F:001E:0x0503 0x22AD, tLen 68 dLen 47
01-05 20:33:38.680	          linker	[Debug]	        dji_protocol_v3.c:506  0:0x1204 convert to 0092(0x1204)
01-05 20:33:38.680	          linker	[Debug]	        dji_protocol_v3.c:506  3:0x0503 convert to 0065(0x0503)
01-05 20:33:38.681	          linker	[Debug]	            dji_command.c:1128  <0x6ac1>Receive msg from linker, 0x0400(0x0004)->0x0503(0x0065) 0x0405 len:49
01-05 20:33:38.681	          linker	[Debug]	            dji_command.c:980  received unsupport request cmd that noneed ack, <0x6ac1> cmdset: 0x04 cmdid: 0x05
01-05 20:33:38.682	          linker	[Debug]	            dji_command.c:1128  <0x5215>Receive msg from linker, 0x1204(0x0092)->0x0503(0x0065) 0x22AD len:47
01-05 20:33:38.682	          linker	[Debug]	            dji_command.c:980  received unsupport request cmd that need ack, <0x5215> cmdset: 0x22 cmdid: 0xAD
01-05 20:33:38.692	          linker	[Debug]	        dji_protocol_v3.c:387  <0x6b1b>V3-Recv: 01:003F:001E:0x0400 -> 03:003F:001E:0x0503 0x0405, tLen 70 dLen 49
01-05 20:33:38.692	          linker	[Debug]	        dji_protocol_v3.c:506  1:0x0400 convert to 0004(0x0400)
01-05 20:33:38.692	          linker	[Debug]	        dji_protocol_v3.c:506  3:0x0503 convert to 0065(0x0503)
01-05 20:33:38.693	          linker	[Debug]	            dji_command.c:1128  <0x6b1b>Receive msg from linker, 0x0400(0x0004)->0x0503(0x0065) 0x0405 len:49
01-05 20:33:38.693	          linker	[Debug]	            dji_command.c:980  received unsupport request cmd that noneed ack, <0x6b1b> cmdset: 0x04 cmdid: 0x05
01-05 20:33:38.707	          linker	[Debug]	        dji_protocol_v3.c:266  <0xc48c>V3-Send: 03:003F:001E:0x0503 -> 00:003F:001E:0x0200 0x3C1B, tLen 77 dLen 56
01-05 20:33:38.712	          linker	[Debug]	        dji_protocol_v3.c:387  <0x6b75>V3-Recv: 01:003F:001E:0x0400 -> 03:003F:001E:0x0503 0x0405, tLen 70 dLen 49
01-05 20:33:38.712	          linker	[Debug]	        dji_protocol_v3.c:506  1:0x0400 convert to 0004(0x0400)
01-05 20:33:38.712	          linker	[Debug]	        dji_protocol_v3.c:506  3:0x0503 convert to 0065(0x0503)
01-05 20:33:38.712	          linker	[Debug]	            dji_command.c:1128  <0x6b75>Receive msg from linker, 0x0400(0x0004)->0x0503(0x0065) 0x0405 len:49
01-05 20:33:38.712	          linker	[Debug]	            dji_command.c:980  received unsupport request cmd that noneed ack, <0x6b75> cmdset: 0x04 cmdid: 0x05
01-05 20:33:38.724	          linker	[Debug]	        dji_protocol_v3.c:266  <0xc48d>V3-Send: 03:003F:001E:0x0503 -> 00:003F:001E:0x0801 0x0000, tLen 21 dLen 0
01-05 20:33:38.724	           infor	[Debug]	dji_aircraft_connection.c:170  check connect status:1
01-05 20:33:38.724	          linker	[Debug]	        dji_protocol_v3.c:387  <0xc48d>V3-Recv: 00:003F:001E:0x0801 -> 03:003F:001E:0x0503 0x0000, tLen 22 dLen 1
01-05 20:33:38.724	          linker	[Debug]	        dji_protocol_v3.c:506  0:0x0801 convert to 0028(0x0801)
01-05 20:33:38.724	          linker	[Debug]	        dji_protocol_v3.c:506  3:0x0503 convert to 0065(0x0503)
01-05 20:33:38.725	          linker	[Debug]	            dji_command.c:1128  <0xc48d>Receive msg from linker, 0x0801(0x0028)->0x0503(0x0065) 0x0000 len:1
01-05 20:33:38.725	           infor	[Debug]	dji_aircraft_connection.c:303  connect status async sucess
01-05 20:33:38.725	          linker	[Debug]	            dji_command.c:890  callback function (cmdset: 0x00 cmdid: 0x00) deal time: 0 ms
01-05 20:33:38.739	          linker	[Debug]	        dji_protocol_v3.c:387  <0x6bd1>V3-Recv: 01:003F:001E:0x0400 -> 03:003F:001E:0x0503 0x0405, tLen 70 dLen 49
01-05 20:33:38.739	          linker	[Debug]	        dji_protocol_v3.c:506  1:0x0400 convert to 0004(0x0400)
01-05 20:33:38.739	          linker	[Debug]	        dji_protocol_v3.c:506  3:0x0503 convert to 0065(0x0503)
01-05 20:33:38.740	          linker	[Debug]	            dji_command.c:1128  <0x6bd1>Receive msg from linker, 0x0400(0x0004)->0x0503(0x0065) 0x0405 len:49
01-05 20:33:38.740	          linker	[Debug]	            dji_command.c:980  received unsupport request cmd that noneed ack, <0x6bd1> cmdset: 0x04 cmdid: 0x05
01-05 20:33:38.752	          linker	[Debug]	        dji_protocol_v3.c:387  <0x6c2e>V3-Recv: 01:003F:001E:0x0400 -> 03:003F:001E:0x0503 0x0405, tLen 70 dLen 49
01-05 20:33:38.752	          linker	[Debug]	        dji_protocol_v3.c:506  1:0x0400 convert to 0004(0x0400)
01-05 20:33:38.752	          linker	[Debug]	        dji_protocol_v3.c:506  3:0x0503 convert to 0065(0x0503)
01-05 20:33:38.752	          linker	[Debug]	            dji_command.c:1128  <0x6c2e>Receive msg from linker, 0x0400(0x0004)->0x0503(0x0065) 0x0405 len:49
01-05 20:33:38.752	          linker	[Debug]	            dji_command.c:980  received unsupport request cmd that noneed ack, <0x6c2e> cmdset: 0x04 cmdid: 0x05
01-05 20:33:38.768	          linker	[Debug]	        dji_protocol_v3.c:387  <0x5221>V3-Recv: 00:003F:001E:0x1204 -> 03:003F:001E:0x0503 0x4900, tLen 23 dLen 2
01-05 20:33:38.768	          linker	[Debug]	        dji_protocol_v3.c:506  0:0x1204 convert to 0092(0x1204)
01-05 20:33:38.768	          linker	[Debug]	        dji_protocol_v3.c:506  3:0x0503 convert to 0065(0x0503)
01-05 20:33:38.768	          linker	[Debug]	            dji_command.c:1128  <0x5221>Receive msg from linker, 0x1204(0x0092)->0x0503(0x0065) 0x4900 len:2
01-05 20:33:38.768	          linker	[Debug]	        dji_protocol_v3.c:266  <0x5221>V3-Send: 03:003F:001E:0x0503 -> 00:003F:001E:0x1204 0x4900, tLen 23 dLen 2
01-05 20:33:38.780	          linker	[Debug]	        dji_protocol_v3.c:387  <0x6c88>V3-Recv: 01:003F:001E:0x0400 -> 03:003F:001E:0x0503 0x0405, tLen 70 dLen 49
01-05 20:33:38.780	          linker	[Debug]	        dji_protocol_v3.c:506  1:0x0400 convert to 0004(0x0400)
01-05 20:33:38.780	          linker	[Debug]	        dji_protocol_v3.c:506  3:0x0503 convert to 0065(0x0503)
01-05 20:33:38.780	          linker	[Debug]	        dji_protocol_v3.c:387  <0x5225>V3-Recv: 00:003F:001E:0x1204 -> 03:003F:001E:0x0503 0x22AD, tLen 68 dLen 47
01-05 20:33:38.780	          linker	[Debug]	        dji_protocol_v3.c:506  0:0x1204 convert to 0092(0x1204)
01-05 20:33:38.780	          linker	[Debug]	        dji_protocol_v3.c:506  3:0x0503 convert to 0065(0x0503)
01-05 20:33:38.780	          linker	[Debug]	            dji_command.c:1128  <0x6c88>Receive msg from linker, 0x0400(0x0004)->0x0503(0x0065) 0x0405 len:49
01-05 20:33:38.780	          linker	[Debug]	            dji_command.c:980  received unsupport request cmd that noneed ack, <0x6c88> cmdset: 0x04 cmdid: 0x05
01-05 20:33:38.781	          linker	[Debug]	            dji_command.c:1128  <0x5225>Receive msg from linker, 0x1204(0x0092)->0x0503(0x0065) 0x22AD len:47
01-05 20:33:38.781	          linker	[Debug]	            dji_command.c:980  received unsupport request cmd that need ack, <0x5225> cmdset: 0x22 cmdid: 0xAD
01-05 20:33:38.792	          linker	[Debug]	        dji_protocol_v3.c:387  <0x6ce2>V3-Recv: 01:003F:001E:0x0400 -> 03:003F:001E:0x0503 0x0405, tLen 70 dLen 49
01-05 20:33:38.792	          linker	[Debug]	        dji_protocol_v3.c:506  1:0x0400 convert to 0004(0x0400)
01-05 20:33:38.792	          linker	[Debug]	        dji_protocol_v3.c:506  3:0x0503 convert to 0065(0x0503)
01-05 20:33:38.792	          linker	[Debug]	            dji_command.c:1128  <0x6ce2>Receive msg from linker, 0x0400(0x0004)->0x0503(0x0065) 0x0405 len:49
01-05 20:33:38.792	          linker	[Debug]	            dji_command.c:980  received unsupport request cmd that noneed ack, <0x6ce2> cmdset: 0x04 cmdid: 0x05
01-05 20:33:38.802	          linker	[Debug]	        dji_protocol_v1.c:309  <0x2035>V1-Recv: 0x0A06->0x0503 0x0866
01-05 20:33:38.802	          linker	[Debug]	            dji_command.c:1128  <0x2035>Receive msg from linker, 0x0A06(0x00CA)->0x0503(0x0065) 0x0866 len:96
01-05 20:33:38.802	          linker	[Debug]	            dji_command.c:980  received unsupport request cmd that noneed ack, <0x2035> cmdset: 0x08 cmdid: 0x66
01-05 20:33:38.807	          linker	[Debug]	        dji_protocol_v3.c:387  <0x2967>V3-Recv: 00:003F:001E:0x0801 -> 03:003F:001E:0x0503 0x0099, tLen 98 dLen 77
01-05 20:33:38.807	          linker	[Debug]	        dji_protocol_v3.c:506  0:0x0801 convert to 0028(0x0801)
01-05 20:33:38.807	          linker	[Debug]	        dji_protocol_v3.c:506  3:0x0503 convert to 0065(0x0503)
01-05 20:33:38.808	          linker	[Debug]	            dji_command.c:1128  <0x2967>Receive msg from linker, 0x0801(0x0028)->0x0503(0x0065) 0x0099 len:77
01-05 20:33:38.825	          linker	[Debug]	        dji_protocol_v3.c:387  <0x2968>V3-Recv: 00:003F:001E:0x0801 -> 03:003F:001E:0x0503 0x0099, tLen 95 dLen 74
01-05 20:33:38.826	          linker	[Debug]	        dji_protocol_v3.c:506  0:0x0801 convert to 0028(0x0801)
01-05 20:33:38.826	          linker	[Debug]	        dji_protocol_v3.c:506  3:0x0503 convert to 0065(0x0503)
01-05 20:33:38.826	          linker	[Debug]	        dji_protocol_v3.c:387  <0x2969>V3-Recv: 00:003F:001E:0x0801 -> 03:003F:001E:0x0503 0x0099, tLen 65 dLen 44
01-05 20:33:38.826	          linker	[Debug]	        dji_protocol_v3.c:506  0:0x0801 convert to 0028(0x0801)
01-05 20:33:38.826	          linker	[Debug]	        dji_protocol_v3.c:506  3:0x0503 convert to 0065(0x0503)
01-05 20:33:38.826	          linker	[Debug]	        dji_protocol_v3.c:387  <0x6d3c>V3-Recv: 01:003F:001E:0x0400 -> 03:003F:001E:0x0503 0x0405, tLen 70 dLen 49
01-05 20:33:38.826	          linker	[Debug]	            dji_command.c:1128  <0x2968>Receive msg from linker, 0x0801(0x0028)->0x0503(0x0065) 0x0099 len:74
01-05 20:33:38.826	          linker	[Debug]	        dji_protocol_v3.c:506  1:0x0400 convert to 0004(0x0400)
01-05 20:33:38.826	          linker	[Debug]	        dji_protocol_v3.c:506  3:0x0503 convert to 0065(0x0503)
01-05 20:33:38.827	          linker	[Debug]	            dji_command.c:1128  <0x2969>Receive msg from linker, 0x0801(0x0028)->0x0503(0x0065) 0x0099 len:44
01-05 20:33:38.828	          linker	[Debug]	            dji_command.c:1128  <0x6d3c>Receive msg from linker, 0x0400(0x0004)->0x0503(0x0065) 0x0405 len:49
01-05 20:33:38.828	          linker	[Debug]	            dji_command.c:980  received unsupport request cmd that noneed ack, <0x6d3c> cmdset: 0x04 cmdid: 0x05
01-05 20:33:38.838	          linker	[Debug]	        dji_protocol_v3.c:387  <0x6d98>V3-Recv: 01:003F:001E:0x0400 -> 03:003F:001E:0x0503 0x0405, tLen 70 dLen 49
01-05 20:33:38.838	          linker	[Debug]	        dji_protocol_v3.c:506  1:0x0400 convert to 0004(0x0400)
01-05 20:33:38.838	          linker	[Debug]	        dji_protocol_v3.c:506  3:0x0503 convert to 0065(0x0503)
01-05 20:33:38.839	          linker	[Debug]	            dji_command.c:1128  <0x6d98>Receive msg from linker, 0x0400(0x0004)->0x0503(0x0065) 0x0405 len:49
01-05 20:33:38.839	          linker	[Debug]	            dji_command.c:980  received unsupport request cmd that noneed ack, <0x6d98> cmdset: 0x04 cmdid: 0x05
01-05 20:33:38.850	          linker	[Debug]	        dji_protocol_v3.c:387  <0x5e6f>V3-Recv: 00:003F:001E:0x0300 -> 03:003F:001E:0x0503 0x3C57, tLen 37 dLen 16
01-05 20:33:38.850	          linker	[Debug]	        dji_protocol_v3.c:506  0:0x0300 convert to 0003(0x0300)
01-05 20:33:38.851	          linker	[Debug]	        dji_protocol_v3.c:506  3:0x0503 convert to 0065(0x0503)
01-05 20:33:38.851	          linker	[Debug]	            dji_command.c:1128  <0x5e6f>Receive msg from linker, 0x0300(0x0003)->0x0503(0x0065) 0x3C57 len:16
01-05 20:33:38.851	          linker	[Debug]	            dji_command.c:980  received unsupport request cmd that noneed ack, <0x5e6f> cmdset: 0x3C cmdid: 0x57
01-05 20:33:38.857	          linker	[Debug]	        dji_protocol_v3.c:266  <0xc48e>V3-Send: 03:003F:001E:0x0503 -> 00:003F:001E:0x0200 0x3C1F, tLen 58 dLen 37
01-05 20:33:38.860	          linker	[Debug]	        dji_protocol_v1.c:189  <0xc48f>V1-Send: 0x0503->0x1007 0x198B
01-05 20:33:38.860	          linker	[Debug]	        dji_protocol_v3.c:266  <0xc490>V3-Send: 03:003F:001E:0x0503 -> 00:003F:001E:0x0200 0x3C10, tLen 85 dLen 64
01-05 20:33:38.861	          linker	[Debug]	        dji_protocol_v3.c:266  <0xc491>V3-Send: 03:003F:001E:0x0503 -> 00:003F:001E:0x0300 0x3C10, tLen 85 dLen 64
01-05 20:33:38.861	          linker	[Debug]	        dji_protocol_v3.c:266  <0xc492>V3-Send: 03:003F:001E:0x0503 -> 00:003F:001E:0x1104 0x3C10, tLen 85 dLen 64
01-05 20:33:38.861	          linker	[Debug]	        dji_protocol_v3.c:266  <0xc493>V3-Send: 03:003F:001E:0x0503 -> 00:003F:001E:0x0701 0x3C10, tLen 85 dLen 64
01-05 20:33:38.861	          linker	[Debug]	        dji_protocol_v3.c:266  <0xc494>V3-Send: 03:003F:001E:0x0503 -> 00:003F:001E:0x1100 0x3C10, tLen 85 dLen 64
01-05 20:33:38.869	          linker	[Debug]	        dji_protocol_v3.c:387  <0x6df4>V3-Recv: 01:003F:001E:0x0400 -> 03:003F:001E:0x0503 0x0405, tLen 70 dLen 49
01-05 20:33:38.869	          linker	[Debug]	        dji_protocol_v3.c:506  1:0x0400 convert to 0004(0x0400)
01-05 20:33:38.869	          linker	[Debug]	        dji_protocol_v3.c:506  3:0x0503 convert to 0065(0x0503)
01-05 20:33:38.869	          linker	[Debug]	        dji_protocol_v3.c:387  <0x5231>V3-Recv: 00:003F:001E:0x1204 -> 03:003F:001E:0x0503 0x4900, tLen 23 dLen 2
01-05 20:33:38.869	          linker	[Debug]	        dji_protocol_v3.c:506  0:0x1204 convert to 0092(0x1204)
01-05 20:33:38.869	          linker	[Debug]	        dji_protocol_v3.c:506  3:0x0503 convert to 0065(0x0503)
01-05 20:33:38.870	          linker	[Debug]	            dji_command.c:1128  <0x6df4>Receive msg from linker, 0x0400(0x0004)->0x0503(0x0065) 0x0405 len:49
01-05 20:33:38.870	          linker	[Debug]	            dji_command.c:980  received unsupport request cmd that noneed ack, <0x6df4> cmdset: 0x04 cmdid: 0x05
01-05 20:33:38.871	          linker	[Debug]	            dji_command.c:1128  <0x5231>Receive msg from linker, 0x1204(0x0092)->0x0503(0x0065) 0x4900 len:2
01-05 20:33:38.871	          linker	[Debug]	        dji_protocol_v3.c:266  <0x5231>V3-Send: 03:003F:001E:0x0503 -> 00:003F:001E:0x1204 0x4900, tLen 23 dLen 2
01-05 20:33:38.880	          linker	[Debug]	        dji_protocol_v3.c:387  <0x6e4e>V3-Recv: 01:003F:001E:0x0400 -> 03:003F:001E:0x0503 0x0405, tLen 70 dLen 49
01-05 20:33:38.880	          linker	[Debug]	        dji_protocol_v3.c:506  1:0x0400 convert to 0004(0x0400)
01-05 20:33:38.880	          linker	[Debug]	        dji_protocol_v3.c:506  3:0x0503 convert to 0065(0x0503)
01-05 20:33:38.880	          linker	[Debug]	        dji_protocol_v3.c:387  <0x5235>V3-Recv: 00:003F:001E:0x1204 -> 03:003F:001E:0x0503 0x22AD, tLen 68 dLen 47
01-05 20:33:38.880	          linker	[Debug]	        dji_protocol_v3.c:506  0:0x1204 convert to 0092(0x1204)
01-05 20:33:38.880	          linker	[Debug]	        dji_protocol_v3.c:506  3:0x0503 convert to 0065(0x0503)
01-05 20:33:38.881	          linker	[Debug]	            dji_command.c:1128  <0x6e4e>Receive msg from linker, 0x0400(0x0004)->0x0503(0x0065) 0x0405 len:49
01-05 20:33:38.881	          linker	[Debug]	            dji_command.c:980  received unsupport request cmd that noneed ack, <0x6e4e> cmdset: 0x04 cmdid: 0x05
01-05 20:33:38.882	          linker	[Debug]	            dji_command.c:1128  <0x5235>Receive msg from linker, 0x1204(0x0092)->0x0503(0x0065) 0x22AD len:47
01-05 20:33:38.882	          linker	[Debug]	            dji_command.c:980  received unsupport request cmd that need ack, <0x5235> cmdset: 0x22 cmdid: 0xAD
01-05 20:33:38.892	          linker	[Debug]	        dji_protocol_v3.c:387  <0x6ea9>V3-Recv: 01:003F:001E:0x0400 -> 03:003F:001E:0x0503 0x0405, tLen 70 dLen 49
01-05 20:33:38.892	          linker	[Debug]	        dji_protocol_v3.c:506  1:0x0400 convert to 0004(0x0400)
01-05 20:33:38.892	          linker	[Debug]	        dji_protocol_v3.c:506  3:0x0503 convert to 0065(0x0503)
01-05 20:33:38.893	          linker	[Debug]	            dji_command.c:1128  <0x6ea9>Receive msg from linker, 0x0400(0x0004)->0x0503(0x0065) 0x0405 len:49
01-05 20:33:38.893	          linker	[Debug]	            dji_command.c:980  received unsupport request cmd that noneed ack, <0x6ea9> cmdset: 0x04 cmdid: 0x05
01-05 20:33:38.912	          linker	[Debug]	        dji_protocol_v3.c:387  <0x6f03>V3-Recv: 01:003F:001E:0x0400 -> 03:003F:001E:0x0503 0x0405, tLen 70 dLen 49
01-05 20:33:38.912	          linker	[Debug]	        dji_protocol_v3.c:506  1:0x0400 convert to 0004(0x0400)
01-05 20:33:38.912	          linker	[Debug]	        dji_protocol_v3.c:506  3:0x0503 convert to 0065(0x0503)
01-05 20:33:38.913	          linker	[Debug]	            dji_command.c:1128  <0x6f03>Receive msg from linker, 0x0400(0x0004)->0x0503(0x0065) 0x0405 len:49
01-05 20:33:38.913	          linker	[Debug]	            dji_command.c:980  received unsupport request cmd that noneed ack, <0x6f03> cmdset: 0x04 cmdid: 0x05
01-05 20:33:38.924	          linker	[Debug]	        dji_protocol_v3.c:266  <0xc495>V3-Send: 03:003F:001E:0x0503 -> 00:003F:001E:0x0200 0x3C1B, tLen 77 dLen 56
01-05 20:33:38.932	          linker	[Debug]	        dji_protocol_v3.c:387  <0x6f5f>V3-Recv: 01:003F:001E:0x0400 -> 03:003F:001E:0x0503 0x0405, tLen 70 dLen 49
01-05 20:33:38.932	          linker	[Debug]	        dji_protocol_v3.c:506  1:0x0400 convert to 0004(0x0400)
01-05 20:33:38.932	          linker	[Debug]	        dji_protocol_v3.c:506  3:0x0503 convert to 0065(0x0503)
01-05 20:33:38.932	          linker	[Debug]	            dji_command.c:1128  <0x6f5f>Receive msg from linker, 0x0400(0x0004)->0x0503(0x0065) 0x0405 len:49
01-05 20:33:38.933	          linker	[Debug]	            dji_command.c:980  received unsupport request cmd that noneed ack, <0x6f5f> cmdset: 0x04 cmdid: 0x05
01-05 20:33:38.952	          linker	[Debug]	        dji_protocol_v3.c:387  <0x6fbb>V3-Recv: 01:003F:001E:0x0400 -> 03:003F:001E:0x0503 0x0405, tLen 70 dLen 49
01-05 20:33:38.952	          linker	[Debug]	        dji_protocol_v3.c:506  1:0x0400 convert to 0004(0x0400)
01-05 20:33:38.952	          linker	[Debug]	        dji_protocol_v3.c:506  3:0x0503 convert to 0065(0x0503)
01-05 20:33:38.953	          linker	[Debug]	            dji_command.c:1128  <0x6fbb>Receive msg from linker, 0x0400(0x0004)->0x0503(0x0065) 0x0405 len:49
01-05 20:33:38.953	          linker	[Debug]	            dji_command.c:980  received unsupport request cmd that noneed ack, <0x6fbb> cmdset: 0x04 cmdid: 0x05
01-05 20:33:38.968	          linker	[Debug]	        dji_protocol_v3.c:387  <0x5241>V3-Recv: 00:003F:001E:0x1204 -> 03:003F:001E:0x0503 0x4900, tLen 23 dLen 2
01-05 20:33:38.968	          linker	[Debug]	        dji_protocol_v3.c:506  0:0x1204 convert to 0092(0x1204)
01-05 20:33:38.968	          linker	[Debug]	        dji_protocol_v3.c:506  3:0x0503 convert to 0065(0x0503)
01-05 20:33:38.968	          linker	[Debug]	            dji_command.c:1128  <0x5241>Receive msg from linker, 0x1204(0x0092)->0x0503(0x0065) 0x4900 len:2
01-05 20:33:38.968	          linker	[Debug]	        dji_protocol_v3.c:266  <0x5241>V3-Send: 03:003F:001E:0x0503 -> 00:003F:001E:0x1204 0x4900, tLen 23 dLen 2
01-05 20:33:38.980	          linker	[Debug]	        dji_protocol_v3.c:387  <0x7015>V3-Recv: 01:003F:001E:0x0400 -> 03:003F:001E:0x0503 0x0405, tLen 70 dLen 49
01-05 20:33:38.980	          linker	[Debug]	        dji_protocol_v3.c:506  1:0x0400 convert to 0004(0x0400)
01-05 20:33:38.980	          linker	[Debug]	        dji_protocol_v3.c:506  3:0x0503 convert to 0065(0x0503)
01-05 20:33:38.980	          linker	[Debug]	        dji_protocol_v3.c:387  <0x5245>V3-Recv: 00:003F:001E:0x1204 -> 03:003F:001E:0x0503 0x22AD, tLen 68 dLen 47
01-05 20:33:38.980	          linker	[Debug]	        dji_protocol_v3.c:506  0:0x1204 convert to 0092(0x1204)
01-05 20:33:38.980	          linker	[Debug]	        dji_protocol_v3.c:506  3:0x0503 convert to 0065(0x0503)
01-05 20:33:38.981	          linker	[Debug]	            dji_command.c:1128  <0x7015>Receive msg from linker, 0x0400(0x0004)->0x0503(0x0065) 0x0405 len:49
01-05 20:33:38.981	          linker	[Debug]	            dji_command.c:980  received unsupport request cmd that noneed ack, <0x7015> cmdset: 0x04 cmdid: 0x05
01-05 20:33:38.982	          linker	[Debug]	            dji_command.c:1128  <0x5245>Receive msg from linker, 0x1204(0x0092)->0x0503(0x0065) 0x22AD len:47
01-05 20:33:38.982	          linker	[Debug]	            dji_command.c:980  received unsupport request cmd that need ack, <0x5245> cmdset: 0x22 cmdid: 0xAD
01-05 20:33:38.992	          linker	[Debug]	        dji_protocol_v3.c:387  <0x706f>V3-Recv: 01:003F:001E:0x0400 -> 03:003F:001E:0x0503 0x0405, tLen 70 dLen 49
01-05 20:33:38.992	          linker	[Debug]	        dji_protocol_v3.c:506  1:0x0400 convert to 0004(0x0400)
01-05 20:33:38.992	          linker	[Debug]	        dji_protocol_v3.c:506  3:0x0503 convert to 0065(0x0503)
01-05 20:33:38.993	          linker	[Debug]	            dji_command.c:1128  <0x706f>Receive msg from linker, 0x0400(0x0004)->0x0503(0x0065) 0x0405 len:49
01-05 20:33:38.993	          linker	[Debug]	            dji_command.c:980  received unsupport request cmd that noneed ack, <0x706f> cmdset: 0x04 cmdid: 0x05
01-05 20:33:39.012	          linker	[Debug]	        dji_protocol_v3.c:387  <0x70c9>V3-Recv: 01:003F:001E:0x0400 -> 03:003F:001E:0x0503 0x0405, tLen 70 dLen 49
01-05 20:33:39.012	          linker	[Debug]	        dji_protocol_v3.c:506  1:0x0400 convert to 0004(0x0400)
01-05 20:33:39.012	          linker	[Debug]	        dji_protocol_v3.c:506  3:0x0503 convert to 0065(0x0503)
01-05 20:33:39.012	          linker	[Debug]	            dji_command.c:1128  <0x70c9>Receive msg from linker, 0x0400(0x0004)->0x0503(0x0065) 0x0405 len:49
01-05 20:33:39.012	          linker	[Debug]	            dji_command.c:980  received unsupport request cmd that noneed ack, <0x70c9> cmdset: 0x04 cmdid: 0x05
01-05 20:33:39.032	          linker	[Debug]	        dji_protocol_v3.c:387  <0x7126>V3-Recv: 01:003F:001E:0x0400 -> 03:003F:001E:0x0503 0x0405, tLen 70 dLen 49
01-05 20:33:39.032	          linker	[Debug]	        dji_protocol_v3.c:506  1:0x0400 convert to 0004(0x0400)
01-05 20:33:39.032	          linker	[Debug]	        dji_protocol_v3.c:506  3:0x0503 convert to 0065(0x0503)
01-05 20:33:39.032	          linker	[Debug]	            dji_command.c:1128  <0x7126>Receive msg from linker, 0x0400(0x0004)->0x0503(0x0065) 0x0405 len:49
01-05 20:33:39.032	          linker	[Debug]	            dji_command.c:980  received unsupport request cmd that noneed ack, <0x7126> cmdset: 0x04 cmdid: 0x05
01-05 20:33:39.050	          linker	[Debug]	        dji_protocol_v3.c:387  <0x5fd0>V3-Recv: 00:003F:001E:0x0300 -> 03:003F:001E:0x0503 0x3C57, tLen 37 dLen 16
01-05 20:33:39.050	          linker	[Debug]	        dji_protocol_v3.c:506  0:0x0300 convert to 0003(0x0300)
01-05 20:33:39.050	          linker	[Debug]	        dji_protocol_v3.c:506  3:0x0503 convert to 0065(0x0503)
01-05 20:33:39.051	          linker	[Debug]	            dji_command.c:1128  <0x5fd0>Receive msg from linker, 0x0300(0x0003)->0x0503(0x0065) 0x3C57 len:16
01-05 20:33:39.051	          linker	[Debug]	            dji_command.c:980  received unsupport request cmd that noneed ack, <0x5fd0> cmdset: 0x3C cmdid: 0x57
01-05 20:33:39.057	          linker	[Debug]	        dji_protocol_v3.c:266  <0xc496>V3-Send: 03:003F:001E:0x0503 -> 00:003F:001E:0x0200 0x3C1F, tLen 58 dLen 37
01-05 20:33:39.069	          linker	[Debug]	        dji_protocol_v3.c:387  <0x7181>V3-Recv: 01:003F:001E:0x0400 -> 03:003F:001E:0x0503 0x0405, tLen 70 dLen 49
01-05 20:33:39.069	          linker	[Debug]	        dji_protocol_v3.c:506  1:0x0400 convert to 0004(0x0400)
01-05 20:33:39.069	          linker	[Debug]	        dji_protocol_v3.c:506  3:0x0503 convert to 0065(0x0503)
01-05 20:33:39.069	          linker	[Debug]	        dji_protocol_v3.c:387  <0x5251>V3-Recv: 00:003F:001E:0x1204 -> 03:003F:001E:0x0503 0x4900, tLen 23 dLen 2
01-05 20:33:39.069	          linker	[Debug]	        dji_protocol_v3.c:506  0:0x1204 convert to 0092(0x1204)
01-05 20:33:39.069	          linker	[Debug]	        dji_protocol_v3.c:506  3:0x0503 convert to 0065(0x0503)
01-05 20:33:39.070	          linker	[Debug]	            dji_command.c:1128  <0x7181>Receive msg from linker, 0x0400(0x0004)->0x0503(0x0065) 0x0405 len:49
01-05 20:33:39.070	          linker	[Debug]	            dji_command.c:980  received unsupport request cmd that noneed ack, <0x7181> cmdset: 0x04 cmdid: 0x05
01-05 20:33:39.071	          linker	[Debug]	            dji_command.c:1128  <0x5251>Receive msg from linker, 0x1204(0x0092)->0x0503(0x0065) 0x4900 len:2
01-05 20:33:39.071	          linker	[Debug]	        dji_protocol_v3.c:266  <0x5251>V3-Send: 03:003F:001E:0x0503 -> 00:003F:001E:0x1204 0x4900, tLen 23 dLen 2
01-05 20:33:39.077	          linker	[Debug]	        dji_protocol_v1.c:189  <0xc497>V1-Send: 0x0503->0x1007 0x198B
01-05 20:33:39.077	          linker	[Debug]	        dji_protocol_v3.c:266  <0xc498>V3-Send: 03:003F:001E:0x0503 -> 00:003F:001E:0x0200 0x3C10, tLen 85 dLen 64
01-05 20:33:39.077	          linker	[Debug]	        dji_protocol_v3.c:266  <0xc499>V3-Send: 03:003F:001E:0x0503 -> 00:003F:001E:0x0300 0x3C10, tLen 85 dLen 64
01-05 20:33:39.077	          linker	[Debug]	        dji_protocol_v3.c:266  <0xc49a>V3-Send: 03:003F:001E:0x0503 -> 00:003F:001E:0x1104 0x3C10, tLen 85 dLen 64
01-05 20:33:39.077	          linker	[Debug]	        dji_protocol_v3.c:266  <0xc49b>V3-Send: 03:003F:001E:0x0503 -> 00:003F:001E:0x0701 0x3C10, tLen 85 dLen 64
01-05 20:33:39.077	          linker	[Debug]	        dji_protocol_v3.c:266  <0xc49c>V3-Send: 03:003F:001E:0x0503 -> 00:003F:001E:0x1100 0x3C10, tLen 85 dLen 64
01-05 20:33:39.080	          linker	[Debug]	        dji_protocol_v3.c:387  <0x71db>V3-Recv: 01:003F:001E:0x0400 -> 03:003F:001E:0x0503 0x0405, tLen 70 dLen 49
01-05 20:33:39.080	          linker	[Debug]	        dji_protocol_v3.c:506  1:0x0400 convert to 0004(0x0400)
01-05 20:33:39.080	          linker	[Debug]	        dji_protocol_v3.c:506  3:0x0503 convert to 0065(0x0503)
01-05 20:33:39.080	          linker	[Debug]	        dji_protocol_v3.c:387  <0x5255>V3-Recv: 00:003F:001E:0x1204 -> 03:003F:001E:0x0503 0x22AD, tLen 68 dLen 47
01-05 20:33:39.080	          linker	[Debug]	        dji_protocol_v3.c:506  0:0x1204 convert to 0092(0x1204)
01-05 20:33:39.080	          linker	[Debug]	        dji_protocol_v3.c:506  3:0x0503 convert to 0065(0x0503)
01-05 20:33:39.081	          linker	[Debug]	            dji_command.c:1128  <0x71db>Receive msg from linker, 0x0400(0x0004)->0x0503(0x0065) 0x0405 len:49
01-05 20:33:39.081	          linker	[Debug]	            dji_command.c:980  received unsupport request cmd that noneed ack, <0x71db> cmdset: 0x04 cmdid: 0x05
01-05 20:33:39.082	          linker	[Debug]	            dji_command.c:1128  <0x5255>Receive msg from linker, 0x1204(0x0092)->0x0503(0x0065) 0x22AD len:47
01-05 20:33:39.082	          linker	[Debug]	            dji_command.c:980  received unsupport request cmd that need ack, <0x5255> cmdset: 0x22 cmdid: 0xAD
01-05 20:33:39.092	          linker	[Debug]	        dji_protocol_v3.c:387  <0x7235>V3-Recv: 01:003F:001E:0x0400 -> 03:003F:001E:0x0503 0x0405, tLen 70 dLen 49
01-05 20:33:39.092	          linker	[Debug]	        dji_protocol_v3.c:506  1:0x0400 convert to 0004(0x0400)
01-05 20:33:39.092	          linker	[Debug]	        dji_protocol_v3.c:506  3:0x0503 convert to 0065(0x0503)
01-05 20:33:39.093	          linker	[Debug]	            dji_command.c:1128  <0x7235>Receive msg from linker, 0x0400(0x0004)->0x0503(0x0065) 0x0405 len:49
01-05 20:33:39.093	          linker	[Debug]	            dji_command.c:980  received unsupport request cmd that noneed ack, <0x7235> cmdset: 0x04 cmdid: 0x05
01-05 20:33:39.112	          linker	[Debug]	        dji_protocol_v3.c:387  <0x728f>V3-Recv: 01:003F:001E:0x0400 -> 03:003F:001E:0x0503 0x0405, tLen 70 dLen 49
01-05 20:33:39.112	          linker	[Debug]	        dji_protocol_v3.c:506  1:0x0400 convert to 0004(0x0400)
01-05 20:33:39.112	          linker	[Debug]	        dji_protocol_v3.c:506  3:0x0503 convert to 0065(0x0503)
01-05 20:33:39.112	          linker	[Debug]	            dji_command.c:1128  <0x728f>Receive msg from linker, 0x0400(0x0004)->0x0503(0x0065) 0x0405 len:49
01-05 20:33:39.112	          linker	[Debug]	            dji_command.c:980  received unsupport request cmd that noneed ack, <0x728f> cmdset: 0x04 cmdid: 0x05
01-05 20:33:39.134	          linker	[Debug]	        dji_protocol_v3.c:387  <0x72ef>V3-Recv: 01:003F:001E:0x0400 -> 03:003F:001E:0x0503 0x0405, tLen 70 dLen 49
01-05 20:33:39.134	          linker	[Debug]	        dji_protocol_v3.c:506  1:0x0400 convert to 0004(0x0400)
01-05 20:33:39.135	          linker	[Debug]	        dji_protocol_v3.c:506  3:0x0503 convert to 0065(0x0503)
01-05 20:33:39.136	          linker	[Debug]	            dji_command.c:1128  <0x72ef>Receive msg from linker, 0x0400(0x0004)->0x0503(0x0065) 0x0405 len:49
01-05 20:33:39.136	          linker	[Debug]	            dji_command.c:980  received unsupport request cmd that noneed ack, <0x72ef> cmdset: 0x04 cmdid: 0x05
01-05 20:33:39.140	          linker	[Debug]	        dji_protocol_v3.c:266  <0xc49d>V3-Send: 03:003F:001E:0x0503 -> 00:003F:001E:0x0200 0x3C1B, tLen 77 dLen 56
01-05 20:33:39.152	          linker	[Debug]	        dji_protocol_v3.c:387  <0x734d>V3-Recv: 01:003F:001E:0x0400 -> 03:003F:001E:0x0503 0x0405, tLen 70 dLen 49
01-05 20:33:39.152	          linker	[Debug]	        dji_protocol_v3.c:506  1:0x0400 convert to 0004(0x0400)
01-05 20:33:39.152	          linker	[Debug]	        dji_protocol_v3.c:506  3:0x0503 convert to 0065(0x0503)
01-05 20:33:39.152	          linker	[Debug]	            dji_command.c:1128  <0x734d>Receive msg from linker, 0x0400(0x0004)->0x0503(0x0065) 0x0405 len:49
01-05 20:33:39.152	          linker	[Debug]	            dji_command.c:980  received unsupport request cmd that noneed ack, <0x734d> cmdset: 0x04 cmdid: 0x05
01-05 20:33:39.168	          linker	[Debug]	        dji_protocol_v3.c:387  <0x5262>V3-Recv: 00:003F:001E:0x1204 -> 03:003F:001E:0x0503 0x4900, tLen 23 dLen 2
01-05 20:33:39.168	          linker	[Debug]	        dji_protocol_v3.c:506  0:0x1204 convert to 0092(0x1204)
01-05 20:33:39.168	          linker	[Debug]	        dji_protocol_v3.c:506  3:0x0503 convert to 0065(0x0503)
01-05 20:33:39.168	          linker	[Debug]	            dji_command.c:1128  <0x5262>Receive msg from linker, 0x1204(0x0092)->0x0503(0x0065) 0x4900 len:2
01-05 20:33:39.168	          linker	[Debug]	        dji_protocol_v3.c:266  <0x5262>V3-Send: 03:003F:001E:0x0503 -> 00:003F:001E:0x1204 0x4900, tLen 23 dLen 2
01-05 20:33:39.180	          linker	[Debug]	        dji_protocol_v3.c:387  <0x73a7>V3-Recv: 01:003F:001E:0x0400 -> 03:003F:001E:0x0503 0x0405, tLen 70 dLen 49
01-05 20:33:39.180	          linker	[Debug]	        dji_protocol_v3.c:506  1:0x0400 convert to 0004(0x0400)
01-05 20:33:39.180	          linker	[Debug]	        dji_protocol_v3.c:506  3:0x0503 convert to 0065(0x0503)
01-05 20:33:39.180	          linker	[Debug]	        dji_protocol_v3.c:387  <0x5266>V3-Recv: 00:003F:001E:0x1204 -> 03:003F:001E:0x0503 0x22AD, tLen 68 dLen 47
01-05 20:33:39.180	          linker	[Debug]	        dji_protocol_v3.c:506  0:0x1204 convert to 0092(0x1204)
01-05 20:33:39.180	          linker	[Debug]	        dji_protocol_v3.c:506  3:0x0503 convert to 0065(0x0503)
01-05 20:33:39.180	          linker	[Debug]	            dji_command.c:1128  <0x73a7>Receive msg from linker, 0x0400(0x0004)->0x0503(0x0065) 0x0405 len:49
01-05 20:33:39.180	          linker	[Debug]	            dji_command.c:980  received unsupport request cmd that noneed ack, <0x73a7> cmdset: 0x04 cmdid: 0x05
01-05 20:33:39.181	          linker	[Debug]	            dji_command.c:1128  <0x5266>Receive msg from linker, 0x1204(0x0092)->0x0503(0x0065) 0x22AD len:47
01-05 20:33:39.181	          linker	[Debug]	            dji_command.c:980  received unsupport request cmd that need ack, <0x5266> cmdset: 0x22 cmdid: 0xAD
01-05 20:33:39.192	          linker	[Debug]	        dji_protocol_v3.c:387  <0x7401>V3-Recv: 01:003F:001E:0x0400 -> 03:003F:001E:0x0503 0x0405, tLen 70 dLen 49
01-05 20:33:39.192	          linker	[Debug]	        dji_protocol_v3.c:506  1:0x0400 convert to 0004(0x0400)
01-05 20:33:39.192	          linker	[Debug]	        dji_protocol_v3.c:506  3:0x0503 convert to 0065(0x0503)
01-05 20:33:39.192	          linker	[Debug]	            dji_command.c:1128  <0x7401>Receive msg from linker, 0x0400(0x0004)->0x0503(0x0065) 0x0405 len:49
01-05 20:33:39.192	          linker	[Debug]	            dji_command.c:980  received unsupport request cmd that noneed ack, <0x7401> cmdset: 0x04 cmdid: 0x05
01-05 20:33:39.212	          linker	[Debug]	        dji_protocol_v3.c:387  <0x745b>V3-Recv: 01:003F:001E:0x0400 -> 03:003F:001E:0x0503 0x0405, tLen 70 dLen 49
01-05 20:33:39.212	          linker	[Debug]	        dji_protocol_v3.c:506  1:0x0400 convert to 0004(0x0400)
01-05 20:33:39.212	          linker	[Debug]	        dji_protocol_v3.c:506  3:0x0503 convert to 0065(0x0503)
01-05 20:33:39.212	          linker	[Debug]	            dji_command.c:1128  <0x745b>Receive msg from linker, 0x0400(0x0004)->0x0503(0x0065) 0x0405 len:49
01-05 20:33:39.212	          linker	[Debug]	            dji_command.c:980  received unsupport request cmd that noneed ack, <0x745b> cmdset: 0x04 cmdid: 0x05
01-05 20:33:39.232	          linker	[Debug]	        dji_protocol_v3.c:387  <0x74b8>V3-Recv: 01:003F:001E:0x0400 -> 03:003F:001E:0x0503 0x0405, tLen 70 dLen 49
01-05 20:33:39.232	          linker	[Debug]	        dji_protocol_v3.c:506  1:0x0400 convert to 0004(0x0400)
01-05 20:33:39.232	          linker	[Debug]	        dji_protocol_v3.c:506  3:0x0503 convert to 0065(0x0503)
01-05 20:33:39.232	          linker	[Debug]	            dji_command.c:1128  <0x74b8>Receive msg from linker, 0x0400(0x0004)->0x0503(0x0065) 0x0405 len:49
01-05 20:33:39.232	          linker	[Debug]	            dji_command.c:980  received unsupport request cmd that noneed ack, <0x74b8> cmdset: 0x04 cmdid: 0x05
01-05 20:33:39.250	          linker	[Debug]	        dji_protocol_v3.c:387  <0x6129>V3-Recv: 00:003F:001E:0x0300 -> 03:003F:001E:0x0503 0x3C57, tLen 37 dLen 16
01-05 20:33:39.250	          linker	[Debug]	        dji_protocol_v3.c:506  0:0x0300 convert to 0003(0x0300)
01-05 20:33:39.250	          linker	[Debug]	        dji_protocol_v3.c:506  3:0x0503 convert to 0065(0x0503)
01-05 20:33:39.250	          linker	[Debug]	            dji_command.c:1128  <0x6129>Receive msg from linker, 0x0300(0x0003)->0x0503(0x0065) 0x3C57 len:16
01-05 20:33:39.251	          linker	[Debug]	            dji_command.c:980  received unsupport request cmd that noneed ack, <0x6129> cmdset: 0x3C cmdid: 0x57
01-05 20:33:39.257	          linker	[Debug]	        dji_protocol_v3.c:266  <0xc49e>V3-Send: 03:003F:001E:0x0503 -> 00:003F:001E:0x0200 0x3C1F, tLen 58 dLen 37
01-05 20:33:39.269	          linker	[Debug]	        dji_protocol_v3.c:387  <0x7514>V3-Recv: 01:003F:001E:0x0400 -> 03:003F:001E:0x0503 0x0405, tLen 70 dLen 49
01-05 20:33:39.269	          linker	[Debug]	        dji_protocol_v3.c:506  1:0x0400 convert to 0004(0x0400)
01-05 20:33:39.269	          linker	[Debug]	        dji_protocol_v3.c:506  3:0x0503 convert to 0065(0x0503)
01-05 20:33:39.269	          linker	[Debug]	        dji_protocol_v3.c:387  <0x5272>V3-Recv: 00:003F:001E:0x1204 -> 03:003F:001E:0x0503 0x4900, tLen 23 dLen 2
01-05 20:33:39.269	          linker	[Debug]	        dji_protocol_v3.c:506  0:0x1204 convert to 0092(0x1204)
01-05 20:33:39.269	          linker	[Debug]	        dji_protocol_v3.c:506  3:0x0503 convert to 0065(0x0503)
01-05 20:33:39.270	          linker	[Debug]	            dji_command.c:1128  <0x7514>Receive msg from linker, 0x0400(0x0004)->0x0503(0x0065) 0x0405 len:49
01-05 20:33:39.270	          linker	[Debug]	            dji_command.c:980  received unsupport request cmd that noneed ack, <0x7514> cmdset: 0x04 cmdid: 0x05
01-05 20:33:39.271	          linker	[Debug]	            dji_command.c:1128  <0x5272>Receive msg from linker, 0x1204(0x0092)->0x0503(0x0065) 0x4900 len:2
01-05 20:33:39.271	          linker	[Debug]	        dji_protocol_v3.c:266  <0x5272>V3-Send: 03:003F:001E:0x0503 -> 00:003F:001E:0x1204 0x4900, tLen 23 dLen 2
01-05 20:33:39.273	           utils	[Debug]	          dji_root_task.c:131  work execution time:
01-05 20:33:39.273	           utils	[Debug]	          dji_root_task.c:132  name	                execution time (ms)	  max execution time (ms)
01-05 20:33:39.273	           utils	[Debug]	          dji_root_task.c:134  recorderWork                    	1       	1       
01-05 20:33:39.273	           utils	[Debug]	          dji_root_task.c:134  flowControllerTask              	0       	1       
01-05 20:33:39.273	           utils	[Debug]	          dji_root_task.c:134  commandTask                     	2       	2       
01-05 20:33:39.273	           utils	[Debug]	          dji_root_task.c:134  aircraftWorkNode                	0       	0       
01-05 20:33:39.273	           utils	[Debug]	          dji_root_task.c:134  dataBuriedPointTask             	0       	0       
01-05 20:33:39.274	           utils	[Debug]	          dji_root_task.c:134  StatePushWork                   	2       	4       
01-05 20:33:39.274	           utils	[Debug]	          dji_root_task.c:134  WidgetWork                      	1       	1       
01-05 20:33:39.274	           utils	[Debug]	          dji_root_task.c:134  hmsTask                         	0       	0       
01-05 20:33:39.280	          linker	[Debug]	        dji_protocol_v3.c:387  <0x756e>V3-Recv: 01:003F:001E:0x0400 -> 03:003F:001E:0x0503 0x0405, tLen 70 dLen 49
01-05 20:33:39.280	          linker	[Debug]	        dji_protocol_v3.c:506  1:0x0400 convert to 0004(0x0400)
01-05 20:33:39.280	          linker	[Debug]	        dji_protocol_v3.c:506  3:0x0503 convert to 0065(0x0503)
01-05 20:33:39.280	          linker	[Debug]	        dji_protocol_v3.c:387  <0x5276>V3-Recv: 00:003F:001E:0x1204 -> 03:003F:001E:0x0503 0x22AD, tLen 68 dLen 47
01-05 20:33:39.280	          linker	[Debug]	        dji_protocol_v3.c:506  0:0x1204 convert to 0092(0x1204)
01-05 20:33:39.280	          linker	[Debug]	        dji_protocol_v3.c:506  3:0x0503 convert to 0065(0x0503)
01-05 20:33:39.280	          linker	[Debug]	            dji_command.c:1128  <0x756e>Receive msg from linker, 0x0400(0x0004)->0x0503(0x0065) 0x0405 len:49
01-05 20:33:39.280	          linker	[Debug]	            dji_command.c:980  received unsupport request cmd that noneed ack, <0x756e> cmdset: 0x04 cmdid: 0x05
01-05 20:33:39.281	          linker	[Debug]	            dji_command.c:1128  <0x5276>Receive msg from linker, 0x1204(0x0092)->0x0503(0x0065) 0x22AD len:47
01-05 20:33:39.281	          linker	[Debug]	            dji_command.c:980  received unsupport request cmd that need ack, <0x5276> cmdset: 0x22 cmdid: 0xAD
01-05 20:33:39.292	          linker	[Debug]	        dji_protocol_v3.c:387  <0x75c9>V3-Recv: 01:003F:001E:0x0400 -> 03:003F:001E:0x0503 0x0405, tLen 70 dLen 49
01-05 20:33:39.292	          linker	[Debug]	        dji_protocol_v3.c:506  1:0x0400 convert to 0004(0x0400)
01-05 20:33:39.292	          linker	[Debug]	        dji_protocol_v3.c:506  3:0x0503 convert to 0065(0x0503)
01-05 20:33:39.292	          linker	[Debug]	            dji_command.c:1128  <0x75c9>Receive msg from linker, 0x0400(0x0004)->0x0503(0x0065) 0x0405 len:49
01-05 20:33:39.292	          linker	[Debug]	            dji_command.c:980  received unsupport request cmd that noneed ack, <0x75c9> cmdset: 0x04 cmdid: 0x05
01-05 20:33:39.294	          linker	[Debug]	        dji_protocol_v1.c:189  <0xc49f>V1-Send: 0x0503->0x1007 0x198B
01-05 20:33:39.294	          linker	[Debug]	        dji_protocol_v3.c:266  <0xc4a0>V3-Send: 03:003F:001E:0x0503 -> 00:003F:001E:0x0200 0x3C10, tLen 85 dLen 64
01-05 20:33:39.294	          linker	[Debug]	        dji_protocol_v3.c:266  <0xc4a1>V3-Send: 03:003F:001E:0x0503 -> 00:003F:001E:0x0300 0x3C10, tLen 85 dLen 64
01-05 20:33:39.294	          linker	[Debug]	        dji_protocol_v3.c:266  <0xc4a2>V3-Send: 03:003F:001E:0x0503 -> 00:003F:001E:0x1104 0x3C10, tLen 85 dLen 64
01-05 20:33:39.295	          linker	[Debug]	        dji_protocol_v3.c:266  <0xc4a3>V3-Send: 03:003F:001E:0x0503 -> 00:003F:001E:0x0701 0x3C10, tLen 85 dLen 64
01-05 20:33:39.295	          linker	[Debug]	        dji_protocol_v3.c:266  <0xc4a4>V3-Send: 03:003F:001E:0x0503 -> 00:003F:001E:0x1100 0x3C10, tLen 85 dLen 64
01-05 20:33:39.302	          linker	[Debug]	        dji_protocol_v1.c:309  <0x2035>V1-Recv: 0x0A06->0x0503 0x0866
01-05 20:33:39.302	          linker	[Debug]	            dji_command.c:1128  <0x2035>Receive msg from linker, 0x0A06(0x00CA)->0x0503(0x0065) 0x0866 len:96
01-05 20:33:39.303	          linker	[Debug]	            dji_command.c:980  received unsupport request cmd that noneed ack, <0x2035> cmdset: 0x08 cmdid: 0x66
01-05 20:33:39.310	          linker	[Debug]	        dji_protocol_v3.c:387  <0x296a>V3-Recv: 00:003F:001E:0x0801 -> 03:003F:001E:0x0503 0x0099, tLen 58 dLen 37
01-05 20:33:39.310	          linker	[Debug]	        dji_protocol_v3.c:506  0:0x0801 convert to 0028(0x0801)
01-05 20:33:39.310	          linker	[Debug]	        dji_protocol_v3.c:506  3:0x0503 convert to 0065(0x0503)
01-05 20:33:39.310	          linker	[Debug]	            dji_command.c:1128  <0x296a>Receive msg from linker, 0x0801(0x0028)->0x0503(0x0065) 0x0099 len:37
01-05 20:33:39.326	          linker	[Debug]	        dji_protocol_v3.c:387  <0x7622>V3-Recv: 01:003F:001E:0x0400 -> 03:003F:001E:0x0503 0x0405, tLen 70 dLen 49
01-05 20:33:39.326	          linker	[Debug]	        dji_protocol_v3.c:506  1:0x0400 convert to 0004(0x0400)
01-05 20:33:39.326	          linker	[Debug]	        dji_protocol_v3.c:506  3:0x0503 convert to 0065(0x0503)
01-05 20:33:39.327	          linker	[Debug]	            dji_command.c:1128  <0x7622>Receive msg from linker, 0x0400(0x0004)->0x0503(0x0065) 0x0405 len:49
01-05 20:33:39.327	          linker	[Debug]	            dji_command.c:980  received unsupport request cmd that noneed ack, <0x7622> cmdset: 0x04 cmdid: 0x05
01-05 20:33:39.337	          linker	[Debug]	        dji_protocol_v3.c:387  <0x767f>V3-Recv: 01:003F:001E:0x0400 -> 03:003F:001E:0x0503 0x0405, tLen 70 dLen 49
01-05 20:33:39.337	          linker	[Debug]	        dji_protocol_v3.c:506  1:0x0400 convert to 0004(0x0400)
01-05 20:33:39.337	          linker	[Debug]	        dji_protocol_v3.c:506  3:0x0503 convert to 0065(0x0503)
01-05 20:33:39.338	          linker	[Debug]	            dji_command.c:1128  <0x767f>Receive msg from linker, 0x0400(0x0004)->0x0503(0x0065) 0x0405 len:49
01-05 20:33:39.338	          linker	[Debug]	            dji_command.c:980  received unsupport request cmd that noneed ack, <0x767f> cmdset: 0x04 cmdid: 0x05
01-05 20:33:39.352	          linker	[Debug]	        dji_protocol_v3.c:387  <0x76da>V3-Recv: 01:003F:001E:0x0400 -> 03:003F:001E:0x0503 0x0405, tLen 70 dLen 49
01-05 20:33:39.352	          linker	[Debug]	        dji_protocol_v3.c:506  1:0x0400 convert to 0004(0x0400)
01-05 20:33:39.352	          linker	[Debug]	        dji_protocol_v3.c:506  3:0x0503 convert to 0065(0x0503)
01-05 20:33:39.352	          linker	[Debug]	            dji_command.c:1128  <0x76da>Receive msg from linker, 0x0400(0x0004)->0x0503(0x0065) 0x0405 len:49
01-05 20:33:39.352	          linker	[Debug]	            dji_command.c:980  received unsupport request cmd that noneed ack, <0x76da> cmdset: 0x04 cmdid: 0x05
01-05 20:33:39.357	          linker	[Debug]	        dji_protocol_v3.c:266  <0xc4a5>V3-Send: 03:003F:001E:0x0503 -> 00:003F:001E:0x0200 0x3C1B, tLen 77 dLen 56
01-05 20:33:39.368	          linker	[Debug]	        dji_protocol_v3.c:387  <0x527c>V3-Recv: 00:003F:001E:0x1204 -> 03:003F:001E:0x0503 0x4900, tLen 23 dLen 2
01-05 20:33:39.368	          linker	[Debug]	        dji_protocol_v3.c:506  0:0x1204 convert to 0092(0x1204)
01-05 20:33:39.368	          linker	[Debug]	        dji_protocol_v3.c:506  3:0x0503 convert to 0065(0x0503)
01-05 20:33:39.368	          linker	[Debug]	            dji_command.c:1128  <0x527c>Receive msg from linker, 0x1204(0x0092)->0x0503(0x0065) 0x4900 len:2
01-05 20:33:39.368	          linker	[Debug]	        dji_protocol_v3.c:266  <0x527c>V3-Send: 03:003F:001E:0x0503 -> 00:003F:001E:0x1204 0x4900, tLen 23 dLen 2
01-05 20:33:39.380	          linker	[Debug]	        dji_protocol_v3.c:387  <0x7736>V3-Recv: 01:003F:001E:0x0400 -> 03:003F:001E:0x0503 0x0405, tLen 70 dLen 49
01-05 20:33:39.380	          linker	[Debug]	        dji_protocol_v3.c:506  1:0x0400 convert to 0004(0x0400)
01-05 20:33:39.380	          linker	[Debug]	        dji_protocol_v3.c:506  3:0x0503 convert to 0065(0x0503)
01-05 20:33:39.380	          linker	[Debug]	        dji_protocol_v3.c:387  <0x5286>V3-Recv: 00:003F:001E:0x1204 -> 03:003F:001E:0x0503 0x22AD, tLen 68 dLen 47
01-05 20:33:39.380	          linker	[Debug]	        dji_protocol_v3.c:506  0:0x1204 convert to 0092(0x1204)
01-05 20:33:39.380	          linker	[Debug]	        dji_protocol_v3.c:506  3:0x0503 convert to 0065(0x0503)
01-05 20:33:39.380	          linker	[Debug]	            dji_command.c:1128  <0x7736>Receive msg from linker, 0x0400(0x0004)->0x0503(0x0065) 0x0405 len:49
01-05 20:33:39.380	          linker	[Debug]	            dji_command.c:980  received unsupport request cmd that noneed ack, <0x7736> cmdset: 0x04 cmdid: 0x05
01-05 20:33:39.381	          linker	[Debug]	            dji_command.c:1128  <0x5286>Receive msg from linker, 0x1204(0x0092)->0x0503(0x0065) 0x22AD len:47
01-05 20:33:39.381	          linker	[Debug]	            dji_command.c:980  received unsupport request cmd that need ack, <0x5286> cmdset: 0x22 cmdid: 0xAD
01-05 20:33:39.392	          linker	[Debug]	        dji_protocol_v3.c:387  <0x7790>V3-Recv: 01:003F:001E:0x0400 -> 03:003F:001E:0x0503 0x0405, tLen 70 dLen 49
01-05 20:33:39.392	          linker	[Debug]	        dji_protocol_v3.c:506  1:0x0400 convert to 0004(0x0400)
01-05 20:33:39.392	          linker	[Debug]	        dji_protocol_v3.c:506  3:0x0503 convert to 0065(0x0503)
01-05 20:33:39.392	          linker	[Debug]	            dji_command.c:1128  <0x7790>Receive msg from linker, 0x0400(0x0004)->0x0503(0x0065) 0x0405 len:49
01-05 20:33:39.392	          linker	[Debug]	            dji_command.c:980  received unsupport request cmd that noneed ack, <0x7790> cmdset: 0x04 cmdid: 0x05
01-05 20:33:39.404	          linker	[Debug]	        dji_protocol_v3.c:387  <0x296b>V3-Recv: 00:003F:001E:0x0801 -> 03:003F:001E:0x0503 0x0099, tLen 70 dLen 49
01-05 20:33:39.404	          linker	[Debug]	        dji_protocol_v3.c:506  0:0x0801 convert to 0028(0x0801)
01-05 20:33:39.404	          linker	[Debug]	        dji_protocol_v3.c:506  3:0x0503 convert to 0065(0x0503)
01-05 20:33:39.404	          linker	[Debug]	            dji_command.c:1128  <0x296b>Receive msg from linker, 0x0801(0x0028)->0x0503(0x0065) 0x0099 len:49
01-05 20:33:39.420	          linker	[Debug]	        dji_protocol_v3.c:387  <0x296c>V3-Recv: 00:003F:001E:0x0801 -> 03:003F:001E:0x0503 0x0099, tLen 56 dLen 35
01-05 20:33:39.420	          linker	[Debug]	        dji_protocol_v3.c:506  0:0x0801 convert to 0028(0x0801)
01-05 20:33:39.420	          linker	[Debug]	        dji_protocol_v3.c:506  3:0x0503 convert to 0065(0x0503)
01-05 20:33:39.420	          linker	[Debug]	        dji_protocol_v3.c:387  <0x77ea>V3-Recv: 01:003F:001E:0x0400 -> 03:003F:001E:0x0503 0x0405, tLen 70 dLen 49
01-05 20:33:39.420	          linker	[Debug]	        dji_protocol_v3.c:506  1:0x0400 convert to 0004(0x0400)
01-05 20:33:39.420	          linker	[Debug]	        dji_protocol_v3.c:506  3:0x0503 convert to 0065(0x0503)
01-05 20:33:39.420	          linker	[Debug]	            dji_command.c:1128  <0x296c>Receive msg from linker, 0x0801(0x0028)->0x0503(0x0065) 0x0099 len:35
01-05 20:33:39.421	          linker	[Debug]	            dji_command.c:1128  <0x77ea>Receive msg from linker, 0x0400(0x0004)->0x0503(0x0065) 0x0405 len:49
01-05 20:33:39.421	          linker	[Debug]	            dji_command.c:980  received unsupport request cmd that noneed ack, <0x77ea> cmdset: 0x04 cmdid: 0x05
01-05 20:33:39.432	          linker	[Debug]	        dji_protocol_v3.c:387  <0x7847>V3-Recv: 01:003F:001E:0x0400 -> 03:003F:001E:0x0503 0x0405, tLen 70 dLen 49
01-05 20:33:39.432	          linker	[Debug]	        dji_protocol_v3.c:506  1:0x0400 convert to 0004(0x0400)
01-05 20:33:39.432	          linker	[Debug]	        dji_protocol_v3.c:506  3:0x0503 convert to 0065(0x0503)
01-05 20:33:39.432	          linker	[Debug]	            dji_command.c:1128  <0x7847>Receive msg from linker, 0x0400(0x0004)->0x0503(0x0065) 0x0405 len:49
01-05 20:33:39.432	          linker	[Debug]	            dji_command.c:980  received unsupport request cmd that noneed ack, <0x7847> cmdset: 0x04 cmdid: 0x05
01-05 20:33:39.450	          linker	[Debug]	        dji_protocol_v3.c:387  <0x6285>V3-Recv: 00:003F:001E:0x0300 -> 03:003F:001E:0x0503 0x3C57, tLen 37 dLen 16
01-05 20:33:39.450	          linker	[Debug]	        dji_protocol_v3.c:506  0:0x0300 convert to 0003(0x0300)
01-05 20:33:39.450	          linker	[Debug]	        dji_protocol_v3.c:506  3:0x0503 convert to 0065(0x0503)
01-05 20:33:39.451	          linker	[Debug]	            dji_command.c:1128  <0x6285>Receive msg from linker, 0x0300(0x0003)->0x0503(0x0065) 0x3C57 len:16
01-05 20:33:39.452	          linker	[Debug]	            dji_command.c:980  received unsupport request cmd that noneed ack, <0x6285> cmdset: 0x3C cmdid: 0x57
01-05 20:33:39.457	          linker	[Debug]	        dji_protocol_v3.c:266  <0xc4a6>V3-Send: 03:003F:001E:0x0503 -> 00:003F:001E:0x0200 0x3C1F, tLen 58 dLen 37
01-05 20:33:39.469	          linker	[Debug]	        dji_protocol_v3.c:387  <0x78a2>V3-Recv: 01:003F:001E:0x0400 -> 03:003F:001E:0x0503 0x0405, tLen 70 dLen 49
01-05 20:33:39.469	          linker	[Debug]	        dji_protocol_v3.c:506  1:0x0400 convert to 0004(0x0400)
01-05 20:33:39.469	          linker	[Debug]	        dji_protocol_v3.c:506  3:0x0503 convert to 0065(0x0503)
01-05 20:33:39.469	          linker	[Debug]	        dji_protocol_v3.c:387  <0x5291>V3-Recv: 00:003F:001E:0x1204 -> 03:003F:001E:0x0503 0x4900, tLen 23 dLen 2
01-05 20:33:39.469	          linker	[Debug]	        dji_protocol_v3.c:506  0:0x1204 convert to 0092(0x1204)
01-05 20:33:39.469	          linker	[Debug]	        dji_protocol_v3.c:506  3:0x0503 convert to 0065(0x0503)
01-05 20:33:39.470	          linker	[Debug]	            dji_command.c:1128  <0x78a2>Receive msg from linker, 0x0400(0x0004)->0x0503(0x0065) 0x0405 len:49
01-05 20:33:39.470	          linker	[Debug]	            dji_command.c:980  received unsupport request cmd that noneed ack, <0x78a2> cmdset: 0x04 cmdid: 0x05
01-05 20:33:39.471	          linker	[Debug]	            dji_command.c:1128  <0x5291>Receive msg from linker, 0x1204(0x0092)->0x0503(0x0065) 0x4900 len:2
01-05 20:33:39.471	          linker	[Debug]	        dji_protocol_v3.c:266  <0x5291>V3-Send: 03:003F:001E:0x0503 -> 00:003F:001E:0x1204 0x4900, tLen 23 dLen 2
01-05 20:33:39.480	          linker	[Debug]	        dji_protocol_v3.c:387  <0x78fc>V3-Recv: 01:003F:001E:0x0400 -> 03:003F:001E:0x0503 0x0405, tLen 70 dLen 49
01-05 20:33:39.480	          linker	[Debug]	        dji_protocol_v3.c:506  1:0x0400 convert to 0004(0x0400)
01-05 20:33:39.480	          linker	[Debug]	        dji_protocol_v3.c:506  3:0x0503 convert to 0065(0x0503)
01-05 20:33:39.480	          linker	[Debug]	        dji_protocol_v3.c:387  <0x5296>V3-Recv: 00:003F:001E:0x1204 -> 03:003F:001E:0x0503 0x22AD, tLen 68 dLen 47
01-05 20:33:39.480	          linker	[Debug]	        dji_protocol_v3.c:506  0:0x1204 convert to 0092(0x1204)
01-05 20:33:39.480	          linker	[Debug]	        dji_protocol_v3.c:506  3:0x0503 convert to 0065(0x0503)
01-05 20:33:39.480	          linker	[Debug]	            dji_command.c:1128  <0x78fc>Receive msg from linker, 0x0400(0x0004)->0x0503(0x0065) 0x0405 len:49
01-05 20:33:39.481	          linker	[Debug]	            dji_command.c:980  received unsupport request cmd that noneed ack, <0x78fc> cmdset: 0x04 cmdid: 0x05
01-05 20:33:39.482	          linker	[Debug]	            dji_command.c:1128  <0x5296>Receive msg from linker, 0x1204(0x0092)->0x0503(0x0065) 0x22AD len:47
01-05 20:33:39.482	          linker	[Debug]	            dji_command.c:980  received unsupport request cmd that need ack, <0x5296> cmdset: 0x22 cmdid: 0xAD
01-05 20:33:39.492	          linker	[Debug]	        dji_protocol_v3.c:387  <0x7956>V3-Recv: 01:003F:001E:0x0400 -> 03:003F:001E:0x0503 0x0405, tLen 70 dLen 49
01-05 20:33:39.492	          linker	[Debug]	        dji_protocol_v3.c:506  1:0x0400 convert to 0004(0x0400)
01-05 20:33:39.492	          linker	[Debug]	        dji_protocol_v3.c:506  3:0x0503 convert to 0065(0x0503)
01-05 20:33:39.492	          linker	[Debug]	            dji_command.c:1128  <0x7956>Receive msg from linker, 0x0400(0x0004)->0x0503(0x0065) 0x0405 len:49
01-05 20:33:39.493	          linker	[Debug]	            dji_command.c:980  received unsupport request cmd that noneed ack, <0x7956> cmdset: 0x04 cmdid: 0x05
01-05 20:33:39.511	          linker	[Debug]	        dji_protocol_v1.c:189  <0xc4a7>V1-Send: 0x0503->0x1007 0x198B
01-05 20:33:39.511	          linker	[Debug]	        dji_protocol_v3.c:266  <0xc4a8>V3-Send: 03:003F:001E:0x0503 -> 00:003F:001E:0x0200 0x3C10, tLen 85 dLen 64
01-05 20:33:39.511	          linker	[Debug]	        dji_protocol_v3.c:266  <0xc4a9>V3-Send: 03:003F:001E:0x0503 -> 00:003F:001E:0x0300 0x3C10, tLen 85 dLen 64
01-05 20:33:39.511	          linker	[Debug]	        dji_protocol_v3.c:266  <0xc4aa>V3-Send: 03:003F:001E:0x0503 -> 00:003F:001E:0x1104 0x3C10, tLen 85 dLen 64
01-05 20:33:39.511	          linker	[Debug]	        dji_protocol_v3.c:266  <0xc4ab>V3-Send: 03:003F:001E:0x0503 -> 00:003F:001E:0x0701 0x3C10, tLen 85 dLen 64
01-05 20:33:39.511	          linker	[Debug]	        dji_protocol_v3.c:266  <0xc4ac>V3-Send: 03:003F:001E:0x0503 -> 00:003F:001E:0x1100 0x3C10, tLen 85 dLen 64
01-05 20:33:39.512	          linker	[Debug]	        dji_protocol_v3.c:387  <0x79b0>V3-Recv: 01:003F:001E:0x0400 -> 03:003F:001E:0x0503 0x0405, tLen 70 dLen 49
01-05 20:33:39.512	          linker	[Debug]	        dji_protocol_v3.c:506  1:0x0400 convert to 0004(0x0400)
01-05 20:33:39.512	          linker	[Debug]	        dji_protocol_v3.c:506  3:0x0503 convert to 0065(0x0503)
01-05 20:33:39.513	          linker	[Debug]	            dji_command.c:1128  <0x79b0>Receive msg from linker, 0x0400(0x0004)->0x0503(0x0065) 0x0405 len:49
01-05 20:33:39.513	          linker	[Debug]	            dji_command.c:980  received unsupport request cmd that noneed ack, <0x79b0> cmdset: 0x04 cmdid: 0x05
01-05 20:33:39.532	          linker	[Debug]	        dji_protocol_v3.c:387  <0x7a0d>V3-Recv: 01:003F:001E:0x0400 -> 03:003F:001E:0x0503 0x0405, tLen 70 dLen 49
01-05 20:33:39.532	          linker	[Debug]	        dji_protocol_v3.c:506  1:0x0400 convert to 0004(0x0400)
01-05 20:33:39.532	          linker	[Debug]	        dji_protocol_v3.c:506  3:0x0503 convert to 0065(0x0503)
01-05 20:33:39.533	          linker	[Debug]	            dji_command.c:1128  <0x7a0d>Receive msg from linker, 0x0400(0x0004)->0x0503(0x0065) 0x0405 len:49
01-05 20:33:39.533	          linker	[Debug]	            dji_command.c:980  received unsupport request cmd that noneed ack, <0x7a0d> cmdset: 0x04 cmdid: 0x05
01-05 20:33:39.552	          linker	[Debug]	        dji_protocol_v3.c:387  <0x7a68>V3-Recv: 01:003F:001E:0x0400 -> 03:003F:001E:0x0503 0x0405, tLen 70 dLen 49
01-05 20:33:39.552	          linker	[Debug]	        dji_protocol_v3.c:506  1:0x0400 convert to 0004(0x0400)
01-05 20:33:39.552	          linker	[Debug]	        dji_protocol_v3.c:506  3:0x0503 convert to 0065(0x0503)
01-05 20:33:39.552	          linker	[Debug]	            dji_command.c:1128  <0x7a68>Receive msg from linker, 0x0400(0x0004)->0x0503(0x0065) 0x0405 len:49
01-05 20:33:39.552	          linker	[Debug]	            dji_command.c:980  received unsupport request cmd that noneed ack, <0x7a68> cmdset: 0x04 cmdid: 0x05
01-05 20:33:39.567	          linker	[Debug]	        dji_protocol_v3.c:387  <0x52a2>V3-Recv: 00:003F:001E:0x1204 -> 03:003F:001E:0x0503 0x4900, tLen 23 dLen 2
01-05 20:33:39.568	          linker	[Debug]	        dji_protocol_v3.c:506  0:0x1204 convert to 0092(0x1204)
01-05 20:33:39.568	          linker	[Debug]	        dji_protocol_v3.c:506  3:0x0503 convert to 0065(0x0503)
01-05 20:33:39.569	          linker	[Debug]	            dji_command.c:1128  <0x52a2>Receive msg from linker, 0x1204(0x0092)->0x0503(0x0065) 0x4900 len:2
01-05 20:33:39.569	          linker	[Debug]	        dji_protocol_v3.c:266  <0x52a2>V3-Send: 03:003F:001E:0x0503 -> 00:003F:001E:0x1204 0x4900, tLen 23 dLen 2
01-05 20:33:39.574	          linker	[Debug]	        dji_protocol_v3.c:266  <0xc4ad>V3-Send: 03:003F:001E:0x0503 -> 00:003F:001E:0x0200 0x3C1B, tLen 77 dLen 56
01-05 20:33:39.580	          linker	[Debug]	        dji_protocol_v3.c:387  <0x7ac2>V3-Recv: 01:003F:001E:0x0400 -> 03:003F:001E:0x0503 0x0405, tLen 70 dLen 49
01-05 20:33:39.580	          linker	[Debug]	        dji_protocol_v3.c:506  1:0x0400 convert to 0004(0x0400)
01-05 20:33:39.580	          linker	[Debug]	        dji_protocol_v3.c:506  3:0x0503 convert to 0065(0x0503)
01-05 20:33:39.580	          linker	[Debug]	        dji_protocol_v3.c:387  <0x52a6>V3-Recv: 00:003F:001E:0x1204 -> 03:003F:001E:0x0503 0x22AD, tLen 68 dLen 47
01-05 20:33:39.580	          linker	[Debug]	        dji_protocol_v3.c:506  0:0x1204 convert to 0092(0x1204)
01-05 20:33:39.580	          linker	[Debug]	        dji_protocol_v3.c:506  3:0x0503 convert to 0065(0x0503)
01-05 20:33:39.581	          linker	[Debug]	            dji_command.c:1128  <0x7ac2>Receive msg from linker, 0x0400(0x0004)->0x0503(0x0065) 0x0405 len:49
01-05 20:33:39.581	          linker	[Debug]	            dji_command.c:980  received unsupport request cmd that noneed ack, <0x7ac2> cmdset: 0x04 cmdid: 0x05
01-05 20:33:39.582	          linker	[Debug]	            dji_command.c:1128  <0x52a6>Receive msg from linker, 0x1204(0x0092)->0x0503(0x0065) 0x22AD len:47
01-05 20:33:39.582	          linker	[Debug]	            dji_command.c:980  received unsupport request cmd that need ack, <0x52a6> cmdset: 0x22 cmdid: 0xAD
01-05 20:33:39.592	          linker	[Debug]	        dji_protocol_v3.c:387  <0x7b1c>V3-Recv: 01:003F:001E:0x0400 -> 03:003F:001E:0x0503 0x0405, tLen 70 dLen 49
01-05 20:33:39.592	          linker	[Debug]	        dji_protocol_v3.c:506  1:0x0400 convert to 0004(0x0400)
01-05 20:33:39.592	          linker	[Debug]	        dji_protocol_v3.c:506  3:0x0503 convert to 0065(0x0503)
01-05 20:33:39.593	          linker	[Debug]	            dji_command.c:1128  <0x7b1c>Receive msg from linker, 0x0400(0x0004)->0x0503(0x0065) 0x0405 len:49
01-05 20:33:39.593	          linker	[Debug]	            dji_command.c:980  received unsupport request cmd that noneed ack, <0x7b1c> cmdset: 0x04 cmdid: 0x05
01-05 20:33:39.609	          linker	[Debug]	        dji_protocol_v3.c:387  <0x296d>V3-Recv: 00:003F:001E:0x0801 -> 03:003F:001E:0x0503 0x0099, tLen 98 dLen 77
01-05 20:33:39.609	          linker	[Debug]	        dji_protocol_v3.c:506  0:0x0801 convert to 0028(0x0801)
01-05 20:33:39.609	          linker	[Debug]	        dji_protocol_v3.c:506  3:0x0503 convert to 0065(0x0503)
01-05 20:33:39.610	          linker	[Debug]	            dji_command.c:1128  <0x296d>Receive msg from linker, 0x0801(0x0028)->0x0503(0x0065) 0x0099 len:77
01-05 20:33:39.620	          linker	[Debug]	        dji_protocol_v3.c:387  <0x296e>V3-Recv: 00:003F:001E:0x0801 -> 03:003F:001E:0x0503 0x0099, tLen 95 dLen 74
01-05 20:33:39.620	          linker	[Debug]	        dji_protocol_v3.c:506  0:0x0801 convert to 0028(0x0801)
01-05 20:33:39.620	          linker	[Debug]	        dji_protocol_v3.c:506  3:0x0503 convert to 0065(0x0503)
01-05 20:33:39.620	          linker	[Debug]	        dji_protocol_v3.c:387  <0x296f>V3-Recv: 00:003F:001E:0x0801 -> 03:003F:001E:0x0503 0x0099, tLen 65 dLen 44
01-05 20:33:39.620	          linker	[Debug]	        dji_protocol_v3.c:506  0:0x0801 convert to 0028(0x0801)
01-05 20:33:39.621	          linker	[Debug]	        dji_protocol_v3.c:506  3:0x0503 convert to 0065(0x0503)
01-05 20:33:39.621	          linker	[Debug]	        dji_protocol_v3.c:387  <0x7b76>V3-Recv: 01:003F:001E:0x0400 -> 03:003F:001E:0x0503 0x0405, tLen 70 dLen 49
01-05 20:33:39.621	          linker	[Debug]	        dji_protocol_v3.c:506  1:0x0400 convert to 0004(0x0400)
01-05 20:33:39.621	          linker	[Debug]	        dji_protocol_v3.c:506  3:0x0503 convert to 0065(0x0503)
01-05 20:33:39.621	          linker	[Debug]	            dji_command.c:1128  <0x296e>Receive msg from linker, 0x0801(0x0028)->0x0503(0x0065) 0x0099 len:74
01-05 20:33:39.622	          linker	[Debug]	            dji_command.c:1128  <0x296f>Receive msg from linker, 0x0801(0x0028)->0x0503(0x0065) 0x0099 len:44
01-05 20:33:39.623	          linker	[Debug]	            dji_command.c:1128  <0x7b76>Receive msg from linker, 0x0400(0x0004)->0x0503(0x0065) 0x0405 len:49
01-05 20:33:39.623	          linker	[Debug]	            dji_command.c:980  received unsupport request cmd that noneed ack, <0x7b76> cmdset: 0x04 cmdid: 0x05
01-05 20:33:39.632	          linker	[Debug]	        dji_protocol_v3.c:387  <0x7bd5>V3-Recv: 01:003F:001E:0x0400 -> 03:003F:001E:0x0503 0x0405, tLen 70 dLen 49
01-05 20:33:39.632	          linker	[Debug]	        dji_protocol_v3.c:506  1:0x0400 convert to 0004(0x0400)
01-05 20:33:39.632	          linker	[Debug]	        dji_protocol_v3.c:506  3:0x0503 convert to 0065(0x0503)
01-05 20:33:39.633	          linker	[Debug]	            dji_command.c:1128  <0x7bd5>Receive msg from linker, 0x0400(0x0004)->0x0503(0x0065) 0x0405 len:49
01-05 20:33:39.633	          linker	[Debug]	            dji_command.c:980  received unsupport request cmd that noneed ack, <0x7bd5> cmdset: 0x04 cmdid: 0x05
01-05 20:33:39.650	          linker	[Debug]	        dji_protocol_v3.c:387  <0x6407>V3-Recv: 00:003F:001E:0x0300 -> 03:003F:001E:0x0503 0x3C57, tLen 37 dLen 16
01-05 20:33:39.651	          linker	[Debug]	        dji_protocol_v3.c:506  0:0x0300 convert to 0003(0x0300)
01-05 20:33:39.651	          linker	[Debug]	        dji_protocol_v3.c:506  3:0x0503 convert to 0065(0x0503)
01-05 20:33:39.652	          linker	[Debug]	            dji_command.c:1128  <0x6407>Receive msg from linker, 0x0300(0x0003)->0x0503(0x0065) 0x3C57 len:16
01-05 20:33:39.652	          linker	[Debug]	            dji_command.c:980  received unsupport request cmd that noneed ack, <0x6407> cmdset: 0x3C cmdid: 0x57
01-05 20:33:39.657	          linker	[Debug]	        dji_protocol_v3.c:266  <0xc4ae>V3-Send: 03:003F:001E:0x0503 -> 00:003F:001E:0x0200 0x3C1F, tLen 58 dLen 37
01-05 20:33:39.669	          linker	[Debug]	        dji_protocol_v3.c:387  <0x7c31>V3-Recv: 01:003F:001E:0x0400 -> 03:003F:001E:0x0503 0x0405, tLen 70 dLen 49
01-05 20:33:39.669	          linker	[Debug]	        dji_protocol_v3.c:506  1:0x0400 convert to 0004(0x0400)
01-05 20:33:39.669	          linker	[Debug]	        dji_protocol_v3.c:506  3:0x0503 convert to 0065(0x0503)
01-05 20:33:39.669	          linker	[Debug]	        dji_protocol_v3.c:387  <0x52b2>V3-Recv: 00:003F:001E:0x1204 -> 03:003F:001E:0x0503 0x4900, tLen 23 dLen 2
01-05 20:33:39.669	          linker	[Debug]	        dji_protocol_v3.c:506  0:0x1204 convert to 0092(0x1204)
01-05 20:33:39.669	          linker	[Debug]	        dji_protocol_v3.c:506  3:0x0503 convert to 0065(0x0503)
01-05 20:33:39.670	          linker	[Debug]	            dji_command.c:1128  <0x7c31>Receive msg from linker, 0x0400(0x0004)->0x0503(0x0065) 0x0405 len:49
01-05 20:33:39.670	          linker	[Debug]	            dji_command.c:980  received unsupport request cmd that noneed ack, <0x7c31> cmdset: 0x04 cmdid: 0x05
01-05 20:33:39.671	          linker	[Debug]	            dji_command.c:1128  <0x52b2>Receive msg from linker, 0x1204(0x0092)->0x0503(0x0065) 0x4900 len:2
01-05 20:33:39.671	          linker	[Debug]	        dji_protocol_v3.c:266  <0x52b2>V3-Send: 03:003F:001E:0x0503 -> 00:003F:001E:0x1204 0x4900, tLen 23 dLen 2
01-05 20:33:39.680	          linker	[Debug]	        dji_protocol_v3.c:387  <0x7c8b>V3-Recv: 01:003F:001E:0x0400 -> 03:003F:001E:0x0503 0x0405, tLen 70 dLen 49
01-05 20:33:39.680	          linker	[Debug]	        dji_protocol_v3.c:506  1:0x0400 convert to 0004(0x0400)
01-05 20:33:39.680	          linker	[Debug]	        dji_protocol_v3.c:506  3:0x0503 convert to 0065(0x0503)
01-05 20:33:39.680	          linker	[Debug]	        dji_protocol_v3.c:387  <0x52b6>V3-Recv: 00:003F:001E:0x1204 -> 03:003F:001E:0x0503 0x22AD, tLen 68 dLen 47
01-05 20:33:39.680	          linker	[Debug]	        dji_protocol_v3.c:506  0:0x1204 convert to 0092(0x1204)
01-05 20:33:39.680	          linker	[Debug]	        dji_protocol_v3.c:506  3:0x0503 convert to 0065(0x0503)
01-05 20:33:39.680	          linker	[Debug]	            dji_command.c:1128  <0x7c8b>Receive msg from linker, 0x0400(0x0004)->0x0503(0x0065) 0x0405 len:49
01-05 20:33:39.680	          linker	[Debug]	            dji_command.c:980  received unsupport request cmd that noneed ack, <0x7c8b> cmdset: 0x04 cmdid: 0x05
01-05 20:33:39.681	          linker	[Debug]	            dji_command.c:1128  <0x52b6>Receive msg from linker, 0x1204(0x0092)->0x0503(0x0065) 0x22AD len:47
01-05 20:33:39.681	          linker	[Debug]	            dji_command.c:980  received unsupport request cmd that need ack, <0x52b6> cmdset: 0x22 cmdid: 0xAD
01-05 20:33:39.692	          linker	[Debug]	        dji_protocol_v3.c:387  <0x7ce5>V3-Recv: 01:003F:001E:0x0400 -> 03:003F:001E:0x0503 0x0405, tLen 70 dLen 49
01-05 20:33:39.692	          linker	[Debug]	        dji_protocol_v3.c:506  1:0x0400 convert to 0004(0x0400)
01-05 20:33:39.692	          linker	[Debug]	        dji_protocol_v3.c:506  3:0x0503 convert to 0065(0x0503)
01-05 20:33:39.692	          linker	[Debug]	            dji_command.c:1128  <0x7ce5>Receive msg from linker, 0x0400(0x0004)->0x0503(0x0065) 0x0405 len:49
01-05 20:33:39.692	          linker	[Debug]	            dji_command.c:980  received unsupport request cmd that noneed ack, <0x7ce5> cmdset: 0x04 cmdid: 0x05
01-05 20:33:39.712	          linker	[Debug]	        dji_protocol_v3.c:387  <0x7d3f>V3-Recv: 01:003F:001E:0x0400 -> 03:003F:001E:0x0503 0x0405, tLen 70 dLen 49
01-05 20:33:39.712	          linker	[Debug]	        dji_protocol_v3.c:506  1:0x0400 convert to 0004(0x0400)
01-05 20:33:39.712	          linker	[Debug]	        dji_protocol_v3.c:506  3:0x0503 convert to 0065(0x0503)
01-05 20:33:39.712	          linker	[Debug]	            dji_command.c:1128  <0x7d3f>Receive msg from linker, 0x0400(0x0004)->0x0503(0x0065) 0x0405 len:49
01-05 20:33:39.712	          linker	[Debug]	            dji_command.c:980  received unsupport request cmd that noneed ack, <0x7d3f> cmdset: 0x04 cmdid: 0x05
01-05 20:33:39.729	          linker	[Debug]	        dji_protocol_v1.c:189  <0xc4af>V1-Send: 0x0503->0x1007 0x198B
01-05 20:33:39.729	          linker	[Debug]	        dji_protocol_v3.c:266  <0xc4b0>V3-Send: 03:003F:001E:0x0503 -> 00:003F:001E:0x0200 0x3C10, tLen 85 dLen 64
01-05 20:33:39.729	          linker	[Debug]	        dji_protocol_v3.c:266  <0xc4b1>V3-Send: 03:003F:001E:0x0503 -> 00:003F:001E:0x0300 0x3C10, tLen 85 dLen 64
01-05 20:33:39.729	          linker	[Debug]	        dji_protocol_v3.c:266  <0xc4b2>V3-Send: 03:003F:001E:0x0503 -> 00:003F:001E:0x1104 0x3C10, tLen 85 dLen 64
01-05 20:33:39.729	          linker	[Debug]	        dji_protocol_v3.c:266  <0xc4b3>V3-Send: 03:003F:001E:0x0503 -> 00:003F:001E:0x0701 0x3C10, tLen 85 dLen 64
01-05 20:33:39.729	          linker	[Debug]	        dji_protocol_v3.c:266  <0xc4b4>V3-Send: 03:003F:001E:0x0503 -> 00:003F:001E:0x1100 0x3C10, tLen 85 dLen 64
01-05 20:33:39.732	          linker	[Debug]	        dji_protocol_v3.c:387  <0x7d9c>V3-Recv: 01:003F:001E:0x0400 -> 03:003F:001E:0x0503 0x0405, tLen 70 dLen 49
01-05 20:33:39.732	          linker	[Debug]	        dji_protocol_v3.c:506  1:0x0400 convert to 0004(0x0400)
01-05 20:33:39.732	          linker	[Debug]	        dji_protocol_v3.c:506  3:0x0503 convert to 0065(0x0503)
01-05 20:33:39.732	          linker	[Debug]	            dji_command.c:1128  <0x7d9c>Receive msg from linker, 0x0400(0x0004)->0x0503(0x0065) 0x0405 len:49
01-05 20:33:39.733	          linker	[Debug]	            dji_command.c:980  received unsupport request cmd that noneed ack, <0x7d9c> cmdset: 0x04 cmdid: 0x05
01-05 20:33:39.752	          linker	[Debug]	        dji_protocol_v3.c:387  <0x7df8>V3-Recv: 01:003F:001E:0x0400 -> 03:003F:001E:0x0503 0x0405, tLen 70 dLen 49
01-05 20:33:39.752	          linker	[Debug]	        dji_protocol_v3.c:506  1:0x0400 convert to 0004(0x0400)
01-05 20:33:39.752	          linker	[Debug]	        dji_protocol_v3.c:506  3:0x0503 convert to 0065(0x0503)
01-05 20:33:39.753	          linker	[Debug]	            dji_command.c:1128  <0x7df8>Receive msg from linker, 0x0400(0x0004)->0x0503(0x0065) 0x0405 len:49
01-05 20:33:39.753	          linker	[Debug]	            dji_command.c:980  received unsupport request cmd that noneed ack, <0x7df8> cmdset: 0x04 cmdid: 0x05
01-05 20:33:39.767	          linker	[Debug]	        dji_protocol_v3.c:387  <0x52c2>V3-Recv: 00:003F:001E:0x1204 -> 03:003F:001E:0x0503 0x4900, tLen 23 dLen 2
01-05 20:33:39.767	          linker	[Debug]	        dji_protocol_v3.c:506  0:0x1204 convert to 0092(0x1204)
01-05 20:33:39.767	          linker	[Debug]	        dji_protocol_v3.c:506  3:0x0503 convert to 0065(0x0503)
01-05 20:33:39.768	          linker	[Debug]	            dji_command.c:1128  <0x52c2>Receive msg from linker, 0x1204(0x0092)->0x0503(0x0065) 0x4900 len:2
01-05 20:33:39.768	          linker	[Debug]	        dji_protocol_v3.c:266  <0x52c2>V3-Send: 03:003F:001E:0x0503 -> 00:003F:001E:0x1204 0x4900, tLen 23 dLen 2
01-05 20:33:39.780	          linker	[Debug]	        dji_protocol_v3.c:387  <0x7e52>V3-Recv: 01:003F:001E:0x0400 -> 03:003F:001E:0x0503 0x0405, tLen 70 dLen 49
01-05 20:33:39.780	          linker	[Debug]	        dji_protocol_v3.c:506  1:0x0400 convert to 0004(0x0400)
01-05 20:33:39.780	          linker	[Debug]	        dji_protocol_v3.c:506  3:0x0503 convert to 0065(0x0503)
01-05 20:33:39.780	          linker	[Debug]	        dji_protocol_v3.c:387  <0x52c6>V3-Recv: 00:003F:001E:0x1204 -> 03:003F:001E:0x0503 0x22AD, tLen 68 dLen 47
01-05 20:33:39.780	          linker	[Debug]	        dji_protocol_v3.c:506  0:0x1204 convert to 0092(0x1204)
01-05 20:33:39.780	          linker	[Debug]	        dji_protocol_v3.c:506  3:0x0503 convert to 0065(0x0503)
01-05 20:33:39.780	          linker	[Debug]	            dji_command.c:1128  <0x7e52>Receive msg from linker, 0x0400(0x0004)->0x0503(0x0065) 0x0405 len:49
01-05 20:33:39.780	          linker	[Debug]	            dji_command.c:980  received unsupport request cmd that noneed ack, <0x7e52> cmdset: 0x04 cmdid: 0x05
01-05 20:33:39.781	          linker	[Debug]	            dji_command.c:1128  <0x52c6>Receive msg from linker, 0x1204(0x0092)->0x0503(0x0065) 0x22AD len:47
01-05 20:33:39.781	          linker	[Debug]	            dji_command.c:980  received unsupport request cmd that need ack, <0x52c6> cmdset: 0x22 cmdid: 0xAD
01-05 20:33:39.792	          linker	[Debug]	        dji_protocol_v3.c:387  <0x7eac>V3-Recv: 01:003F:001E:0x0400 -> 03:003F:001E:0x0503 0x0405, tLen 70 dLen 49
01-05 20:33:39.792	          linker	[Debug]	        dji_protocol_v3.c:506  1:0x0400 convert to 0004(0x0400)
01-05 20:33:39.792	          linker	[Debug]	        dji_protocol_v3.c:506  3:0x0503 convert to 0065(0x0503)
01-05 20:33:39.792	          linker	[Debug]	            dji_command.c:1128  <0x7eac>Receive msg from linker, 0x0400(0x0004)->0x0503(0x0065) 0x0405 len:49
01-05 20:33:39.792	          linker	[Debug]	            dji_command.c:980  received unsupport request cmd that noneed ack, <0x7eac> cmdset: 0x04 cmdid: 0x05
01-05 20:33:39.792	          linker	[Debug]	        dji_protocol_v3.c:266  <0xc4b5>V3-Send: 03:003F:001E:0x0503 -> 00:003F:001E:0x0200 0x3C1B, tLen 77 dLen 56
01-05 20:33:39.802	          linker	[Debug]	        dji_protocol_v1.c:309  <0x2035>V1-Recv: 0x0A06->0x0503 0x0866
01-05 20:33:39.803	          linker	[Debug]	            dji_command.c:1128  <0x2035>Receive msg from linker, 0x0A06(0x00CA)->0x0503(0x0065) 0x0866 len:96
01-05 20:33:39.803	          linker	[Debug]	            dji_command.c:980  received unsupport request cmd that noneed ack, <0x2035> cmdset: 0x08 cmdid: 0x66
01-05 20:33:39.810	          linker	[Debug]	        dji_protocol_v3.c:266  <0xc4b6>V3-Send: 03:003F:001E:0x0503 -> 00:003F:001E:0x0801 0x0000, tLen 21 dLen 0
01-05 20:33:39.810	           infor	[Debug]	dji_aircraft_connection.c:170  check connect status:1
01-05 20:33:39.810	          linker	[Debug]	        dji_protocol_v3.c:387  <0xc4b6>V3-Recv: 00:003F:001E:0x0801 -> 03:003F:001E:0x0503 0x0000, tLen 22 dLen 1
01-05 20:33:39.810	          linker	[Debug]	        dji_protocol_v3.c:506  0:0x0801 convert to 0028(0x0801)
01-05 20:33:39.810	          linker	[Debug]	        dji_protocol_v3.c:506  3:0x0503 convert to 0065(0x0503)
01-05 20:33:39.811	          linker	[Debug]	            dji_command.c:1128  <0xc4b6>Receive msg from linker, 0x0801(0x0028)->0x0503(0x0065) 0x0000 len:1
01-05 20:33:39.811	           infor	[Debug]	dji_aircraft_connection.c:303  connect status async sucess
01-05 20:33:39.811	          linker	[Debug]	            dji_command.c:890  callback function (cmdset: 0x00 cmdid: 0x00) deal time: 0 ms
01-05 20:33:39.823	          linker	[Debug]	        dji_protocol_v3.c:387  <0x7f06>V3-Recv: 01:003F:001E:0x0400 -> 03:003F:001E:0x0503 0x0405, tLen 70 dLen 49
01-05 20:33:39.823	          linker	[Debug]	        dji_protocol_v3.c:506  1:0x0400 convert to 0004(0x0400)
01-05 20:33:39.823	          linker	[Debug]	        dji_protocol_v3.c:506  3:0x0503 convert to 0065(0x0503)
01-05 20:33:39.824	          linker	[Debug]	            dji_command.c:1128  <0x7f06>Receive msg from linker, 0x0400(0x0004)->0x0503(0x0065) 0x0405 len:49
01-05 20:33:39.824	          linker	[Debug]	            dji_command.c:980  received unsupport request cmd that noneed ack, <0x7f06> cmdset: 0x04 cmdid: 0x05
01-05 20:33:39.841	          linker	[Debug]	        dji_protocol_v3.c:387  <0x7f63>V3-Recv: 01:003F:001E:0x0400 -> 03:003F:001E:0x0503 0x0405, tLen 70 dLen 49
01-05 20:33:39.841	          linker	[Debug]	        dji_protocol_v3.c:506  1:0x0400 convert to 0004(0x0400)
01-05 20:33:39.841	          linker	[Debug]	        dji_protocol_v3.c:506  3:0x0503 convert to 0065(0x0503)
01-05 20:33:39.841	          linker	[Debug]	            dji_command.c:1128  <0x7f63>Receive msg from linker, 0x0400(0x0004)->0x0503(0x0065) 0x0405 len:49
01-05 20:33:39.841	          linker	[Debug]	            dji_command.c:980  received unsupport request cmd that noneed ack, <0x7f63> cmdset: 0x04 cmdid: 0x05
01-05 20:33:39.852	          linker	[Debug]	        dji_protocol_v3.c:387  <0x657a>V3-Recv: 00:003F:001E:0x0300 -> 03:003F:001E:0x0503 0x3C57, tLen 37 dLen 16
01-05 20:33:39.852	          linker	[Debug]	        dji_protocol_v3.c:506  0:0x0300 convert to 0003(0x0300)
01-05 20:33:39.852	          linker	[Debug]	        dji_protocol_v3.c:506  3:0x0503 convert to 0065(0x0503)
01-05 20:33:39.852	          linker	[Debug]	        dji_protocol_v3.c:387  <0x7fbe>V3-Recv: 01:003F:001E:0x0400 -> 03:003F:001E:0x0503 0x0405, tLen 70 dLen 49
01-05 20:33:39.852	          linker	[Debug]	        dji_protocol_v3.c:506  1:0x0400 convert to 0004(0x0400)
01-05 20:33:39.852	          linker	[Debug]	        dji_protocol_v3.c:506  3:0x0503 convert to 0065(0x0503)
01-05 20:33:39.853	          linker	[Debug]	            dji_command.c:1128  <0x657a>Receive msg from linker, 0x0300(0x0003)->0x0503(0x0065) 0x3C57 len:16
01-05 20:33:39.853	          linker	[Debug]	            dji_command.c:980  received unsupport request cmd that noneed ack, <0x657a> cmdset: 0x3C cmdid: 0x57
01-05 20:33:39.854	          linker	[Debug]	            dji_command.c:1128  <0x7fbe>Receive msg from linker, 0x0400(0x0004)->0x0503(0x0065) 0x0405 len:49
01-05 20:33:39.854	          linker	[Debug]	            dji_command.c:980  received unsupport request cmd that noneed ack, <0x7fbe> cmdset: 0x04 cmdid: 0x05
01-05 20:33:39.857	          linker	[Debug]	        dji_protocol_v3.c:266  <0xc4b7>V3-Send: 03:003F:001E:0x0503 -> 00:003F:001E:0x0200 0x3C1F, tLen 58 dLen 37
01-05 20:33:39.867	          linker	[Debug]	        dji_protocol_v3.c:387  <0x52d2>V3-Recv: 00:003F:001E:0x1204 -> 03:003F:001E:0x0503 0x4900, tLen 23 dLen 2
01-05 20:33:39.867	          linker	[Debug]	        dji_protocol_v3.c:506  0:0x1204 convert to 0092(0x1204)
01-05 20:33:39.867	          linker	[Debug]	        dji_protocol_v3.c:506  3:0x0503 convert to 0065(0x0503)
01-05 20:33:39.868	          linker	[Debug]	            dji_command.c:1128  <0x52d2>Receive msg from linker, 0x1204(0x0092)->0x0503(0x0065) 0x4900 len:2
01-05 20:33:39.868	          linker	[Debug]	        dji_protocol_v3.c:266  <0x52d2>V3-Send: 03:003F:001E:0x0503 -> 00:003F:001E:0x1204 0x4900, tLen 23 dLen 2
01-05 20:33:39.880	          linker	[Debug]	        dji_protocol_v3.c:387  <0x8019>V3-Recv: 01:003F:001E:0x0400 -> 03:003F:001E:0x0503 0x0405, tLen 70 dLen 49
01-05 20:33:39.880	          linker	[Debug]	        dji_protocol_v3.c:506  1:0x0400 convert to 0004(0x0400)
01-05 20:33:39.880	          linker	[Debug]	        dji_protocol_v3.c:506  3:0x0503 convert to 0065(0x0503)
01-05 20:33:39.880	          linker	[Debug]	        dji_protocol_v3.c:387  <0x52d6>V3-Recv: 00:003F:001E:0x1204 -> 03:003F:001E:0x0503 0x22AD, tLen 68 dLen 47
01-05 20:33:39.880	          linker	[Debug]	        dji_protocol_v3.c:506  0:0x1204 convert to 0092(0x1204)
01-05 20:33:39.880	          linker	[Debug]	        dji_protocol_v3.c:506  3:0x0503 convert to 0065(0x0503)
01-05 20:33:39.880	          linker	[Debug]	            dji_command.c:1128  <0x8019>Receive msg from linker, 0x0400(0x0004)->0x0503(0x0065) 0x0405 len:49
01-05 20:33:39.880	          linker	[Debug]	            dji_command.c:980  received unsupport request cmd that noneed ack, <0x8019> cmdset: 0x04 cmdid: 0x05
01-05 20:33:39.882	          linker	[Debug]	            dji_command.c:1128  <0x52d6>Receive msg from linker, 0x1204(0x0092)->0x0503(0x0065) 0x22AD len:47
01-05 20:33:39.882	          linker	[Debug]	            dji_command.c:980  received unsupport request cmd that need ack, <0x52d6> cmdset: 0x22 cmdid: 0xAD
01-05 20:33:39.892	          linker	[Debug]	        dji_protocol_v3.c:387  <0x8073>V3-Recv: 01:003F:001E:0x0400 -> 03:003F:001E:0x0503 0x0405, tLen 70 dLen 49
01-05 20:33:39.892	          linker	[Debug]	        dji_protocol_v3.c:506  1:0x0400 convert to 0004(0x0400)
01-05 20:33:39.892	          linker	[Debug]	        dji_protocol_v3.c:506  3:0x0503 convert to 0065(0x0503)
01-05 20:33:39.892	          linker	[Debug]	            dji_command.c:1128  <0x8073>Receive msg from linker, 0x0400(0x0004)->0x0503(0x0065) 0x0405 len:49
01-05 20:33:39.892	          linker	[Debug]	            dji_command.c:980  received unsupport request cmd that noneed ack, <0x8073> cmdset: 0x04 cmdid: 0x05
01-05 20:33:39.912	          linker	[Debug]	        dji_protocol_v3.c:387  <0x80cd>V3-Recv: 01:003F:001E:0x0400 -> 03:003F:001E:0x0503 0x0405, tLen 70 dLen 49
01-05 20:33:39.912	          linker	[Debug]	        dji_protocol_v3.c:506  1:0x0400 convert to 0004(0x0400)
01-05 20:33:39.912	          linker	[Debug]	        dji_protocol_v3.c:506  3:0x0503 convert to 0065(0x0503)
01-05 20:33:39.913	          linker	[Debug]	            dji_command.c:1128  <0x80cd>Receive msg from linker, 0x0400(0x0004)->0x0503(0x0065) 0x0405 len:49
01-05 20:33:39.913	          linker	[Debug]	            dji_command.c:980  received unsupport request cmd that noneed ack, <0x80cd> cmdset: 0x04 cmdid: 0x05
01-05 20:33:39.932	          linker	[Debug]	        dji_protocol_v3.c:387  <0x812a>V3-Recv: 01:003F:001E:0x0400 -> 03:003F:001E:0x0503 0x0405, tLen 70 dLen 49
01-05 20:33:39.932	          linker	[Debug]	        dji_protocol_v3.c:506  1:0x0400 convert to 0004(0x0400)
01-05 20:33:39.932	          linker	[Debug]	        dji_protocol_v3.c:506  3:0x0503 convert to 0065(0x0503)
01-05 20:33:39.932	          linker	[Debug]	            dji_command.c:1128  <0x812a>Receive msg from linker, 0x0400(0x0004)->0x0503(0x0065) 0x0405 len:49
01-05 20:33:39.932	          linker	[Debug]	            dji_command.c:980  received unsupport request cmd that noneed ack, <0x812a> cmdset: 0x04 cmdid: 0x05
01-05 20:33:39.946	          linker	[Debug]	        dji_protocol_v1.c:189  <0xc4b8>V1-Send: 0x0503->0x1007 0x198B
01-05 20:33:39.946	          linker	[Debug]	        dji_protocol_v3.c:266  <0xc4b9>V3-Send: 03:003F:001E:0x0503 -> 00:003F:001E:0x0200 0x3C10, tLen 85 dLen 64
01-05 20:33:39.947	          linker	[Debug]	        dji_protocol_v3.c:266  <0xc4ba>V3-Send: 03:003F:001E:0x0503 -> 00:003F:001E:0x0300 0x3C10, tLen 85 dLen 64
01-05 20:33:39.947	          linker	[Debug]	        dji_protocol_v3.c:266  <0xc4bb>V3-Send: 03:003F:001E:0x0503 -> 00:003F:001E:0x1104 0x3C10, tLen 85 dLen 64
01-05 20:33:39.947	          linker	[Debug]	        dji_protocol_v3.c:266  <0xc4bc>V3-Send: 03:003F:001E:0x0503 -> 00:003F:001E:0x0701 0x3C10, tLen 85 dLen 64
01-05 20:33:39.947	          linker	[Debug]	        dji_protocol_v3.c:266  <0xc4bd>V3-Send: 03:003F:001E:0x0503 -> 00:003F:001E:0x1100 0x3C10, tLen 85 dLen 64
01-05 20:33:39.952	          linker	[Debug]	        dji_protocol_v3.c:387  <0x8186>V3-Recv: 01:003F:001E:0x0400 -> 03:003F:001E:0x0503 0x0405, tLen 70 dLen 49
01-05 20:33:39.952	          linker	[Debug]	        dji_protocol_v3.c:506  1:0x0400 convert to 0004(0x0400)
01-05 20:33:39.952	          linker	[Debug]	        dji_protocol_v3.c:506  3:0x0503 convert to 0065(0x0503)
01-05 20:33:39.953	          linker	[Debug]	            dji_command.c:1128  <0x8186>Receive msg from linker, 0x0400(0x0004)->0x0503(0x0065) 0x0405 len:49
01-05 20:33:39.953	          linker	[Debug]	            dji_command.c:980  received unsupport request cmd that noneed ack, <0x8186> cmdset: 0x04 cmdid: 0x05
01-05 20:33:39.967	          linker	[Debug]	        dji_protocol_v3.c:387  <0x52e2>V3-Recv: 00:003F:001E:0x1204 -> 03:003F:001E:0x0503 0x4900, tLen 23 dLen 2
01-05 20:33:39.968	          linker	[Debug]	        dji_protocol_v3.c:506  0:0x1204 convert to 0092(0x1204)
01-05 20:33:39.968	          linker	[Debug]	        dji_protocol_v3.c:506  3:0x0503 convert to 0065(0x0503)
01-05 20:33:39.968	          linker	[Debug]	            dji_command.c:1128  <0x52e2>Receive msg from linker, 0x1204(0x0092)->0x0503(0x0065) 0x4900 len:2
01-05 20:33:39.968	          linker	[Debug]	        dji_protocol_v3.c:266  <0x52e2>V3-Send: 03:003F:001E:0x0503 -> 00:003F:001E:0x1204 0x4900, tLen 23 dLen 2
01-05 20:33:39.980	          linker	[Debug]	        dji_protocol_v3.c:387  <0x81e0>V3-Recv: 01:003F:001E:0x0400 -> 03:003F:001E:0x0503 0x0405, tLen 70 dLen 49
01-05 20:33:39.980	          linker	[Debug]	        dji_protocol_v3.c:506  1:0x0400 convert to 0004(0x0400)
01-05 20:33:39.980	          linker	[Debug]	        dji_protocol_v3.c:506  3:0x0503 convert to 0065(0x0503)
01-05 20:33:39.980	          linker	[Debug]	        dji_protocol_v3.c:387  <0x52e6>V3-Recv: 00:003F:001E:0x1204 -> 03:003F:001E:0x0503 0x22AD, tLen 68 dLen 47
01-05 20:33:39.980	          linker	[Debug]	        dji_protocol_v3.c:506  0:0x1204 convert to 0092(0x1204)
01-05 20:33:39.980	          linker	[Debug]	        dji_protocol_v3.c:506  3:0x0503 convert to 0065(0x0503)
01-05 20:33:39.981	          linker	[Debug]	            dji_command.c:1128  <0x81e0>Receive msg from linker, 0x0400(0x0004)->0x0503(0x0065) 0x0405 len:49
01-05 20:33:39.981	          linker	[Debug]	            dji_command.c:980  received unsupport request cmd that noneed ack, <0x81e0> cmdset: 0x04 cmdid: 0x05
01-05 20:33:39.982	          linker	[Debug]	            dji_command.c:1128  <0x52e6>Receive msg from linker, 0x1204(0x0092)->0x0503(0x0065) 0x22AD len:47
01-05 20:33:39.982	          linker	[Debug]	            dji_command.c:980  received unsupport request cmd that need ack, <0x52e6> cmdset: 0x22 cmdid: 0xAD
01-05 20:33:39.992	          linker	[Debug]	        dji_protocol_v3.c:387  <0x823a>V3-Recv: 01:003F:001E:0x0400 -> 03:003F:001E:0x0503 0x0405, tLen 70 dLen 49
01-05 20:33:39.992	          linker	[Debug]	        dji_protocol_v3.c:506  1:0x0400 convert to 0004(0x0400)
01-05 20:33:39.992	          linker	[Debug]	        dji_protocol_v3.c:506  3:0x0503 convert to 0065(0x0503)
01-05 20:33:39.993	          linker	[Debug]	            dji_command.c:1128  <0x823a>Receive msg from linker, 0x0400(0x0004)->0x0503(0x0065) 0x0405 len:49
01-05 20:33:39.993	          linker	[Debug]	            dji_command.c:980  received unsupport request cmd that noneed ack, <0x823a> cmdset: 0x04 cmdid: 0x05
01-05 20:33:40.010	          linker	[Debug]	        dji_protocol_v3.c:266  <0xc4be>V3-Send: 03:003F:001E:0x0503 -> 00:003F:001E:0x0200 0x3C1B, tLen 77 dLen 56
01-05 20:33:40.012	          linker	[Debug]	        dji_protocol_v3.c:387  <0x8294>V3-Recv: 01:003F:001E:0x0400 -> 03:003F:001E:0x0503 0x0405, tLen 70 dLen 49
01-05 20:33:40.012	          linker	[Debug]	        dji_protocol_v3.c:506  1:0x0400 convert to 0004(0x0400)
01-05 20:33:40.012	          linker	[Debug]	        dji_protocol_v3.c:506  3:0x0503 convert to 0065(0x0503)
01-05 20:33:40.012	          linker	[Debug]	            dji_command.c:1128  <0x8294>Receive msg from linker, 0x0400(0x0004)->0x0503(0x0065) 0x0405 len:49
01-05 20:33:40.012	          linker	[Debug]	            dji_command.c:980  received unsupport request cmd that noneed ack, <0x8294> cmdset: 0x04 cmdid: 0x05
01-05 20:33:40.032	          linker	[Debug]	        dji_protocol_v3.c:387  <0x82f0>V3-Recv: 01:003F:001E:0x0400 -> 03:003F:001E:0x0503 0x0405, tLen 70 dLen 49
01-05 20:33:40.032	          linker	[Debug]	        dji_protocol_v3.c:506  1:0x0400 convert to 0004(0x0400)
01-05 20:33:40.032	          linker	[Debug]	        dji_protocol_v3.c:506  3:0x0503 convert to 0065(0x0503)
01-05 20:33:40.033	          linker	[Debug]	            dji_command.c:1128  <0x82f0>Receive msg from linker, 0x0400(0x0004)->0x0503(0x0065) 0x0405 len:49
01-05 20:33:40.033	          linker	[Debug]	            dji_command.c:980  received unsupport request cmd that noneed ack, <0x82f0> cmdset: 0x04 cmdid: 0x05
01-05 20:33:40.050	          linker	[Debug]	        dji_protocol_v3.c:387  <0x66db>V3-Recv: 00:003F:001E:0x0300 -> 03:003F:001E:0x0503 0x3C57, tLen 37 dLen 16
01-05 20:33:40.050	          linker	[Debug]	        dji_protocol_v3.c:506  0:0x0300 convert to 0003(0x0300)
01-05 20:33:40.050	          linker	[Debug]	        dji_protocol_v3.c:506  3:0x0503 convert to 0065(0x0503)
01-05 20:33:40.051	          linker	[Debug]	            dji_command.c:1128  <0x66db>Receive msg from linker, 0x0300(0x0003)->0x0503(0x0065) 0x3C57 len:16
01-05 20:33:40.051	          linker	[Debug]	            dji_command.c:980  received unsupport request cmd that noneed ack, <0x66db> cmdset: 0x3C cmdid: 0x57
01-05 20:33:40.058	          linker	[Debug]	        dji_protocol_v3.c:266  <0xc4bf>V3-Send: 03:003F:001E:0x0503 -> 00:003F:001E:0x0200 0x3C1F, tLen 58 dLen 37
01-05 20:33:40.069	          linker	[Debug]	        dji_protocol_v3.c:387  <0x834c>V3-Recv: 01:003F:001E:0x0400 -> 03:003F:001E:0x0503 0x0405, tLen 70 dLen 49
01-05 20:33:40.069	          linker	[Debug]	        dji_protocol_v3.c:506  1:0x0400 convert to 0004(0x0400)
01-05 20:33:40.069	          linker	[Debug]	        dji_protocol_v3.c:506  3:0x0503 convert to 0065(0x0503)
01-05 20:33:40.069	          linker	[Debug]	        dji_protocol_v3.c:387  <0x52f2>V3-Recv: 00:003F:001E:0x1204 -> 03:003F:001E:0x0503 0x4900, tLen 23 dLen 2
01-05 20:33:40.069	          linker	[Debug]	        dji_protocol_v3.c:506  0:0x1204 convert to 0092(0x1204)
01-05 20:33:40.069	          linker	[Debug]	        dji_protocol_v3.c:506  3:0x0503 convert to 0065(0x0503)
01-05 20:33:40.069	          linker	[Debug]	            dji_command.c:1128  <0x834c>Receive msg from linker, 0x0400(0x0004)->0x0503(0x0065) 0x0405 len:49
01-05 20:33:40.069	          linker	[Debug]	            dji_command.c:980  received unsupport request cmd that noneed ack, <0x834c> cmdset: 0x04 cmdid: 0x05
01-05 20:33:40.071	          linker	[Debug]	            dji_command.c:1128  <0x52f2>Receive msg from linker, 0x1204(0x0092)->0x0503(0x0065) 0x4900 len:2
01-05 20:33:40.071	          linker	[Debug]	        dji_protocol_v3.c:266  <0x52f2>V3-Send: 03:003F:001E:0x0503 -> 00:003F:001E:0x1204 0x4900, tLen 23 dLen 2
01-05 20:33:40.080	          linker	[Debug]	        dji_protocol_v3.c:387  <0x83a6>V3-Recv: 01:003F:001E:0x0400 -> 03:003F:001E:0x0503 0x0405, tLen 70 dLen 49
01-05 20:33:40.080	          linker	[Debug]	        dji_protocol_v3.c:506  1:0x0400 convert to 0004(0x0400)
01-05 20:33:40.080	          linker	[Debug]	        dji_protocol_v3.c:506  3:0x0503 convert to 0065(0x0503)
01-05 20:33:40.080	          linker	[Debug]	        dji_protocol_v3.c:387  <0x52f6>V3-Recv: 00:003F:001E:0x1204 -> 03:003F:001E:0x0503 0x22AD, tLen 68 dLen 47
01-05 20:33:40.080	          linker	[Debug]	        dji_protocol_v3.c:506  0:0x1204 convert to 0092(0x1204)
01-05 20:33:40.080	          linker	[Debug]	        dji_protocol_v3.c:506  3:0x0503 convert to 0065(0x0503)
01-05 20:33:40.080	          linker	[Debug]	            dji_command.c:1128  <0x83a6>Receive msg from linker, 0x0400(0x0004)->0x0503(0x0065) 0x0405 len:49
01-05 20:33:40.080	          linker	[Debug]	            dji_command.c:980  received unsupport request cmd that noneed ack, <0x83a6> cmdset: 0x04 cmdid: 0x05
01-05 20:33:40.082	          linker	[Debug]	            dji_command.c:1128  <0x52f6>Receive msg from linker, 0x1204(0x0092)->0x0503(0x0065) 0x22AD len:47
01-05 20:33:40.082	          linker	[Debug]	            dji_command.c:980  received unsupport request cmd that need ack, <0x52f6> cmdset: 0x22 cmdid: 0xAD
01-05 20:33:40.092	          linker	[Debug]	        dji_protocol_v3.c:387  <0x8400>V3-Recv: 01:003F:001E:0x0400 -> 03:003F:001E:0x0503 0x0405, tLen 70 dLen 49
01-05 20:33:40.092	          linker	[Debug]	        dji_protocol_v3.c:506  1:0x0400 convert to 0004(0x0400)
01-05 20:33:40.092	          linker	[Debug]	        dji_protocol_v3.c:506  3:0x0503 convert to 0065(0x0503)
01-05 20:33:40.092	          linker	[Debug]	            dji_command.c:1128  <0x8400>Receive msg from linker, 0x0400(0x0004)->0x0503(0x0065) 0x0405 len:49
01-05 20:33:40.092	          linker	[Debug]	            dji_command.c:980  received unsupport request cmd that noneed ack, <0x8400> cmdset: 0x04 cmdid: 0x05
01-05 20:33:40.112	          linker	[Debug]	        dji_protocol_v3.c:387  <0x845a>V3-Recv: 01:003F:001E:0x0400 -> 03:003F:001E:0x0503 0x0405, tLen 70 dLen 49
01-05 20:33:40.112	          linker	[Debug]	        dji_protocol_v3.c:506  1:0x0400 convert to 0004(0x0400)
01-05 20:33:40.112	          linker	[Debug]	        dji_protocol_v3.c:506  3:0x0503 convert to 0065(0x0503)
01-05 20:33:40.113	          linker	[Debug]	            dji_command.c:1128  <0x845a>Receive msg from linker, 0x0400(0x0004)->0x0503(0x0065) 0x0405 len:49
01-05 20:33:40.113	          linker	[Debug]	            dji_command.c:980  received unsupport request cmd that noneed ack, <0x845a> cmdset: 0x04 cmdid: 0x05
01-05 20:33:40.134	          linker	[Debug]	        dji_protocol_v3.c:387  <0x84ba>V3-Recv: 01:003F:001E:0x0400 -> 03:003F:001E:0x0503 0x0405, tLen 70 dLen 49
01-05 20:33:40.134	          linker	[Debug]	        dji_protocol_v3.c:506  1:0x0400 convert to 0004(0x0400)
01-05 20:33:40.134	          linker	[Debug]	        dji_protocol_v3.c:506  3:0x0503 convert to 0065(0x0503)
01-05 20:33:40.135	          linker	[Debug]	            dji_command.c:1128  <0x84ba>Receive msg from linker, 0x0400(0x0004)->0x0503(0x0065) 0x0405 len:49
01-05 20:33:40.135	          linker	[Debug]	            dji_command.c:980  received unsupport request cmd that noneed ack, <0x84ba> cmdset: 0x04 cmdid: 0x05
01-05 20:33:40.152	          linker	[Debug]	        dji_protocol_v3.c:387  <0x8518>V3-Recv: 01:003F:001E:0x0400 -> 03:003F:001E:0x0503 0x0405, tLen 70 dLen 49
01-05 20:33:40.152	          linker	[Debug]	        dji_protocol_v3.c:506  1:0x0400 convert to 0004(0x0400)
01-05 20:33:40.152	          linker	[Debug]	        dji_protocol_v3.c:506  3:0x0503 convert to 0065(0x0503)
01-05 20:33:40.153	          linker	[Debug]	            dji_command.c:1128  <0x8518>Receive msg from linker, 0x0400(0x0004)->0x0503(0x0065) 0x0405 len:49
01-05 20:33:40.153	          linker	[Debug]	            dji_command.c:980  received unsupport request cmd that noneed ack, <0x8518> cmdset: 0x04 cmdid: 0x05
01-05 20:33:40.164	          linker	[Debug]	        dji_protocol_v1.c:189  <0xc4c0>V1-Send: 0x0503->0x1007 0x198B
01-05 20:33:40.164	          linker	[Debug]	        dji_protocol_v3.c:266  <0xc4c1>V3-Send: 03:003F:001E:0x0503 -> 00:003F:001E:0x0200 0x3C10, tLen 85 dLen 64
01-05 20:33:40.164	          linker	[Debug]	        dji_protocol_v3.c:266  <0xc4c2>V3-Send: 03:003F:001E:0x0503 -> 00:003F:001E:0x0300 0x3C10, tLen 85 dLen 64
01-05 20:33:40.164	          linker	[Debug]	        dji_protocol_v3.c:266  <0xc4c3>V3-Send: 03:003F:001E:0x0503 -> 00:003F:001E:0x1104 0x3C10, tLen 85 dLen 64
01-05 20:33:40.164	          linker	[Debug]	        dji_protocol_v3.c:266  <0xc4c4>V3-Send: 03:003F:001E:0x0503 -> 00:003F:001E:0x0701 0x3C10, tLen 85 dLen 64
01-05 20:33:40.164	          linker	[Debug]	        dji_protocol_v3.c:266  <0xc4c5>V3-Send: 03:003F:001E:0x0503 -> 00:003F:001E:0x1100 0x3C10, tLen 85 dLen 64
01-05 20:33:40.167	          linker	[Debug]	        dji_protocol_v3.c:387  <0x5302>V3-Recv: 00:003F:001E:0x1204 -> 03:003F:001E:0x0503 0x4900, tLen 23 dLen 2
01-05 20:33:40.167	          linker	[Debug]	        dji_protocol_v3.c:506  0:0x1204 convert to 0092(0x1204)
01-05 20:33:40.167	          linker	[Debug]	        dji_protocol_v3.c:506  3:0x0503 convert to 0065(0x0503)
01-05 20:33:40.168	          linker	[Debug]	            dji_command.c:1128  <0x5302>Receive msg from linker, 0x1204(0x0092)->0x0503(0x0065) 0x4900 len:2
01-05 20:33:40.168	          linker	[Debug]	        dji_protocol_v3.c:266  <0x5302>V3-Send: 03:003F:001E:0x0503 -> 00:003F:001E:0x1204 0x4900, tLen 23 dLen 2
01-05 20:33:40.180	          linker	[Debug]	        dji_protocol_v3.c:387  <0x8572>V3-Recv: 01:003F:001E:0x0400 -> 03:003F:001E:0x0503 0x0405, tLen 70 dLen 49
01-05 20:33:40.180	          linker	[Debug]	        dji_protocol_v3.c:506  1:0x0400 convert to 0004(0x0400)
01-05 20:33:40.180	          linker	[Debug]	        dji_protocol_v3.c:506  3:0x0503 convert to 0065(0x0503)
01-05 20:33:40.180	          linker	[Debug]	        dji_protocol_v3.c:387  <0x5306>V3-Recv: 00:003F:001E:0x1204 -> 03:003F:001E:0x0503 0x22AD, tLen 68 dLen 47
01-05 20:33:40.180	          linker	[Debug]	        dji_protocol_v3.c:506  0:0x1204 convert to 0092(0x1204)
01-05 20:33:40.180	          linker	[Debug]	        dji_protocol_v3.c:506  3:0x0503 convert to 0065(0x0503)
01-05 20:33:40.180	          linker	[Debug]	            dji_command.c:1128  <0x8572>Receive msg from linker, 0x0400(0x0004)->0x0503(0x0065) 0x0405 len:49
01-05 20:33:40.180	          linker	[Debug]	            dji_command.c:980  received unsupport request cmd that noneed ack, <0x8572> cmdset: 0x04 cmdid: 0x05
01-05 20:33:40.181	          linker	[Debug]	            dji_command.c:1128  <0x5306>Receive msg from linker, 0x1204(0x0092)->0x0503(0x0065) 0x22AD len:47
01-05 20:33:40.181	          linker	[Debug]	            dji_command.c:980  received unsupport request cmd that need ack, <0x5306> cmdset: 0x22 cmdid: 0xAD
01-05 20:33:40.192	          linker	[Debug]	        dji_protocol_v3.c:387  <0x85cc>V3-Recv: 01:003F:001E:0x0400 -> 03:003F:001E:0x0503 0x0405, tLen 70 dLen 49
01-05 20:33:40.192	          linker	[Debug]	        dji_protocol_v3.c:506  1:0x0400 convert to 0004(0x0400)
01-05 20:33:40.192	          linker	[Debug]	        dji_protocol_v3.c:506  3:0x0503 convert to 0065(0x0503)
01-05 20:33:40.193	          linker	[Debug]	            dji_command.c:1128  <0x85cc>Receive msg from linker, 0x0400(0x0004)->0x0503(0x0065) 0x0405 len:49
01-05 20:33:40.193	          linker	[Debug]	            dji_command.c:980  received unsupport request cmd that noneed ack, <0x85cc> cmdset: 0x04 cmdid: 0x05
01-05 20:33:40.205	          linker	[Debug]	        dji_protocol_v3.c:387  <0x2970>V3-Recv: 00:003F:001E:0x0801 -> 03:003F:001E:0x0503 0x0099, tLen 56 dLen 35
01-05 20:33:40.205	          linker	[Debug]	        dji_protocol_v3.c:506  0:0x0801 convert to 0028(0x0801)
01-05 20:33:40.205	          linker	[Debug]	        dji_protocol_v3.c:506  3:0x0503 convert to 0065(0x0503)
01-05 20:33:40.206	          linker	[Debug]	            dji_command.c:1128  <0x2970>Receive msg from linker, 0x0801(0x0028)->0x0503(0x0065) 0x0099 len:35
01-05 20:33:40.219	          linker	[Debug]	        dji_protocol_v3.c:387  <0x2971>V3-Recv: 00:003F:001E:0x0801 -> 03:003F:001E:0x0503 0x0099, tLen 70 dLen 49
01-05 20:33:40.219	          linker	[Debug]	        dji_protocol_v3.c:506  0:0x0801 convert to 0028(0x0801)
01-05 20:33:40.219	          linker	[Debug]	        dji_protocol_v3.c:506  3:0x0503 convert to 0065(0x0503)
01-05 20:33:40.219	          linker	[Debug]	        dji_protocol_v3.c:387  <0x8626>V3-Recv: 01:003F:001E:0x0400 -> 03:003F:001E:0x0503 0x0405, tLen 70 dLen 49
01-05 20:33:40.219	          linker	[Debug]	        dji_protocol_v3.c:506  1:0x0400 convert to 0004(0x0400)
01-05 20:33:40.219	          linker	[Debug]	        dji_protocol_v3.c:506  3:0x0503 convert to 0065(0x0503)
01-05 20:33:40.220	          linker	[Debug]	            dji_command.c:1128  <0x2971>Receive msg from linker, 0x0801(0x0028)->0x0503(0x0065) 0x0099 len:49
01-05 20:33:40.221	          linker	[Debug]	            dji_command.c:1128  <0x8626>Receive msg from linker, 0x0400(0x0004)->0x0503(0x0065) 0x0405 len:49
01-05 20:33:40.221	          linker	[Debug]	            dji_command.c:980  received unsupport request cmd that noneed ack, <0x8626> cmdset: 0x04 cmdid: 0x05
01-05 20:33:40.227	          linker	[Debug]	        dji_protocol_v3.c:266  <0xc4c6>V3-Send: 03:003F:001E:0x0503 -> 00:003F:001E:0x0200 0x3C1B, tLen 77 dLen 56
01-05 20:33:40.232	          linker	[Debug]	        dji_protocol_v3.c:387  <0x8682>V3-Recv: 01:003F:001E:0x0400 -> 03:003F:001E:0x0503 0x0405, tLen 70 dLen 49
01-05 20:33:40.232	          linker	[Debug]	        dji_protocol_v3.c:506  1:0x0400 convert to 0004(0x0400)
01-05 20:33:40.232	          linker	[Debug]	        dji_protocol_v3.c:506  3:0x0503 convert to 0065(0x0503)
01-05 20:33:40.233	          linker	[Debug]	            dji_command.c:1128  <0x8682>Receive msg from linker, 0x0400(0x0004)->0x0503(0x0065) 0x0405 len:49
01-05 20:33:40.233	          linker	[Debug]	            dji_command.c:980  received unsupport request cmd that noneed ack, <0x8682> cmdset: 0x04 cmdid: 0x05
01-05 20:33:40.250	          linker	[Debug]	        dji_protocol_v3.c:387  <0x6834>V3-Recv: 00:003F:001E:0x0300 -> 03:003F:001E:0x0503 0x3C57, tLen 37 dLen 16
01-05 20:33:40.250	          linker	[Debug]	        dji_protocol_v3.c:506  0:0x0300 convert to 0003(0x0300)
01-05 20:33:40.250	          linker	[Debug]	        dji_protocol_v3.c:506  3:0x0503 convert to 0065(0x0503)
01-05 20:33:40.251	          linker	[Debug]	            dji_command.c:1128  <0x6834>Receive msg from linker, 0x0300(0x0003)->0x0503(0x0065) 0x3C57 len:16
01-05 20:33:40.251	          linker	[Debug]	            dji_command.c:980  received unsupport request cmd that noneed ack, <0x6834> cmdset: 0x3C cmdid: 0x57
01-05 20:33:40.258	          linker	[Debug]	        dji_protocol_v3.c:266  <0xc4c7>V3-Send: 03:003F:001E:0x0503 -> 00:003F:001E:0x0200 0x3C1F, tLen 58 dLen 37
01-05 20:33:40.269	          linker	[Debug]	        dji_protocol_v3.c:387  <0x86df>V3-Recv: 01:003F:001E:0x0400 -> 03:003F:001E:0x0503 0x0405, tLen 70 dLen 49
01-05 20:33:40.269	          linker	[Debug]	        dji_protocol_v3.c:506  1:0x0400 convert to 0004(0x0400)
01-05 20:33:40.269	          linker	[Debug]	        dji_protocol_v3.c:506  3:0x0503 convert to 0065(0x0503)
01-05 20:33:40.269	          linker	[Debug]	        dji_protocol_v3.c:387  <0x5312>V3-Recv: 00:003F:001E:0x1204 -> 03:003F:001E:0x0503 0x4900, tLen 23 dLen 2
01-05 20:33:40.269	          linker	[Debug]	        dji_protocol_v3.c:506  0:0x1204 convert to 0092(0x1204)
01-05 20:33:40.269	          linker	[Debug]	        dji_protocol_v3.c:506  3:0x0503 convert to 0065(0x0503)
01-05 20:33:40.270	          linker	[Debug]	            dji_command.c:1128  <0x86df>Receive msg from linker, 0x0400(0x0004)->0x0503(0x0065) 0x0405 len:49
01-05 20:33:40.270	          linker	[Debug]	            dji_command.c:980  received unsupport request cmd that noneed ack, <0x86df> cmdset: 0x04 cmdid: 0x05
01-05 20:33:40.271	          linker	[Debug]	            dji_command.c:1128  <0x5312>Receive msg from linker, 0x1204(0x0092)->0x0503(0x0065) 0x4900 len:2
01-05 20:33:40.271	          linker	[Debug]	        dji_protocol_v3.c:266  <0x5312>V3-Send: 03:003F:001E:0x0503 -> 00:003F:001E:0x1204 0x4900, tLen 23 dLen 2
01-05 20:33:40.280	          linker	[Debug]	        dji_protocol_v3.c:387  <0x8739>V3-Recv: 01:003F:001E:0x0400 -> 03:003F:001E:0x0503 0x0405, tLen 70 dLen 49
01-05 20:33:40.280	          linker	[Debug]	        dji_protocol_v3.c:506  1:0x0400 convert to 0004(0x0400)
01-05 20:33:40.280	          linker	[Debug]	        dji_protocol_v3.c:506  3:0x0503 convert to 0065(0x0503)
01-05 20:33:40.280	          linker	[Debug]	        dji_protocol_v3.c:387  <0x5316>V3-Recv: 00:003F:001E:0x1204 -> 03:003F:001E:0x0503 0x22AD, tLen 68 dLen 47
01-05 20:33:40.280	          linker	[Debug]	        dji_protocol_v3.c:506  0:0x1204 convert to 0092(0x1204)
01-05 20:33:40.280	          linker	[Debug]	        dji_protocol_v3.c:506  3:0x0503 convert to 0065(0x0503)
01-05 20:33:40.281	          linker	[Debug]	            dji_command.c:1128  <0x8739>Receive msg from linker, 0x0400(0x0004)->0x0503(0x0065) 0x0405 len:49
01-05 20:33:40.281	          linker	[Debug]	            dji_command.c:980  received unsupport request cmd that noneed ack, <0x8739> cmdset: 0x04 cmdid: 0x05
01-05 20:33:40.282	          linker	[Debug]	            dji_command.c:1128  <0x5316>Receive msg from linker, 0x1204(0x0092)->0x0503(0x0065) 0x22AD len:47
01-05 20:33:40.282	          linker	[Debug]	            dji_command.c:980  received unsupport request cmd that need ack, <0x5316> cmdset: 0x22 cmdid: 0xAD
01-05 20:33:40.292	          linker	[Debug]	        dji_protocol_v3.c:387  <0x8793>V3-Recv: 01:003F:001E:0x0400 -> 03:003F:001E:0x0503 0x0405, tLen 70 dLen 49
01-05 20:33:40.292	          linker	[Debug]	        dji_protocol_v3.c:506  1:0x0400 convert to 0004(0x0400)
01-05 20:33:40.292	          linker	[Debug]	        dji_protocol_v3.c:506  3:0x0503 convert to 0065(0x0503)
01-05 20:33:40.293	          linker	[Debug]	            dji_command.c:1128  <0x8793>Receive msg from linker, 0x0400(0x0004)->0x0503(0x0065) 0x0405 len:49
01-05 20:33:40.293	          linker	[Debug]	            dji_command.c:980  received unsupport request cmd that noneed ack, <0x8793> cmdset: 0x04 cmdid: 0x05
01-05 20:33:40.302	          linker	[Debug]	        dji_protocol_v1.c:309  <0x2035>V1-Recv: 0x0A06->0x0503 0x0866
01-05 20:33:40.302	          linker	[Debug]	            dji_command.c:1128  <0x2035>Receive msg from linker, 0x0A06(0x00CA)->0x0503(0x0065) 0x0866 len:96
01-05 20:33:40.303	          linker	[Debug]	            dji_command.c:980  received unsupport request cmd that noneed ack, <0x2035> cmdset: 0x08 cmdid: 0x66
01-05 20:33:40.310	          linker	[Debug]	        dji_protocol_v3.c:387  <0x2972>V3-Recv: 00:003F:001E:0x0801 -> 03:003F:001E:0x0503 0x0099, tLen 58 dLen 37
01-05 20:33:40.310	          linker	[Debug]	        dji_protocol_v3.c:506  0:0x0801 convert to 0028(0x0801)
01-05 20:33:40.310	          linker	[Debug]	        dji_protocol_v3.c:506  3:0x0503 convert to 0065(0x0503)
01-05 20:33:40.310	          linker	[Debug]	            dji_command.c:1128  <0x2972>Receive msg from linker, 0x0801(0x0028)->0x0503(0x0065) 0x0099 len:37
01-05 20:33:40.327	          linker	[Debug]	        dji_protocol_v3.c:387  <0x87ed>V3-Recv: 01:003F:001E:0x0400 -> 03:003F:001E:0x0503 0x0405, tLen 70 dLen 49
01-05 20:33:40.327	          linker	[Debug]	        dji_protocol_v3.c:506  1:0x0400 convert to 0004(0x0400)
01-05 20:33:40.327	          linker	[Debug]	        dji_protocol_v3.c:506  3:0x0503 convert to 0065(0x0503)
01-05 20:33:40.327	          linker	[Debug]	            dji_command.c:1128  <0x87ed>Receive msg from linker, 0x0400(0x0004)->0x0503(0x0065) 0x0405 len:49
01-05 20:33:40.327	          linker	[Debug]	            dji_command.c:980  received unsupport request cmd that noneed ack, <0x87ed> cmdset: 0x04 cmdid: 0x05
01-05 20:33:40.337	          linker	[Debug]	        dji_protocol_v3.c:387  <0x8849>V3-Recv: 01:003F:001E:0x0400 -> 03:003F:001E:0x0503 0x0405, tLen 70 dLen 49
01-05 20:33:40.337	          linker	[Debug]	        dji_protocol_v3.c:506  1:0x0400 convert to 0004(0x0400)
01-05 20:33:40.337	          linker	[Debug]	        dji_protocol_v3.c:506  3:0x0503 convert to 0065(0x0503)
01-05 20:33:40.338	          linker	[Debug]	            dji_command.c:1128  <0x8849>Receive msg from linker, 0x0400(0x0004)->0x0503(0x0065) 0x0405 len:49
01-05 20:33:40.338	          linker	[Debug]	            dji_command.c:980  received unsupport request cmd that noneed ack, <0x8849> cmdset: 0x04 cmdid: 0x05
01-05 20:33:40.352	          linker	[Debug]	        dji_protocol_v3.c:387  <0x88a5>V3-Recv: 01:003F:001E:0x0400 -> 03:003F:001E:0x0503 0x0405, tLen 70 dLen 49
01-05 20:33:40.352	          linker	[Debug]	        dji_protocol_v3.c:506  1:0x0400 convert to 0004(0x0400)
01-05 20:33:40.352	          linker	[Debug]	        dji_protocol_v3.c:506  3:0x0503 convert to 0065(0x0503)
01-05 20:33:40.352	          linker	[Debug]	            dji_command.c:1128  <0x88a5>Receive msg from linker, 0x0400(0x0004)->0x0503(0x0065) 0x0405 len:49
01-05 20:33:40.352	          linker	[Debug]	            dji_command.c:980  received unsupport request cmd that noneed ack, <0x88a5> cmdset: 0x04 cmdid: 0x05
01-05 20:33:40.361	           utils	[Debug]	          dji_root_task.c:131  work execution time:
01-05 20:33:40.361	           utils	[Debug]	          dji_root_task.c:132  name	                execution time (ms)	  max execution time (ms)
01-05 20:33:40.361	           utils	[Debug]	          dji_root_task.c:134  recorderWork                    	1       	1       
01-05 20:33:40.361	           utils	[Debug]	          dji_root_task.c:134  flowControllerTask              	1       	1       
01-05 20:33:40.361	           utils	[Debug]	          dji_root_task.c:134  commandTask                     	1       	2       
01-05 20:33:40.361	           utils	[Debug]	          dji_root_task.c:134  aircraftWorkNode                	0       	0       
01-05 20:33:40.361	           utils	[Debug]	          dji_root_task.c:134  dataBuriedPointTask             	0       	0       
01-05 20:33:40.361	           utils	[Debug]	          dji_root_task.c:134  StatePushWork                   	1       	4       
01-05 20:33:40.361	           utils	[Debug]	          dji_root_task.c:134  WidgetWork                      	1       	1       
01-05 20:33:40.361	           utils	[Debug]	          dji_root_task.c:134  hmsTask                         	0       	0       
01-05 20:33:40.368	          linker	[Debug]	        dji_protocol_v3.c:387  <0x531e>V3-Recv: 00:003F:001E:0x1204 -> 03:003F:001E:0x0503 0x4900, tLen 23 dLen 2
01-05 20:33:40.368	          linker	[Debug]	        dji_protocol_v3.c:506  0:0x1204 convert to 0092(0x1204)
01-05 20:33:40.368	          linker	[Debug]	        dji_protocol_v3.c:506  3:0x0503 convert to 0065(0x0503)
01-05 20:33:40.369	          linker	[Debug]	            dji_command.c:1128  <0x531e>Receive msg from linker, 0x1204(0x0092)->0x0503(0x0065) 0x4900 len:2
01-05 20:33:40.369	          linker	[Debug]	        dji_protocol_v3.c:266  <0x531e>V3-Send: 03:003F:001E:0x0503 -> 00:003F:001E:0x1204 0x4900, tLen 23 dLen 2
01-05 20:33:40.380	          linker	[Debug]	        dji_protocol_v3.c:387  <0x88ff>V3-Recv: 01:003F:001E:0x0400 -> 03:003F:001E:0x0503 0x0405, tLen 70 dLen 49
01-05 20:33:40.380	          linker	[Debug]	        dji_protocol_v3.c:506  1:0x0400 convert to 0004(0x0400)
01-05 20:33:40.380	          linker	[Debug]	        dji_protocol_v3.c:506  3:0x0503 convert to 0065(0x0503)
01-05 20:33:40.380	          linker	[Debug]	        dji_protocol_v3.c:387  <0x5320>V3-Recv: 00:003F:001E:0x1204 -> 03:003F:001E:0x0503 0x22AD, tLen 68 dLen 47
01-05 20:33:40.380	          linker	[Debug]	        dji_protocol_v3.c:506  0:0x1204 convert to 0092(0x1204)
01-05 20:33:40.380	          linker	[Debug]	        dji_protocol_v3.c:506  3:0x0503 convert to 0065(0x0503)
01-05 20:33:40.381	          linker	[Debug]	            dji_command.c:1128  <0x88ff>Receive msg from linker, 0x0400(0x0004)->0x0503(0x0065) 0x0405 len:49
01-05 20:33:40.381	          linker	[Debug]	            dji_command.c:980  received unsupport request cmd that noneed ack, <0x88ff> cmdset: 0x04 cmdid: 0x05
01-05 20:33:40.382	          linker	[Debug]	            dji_command.c:1128  <0x5320>Receive msg from linker, 0x1204(0x0092)->0x0503(0x0065) 0x22AD len:47
01-05 20:33:40.382	          linker	[Debug]	            dji_command.c:980  received unsupport request cmd that need ack, <0x5320> cmdset: 0x22 cmdid: 0xAD
01-05 20:33:40.382	          linker	[Debug]	        dji_protocol_v1.c:189  <0xc4c8>V1-Send: 0x0503->0x1007 0x198B
01-05 20:33:40.382	          linker	[Debug]	        dji_protocol_v3.c:266  <0xc4c9>V3-Send: 03:003F:001E:0x0503 -> 00:003F:001E:0x0200 0x3C10, tLen 85 dLen 64
01-05 20:33:40.382	          linker	[Debug]	        dji_protocol_v3.c:266  <0xc4ca>V3-Send: 03:003F:001E:0x0503 -> 00:003F:001E:0x0300 0x3C10, tLen 85 dLen 64
01-05 20:33:40.382	          linker	[Debug]	        dji_protocol_v3.c:266  <0xc4cb>V3-Send: 03:003F:001E:0x0503 -> 00:003F:001E:0x1104 0x3C10, tLen 85 dLen 64
01-05 20:33:40.382	          linker	[Debug]	        dji_protocol_v3.c:266  <0xc4cc>V3-Send: 03:003F:001E:0x0503 -> 00:003F:001E:0x0701 0x3C10, tLen 85 dLen 64
01-05 20:33:40.383	          linker	[Debug]	        dji_protocol_v3.c:266  <0xc4cd>V3-Send: 03:003F:001E:0x0503 -> 00:003F:001E:0x1100 0x3C10, tLen 85 dLen 64
01-05 20:33:40.392	          linker	[Debug]	        dji_protocol_v3.c:387  <0x8959>V3-Recv: 01:003F:001E:0x0400 -> 03:003F:001E:0x0503 0x0405, tLen 70 dLen 49
01-05 20:33:40.392	          linker	[Debug]	        dji_protocol_v3.c:506  1:0x0400 convert to 0004(0x0400)
01-05 20:33:40.392	          linker	[Debug]	        dji_protocol_v3.c:506  3:0x0503 convert to 0065(0x0503)
01-05 20:33:40.393	          linker	[Debug]	            dji_command.c:1128  <0x8959>Receive msg from linker, 0x0400(0x0004)->0x0503(0x0065) 0x0405 len:49
01-05 20:33:40.393	          linker	[Debug]	            dji_command.c:980  received unsupport request cmd that noneed ack, <0x8959> cmdset: 0x04 cmdid: 0x05
01-05 20:33:40.406	          linker	[Debug]	        dji_protocol_v3.c:387  <0x2973>V3-Recv: 00:003F:001E:0x0801 -> 03:003F:001E:0x0503 0x0099, tLen 98 dLen 77
01-05 20:33:40.406	          linker	[Debug]	        dji_protocol_v3.c:506  0:0x0801 convert to 0028(0x0801)
01-05 20:33:40.406	          linker	[Debug]	        dji_protocol_v3.c:506  3:0x0503 convert to 0065(0x0503)
01-05 20:33:40.407	          linker	[Debug]	            dji_command.c:1128  <0x2973>Receive msg from linker, 0x0801(0x0028)->0x0503(0x0065) 0x0099 len:77
01-05 20:33:40.417	          linker	[Debug]	        dji_protocol_v3.c:387  <0x2974>V3-Recv: 00:003F:001E:0x0801 -> 03:003F:001E:0x0503 0x0099, tLen 95 dLen 74
01-05 20:33:40.418	          linker	[Debug]	        dji_protocol_v3.c:506  0:0x0801 convert to 0028(0x0801)
01-05 20:33:40.418	          linker	[Debug]	        dji_protocol_v3.c:506  3:0x0503 convert to 0065(0x0503)
01-05 20:33:40.418	          linker	[Debug]	        dji_protocol_v3.c:387  <0x2975>V3-Recv: 00:003F:001E:0x0801 -> 03:003F:001E:0x0503 0x0099, tLen 65 dLen 44
01-05 20:33:40.418	          linker	[Debug]	        dji_protocol_v3.c:506  0:0x0801 convert to 0028(0x0801)
01-05 20:33:40.418	          linker	[Debug]	        dji_protocol_v3.c:506  3:0x0503 convert to 0065(0x0503)
01-05 20:33:40.418	          linker	[Debug]	        dji_protocol_v3.c:387  <0x89b3>V3-Recv: 01:003F:001E:0x0400 -> 03:003F:001E:0x0503 0x0405, tLen 70 dLen 49
01-05 20:33:40.418	          linker	[Debug]	        dji_protocol_v3.c:506  1:0x0400 convert to 0004(0x0400)
01-05 20:33:40.418	          linker	[Debug]	        dji_protocol_v3.c:506  3:0x0503 convert to 0065(0x0503)
01-05 20:33:40.419	          linker	[Debug]	            dji_command.c:1128  <0x2974>Receive msg from linker, 0x0801(0x0028)->0x0503(0x0065) 0x0099 len:74
01-05 20:33:40.420	          linker	[Debug]	            dji_command.c:1128  <0x2975>Receive msg from linker, 0x0801(0x0028)->0x0503(0x0065) 0x0099 len:44
01-05 20:33:40.421	          linker	[Debug]	            dji_command.c:1128  <0x89b3>Receive msg from linker, 0x0400(0x0004)->0x0503(0x0065) 0x0405 len:49
01-05 20:33:40.421	          linker	[Debug]	            dji_command.c:980  received unsupport request cmd that noneed ack, <0x89b3> cmdset: 0x04 cmdid: 0x05
01-05 20:33:40.432	          linker	[Debug]	        dji_protocol_v3.c:387  <0x8a0f>V3-Recv: 01:003F:001E:0x0400 -> 03:003F:001E:0x0503 0x0405, tLen 70 dLen 49
01-05 20:33:40.432	          linker	[Debug]	        dji_protocol_v3.c:506  1:0x0400 convert to 0004(0x0400)
01-05 20:33:40.432	          linker	[Debug]	        dji_protocol_v3.c:506  3:0x0503 convert to 0065(0x0503)
01-05 20:33:40.433	          linker	[Debug]	            dji_command.c:1128  <0x8a0f>Receive msg from linker, 0x0400(0x0004)->0x0503(0x0065) 0x0405 len:49
01-05 20:33:40.433	          linker	[Debug]	            dji_command.c:980  received unsupport request cmd that noneed ack, <0x8a0f> cmdset: 0x04 cmdid: 0x05
01-05 20:33:40.446	          linker	[Debug]	        dji_protocol_v3.c:266  <0xc4ce>V3-Send: 03:003F:001E:0x0503 -> 00:003F:001E:0x0200 0x3C1B, tLen 77 dLen 56
01-05 20:33:40.450	          linker	[Debug]	        dji_protocol_v3.c:387  <0x6990>V3-Recv: 00:003F:001E:0x0300 -> 03:003F:001E:0x0503 0x3C57, tLen 37 dLen 16
01-05 20:33:40.450	          linker	[Debug]	        dji_protocol_v3.c:506  0:0x0300 convert to 0003(0x0300)
01-05 20:33:40.450	          linker	[Debug]	        dji_protocol_v3.c:506  3:0x0503 convert to 0065(0x0503)
01-05 20:33:40.451	          linker	[Debug]	            dji_command.c:1128  <0x6990>Receive msg from linker, 0x0300(0x0003)->0x0503(0x0065) 0x3C57 len:16
01-05 20:33:40.451	          linker	[Debug]	            dji_command.c:980  received unsupport request cmd that noneed ack, <0x6990> cmdset: 0x3C cmdid: 0x57
01-05 20:33:40.458	          linker	[Debug]	        dji_protocol_v3.c:266  <0xc4cf>V3-Send: 03:003F:001E:0x0503 -> 00:003F:001E:0x0200 0x3C1F, tLen 58 dLen 37
01-05 20:33:40.469	          linker	[Debug]	        dji_protocol_v3.c:387  <0x8a6b>V3-Recv: 01:003F:001E:0x0400 -> 03:003F:001E:0x0503 0x0405, tLen 70 dLen 49
01-05 20:33:40.469	          linker	[Debug]	        dji_protocol_v3.c:506  1:0x0400 convert to 0004(0x0400)
01-05 20:33:40.469	          linker	[Debug]	        dji_protocol_v3.c:506  3:0x0503 convert to 0065(0x0503)
01-05 20:33:40.469	          linker	[Debug]	        dji_protocol_v3.c:387  <0x5332>V3-Recv: 00:003F:001E:0x1204 -> 03:003F:001E:0x0503 0x4900, tLen 23 dLen 2
01-05 20:33:40.469	          linker	[Debug]	        dji_protocol_v3.c:506  0:0x1204 convert to 0092(0x1204)
01-05 20:33:40.469	          linker	[Debug]	        dji_protocol_v3.c:506  3:0x0503 convert to 0065(0x0503)
01-05 20:33:40.470	          linker	[Debug]	            dji_command.c:1128  <0x8a6b>Receive msg from linker, 0x0400(0x0004)->0x0503(0x0065) 0x0405 len:49
01-05 20:33:40.470	          linker	[Debug]	            dji_command.c:980  received unsupport request cmd that noneed ack, <0x8a6b> cmdset: 0x04 cmdid: 0x05
01-05 20:33:40.471	          linker	[Debug]	            dji_command.c:1128  <0x5332>Receive msg from linker, 0x1204(0x0092)->0x0503(0x0065) 0x4900 len:2
01-05 20:33:40.471	          linker	[Debug]	        dji_protocol_v3.c:266  <0x5332>V3-Send: 03:003F:001E:0x0503 -> 00:003F:001E:0x1204 0x4900, tLen 23 dLen 2
01-05 20:33:40.480	          linker	[Debug]	        dji_protocol_v3.c:387  <0x8ac5>V3-Recv: 01:003F:001E:0x0400 -> 03:003F:001E:0x0503 0x0405, tLen 70 dLen 49
01-05 20:33:40.480	          linker	[Debug]	        dji_protocol_v3.c:506  1:0x0400 convert to 0004(0x0400)
01-05 20:33:40.480	          linker	[Debug]	        dji_protocol_v3.c:506  3:0x0503 convert to 0065(0x0503)
01-05 20:33:40.480	          linker	[Debug]	        dji_protocol_v3.c:387  <0x5336>V3-Recv: 00:003F:001E:0x1204 -> 03:003F:001E:0x0503 0x22AD, tLen 68 dLen 47
01-05 20:33:40.480	          linker	[Debug]	        dji_protocol_v3.c:506  0:0x1204 convert to 0092(0x1204)
01-05 20:33:40.480	          linker	[Debug]	        dji_protocol_v3.c:506  3:0x0503 convert to 0065(0x0503)
01-05 20:33:40.481	          linker	[Debug]	            dji_command.c:1128  <0x8ac5>Receive msg from linker, 0x0400(0x0004)->0x0503(0x0065) 0x0405 len:49
01-05 20:33:40.481	          linker	[Debug]	            dji_command.c:980  received unsupport request cmd that noneed ack, <0x8ac5> cmdset: 0x04 cmdid: 0x05
01-05 20:33:40.482	          linker	[Debug]	            dji_command.c:1128  <0x5336>Receive msg from linker, 0x1204(0x0092)->0x0503(0x0065) 0x22AD len:47
01-05 20:33:40.482	          linker	[Debug]	            dji_command.c:980  received unsupport request cmd that need ack, <0x5336> cmdset: 0x22 cmdid: 0xAD
01-05 20:33:40.492	          linker	[Debug]	        dji_protocol_v3.c:387  <0x8b1f>V3-Recv: 01:003F:001E:0x0400 -> 03:003F:001E:0x0503 0x0405, tLen 70 dLen 49
01-05 20:33:40.492	          linker	[Debug]	        dji_protocol_v3.c:506  1:0x0400 convert to 0004(0x0400)
01-05 20:33:40.492	          linker	[Debug]	        dji_protocol_v3.c:506  3:0x0503 convert to 0065(0x0503)
01-05 20:33:40.493	          linker	[Debug]	            dji_command.c:1128  <0x8b1f>Receive msg from linker, 0x0400(0x0004)->0x0503(0x0065) 0x0405 len:49
01-05 20:33:40.493	          linker	[Debug]	            dji_command.c:980  received unsupport request cmd that noneed ack, <0x8b1f> cmdset: 0x04 cmdid: 0x05
01-05 20:33:40.515	          linker	[Debug]	        dji_protocol_v3.c:387  <0x8b79>V3-Recv: 01:003F:001E:0x0400 -> 03:003F:001E:0x0503 0x0405, tLen 70 dLen 49
01-05 20:33:40.515	          linker	[Debug]	        dji_protocol_v3.c:506  1:0x0400 convert to 0004(0x0400)
01-05 20:33:40.515	          linker	[Debug]	        dji_protocol_v3.c:506  3:0x0503 convert to 0065(0x0503)
01-05 20:33:40.516	          linker	[Debug]	            dji_command.c:1128  <0x8b79>Receive msg from linker, 0x0400(0x0004)->0x0503(0x0065) 0x0405 len:49
01-05 20:33:40.516	          linker	[Debug]	            dji_command.c:980  received unsupport request cmd that noneed ack, <0x8b79> cmdset: 0x04 cmdid: 0x05
01-05 20:33:40.532	          linker	[Debug]	        dji_protocol_v3.c:387  <0x8bd5>V3-Recv: 01:003F:001E:0x0400 -> 03:003F:001E:0x0503 0x0405, tLen 70 dLen 49
01-05 20:33:40.532	          linker	[Debug]	        dji_protocol_v3.c:506  1:0x0400 convert to 0004(0x0400)
01-05 20:33:40.532	          linker	[Debug]	        dji_protocol_v3.c:506  3:0x0503 convert to 0065(0x0503)
01-05 20:33:40.532	          linker	[Debug]	            dji_command.c:1128  <0x8bd5>Receive msg from linker, 0x0400(0x0004)->0x0503(0x0065) 0x0405 len:49
01-05 20:33:40.532	          linker	[Debug]	            dji_command.c:980  received unsupport request cmd that noneed ack, <0x8bd5> cmdset: 0x04 cmdid: 0x05
01-05 20:33:40.552	          linker	[Debug]	        dji_protocol_v3.c:387  <0x8c31>V3-Recv: 01:003F:001E:0x0400 -> 03:003F:001E:0x0503 0x0405, tLen 70 dLen 49
01-05 20:33:40.552	          linker	[Debug]	        dji_protocol_v3.c:506  1:0x0400 convert to 0004(0x0400)
01-05 20:33:40.552	          linker	[Debug]	        dji_protocol_v3.c:506  3:0x0503 convert to 0065(0x0503)
01-05 20:33:40.553	          linker	[Debug]	            dji_command.c:1128  <0x8c31>Receive msg from linker, 0x0400(0x0004)->0x0503(0x0065) 0x0405 len:49
01-05 20:33:40.553	          linker	[Debug]	            dji_command.c:980  received unsupport request cmd that noneed ack, <0x8c31> cmdset: 0x04 cmdid: 0x05
01-05 20:33:40.568	          linker	[Debug]	        dji_protocol_v3.c:387  <0x5342>V3-Recv: 00:003F:001E:0x1204 -> 03:003F:001E:0x0503 0x4900, tLen 23 dLen 2
01-05 20:33:40.568	          linker	[Debug]	        dji_protocol_v3.c:506  0:0x1204 convert to 0092(0x1204)
01-05 20:33:40.568	          linker	[Debug]	        dji_protocol_v3.c:506  3:0x0503 convert to 0065(0x0503)
01-05 20:33:40.568	          linker	[Debug]	            dji_command.c:1128  <0x5342>Receive msg from linker, 0x1204(0x0092)->0x0503(0x0065) 0x4900 len:2
01-05 20:33:40.568	          linker	[Debug]	        dji_protocol_v3.c:266  <0x5342>V3-Send: 03:003F:001E:0x0503 -> 00:003F:001E:0x1204 0x4900, tLen 23 dLen 2
01-05 20:33:40.580	          linker	[Debug]	        dji_protocol_v3.c:387  <0x8c8b>V3-Recv: 01:003F:001E:0x0400 -> 03:003F:001E:0x0503 0x0405, tLen 70 dLen 49
01-05 20:33:40.580	          linker	[Debug]	        dji_protocol_v3.c:506  1:0x0400 convert to 0004(0x0400)
01-05 20:33:40.580	          linker	[Debug]	        dji_protocol_v3.c:506  3:0x0503 convert to 0065(0x0503)
01-05 20:33:40.580	          linker	[Debug]	        dji_protocol_v3.c:387  <0x5346>V3-Recv: 00:003F:001E:0x1204 -> 03:003F:001E:0x0503 0x22AD, tLen 68 dLen 47
01-05 20:33:40.580	          linker	[Debug]	        dji_protocol_v3.c:506  0:0x1204 convert to 0092(0x1204)
01-05 20:33:40.580	          linker	[Debug]	        dji_protocol_v3.c:506  3:0x0503 convert to 0065(0x0503)
01-05 20:33:40.581	          linker	[Debug]	            dji_command.c:1128  <0x8c8b>Receive msg from linker, 0x0400(0x0004)->0x0503(0x0065) 0x0405 len:49
01-05 20:33:40.581	          linker	[Debug]	            dji_command.c:980  received unsupport request cmd that noneed ack, <0x8c8b> cmdset: 0x04 cmdid: 0x05
01-05 20:33:40.582	          linker	[Debug]	            dji_command.c:1128  <0x5346>Receive msg from linker, 0x1204(0x0092)->0x0503(0x0065) 0x22AD len:47
01-05 20:33:40.582	          linker	[Debug]	            dji_command.c:980  received unsupport request cmd that need ack, <0x5346> cmdset: 0x22 cmdid: 0xAD
01-05 20:33:40.592	          linker	[Debug]	        dji_protocol_v3.c:387  <0x8ce5>V3-Recv: 01:003F:001E:0x0400 -> 03:003F:001E:0x0503 0x0405, tLen 70 dLen 49
01-05 20:33:40.592	          linker	[Debug]	        dji_protocol_v3.c:506  1:0x0400 convert to 0004(0x0400)
01-05 20:33:40.592	          linker	[Debug]	        dji_protocol_v3.c:506  3:0x0503 convert to 0065(0x0503)
01-05 20:33:40.593	          linker	[Debug]	            dji_command.c:1128  <0x8ce5>Receive msg from linker, 0x0400(0x0004)->0x0503(0x0065) 0x0405 len:49
01-05 20:33:40.593	          linker	[Debug]	            dji_command.c:980  received unsupport request cmd that noneed ack, <0x8ce5> cmdset: 0x04 cmdid: 0x05
01-05 20:33:40.599	          linker	[Debug]	        dji_protocol_v1.c:189  <0xc4d0>V1-Send: 0x0503->0x1007 0x198B
01-05 20:33:40.599	          linker	[Debug]	        dji_protocol_v3.c:266  <0xc4d1>V3-Send: 03:003F:001E:0x0503 -> 00:003F:001E:0x0200 0x3C10, tLen 85 dLen 64
01-05 20:33:40.600	          linker	[Debug]	        dji_protocol_v3.c:266  <0xc4d2>V3-Send: 03:003F:001E:0x0503 -> 00:003F:001E:0x0300 0x3C10, tLen 85 dLen 64
01-05 20:33:40.600	          linker	[Debug]	        dji_protocol_v3.c:266  <0xc4d3>V3-Send: 03:003F:001E:0x0503 -> 00:003F:001E:0x1104 0x3C10, tLen 85 dLen 64
01-05 20:33:40.600	          linker	[Debug]	        dji_protocol_v3.c:266  <0xc4d4>V3-Send: 03:003F:001E:0x0503 -> 00:003F:001E:0x0701 0x3C10, tLen 85 dLen 64
01-05 20:33:40.600	          linker	[Debug]	        dji_protocol_v3.c:266  <0xc4d5>V3-Send: 03:003F:001E:0x0503 -> 00:003F:001E:0x1100 0x3C10, tLen 85 dLen 64
01-05 20:33:40.612	          linker	[Debug]	        dji_protocol_v3.c:387  <0x8d3f>V3-Recv: 01:003F:001E:0x0400 -> 03:003F:001E:0x0503 0x0405, tLen 70 dLen 49
01-05 20:33:40.612	          linker	[Debug]	        dji_protocol_v3.c:506  1:0x0400 convert to 0004(0x0400)
01-05 20:33:40.612	          linker	[Debug]	        dji_protocol_v3.c:506  3:0x0503 convert to 0065(0x0503)
01-05 20:33:40.612	          linker	[Debug]	            dji_command.c:1128  <0x8d3f>Receive msg from linker, 0x0400(0x0004)->0x0503(0x0065) 0x0405 len:49
01-05 20:33:40.612	          linker	[Debug]	            dji_command.c:980  received unsupport request cmd that noneed ack, <0x8d3f> cmdset: 0x04 cmdid: 0x05
01-05 20:33:40.632	          linker	[Debug]	        dji_protocol_v3.c:387  <0x8d9d>V3-Recv: 01:003F:001E:0x0400 -> 03:003F:001E:0x0503 0x0405, tLen 70 dLen 49
01-05 20:33:40.632	          linker	[Debug]	        dji_protocol_v3.c:506  1:0x0400 convert to 0004(0x0400)
01-05 20:33:40.632	          linker	[Debug]	        dji_protocol_v3.c:506  3:0x0503 convert to 0065(0x0503)
01-05 20:33:40.632	          linker	[Debug]	            dji_command.c:1128  <0x8d9d>Receive msg from linker, 0x0400(0x0004)->0x0503(0x0065) 0x0405 len:49
01-05 20:33:40.633	          linker	[Debug]	            dji_command.c:980  received unsupport request cmd that noneed ack, <0x8d9d> cmdset: 0x04 cmdid: 0x05
01-05 20:33:40.650	          linker	[Debug]	        dji_protocol_v3.c:387  <0x6b11>V3-Recv: 00:003F:001E:0x0300 -> 03:003F:001E:0x0503 0x3C57, tLen 37 dLen 16
01-05 20:33:40.650	          linker	[Debug]	        dji_protocol_v3.c:506  0:0x0300 convert to 0003(0x0300)
01-05 20:33:40.651	          linker	[Debug]	        dji_protocol_v3.c:506  3:0x0503 convert to 0065(0x0503)
01-05 20:33:40.651	          linker	[Debug]	            dji_command.c:1128  <0x6b11>Receive msg from linker, 0x0300(0x0003)->0x0503(0x0065) 0x3C57 len:16
01-05 20:33:40.651	          linker	[Debug]	            dji_command.c:980  received unsupport request cmd that noneed ack, <0x6b11> cmdset: 0x3C cmdid: 0x57
01-05 20:33:40.658	          linker	[Debug]	        dji_protocol_v3.c:266  <0xc4d6>V3-Send: 03:003F:001E:0x0503 -> 00:003F:001E:0x0200 0x3C1F, tLen 58 dLen 37
01-05 20:33:40.663	          linker	[Debug]	        dji_protocol_v3.c:266  <0xc4d7>V3-Send: 03:003F:001E:0x0503 -> 00:003F:001E:0x0200 0x3C1B, tLen 77 dLen 56
01-05 20:33:40.669	          linker	[Debug]	        dji_protocol_v3.c:387  <0x8dfa>V3-Recv: 01:003F:001E:0x0400 -> 03:003F:001E:0x0503 0x0405, tLen 70 dLen 49
01-05 20:33:40.669	          linker	[Debug]	        dji_protocol_v3.c:506  1:0x0400 convert to 0004(0x0400)
01-05 20:33:40.669	          linker	[Debug]	        dji_protocol_v3.c:506  3:0x0503 convert to 0065(0x0503)
01-05 20:33:40.669	          linker	[Debug]	        dji_protocol_v3.c:387  <0x5352>V3-Recv: 00:003F:001E:0x1204 -> 03:003F:001E:0x0503 0x4900, tLen 23 dLen 2
01-05 20:33:40.669	          linker	[Debug]	        dji_protocol_v3.c:506  0:0x1204 convert to 0092(0x1204)
01-05 20:33:40.669	          linker	[Debug]	        dji_protocol_v3.c:506  3:0x0503 convert to 0065(0x0503)
01-05 20:33:40.669	          linker	[Debug]	            dji_command.c:1128  <0x8dfa>Receive msg from linker, 0x0400(0x0004)->0x0503(0x0065) 0x0405 len:49
01-05 20:33:40.669	          linker	[Debug]	            dji_command.c:980  received unsupport request cmd that noneed ack, <0x8dfa> cmdset: 0x04 cmdid: 0x05
01-05 20:33:40.670	          linker	[Debug]	            dji_command.c:1128  <0x5352>Receive msg from linker, 0x1204(0x0092)->0x0503(0x0065) 0x4900 len:2
01-05 20:33:40.671	          linker	[Debug]	        dji_protocol_v3.c:266  <0x5352>V3-Send: 03:003F:001E:0x0503 -> 00:003F:001E:0x1204 0x4900, tLen 23 dLen 2
01-05 20:33:40.680	          linker	[Debug]	        dji_protocol_v3.c:387  <0x8e54>V3-Recv: 01:003F:001E:0x0400 -> 03:003F:001E:0x0503 0x0405, tLen 70 dLen 49
01-05 20:33:40.680	          linker	[Debug]	        dji_protocol_v3.c:506  1:0x0400 convert to 0004(0x0400)
01-05 20:33:40.680	          linker	[Debug]	        dji_protocol_v3.c:506  3:0x0503 convert to 0065(0x0503)
01-05 20:33:40.680	          linker	[Debug]	        dji_protocol_v3.c:387  <0x5356>V3-Recv: 00:003F:001E:0x1204 -> 03:003F:001E:0x0503 0x22AD, tLen 68 dLen 47
01-05 20:33:40.680	          linker	[Debug]	        dji_protocol_v3.c:506  0:0x1204 convert to 0092(0x1204)
01-05 20:33:40.680	          linker	[Debug]	        dji_protocol_v3.c:506  3:0x0503 convert to 0065(0x0503)
01-05 20:33:40.680	          linker	[Debug]	            dji_command.c:1128  <0x8e54>Receive msg from linker, 0x0400(0x0004)->0x0503(0x0065) 0x0405 len:49
01-05 20:33:40.680	          linker	[Debug]	            dji_command.c:980  received unsupport request cmd that noneed ack, <0x8e54> cmdset: 0x04 cmdid: 0x05
01-05 20:33:40.681	          linker	[Debug]	            dji_command.c:1128  <0x5356>Receive msg from linker, 0x1204(0x0092)->0x0503(0x0065) 0x22AD len:47
01-05 20:33:40.681	          linker	[Debug]	            dji_command.c:980  received unsupport request cmd that need ack, <0x5356> cmdset: 0x22 cmdid: 0xAD
01-05 20:33:40.692	          linker	[Debug]	        dji_protocol_v3.c:387  <0x8eae>V3-Recv: 01:003F:001E:0x0400 -> 03:003F:001E:0x0503 0x0405, tLen 70 dLen 49
01-05 20:33:40.692	          linker	[Debug]	        dji_protocol_v3.c:506  1:0x0400 convert to 0004(0x0400)
01-05 20:33:40.692	          linker	[Debug]	        dji_protocol_v3.c:506  3:0x0503 convert to 0065(0x0503)
01-05 20:33:40.692	          linker	[Debug]	            dji_command.c:1128  <0x8eae>Receive msg from linker, 0x0400(0x0004)->0x0503(0x0065) 0x0405 len:49
01-05 20:33:40.692	          linker	[Debug]	            dji_command.c:980  received unsupport request cmd that noneed ack, <0x8eae> cmdset: 0x04 cmdid: 0x05
01-05 20:33:40.712	          linker	[Debug]	        dji_protocol_v3.c:387  <0x8f08>V3-Recv: 01:003F:001E:0x0400 -> 03:003F:001E:0x0503 0x0405, tLen 70 dLen 49
01-05 20:33:40.712	          linker	[Debug]	        dji_protocol_v3.c:506  1:0x0400 convert to 0004(0x0400)
01-05 20:33:40.712	          linker	[Debug]	        dji_protocol_v3.c:506  3:0x0503 convert to 0065(0x0503)
01-05 20:33:40.713	          linker	[Debug]	            dji_command.c:1128  <0x8f08>Receive msg from linker, 0x0400(0x0004)->0x0503(0x0065) 0x0405 len:49
01-05 20:33:40.713	          linker	[Debug]	            dji_command.c:980  received unsupport request cmd that noneed ack, <0x8f08> cmdset: 0x04 cmdid: 0x05
01-05 20:33:40.732	          linker	[Debug]	        dji_protocol_v3.c:387  <0x8f64>V3-Recv: 01:003F:001E:0x0400 -> 03:003F:001E:0x0503 0x0405, tLen 70 dLen 49
01-05 20:33:40.732	          linker	[Debug]	        dji_protocol_v3.c:506  1:0x0400 convert to 0004(0x0400)
01-05 20:33:40.732	          linker	[Debug]	        dji_protocol_v3.c:506  3:0x0503 convert to 0065(0x0503)
01-05 20:33:40.732	          linker	[Debug]	            dji_command.c:1128  <0x8f64>Receive msg from linker, 0x0400(0x0004)->0x0503(0x0065) 0x0405 len:49
01-05 20:33:40.732	          linker	[Debug]	            dji_command.c:980  received unsupport request cmd that noneed ack, <0x8f64> cmdset: 0x04 cmdid: 0x05
01-05 20:33:40.752	          linker	[Debug]	        dji_protocol_v3.c:387  <0x8fc1>V3-Recv: 01:003F:001E:0x0400 -> 03:003F:001E:0x0503 0x0405, tLen 70 dLen 49
01-05 20:33:40.752	          linker	[Debug]	        dji_protocol_v3.c:506  1:0x0400 convert to 0004(0x0400)
01-05 20:33:40.752	          linker	[Debug]	        dji_protocol_v3.c:506  3:0x0503 convert to 0065(0x0503)
01-05 20:33:40.753	          linker	[Debug]	            dji_command.c:1128  <0x8fc1>Receive msg from linker, 0x0400(0x0004)->0x0503(0x0065) 0x0405 len:49
01-05 20:33:40.753	          linker	[Debug]	            dji_command.c:980  received unsupport request cmd that noneed ack, <0x8fc1> cmdset: 0x04 cmdid: 0x05
01-05 20:33:40.768	          linker	[Debug]	        dji_protocol_v3.c:387  <0x5362>V3-Recv: 00:003F:001E:0x1204 -> 03:003F:001E:0x0503 0x4900, tLen 23 dLen 2
01-05 20:33:40.768	          linker	[Debug]	        dji_protocol_v3.c:506  0:0x1204 convert to 0092(0x1204)
01-05 20:33:40.768	          linker	[Debug]	        dji_protocol_v3.c:506  3:0x0503 convert to 0065(0x0503)
01-05 20:33:40.768	          linker	[Debug]	            dji_command.c:1128  <0x5362>Receive msg from linker, 0x1204(0x0092)->0x0503(0x0065) 0x4900 len:2
01-05 20:33:40.768	          linker	[Debug]	        dji_protocol_v3.c:266  <0x5362>V3-Send: 03:003F:001E:0x0503 -> 00:003F:001E:0x1204 0x4900, tLen 23 dLen 2
01-05 20:33:40.780	          linker	[Debug]	        dji_protocol_v3.c:387  <0x901b>V3-Recv: 01:003F:001E:0x0400 -> 03:003F:001E:0x0503 0x0405, tLen 70 dLen 49
01-05 20:33:40.780	          linker	[Debug]	        dji_protocol_v3.c:506  1:0x0400 convert to 0004(0x0400)
01-05 20:33:40.780	          linker	[Debug]	        dji_protocol_v3.c:506  3:0x0503 convert to 0065(0x0503)
01-05 20:33:40.780	          linker	[Debug]	        dji_protocol_v3.c:387  <0x5366>V3-Recv: 00:003F:001E:0x1204 -> 03:003F:001E:0x0503 0x22AD, tLen 68 dLen 47
01-05 20:33:40.780	          linker	[Debug]	        dji_protocol_v3.c:506  0:0x1204 convert to 0092(0x1204)
01-05 20:33:40.780	          linker	[Debug]	        dji_protocol_v3.c:506  3:0x0503 convert to 0065(0x0503)
01-05 20:33:40.781	          linker	[Debug]	            dji_command.c:1128  <0x901b>Receive msg from linker, 0x0400(0x0004)->0x0503(0x0065) 0x0405 len:49
01-05 20:33:40.781	          linker	[Debug]	            dji_command.c:980  received unsupport request cmd that noneed ack, <0x901b> cmdset: 0x04 cmdid: 0x05
01-05 20:33:40.782	          linker	[Debug]	            dji_command.c:1128  <0x5366>Receive msg from linker, 0x1204(0x0092)->0x0503(0x0065) 0x22AD len:47
01-05 20:33:40.782	          linker	[Debug]	            dji_command.c:980  received unsupport request cmd that need ack, <0x5366> cmdset: 0x22 cmdid: 0xAD
01-05 20:33:40.792	          linker	[Debug]	        dji_protocol_v3.c:387  <0x9075>V3-Recv: 01:003F:001E:0x0400 -> 03:003F:001E:0x0503 0x0405, tLen 70 dLen 49
01-05 20:33:40.792	          linker	[Debug]	        dji_protocol_v3.c:506  1:0x0400 convert to 0004(0x0400)
01-05 20:33:40.792	          linker	[Debug]	        dji_protocol_v3.c:506  3:0x0503 convert to 0065(0x0503)
01-05 20:33:40.793	          linker	[Debug]	            dji_command.c:1128  <0x9075>Receive msg from linker, 0x0400(0x0004)->0x0503(0x0065) 0x0405 len:49
01-05 20:33:40.793	          linker	[Debug]	            dji_command.c:980  received unsupport request cmd that noneed ack, <0x9075> cmdset: 0x04 cmdid: 0x05
01-05 20:33:40.802	          linker	[Debug]	        dji_protocol_v1.c:309  <0x2035>V1-Recv: 0x0A06->0x0503 0x0866
01-05 20:33:40.803	          linker	[Debug]	            dji_command.c:1128  <0x2035>Receive msg from linker, 0x0A06(0x00CA)->0x0503(0x0065) 0x0866 len:96
01-05 20:33:40.803	          linker	[Debug]	            dji_command.c:980  received unsupport request cmd that noneed ack, <0x2035> cmdset: 0x08 cmdid: 0x66
01-05 20:33:40.812	          linker	[Debug]	        dji_protocol_v3.c:387  <0x90cf>V3-Recv: 01:003F:001E:0x0400 -> 03:003F:001E:0x0503 0x0405, tLen 70 dLen 49
01-05 20:33:40.812	          linker	[Debug]	        dji_protocol_v3.c:506  1:0x0400 convert to 0004(0x0400)
01-05 20:33:40.812	          linker	[Debug]	        dji_protocol_v3.c:506  3:0x0503 convert to 0065(0x0503)
01-05 20:33:40.812	          linker	[Debug]	            dji_command.c:1128  <0x90cf>Receive msg from linker, 0x0400(0x0004)->0x0503(0x0065) 0x0405 len:49
01-05 20:33:40.812	          linker	[Debug]	            dji_command.c:980  received unsupport request cmd that noneed ack, <0x90cf> cmdset: 0x04 cmdid: 0x05
01-05 20:33:40.817	          linker	[Debug]	        dji_protocol_v1.c:189  <0xc4d8>V1-Send: 0x0503->0x1007 0x198B
01-05 20:33:40.817	          linker	[Debug]	        dji_protocol_v3.c:266  <0xc4d9>V3-Send: 03:003F:001E:0x0503 -> 00:003F:001E:0x0200 0x3C10, tLen 85 dLen 64
01-05 20:33:40.817	          linker	[Debug]	        dji_protocol_v3.c:266  <0xc4da>V3-Send: 03:003F:001E:0x0503 -> 00:003F:001E:0x0300 0x3C10, tLen 85 dLen 64
01-05 20:33:40.817	          linker	[Debug]	        dji_protocol_v3.c:266  <0xc4db>V3-Send: 03:003F:001E:0x0503 -> 00:003F:001E:0x1104 0x3C10, tLen 85 dLen 64
01-05 20:33:40.817	          linker	[Debug]	        dji_protocol_v3.c:266  <0xc4dc>V3-Send: 03:003F:001E:0x0503 -> 00:003F:001E:0x0701 0x3C10, tLen 85 dLen 64
01-05 20:33:40.818	          linker	[Debug]	        dji_protocol_v3.c:266  <0xc4dd>V3-Send: 03:003F:001E:0x0503 -> 00:003F:001E:0x1100 0x3C10, tLen 85 dLen 64
01-05 20:33:40.832	          linker	[Debug]	        dji_protocol_v3.c:387  <0x912b>V3-Recv: 01:003F:001E:0x0400 -> 03:003F:001E:0x0503 0x0405, tLen 70 dLen 49
01-05 20:33:40.832	          linker	[Debug]	        dji_protocol_v3.c:506  1:0x0400 convert to 0004(0x0400)
01-05 20:33:40.832	          linker	[Debug]	        dji_protocol_v3.c:506  3:0x0503 convert to 0065(0x0503)
01-05 20:33:40.833	          linker	[Debug]	            dji_command.c:1128  <0x912b>Receive msg from linker, 0x0400(0x0004)->0x0503(0x0065) 0x0405 len:49
01-05 20:33:40.833	          linker	[Debug]	            dji_command.c:980  received unsupport request cmd that noneed ack, <0x912b> cmdset: 0x04 cmdid: 0x05
01-05 20:33:40.850	          linker	[Debug]	        dji_protocol_v3.c:387  <0x6c83>V3-Recv: 00:003F:001E:0x0300 -> 03:003F:001E:0x0503 0x3C57, tLen 37 dLen 16
01-05 20:33:40.850	          linker	[Debug]	        dji_protocol_v3.c:506  0:0x0300 convert to 0003(0x0300)
01-05 20:33:40.851	          linker	[Debug]	        dji_protocol_v3.c:506  3:0x0503 convert to 0065(0x0503)
01-05 20:33:40.851	          linker	[Debug]	            dji_command.c:1128  <0x6c83>Receive msg from linker, 0x0300(0x0003)->0x0503(0x0065) 0x3C57 len:16
01-05 20:33:40.851	          linker	[Debug]	            dji_command.c:980  received unsupport request cmd that noneed ack, <0x6c83> cmdset: 0x3C cmdid: 0x57
01-05 20:33:40.859	          linker	[Debug]	        dji_protocol_v3.c:266  <0xc4de>V3-Send: 03:003F:001E:0x0503 -> 00:003F:001E:0x0200 0x3C1F, tLen 58 dLen 37
01-05 20:33:40.869	          linker	[Debug]	        dji_protocol_v3.c:387  <0x9187>V3-Recv: 01:003F:001E:0x0400 -> 03:003F:001E:0x0503 0x0405, tLen 70 dLen 49
01-05 20:33:40.869	          linker	[Debug]	        dji_protocol_v3.c:506  1:0x0400 convert to 0004(0x0400)
01-05 20:33:40.869	          linker	[Debug]	        dji_protocol_v3.c:506  3:0x0503 convert to 0065(0x0503)
01-05 20:33:40.869	          linker	[Debug]	        dji_protocol_v3.c:387  <0x5372>V3-Recv: 00:003F:001E:0x1204 -> 03:003F:001E:0x0503 0x4900, tLen 23 dLen 2
01-05 20:33:40.869	          linker	[Debug]	        dji_protocol_v3.c:506  0:0x1204 convert to 0092(0x1204)
01-05 20:33:40.869	          linker	[Debug]	        dji_protocol_v3.c:506  3:0x0503 convert to 0065(0x0503)
01-05 20:33:40.869	          linker	[Debug]	            dji_command.c:1128  <0x9187>Receive msg from linker, 0x0400(0x0004)->0x0503(0x0065) 0x0405 len:49
01-05 20:33:40.869	          linker	[Debug]	            dji_command.c:980  received unsupport request cmd that noneed ack, <0x9187> cmdset: 0x04 cmdid: 0x05
01-05 20:33:40.871	          linker	[Debug]	            dji_command.c:1128  <0x5372>Receive msg from linker, 0x1204(0x0092)->0x0503(0x0065) 0x4900 len:2
01-05 20:33:40.871	          linker	[Debug]	        dji_protocol_v3.c:266  <0x5372>V3-Send: 03:003F:001E:0x0503 -> 00:003F:001E:0x1204 0x4900, tLen 23 dLen 2
01-05 20:33:40.880	          linker	[Debug]	        dji_protocol_v3.c:387  <0x91e1>V3-Recv: 01:003F:001E:0x0400 -> 03:003F:001E:0x0503 0x0405, tLen 70 dLen 49
01-05 20:33:40.880	          linker	[Debug]	        dji_protocol_v3.c:506  1:0x0400 convert to 0004(0x0400)
01-05 20:33:40.880	          linker	[Debug]	        dji_protocol_v3.c:506  3:0x0503 convert to 0065(0x0503)
01-05 20:33:40.880	          linker	[Debug]	        dji_protocol_v3.c:387  <0x5376>V3-Recv: 00:003F:001E:0x1204 -> 03:003F:001E:0x0503 0x22AD, tLen 68 dLen 47
01-05 20:33:40.880	          linker	[Debug]	        dji_protocol_v3.c:506  0:0x1204 convert to 0092(0x1204)
01-05 20:33:40.880	          linker	[Debug]	        dji_protocol_v3.c:506  3:0x0503 convert to 0065(0x0503)
01-05 20:33:40.880	          linker	[Debug]	            dji_command.c:1128  <0x91e1>Receive msg from linker, 0x0400(0x0004)->0x0503(0x0065) 0x0405 len:49
01-05 20:33:40.881	          linker	[Debug]	            dji_command.c:980  received unsupport request cmd that noneed ack, <0x91e1> cmdset: 0x04 cmdid: 0x05
01-05 20:33:40.881	          linker	[Debug]	        dji_protocol_v3.c:266  <0xc4df>V3-Send: 03:003F:001E:0x0503 -> 00:003F:001E:0x0200 0x3C1B, tLen 77 dLen 56
01-05 20:33:40.882	          linker	[Debug]	            dji_command.c:1128  <0x5376>Receive msg from linker, 0x1204(0x0092)->0x0503(0x0065) 0x22AD len:47
01-05 20:33:40.882	          linker	[Debug]	            dji_command.c:980  received unsupport request cmd that need ack, <0x5376> cmdset: 0x22 cmdid: 0xAD
01-05 20:33:40.892	          linker	[Debug]	        dji_protocol_v3.c:387  <0x923c>V3-Recv: 01:003F:001E:0x0400 -> 03:003F:001E:0x0503 0x0405, tLen 70 dLen 49
01-05 20:33:40.892	          linker	[Debug]	        dji_protocol_v3.c:506  1:0x0400 convert to 0004(0x0400)
01-05 20:33:40.892	          linker	[Debug]	        dji_protocol_v3.c:506  3:0x0503 convert to 0065(0x0503)
01-05 20:33:40.892	          linker	[Debug]	            dji_command.c:1128  <0x923c>Receive msg from linker, 0x0400(0x0004)->0x0503(0x0065) 0x0405 len:49
01-05 20:33:40.893	          linker	[Debug]	            dji_command.c:980  received unsupport request cmd that noneed ack, <0x923c> cmdset: 0x04 cmdid: 0x05
01-05 20:33:40.898	          linker	[Debug]	        dji_protocol_v3.c:266  <0xc4e0>V3-Send: 03:003F:001E:0x0503 -> 00:003F:001E:0x0801 0x0000, tLen 21 dLen 0
01-05 20:33:40.898	           infor	[Debug]	dji_aircraft_connection.c:170  check connect status:1
01-05 20:33:40.905	          linker	[Debug]	        dji_protocol_v3.c:387  <0xc4e0>V3-Recv: 00:003F:001E:0x0801 -> 03:003F:001E:0x0503 0x0000, tLen 22 dLen 1
01-05 20:33:40.905	          linker	[Debug]	        dji_protocol_v3.c:506  0:0x0801 convert to 0028(0x0801)
01-05 20:33:40.905	          linker	[Debug]	        dji_protocol_v3.c:506  3:0x0503 convert to 0065(0x0503)
01-05 20:33:40.906	          linker	[Debug]	            dji_command.c:1128  <0xc4e0>Receive msg from linker, 0x0801(0x0028)->0x0503(0x0065) 0x0000 len:1
01-05 20:33:40.906	           infor	[Debug]	dji_aircraft_connection.c:303  connect status async sucess
01-05 20:33:40.906	          linker	[Debug]	            dji_command.c:890  callback function (cmdset: 0x00 cmdid: 0x00) deal time: 0 ms
01-05 20:33:40.919	          linker	[Debug]	        dji_protocol_v3.c:387  <0x9296>V3-Recv: 01:003F:001E:0x0400 -> 03:003F:001E:0x0503 0x0405, tLen 70 dLen 49
01-05 20:33:40.919	          linker	[Debug]	        dji_protocol_v3.c:506  1:0x0400 convert to 0004(0x0400)
01-05 20:33:40.919	          linker	[Debug]	        dji_protocol_v3.c:506  3:0x0503 convert to 0065(0x0503)
01-05 20:33:40.919	          linker	[Debug]	            dji_command.c:1128  <0x9296>Receive msg from linker, 0x0400(0x0004)->0x0503(0x0065) 0x0405 len:49
01-05 20:33:40.919	          linker	[Debug]	            dji_command.c:980  received unsupport request cmd that noneed ack, <0x9296> cmdset: 0x04 cmdid: 0x05
01-05 20:33:40.932	          linker	[Debug]	        dji_protocol_v3.c:387  <0x92f2>V3-Recv: 01:003F:001E:0x0400 -> 03:003F:001E:0x0503 0x0405, tLen 70 dLen 49
01-05 20:33:40.932	          linker	[Debug]	        dji_protocol_v3.c:506  1:0x0400 convert to 0004(0x0400)
01-05 20:33:40.932	          linker	[Debug]	        dji_protocol_v3.c:506  3:0x0503 convert to 0065(0x0503)
01-05 20:33:40.933	          linker	[Debug]	            dji_command.c:1128  <0x92f2>Receive msg from linker, 0x0400(0x0004)->0x0503(0x0065) 0x0405 len:49
01-05 20:33:40.933	          linker	[Debug]	            dji_command.c:980  received unsupport request cmd that noneed ack, <0x92f2> cmdset: 0x04 cmdid: 0x05
01-05 20:33:40.952	          linker	[Debug]	        dji_protocol_v3.c:387  <0x934e>V3-Recv: 01:003F:001E:0x0400 -> 03:003F:001E:0x0503 0x0405, tLen 70 dLen 49
01-05 20:33:40.952	          linker	[Debug]	        dji_protocol_v3.c:506  1:0x0400 convert to 0004(0x0400)
01-05 20:33:40.952	          linker	[Debug]	        dji_protocol_v3.c:506  3:0x0503 convert to 0065(0x0503)
01-05 20:33:40.952	          linker	[Debug]	            dji_command.c:1128  <0x934e>Receive msg from linker, 0x0400(0x0004)->0x0503(0x0065) 0x0405 len:49
01-05 20:33:40.952	          linker	[Debug]	            dji_command.c:980  received unsupport request cmd that noneed ack, <0x934e> cmdset: 0x04 cmdid: 0x05
01-05 20:33:40.968	          linker	[Debug]	        dji_protocol_v3.c:387  <0x5382>V3-Recv: 00:003F:001E:0x1204 -> 03:003F:001E:0x0503 0x4900, tLen 23 dLen 2
01-05 20:33:40.968	          linker	[Debug]	        dji_protocol_v3.c:506  0:0x1204 convert to 0092(0x1204)
01-05 20:33:40.968	          linker	[Debug]	        dji_protocol_v3.c:506  3:0x0503 convert to 0065(0x0503)
01-05 20:33:40.968	          linker	[Debug]	            dji_command.c:1128  <0x5382>Receive msg from linker, 0x1204(0x0092)->0x0503(0x0065) 0x4900 len:2
01-05 20:33:40.968	          linker	[Debug]	        dji_protocol_v3.c:266  <0x5382>V3-Send: 03:003F:001E:0x0503 -> 00:003F:001E:0x1204 0x4900, tLen 23 dLen 2
01-05 20:33:40.980	          linker	[Debug]	        dji_protocol_v3.c:387  <0x93a8>V3-Recv: 01:003F:001E:0x0400 -> 03:003F:001E:0x0503 0x0405, tLen 70 dLen 49
01-05 20:33:40.980	          linker	[Debug]	        dji_protocol_v3.c:506  1:0x0400 convert to 0004(0x0400)
01-05 20:33:40.980	          linker	[Debug]	        dji_protocol_v3.c:506  3:0x0503 convert to 0065(0x0503)
01-05 20:33:40.980	          linker	[Debug]	        dji_protocol_v3.c:387  <0x5386>V3-Recv: 00:003F:001E:0x1204 -> 03:003F:001E:0x0503 0x22AD, tLen 68 dLen 47
01-05 20:33:40.980	          linker	[Debug]	        dji_protocol_v3.c:506  0:0x1204 convert to 0092(0x1204)
01-05 20:33:40.980	          linker	[Debug]	        dji_protocol_v3.c:506  3:0x0503 convert to 0065(0x0503)
01-05 20:33:40.980	          linker	[Debug]	            dji_command.c:1128  <0x93a8>Receive msg from linker, 0x0400(0x0004)->0x0503(0x0065) 0x0405 len:49
01-05 20:33:40.980	          linker	[Debug]	            dji_command.c:980  received unsupport request cmd that noneed ack, <0x93a8> cmdset: 0x04 cmdid: 0x05
01-05 20:33:40.982	          linker	[Debug]	            dji_command.c:1128  <0x5386>Receive msg from linker, 0x1204(0x0092)->0x0503(0x0065) 0x22AD len:47
01-05 20:33:40.982	          linker	[Debug]	            dji_command.c:980  received unsupport request cmd that need ack, <0x5386> cmdset: 0x22 cmdid: 0xAD
01-05 20:33:40.992	          linker	[Debug]	        dji_protocol_v3.c:387  <0x9402>V3-Recv: 01:003F:001E:0x0400 -> 03:003F:001E:0x0503 0x0405, tLen 70 dLen 49
01-05 20:33:40.992	          linker	[Debug]	        dji_protocol_v3.c:506  1:0x0400 convert to 0004(0x0400)
01-05 20:33:40.992	          linker	[Debug]	        dji_protocol_v3.c:506  3:0x0503 convert to 0065(0x0503)
01-05 20:33:40.992	          linker	[Debug]	            dji_command.c:1128  <0x9402>Receive msg from linker, 0x0400(0x0004)->0x0503(0x0065) 0x0405 len:49
01-05 20:33:40.993	          linker	[Debug]	            dji_command.c:980  received unsupport request cmd that noneed ack, <0x9402> cmdset: 0x04 cmdid: 0x05
01-05 20:33:41.005	          linker	[Debug]	        dji_protocol_v3.c:387  <0x2976>V3-Recv: 00:003F:001E:0x0801 -> 03:003F:001E:0x0503 0x0099, tLen 56 dLen 35
01-05 20:33:41.005	          linker	[Debug]	        dji_protocol_v3.c:506  0:0x0801 convert to 0028(0x0801)
01-05 20:33:41.005	          linker	[Debug]	        dji_protocol_v3.c:506  3:0x0503 convert to 0065(0x0503)
01-05 20:33:41.005	          linker	[Debug]	            dji_command.c:1128  <0x2976>Receive msg from linker, 0x0801(0x0028)->0x0503(0x0065) 0x0099 len:35
01-05 20:33:41.019	          linker	[Debug]	        dji_protocol_v3.c:387  <0x2977>V3-Recv: 00:003F:001E:0x0801 -> 03:003F:001E:0x0503 0x0099, tLen 70 dLen 49
01-05 20:33:41.019	          linker	[Debug]	        dji_protocol_v3.c:506  0:0x0801 convert to 0028(0x0801)
01-05 20:33:41.019	          linker	[Debug]	        dji_protocol_v3.c:506  3:0x0503 convert to 0065(0x0503)
01-05 20:33:41.019	          linker	[Debug]	        dji_protocol_v3.c:387  <0x945c>V3-Recv: 01:003F:001E:0x0400 -> 03:003F:001E:0x0503 0x0405, tLen 70 dLen 49
01-05 20:33:41.019	          linker	[Debug]	        dji_protocol_v3.c:506  1:0x0400 convert to 0004(0x0400)
01-05 20:33:41.019	          linker	[Debug]	        dji_protocol_v3.c:506  3:0x0503 convert to 0065(0x0503)
01-05 20:33:41.019	          linker	[Debug]	            dji_command.c:1128  <0x2977>Receive msg from linker, 0x0801(0x0028)->0x0503(0x0065) 0x0099 len:49
01-05 20:33:41.021	          linker	[Debug]	            dji_command.c:1128  <0x945c>Receive msg from linker, 0x0400(0x0004)->0x0503(0x0065) 0x0405 len:49
01-05 20:33:41.021	          linker	[Debug]	            dji_command.c:980  received unsupport request cmd that noneed ack, <0x945c> cmdset: 0x04 cmdid: 0x05
01-05 20:33:41.032	          linker	[Debug]	        dji_protocol_v3.c:387  <0x94b8>V3-Recv: 01:003F:001E:0x0400 -> 03:003F:001E:0x0503 0x0405, tLen 70 dLen 49
01-05 20:33:41.032	          linker	[Debug]	        dji_protocol_v3.c:506  1:0x0400 convert to 0004(0x0400)
01-05 20:33:41.032	          linker	[Debug]	        dji_protocol_v3.c:506  3:0x0503 convert to 0065(0x0503)
01-05 20:33:41.032	          linker	[Debug]	            dji_command.c:1128  <0x94b8>Receive msg from linker, 0x0400(0x0004)->0x0503(0x0065) 0x0405 len:49
01-05 20:33:41.033	          linker	[Debug]	            dji_command.c:980  received unsupport request cmd that noneed ack, <0x94b8> cmdset: 0x04 cmdid: 0x05
01-05 20:33:41.035	          linker	[Debug]	        dji_protocol_v1.c:189  <0xc4e1>V1-Send: 0x0503->0x1007 0x198B
01-05 20:33:41.035	          linker	[Debug]	        dji_protocol_v3.c:266  <0xc4e2>V3-Send: 03:003F:001E:0x0503 -> 00:003F:001E:0x0200 0x3C10, tLen 85 dLen 64
01-05 20:33:41.035	          linker	[Debug]	        dji_protocol_v3.c:266  <0xc4e3>V3-Send: 03:003F:001E:0x0503 -> 00:003F:001E:0x0300 0x3C10, tLen 85 dLen 64
01-05 20:33:41.035	          linker	[Debug]	        dji_protocol_v3.c:266  <0xc4e4>V3-Send: 03:003F:001E:0x0503 -> 00:003F:001E:0x1104 0x3C10, tLen 85 dLen 64
01-05 20:33:41.035	          linker	[Debug]	        dji_protocol_v3.c:266  <0xc4e5>V3-Send: 03:003F:001E:0x0503 -> 00:003F:001E:0x0701 0x3C10, tLen 85 dLen 64
01-05 20:33:41.035	          linker	[Debug]	        dji_protocol_v3.c:266  <0xc4e6>V3-Send: 03:003F:001E:0x0503 -> 00:003F:001E:0x1100 0x3C10, tLen 85 dLen 64
01-05 20:33:41.050	          linker	[Debug]	        dji_protocol_v3.c:387  <0x6de4>V3-Recv: 00:003F:001E:0x0300 -> 03:003F:001E:0x0503 0x3C57, tLen 37 dLen 16
01-05 20:33:41.050	          linker	[Debug]	        dji_protocol_v3.c:506  0:0x0300 convert to 0003(0x0300)
01-05 20:33:41.050	          linker	[Debug]	        dji_protocol_v3.c:506  3:0x0503 convert to 0065(0x0503)
01-05 20:33:41.051	          linker	[Debug]	            dji_command.c:1128  <0x6de4>Receive msg from linker, 0x0300(0x0003)->0x0503(0x0065) 0x3C57 len:16
01-05 20:33:41.051	          linker	[Debug]	            dji_command.c:980  received unsupport request cmd that noneed ack, <0x6de4> cmdset: 0x3C cmdid: 0x57
01-05 20:33:41.056	            user	[Info]	      camera_controller.h:48   --> Step 1: Init camera manager module
01-05 20:33:41.056	          linker	[Debug]	            dji_command.c:733  Reg command handle list success, index:12
01-05 20:33:41.056	         channel	[Info]	dji_camera_manager_media_downloader.c:393  Ready to create data stream bulk channel: ishost 0, v2ca3p3181, itf 3, epout 03, epin 84, virchnl 2
01-05 20:33:41.056	         channel	[Debug]	dji_stream_channel_usbbulk.c:128  USBBULK channel create, ifhost 0, vid:pid 2ca3:3181, itf 3 epin 132 epout 3, channel id 2
01-05 20:33:41.056	         channel	[Debug]	dji_stream_channel_usbbulk.c:228  Register usb bulk recv data callback, channel:2, index:0.
01-05 20:33:41.057	      downloader	[Info]	dji_camera_manager_media_downloader.c:577  init hms module.
01-05 20:33:41.057	             hms	[Debug]	  dji_hms_customization.c:92   hms customization init success.
01-05 20:33:41.057	          linker	[Debug]	            dji_command.c:733  Reg command handle list success, index:13
01-05 20:33:41.057	             sub	[Debug]	dji_data_subscription_dds_v3.c:425  Start subscribe topic name = multi_stream_fusion_mode, topic index = 0 @Agent 0x0801 filterhost 0x0100
01-05 20:33:41.057	          linker	[Debug]	        dji_protocol_v3.c:266  <0xc4e7>V3-Send: 03:003F:001E:0x0503 -> 00:003F:001E:0x0801 0x0099, tLen 59 dLen 38
01-05 20:33:41.059	          linker	[Debug]	        dji_protocol_v3.c:266  <0xc4e8>V3-Send: 03:003F:001E:0x0503 -> 00:003F:001E:0x0200 0x3C1F, tLen 58 dLen 37
01-05 20:33:41.061	          linker	[Debug]	        dji_protocol_v1.c:189  <0xc4e9>V1-Send: 0x0503->0x1D02 0x00F0
01-05 20:33:41.069	          linker	[Debug]	        dji_protocol_v3.c:387  <0x9514>V3-Recv: 01:003F:001E:0x0400 -> 03:003F:001E:0x0503 0x0405, tLen 70 dLen 49
01-05 20:33:41.069	          linker	[Debug]	        dji_protocol_v3.c:506  1:0x0400 convert to 0004(0x0400)
01-05 20:33:41.069	          linker	[Debug]	        dji_protocol_v3.c:506  3:0x0503 convert to 0065(0x0503)
01-05 20:33:41.069	          linker	[Debug]	        dji_protocol_v3.c:387  <0xc4e7>V3-Recv: 00:003F:001E:0x0801 -> 03:003F:001E:0x0503 0x0099, tLen 30 dLen 9
01-05 20:33:41.069	          linker	[Debug]	        dji_protocol_v3.c:506  0:0x0801 convert to 0028(0x0801)
01-05 20:33:41.069	          linker	[Debug]	        dji_protocol_v3.c:506  3:0x0503 convert to 0065(0x0503)
01-05 20:33:41.069	          linker	[Debug]	        dji_protocol_v3.c:387  <0x5392>V3-Recv: 00:003F:001E:0x1204 -> 03:003F:001E:0x0503 0x4900, tLen 23 dLen 2
01-05 20:33:41.069	          linker	[Debug]	        dji_protocol_v3.c:506  0:0x1204 convert to 0092(0x1204)
01-05 20:33:41.069	          linker	[Debug]	        dji_protocol_v3.c:506  3:0x0503 convert to 0065(0x0503)
01-05 20:33:41.070	          linker	[Debug]	            dji_command.c:1128  <0x9514>Receive msg from linker, 0x0400(0x0004)->0x0503(0x0065) 0x0405 len:49
01-05 20:33:41.070	          linker	[Debug]	            dji_command.c:980  received unsupport request cmd that noneed ack, <0x9514> cmdset: 0x04 cmdid: 0x05
01-05 20:33:41.071	          linker	[Debug]	            dji_command.c:1128  <0xc4e7>Receive msg from linker, 0x0801(0x0028)->0x0503(0x0065) 0x0099 len:9
01-05 20:33:41.071	          linker	[Debug]	            dji_command.c:1076 PsdkCommand_SendSyncCallback success
01-05 20:33:41.071	          linker	[Debug]	            dji_command.c:890  callback function (cmdset: 0x00 cmdid: 0x99) deal time: 0 ms
01-05 20:33:41.071	          linker	[Debug]	            dji_command.c:612  sendSync callback success
01-05 20:33:41.071	          linker	[Debug]	        dji_protocol_v3.c:266  <0xc4ea>V3-Send: 03:003F:001E:0x0503 -> 00:003F:001E:0x0801 0x0099, tLen 57 dLen 36
01-05 20:33:41.072	          linker	[Debug]	        dji_protocol_v1.c:189  <0xc4eb>V1-Send: 0x0503->0x1D02 0x00F0
01-05 20:33:41.072	          linker	[Debug]	            dji_command.c:1128  <0x5392>Receive msg from linker, 0x1204(0x0092)->0x0503(0x0065) 0x4900 len:2
01-05 20:33:41.072	          linker	[Debug]	        dji_protocol_v3.c:266  <0x5392>V3-Send: 03:003F:001E:0x0503 -> 00:003F:001E:0x1204 0x4900, tLen 23 dLen 2
01-05 20:33:41.080	          linker	[Debug]	        dji_protocol_v3.c:387  <0x956e>V3-Recv: 01:003F:001E:0x0400 -> 03:003F:001E:0x0503 0x0405, tLen 70 dLen 49
01-05 20:33:41.080	          linker	[Debug]	        dji_protocol_v3.c:506  1:0x0400 convert to 0004(0x0400)
01-05 20:33:41.080	          linker	[Debug]	        dji_protocol_v3.c:506  3:0x0503 convert to 0065(0x0503)
01-05 20:33:41.080	          linker	[Debug]	        dji_protocol_v3.c:387  <0xc4ea>V3-Recv: 00:003F:001E:0x0801 -> 03:003F:001E:0x0503 0x0099, tLen 30 dLen 9
01-05 20:33:41.080	          linker	[Debug]	        dji_protocol_v3.c:506  0:0x0801 convert to 0028(0x0801)
01-05 20:33:41.080	          linker	[Debug]	        dji_protocol_v3.c:506  3:0x0503 convert to 0065(0x0503)
01-05 20:33:41.080	          linker	[Debug]	        dji_protocol_v3.c:387  <0x5396>V3-Recv: 00:003F:001E:0x1204 -> 03:003F:001E:0x0503 0x22AD, tLen 68 dLen 47
01-05 20:33:41.080	          linker	[Debug]	        dji_protocol_v3.c:506  0:0x1204 convert to 0092(0x1204)
01-05 20:33:41.080	          linker	[Debug]	        dji_protocol_v3.c:506  3:0x0503 convert to 0065(0x0503)
01-05 20:33:41.080	          linker	[Debug]	            dji_command.c:1128  <0x956e>Receive msg from linker, 0x0400(0x0004)->0x0503(0x0065) 0x0405 len:49
01-05 20:33:41.080	          linker	[Debug]	            dji_command.c:980  received unsupport request cmd that noneed ack, <0x956e> cmdset: 0x04 cmdid: 0x05
01-05 20:33:41.081	          linker	[Debug]	            dji_command.c:1128  <0xc4ea>Receive msg from linker, 0x0801(0x0028)->0x0503(0x0065) 0x0099 len:9
01-05 20:33:41.081	          linker	[Debug]	            dji_command.c:1076 PsdkCommand_SendSyncCallback success
01-05 20:33:41.081	          linker	[Debug]	            dji_command.c:612  sendSync callback success
01-05 20:33:41.081	             sub	[Debug]	dji_data_subscription_xrce_v3.c:261  Successfully update topic multi_stream_fusion_mode period to 1000 ms
01-05 20:33:41.081	             sub	[Debug]	dji_data_subscription_dds_v3.c:465  topic multi_stream_fusion_mode owns 1 subscriber
01-05 20:33:41.081	             sub	[Debug]	dji_camera_manager_ir_manager.c:1485 subscribedTopicTable[0] pos 1 type 0 topic 16777218
01-05 20:33:41.081	             sub	[Debug]	dji_data_subscription_dds_v3.c:425  Start subscribe topic name = cam_status, topic index = 1 @Agent 0x0801 filterhost 0x0100
01-05 20:33:41.081	          linker	[Debug]	        dji_protocol_v3.c:266  <0xc4ec>V3-Send: 03:003F:001E:0x0503 -> 00:003F:001E:0x0801 0x0099, tLen 45 dLen 24
01-05 20:33:41.081	          linker	[Debug]	            dji_command.c:890  callback function (cmdset: 0x00 cmdid: 0x99) deal time: 0 ms
01-05 20:33:41.083	          linker	[Debug]	            dji_command.c:1128  <0x5396>Receive msg from linker, 0x1204(0x0092)->0x0503(0x0065) 0x22AD len:47
01-05 20:33:41.083	          linker	[Debug]	            dji_command.c:980  received unsupport request cmd that need ack, <0x5396> cmdset: 0x22 cmdid: 0xAD
01-05 20:33:41.084	          linker	[Debug]	        dji_protocol_v1.c:189  <0xc4ed>V1-Send: 0x0503->0x1D02 0x00F0
01-05 20:33:41.092	          linker	[Debug]	        dji_protocol_v3.c:387  <0xc4ec>V3-Recv: 00:003F:001E:0x0801 -> 03:003F:001E:0x0503 0x0099, tLen 30 dLen 9
01-05 20:33:41.092	          linker	[Debug]	        dji_protocol_v3.c:506  0:0x0801 convert to 0028(0x0801)
01-05 20:33:41.092	          linker	[Debug]	        dji_protocol_v3.c:506  3:0x0503 convert to 0065(0x0503)
01-05 20:33:41.092	          linker	[Debug]	        dji_protocol_v3.c:387  <0x2978>V3-Recv: 00:003F:001E:0x0801 -> 03:003F:001E:0x0503 0x0099, tLen 56 dLen 35
01-05 20:33:41.092	          linker	[Debug]	        dji_protocol_v3.c:506  0:0x0801 convert to 0028(0x0801)
01-05 20:33:41.092	          linker	[Debug]	        dji_protocol_v3.c:506  3:0x0503 convert to 0065(0x0503)
01-05 20:33:41.092	          linker	[Debug]	        dji_protocol_v3.c:387  <0x95c8>V3-Recv: 01:003F:001E:0x0400 -> 03:003F:001E:0x0503 0x0405, tLen 70 dLen 49
01-05 20:33:41.092	          linker	[Debug]	        dji_protocol_v3.c:506  1:0x0400 convert to 0004(0x0400)
01-05 20:33:41.092	          linker	[Debug]	        dji_protocol_v3.c:506  3:0x0503 convert to 0065(0x0503)
01-05 20:33:41.092	          linker	[Debug]	            dji_command.c:1128  <0xc4ec>Receive msg from linker, 0x0801(0x0028)->0x0503(0x0065) 0x0099 len:9
01-05 20:33:41.092	          linker	[Debug]	            dji_command.c:1076 PsdkCommand_SendSyncCallback success
01-05 20:33:41.092	          linker	[Debug]	            dji_command.c:890  callback function (cmdset: 0x00 cmdid: 0x99) deal time: 0 ms
01-05 20:33:41.092	          linker	[Debug]	            dji_command.c:612  sendSync callback success
01-05 20:33:41.092	          linker	[Debug]	        dji_protocol_v3.c:266  <0xc4ee>V3-Send: 03:003F:001E:0x0503 -> 00:003F:001E:0x0801 0x0099, tLen 43 dLen 22
01-05 20:33:41.093	          linker	[Debug]	            dji_command.c:1128  <0x2978>Receive msg from linker, 0x0801(0x0028)->0x0503(0x0065) 0x0099 len:35
01-05 20:33:41.094	          linker	[Debug]	            dji_command.c:1128  <0x95c8>Receive msg from linker, 0x0400(0x0004)->0x0503(0x0065) 0x0405 len:49
01-05 20:33:41.094	          linker	[Debug]	            dji_command.c:980  received unsupport request cmd that noneed ack, <0x95c8> cmdset: 0x04 cmdid: 0x05
01-05 20:33:41.099	          linker	[Debug]	        dji_protocol_v3.c:266  <0xc4ef>V3-Send: 03:003F:001E:0x0503 -> 00:003F:001E:0x0200 0x3C1B, tLen 77 dLen 56
01-05 20:33:41.106	          linker	[Debug]	        dji_protocol_v3.c:387  <0xc4ee>V3-Recv: 00:003F:001E:0x0801 -> 03:003F:001E:0x0503 0x0099, tLen 30 dLen 9
01-05 20:33:41.106	          linker	[Debug]	        dji_protocol_v3.c:506  0:0x0801 convert to 0028(0x0801)
01-05 20:33:41.106	          linker	[Debug]	        dji_protocol_v3.c:506  3:0x0503 convert to 0065(0x0503)
01-05 20:33:41.107	          linker	[Debug]	            dji_command.c:1128  <0xc4ee>Receive msg from linker, 0x0801(0x0028)->0x0503(0x0065) 0x0099 len:9
01-05 20:33:41.107	          linker	[Debug]	            dji_command.c:1076 PsdkCommand_SendSyncCallback success
01-05 20:33:41.107	          linker	[Debug]	            dji_command.c:890  callback function (cmdset: 0x00 cmdid: 0x99) deal time: 0 ms
01-05 20:33:41.107	          linker	[Debug]	            dji_command.c:612  sendSync callback success
01-05 20:33:41.107	             sub	[Debug]	dji_data_subscription_xrce_v3.c:261  Successfully update topic cam_status period to 1000 ms
01-05 20:33:41.107	             sub	[Debug]	dji_data_subscription_dds_v3.c:465  topic cam_status owns 1 subscriber
01-05 20:33:41.107	             sub	[Debug]	dji_camera_manager_ir_manager.c:1485 subscribedTopicTable[1] pos 1 type 0 topic 16777219
01-05 20:33:41.107	             sub	[Debug]	dji_data_subscription_dds_v3.c:425  Start subscribe topic name = cam_lens_state, topic index = 2 @Agent 0x0801 filterhost 0x0100
01-05 20:33:41.107	          linker	[Debug]	        dji_protocol_v3.c:266  <0xc4f0>V3-Send: 03:003F:001E:0x0503 -> 00:003F:001E:0x0801 0x0099, tLen 49 dLen 28
01-05 20:33:41.117	          linker	[Debug]	        dji_protocol_v3.c:387  <0xc4f0>V3-Recv: 00:003F:001E:0x0801 -> 03:003F:001E:0x0503 0x0099, tLen 30 dLen 9
01-05 20:33:41.117	          linker	[Debug]	        dji_protocol_v3.c:506  0:0x0801 convert to 0028(0x0801)
01-05 20:33:41.117	          linker	[Debug]	        dji_protocol_v3.c:506  3:0x0503 convert to 0065(0x0503)
01-05 20:33:41.117	          linker	[Debug]	        dji_protocol_v3.c:387  <0x2979>V3-Recv: 00:003F:001E:0x0801 -> 03:003F:001E:0x0503 0x0099, tLen 98 dLen 77
01-05 20:33:41.117	          linker	[Debug]	        dji_protocol_v3.c:506  0:0x0801 convert to 0028(0x0801)
01-05 20:33:41.117	          linker	[Debug]	        dji_protocol_v3.c:506  3:0x0503 convert to 0065(0x0503)
01-05 20:33:41.117	          linker	[Debug]	        dji_protocol_v3.c:387  <0x9622>V3-Recv: 01:003F:001E:0x0400 -> 03:003F:001E:0x0503 0x0405, tLen 70 dLen 49
01-05 20:33:41.117	          linker	[Debug]	        dji_protocol_v3.c:506  1:0x0400 convert to 0004(0x0400)
01-05 20:33:41.117	          linker	[Debug]	        dji_protocol_v3.c:506  3:0x0503 convert to 0065(0x0503)
01-05 20:33:41.118	          linker	[Debug]	            dji_command.c:1128  <0xc4f0>Receive msg from linker, 0x0801(0x0028)->0x0503(0x0065) 0x0099 len:9
01-05 20:33:41.118	          linker	[Debug]	            dji_command.c:1076 PsdkCommand_SendSyncCallback success
01-05 20:33:41.118	          linker	[Debug]	            dji_command.c:890  callback function (cmdset: 0x00 cmdid: 0x99) deal time: 0 ms
01-05 20:33:41.118	          linker	[Debug]	            dji_command.c:612  sendSync callback success
01-05 20:33:41.118	          linker	[Debug]	        dji_protocol_v3.c:266  <0xc4f1>V3-Send: 03:003F:001E:0x0503 -> 00:003F:001E:0x0801 0x0099, tLen 47 dLen 26
01-05 20:33:41.119	          linker	[Debug]	            dji_command.c:1128  <0x2979>Receive msg from linker, 0x0801(0x0028)->0x0503(0x0065) 0x0099 len:77
01-05 20:33:41.120	          linker	[Debug]	            dji_command.c:1128  <0x9622>Receive msg from linker, 0x0400(0x0004)->0x0503(0x0065) 0x0405 len:49
01-05 20:33:41.121	          linker	[Debug]	            dji_command.c:980  received unsupport request cmd that noneed ack, <0x9622> cmdset: 0x04 cmdid: 0x05
01-05 20:33:41.132	          linker	[Debug]	        dji_protocol_v3.c:387  <0xc4f1>V3-Recv: 00:003F:001E:0x0801 -> 03:003F:001E:0x0503 0x0099, tLen 30 dLen 9
01-05 20:33:41.132	          linker	[Debug]	        dji_protocol_v3.c:506  0:0x0801 convert to 0028(0x0801)
01-05 20:33:41.132	          linker	[Debug]	        dji_protocol_v3.c:506  3:0x0503 convert to 0065(0x0503)
01-05 20:33:41.132	          linker	[Debug]	        dji_protocol_v3.c:387  <0x9682>V3-Recv: 01:003F:001E:0x0400 -> 03:003F:001E:0x0503 0x0405, tLen 70 dLen 49
01-05 20:33:41.132	          linker	[Debug]	        dji_protocol_v3.c:506  1:0x0400 convert to 0004(0x0400)
01-05 20:33:41.132	          linker	[Debug]	        dji_protocol_v3.c:506  3:0x0503 convert to 0065(0x0503)
01-05 20:33:41.132	          linker	[Debug]	            dji_command.c:1128  <0xc4f1>Receive msg from linker, 0x0801(0x0028)->0x0503(0x0065) 0x0099 len:9
01-05 20:33:41.132	          linker	[Debug]	            dji_command.c:1076 PsdkCommand_SendSyncCallback success
01-05 20:33:41.133	          linker	[Debug]	            dji_command.c:890  callback function (cmdset: 0x00 cmdid: 0x99) deal time: 1 ms
01-05 20:33:41.133	          linker	[Debug]	            dji_command.c:612  sendSync callback success
01-05 20:33:41.133	             sub	[Debug]	dji_data_subscription_xrce_v3.c:261  Successfully update topic cam_lens_state period to 1000 ms
01-05 20:33:41.133	             sub	[Debug]	dji_data_subscription_dds_v3.c:465  topic cam_lens_state owns 1 subscriber
01-05 20:33:41.133	             sub	[Debug]	dji_camera_manager_ir_manager.c:1485 subscribedTopicTable[2] pos 1 type 0 topic 16777220
01-05 20:33:41.133	             sub	[Debug]	dji_data_subscription_dds_v3.c:425  Start subscribe topic name = cam_photo_param, topic index = 3 @Agent 0x0801 filterhost 0x0100
01-05 20:33:41.133	          linker	[Debug]	        dji_protocol_v3.c:266  <0xc4f2>V3-Send: 03:003F:001E:0x0503 -> 00:003F:001E:0x0801 0x0099, tLen 50 dLen 29
01-05 20:33:41.134	          linker	[Debug]	            dji_command.c:1128  <0x9682>Receive msg from linker, 0x0400(0x0004)->0x0503(0x0065) 0x0405 len:49
01-05 20:33:41.134	          linker	[Debug]	            dji_command.c:980  received unsupport request cmd that noneed ack, <0x9682> cmdset: 0x04 cmdid: 0x05
01-05 20:33:41.152	          linker	[Debug]	        dji_protocol_v3.c:387  <0xc4f2>V3-Recv: 00:003F:001E:0x0801 -> 03:003F:001E:0x0503 0x0099, tLen 30 dLen 9
01-05 20:33:41.152	          linker	[Debug]	        dji_protocol_v3.c:506  0:0x0801 convert to 0028(0x0801)
01-05 20:33:41.152	          linker	[Debug]	        dji_protocol_v3.c:506  3:0x0503 convert to 0065(0x0503)
01-05 20:33:41.152	          linker	[Debug]	        dji_protocol_v3.c:387  <0x297a>V3-Recv: 00:003F:001E:0x0801 -> 03:003F:001E:0x0503 0x0099, tLen 65 dLen 44
01-05 20:33:41.152	          linker	[Debug]	        dji_protocol_v3.c:506  0:0x0801 convert to 0028(0x0801)
01-05 20:33:41.152	          linker	[Debug]	        dji_protocol_v3.c:506  3:0x0503 convert to 0065(0x0503)
01-05 20:33:41.152	          linker	[Debug]	            dji_command.c:1128  <0xc4f2>Receive msg from linker, 0x0801(0x0028)->0x0503(0x0065) 0x0099 len:9
01-05 20:33:41.152	          linker	[Debug]	            dji_command.c:1076 PsdkCommand_SendSyncCallback success
01-05 20:33:41.152	          linker	[Debug]	            dji_command.c:890  callback function (cmdset: 0x00 cmdid: 0x99) deal time: 0 ms
01-05 20:33:41.152	          linker	[Debug]	            dji_command.c:612  sendSync callback success
01-05 20:33:41.152	          linker	[Debug]	        dji_protocol_v3.c:266  <0xc4f3>V3-Send: 03:003F:001E:0x0503 -> 00:003F:001E:0x0801 0x0099, tLen 48 dLen 27
01-05 20:33:41.153	          linker	[Debug]	            dji_command.c:1128  <0x297a>Receive msg from linker, 0x0801(0x0028)->0x0503(0x0065) 0x0099 len:44
01-05 20:33:41.168	          linker	[Debug]	        dji_protocol_v3.c:387  <0x96e0>V3-Recv: 01:003F:001E:0x0400 -> 03:003F:001E:0x0503 0x0405, tLen 70 dLen 49
01-05 20:33:41.168	          linker	[Debug]	        dji_protocol_v3.c:506  1:0x0400 convert to 0004(0x0400)
01-05 20:33:41.168	          linker	[Debug]	        dji_protocol_v3.c:506  3:0x0503 convert to 0065(0x0503)
01-05 20:33:41.168	          linker	[Debug]	        dji_protocol_v3.c:387  <0xc4f3>V3-Recv: 00:003F:001E:0x0801 -> 03:003F:001E:0x0503 0x0099, tLen 30 dLen 9
01-05 20:33:41.168	          linker	[Debug]	        dji_protocol_v3.c:506  0:0x0801 convert to 0028(0x0801)
01-05 20:33:41.168	          linker	[Debug]	        dji_protocol_v3.c:506  3:0x0503 convert to 0065(0x0503)
01-05 20:33:41.168	          linker	[Debug]	        dji_protocol_v3.c:387  <0x53a3>V3-Recv: 00:003F:001E:0x1204 -> 03:003F:001E:0x0503 0x4900, tLen 23 dLen 2
01-05 20:33:41.168	          linker	[Debug]	        dji_protocol_v3.c:506  0:0x1204 convert to 0092(0x1204)
01-05 20:33:41.168	          linker	[Debug]	        dji_protocol_v3.c:506  3:0x0503 convert to 0065(0x0503)
01-05 20:33:41.168	          linker	[Debug]	            dji_command.c:1128  <0x96e0>Receive msg from linker, 0x0400(0x0004)->0x0503(0x0065) 0x0405 len:49
01-05 20:33:41.168	          linker	[Debug]	            dji_command.c:980  received unsupport request cmd that noneed ack, <0x96e0> cmdset: 0x04 cmdid: 0x05
01-05 20:33:41.169	          linker	[Debug]	            dji_command.c:1128  <0xc4f3>Receive msg from linker, 0x0801(0x0028)->0x0503(0x0065) 0x0099 len:9
01-05 20:33:41.169	          linker	[Debug]	            dji_command.c:1076 PsdkCommand_SendSyncCallback success
01-05 20:33:41.169	          linker	[Debug]	            dji_command.c:890  callback function (cmdset: 0x00 cmdid: 0x99) deal time: 0 ms
01-05 20:33:41.169	          linker	[Debug]	            dji_command.c:612  sendSync callback success
01-05 20:33:41.169	             sub	[Debug]	dji_data_subscription_xrce_v3.c:261  Successfully update topic cam_photo_param period to 1000 ms
01-05 20:33:41.170	             sub	[Debug]	dji_data_subscription_dds_v3.c:465  topic cam_photo_param owns 1 subscriber
01-05 20:33:41.170	             sub	[Debug]	dji_camera_manager_ir_manager.c:1485 subscribedTopicTable[3] pos 1 type 0 topic 16777221
01-05 20:33:41.170	             sub	[Debug]	dji_data_subscription_dds_v3.c:425  Start subscribe topic name = cam_record_time, topic index = 4 @Agent 0x0801 filterhost 0x0100
01-05 20:33:41.170	          linker	[Debug]	        dji_protocol_v3.c:266  <0xc4f4>V3-Send: 03:003F:001E:0x0503 -> 00:003F:001E:0x0801 0x0099, tLen 50 dLen 29
01-05 20:33:41.171	          linker	[Debug]	            dji_command.c:1128  <0x53a3>Receive msg from linker, 0x1204(0x0092)->0x0503(0x0065) 0x4900 len:2
01-05 20:33:41.171	          linker	[Debug]	        dji_protocol_v3.c:266  <0x53a3>V3-Send: 03:003F:001E:0x0503 -> 00:003F:001E:0x1204 0x4900, tLen 23 dLen 2
01-05 20:33:41.180	          linker	[Debug]	        dji_protocol_v3.c:387  <0xc4f4>V3-Recv: 00:003F:001E:0x0801 -> 03:003F:001E:0x0503 0x0099, tLen 30 dLen 9
01-05 20:33:41.180	          linker	[Debug]	        dji_protocol_v3.c:506  0:0x0801 convert to 0028(0x0801)
01-05 20:33:41.180	          linker	[Debug]	        dji_protocol_v3.c:506  3:0x0503 convert to 0065(0x0503)
01-05 20:33:41.180	          linker	[Debug]	        dji_protocol_v3.c:387  <0x297b>V3-Recv: 00:003F:001E:0x0801 -> 03:003F:001E:0x0503 0x0099, tLen 58 dLen 37
01-05 20:33:41.180	          linker	[Debug]	        dji_protocol_v3.c:506  0:0x0801 convert to 0028(0x0801)
01-05 20:33:41.180	          linker	[Debug]	        dji_protocol_v3.c:506  3:0x0503 convert to 0065(0x0503)
01-05 20:33:41.180	          linker	[Debug]	        dji_protocol_v3.c:387  <0x973a>V3-Recv: 01:003F:001E:0x0400 -> 03:003F:001E:0x0503 0x0405, tLen 70 dLen 49
01-05 20:33:41.180	          linker	[Debug]	        dji_protocol_v3.c:506  1:0x0400 convert to 0004(0x0400)
01-05 20:33:41.180	          linker	[Debug]	        dji_protocol_v3.c:506  3:0x0503 convert to 0065(0x0503)
01-05 20:33:41.180	          linker	[Debug]	        dji_protocol_v3.c:387  <0x53a7>V3-Recv: 00:003F:001E:0x1204 -> 03:003F:001E:0x0503 0x22AD, tLen 68 dLen 47
01-05 20:33:41.180	          linker	[Debug]	        dji_protocol_v3.c:506  0:0x1204 convert to 0092(0x1204)
01-05 20:33:41.180	          linker	[Debug]	        dji_protocol_v3.c:506  3:0x0503 convert to 0065(0x0503)
01-05 20:33:41.180	          linker	[Debug]	            dji_command.c:1128  <0xc4f4>Receive msg from linker, 0x0801(0x0028)->0x0503(0x0065) 0x0099 len:9
01-05 20:33:41.180	          linker	[Debug]	            dji_command.c:1076 PsdkCommand_SendSyncCallback success
01-05 20:33:41.180	          linker	[Debug]	            dji_command.c:890  callback function (cmdset: 0x00 cmdid: 0x99) deal time: 0 ms
01-05 20:33:41.180	          linker	[Debug]	            dji_command.c:612  sendSync callback success
01-05 20:33:41.180	          linker	[Debug]	        dji_protocol_v3.c:266  <0xc4f5>V3-Send: 03:003F:001E:0x0503 -> 00:003F:001E:0x0801 0x0099, tLen 48 dLen 27
01-05 20:33:41.181	          linker	[Debug]	            dji_command.c:1128  <0x297b>Receive msg from linker, 0x0801(0x0028)->0x0503(0x0065) 0x0099 len:37
01-05 20:33:41.183	          linker	[Debug]	            dji_command.c:1128  <0x973a>Receive msg from linker, 0x0400(0x0004)->0x0503(0x0065) 0x0405 len:49
01-05 20:33:41.183	          linker	[Debug]	            dji_command.c:980  received unsupport request cmd that noneed ack, <0x973a> cmdset: 0x04 cmdid: 0x05
01-05 20:33:41.184	          linker	[Debug]	            dji_command.c:1128  <0x53a7>Receive msg from linker, 0x1204(0x0092)->0x0503(0x0065) 0x22AD len:47
01-05 20:33:41.184	          linker	[Debug]	            dji_command.c:980  received unsupport request cmd that need ack, <0x53a7> cmdset: 0x22 cmdid: 0xAD
01-05 20:33:41.192	          linker	[Debug]	        dji_protocol_v3.c:387  <0xc4f5>V3-Recv: 00:003F:001E:0x0801 -> 03:003F:001E:0x0503 0x0099, tLen 30 dLen 9
01-05 20:33:41.192	          linker	[Debug]	        dji_protocol_v3.c:506  0:0x0801 convert to 0028(0x0801)
01-05 20:33:41.192	          linker	[Debug]	        dji_protocol_v3.c:506  3:0x0503 convert to 0065(0x0503)
01-05 20:33:41.192	          linker	[Debug]	        dji_protocol_v3.c:387  <0x9794>V3-Recv: 01:003F:001E:0x0400 -> 03:003F:001E:0x0503 0x0405, tLen 70 dLen 49
01-05 20:33:41.192	          linker	[Debug]	            dji_command.c:1128  <0xc4f5>Receive msg from linker, 0x0801(0x0028)->0x0503(0x0065) 0x0099 len:9
01-05 20:33:41.192	          linker	[Debug]	        dji_protocol_v3.c:506  1:0x0400 convert to 0004(0x0400)
01-05 20:33:41.192	          linker	[Debug]	        dji_protocol_v3.c:506  3:0x0503 convert to 0065(0x0503)
01-05 20:33:41.192	          linker	[Debug]	            dji_command.c:1076 PsdkCommand_SendSyncCallback success
01-05 20:33:41.192	          linker	[Debug]	            dji_command.c:890  callback function (cmdset: 0x00 cmdid: 0x99) deal time: 0 ms
01-05 20:33:41.192	          linker	[Debug]	            dji_command.c:612  sendSync callback success
01-05 20:33:41.192	             sub	[Debug]	dji_data_subscription_xrce_v3.c:261  Successfully update topic cam_record_time period to 1000 ms
01-05 20:33:41.192	             sub	[Debug]	dji_data_subscription_dds_v3.c:465  topic cam_record_time owns 1 subscriber
01-05 20:33:41.192	             sub	[Debug]	dji_camera_manager_ir_manager.c:1485 subscribedTopicTable[4] pos 1 type 0 topic 16777222
01-05 20:33:41.192	             sub	[Debug]	dji_data_subscription_dds_v3.c:425  Start subscribe topic name = cam_storage, topic index = 5 @Agent 0x0801 filterhost 0x0100
01-05 20:33:41.192	          linker	[Debug]	        dji_protocol_v3.c:266  <0xc4f6>V3-Send: 03:003F:001E:0x0503 -> 00:003F:001E:0x0801 0x0099, tLen 46 dLen 25
01-05 20:33:41.193	          linker	[Debug]	            dji_command.c:1128  <0x9794>Receive msg from linker, 0x0400(0x0004)->0x0503(0x0065) 0x0405 len:49
01-05 20:33:41.193	          linker	[Debug]	            dji_command.c:980  received unsupport request cmd that noneed ack, <0x9794> cmdset: 0x04 cmdid: 0x05
01-05 20:33:41.206	          linker	[Debug]	        dji_protocol_v3.c:387  <0xc4f6>V3-Recv: 00:003F:001E:0x0801 -> 03:003F:001E:0x0503 0x0099, tLen 30 dLen 9
01-05 20:33:41.206	          linker	[Debug]	        dji_protocol_v3.c:506  0:0x0801 convert to 0028(0x0801)
01-05 20:33:41.206	          linker	[Debug]	        dji_protocol_v3.c:506  3:0x0503 convert to 0065(0x0503)
01-05 20:33:41.206	          linker	[Debug]	        dji_protocol_v3.c:387  <0x297c>V3-Recv: 00:003F:001E:0x0801 -> 03:003F:001E:0x0503 0x0099, tLen 70 dLen 49
01-05 20:33:41.206	          linker	[Debug]	        dji_protocol_v3.c:506  0:0x0801 convert to 0028(0x0801)
01-05 20:33:41.206	          linker	[Debug]	        dji_protocol_v3.c:506  3:0x0503 convert to 0065(0x0503)
01-05 20:33:41.207	          linker	[Debug]	            dji_command.c:1128  <0xc4f6>Receive msg from linker, 0x0801(0x0028)->0x0503(0x0065) 0x0099 len:9
01-05 20:33:41.207	          linker	[Debug]	            dji_command.c:1076 PsdkCommand_SendSyncCallback success
01-05 20:33:41.207	          linker	[Debug]	            dji_command.c:890  callback function (cmdset: 0x00 cmdid: 0x99) deal time: 0 ms
01-05 20:33:41.207	          linker	[Debug]	            dji_command.c:612  sendSync callback success
01-05 20:33:41.208	          linker	[Debug]	        dji_protocol_v3.c:266  <0xc4f7>V3-Send: 03:003F:001E:0x0503 -> 00:003F:001E:0x0801 0x0099, tLen 44 dLen 23
01-05 20:33:41.209	          linker	[Debug]	            dji_command.c:1128  <0x297c>Receive msg from linker, 0x0801(0x0028)->0x0503(0x0065) 0x0099 len:49
01-05 20:33:41.217	          linker	[Debug]	        dji_protocol_v3.c:387  <0x297d>V3-Recv: 00:003F:001E:0x0801 -> 03:003F:001E:0x0503 0x0099, tLen 95 dLen 74
01-05 20:33:41.218	          linker	[Debug]	        dji_protocol_v3.c:506  0:0x0801 convert to 0028(0x0801)
01-05 20:33:41.218	          linker	[Debug]	        dji_protocol_v3.c:506  3:0x0503 convert to 0065(0x0503)
01-05 20:33:41.218	          linker	[Debug]	        dji_protocol_v3.c:387  <0xc4f7>V3-Recv: 00:003F:001E:0x0801 -> 03:003F:001E:0x0503 0x0099, tLen 30 dLen 9
01-05 20:33:41.218	          linker	[Debug]	        dji_protocol_v3.c:506  0:0x0801 convert to 0028(0x0801)
01-05 20:33:41.218	          linker	[Debug]	        dji_protocol_v3.c:506  3:0x0503 convert to 0065(0x0503)
01-05 20:33:41.218	          linker	[Debug]	        dji_protocol_v3.c:387  <0x97ee>V3-Recv: 01:003F:001E:0x0400 -> 03:003F:001E:0x0503 0x0405, tLen 70 dLen 49
01-05 20:33:41.218	          linker	[Debug]	        dji_protocol_v3.c:506  1:0x0400 convert to 0004(0x0400)
01-05 20:33:41.218	          linker	[Debug]	        dji_protocol_v3.c:506  3:0x0503 convert to 0065(0x0503)
01-05 20:33:41.218	          linker	[Debug]	            dji_command.c:1128  <0x297d>Receive msg from linker, 0x0801(0x0028)->0x0503(0x0065) 0x0099 len:74
01-05 20:33:41.220	          linker	[Debug]	            dji_command.c:1128  <0xc4f7>Receive msg from linker, 0x0801(0x0028)->0x0503(0x0065) 0x0099 len:9
01-05 20:33:41.220	          linker	[Debug]	            dji_command.c:1076 PsdkCommand_SendSyncCallback success
01-05 20:33:41.220	          linker	[Debug]	            dji_command.c:890  callback function (cmdset: 0x00 cmdid: 0x99) deal time: 0 ms
01-05 20:33:41.220	          linker	[Debug]	            dji_command.c:612  sendSync callback success
01-05 20:33:41.220	             sub	[Debug]	dji_data_subscription_xrce_v3.c:261  Successfully update topic cam_storage period to 1000 ms
01-05 20:33:41.220	             sub	[Debug]	dji_data_subscription_dds_v3.c:465  topic cam_storage owns 1 subscriber
01-05 20:33:41.220	             sub	[Debug]	dji_camera_manager_ir_manager.c:1485 subscribedTopicTable[5] pos 1 type 0 topic 16777223
01-05 20:33:41.220	             sub	[Debug]	dji_data_subscription_dds_v3.c:425  Start subscribe topic name = cam_expo_param, topic index = 6 @Agent 0x0801 filterhost 0x0100
01-05 20:33:41.220	          linker	[Debug]	        dji_protocol_v3.c:266  <0xc4f8>V3-Send: 03:003F:001E:0x0503 -> 00:003F:001E:0x0801 0x0099, tLen 49 dLen 28
01-05 20:33:41.221	          linker	[Debug]	            dji_command.c:1128  <0x97ee>Receive msg from linker, 0x0400(0x0004)->0x0503(0x0065) 0x0405 len:49
01-05 20:33:41.221	          linker	[Debug]	            dji_command.c:980  received unsupport request cmd that noneed ack, <0x97ee> cmdset: 0x04 cmdid: 0x05
01-05 20:33:41.229	          linker	[Debug]	        dji_protocol_v3.c:387  <0xc4f8>V3-Recv: 00:003F:001E:0x0801 -> 03:003F:001E:0x0503 0x0099, tLen 30 dLen 9
01-05 20:33:41.229	          linker	[Debug]	        dji_protocol_v3.c:506  0:0x0801 convert to 0028(0x0801)
01-05 20:33:41.229	          linker	[Debug]	        dji_protocol_v3.c:506  3:0x0503 convert to 0065(0x0503)
01-05 20:33:41.229	          linker	[Debug]	        dji_protocol_v3.c:387  <0x297e>V3-Recv: 00:003F:001E:0x0801 -> 03:003F:001E:0x0503 0x0099, tLen 95 dLen 74
01-05 20:33:41.229	          linker	[Debug]	        dji_protocol_v3.c:506  0:0x0801 convert to 0028(0x0801)
01-05 20:33:41.229	          linker	[Debug]	        dji_protocol_v3.c:506  3:0x0503 convert to 0065(0x0503)
01-05 20:33:41.229	          linker	[Debug]	            dji_command.c:1128  <0xc4f8>Receive msg from linker, 0x0801(0x0028)->0x0503(0x0065) 0x0099 len:9
01-05 20:33:41.229	          linker	[Debug]	            dji_command.c:1076 PsdkCommand_SendSyncCallback success
01-05 20:33:41.229	          linker	[Debug]	            dji_command.c:890  callback function (cmdset: 0x00 cmdid: 0x99) deal time: 0 ms
01-05 20:33:41.229	          linker	[Debug]	            dji_command.c:612  sendSync callback success
01-05 20:33:41.229	          linker	[Debug]	        dji_protocol_v3.c:266  <0xc4f9>V3-Send: 03:003F:001E:0x0503 -> 00:003F:001E:0x0801 0x0099, tLen 47 dLen 26
01-05 20:33:41.230	          linker	[Debug]	            dji_command.c:1128  <0x297e>Receive msg from linker, 0x0801(0x0028)->0x0503(0x0065) 0x0099 len:74
01-05 20:33:41.244	          linker	[Debug]	        dji_protocol_v3.c:387  <0x984a>V3-Recv: 01:003F:001E:0x0400 -> 03:003F:001E:0x0503 0x0405, tLen 70 dLen 49
01-05 20:33:41.244	          linker	[Debug]	        dji_protocol_v3.c:506  1:0x0400 convert to 0004(0x0400)
01-05 20:33:41.244	          linker	[Debug]	        dji_protocol_v3.c:506  3:0x0503 convert to 0065(0x0503)
01-05 20:33:41.244	          linker	[Debug]	        dji_protocol_v3.c:387  <0xc4f9>V3-Recv: 00:003F:001E:0x0801 -> 03:003F:001E:0x0503 0x0099, tLen 30 dLen 9
01-05 20:33:41.244	          linker	[Debug]	        dji_protocol_v3.c:506  0:0x0801 convert to 0028(0x0801)
01-05 20:33:41.244	          linker	[Debug]	        dji_protocol_v3.c:506  3:0x0503 convert to 0065(0x0503)
01-05 20:33:41.244	          linker	[Debug]	            dji_command.c:1128  <0x984a>Receive msg from linker, 0x0400(0x0004)->0x0503(0x0065) 0x0405 len:49
01-05 20:33:41.245	          linker	[Debug]	            dji_command.c:980  received unsupport request cmd that noneed ack, <0x984a> cmdset: 0x04 cmdid: 0x05
01-05 20:33:41.246	          linker	[Debug]	            dji_command.c:1128  <0xc4f9>Receive msg from linker, 0x0801(0x0028)->0x0503(0x0065) 0x0099 len:9
01-05 20:33:41.246	          linker	[Debug]	            dji_command.c:1076 PsdkCommand_SendSyncCallback success
01-05 20:33:41.246	          linker	[Debug]	            dji_command.c:890  callback function (cmdset: 0x00 cmdid: 0x99) deal time: 0 ms
01-05 20:33:41.246	          linker	[Debug]	            dji_command.c:612  sendSync callback success
01-05 20:33:41.246	             sub	[Debug]	dji_data_subscription_xrce_v3.c:261  Successfully update topic cam_expo_param period to 1000 ms
01-05 20:33:41.246	             sub	[Debug]	dji_data_subscription_dds_v3.c:465  topic cam_expo_param owns 1 subscriber
01-05 20:33:41.246	             sub	[Debug]	dji_camera_manager_ir_manager.c:1485 subscribedTopicTable[6] pos 1 type 0 topic 16777224
01-05 20:33:41.254	          linker	[Debug]	        dji_protocol_v1.c:189  <0xc4fa>V1-Send: 0x0503->0x1007 0x198B
01-05 20:33:41.254	          linker	[Debug]	        dji_protocol_v3.c:266  <0xc4fb>V3-Send: 03:003F:001E:0x0503 -> 00:003F:001E:0x0200 0x3C10, tLen 85 dLen 64
01-05 20:33:41.255	          linker	[Debug]	        dji_protocol_v3.c:266  <0xc4fc>V3-Send: 03:003F:001E:0x0503 -> 00:003F:001E:0x0300 0x3C10, tLen 85 dLen 64
01-05 20:33:41.255	          linker	[Debug]	        dji_protocol_v3.c:266  <0xc4fd>V3-Send: 03:003F:001E:0x0503 -> 00:003F:001E:0x1104 0x3C10, tLen 85 dLen 64
01-05 20:33:41.255	          linker	[Debug]	        dji_protocol_v3.c:266  <0xc4fe>V3-Send: 03:003F:001E:0x0503 -> 00:003F:001E:0x0701 0x3C10, tLen 85 dLen 64
01-05 20:33:41.255	          linker	[Debug]	        dji_protocol_v3.c:266  <0xc4ff>V3-Send: 03:003F:001E:0x0503 -> 00:003F:001E:0x1100 0x3C10, tLen 85 dLen 64
01-05 20:33:41.259	          linker	[Debug]	        dji_protocol_v3.c:266  <0xc500>V3-Send: 03:003F:001E:0x0503 -> 00:003F:001E:0x0200 0x3C1F, tLen 58 dLen 37
01-05 20:33:41.260	          linker	[Debug]	        dji_protocol_v3.c:387  <0x6f3d>V3-Recv: 00:003F:001E:0x0300 -> 03:003F:001E:0x0503 0x3C57, tLen 37 dLen 16
01-05 20:33:41.260	          linker	[Debug]	        dji_protocol_v3.c:506  0:0x0300 convert to 0003(0x0300)
01-05 20:33:41.260	          linker	[Debug]	        dji_protocol_v3.c:506  3:0x0503 convert to 0065(0x0503)
01-05 20:33:41.260	          linker	[Debug]	        dji_protocol_v3.c:387  <0x98a7>V3-Recv: 01:003F:001E:0x0400 -> 03:003F:001E:0x0503 0x0405, tLen 70 dLen 49
01-05 20:33:41.260	          linker	[Debug]	        dji_protocol_v3.c:506  1:0x0400 convert to 0004(0x0400)
01-05 20:33:41.260	          linker	[Debug]	        dji_protocol_v3.c:506  3:0x0503 convert to 0065(0x0503)
01-05 20:33:41.260	          linker	[Debug]	            dji_command.c:1128  <0x6f3d>Receive msg from linker, 0x0300(0x0003)->0x0503(0x0065) 0x3C57 len:16
01-05 20:33:41.260	          linker	[Debug]	            dji_command.c:980  received unsupport request cmd that noneed ack, <0x6f3d> cmdset: 0x3C cmdid: 0x57
01-05 20:33:41.262	          linker	[Debug]	            dji_command.c:1128  <0x98a7>Receive msg from linker, 0x0400(0x0004)->0x0503(0x0065) 0x0405 len:49
01-05 20:33:41.262	          linker	[Debug]	            dji_command.c:980  received unsupport request cmd that noneed ack, <0x98a7> cmdset: 0x04 cmdid: 0x05
01-05 20:33:41.272	          linker	[Debug]	        dji_protocol_v3.c:387  <0x53b3>V3-Recv: 00:003F:001E:0x1204 -> 03:003F:001E:0x0503 0x4900, tLen 23 dLen 2
01-05 20:33:41.272	          linker	[Debug]	        dji_protocol_v3.c:506  0:0x1204 convert to 0092(0x1204)
01-05 20:33:41.272	          linker	[Debug]	        dji_protocol_v3.c:506  3:0x0503 convert to 0065(0x0503)
01-05 20:33:41.272	          linker	[Debug]	        dji_protocol_v3.c:387  <0x9901>V3-Recv: 01:003F:001E:0x0400 -> 03:003F:001E:0x0503 0x0405, tLen 70 dLen 49
01-05 20:33:41.272	          linker	[Debug]	        dji_protocol_v3.c:506  1:0x0400 convert to 0004(0x0400)
01-05 20:33:41.272	          linker	[Debug]	        dji_protocol_v3.c:506  3:0x0503 convert to 0065(0x0503)
01-05 20:33:41.272	          linker	[Debug]	            dji_command.c:1128  <0x53b3>Receive msg from linker, 0x1204(0x0092)->0x0503(0x0065) 0x4900 len:2
01-05 20:33:41.272	          linker	[Debug]	        dji_protocol_v3.c:266  <0x53b3>V3-Send: 03:003F:001E:0x0503 -> 00:003F:001E:0x1204 0x4900, tLen 23 dLen 2
01-05 20:33:41.274	          linker	[Debug]	            dji_command.c:1128  <0x9901>Receive msg from linker, 0x0400(0x0004)->0x0503(0x0065) 0x0405 len:49
01-05 20:33:41.274	          linker	[Debug]	            dji_command.c:980  received unsupport request cmd that noneed ack, <0x9901> cmdset: 0x04 cmdid: 0x05
01-05 20:33:41.288	          linker	[Debug]	        dji_protocol_v3.c:387  <0x53b7>V3-Recv: 00:003F:001E:0x1204 -> 03:003F:001E:0x0503 0x22AD, tLen 68 dLen 47
01-05 20:33:41.288	          linker	[Debug]	        dji_protocol_v3.c:506  0:0x1204 convert to 0092(0x1204)
01-05 20:33:41.288	          linker	[Debug]	        dji_protocol_v3.c:506  3:0x0503 convert to 0065(0x0503)
01-05 20:33:41.289	          linker	[Debug]	            dji_command.c:1128  <0x53b7>Receive msg from linker, 0x1204(0x0092)->0x0503(0x0065) 0x22AD len:47
01-05 20:33:41.289	          linker	[Debug]	            dji_command.c:980  received unsupport request cmd that need ack, <0x53b7> cmdset: 0x22 cmdid: 0xAD
01-05 20:33:41.303	          linker	[Debug]	        dji_protocol_v1.c:309  <0x2035>V1-Recv: 0x0A06->0x0503 0x0866
01-05 20:33:41.304	          linker	[Debug]	            dji_command.c:1128  <0x2035>Receive msg from linker, 0x0A06(0x00CA)->0x0503(0x0065) 0x0866 len:96
01-05 20:33:41.304	          linker	[Debug]	            dji_command.c:980  received unsupport request cmd that noneed ack, <0x2035> cmdset: 0x08 cmdid: 0x66
01-05 20:33:41.305	          linker	[Debug]	        dji_protocol_v3.c:387  <0x995b>V3-Recv: 01:003F:001E:0x0400 -> 03:003F:001E:0x0503 0x0405, tLen 70 dLen 49
01-05 20:33:41.305	          linker	[Debug]	        dji_protocol_v3.c:506  1:0x0400 convert to 0004(0x0400)
01-05 20:33:41.305	          linker	[Debug]	        dji_protocol_v3.c:506  3:0x0503 convert to 0065(0x0503)
01-05 20:33:41.306	          linker	[Debug]	            dji_command.c:1128  <0x995b>Receive msg from linker, 0x0400(0x0004)->0x0503(0x0065) 0x0405 len:49
01-05 20:33:41.306	          linker	[Debug]	            dji_command.c:980  received unsupport request cmd that noneed ack, <0x995b> cmdset: 0x04 cmdid: 0x05
01-05 20:33:41.318	          linker	[Debug]	        dji_protocol_v3.c:266  <0xc501>V3-Send: 03:003F:001E:0x0503 -> 00:003F:001E:0x0200 0x3C1B, tLen 77 dLen 56
01-05 20:33:41.319	          linker	[Debug]	        dji_protocol_v3.c:387  <0x99b5>V3-Recv: 01:003F:001E:0x0400 -> 03:003F:001E:0x0503 0x0405, tLen 70 dLen 49
01-05 20:33:41.319	          linker	[Debug]	        dji_protocol_v3.c:506  1:0x0400 convert to 0004(0x0400)
01-05 20:33:41.319	          linker	[Debug]	        dji_protocol_v3.c:506  3:0x0503 convert to 0065(0x0503)
01-05 20:33:41.319	          linker	[Debug]	            dji_command.c:1128  <0x99b5>Receive msg from linker, 0x0400(0x0004)->0x0503(0x0065) 0x0405 len:49
01-05 20:33:41.319	          linker	[Debug]	            dji_command.c:980  received unsupport request cmd that noneed ack, <0x99b5> cmdset: 0x04 cmdid: 0x05
01-05 20:33:41.332	          linker	[Debug]	        dji_protocol_v3.c:387  <0x9a11>V3-Recv: 01:003F:001E:0x0400 -> 03:003F:001E:0x0503 0x0405, tLen 70 dLen 49
01-05 20:33:41.332	          linker	[Debug]	        dji_protocol_v3.c:506  1:0x0400 convert to 0004(0x0400)
01-05 20:33:41.332	          linker	[Debug]	        dji_protocol_v3.c:506  3:0x0503 convert to 0065(0x0503)
01-05 20:33:41.332	          linker	[Debug]	            dji_command.c:1128  <0x9a11>Receive msg from linker, 0x0400(0x0004)->0x0503(0x0065) 0x0405 len:49
01-05 20:33:41.332	          linker	[Debug]	            dji_command.c:980  received unsupport request cmd that noneed ack, <0x9a11> cmdset: 0x04 cmdid: 0x05
01-05 20:33:41.352	          linker	[Debug]	        dji_protocol_v3.c:387  <0x9a6d>V3-Recv: 01:003F:001E:0x0400 -> 03:003F:001E:0x0503 0x0405, tLen 70 dLen 49
01-05 20:33:41.352	          linker	[Debug]	        dji_protocol_v3.c:506  1:0x0400 convert to 0004(0x0400)
01-05 20:33:41.352	          linker	[Debug]	        dji_protocol_v3.c:506  3:0x0503 convert to 0065(0x0503)
01-05 20:33:41.353	          linker	[Debug]	            dji_command.c:1128  <0x9a6d>Receive msg from linker, 0x0400(0x0004)->0x0503(0x0065) 0x0405 len:49
01-05 20:33:41.353	          linker	[Debug]	            dji_command.c:980  received unsupport request cmd that noneed ack, <0x9a6d> cmdset: 0x04 cmdid: 0x05
01-05 20:33:41.367	          linker	[Debug]	        dji_protocol_v3.c:387  <0x53bf>V3-Recv: 00:003F:001E:0x1204 -> 03:003F:001E:0x0503 0x4900, tLen 23 dLen 2
01-05 20:33:41.367	          linker	[Debug]	        dji_protocol_v3.c:506  0:0x1204 convert to 0092(0x1204)
01-05 20:33:41.368	          linker	[Debug]	        dji_protocol_v3.c:506  3:0x0503 convert to 0065(0x0503)
01-05 20:33:41.368	          linker	[Debug]	            dji_command.c:1128  <0x53bf>Receive msg from linker, 0x1204(0x0092)->0x0503(0x0065) 0x4900 len:2
01-05 20:33:41.368	          linker	[Debug]	        dji_protocol_v3.c:266  <0x53bf>V3-Send: 03:003F:001E:0x0503 -> 00:003F:001E:0x1204 0x4900, tLen 23 dLen 2
01-05 20:33:41.380	          linker	[Debug]	        dji_protocol_v3.c:387  <0x9ac7>V3-Recv: 01:003F:001E:0x0400 -> 03:003F:001E:0x0503 0x0405, tLen 70 dLen 49
01-05 20:33:41.380	          linker	[Debug]	        dji_protocol_v3.c:506  1:0x0400 convert to 0004(0x0400)
01-05 20:33:41.380	          linker	[Debug]	        dji_protocol_v3.c:506  3:0x0503 convert to 0065(0x0503)
01-05 20:33:41.380	          linker	[Debug]	        dji_protocol_v3.c:387  <0x53c2>V3-Recv: 00:003F:001E:0x1204 -> 03:003F:001E:0x0503 0x22AD, tLen 68 dLen 47
01-05 20:33:41.380	          linker	[Debug]	        dji_protocol_v3.c:506  0:0x1204 convert to 0092(0x1204)
01-05 20:33:41.380	          linker	[Debug]	        dji_protocol_v3.c:506  3:0x0503 convert to 0065(0x0503)
01-05 20:33:41.381	          linker	[Debug]	            dji_command.c:1128  <0x9ac7>Receive msg from linker, 0x0400(0x0004)->0x0503(0x0065) 0x0405 len:49
01-05 20:33:41.381	          linker	[Debug]	            dji_command.c:980  received unsupport request cmd that noneed ack, <0x9ac7> cmdset: 0x04 cmdid: 0x05
01-05 20:33:41.382	          linker	[Debug]	            dji_command.c:1128  <0x53c2>Receive msg from linker, 0x1204(0x0092)->0x0503(0x0065) 0x22AD len:47
01-05 20:33:41.382	          linker	[Debug]	            dji_command.c:980  received unsupport request cmd that need ack, <0x53c2> cmdset: 0x22 cmdid: 0xAD
01-05 20:33:41.392	          linker	[Debug]	        dji_protocol_v3.c:387  <0x9b22>V3-Recv: 01:003F:001E:0x0400 -> 03:003F:001E:0x0503 0x0405, tLen 70 dLen 49
01-05 20:33:41.392	          linker	[Debug]	        dji_protocol_v3.c:506  1:0x0400 convert to 0004(0x0400)
01-05 20:33:41.392	          linker	[Debug]	        dji_protocol_v3.c:506  3:0x0503 convert to 0065(0x0503)
01-05 20:33:41.393	          linker	[Debug]	            dji_command.c:1128  <0x9b22>Receive msg from linker, 0x0400(0x0004)->0x0503(0x0065) 0x0405 len:49
01-05 20:33:41.393	          linker	[Debug]	            dji_command.c:980  received unsupport request cmd that noneed ack, <0x9b22> cmdset: 0x04 cmdid: 0x05
01-05 20:33:41.412	          linker	[Debug]	        dji_protocol_v3.c:387  <0x9b7c>V3-Recv: 01:003F:001E:0x0400 -> 03:003F:001E:0x0503 0x0405, tLen 70 dLen 49
01-05 20:33:41.412	          linker	[Debug]	        dji_protocol_v3.c:506  1:0x0400 convert to 0004(0x0400)
01-05 20:33:41.412	          linker	[Debug]	        dji_protocol_v3.c:506  3:0x0503 convert to 0065(0x0503)
01-05 20:33:41.412	          linker	[Debug]	            dji_command.c:1128  <0x9b7c>Receive msg from linker, 0x0400(0x0004)->0x0503(0x0065) 0x0405 len:49
01-05 20:33:41.412	          linker	[Debug]	            dji_command.c:980  received unsupport request cmd that noneed ack, <0x9b7c> cmdset: 0x04 cmdid: 0x05
01-05 20:33:41.432	          linker	[Debug]	        dji_protocol_v3.c:387  <0x9bd8>V3-Recv: 01:003F:001E:0x0400 -> 03:003F:001E:0x0503 0x0405, tLen 70 dLen 49
01-05 20:33:41.432	          linker	[Debug]	        dji_protocol_v3.c:506  1:0x0400 convert to 0004(0x0400)
01-05 20:33:41.432	          linker	[Debug]	        dji_protocol_v3.c:506  3:0x0503 convert to 0065(0x0503)
01-05 20:33:41.433	          linker	[Debug]	            dji_command.c:1128  <0x9bd8>Receive msg from linker, 0x0400(0x0004)->0x0503(0x0065) 0x0405 len:49
01-05 20:33:41.433	          linker	[Debug]	            dji_command.c:980  received unsupport request cmd that noneed ack, <0x9bd8> cmdset: 0x04 cmdid: 0x05
01-05 20:33:41.450	          linker	[Debug]	        dji_protocol_v3.c:387  <0x7099>V3-Recv: 00:003F:001E:0x0300 -> 03:003F:001E:0x0503 0x3C57, tLen 37 dLen 16
01-05 20:33:41.450	          linker	[Debug]	        dji_protocol_v3.c:506  0:0x0300 convert to 0003(0x0300)
01-05 20:33:41.450	          linker	[Debug]	        dji_protocol_v3.c:506  3:0x0503 convert to 0065(0x0503)
01-05 20:33:41.451	          linker	[Debug]	            dji_command.c:1128  <0x7099>Receive msg from linker, 0x0300(0x0003)->0x0503(0x0065) 0x3C57 len:16
01-05 20:33:41.451	          linker	[Debug]	            dji_command.c:980  received unsupport request cmd that noneed ack, <0x7099> cmdset: 0x3C cmdid: 0x57
01-05 20:33:41.451	           utils	[Debug]	          dji_root_task.c:131  work execution time:
01-05 20:33:41.451	           utils	[Debug]	          dji_root_task.c:132  name	                execution time (ms)	  max execution time (ms)
01-05 20:33:41.451	           utils	[Debug]	          dji_root_task.c:134  recorderWork                    	1       	1       
01-05 20:33:41.451	           utils	[Debug]	          dji_root_task.c:134  flowControllerTask              	1       	1       
01-05 20:33:41.451	           utils	[Debug]	          dji_root_task.c:134  commandTask                     	1       	2       
01-05 20:33:41.451	           utils	[Debug]	          dji_root_task.c:134  aircraftWorkNode                	1       	1       
01-05 20:33:41.451	           utils	[Debug]	          dji_root_task.c:134  dataBuriedPointTask             	0       	0       
01-05 20:33:41.451	           utils	[Debug]	          dji_root_task.c:134  StatePushWork                   	1       	4       
01-05 20:33:41.451	           utils	[Debug]	          dji_root_task.c:134  WidgetWork                      	0       	1       
01-05 20:33:41.451	           utils	[Debug]	          dji_root_task.c:134  hmsTask                         	0       	0       
01-05 20:33:41.459	          linker	[Debug]	        dji_protocol_v3.c:266  <0xc502>V3-Send: 03:003F:001E:0x0503 -> 00:003F:001E:0x0200 0x3C1F, tLen 58 dLen 37
01-05 20:33:41.469	          linker	[Debug]	        dji_protocol_v3.c:387  <0x9c34>V3-Recv: 01:003F:001E:0x0400 -> 03:003F:001E:0x0503 0x0405, tLen 70 dLen 49
01-05 20:33:41.469	          linker	[Debug]	        dji_protocol_v3.c:506  1:0x0400 convert to 0004(0x0400)
01-05 20:33:41.469	          linker	[Debug]	        dji_protocol_v3.c:506  3:0x0503 convert to 0065(0x0503)
01-05 20:33:41.469	          linker	[Debug]	        dji_protocol_v3.c:387  <0x53d4>V3-Recv: 00:003F:001E:0x1204 -> 03:003F:001E:0x0503 0x4900, tLen 23 dLen 2
01-05 20:33:41.469	          linker	[Debug]	        dji_protocol_v3.c:506  0:0x1204 convert to 0092(0x1204)
01-05 20:33:41.469	          linker	[Debug]	        dji_protocol_v3.c:506  3:0x0503 convert to 0065(0x0503)
01-05 20:33:41.469	          linker	[Debug]	            dji_command.c:1128  <0x9c34>Receive msg from linker, 0x0400(0x0004)->0x0503(0x0065) 0x0405 len:49
01-05 20:33:41.469	          linker	[Debug]	            dji_command.c:980  received unsupport request cmd that noneed ack, <0x9c34> cmdset: 0x04 cmdid: 0x05
01-05 20:33:41.471	          linker	[Debug]	            dji_command.c:1128  <0x53d4>Receive msg from linker, 0x1204(0x0092)->0x0503(0x0065) 0x4900 len:2
01-05 20:33:41.471	          linker	[Debug]	        dji_protocol_v3.c:266  <0x53d4>V3-Send: 03:003F:001E:0x0503 -> 00:003F:001E:0x1204 0x4900, tLen 23 dLen 2
01-05 20:33:41.472	          linker	[Debug]	        dji_protocol_v1.c:189  <0xc503>V1-Send: 0x0503->0x1007 0x198B
01-05 20:33:41.472	          linker	[Debug]	        dji_protocol_v3.c:266  <0xc504>V3-Send: 03:003F:001E:0x0503 -> 00:003F:001E:0x0200 0x3C10, tLen 85 dLen 64
01-05 20:33:41.472	          linker	[Debug]	        dji_protocol_v3.c:266  <0xc505>V3-Send: 03:003F:001E:0x0503 -> 00:003F:001E:0x0300 0x3C10, tLen 85 dLen 64
01-05 20:33:41.472	          linker	[Debug]	        dji_protocol_v3.c:266  <0xc506>V3-Send: 03:003F:001E:0x0503 -> 00:003F:001E:0x1104 0x3C10, tLen 85 dLen 64
01-05 20:33:41.472	          linker	[Debug]	        dji_protocol_v3.c:266  <0xc507>V3-Send: 03:003F:001E:0x0503 -> 00:003F:001E:0x0701 0x3C10, tLen 85 dLen 64
01-05 20:33:41.472	          linker	[Debug]	        dji_protocol_v3.c:266  <0xc508>V3-Send: 03:003F:001E:0x0503 -> 00:003F:001E:0x1100 0x3C10, tLen 85 dLen 64
01-05 20:33:41.480	          linker	[Debug]	        dji_protocol_v3.c:387  <0x9c8e>V3-Recv: 01:003F:001E:0x0400 -> 03:003F:001E:0x0503 0x0405, tLen 70 dLen 49
01-05 20:33:41.480	          linker	[Debug]	        dji_protocol_v3.c:506  1:0x0400 convert to 0004(0x0400)
01-05 20:33:41.480	          linker	[Debug]	        dji_protocol_v3.c:506  3:0x0503 convert to 0065(0x0503)
01-05 20:33:41.480	          linker	[Debug]	        dji_protocol_v3.c:387  <0x53d8>V3-Recv: 00:003F:001E:0x1204 -> 03:003F:001E:0x0503 0x22AD, tLen 68 dLen 47
01-05 20:33:41.480	          linker	[Debug]	        dji_protocol_v3.c:506  0:0x1204 convert to 0092(0x1204)
01-05 20:33:41.480	          linker	[Debug]	        dji_protocol_v3.c:506  3:0x0503 convert to 0065(0x0503)
01-05 20:33:41.480	          linker	[Debug]	            dji_command.c:1128  <0x9c8e>Receive msg from linker, 0x0400(0x0004)->0x0503(0x0065) 0x0405 len:49
01-05 20:33:41.480	          linker	[Debug]	            dji_command.c:980  received unsupport request cmd that noneed ack, <0x9c8e> cmdset: 0x04 cmdid: 0x05
01-05 20:33:41.481	          linker	[Debug]	            dji_command.c:1128  <0x53d8>Receive msg from linker, 0x1204(0x0092)->0x0503(0x0065) 0x22AD len:47
01-05 20:33:41.481	          linker	[Debug]	            dji_command.c:980  received unsupport request cmd that need ack, <0x53d8> cmdset: 0x22 cmdid: 0xAD
01-05 20:33:41.492	          linker	[Debug]	        dji_protocol_v3.c:387  <0x9ce8>V3-Recv: 01:003F:001E:0x0400 -> 03:003F:001E:0x0503 0x0405, tLen 70 dLen 49
01-05 20:33:41.492	          linker	[Debug]	        dji_protocol_v3.c:506  1:0x0400 convert to 0004(0x0400)
01-05 20:33:41.492	          linker	[Debug]	        dji_protocol_v3.c:506  3:0x0503 convert to 0065(0x0503)
01-05 20:33:41.493	          linker	[Debug]	            dji_command.c:1128  <0x9ce8>Receive msg from linker, 0x0400(0x0004)->0x0503(0x0065) 0x0405 len:49
01-05 20:33:41.493	          linker	[Debug]	            dji_command.c:980  received unsupport request cmd that noneed ack, <0x9ce8> cmdset: 0x04 cmdid: 0x05
01-05 20:33:41.517	          linker	[Debug]	        dji_protocol_v3.c:387  <0x9d42>V3-Recv: 01:003F:001E:0x0400 -> 03:003F:001E:0x0503 0x0405, tLen 70 dLen 49
01-05 20:33:41.517	          linker	[Debug]	        dji_protocol_v3.c:506  1:0x0400 convert to 0004(0x0400)
01-05 20:33:41.517	          linker	[Debug]	        dji_protocol_v3.c:506  3:0x0503 convert to 0065(0x0503)
01-05 20:33:41.518	          linker	[Debug]	            dji_command.c:1128  <0x9d42>Receive msg from linker, 0x0400(0x0004)->0x0503(0x0065) 0x0405 len:49
01-05 20:33:41.518	          linker	[Debug]	            dji_command.c:980  received unsupport request cmd that noneed ack, <0x9d42> cmdset: 0x04 cmdid: 0x05
01-05 20:33:41.532	          linker	[Debug]	        dji_protocol_v3.c:387  <0x9d9e>V3-Recv: 01:003F:001E:0x0400 -> 03:003F:001E:0x0503 0x0405, tLen 70 dLen 49
01-05 20:33:41.532	          linker	[Debug]	        dji_protocol_v3.c:506  1:0x0400 convert to 0004(0x0400)
01-05 20:33:41.532	          linker	[Debug]	        dji_protocol_v3.c:506  3:0x0503 convert to 0065(0x0503)
01-05 20:33:41.532	          linker	[Debug]	            dji_command.c:1128  <0x9d9e>Receive msg from linker, 0x0400(0x0004)->0x0503(0x0065) 0x0405 len:49
01-05 20:33:41.532	          linker	[Debug]	            dji_command.c:980  received unsupport request cmd that noneed ack, <0x9d9e> cmdset: 0x04 cmdid: 0x05
01-05 20:33:41.535	          linker	[Debug]	        dji_protocol_v3.c:266  <0xc509>V3-Send: 03:003F:001E:0x0503 -> 00:003F:001E:0x0200 0x3C1B, tLen 77 dLen 56
01-05 20:33:41.552	          linker	[Debug]	        dji_protocol_v3.c:387  <0x9dfa>V3-Recv: 01:003F:001E:0x0400 -> 03:003F:001E:0x0503 0x0405, tLen 70 dLen 49
01-05 20:33:41.552	          linker	[Debug]	        dji_protocol_v3.c:506  1:0x0400 convert to 0004(0x0400)
01-05 20:33:41.552	          linker	[Debug]	        dji_protocol_v3.c:506  3:0x0503 convert to 0065(0x0503)
01-05 20:33:41.553	          linker	[Debug]	            dji_command.c:1128  <0x9dfa>Receive msg from linker, 0x0400(0x0004)->0x0503(0x0065) 0x0405 len:49
01-05 20:33:41.553	          linker	[Debug]	            dji_command.c:980  received unsupport request cmd that noneed ack, <0x9dfa> cmdset: 0x04 cmdid: 0x05
01-05 20:33:41.568	          linker	[Debug]	        dji_protocol_v3.c:387  <0x53e4>V3-Recv: 00:003F:001E:0x1204 -> 03:003F:001E:0x0503 0x4900, tLen 23 dLen 2
01-05 20:33:41.568	          linker	[Debug]	        dji_protocol_v3.c:506  0:0x1204 convert to 0092(0x1204)
01-05 20:33:41.568	          linker	[Debug]	        dji_protocol_v3.c:506  3:0x0503 convert to 0065(0x0503)
01-05 20:33:41.569	          linker	[Debug]	            dji_command.c:1128  <0x53e4>Receive msg from linker, 0x1204(0x0092)->0x0503(0x0065) 0x4900 len:2
01-05 20:33:41.569	          linker	[Debug]	        dji_protocol_v3.c:266  <0x53e4>V3-Send: 03:003F:001E:0x0503 -> 00:003F:001E:0x1204 0x4900, tLen 23 dLen 2
01-05 20:33:41.580	          linker	[Debug]	        dji_protocol_v3.c:387  <0x9e54>V3-Recv: 01:003F:001E:0x0400 -> 03:003F:001E:0x0503 0x0405, tLen 70 dLen 49
01-05 20:33:41.580	          linker	[Debug]	        dji_protocol_v3.c:506  1:0x0400 convert to 0004(0x0400)
01-05 20:33:41.580	          linker	[Debug]	        dji_protocol_v3.c:506  3:0x0503 convert to 0065(0x0503)
01-05 20:33:41.580	          linker	[Debug]	        dji_protocol_v3.c:387  <0x53e8>V3-Recv: 00:003F:001E:0x1204 -> 03:003F:001E:0x0503 0x22AD, tLen 68 dLen 47
01-05 20:33:41.580	          linker	[Debug]	        dji_protocol_v3.c:506  0:0x1204 convert to 0092(0x1204)
01-05 20:33:41.580	          linker	[Debug]	        dji_protocol_v3.c:506  3:0x0503 convert to 0065(0x0503)
01-05 20:33:41.581	          linker	[Debug]	            dji_command.c:1128  <0x9e54>Receive msg from linker, 0x0400(0x0004)->0x0503(0x0065) 0x0405 len:49
01-05 20:33:41.581	          linker	[Debug]	            dji_command.c:980  received unsupport request cmd that noneed ack, <0x9e54> cmdset: 0x04 cmdid: 0x05
01-05 20:33:41.582	          linker	[Debug]	            dji_command.c:1128  <0x53e8>Receive msg from linker, 0x1204(0x0092)->0x0503(0x0065) 0x22AD len:47
01-05 20:33:41.582	          linker	[Debug]	            dji_command.c:980  received unsupport request cmd that need ack, <0x53e8> cmdset: 0x22 cmdid: 0xAD
01-05 20:33:41.592	          linker	[Debug]	        dji_protocol_v3.c:387  <0x9eae>V3-Recv: 01:003F:001E:0x0400 -> 03:003F:001E:0x0503 0x0405, tLen 70 dLen 49
01-05 20:33:41.592	          linker	[Debug]	        dji_protocol_v3.c:506  1:0x0400 convert to 0004(0x0400)
01-05 20:33:41.592	          linker	[Debug]	        dji_protocol_v3.c:506  3:0x0503 convert to 0065(0x0503)
01-05 20:33:41.593	          linker	[Debug]	            dji_command.c:1128  <0x9eae>Receive msg from linker, 0x0400(0x0004)->0x0503(0x0065) 0x0405 len:49
01-05 20:33:41.593	          linker	[Debug]	            dji_command.c:980  received unsupport request cmd that noneed ack, <0x9eae> cmdset: 0x04 cmdid: 0x05
01-05 20:33:41.605	          linker	[Debug]	        dji_protocol_v3.c:387  <0x297f>V3-Recv: 00:003F:001E:0x0801 -> 03:003F:001E:0x0503 0x0099, tLen 65 dLen 44
01-05 20:33:41.605	          linker	[Debug]	        dji_protocol_v3.c:506  0:0x0801 convert to 0028(0x0801)
01-05 20:33:41.606	          linker	[Debug]	        dji_protocol_v3.c:506  3:0x0503 convert to 0065(0x0503)
01-05 20:33:41.606	          linker	[Debug]	            dji_command.c:1128  <0x297f>Receive msg from linker, 0x0801(0x0028)->0x0503(0x0065) 0x0099 len:44
01-05 20:33:41.618	          linker	[Debug]	        dji_protocol_v3.c:387  <0x2980>V3-Recv: 00:003F:001E:0x0801 -> 03:003F:001E:0x0503 0x0099, tLen 98 dLen 77
01-05 20:33:41.618	          linker	[Debug]	        dji_protocol_v3.c:506  0:0x0801 convert to 0028(0x0801)
01-05 20:33:41.618	          linker	[Debug]	        dji_protocol_v3.c:506  3:0x0503 convert to 0065(0x0503)
01-05 20:33:41.618	          linker	[Debug]	        dji_protocol_v3.c:387  <0x9f08>V3-Recv: 01:003F:001E:0x0400 -> 03:003F:001E:0x0503 0x0405, tLen 70 dLen 49
01-05 20:33:41.618	          linker	[Debug]	        dji_protocol_v3.c:506  1:0x0400 convert to 0004(0x0400)
01-05 20:33:41.618	          linker	[Debug]	        dji_protocol_v3.c:506  3:0x0503 convert to 0065(0x0503)
01-05 20:33:41.619	          linker	[Debug]	            dji_command.c:1128  <0x2980>Receive msg from linker, 0x0801(0x0028)->0x0503(0x0065) 0x0099 len:77
01-05 20:33:41.620	          linker	[Debug]	            dji_command.c:1128  <0x9f08>Receive msg from linker, 0x0400(0x0004)->0x0503(0x0065) 0x0405 len:49
01-05 20:33:41.620	          linker	[Debug]	            dji_command.c:980  received unsupport request cmd that noneed ack, <0x9f08> cmdset: 0x04 cmdid: 0x05
01-05 20:33:41.632	          linker	[Debug]	        dji_protocol_v3.c:387  <0x9f66>V3-Recv: 01:003F:001E:0x0400 -> 03:003F:001E:0x0503 0x0405, tLen 70 dLen 49
01-05 20:33:41.632	          linker	[Debug]	        dji_protocol_v3.c:506  1:0x0400 convert to 0004(0x0400)
01-05 20:33:41.632	          linker	[Debug]	        dji_protocol_v3.c:506  3:0x0503 convert to 0065(0x0503)
01-05 20:33:41.633	          linker	[Debug]	            dji_command.c:1128  <0x9f66>Receive msg from linker, 0x0400(0x0004)->0x0503(0x0065) 0x0405 len:49
01-05 20:33:41.633	          linker	[Debug]	            dji_command.c:980  received unsupport request cmd that noneed ack, <0x9f66> cmdset: 0x04 cmdid: 0x05
01-05 20:33:41.650	          linker	[Debug]	        dji_protocol_v3.c:387  <0x720f>V3-Recv: 00:003F:001E:0x0300 -> 03:003F:001E:0x0503 0x3C57, tLen 37 dLen 16
01-05 20:33:41.650	          linker	[Debug]	        dji_protocol_v3.c:506  0:0x0300 convert to 0003(0x0300)
01-05 20:33:41.651	          linker	[Debug]	        dji_protocol_v3.c:506  3:0x0503 convert to 0065(0x0503)
01-05 20:33:41.651	          linker	[Debug]	            dji_command.c:1128  <0x720f>Receive msg from linker, 0x0300(0x0003)->0x0503(0x0065) 0x3C57 len:16
01-05 20:33:41.651	          linker	[Debug]	            dji_command.c:980  received unsupport request cmd that noneed ack, <0x720f> cmdset: 0x3C cmdid: 0x57
01-05 20:33:41.659	          linker	[Debug]	        dji_protocol_v3.c:266  <0xc50a>V3-Send: 03:003F:001E:0x0503 -> 00:003F:001E:0x0200 0x3C1F, tLen 58 dLen 37
01-05 20:33:41.669	          linker	[Debug]	        dji_protocol_v3.c:387  <0x9fc3>V3-Recv: 01:003F:001E:0x0400 -> 03:003F:001E:0x0503 0x0405, tLen 70 dLen 49
01-05 20:33:41.669	          linker	[Debug]	        dji_protocol_v3.c:506  1:0x0400 convert to 0004(0x0400)
01-05 20:33:41.669	          linker	[Debug]	        dji_protocol_v3.c:506  3:0x0503 convert to 0065(0x0503)
01-05 20:33:41.669	          linker	[Debug]	        dji_protocol_v3.c:387  <0x53f4>V3-Recv: 00:003F:001E:0x1204 -> 03:003F:001E:0x0503 0x4900, tLen 23 dLen 2
01-05 20:33:41.669	          linker	[Debug]	        dji_protocol_v3.c:506  0:0x1204 convert to 0092(0x1204)
01-05 20:33:41.669	          linker	[Debug]	        dji_protocol_v3.c:506  3:0x0503 convert to 0065(0x0503)
01-05 20:33:41.670	          linker	[Debug]	            dji_command.c:1128  <0x9fc3>Receive msg from linker, 0x0400(0x0004)->0x0503(0x0065) 0x0405 len:49
01-05 20:33:41.670	          linker	[Debug]	            dji_command.c:980  received unsupport request cmd that noneed ack, <0x9fc3> cmdset: 0x04 cmdid: 0x05
01-05 20:33:41.671	          linker	[Debug]	            dji_command.c:1128  <0x53f4>Receive msg from linker, 0x1204(0x0092)->0x0503(0x0065) 0x4900 len:2
01-05 20:33:41.671	          linker	[Debug]	        dji_protocol_v3.c:266  <0x53f4>V3-Send: 03:003F:001E:0x0503 -> 00:003F:001E:0x1204 0x4900, tLen 23 dLen 2
01-05 20:33:41.680	          linker	[Debug]	        dji_protocol_v3.c:387  <0xa01d>V3-Recv: 01:003F:001E:0x0400 -> 03:003F:001E:0x0503 0x0405, tLen 70 dLen 49
01-05 20:33:41.680	          linker	[Debug]	        dji_protocol_v3.c:506  1:0x0400 convert to 0004(0x0400)
01-05 20:33:41.680	          linker	[Debug]	        dji_protocol_v3.c:506  3:0x0503 convert to 0065(0x0503)
01-05 20:33:41.680	          linker	[Debug]	        dji_protocol_v3.c:387  <0x53f8>V3-Recv: 00:003F:001E:0x1204 -> 03:003F:001E:0x0503 0x22AD, tLen 68 dLen 47
01-05 20:33:41.680	          linker	[Debug]	        dji_protocol_v3.c:506  0:0x1204 convert to 0092(0x1204)
01-05 20:33:41.680	          linker	[Debug]	        dji_protocol_v3.c:506  3:0x0503 convert to 0065(0x0503)
01-05 20:33:41.681	          linker	[Debug]	            dji_command.c:1128  <0xa01d>Receive msg from linker, 0x0400(0x0004)->0x0503(0x0065) 0x0405 len:49
01-05 20:33:41.681	          linker	[Debug]	            dji_command.c:980  received unsupport request cmd that noneed ack, <0xa01d> cmdset: 0x04 cmdid: 0x05
01-05 20:33:41.682	          linker	[Debug]	            dji_command.c:1128  <0x53f8>Receive msg from linker, 0x1204(0x0092)->0x0503(0x0065) 0x22AD len:47
01-05 20:33:41.682	          linker	[Debug]	            dji_command.c:980  received unsupport request cmd that need ack, <0x53f8> cmdset: 0x22 cmdid: 0xAD
01-05 20:33:41.689	          linker	[Debug]	        dji_protocol_v1.c:189  <0xc50b>V1-Send: 0x0503->0x1007 0x198B
01-05 20:33:41.689	          linker	[Debug]	        dji_protocol_v3.c:266  <0xc50c>V3-Send: 03:003F:001E:0x0503 -> 00:003F:001E:0x0200 0x3C10, tLen 85 dLen 64
01-05 20:33:41.690	          linker	[Debug]	        dji_protocol_v3.c:266  <0xc50d>V3-Send: 03:003F:001E:0x0503 -> 00:003F:001E:0x0300 0x3C10, tLen 85 dLen 64
01-05 20:33:41.690	          linker	[Debug]	        dji_protocol_v3.c:266  <0xc50e>V3-Send: 03:003F:001E:0x0503 -> 00:003F:001E:0x1104 0x3C10, tLen 85 dLen 64
01-05 20:33:41.690	          linker	[Debug]	        dji_protocol_v3.c:266  <0xc50f>V3-Send: 03:003F:001E:0x0503 -> 00:003F:001E:0x0701 0x3C10, tLen 85 dLen 64
01-05 20:33:41.690	          linker	[Debug]	        dji_protocol_v3.c:266  <0xc510>V3-Send: 03:003F:001E:0x0503 -> 00:003F:001E:0x1100 0x3C10, tLen 85 dLen 64
01-05 20:33:41.692	          linker	[Debug]	        dji_protocol_v3.c:387  <0xa077>V3-Recv: 01:003F:001E:0x0400 -> 03:003F:001E:0x0503 0x0405, tLen 70 dLen 49
01-05 20:33:41.692	          linker	[Debug]	        dji_protocol_v3.c:506  1:0x0400 convert to 0004(0x0400)
01-05 20:33:41.692	          linker	[Debug]	        dji_protocol_v3.c:506  3:0x0503 convert to 0065(0x0503)
01-05 20:33:41.692	          linker	[Debug]	            dji_command.c:1128  <0xa077>Receive msg from linker, 0x0400(0x0004)->0x0503(0x0065) 0x0405 len:49
01-05 20:33:41.692	          linker	[Debug]	            dji_command.c:980  received unsupport request cmd that noneed ack, <0xa077> cmdset: 0x04 cmdid: 0x05
01-05 20:33:41.712	          linker	[Debug]	        dji_protocol_v3.c:387  <0xa0d1>V3-Recv: 01:003F:001E:0x0400 -> 03:003F:001E:0x0503 0x0405, tLen 70 dLen 49
01-05 20:33:41.712	          linker	[Debug]	        dji_protocol_v3.c:506  1:0x0400 convert to 0004(0x0400)
01-05 20:33:41.712	          linker	[Debug]	        dji_protocol_v3.c:506  3:0x0503 convert to 0065(0x0503)
01-05 20:33:41.713	          linker	[Debug]	            dji_command.c:1128  <0xa0d1>Receive msg from linker, 0x0400(0x0004)->0x0503(0x0065) 0x0405 len:49
01-05 20:33:41.713	          linker	[Debug]	            dji_command.c:980  received unsupport request cmd that noneed ack, <0xa0d1> cmdset: 0x04 cmdid: 0x05
01-05 20:33:41.732	          linker	[Debug]	        dji_protocol_v3.c:387  <0xa12d>V3-Recv: 01:003F:001E:0x0400 -> 03:003F:001E:0x0503 0x0405, tLen 70 dLen 49
01-05 20:33:41.732	          linker	[Debug]	        dji_protocol_v3.c:506  1:0x0400 convert to 0004(0x0400)
01-05 20:33:41.732	          linker	[Debug]	        dji_protocol_v3.c:506  3:0x0503 convert to 0065(0x0503)
01-05 20:33:41.732	          linker	[Debug]	            dji_command.c:1128  <0xa12d>Receive msg from linker, 0x0400(0x0004)->0x0503(0x0065) 0x0405 len:49
01-05 20:33:41.732	          linker	[Debug]	            dji_command.c:980  received unsupport request cmd that noneed ack, <0xa12d> cmdset: 0x04 cmdid: 0x05
01-05 20:33:41.752	          linker	[Debug]	        dji_protocol_v3.c:387  <0xa18a>V3-Recv: 01:003F:001E:0x0400 -> 03:003F:001E:0x0503 0x0405, tLen 70 dLen 49
01-05 20:33:41.752	          linker	[Debug]	        dji_protocol_v3.c:506  1:0x0400 convert to 0004(0x0400)
01-05 20:33:41.752	          linker	[Debug]	        dji_protocol_v3.c:506  3:0x0503 convert to 0065(0x0503)
01-05 20:33:41.753	          linker	[Debug]	            dji_command.c:1128  <0xa18a>Receive msg from linker, 0x0400(0x0004)->0x0503(0x0065) 0x0405 len:49
01-05 20:33:41.753	          linker	[Debug]	            dji_command.c:980  received unsupport request cmd that noneed ack, <0xa18a> cmdset: 0x04 cmdid: 0x05
01-05 20:33:41.753	          linker	[Debug]	        dji_protocol_v3.c:266  <0xc511>V3-Send: 03:003F:001E:0x0503 -> 00:003F:001E:0x0200 0x3C1B, tLen 77 dLen 56
01-05 20:33:41.767	          linker	[Debug]	        dji_protocol_v3.c:387  <0x5404>V3-Recv: 00:003F:001E:0x1204 -> 03:003F:001E:0x0503 0x4900, tLen 23 dLen 2
01-05 20:33:41.768	          linker	[Debug]	        dji_protocol_v3.c:506  0:0x1204 convert to 0092(0x1204)
01-05 20:33:41.768	          linker	[Debug]	        dji_protocol_v3.c:506  3:0x0503 convert to 0065(0x0503)
01-05 20:33:41.768	          linker	[Debug]	            dji_command.c:1128  <0x5404>Receive msg from linker, 0x1204(0x0092)->0x0503(0x0065) 0x4900 len:2
01-05 20:33:41.768	          linker	[Debug]	        dji_protocol_v3.c:266  <0x5404>V3-Send: 03:003F:001E:0x0503 -> 00:003F:001E:0x1204 0x4900, tLen 23 dLen 2
01-05 20:33:41.780	          linker	[Debug]	        dji_protocol_v3.c:387  <0xa1e4>V3-Recv: 01:003F:001E:0x0400 -> 03:003F:001E:0x0503 0x0405, tLen 70 dLen 49
01-05 20:33:41.780	          linker	[Debug]	        dji_protocol_v3.c:506  1:0x0400 convert to 0004(0x0400)
01-05 20:33:41.780	          linker	[Debug]	        dji_protocol_v3.c:506  3:0x0503 convert to 0065(0x0503)
01-05 20:33:41.780	          linker	[Debug]	        dji_protocol_v3.c:387  <0x5408>V3-Recv: 00:003F:001E:0x1204 -> 03:003F:001E:0x0503 0x22AD, tLen 68 dLen 47
01-05 20:33:41.780	          linker	[Debug]	        dji_protocol_v3.c:506  0:0x1204 convert to 0092(0x1204)
01-05 20:33:41.780	          linker	[Debug]	        dji_protocol_v3.c:506  3:0x0503 convert to 0065(0x0503)
01-05 20:33:41.780	          linker	[Debug]	            dji_command.c:1128  <0xa1e4>Receive msg from linker, 0x0400(0x0004)->0x0503(0x0065) 0x0405 len:49
01-05 20:33:41.780	          linker	[Debug]	            dji_command.c:980  received unsupport request cmd that noneed ack, <0xa1e4> cmdset: 0x04 cmdid: 0x05
01-05 20:33:41.781	          linker	[Debug]	            dji_command.c:1128  <0x5408>Receive msg from linker, 0x1204(0x0092)->0x0503(0x0065) 0x22AD len:47
01-05 20:33:41.781	          linker	[Debug]	            dji_command.c:980  received unsupport request cmd that need ack, <0x5408> cmdset: 0x22 cmdid: 0xAD
01-05 20:33:41.792	          linker	[Debug]	        dji_protocol_v3.c:387  <0xa23e>V3-Recv: 01:003F:001E:0x0400 -> 03:003F:001E:0x0503 0x0405, tLen 70 dLen 49
01-05 20:33:41.792	          linker	[Debug]	        dji_protocol_v3.c:506  1:0x0400 convert to 0004(0x0400)
01-05 20:33:41.792	          linker	[Debug]	        dji_protocol_v3.c:506  3:0x0503 convert to 0065(0x0503)
01-05 20:33:41.792	          linker	[Debug]	            dji_command.c:1128  <0xa23e>Receive msg from linker, 0x0400(0x0004)->0x0503(0x0065) 0x0405 len:49
01-05 20:33:41.792	          linker	[Debug]	            dji_command.c:980  received unsupport request cmd that noneed ack, <0xa23e> cmdset: 0x04 cmdid: 0x05
01-05 20:33:41.802	          linker	[Debug]	        dji_protocol_v1.c:309  <0x2035>V1-Recv: 0x0A06->0x0503 0x0866
01-05 20:33:41.802	          linker	[Debug]	            dji_command.c:1128  <0x2035>Receive msg from linker, 0x0A06(0x00CA)->0x0503(0x0065) 0x0866 len:96
01-05 20:33:41.802	          linker	[Debug]	            dji_command.c:980  received unsupport request cmd that noneed ack, <0x2035> cmdset: 0x08 cmdid: 0x66
01-05 20:33:41.805	          linker	[Debug]	        dji_protocol_v3.c:387  <0x2981>V3-Recv: 00:003F:001E:0x0801 -> 03:003F:001E:0x0503 0x0099, tLen 70 dLen 49
01-05 20:33:41.805	          linker	[Debug]	        dji_protocol_v3.c:506  0:0x0801 convert to 0028(0x0801)
01-05 20:33:41.805	          linker	[Debug]	        dji_protocol_v3.c:506  3:0x0503 convert to 0065(0x0503)
01-05 20:33:41.806	          linker	[Debug]	            dji_command.c:1128  <0x2981>Receive msg from linker, 0x0801(0x0028)->0x0503(0x0065) 0x0099 len:49
01-05 20:33:41.818	          linker	[Debug]	        dji_protocol_v3.c:387  <0x2982>V3-Recv: 00:003F:001E:0x0801 -> 03:003F:001E:0x0503 0x0099, tLen 56 dLen 35
01-05 20:33:41.818	          linker	[Debug]	        dji_protocol_v3.c:506  0:0x0801 convert to 0028(0x0801)
01-05 20:33:41.819	          linker	[Debug]	        dji_protocol_v3.c:506  3:0x0503 convert to 0065(0x0503)
01-05 20:33:41.819	          linker	[Debug]	        dji_protocol_v3.c:387  <0xa298>V3-Recv: 01:003F:001E:0x0400 -> 03:003F:001E:0x0503 0x0405, tLen 70 dLen 49
01-05 20:33:41.819	          linker	[Debug]	        dji_protocol_v3.c:506  1:0x0400 convert to 0004(0x0400)
01-05 20:33:41.819	          linker	[Debug]	        dji_protocol_v3.c:506  3:0x0503 convert to 0065(0x0503)
01-05 20:33:41.819	          linker	[Debug]	            dji_command.c:1128  <0x2982>Receive msg from linker, 0x0801(0x0028)->0x0503(0x0065) 0x0099 len:35
01-05 20:33:41.820	          linker	[Debug]	            dji_command.c:1128  <0xa298>Receive msg from linker, 0x0400(0x0004)->0x0503(0x0065) 0x0405 len:49
01-05 20:33:41.820	          linker	[Debug]	            dji_command.c:980  received unsupport request cmd that noneed ack, <0xa298> cmdset: 0x04 cmdid: 0x05
01-05 20:33:41.832	          linker	[Debug]	        dji_protocol_v3.c:387  <0xa2f4>V3-Recv: 01:003F:001E:0x0400 -> 03:003F:001E:0x0503 0x0405, tLen 70 dLen 49
01-05 20:33:41.832	          linker	[Debug]	        dji_protocol_v3.c:506  1:0x0400 convert to 0004(0x0400)
01-05 20:33:41.832	          linker	[Debug]	        dji_protocol_v3.c:506  3:0x0503 convert to 0065(0x0503)
01-05 20:33:41.832	          linker	[Debug]	            dji_command.c:1128  <0xa2f4>Receive msg from linker, 0x0400(0x0004)->0x0503(0x0065) 0x0405 len:49
01-05 20:33:41.832	          linker	[Debug]	            dji_command.c:980  received unsupport request cmd that noneed ack, <0xa2f4> cmdset: 0x04 cmdid: 0x05
01-05 20:33:41.850	          linker	[Debug]	        dji_protocol_v3.c:387  <0x7382>V3-Recv: 00:003F:001E:0x0300 -> 03:003F:001E:0x0503 0x3C57, tLen 37 dLen 16
01-05 20:33:41.851	          linker	[Debug]	        dji_protocol_v3.c:506  0:0x0300 convert to 0003(0x0300)
01-05 20:33:41.851	          linker	[Debug]	        dji_protocol_v3.c:506  3:0x0503 convert to 0065(0x0503)
01-05 20:33:41.851	          linker	[Debug]	            dji_command.c:1128  <0x7382>Receive msg from linker, 0x0300(0x0003)->0x0503(0x0065) 0x3C57 len:16
01-05 20:33:41.851	          linker	[Debug]	            dji_command.c:980  received unsupport request cmd that noneed ack, <0x7382> cmdset: 0x3C cmdid: 0x57
01-05 20:33:41.860	          linker	[Debug]	        dji_protocol_v3.c:266  <0xc512>V3-Send: 03:003F:001E:0x0503 -> 00:003F:001E:0x0200 0x3C1F, tLen 58 dLen 37
01-05 20:33:41.869	          linker	[Debug]	        dji_protocol_v3.c:387  <0xa350>V3-Recv: 01:003F:001E:0x0400 -> 03:003F:001E:0x0503 0x0405, tLen 70 dLen 49
01-05 20:33:41.869	          linker	[Debug]	        dji_protocol_v3.c:506  1:0x0400 convert to 0004(0x0400)
01-05 20:33:41.869	          linker	[Debug]	        dji_protocol_v3.c:506  3:0x0503 convert to 0065(0x0503)
01-05 20:33:41.869	          linker	[Debug]	        dji_protocol_v3.c:387  <0x5414>V3-Recv: 00:003F:001E:0x1204 -> 03:003F:001E:0x0503 0x4900, tLen 23 dLen 2
01-05 20:33:41.869	          linker	[Debug]	        dji_protocol_v3.c:506  0:0x1204 convert to 0092(0x1204)
01-05 20:33:41.869	          linker	[Debug]	        dji_protocol_v3.c:506  3:0x0503 convert to 0065(0x0503)
01-05 20:33:41.870	          linker	[Debug]	            dji_command.c:1128  <0xa350>Receive msg from linker, 0x0400(0x0004)->0x0503(0x0065) 0x0405 len:49
01-05 20:33:41.870	          linker	[Debug]	            dji_command.c:980  received unsupport request cmd that noneed ack, <0xa350> cmdset: 0x04 cmdid: 0x05
01-05 20:33:41.871	          linker	[Debug]	            dji_command.c:1128  <0x5414>Receive msg from linker, 0x1204(0x0092)->0x0503(0x0065) 0x4900 len:2
01-05 20:33:41.871	          linker	[Debug]	        dji_protocol_v3.c:266  <0x5414>V3-Send: 03:003F:001E:0x0503 -> 00:003F:001E:0x1204 0x4900, tLen 23 dLen 2
01-05 20:33:41.880	          linker	[Debug]	        dji_protocol_v3.c:387  <0xa3aa>V3-Recv: 01:003F:001E:0x0400 -> 03:003F:001E:0x0503 0x0405, tLen 70 dLen 49
01-05 20:33:41.880	          linker	[Debug]	        dji_protocol_v3.c:506  1:0x0400 convert to 0004(0x0400)
01-05 20:33:41.880	          linker	[Debug]	        dji_protocol_v3.c:506  3:0x0503 convert to 0065(0x0503)
01-05 20:33:41.880	          linker	[Debug]	        dji_protocol_v3.c:387  <0x5418>V3-Recv: 00:003F:001E:0x1204 -> 03:003F:001E:0x0503 0x22AD, tLen 68 dLen 47
01-05 20:33:41.880	          linker	[Debug]	        dji_protocol_v3.c:506  0:0x1204 convert to 0092(0x1204)
01-05 20:33:41.880	          linker	[Debug]	        dji_protocol_v3.c:506  3:0x0503 convert to 0065(0x0503)
01-05 20:33:41.881	          linker	[Debug]	            dji_command.c:1128  <0xa3aa>Receive msg from linker, 0x0400(0x0004)->0x0503(0x0065) 0x0405 len:49
01-05 20:33:41.881	          linker	[Debug]	            dji_command.c:980  received unsupport request cmd that noneed ack, <0xa3aa> cmdset: 0x04 cmdid: 0x05
01-05 20:33:41.882	          linker	[Debug]	            dji_command.c:1128  <0x5418>Receive msg from linker, 0x1204(0x0092)->0x0503(0x0065) 0x22AD len:47
01-05 20:33:41.882	          linker	[Debug]	            dji_command.c:980  received unsupport request cmd that need ack, <0x5418> cmdset: 0x22 cmdid: 0xAD
01-05 20:33:41.892	          linker	[Debug]	        dji_protocol_v3.c:387  <0xa405>V3-Recv: 01:003F:001E:0x0400 -> 03:003F:001E:0x0503 0x0405, tLen 70 dLen 49
01-05 20:33:41.892	          linker	[Debug]	        dji_protocol_v3.c:506  1:0x0400 convert to 0004(0x0400)
01-05 20:33:41.892	          linker	[Debug]	        dji_protocol_v3.c:506  3:0x0503 convert to 0065(0x0503)
01-05 20:33:41.892	          linker	[Debug]	            dji_command.c:1128  <0xa405>Receive msg from linker, 0x0400(0x0004)->0x0503(0x0065) 0x0405 len:49
01-05 20:33:41.893	          linker	[Debug]	            dji_command.c:980  received unsupport request cmd that noneed ack, <0xa405> cmdset: 0x04 cmdid: 0x05
01-05 20:33:41.906	          linker	[Debug]	        dji_protocol_v1.c:189  <0xc513>V1-Send: 0x0503->0x1007 0x198B
01-05 20:33:41.907	          linker	[Debug]	        dji_protocol_v3.c:266  <0xc514>V3-Send: 03:003F:001E:0x0503 -> 00:003F:001E:0x0200 0x3C10, tLen 85 dLen 64
01-05 20:33:41.907	          linker	[Debug]	        dji_protocol_v3.c:266  <0xc515>V3-Send: 03:003F:001E:0x0503 -> 00:003F:001E:0x0300 0x3C10, tLen 85 dLen 64
01-05 20:33:41.907	          linker	[Debug]	        dji_protocol_v3.c:266  <0xc516>V3-Send: 03:003F:001E:0x0503 -> 00:003F:001E:0x1104 0x3C10, tLen 85 dLen 64
01-05 20:33:41.907	          linker	[Debug]	        dji_protocol_v3.c:266  <0xc517>V3-Send: 03:003F:001E:0x0503 -> 00:003F:001E:0x0701 0x3C10, tLen 85 dLen 64
01-05 20:33:41.907	          linker	[Debug]	        dji_protocol_v3.c:266  <0xc518>V3-Send: 03:003F:001E:0x0503 -> 00:003F:001E:0x1100 0x3C10, tLen 85 dLen 64
01-05 20:33:41.912	          linker	[Debug]	        dji_protocol_v3.c:387  <0xa45f>V3-Recv: 01:003F:001E:0x0400 -> 03:003F:001E:0x0503 0x0405, tLen 70 dLen 49
01-05 20:33:41.912	          linker	[Debug]	        dji_protocol_v3.c:506  1:0x0400 convert to 0004(0x0400)
01-05 20:33:41.912	          linker	[Debug]	        dji_protocol_v3.c:506  3:0x0503 convert to 0065(0x0503)
01-05 20:33:41.913	          linker	[Debug]	            dji_command.c:1128  <0xa45f>Receive msg from linker, 0x0400(0x0004)->0x0503(0x0065) 0x0405 len:49
01-05 20:33:41.913	          linker	[Debug]	            dji_command.c:980  received unsupport request cmd that noneed ack, <0xa45f> cmdset: 0x04 cmdid: 0x05
01-05 20:33:41.932	          linker	[Debug]	        dji_protocol_v3.c:387  <0xa4bb>V3-Recv: 01:003F:001E:0x0400 -> 03:003F:001E:0x0503 0x0405, tLen 70 dLen 49
01-05 20:33:41.932	          linker	[Debug]	        dji_protocol_v3.c:506  1:0x0400 convert to 0004(0x0400)
01-05 20:33:41.932	          linker	[Debug]	        dji_protocol_v3.c:506  3:0x0503 convert to 0065(0x0503)
01-05 20:33:41.932	          linker	[Debug]	            dji_command.c:1128  <0xa4bb>Receive msg from linker, 0x0400(0x0004)->0x0503(0x0065) 0x0405 len:49
01-05 20:33:41.932	          linker	[Debug]	            dji_command.c:980  received unsupport request cmd that noneed ack, <0xa4bb> cmdset: 0x04 cmdid: 0x05
01-05 20:33:41.952	          linker	[Debug]	        dji_protocol_v3.c:387  <0xa517>V3-Recv: 01:003F:001E:0x0400 -> 03:003F:001E:0x0503 0x0405, tLen 70 dLen 49
01-05 20:33:41.952	          linker	[Debug]	        dji_protocol_v3.c:506  1:0x0400 convert to 0004(0x0400)
01-05 20:33:41.952	          linker	[Debug]	        dji_protocol_v3.c:506  3:0x0503 convert to 0065(0x0503)
01-05 20:33:41.953	          linker	[Debug]	            dji_command.c:1128  <0xa517>Receive msg from linker, 0x0400(0x0004)->0x0503(0x0065) 0x0405 len:49
01-05 20:33:41.953	          linker	[Debug]	            dji_command.c:980  received unsupport request cmd that noneed ack, <0xa517> cmdset: 0x04 cmdid: 0x05
01-05 20:33:41.968	          linker	[Debug]	        dji_protocol_v3.c:387  <0x5424>V3-Recv: 00:003F:001E:0x1204 -> 03:003F:001E:0x0503 0x4900, tLen 23 dLen 2
01-05 20:33:41.968	          linker	[Debug]	        dji_protocol_v3.c:506  0:0x1204 convert to 0092(0x1204)
01-05 20:33:41.968	          linker	[Debug]	        dji_protocol_v3.c:506  3:0x0503 convert to 0065(0x0503)
01-05 20:33:41.969	          linker	[Debug]	            dji_command.c:1128  <0x5424>Receive msg from linker, 0x1204(0x0092)->0x0503(0x0065) 0x4900 len:2
01-05 20:33:41.969	          linker	[Debug]	        dji_protocol_v3.c:266  <0x5424>V3-Send: 03:003F:001E:0x0503 -> 00:003F:001E:0x1204 0x4900, tLen 23 dLen 2
01-05 20:33:41.970	          linker	[Debug]	        dji_protocol_v3.c:266  <0xc519>V3-Send: 03:003F:001E:0x0503 -> 00:003F:001E:0x0200 0x3C1B, tLen 77 dLen 56
01-05 20:33:41.980	          linker	[Debug]	        dji_protocol_v3.c:387  <0xa571>V3-Recv: 01:003F:001E:0x0400 -> 03:003F:001E:0x0503 0x0405, tLen 70 dLen 49
01-05 20:33:41.980	          linker	[Debug]	        dji_protocol_v3.c:506  1:0x0400 convert to 0004(0x0400)
01-05 20:33:41.980	          linker	[Debug]	        dji_protocol_v3.c:506  3:0x0503 convert to 0065(0x0503)
01-05 20:33:41.980	          linker	[Debug]	        dji_protocol_v3.c:387  <0x5428>V3-Recv: 00:003F:001E:0x1204 -> 03:003F:001E:0x0503 0x22AD, tLen 68 dLen 47
01-05 20:33:41.980	          linker	[Debug]	        dji_protocol_v3.c:506  0:0x1204 convert to 0092(0x1204)
01-05 20:33:41.980	          linker	[Debug]	        dji_protocol_v3.c:506  3:0x0503 convert to 0065(0x0503)
01-05 20:33:41.981	          linker	[Debug]	            dji_command.c:1128  <0xa571>Receive msg from linker, 0x0400(0x0004)->0x0503(0x0065) 0x0405 len:49
01-05 20:33:41.981	          linker	[Debug]	            dji_command.c:980  received unsupport request cmd that noneed ack, <0xa571> cmdset: 0x04 cmdid: 0x05
01-05 20:33:41.982	          linker	[Debug]	            dji_command.c:1128  <0x5428>Receive msg from linker, 0x1204(0x0092)->0x0503(0x0065) 0x22AD len:47
01-05 20:33:41.982	          linker	[Debug]	            dji_command.c:980  received unsupport request cmd that need ack, <0x5428> cmdset: 0x22 cmdid: 0xAD
01-05 20:33:41.987	          linker	[Debug]	        dji_protocol_v3.c:266  <0xc51a>V3-Send: 03:003F:001E:0x0503 -> 00:003F:001E:0x0801 0x0000, tLen 21 dLen 0
01-05 20:33:41.987	           infor	[Debug]	dji_aircraft_connection.c:170  check connect status:1
01-05 20:33:41.992	          linker	[Debug]	        dji_protocol_v3.c:387  <0xc51a>V3-Recv: 00:003F:001E:0x0801 -> 03:003F:001E:0x0503 0x0000, tLen 22 dLen 1
01-05 20:33:41.992	          linker	[Debug]	        dji_protocol_v3.c:506  0:0x0801 convert to 0028(0x0801)
01-05 20:33:41.992	          linker	[Debug]	        dji_protocol_v3.c:506  3:0x0503 convert to 0065(0x0503)
01-05 20:33:41.992	          linker	[Debug]	        dji_protocol_v3.c:387  <0xa5cb>V3-Recv: 01:003F:001E:0x0400 -> 03:003F:001E:0x0503 0x0405, tLen 70 dLen 49
01-05 20:33:41.992	          linker	[Debug]	        dji_protocol_v3.c:506  1:0x0400 convert to 0004(0x0400)
01-05 20:33:41.992	          linker	[Debug]	        dji_protocol_v3.c:506  3:0x0503 convert to 0065(0x0503)
01-05 20:33:41.993	          linker	[Debug]	            dji_command.c:1128  <0xc51a>Receive msg from linker, 0x0801(0x0028)->0x0503(0x0065) 0x0000 len:1
01-05 20:33:41.993	           infor	[Debug]	dji_aircraft_connection.c:303  connect status async sucess
01-05 20:33:41.993	          linker	[Debug]	            dji_command.c:890  callback function (cmdset: 0x00 cmdid: 0x00) deal time: 0 ms
01-05 20:33:41.994	          linker	[Debug]	            dji_command.c:1128  <0xa5cb>Receive msg from linker, 0x0400(0x0004)->0x0503(0x0065) 0x0405 len:49
01-05 20:33:41.994	          linker	[Debug]	            dji_command.c:980  received unsupport request cmd that noneed ack, <0xa5cb> cmdset: 0x04 cmdid: 0x05
01-05 20:33:42.012	          linker	[Debug]	        dji_protocol_v3.c:387  <0xa625>V3-Recv: 01:003F:001E:0x0400 -> 03:003F:001E:0x0503 0x0405, tLen 70 dLen 49
01-05 20:33:42.012	          linker	[Debug]	        dji_protocol_v3.c:506  1:0x0400 convert to 0004(0x0400)
01-05 20:33:42.012	          linker	[Debug]	        dji_protocol_v3.c:506  3:0x0503 convert to 0065(0x0503)
01-05 20:33:42.012	          linker	[Debug]	            dji_command.c:1128  <0xa625>Receive msg from linker, 0x0400(0x0004)->0x0503(0x0065) 0x0405 len:49
01-05 20:33:42.012	          linker	[Debug]	            dji_command.c:980  received unsupport request cmd that noneed ack, <0xa625> cmdset: 0x04 cmdid: 0x05
01-05 20:33:42.022	          linker	[Debug]	        dji_protocol_v3.c:387  <0x2983>V3-Recv: 00:003F:001E:0x0801 -> 03:003F:001E:0x0503 0x0099, tLen 95 dLen 74
01-05 20:33:42.022	          linker	[Debug]	        dji_protocol_v3.c:506  0:0x0801 convert to 0028(0x0801)
01-05 20:33:42.022	          linker	[Debug]	        dji_protocol_v3.c:506  3:0x0503 convert to 0065(0x0503)
01-05 20:33:42.022	          linker	[Debug]	            dji_command.c:1128  <0x2983>Receive msg from linker, 0x0801(0x0028)->0x0503(0x0065) 0x0099 len:74
01-05 20:33:42.042	          linker	[Debug]	        dji_protocol_v3.c:387  <0xa681>V3-Recv: 01:003F:001E:0x0400 -> 03:003F:001E:0x0503 0x0405, tLen 70 dLen 49
01-05 20:33:42.042	          linker	[Debug]	        dji_protocol_v3.c:506  1:0x0400 convert to 0004(0x0400)
01-05 20:33:42.042	          linker	[Debug]	        dji_protocol_v3.c:506  3:0x0503 convert to 0065(0x0503)
01-05 20:33:42.042	          linker	[Debug]	            dji_command.c:1128  <0xa681>Receive msg from linker, 0x0400(0x0004)->0x0503(0x0065) 0x0405 len:49
01-05 20:33:42.042	          linker	[Debug]	            dji_command.c:980  received unsupport request cmd that noneed ack, <0xa681> cmdset: 0x04 cmdid: 0x05
01-05 20:33:42.052	          linker	[Debug]	        dji_protocol_v3.c:387  <0x74e3>V3-Recv: 00:003F:001E:0x0300 -> 03:003F:001E:0x0503 0x3C57, tLen 37 dLen 16
01-05 20:33:42.052	          linker	[Debug]	        dji_protocol_v3.c:506  0:0x0300 convert to 0003(0x0300)
01-05 20:33:42.052	          linker	[Debug]	        dji_protocol_v3.c:506  3:0x0503 convert to 0065(0x0503)
01-05 20:33:42.052	          linker	[Debug]	        dji_protocol_v3.c:387  <0xa6dd>V3-Recv: 01:003F:001E:0x0400 -> 03:003F:001E:0x0503 0x0405, tLen 70 dLen 49
01-05 20:33:42.052	          linker	[Debug]	        dji_protocol_v3.c:506  1:0x0400 convert to 0004(0x0400)
01-05 20:33:42.052	          linker	[Debug]	        dji_protocol_v3.c:506  3:0x0503 convert to 0065(0x0503)
01-05 20:33:42.052	          linker	[Debug]	            dji_command.c:1128  <0x74e3>Receive msg from linker, 0x0300(0x0003)->0x0503(0x0065) 0x3C57 len:16
01-05 20:33:42.052	          linker	[Debug]	            dji_command.c:980  received unsupport request cmd that noneed ack, <0x74e3> cmdset: 0x3C cmdid: 0x57
01-05 20:33:42.053	          linker	[Debug]	            dji_command.c:1128  <0xa6dd>Receive msg from linker, 0x0400(0x0004)->0x0503(0x0065) 0x0405 len:49
01-05 20:33:42.053	          linker	[Debug]	            dji_command.c:980  received unsupport request cmd that noneed ack, <0xa6dd> cmdset: 0x04 cmdid: 0x05
01-05 20:33:42.060	          linker	[Debug]	        dji_protocol_v3.c:266  <0xc51b>V3-Send: 03:003F:001E:0x0503 -> 00:003F:001E:0x0200 0x3C1F, tLen 58 dLen 37
01-05 20:33:42.067	          linker	[Debug]	        dji_protocol_v3.c:387  <0x5434>V3-Recv: 00:003F:001E:0x1204 -> 03:003F:001E:0x0503 0x4900, tLen 23 dLen 2
01-05 20:33:42.068	          linker	[Debug]	        dji_protocol_v3.c:506  0:0x1204 convert to 0092(0x1204)
01-05 20:33:42.068	          linker	[Debug]	        dji_protocol_v3.c:506  3:0x0503 convert to 0065(0x0503)
01-05 20:33:42.068	          linker	[Debug]	            dji_command.c:1128  <0x5434>Receive msg from linker, 0x1204(0x0092)->0x0503(0x0065) 0x4900 len:2
01-05 20:33:42.068	          linker	[Debug]	        dji_protocol_v3.c:266  <0x5434>V3-Send: 03:003F:001E:0x0503 -> 00:003F:001E:0x1204 0x4900, tLen 23 dLen 2
01-05 20:33:42.080	          linker	[Debug]	        dji_protocol_v3.c:387  <0xa737>V3-Recv: 01:003F:001E:0x0400 -> 03:003F:001E:0x0503 0x0405, tLen 70 dLen 49
01-05 20:33:42.080	          linker	[Debug]	        dji_protocol_v3.c:506  1:0x0400 convert to 0004(0x0400)
01-05 20:33:42.080	          linker	[Debug]	        dji_protocol_v3.c:506  3:0x0503 convert to 0065(0x0503)
01-05 20:33:42.080	          linker	[Debug]	        dji_protocol_v3.c:387  <0x5438>V3-Recv: 00:003F:001E:0x1204 -> 03:003F:001E:0x0503 0x22AD, tLen 68 dLen 47
01-05 20:33:42.080	          linker	[Debug]	        dji_protocol_v3.c:506  0:0x1204 convert to 0092(0x1204)
01-05 20:33:42.080	          linker	[Debug]	        dji_protocol_v3.c:506  3:0x0503 convert to 0065(0x0503)
01-05 20:33:42.080	          linker	[Debug]	            dji_command.c:1128  <0xa737>Receive msg from linker, 0x0400(0x0004)->0x0503(0x0065) 0x0405 len:49
01-05 20:33:42.080	          linker	[Debug]	            dji_command.c:980  received unsupport request cmd that noneed ack, <0xa737> cmdset: 0x04 cmdid: 0x05
01-05 20:33:42.081	          linker	[Debug]	            dji_command.c:1128  <0x5438>Receive msg from linker, 0x1204(0x0092)->0x0503(0x0065) 0x22AD len:47
01-05 20:33:42.081	          linker	[Debug]	            dji_command.c:980  received unsupport request cmd that need ack, <0x5438> cmdset: 0x22 cmdid: 0xAD
01-05 20:33:42.092	          linker	[Debug]	        dji_protocol_v3.c:387  <0xa791>V3-Recv: 01:003F:001E:0x0400 -> 03:003F:001E:0x0503 0x0405, tLen 70 dLen 49
01-05 20:33:42.092	          linker	[Debug]	        dji_protocol_v3.c:506  1:0x0400 convert to 0004(0x0400)
01-05 20:33:42.092	          linker	[Debug]	        dji_protocol_v3.c:506  3:0x0503 convert to 0065(0x0503)
01-05 20:33:42.092	          linker	[Debug]	            dji_command.c:1128  <0xa791>Receive msg from linker, 0x0400(0x0004)->0x0503(0x0065) 0x0405 len:49
01-05 20:33:42.092	          linker	[Debug]	            dji_command.c:980  received unsupport request cmd that noneed ack, <0xa791> cmdset: 0x04 cmdid: 0x05
01-05 20:33:42.111	          linker	[Debug]	        dji_protocol_v3.c:387  <0x2984>V3-Recv: 00:003F:001E:0x0801 -> 03:003F:001E:0x0503 0x0099, tLen 58 dLen 37
01-05 20:33:42.111	          linker	[Debug]	        dji_protocol_v3.c:506  0:0x0801 convert to 0028(0x0801)
01-05 20:33:42.111	          linker	[Debug]	        dji_protocol_v3.c:506  3:0x0503 convert to 0065(0x0503)
01-05 20:33:42.112	          linker	[Debug]	            dji_command.c:1128  <0x2984>Receive msg from linker, 0x0801(0x0028)->0x0503(0x0065) 0x0099 len:37
01-05 20:33:42.123	          linker	[Debug]	        dji_protocol_v1.c:189  <0xc51c>V1-Send: 0x0503->0x1007 0x198B
01-05 20:33:42.124	          linker	[Debug]	        dji_protocol_v3.c:266  <0xc51d>V3-Send: 03:003F:001E:0x0503 -> 00:003F:001E:0x0200 0x3C10, tLen 85 dLen 64
01-05 20:33:42.124	          linker	[Debug]	        dji_protocol_v3.c:266  <0xc51e>V3-Send: 03:003F:001E:0x0503 -> 00:003F:001E:0x0300 0x3C10, tLen 85 dLen 64
01-05 20:33:42.124	          linker	[Debug]	        dji_protocol_v3.c:266  <0xc51f>V3-Send: 03:003F:001E:0x0503 -> 00:003F:001E:0x1104 0x3C10, tLen 85 dLen 64
01-05 20:33:42.124	          linker	[Debug]	        dji_protocol_v3.c:266  <0xc520>V3-Send: 03:003F:001E:0x0503 -> 00:003F:001E:0x0701 0x3C10, tLen 85 dLen 64
01-05 20:33:42.124	          linker	[Debug]	        dji_protocol_v3.c:266  <0xc521>V3-Send: 03:003F:001E:0x0503 -> 00:003F:001E:0x1100 0x3C10, tLen 85 dLen 64
01-05 20:33:42.128	          linker	[Debug]	        dji_protocol_v3.c:387  <0xa7eb>V3-Recv: 01:003F:001E:0x0400 -> 03:003F:001E:0x0503 0x0405, tLen 70 dLen 49
01-05 20:33:42.128	          linker	[Debug]	        dji_protocol_v3.c:506  1:0x0400 convert to 0004(0x0400)
01-05 20:33:42.128	          linker	[Debug]	        dji_protocol_v3.c:506  3:0x0503 convert to 0065(0x0503)
01-05 20:33:42.129	          linker	[Debug]	            dji_command.c:1128  <0xa7eb>Receive msg from linker, 0x0400(0x0004)->0x0503(0x0065) 0x0405 len:49
01-05 20:33:42.129	          linker	[Debug]	            dji_command.c:980  received unsupport request cmd that noneed ack, <0xa7eb> cmdset: 0x04 cmdid: 0x05
01-05 20:33:42.144	          linker	[Debug]	        dji_protocol_v3.c:387  <0xa84b>V3-Recv: 01:003F:001E:0x0400 -> 03:003F:001E:0x0503 0x0405, tLen 70 dLen 49
01-05 20:33:42.144	          linker	[Debug]	        dji_protocol_v3.c:506  1:0x0400 convert to 0004(0x0400)
01-05 20:33:42.144	          linker	[Debug]	        dji_protocol_v3.c:506  3:0x0503 convert to 0065(0x0503)
01-05 20:33:42.145	          linker	[Debug]	            dji_command.c:1128  <0xa84b>Receive msg from linker, 0x0400(0x0004)->0x0503(0x0065) 0x0405 len:49
01-05 20:33:42.145	          linker	[Debug]	            dji_command.c:980  received unsupport request cmd that noneed ack, <0xa84b> cmdset: 0x04 cmdid: 0x05
01-05 20:33:42.160	          linker	[Debug]	        dji_protocol_v3.c:387  <0xa8a9>V3-Recv: 01:003F:001E:0x0400 -> 03:003F:001E:0x0503 0x0405, tLen 70 dLen 49
01-05 20:33:42.160	          linker	[Debug]	        dji_protocol_v3.c:506  1:0x0400 convert to 0004(0x0400)
01-05 20:33:42.160	          linker	[Debug]	        dji_protocol_v3.c:506  3:0x0503 convert to 0065(0x0503)
01-05 20:33:42.160	          linker	[Debug]	        dji_protocol_v3.c:387  <0x5444>V3-Recv: 00:003F:001E:0x1204 -> 03:003F:001E:0x0503 0x4900, tLen 23 dLen 2
01-05 20:33:42.160	          linker	[Debug]	        dji_protocol_v3.c:506  0:0x1204 convert to 0092(0x1204)
01-05 20:33:42.160	          linker	[Debug]	        dji_protocol_v3.c:506  3:0x0503 convert to 0065(0x0503)
01-05 20:33:42.160	          linker	[Debug]	            dji_command.c:1128  <0xa8a9>Receive msg from linker, 0x0400(0x0004)->0x0503(0x0065) 0x0405 len:49
01-05 20:33:42.160	          linker	[Debug]	            dji_command.c:980  received unsupport request cmd that noneed ack, <0xa8a9> cmdset: 0x04 cmdid: 0x05
01-05 20:33:42.161	          linker	[Debug]	            dji_command.c:1128  <0x5444>Receive msg from linker, 0x1204(0x0092)->0x0503(0x0065) 0x4900 len:2
01-05 20:33:42.161	          linker	[Debug]	        dji_protocol_v3.c:266  <0x5444>V3-Send: 03:003F:001E:0x0503 -> 00:003F:001E:0x1204 0x4900, tLen 23 dLen 2
01-05 20:33:42.172	          linker	[Debug]	        dji_protocol_v3.c:387  <0xa903>V3-Recv: 01:003F:001E:0x0400 -> 03:003F:001E:0x0503 0x0405, tLen 70 dLen 49
01-05 20:33:42.172	          linker	[Debug]	        dji_protocol_v3.c:506  1:0x0400 convert to 0004(0x0400)
01-05 20:33:42.172	          linker	[Debug]	        dji_protocol_v3.c:506  3:0x0503 convert to 0065(0x0503)
01-05 20:33:42.172	          linker	[Debug]	            dji_command.c:1128  <0xa903>Receive msg from linker, 0x0400(0x0004)->0x0503(0x0065) 0x0405 len:49
01-05 20:33:42.172	          linker	[Debug]	            dji_command.c:980  received unsupport request cmd that noneed ack, <0xa903> cmdset: 0x04 cmdid: 0x05
01-05 20:33:42.187	          linker	[Debug]	        dji_protocol_v3.c:266  <0xc522>V3-Send: 03:003F:001E:0x0503 -> 00:003F:001E:0x0200 0x3C1B, tLen 77 dLen 56
01-05 20:33:42.187	          linker	[Debug]	        dji_protocol_v3.c:387  <0x5448>V3-Recv: 00:003F:001E:0x1204 -> 03:003F:001E:0x0503 0x22AD, tLen 68 dLen 47
01-05 20:33:42.188	          linker	[Debug]	        dji_protocol_v3.c:506  0:0x1204 convert to 0092(0x1204)
01-05 20:33:42.188	          linker	[Debug]	        dji_protocol_v3.c:506  3:0x0503 convert to 0065(0x0503)
01-05 20:33:42.188	          linker	[Debug]	            dji_command.c:1128  <0x5448>Receive msg from linker, 0x1204(0x0092)->0x0503(0x0065) 0x22AD len:47
01-05 20:33:42.188	          linker	[Debug]	            dji_command.c:980  received unsupport request cmd that need ack, <0x5448> cmdset: 0x22 cmdid: 0xAD
01-05 20:33:42.205	          linker	[Debug]	        dji_protocol_v3.c:387  <0xa95d>V3-Recv: 01:003F:001E:0x0400 -> 03:003F:001E:0x0503 0x0405, tLen 70 dLen 49
01-05 20:33:42.205	          linker	[Debug]	        dji_protocol_v3.c:506  1:0x0400 convert to 0004(0x0400)
01-05 20:33:42.205	          linker	[Debug]	        dji_protocol_v3.c:506  3:0x0503 convert to 0065(0x0503)
01-05 20:33:42.206	          linker	[Debug]	            dji_command.c:1128  <0xa95d>Receive msg from linker, 0x0400(0x0004)->0x0503(0x0065) 0x0405 len:49
01-05 20:33:42.206	          linker	[Debug]	            dji_command.c:980  received unsupport request cmd that noneed ack, <0xa95d> cmdset: 0x04 cmdid: 0x05
01-05 20:33:42.219	          linker	[Debug]	        dji_protocol_v3.c:387  <0xa9b7>V3-Recv: 01:003F:001E:0x0400 -> 03:003F:001E:0x0503 0x0405, tLen 70 dLen 49
01-05 20:33:42.219	          linker	[Debug]	        dji_protocol_v3.c:506  1:0x0400 convert to 0004(0x0400)
01-05 20:33:42.219	          linker	[Debug]	        dji_protocol_v3.c:506  3:0x0503 convert to 0065(0x0503)
01-05 20:33:42.220	          linker	[Debug]	            dji_command.c:1128  <0xa9b7>Receive msg from linker, 0x0400(0x0004)->0x0503(0x0065) 0x0405 len:49
01-05 20:33:42.220	          linker	[Debug]	            dji_command.c:980  received unsupport request cmd that noneed ack, <0xa9b7> cmdset: 0x04 cmdid: 0x05
01-05 20:33:42.232	          linker	[Debug]	        dji_protocol_v3.c:387  <0xaa13>V3-Recv: 01:003F:001E:0x0400 -> 03:003F:001E:0x0503 0x0405, tLen 70 dLen 49
01-05 20:33:42.232	          linker	[Debug]	        dji_protocol_v3.c:506  1:0x0400 convert to 0004(0x0400)
01-05 20:33:42.232	          linker	[Debug]	        dji_protocol_v3.c:506  3:0x0503 convert to 0065(0x0503)
01-05 20:33:42.233	          linker	[Debug]	            dji_command.c:1128  <0xaa13>Receive msg from linker, 0x0400(0x0004)->0x0503(0x0065) 0x0405 len:49
01-05 20:33:42.233	          linker	[Debug]	            dji_command.c:980  received unsupport request cmd that noneed ack, <0xaa13> cmdset: 0x04 cmdid: 0x05
01-05 20:33:42.246	            user	[Info]	      camera_controller.h:54   --> Step 2: Get camera type and version
01-05 20:33:42.246	          linker	[Debug]	        dji_protocol_v3.c:266  <0xc523>V3-Send: 03:003F:001E:0x0503 -> 01:003F:001E:0x0100 0x0001, tLen 21 dLen 0
01-05 20:33:42.248	          linker	[Debug]	        dji_protocol_v1.c:189  <0xc524>V1-Send: 0x0503->0x1D02 0x00F0
01-05 20:33:42.249	          linker	[Debug]	        dji_protocol_v3.c:387  <0xc523>V3-Recv: 01:003F:001E:0x0100 -> 03:003F:001E:0x0503 0x0001, tLen 52 dLen 31
01-05 20:33:42.249	          linker	[Debug]	        dji_protocol_v3.c:506  1:0x0100 convert to 0001(0x0100)
01-05 20:33:42.249	          linker	[Debug]	        dji_protocol_v3.c:506  3:0x0503 convert to 0065(0x0503)
01-05 20:33:42.250	          linker	[Debug]	            dji_command.c:1128  <0xc523>Receive msg from linker, 0x0100(0x0001)->0x0503(0x0065) 0x0001 len:31
01-05 20:33:42.250	          linker	[Debug]	            dji_command.c:1076 PsdkCommand_SendSyncCallback success
01-05 20:33:42.250	          linker	[Debug]	            dji_command.c:890  callback function (cmdset: 0x00 cmdid: 0x01) deal time: 0 ms
01-05 20:33:42.250	          linker	[Debug]	            dji_command.c:612  sendSync callback success
01-05 20:33:42.250	          linker	[Debug]	            dji_command.c:620  The ack data length is not equal with expect length, actual:31 exp:30. Probably because ack struct definition has changed. Please check command ack struct definition if changed.
01-05 20:33:42.250	          linker	[Debug]	        dji_protocol_v3.c:266  <0xc525>V3-Send: 03:003F:001E:0x0503 -> 01:003F:001E:0x0100 0x0001, tLen 21 dLen 0
01-05 20:33:42.260	          linker	[Debug]	        dji_protocol_v3.c:387  <0x763c>V3-Recv: 00:003F:001E:0x0300 -> 03:003F:001E:0x0503 0x3C57, tLen 37 dLen 16
01-05 20:33:42.260	          linker	[Debug]	        dji_protocol_v3.c:506  0:0x0300 convert to 0003(0x0300)
01-05 20:33:42.260	          linker	[Debug]	        dji_protocol_v3.c:506  3:0x0503 convert to 0065(0x0503)
01-05 20:33:42.260	          linker	[Debug]	            dji_command.c:1128  <0x763c>Receive msg from linker, 0x0300(0x0003)->0x0503(0x0065) 0x3C57 len:16
01-05 20:33:42.260	          linker	[Debug]	        dji_protocol_v3.c:266  <0xc526>V3-Send: 03:003F:001E:0x0503 -> 00:003F:001E:0x0200 0x3C1F, tLen 58 dLen 37
01-05 20:33:42.260	          linker	[Debug]	            dji_command.c:980  received unsupport request cmd that noneed ack, <0x763c> cmdset: 0x3C cmdid: 0x57
01-05 20:33:42.260	          linker	[Debug]	        dji_protocol_v3.c:387  <0xaa70>V3-Recv: 01:003F:001E:0x0400 -> 03:003F:001E:0x0503 0x0405, tLen 70 dLen 49
01-05 20:33:42.260	          linker	[Debug]	        dji_protocol_v3.c:506  1:0x0400 convert to 0004(0x0400)
01-05 20:33:42.260	          linker	[Debug]	        dji_protocol_v3.c:506  3:0x0503 convert to 0065(0x0503)
01-05 20:33:42.260	          linker	[Debug]	        dji_protocol_v3.c:387  <0xc525>V3-Recv: 01:003F:001E:0x0100 -> 03:003F:001E:0x0503 0x0001, tLen 52 dLen 31
01-05 20:33:42.260	          linker	[Debug]	        dji_protocol_v3.c:506  1:0x0100 convert to 0001(0x0100)
01-05 20:33:42.260	          linker	[Debug]	        dji_protocol_v3.c:506  3:0x0503 convert to 0065(0x0503)
01-05 20:33:42.260	          linker	[Debug]	        dji_protocol_v3.c:387  <0x5454>V3-Recv: 00:003F:001E:0x1204 -> 03:003F:001E:0x0503 0x4900, tLen 23 dLen 2
01-05 20:33:42.260	          linker	[Debug]	        dji_protocol_v3.c:506  0:0x1204 convert to 0092(0x1204)
01-05 20:33:42.260	          linker	[Debug]	        dji_protocol_v3.c:506  3:0x0503 convert to 0065(0x0503)
01-05 20:33:42.261	          linker	[Debug]	            dji_command.c:1128  <0xaa70>Receive msg from linker, 0x0400(0x0004)->0x0503(0x0065) 0x0405 len:49
01-05 20:33:42.261	          linker	[Debug]	            dji_command.c:980  received unsupport request cmd that noneed ack, <0xaa70> cmdset: 0x04 cmdid: 0x05
01-05 20:33:42.262	          linker	[Debug]	            dji_command.c:1128  <0xc525>Receive msg from linker, 0x0100(0x0001)->0x0503(0x0065) 0x0001 len:31
01-05 20:33:42.262	          linker	[Debug]	            dji_command.c:1076 PsdkCommand_SendSyncCallback success
01-05 20:33:42.262	          linker	[Debug]	            dji_command.c:890  callback function (cmdset: 0x00 cmdid: 0x01) deal time: 0 ms
01-05 20:33:42.262	          linker	[Debug]	            dji_command.c:612  sendSync callback success
01-05 20:33:42.263	          linker	[Debug]	            dji_command.c:620  The ack data length is not equal with expect length, actual:31 exp:30. Probably because ack struct definition has changed. Please check command ack struct definition if changed.
01-05 20:33:42.263	            user	[Info]	      camera_controller.h:65   Mounted position 1 camera's firmware is V10.00.07.02

01-05 20:33:42.263	            user	[Info]	      camera_controller.h:71   --> Step 1: Init gimbal manager module
01-05 20:33:42.263	            user	[Info]	      camera_controller.h:77   --> Step 2: Set gimbal to free mode
01-05 20:33:42.263	          linker	[Debug]	        dji_protocol_v3.c:266  <0xc527>V3-Send: 03:003F:001E:0x0503 -> 01:003F:001E:0x0400 0x044C, tLen 23 dLen 2
01-05 20:33:42.264	          linker	[Debug]	            dji_command.c:1128  <0x5454>Receive msg from linker, 0x1204(0x0092)->0x0503(0x0065) 0x4900 len:2
01-05 20:33:42.264	          linker	[Debug]	        dji_protocol_v3.c:266  <0x5454>V3-Send: 03:003F:001E:0x0503 -> 00:003F:001E:0x1204 0x4900, tLen 23 dLen 2
01-05 20:33:42.270	          linker	[Debug]	        dji_protocol_v1.c:189  <0xc528>V1-Send: 0x0503->0x1D02 0x00F0
01-05 20:33:42.272	          linker	[Debug]	        dji_protocol_v3.c:387  <0xc527>V3-Recv: 01:003F:001E:0x0400 -> 03:003F:001E:0x0503 0x044C, tLen 22 dLen 1
01-05 20:33:42.272	          linker	[Debug]	        dji_protocol_v3.c:506  1:0x0400 convert to 0004(0x0400)
01-05 20:33:42.272	          linker	[Debug]	        dji_protocol_v3.c:506  3:0x0503 convert to 0065(0x0503)
01-05 20:33:42.272	          linker	[Debug]	        dji_protocol_v3.c:387  <0xaacd>V3-Recv: 01:003F:001E:0x0400 -> 03:003F:001E:0x0503 0x0405, tLen 70 dLen 49
01-05 20:33:42.272	          linker	[Debug]	        dji_protocol_v3.c:506  1:0x0400 convert to 0004(0x0400)
01-05 20:33:42.272	          linker	[Debug]	        dji_protocol_v3.c:506  3:0x0503 convert to 0065(0x0503)
01-05 20:33:42.273	          linker	[Debug]	            dji_command.c:1128  <0xc527>Receive msg from linker, 0x0400(0x0004)->0x0503(0x0065) 0x044C len:1
01-05 20:33:42.273	          linker	[Debug]	            dji_command.c:1076 PsdkCommand_SendSyncCallback success
01-05 20:33:42.273	          linker	[Debug]	            dji_command.c:890  callback function (cmdset: 0x04 cmdid: 0x4C) deal time: 0 ms
01-05 20:33:42.273	          linker	[Debug]	            dji_command.c:612  sendSync callback success
01-05 20:33:42.273	            user	[Info]	      camera_controller.h:80   --> Step 3: Reset gimbal angles.

01-05 20:33:42.273	          linker	[Debug]	        dji_protocol_v3.c:266  <0xc529>V3-Send: 03:003F:001E:0x0503 -> 01:003F:001E:0x0400 0x044C, tLen 23 dLen 2
01-05 20:33:42.274	          linker	[Debug]	            dji_command.c:1128  <0xaacd>Receive msg from linker, 0x0400(0x0004)->0x0503(0x0065) 0x0405 len:49
01-05 20:33:42.274	          linker	[Debug]	            dji_command.c:980  received unsupport request cmd that noneed ack, <0xaacd> cmdset: 0x04 cmdid: 0x05
01-05 20:33:42.281	          linker	[Debug]	        dji_protocol_v1.c:189  <0xc52a>V1-Send: 0x0503->0x1D02 0x00F0
01-05 20:33:42.288	          linker	[Debug]	        dji_protocol_v3.c:387  <0xc529>V3-Recv: 01:003F:001E:0x0400 -> 03:003F:001E:0x0503 0x044C, tLen 22 dLen 1
01-05 20:33:42.288	          linker	[Debug]	        dji_protocol_v3.c:506  1:0x0400 convert to 0004(0x0400)
01-05 20:33:42.288	          linker	[Debug]	        dji_protocol_v3.c:506  3:0x0503 convert to 0065(0x0503)
01-05 20:33:42.288	          linker	[Debug]	        dji_protocol_v3.c:387  <0x5458>V3-Recv: 00:003F:001E:0x1204 -> 03:003F:001E:0x0503 0x22AD, tLen 68 dLen 47
01-05 20:33:42.288	          linker	[Debug]	        dji_protocol_v3.c:506  0:0x1204 convert to 0092(0x1204)
01-05 20:33:42.288	          linker	[Debug]	            dji_command.c:1128  <0xc529>Receive msg from linker, 0x0400(0x0004)->0x0503(0x0065) 0x044C len:1
01-05 20:33:42.288	          linker	[Debug]	        dji_protocol_v3.c:506  3:0x0503 convert to 0065(0x0503)
01-05 20:33:42.288	          linker	[Debug]	            dji_command.c:1076 PsdkCommand_SendSyncCallback success
01-05 20:33:42.288	          linker	[Debug]	            dji_command.c:890  callback function (cmdset: 0x04 cmdid: 0x4C) deal time: 0 ms
01-05 20:33:42.288	          linker	[Debug]	            dji_command.c:612  sendSync callback success
01-05 20:33:42.288	            user	[Info]	      camera_controller.h:88   --> Step 1: Init gimbal data subscribation
01-05 20:33:42.288	             sub	[Warn]	dji_gimbal_subscription.c:173  can't unsubscribe topic 26 before subscribing to it
01-05 20:33:42.288	          linker	[Debug]	        dji_protocol_v3.c:266  <0xc52b>V3-Send: 03:003F:001E:0x0503 -> 01:003F:001E:0x0400 0x041E, tLen 25 dLen 4
01-05 20:33:42.289	          linker	[Debug]	            dji_command.c:1128  <0x5458>Receive msg from linker, 0x1204(0x0092)->0x0503(0x0065) 0x22AD len:47
01-05 20:33:42.289	          linker	[Debug]	            dji_command.c:980  received unsupport request cmd that need ack, <0x5458> cmdset: 0x22 cmdid: 0xAD
01-05 20:33:42.293	          linker	[Debug]	        dji_protocol_v1.c:189  <0xc52c>V1-Send: 0x0503->0x1D02 0x00F0
01-05 20:33:42.302	          linker	[Debug]	        dji_protocol_v1.c:309  <0x2035>V1-Recv: 0x0A06->0x0503 0x0866
01-05 20:33:42.303	          linker	[Debug]	            dji_command.c:1128  <0x2035>Receive msg from linker, 0x0A06(0x00CA)->0x0503(0x0065) 0x0866 len:96
01-05 20:33:42.303	          linker	[Debug]	            dji_command.c:980  received unsupport request cmd that noneed ack, <0x2035> cmdset: 0x08 cmdid: 0x66
01-05 20:33:42.304	          linker	[Debug]	        dji_protocol_v3.c:387  <0xab24>V3-Recv: 01:003F:001E:0x0400 -> 03:003F:001E:0x0503 0x0405, tLen 70 dLen 49
01-05 20:33:42.304	          linker	[Debug]	        dji_protocol_v3.c:506  1:0x0400 convert to 0004(0x0400)
01-05 20:33:42.304	          linker	[Debug]	        dji_protocol_v3.c:506  3:0x0503 convert to 0065(0x0503)
01-05 20:33:42.304	          linker	[Debug]	        dji_protocol_v3.c:387  <0xc52b>V3-Recv: 01:003F:001E:0x0400 -> 03:003F:001E:0x0503 0x041E, tLen 22 dLen 1
01-05 20:33:42.304	          linker	[Debug]	        dji_protocol_v3.c:506  1:0x0400 convert to 0004(0x0400)
01-05 20:33:42.304	          linker	[Debug]	        dji_protocol_v3.c:506  3:0x0503 convert to 0065(0x0503)
01-05 20:33:42.304	          linker	[Debug]	        dji_protocol_v1.c:189  <0xc52d>V1-Send: 0x0503->0x1D02 0x00F0
01-05 20:33:42.304	          linker	[Debug]	            dji_command.c:1128  <0xab24>Receive msg from linker, 0x0400(0x0004)->0x0503(0x0065) 0x0405 len:49
01-05 20:33:42.304	          linker	[Debug]	            dji_command.c:980  received unsupport request cmd that noneed ack, <0xab24> cmdset: 0x04 cmdid: 0x05
01-05 20:33:42.305	          linker	[Debug]	            dji_command.c:1128  <0xc52b>Receive msg from linker, 0x0400(0x0004)->0x0503(0x0065) 0x041E len:1
01-05 20:33:42.306	          linker	[Debug]	            dji_command.c:1076 PsdkCommand_SendSyncCallback success
01-05 20:33:42.306	          linker	[Debug]	            dji_command.c:890  callback function (cmdset: 0x04 cmdid: 0x1E) deal time: 0 ms
01-05 20:33:42.306	          linker	[Debug]	            dji_command.c:612  sendSync callback success
01-05 20:33:42.306	          linker	[Debug]	            dji_command.c:733  Reg command handle list success, index:14
01-05 20:33:42.306	             sub	[Debug]	dji_gimbal_subscription.c:138  The first time to subscribe gimbal topic, register cmd handle
01-05 20:33:42.306	             sub	[Debug]	dji_gimbal_subscription.c:141  gimbal subscribe topic 26 on pos 1 success
01-05 20:33:42.306	            user	[Info]	      camera_controller.h:93   gimbal angle :0.000000,0.000000,0.000000
01-05 20:33:42.315	          linker	[Debug]	        dji_protocol_v1.c:189  <0xc52e>V1-Send: 0x0503->0x1D02 0x00F0
01-05 20:33:42.320	          linker	[Debug]	        dji_protocol_v3.c:387  <0xab7e>V3-Recv: 01:003F:001E:0x0400 -> 03:003F:001E:0x0503 0x0405, tLen 70 dLen 49
01-05 20:33:42.320	          linker	[Debug]	        dji_protocol_v3.c:506  1:0x0400 convert to 0004(0x0400)
01-05 20:33:42.320	          linker	[Debug]	        dji_protocol_v3.c:506  3:0x0503 convert to 0065(0x0503)
01-05 20:33:42.320	          linker	[Debug]	            dji_command.c:1128  <0xab7e>Receive msg from linker, 0x0400(0x0004)->0x0503(0x0065) 0x0405 len:49
01-05 20:33:42.327	          linker	[Debug]	        dji_protocol_v1.c:189  <0xc52f>V1-Send: 0x0503->0x1D02 0x00F0
01-05 20:33:42.332	          linker	[Debug]	        dji_protocol_v3.c:387  <0xabda>V3-Recv: 01:003F:001E:0x0400 -> 03:003F:001E:0x0503 0x0405, tLen 70 dLen 49
01-05 20:33:42.332	          linker	[Debug]	        dji_protocol_v3.c:506  1:0x0400 convert to 0004(0x0400)
01-05 20:33:42.332	          linker	[Debug]	        dji_protocol_v3.c:506  3:0x0503 convert to 0065(0x0503)
01-05 20:33:42.332	          linker	[Debug]	            dji_command.c:1128  <0xabda>Receive msg from linker, 0x0400(0x0004)->0x0503(0x0065) 0x0405 len:49
01-05 20:33:42.338	          linker	[Debug]	        dji_protocol_v1.c:189  <0xc530>V1-Send: 0x0503->0x1D02 0x00F0
01-05 20:33:42.344	          linker	[Debug]	        dji_protocol_v1.c:189  <0xc531>V1-Send: 0x0503->0x1007 0x198B
01-05 20:33:42.344	          linker	[Debug]	        dji_protocol_v3.c:266  <0xc532>V3-Send: 03:003F:001E:0x0503 -> 00:003F:001E:0x0200 0x3C10, tLen 85 dLen 64
01-05 20:33:42.344	          linker	[Debug]	        dji_protocol_v3.c:266  <0xc533>V3-Send: 03:003F:001E:0x0503 -> 00:003F:001E:0x0300 0x3C10, tLen 85 dLen 64
01-05 20:33:42.345	          linker	[Debug]	        dji_protocol_v3.c:266  <0xc534>V3-Send: 03:003F:001E:0x0503 -> 00:003F:001E:0x1104 0x3C10, tLen 85 dLen 64
01-05 20:33:42.345	          linker	[Debug]	        dji_protocol_v3.c:266  <0xc535>V3-Send: 03:003F:001E:0x0503 -> 00:003F:001E:0x0701 0x3C10, tLen 85 dLen 64
01-05 20:33:42.345	          linker	[Debug]	        dji_protocol_v3.c:266  <0xc536>V3-Send: 03:003F:001E:0x0503 -> 00:003F:001E:0x1100 0x3C10, tLen 85 dLen 64
01-05 20:33:42.352	          linker	[Debug]	        dji_protocol_v3.c:387  <0xac36>V3-Recv: 01:003F:001E:0x0400 -> 03:003F:001E:0x0503 0x0405, tLen 70 dLen 49
01-05 20:33:42.352	          linker	[Debug]	        dji_protocol_v3.c:506  1:0x0400 convert to 0004(0x0400)
01-05 20:33:42.352	          linker	[Debug]	        dji_protocol_v3.c:506  3:0x0503 convert to 0065(0x0503)
01-05 20:33:42.352	          linker	[Debug]	            dji_command.c:1128  <0xac36>Receive msg from linker, 0x0400(0x0004)->0x0503(0x0065) 0x0405 len:49
01-05 20:33:42.368	          linker	[Debug]	        dji_protocol_v3.c:387  <0x5462>V3-Recv: 00:003F:001E:0x1204 -> 03:003F:001E:0x0503 0x4900, tLen 23 dLen 2
01-05 20:33:42.368	          linker	[Debug]	        dji_protocol_v3.c:506  0:0x1204 convert to 0092(0x1204)
01-05 20:33:42.368	          linker	[Debug]	        dji_protocol_v3.c:506  3:0x0503 convert to 0065(0x0503)
01-05 20:33:42.369	          linker	[Debug]	            dji_command.c:1128  <0x5462>Receive msg from linker, 0x1204(0x0092)->0x0503(0x0065) 0x4900 len:2
01-05 20:33:42.369	          linker	[Debug]	        dji_protocol_v3.c:266  <0x5462>V3-Send: 03:003F:001E:0x0503 -> 00:003F:001E:0x1204 0x4900, tLen 23 dLen 2
01-05 20:33:42.380	          linker	[Debug]	        dji_protocol_v3.c:387  <0xac90>V3-Recv: 01:003F:001E:0x0400 -> 03:003F:001E:0x0503 0x0405, tLen 70 dLen 49
01-05 20:33:42.380	          linker	[Debug]	        dji_protocol_v3.c:506  1:0x0400 convert to 0004(0x0400)
01-05 20:33:42.380	          linker	[Debug]	        dji_protocol_v3.c:506  3:0x0503 convert to 0065(0x0503)
01-05 20:33:42.380	          linker	[Debug]	        dji_protocol_v3.c:387  <0x5464>V3-Recv: 00:003F:001E:0x1204 -> 03:003F:001E:0x0503 0x22AD, tLen 68 dLen 47
01-05 20:33:42.380	          linker	[Debug]	        dji_protocol_v3.c:506  0:0x1204 convert to 0092(0x1204)
01-05 20:33:42.380	          linker	[Debug]	        dji_protocol_v3.c:506  3:0x0503 convert to 0065(0x0503)
01-05 20:33:42.381	          linker	[Debug]	            dji_command.c:1128  <0xac90>Receive msg from linker, 0x0400(0x0004)->0x0503(0x0065) 0x0405 len:49
01-05 20:33:42.382	          linker	[Debug]	            dji_command.c:1128  <0x5464>Receive msg from linker, 0x1204(0x0092)->0x0503(0x0065) 0x22AD len:47
01-05 20:33:42.382	          linker	[Debug]	            dji_command.c:980  received unsupport request cmd that need ack, <0x5464> cmdset: 0x22 cmdid: 0xAD
01-05 20:33:42.392	          linker	[Debug]	        dji_protocol_v3.c:387  <0xaceb>V3-Recv: 01:003F:001E:0x0400 -> 03:003F:001E:0x0503 0x0405, tLen 70 dLen 49
01-05 20:33:42.392	          linker	[Debug]	        dji_protocol_v3.c:506  1:0x0400 convert to 0004(0x0400)
01-05 20:33:42.392	          linker	[Debug]	        dji_protocol_v3.c:506  3:0x0503 convert to 0065(0x0503)
01-05 20:33:42.392	          linker	[Debug]	            dji_command.c:1128  <0xaceb>Receive msg from linker, 0x0400(0x0004)->0x0503(0x0065) 0x0405 len:49
01-05 20:33:42.406	          linker	[Debug]	        dji_protocol_v3.c:387  <0x2985>V3-Recv: 00:003F:001E:0x0801 -> 03:003F:001E:0x0503 0x0099, tLen 65 dLen 44
01-05 20:33:42.406	          linker	[Debug]	        dji_protocol_v3.c:506  0:0x0801 convert to 0028(0x0801)
01-05 20:33:42.406	          linker	[Debug]	        dji_protocol_v3.c:506  3:0x0503 convert to 0065(0x0503)
01-05 20:33:42.406	          linker	[Debug]	            dji_command.c:1128  <0x2985>Receive msg from linker, 0x0801(0x0028)->0x0503(0x0065) 0x0099 len:44
01-05 20:33:42.407	          linker	[Debug]	        dji_protocol_v3.c:266  <0xc537>V3-Send: 03:003F:001E:0x0503 -> 00:003F:001E:0x0200 0x3C1B, tLen 77 dLen 56
01-05 20:33:42.420	          linker	[Debug]	        dji_protocol_v3.c:387  <0xad45>V3-Recv: 01:003F:001E:0x0400 -> 03:003F:001E:0x0503 0x0405, tLen 70 dLen 49
01-05 20:33:42.420	          linker	[Debug]	        dji_protocol_v3.c:506  1:0x0400 convert to 0004(0x0400)
01-05 20:33:42.420	          linker	[Debug]	        dji_protocol_v3.c:506  3:0x0503 convert to 0065(0x0503)
01-05 20:33:42.420	          linker	[Debug]	        dji_protocol_v3.c:387  <0x2986>V3-Recv: 00:003F:001E:0x0801 -> 03:003F:001E:0x0503 0x0099, tLen 98 dLen 77
01-05 20:33:42.420	          linker	[Debug]	        dji_protocol_v3.c:506  0:0x0801 convert to 0028(0x0801)
01-05 20:33:42.420	          linker	[Debug]	        dji_protocol_v3.c:506  3:0x0503 convert to 0065(0x0503)
01-05 20:33:42.420	          linker	[Debug]	            dji_command.c:1128  <0xad45>Receive msg from linker, 0x0400(0x0004)->0x0503(0x0065) 0x0405 len:49
01-05 20:33:42.422	          linker	[Debug]	            dji_command.c:1128  <0x2986>Receive msg from linker, 0x0801(0x0028)->0x0503(0x0065) 0x0099 len:77
01-05 20:33:42.432	          linker	[Debug]	        dji_protocol_v3.c:387  <0xada1>V3-Recv: 01:003F:001E:0x0400 -> 03:003F:001E:0x0503 0x0405, tLen 70 dLen 49
01-05 20:33:42.432	          linker	[Debug]	        dji_protocol_v3.c:506  1:0x0400 convert to 0004(0x0400)
01-05 20:33:42.432	          linker	[Debug]	        dji_protocol_v3.c:506  3:0x0503 convert to 0065(0x0503)
01-05 20:33:42.432	          linker	[Debug]	            dji_command.c:1128  <0xada1>Receive msg from linker, 0x0400(0x0004)->0x0503(0x0065) 0x0405 len:49
01-05 20:33:42.450	          linker	[Debug]	        dji_protocol_v3.c:387  <0x7799>V3-Recv: 00:003F:001E:0x0300 -> 03:003F:001E:0x0503 0x3C57, tLen 37 dLen 16
01-05 20:33:42.451	          linker	[Debug]	        dji_protocol_v3.c:506  0:0x0300 convert to 0003(0x0300)
01-05 20:33:42.451	          linker	[Debug]	        dji_protocol_v3.c:506  3:0x0503 convert to 0065(0x0503)
01-05 20:33:42.451	          linker	[Debug]	            dji_command.c:1128  <0x7799>Receive msg from linker, 0x0300(0x0003)->0x0503(0x0065) 0x3C57 len:16
01-05 20:33:42.451	          linker	[Debug]	            dji_command.c:980  received unsupport request cmd that noneed ack, <0x7799> cmdset: 0x3C cmdid: 0x57
01-05 20:33:42.460	          linker	[Debug]	        dji_protocol_v3.c:266  <0xc538>V3-Send: 03:003F:001E:0x0503 -> 00:003F:001E:0x0200 0x3C1F, tLen 58 dLen 37
01-05 20:33:42.469	          linker	[Debug]	        dji_protocol_v3.c:387  <0xadfd>V3-Recv: 01:003F:001E:0x0400 -> 03:003F:001E:0x0503 0x0405, tLen 70 dLen 49
01-05 20:33:42.469	          linker	[Debug]	        dji_protocol_v3.c:506  1:0x0400 convert to 0004(0x0400)
01-05 20:33:42.469	          linker	[Debug]	        dji_protocol_v3.c:506  3:0x0503 convert to 0065(0x0503)
01-05 20:33:42.469	          linker	[Debug]	        dji_protocol_v3.c:387  <0x5474>V3-Recv: 00:003F:001E:0x1204 -> 03:003F:001E:0x0503 0x4900, tLen 23 dLen 2
01-05 20:33:42.469	          linker	[Debug]	        dji_protocol_v3.c:506  0:0x1204 convert to 0092(0x1204)
01-05 20:33:42.469	          linker	[Debug]	        dji_protocol_v3.c:506  3:0x0503 convert to 0065(0x0503)
01-05 20:33:42.470	          linker	[Debug]	            dji_command.c:1128  <0xadfd>Receive msg from linker, 0x0400(0x0004)->0x0503(0x0065) 0x0405 len:49
01-05 20:33:42.471	          linker	[Debug]	            dji_command.c:1128  <0x5474>Receive msg from linker, 0x1204(0x0092)->0x0503(0x0065) 0x4900 len:2
01-05 20:33:42.471	          linker	[Debug]	        dji_protocol_v3.c:266  <0x5474>V3-Send: 03:003F:001E:0x0503 -> 00:003F:001E:0x1204 0x4900, tLen 23 dLen 2
01-05 20:33:42.480	          linker	[Debug]	        dji_protocol_v3.c:387  <0xae57>V3-Recv: 01:003F:001E:0x0400 -> 03:003F:001E:0x0503 0x0405, tLen 70 dLen 49
01-05 20:33:42.480	          linker	[Debug]	        dji_protocol_v3.c:506  1:0x0400 convert to 0004(0x0400)
01-05 20:33:42.480	          linker	[Debug]	        dji_protocol_v3.c:506  3:0x0503 convert to 0065(0x0503)
01-05 20:33:42.480	          linker	[Debug]	        dji_protocol_v3.c:387  <0x5478>V3-Recv: 00:003F:001E:0x1204 -> 03:003F:001E:0x0503 0x22AD, tLen 68 dLen 47
01-05 20:33:42.480	          linker	[Debug]	        dji_protocol_v3.c:506  0:0x1204 convert to 0092(0x1204)
01-05 20:33:42.480	          linker	[Debug]	        dji_protocol_v3.c:506  3:0x0503 convert to 0065(0x0503)
01-05 20:33:42.480	          linker	[Debug]	            dji_command.c:1128  <0xae57>Receive msg from linker, 0x0400(0x0004)->0x0503(0x0065) 0x0405 len:49
01-05 20:33:42.481	          linker	[Debug]	            dji_command.c:1128  <0x5478>Receive msg from linker, 0x1204(0x0092)->0x0503(0x0065) 0x22AD len:47
01-05 20:33:42.481	          linker	[Debug]	            dji_command.c:980  received unsupport request cmd that need ack, <0x5478> cmdset: 0x22 cmdid: 0xAD
01-05 20:33:42.492	          linker	[Debug]	        dji_protocol_v3.c:387  <0xaeb1>V3-Recv: 01:003F:001E:0x0400 -> 03:003F:001E:0x0503 0x0405, tLen 70 dLen 49
01-05 20:33:42.492	          linker	[Debug]	        dji_protocol_v3.c:506  1:0x0400 convert to 0004(0x0400)
01-05 20:33:42.492	          linker	[Debug]	        dji_protocol_v3.c:506  3:0x0503 convert to 0065(0x0503)
01-05 20:33:42.492	          linker	[Debug]	            dji_command.c:1128  <0xaeb1>Receive msg from linker, 0x0400(0x0004)->0x0503(0x0065) 0x0405 len:49
01-05 20:33:42.517	          linker	[Debug]	        dji_protocol_v3.c:387  <0xaf0b>V3-Recv: 01:003F:001E:0x0400 -> 03:003F:001E:0x0503 0x0405, tLen 70 dLen 49
01-05 20:33:42.517	          linker	[Debug]	        dji_protocol_v3.c:506  1:0x0400 convert to 0004(0x0400)
01-05 20:33:42.517	          linker	[Debug]	        dji_protocol_v3.c:506  3:0x0503 convert to 0065(0x0503)
01-05 20:33:42.518	          linker	[Debug]	            dji_command.c:1128  <0xaf0b>Receive msg from linker, 0x0400(0x0004)->0x0503(0x0065) 0x0405 len:49
01-05 20:33:42.532	          linker	[Debug]	        dji_protocol_v3.c:387  <0xaf67>V3-Recv: 01:003F:001E:0x0400 -> 03:003F:001E:0x0503 0x0405, tLen 70 dLen 49
01-05 20:33:42.532	          linker	[Debug]	        dji_protocol_v3.c:506  1:0x0400 convert to 0004(0x0400)
01-05 20:33:42.532	          linker	[Debug]	        dji_protocol_v3.c:506  3:0x0503 convert to 0065(0x0503)
01-05 20:33:42.533	          linker	[Debug]	            dji_command.c:1128  <0xaf67>Receive msg from linker, 0x0400(0x0004)->0x0503(0x0065) 0x0405 len:49
01-05 20:33:42.540	           utils	[Debug]	          dji_root_task.c:131  work execution time:
01-05 20:33:42.541	           utils	[Debug]	          dji_root_task.c:132  name	                execution time (ms)	  max execution time (ms)
01-05 20:33:42.541	           utils	[Debug]	          dji_root_task.c:134  recorderWork                    	1       	1       
01-05 20:33:42.541	           utils	[Debug]	          dji_root_task.c:134  flowControllerTask              	0       	1       
01-05 20:33:42.541	           utils	[Debug]	          dji_root_task.c:134  commandTask                     	1       	2       
01-05 20:33:42.541	           utils	[Debug]	          dji_root_task.c:134  aircraftWorkNode                	0       	1       
01-05 20:33:42.541	           utils	[Debug]	          dji_root_task.c:134  dataBuriedPointTask             	0       	0       
01-05 20:33:42.541	           utils	[Debug]	          dji_root_task.c:134  StatePushWork                   	1       	4       
01-05 20:33:42.541	           utils	[Debug]	          dji_root_task.c:134  WidgetWork                      	0       	1       
01-05 20:33:42.541	           utils	[Debug]	          dji_root_task.c:134  hmsTask                         	0       	0       
01-05 20:33:42.552	          linker	[Debug]	        dji_protocol_v3.c:387  <0xafc3>V3-Recv: 01:003F:001E:0x0400 -> 03:003F:001E:0x0503 0x0405, tLen 70 dLen 49
01-05 20:33:42.552	          linker	[Debug]	        dji_protocol_v3.c:506  1:0x0400 convert to 0004(0x0400)
01-05 20:33:42.552	          linker	[Debug]	        dji_protocol_v3.c:506  3:0x0503 convert to 0065(0x0503)
01-05 20:33:42.552	          linker	[Debug]	            dji_command.c:1128  <0xafc3>Receive msg from linker, 0x0400(0x0004)->0x0503(0x0065) 0x0405 len:49
01-05 20:33:42.553	         channel	[Debug]	        dji_mop_channel.c:242  MOP data channel found at [3].
01-05 20:33:42.555	             cam	[Debug]	        dji_mop_channel.c:274  mop_net_layer_init by (dev, slot)=(2, 2)
01-05 20:33:42.556	         channel	[Debug]	          mop_net_layer.c:407  MOP_NET:in mop net layer 1
01-05 20:33:42.556	         channel	[Debug]	          mop_net_layer.c:677  MOP_NET:there is no link node in list
01-05 20:33:42.556	         channel	[Debug]	          mop_net_layer.c:697  MOP_NET:there is no link node in list
01-05 20:33:42.556	         channel	[Debug]	        mop_trans_layer.c:1456 MOP_TRANS:MOP tran layer thread in!
01-05 20:33:42.556	         channel	[Debug]	        dji_mop_channel.c:344  phyMountPosition 3 router slot is 1
01-05 20:33:42.556	         channel	[Debug]	         mop_link_layer.c:623  MOP_LINK:mop_link_layer_node_init 1
01-05 20:33:42.556	         channel	[Debug]	         mop_link_layer.c:636  MOP_LINK:mop_link_layer_node_init 2
01-05 20:33:42.556	         channel	[Debug]	         mop_link_layer.c:334  MOP_LINK:mop_link_layer_send_thread begin
01-05 20:33:42.556	         channel	[Debug]	         mop_link_layer.c:649  MOP_LINK:mop_link_layer_node_init 3
01-05 20:33:42.556	         channel	[Debug]	         mop_link_layer.c:442  MOP_LINK:mop_link_layer_recv_thread begin
01-05 20:33:42.557	         channel	[Debug]	        dji_mop_channel.c:397  MOP usbbulk channel create, ifhost 0, vid:pid 2ca3:3181, itf 3 epin 132 epout 3, channel id 4
01-05 20:33:42.557	         channel	[Debug]	          mop_net_layer.c:429  MOP_NET:add link node to bak
01-05 20:33:42.557	         channel	[Debug]	dji_stream_channel_usbbulk.c:128  USBBULK channel create, ifhost 0, vid:pid 2ca3:3181, itf 3 epin 132 epout 3, channel id 4
01-05 20:33:42.557	         channel	[Debug]	dji_stream_channel_usbbulk.c:433  Usb bulk port has inited, interfaceNum:3.
01-05 20:33:42.557	         channel	[Debug]	         mop_link_layer.c:229  MOP_LINK:mop_link_layer_reconn_thread begin check_hw_status
01-05 20:33:42.557	         channel	[Debug]	        mop_trans_layer.c:1538 MOP_TRANS:In trans layer bind
01-05 20:33:42.557	         channel	[Debug]	        mop_trans_layer.c:299  MOP_TRANS:bind_channel_process channel id 8848 is ok
01-05 20:33:42.557	         channel	[Debug]	         mop_link_layer.c:243  MOP_LINK:mop_link_layer_reconn_thread begin reconnect
01-05 20:33:42.557	         channel	[Debug]	        mop_trans_layer.c:306  MOP_TRANS:bind_channel_process, before sema post1
01-05 20:33:42.557	         channel	[Debug]	        mop_trans_layer.c:314  MOP_TRANS:bind_channel_process, sema post SUCCESS
01-05 20:33:42.557	         channel	[Debug]	dji_stream_channel_usbbulk.c:228  Register usb bulk recv data callback, channel:4, index:1.
01-05 20:33:42.557	         channel	[Debug]	         mop_link_layer.c:257  MOP_LINK:mop_link_layer_reconn_thread reconnect end
01-05 20:33:42.557	         channel	[Debug]	         mop_link_layer.c:265  MOP_LINK:reconnect success
01-05 20:33:42.557	         channel	[Debug]	          mop_net_layer.c:420  MOP_NET:add link node
01-05 20:33:42.557	         channel	[Debug]	         mop_link_layer.c:450  MOP_LINK:recv thread in, type: 2 slot: 2
01-05 20:33:42.557	         channel	[Debug]	         mop_link_layer.c:271  MOP_LINK:mop_link_layer_reconn_thread start success
01-05 20:33:42.557	         channel	[Debug]	          mop_net_layer.c:1127 MOP_NET:send heart beat req success
01-05 20:33:42.557	         channel	[Debug]	         mop_link_layer.c:342  MOP_LINK:send thread in, type: 2 slot: 2
01-05 20:33:42.557	         channel	[Debug]	         mop_link_layer.c:167  MOP_LINK:entry recv_data func
01-05 20:33:42.557	         channel	[Debug]	         mop_link_layer.c:387  MOP_LINK:0xffff70015c90 snd_tsk psize 24 ret 24, pkt_info: ttype 0x0080 dlen 0 seq 0,(2 2 0)->(0 1 0) 0x66dd
01-05 20:33:42.561	          linker	[Debug]	        dji_protocol_v1.c:189  <0xc539>V1-Send: 0x0503->0x1007 0x198B
01-05 20:33:42.561	          linker	[Debug]	        dji_protocol_v3.c:266  <0xc53a>V3-Send: 03:003F:001E:0x0503 -> 00:003F:001E:0x0200 0x3C10, tLen 85 dLen 64
01-05 20:33:42.561	          linker	[Debug]	        dji_protocol_v3.c:266  <0xc53b>V3-Send: 03:003F:001E:0x0503 -> 00:003F:001E:0x0300 0x3C10, tLen 85 dLen 64
01-05 20:33:42.561	          linker	[Debug]	        dji_protocol_v3.c:266  <0xc53c>V3-Send: 03:003F:001E:0x0503 -> 00:003F:001E:0x1104 0x3C10, tLen 85 dLen 64
01-05 20:33:42.562	          linker	[Debug]	        dji_protocol_v3.c:266  <0xc53d>V3-Send: 03:003F:001E:0x0503 -> 00:003F:001E:0x0701 0x3C10, tLen 85 dLen 64
01-05 20:33:42.562	          linker	[Debug]	        dji_protocol_v3.c:266  <0xc53e>V3-Send: 03:003F:001E:0x0503 -> 00:003F:001E:0x1100 0x3C10, tLen 85 dLen 64
01-05 20:33:42.568	          linker	[Debug]	        dji_protocol_v3.c:387  <0x5484>V3-Recv: 00:003F:001E:0x1204 -> 03:003F:001E:0x0503 0x4900, tLen 23 dLen 2
01-05 20:33:42.568	          linker	[Debug]	        dji_protocol_v3.c:506  0:0x1204 convert to 0092(0x1204)
01-05 20:33:42.568	          linker	[Debug]	        dji_protocol_v3.c:506  3:0x0503 convert to 0065(0x0503)
01-05 20:33:42.568	          linker	[Debug]	            dji_command.c:1128  <0x5484>Receive msg from linker, 0x1204(0x0092)->0x0503(0x0065) 0x4900 len:2
01-05 20:33:42.568	          linker	[Debug]	        dji_protocol_v3.c:266  <0x5484>V3-Send: 03:003F:001E:0x0503 -> 00:003F:001E:0x1204 0x4900, tLen 23 dLen 2
01-05 20:33:42.580	          linker	[Debug]	        dji_protocol_v3.c:387  <0xb01d>V3-Recv: 01:003F:001E:0x0400 -> 03:003F:001E:0x0503 0x0405, tLen 70 dLen 49
01-05 20:33:42.580	          linker	[Debug]	        dji_protocol_v3.c:506  1:0x0400 convert to 0004(0x0400)
01-05 20:33:42.580	          linker	[Debug]	        dji_protocol_v3.c:506  3:0x0503 convert to 0065(0x0503)
01-05 20:33:42.580	          linker	[Debug]	        dji_protocol_v3.c:387  <0x5488>V3-Recv: 00:003F:001E:0x1204 -> 03:003F:001E:0x0503 0x22AD, tLen 68 dLen 47
01-05 20:33:42.580	          linker	[Debug]	        dji_protocol_v3.c:506  0:0x1204 convert to 0092(0x1204)
01-05 20:33:42.580	          linker	[Debug]	        dji_protocol_v3.c:506  3:0x0503 convert to 0065(0x0503)
01-05 20:33:42.580	          linker	[Debug]	            dji_command.c:1128  <0xb01d>Receive msg from linker, 0x0400(0x0004)->0x0503(0x0065) 0x0405 len:49
01-05 20:33:42.581	          linker	[Debug]	            dji_command.c:1128  <0x5488>Receive msg from linker, 0x1204(0x0092)->0x0503(0x0065) 0x22AD len:47
01-05 20:33:42.581	          linker	[Debug]	            dji_command.c:980  received unsupport request cmd that need ack, <0x5488> cmdset: 0x22 cmdid: 0xAD
01-05 20:33:42.592	          linker	[Debug]	        dji_protocol_v3.c:387  <0xb077>V3-Recv: 01:003F:001E:0x0400 -> 03:003F:001E:0x0503 0x0405, tLen 70 dLen 49
01-05 20:33:42.592	          linker	[Debug]	        dji_protocol_v3.c:506  1:0x0400 convert to 0004(0x0400)
01-05 20:33:42.592	          linker	[Debug]	        dji_protocol_v3.c:506  3:0x0503 convert to 0065(0x0503)
01-05 20:33:42.593	          linker	[Debug]	            dji_command.c:1128  <0xb077>Receive msg from linker, 0x0400(0x0004)->0x0503(0x0065) 0x0405 len:49
01-05 20:33:42.606	          linker	[Debug]	        dji_protocol_v3.c:387  <0x2987>V3-Recv: 00:003F:001E:0x0801 -> 03:003F:001E:0x0503 0x0099, tLen 70 dLen 49
01-05 20:33:42.606	          linker	[Debug]	        dji_protocol_v3.c:506  0:0x0801 convert to 0028(0x0801)
01-05 20:33:42.606	          linker	[Debug]	        dji_protocol_v3.c:506  3:0x0503 convert to 0065(0x0503)
01-05 20:33:42.606	          linker	[Debug]	            dji_command.c:1128  <0x2987>Receive msg from linker, 0x0801(0x0028)->0x0503(0x0065) 0x0099 len:49
01-05 20:33:42.618	          linker	[Debug]	        dji_protocol_v3.c:387  <0x2988>V3-Recv: 00:003F:001E:0x0801 -> 03:003F:001E:0x0503 0x0099, tLen 56 dLen 35
01-05 20:33:42.618	          linker	[Debug]	        dji_protocol_v3.c:506  0:0x0801 convert to 0028(0x0801)
01-05 20:33:42.618	          linker	[Debug]	        dji_protocol_v3.c:506  3:0x0503 convert to 0065(0x0503)
01-05 20:33:42.618	          linker	[Debug]	        dji_protocol_v3.c:387  <0xb0d1>V3-Recv: 01:003F:001E:0x0400 -> 03:003F:001E:0x0503 0x0405, tLen 70 dLen 49
01-05 20:33:42.618	          linker	[Debug]	        dji_protocol_v3.c:506  1:0x0400 convert to 0004(0x0400)
01-05 20:33:42.618	          linker	[Debug]	        dji_protocol_v3.c:506  3:0x0503 convert to 0065(0x0503)
01-05 20:33:42.618	          linker	[Debug]	            dji_command.c:1128  <0x2988>Receive msg from linker, 0x0801(0x0028)->0x0503(0x0065) 0x0099 len:35
01-05 20:33:42.619	          linker	[Debug]	            dji_command.c:1128  <0xb0d1>Receive msg from linker, 0x0400(0x0004)->0x0503(0x0065) 0x0405 len:49
01-05 20:33:42.624	          linker	[Debug]	        dji_protocol_v3.c:266  <0xc53f>V3-Send: 03:003F:001E:0x0503 -> 00:003F:001E:0x0200 0x3C1B, tLen 77 dLen 56
01-05 20:33:42.632	          linker	[Debug]	        dji_protocol_v3.c:387  <0xb12f>V3-Recv: 01:003F:001E:0x0400 -> 03:003F:001E:0x0503 0x0405, tLen 70 dLen 49
01-05 20:33:42.632	          linker	[Debug]	        dji_protocol_v3.c:506  1:0x0400 convert to 0004(0x0400)
01-05 20:33:42.632	          linker	[Debug]	        dji_protocol_v3.c:506  3:0x0503 convert to 0065(0x0503)
01-05 20:33:42.632	          linker	[Debug]	            dji_command.c:1128  <0xb12f>Receive msg from linker, 0x0400(0x0004)->0x0503(0x0065) 0x0405 len:49
01-05 20:33:42.650	          linker	[Debug]	        dji_protocol_v3.c:387  <0x7917>V3-Recv: 00:003F:001E:0x0300 -> 03:003F:001E:0x0503 0x3C57, tLen 37 dLen 16
01-05 20:33:42.651	          linker	[Debug]	        dji_protocol_v3.c:506  0:0x0300 convert to 0003(0x0300)
01-05 20:33:42.651	          linker	[Debug]	        dji_protocol_v3.c:506  3:0x0503 convert to 0065(0x0503)
01-05 20:33:42.652	          linker	[Debug]	            dji_command.c:1128  <0x7917>Receive msg from linker, 0x0300(0x0003)->0x0503(0x0065) 0x3C57 len:16
01-05 20:33:42.652	          linker	[Debug]	            dji_command.c:980  received unsupport request cmd that noneed ack, <0x7917> cmdset: 0x3C cmdid: 0x57
01-05 20:33:42.661	          linker	[Debug]	        dji_protocol_v3.c:266  <0xc540>V3-Send: 03:003F:001E:0x0503 -> 00:003F:001E:0x0200 0x3C1F, tLen 58 dLen 37
01-05 20:33:42.669	          linker	[Debug]	        dji_protocol_v3.c:387  <0xb18c>V3-Recv: 01:003F:001E:0x0400 -> 03:003F:001E:0x0503 0x0405, tLen 70 dLen 49
01-05 20:33:42.669	          linker	[Debug]	        dji_protocol_v3.c:506  1:0x0400 convert to 0004(0x0400)
01-05 20:33:42.669	          linker	[Debug]	        dji_protocol_v3.c:506  3:0x0503 convert to 0065(0x0503)
01-05 20:33:42.669	          linker	[Debug]	        dji_protocol_v3.c:387  <0x5494>V3-Recv: 00:003F:001E:0x1204 -> 03:003F:001E:0x0503 0x4900, tLen 23 dLen 2
01-05 20:33:42.669	          linker	[Debug]	        dji_protocol_v3.c:506  0:0x1204 convert to 0092(0x1204)
01-05 20:33:42.669	          linker	[Debug]	        dji_protocol_v3.c:506  3:0x0503 convert to 0065(0x0503)
01-05 20:33:42.670	          linker	[Debug]	            dji_command.c:1128  <0xb18c>Receive msg from linker, 0x0400(0x0004)->0x0503(0x0065) 0x0405 len:49
01-05 20:33:42.671	          linker	[Debug]	            dji_command.c:1128  <0x5494>Receive msg from linker, 0x1204(0x0092)->0x0503(0x0065) 0x4900 len:2
01-05 20:33:42.671	          linker	[Debug]	        dji_protocol_v3.c:266  <0x5494>V3-Send: 03:003F:001E:0x0503 -> 00:003F:001E:0x1204 0x4900, tLen 23 dLen 2
01-05 20:33:42.680	          linker	[Debug]	        dji_protocol_v3.c:387  <0xb1e6>V3-Recv: 01:003F:001E:0x0400 -> 03:003F:001E:0x0503 0x0405, tLen 70 dLen 49
01-05 20:33:42.680	          linker	[Debug]	        dji_protocol_v3.c:506  1:0x0400 convert to 0004(0x0400)
01-05 20:33:42.680	          linker	[Debug]	        dji_protocol_v3.c:506  3:0x0503 convert to 0065(0x0503)
01-05 20:33:42.680	          linker	[Debug]	        dji_protocol_v3.c:387  <0x5498>V3-Recv: 00:003F:001E:0x1204 -> 03:003F:001E:0x0503 0x22AD, tLen 68 dLen 47
01-05 20:33:42.680	          linker	[Debug]	        dji_protocol_v3.c:506  0:0x1204 convert to 0092(0x1204)
01-05 20:33:42.680	          linker	[Debug]	        dji_protocol_v3.c:506  3:0x0503 convert to 0065(0x0503)
01-05 20:33:42.680	          linker	[Debug]	            dji_command.c:1128  <0xb1e6>Receive msg from linker, 0x0400(0x0004)->0x0503(0x0065) 0x0405 len:49
01-05 20:33:42.681	          linker	[Debug]	            dji_command.c:1128  <0x5498>Receive msg from linker, 0x1204(0x0092)->0x0503(0x0065) 0x22AD len:47
01-05 20:33:42.681	          linker	[Debug]	            dji_command.c:980  received unsupport request cmd that need ack, <0x5498> cmdset: 0x22 cmdid: 0xAD
01-05 20:33:42.692	          linker	[Debug]	        dji_protocol_v3.c:387  <0xb240>V3-Recv: 01:003F:001E:0x0400 -> 03:003F:001E:0x0503 0x0405, tLen 70 dLen 49
01-05 20:33:42.692	          linker	[Debug]	        dji_protocol_v3.c:506  1:0x0400 convert to 0004(0x0400)
01-05 20:33:42.692	          linker	[Debug]	        dji_protocol_v3.c:506  3:0x0503 convert to 0065(0x0503)
01-05 20:33:42.693	          linker	[Debug]	            dji_command.c:1128  <0xb240>Receive msg from linker, 0x0400(0x0004)->0x0503(0x0065) 0x0405 len:49
01-05 20:33:42.712	          linker	[Debug]	        dji_protocol_v3.c:387  <0xb29a>V3-Recv: 01:003F:001E:0x0400 -> 03:003F:001E:0x0503 0x0405, tLen 70 dLen 49
01-05 20:33:42.712	          linker	[Debug]	        dji_protocol_v3.c:506  1:0x0400 convert to 0004(0x0400)
01-05 20:33:42.712	          linker	[Debug]	        dji_protocol_v3.c:506  3:0x0503 convert to 0065(0x0503)
01-05 20:33:42.712	          linker	[Debug]	            dji_command.c:1128  <0xb29a>Receive msg from linker, 0x0400(0x0004)->0x0503(0x0065) 0x0405 len:49
01-05 20:33:42.732	          linker	[Debug]	        dji_protocol_v3.c:387  <0xb2f7>V3-Recv: 01:003F:001E:0x0400 -> 03:003F:001E:0x0503 0x0405, tLen 70 dLen 49
01-05 20:33:42.732	          linker	[Debug]	        dji_protocol_v3.c:506  1:0x0400 convert to 0004(0x0400)
01-05 20:33:42.732	          linker	[Debug]	        dji_protocol_v3.c:506  3:0x0503 convert to 0065(0x0503)
01-05 20:33:42.733	          linker	[Debug]	            dji_command.c:1128  <0xb2f7>Receive msg from linker, 0x0400(0x0004)->0x0503(0x0065) 0x0405 len:49
01-05 20:33:42.752	          linker	[Debug]	        dji_protocol_v3.c:387  <0xb354>V3-Recv: 01:003F:001E:0x0400 -> 03:003F:001E:0x0503 0x0405, tLen 70 dLen 49
01-05 20:33:42.752	          linker	[Debug]	        dji_protocol_v3.c:506  1:0x0400 convert to 0004(0x0400)
01-05 20:33:42.752	          linker	[Debug]	        dji_protocol_v3.c:506  3:0x0503 convert to 0065(0x0503)
01-05 20:33:42.752	          linker	[Debug]	            dji_command.c:1128  <0xb354>Receive msg from linker, 0x0400(0x0004)->0x0503(0x0065) 0x0405 len:49
01-05 20:33:42.760	         channel	[Debug]	         mop_link_layer.c:169  MOP_LINK:return from recv_data func
01-05 20:33:42.761	         channel	[Debug]	         mop_link_layer.c:167  MOP_LINK:entry recv_data func
01-05 20:33:42.768	          linker	[Debug]	        dji_protocol_v3.c:387  <0x54a4>V3-Recv: 00:003F:001E:0x1204 -> 03:003F:001E:0x0503 0x4900, tLen 23 dLen 2
01-05 20:33:42.768	          linker	[Debug]	        dji_protocol_v3.c:506  0:0x1204 convert to 0092(0x1204)
01-05 20:33:42.768	          linker	[Debug]	        dji_protocol_v3.c:506  3:0x0503 convert to 0065(0x0503)
01-05 20:33:42.768	          linker	[Debug]	            dji_command.c:1128  <0x54a4>Receive msg from linker, 0x1204(0x0092)->0x0503(0x0065) 0x4900 len:2
01-05 20:33:42.768	          linker	[Debug]	        dji_protocol_v3.c:266  <0x54a4>V3-Send: 03:003F:001E:0x0503 -> 00:003F:001E:0x1204 0x4900, tLen 23 dLen 2
01-05 20:33:42.777	          linker	[Debug]	        dji_protocol_v1.c:189  <0xc541>V1-Send: 0x0503->0x1007 0x198B
01-05 20:33:42.777	          linker	[Debug]	        dji_protocol_v3.c:266  <0xc542>V3-Send: 03:003F:001E:0x0503 -> 00:003F:001E:0x0200 0x3C10, tLen 85 dLen 64
01-05 20:33:42.777	          linker	[Debug]	        dji_protocol_v3.c:266  <0xc543>V3-Send: 03:003F:001E:0x0503 -> 00:003F:001E:0x0300 0x3C10, tLen 85 dLen 64
01-05 20:33:42.778	          linker	[Debug]	        dji_protocol_v3.c:266  <0xc544>V3-Send: 03:003F:001E:0x0503 -> 00:003F:001E:0x1104 0x3C10, tLen 85 dLen 64
01-05 20:33:42.778	          linker	[Debug]	        dji_protocol_v3.c:266  <0xc545>V3-Send: 03:003F:001E:0x0503 -> 00:003F:001E:0x0701 0x3C10, tLen 85 dLen 64
01-05 20:33:42.778	          linker	[Debug]	        dji_protocol_v3.c:266  <0xc546>V3-Send: 03:003F:001E:0x0503 -> 00:003F:001E:0x1100 0x3C10, tLen 85 dLen 64
01-05 20:33:42.779	          linker	[Debug]	        dji_protocol_v3.c:387  <0xb3ae>V3-Recv: 01:003F:001E:0x0400 -> 03:003F:001E:0x0503 0x0405, tLen 70 dLen 49
01-05 20:33:42.780	          linker	[Debug]	        dji_protocol_v3.c:506  1:0x0400 convert to 0004(0x0400)
01-05 20:33:42.780	          linker	[Debug]	        dji_protocol_v3.c:506  3:0x0503 convert to 0065(0x0503)
01-05 20:33:42.780	          linker	[Debug]	        dji_protocol_v3.c:387  <0x54a8>V3-Recv: 00:003F:001E:0x1204 -> 03:003F:001E:0x0503 0x0000, tLen 22 dLen 1
01-05 20:33:42.780	          linker	[Debug]	        dji_protocol_v3.c:506  0:0x1204 convert to 0092(0x1204)
01-05 20:33:42.780	          linker	[Debug]	        dji_protocol_v3.c:506  3:0x0503 convert to 0065(0x0503)
01-05 20:33:42.780	          linker	[Debug]	            dji_command.c:1128  <0xb3ae>Receive msg from linker, 0x0400(0x0004)->0x0503(0x0065) 0x0405 len:49
01-05 20:33:42.781	          linker	[Debug]	            dji_command.c:1128  <0x54a8>Receive msg from linker, 0x1204(0x0092)->0x0503(0x0065) 0x0000 len:1
01-05 20:33:42.781	          linker	[Debug]	        dji_protocol_v3.c:266  <0x54a8>V3-Send: 03:003F:001E:0x0503 -> 00:003F:001E:0x1204 0x0000, tLen 22 dLen 1
01-05 20:33:42.791	          linker	[Debug]	        dji_protocol_v3.c:387  <0x54aa>V3-Recv: 00:003F:001E:0x1204 -> 03:003F:001E:0x0503 0x22AD, tLen 68 dLen 47
01-05 20:33:42.791	          linker	[Debug]	        dji_protocol_v3.c:506  0:0x1204 convert to 0092(0x1204)
01-05 20:33:42.791	          linker	[Debug]	        dji_protocol_v3.c:506  3:0x0503 convert to 0065(0x0503)
01-05 20:33:42.792	          linker	[Debug]	            dji_command.c:1128  <0x54aa>Receive msg from linker, 0x1204(0x0092)->0x0503(0x0065) 0x22AD len:47
01-05 20:33:42.792	          linker	[Debug]	            dji_command.c:980  received unsupport request cmd that need ack, <0x54aa> cmdset: 0x22 cmdid: 0xAD
01-05 20:33:42.802	          linker	[Debug]	        dji_protocol_v1.c:309  <0x2035>V1-Recv: 0x0A06->0x0503 0x0866
01-05 20:33:42.803	          linker	[Debug]	            dji_command.c:1128  <0x2035>Receive msg from linker, 0x0A06(0x00CA)->0x0503(0x0065) 0x0866 len:96
01-05 20:33:42.803	          linker	[Debug]	            dji_command.c:980  received unsupport request cmd that noneed ack, <0x2035> cmdset: 0x08 cmdid: 0x66
01-05 20:33:42.808	          linker	[Debug]	        dji_protocol_v3.c:387  <0xb408>V3-Recv: 01:003F:001E:0x0400 -> 03:003F:001E:0x0503 0x0405, tLen 70 dLen 49
01-05 20:33:42.808	          linker	[Debug]	        dji_protocol_v3.c:506  1:0x0400 convert to 0004(0x0400)
01-05 20:33:42.808	          linker	[Debug]	        dji_protocol_v3.c:506  3:0x0503 convert to 0065(0x0503)
01-05 20:33:42.808	          linker	[Debug]	            dji_command.c:1128  <0xb408>Receive msg from linker, 0x0400(0x0004)->0x0503(0x0065) 0x0405 len:49
01-05 20:33:42.825	          linker	[Debug]	        dji_protocol_v3.c:387  <0x2989>V3-Recv: 00:003F:001E:0x0801 -> 03:003F:001E:0x0503 0x0099, tLen 95 dLen 74
01-05 20:33:42.825	          linker	[Debug]	        dji_protocol_v3.c:506  0:0x0801 convert to 0028(0x0801)
01-05 20:33:42.825	          linker	[Debug]	        dji_protocol_v3.c:506  3:0x0503 convert to 0065(0x0503)
01-05 20:33:42.825	          linker	[Debug]	        dji_protocol_v3.c:387  <0xb462>V3-Recv: 01:003F:001E:0x0400 -> 03:003F:001E:0x0503 0x0405, tLen 70 dLen 49
01-05 20:33:42.825	          linker	[Debug]	        dji_protocol_v3.c:506  1:0x0400 convert to 0004(0x0400)
01-05 20:33:42.825	          linker	[Debug]	        dji_protocol_v3.c:506  3:0x0503 convert to 0065(0x0503)
01-05 20:33:42.825	          linker	[Debug]	            dji_command.c:1128  <0x2989>Receive msg from linker, 0x0801(0x0028)->0x0503(0x0065) 0x0099 len:74
01-05 20:33:42.826	          linker	[Debug]	            dji_command.c:1128  <0xb462>Receive msg from linker, 0x0400(0x0004)->0x0503(0x0065) 0x0405 len:49
01-05 20:33:42.839	          linker	[Debug]	        dji_protocol_v3.c:387  <0xb4be>V3-Recv: 01:003F:001E:0x0400 -> 03:003F:001E:0x0503 0x0405, tLen 70 dLen 49
01-05 20:33:42.839	          linker	[Debug]	        dji_protocol_v3.c:506  1:0x0400 convert to 0004(0x0400)
01-05 20:33:42.839	          linker	[Debug]	        dji_protocol_v3.c:506  3:0x0503 convert to 0065(0x0503)
01-05 20:33:42.839	          linker	[Debug]	            dji_command.c:1128  <0xb4be>Receive msg from linker, 0x0400(0x0004)->0x0503(0x0065) 0x0405 len:49
01-05 20:33:42.840	          linker	[Debug]	        dji_protocol_v3.c:266  <0xc547>V3-Send: 03:003F:001E:0x0503 -> 00:003F:001E:0x0200 0x3C1B, tLen 77 dLen 56
01-05 20:33:42.850	          linker	[Debug]	        dji_protocol_v3.c:387  <0x7a8b>V3-Recv: 00:003F:001E:0x0300 -> 03:003F:001E:0x0503 0x3C57, tLen 37 dLen 16
01-05 20:33:42.850	          linker	[Debug]	        dji_protocol_v3.c:506  0:0x0300 convert to 0003(0x0300)
01-05 20:33:42.850	          linker	[Debug]	        dji_protocol_v3.c:506  3:0x0503 convert to 0065(0x0503)
01-05 20:33:42.851	          linker	[Debug]	            dji_command.c:1128  <0x7a8b>Receive msg from linker, 0x0300(0x0003)->0x0503(0x0065) 0x3C57 len:16
01-05 20:33:42.851	          linker	[Debug]	            dji_command.c:980  received unsupport request cmd that noneed ack, <0x7a8b> cmdset: 0x3C cmdid: 0x57
01-05 20:33:42.861	          linker	[Debug]	        dji_protocol_v3.c:266  <0xc548>V3-Send: 03:003F:001E:0x0503 -> 00:003F:001E:0x0200 0x3C1F, tLen 58 dLen 37
01-05 20:33:42.869	          linker	[Debug]	        dji_protocol_v3.c:387  <0xb51a>V3-Recv: 01:003F:001E:0x0400 -> 03:003F:001E:0x0503 0x0405, tLen 70 dLen 49
01-05 20:33:42.869	          linker	[Debug]	        dji_protocol_v3.c:506  1:0x0400 convert to 0004(0x0400)
01-05 20:33:42.869	          linker	[Debug]	        dji_protocol_v3.c:506  3:0x0503 convert to 0065(0x0503)
01-05 20:33:42.869	          linker	[Debug]	        dji_protocol_v3.c:387  <0x54b6>V3-Recv: 00:003F:001E:0x1204 -> 03:003F:001E:0x0503 0x4900, tLen 23 dLen 2
01-05 20:33:42.869	          linker	[Debug]	        dji_protocol_v3.c:506  0:0x1204 convert to 0092(0x1204)
01-05 20:33:42.869	          linker	[Debug]	        dji_protocol_v3.c:506  3:0x0503 convert to 0065(0x0503)
01-05 20:33:42.869	          linker	[Debug]	            dji_command.c:1128  <0xb51a>Receive msg from linker, 0x0400(0x0004)->0x0503(0x0065) 0x0405 len:49
01-05 20:33:42.870	          linker	[Debug]	            dji_command.c:1128  <0x54b6>Receive msg from linker, 0x1204(0x0092)->0x0503(0x0065) 0x4900 len:2
01-05 20:33:42.870	          linker	[Debug]	        dji_protocol_v3.c:266  <0x54b6>V3-Send: 03:003F:001E:0x0503 -> 00:003F:001E:0x1204 0x4900, tLen 23 dLen 2
01-05 20:33:42.880	          linker	[Debug]	        dji_protocol_v3.c:387  <0xb574>V3-Recv: 01:003F:001E:0x0400 -> 03:003F:001E:0x0503 0x0405, tLen 70 dLen 49
01-05 20:33:42.880	          linker	[Debug]	        dji_protocol_v3.c:506  1:0x0400 convert to 0004(0x0400)
01-05 20:33:42.880	          linker	[Debug]	        dji_protocol_v3.c:506  3:0x0503 convert to 0065(0x0503)
01-05 20:33:42.880	          linker	[Debug]	        dji_protocol_v3.c:387  <0x54ba>V3-Recv: 00:003F:001E:0x1204 -> 03:003F:001E:0x0503 0x22AD, tLen 68 dLen 47
01-05 20:33:42.880	          linker	[Debug]	        dji_protocol_v3.c:506  0:0x1204 convert to 0092(0x1204)
01-05 20:33:42.880	          linker	[Debug]	        dji_protocol_v3.c:506  3:0x0503 convert to 0065(0x0503)
01-05 20:33:42.880	          linker	[Debug]	            dji_command.c:1128  <0xb574>Receive msg from linker, 0x0400(0x0004)->0x0503(0x0065) 0x0405 len:49
01-05 20:33:42.881	          linker	[Debug]	            dji_command.c:1128  <0x54ba>Receive msg from linker, 0x1204(0x0092)->0x0503(0x0065) 0x22AD len:47
01-05 20:33:42.881	          linker	[Debug]	            dji_command.c:980  received unsupport request cmd that need ack, <0x54ba> cmdset: 0x22 cmdid: 0xAD
01-05 20:33:42.892	          linker	[Debug]	        dji_protocol_v3.c:387  <0xb5d6>V3-Recv: 01:003F:001E:0x0400 -> 03:003F:001E:0x0503 0x0405, tLen 70 dLen 49
01-05 20:33:42.892	          linker	[Debug]	        dji_protocol_v3.c:506  1:0x0400 convert to 0004(0x0400)
01-05 20:33:42.892	          linker	[Debug]	        dji_protocol_v3.c:506  3:0x0503 convert to 0065(0x0503)
01-05 20:33:42.893	          linker	[Debug]	            dji_command.c:1128  <0xb5d6>Receive msg from linker, 0x0400(0x0004)->0x0503(0x0065) 0x0405 len:49
01-05 20:33:42.912	          linker	[Debug]	        dji_protocol_v3.c:387  <0xb634>V3-Recv: 01:003F:001E:0x0400 -> 03:003F:001E:0x0503 0x0405, tLen 70 dLen 49
01-05 20:33:42.912	          linker	[Debug]	        dji_protocol_v3.c:506  1:0x0400 convert to 0004(0x0400)
01-05 20:33:42.912	          linker	[Debug]	        dji_protocol_v3.c:506  3:0x0503 convert to 0065(0x0503)
01-05 20:33:42.912	          linker	[Debug]	            dji_command.c:1128  <0xb634>Receive msg from linker, 0x0400(0x0004)->0x0503(0x0065) 0x0405 len:49
01-05 20:33:42.932	          linker	[Debug]	        dji_protocol_v3.c:387  <0xb690>V3-Recv: 01:003F:001E:0x0400 -> 03:003F:001E:0x0503 0x0405, tLen 70 dLen 49
01-05 20:33:42.932	          linker	[Debug]	        dji_protocol_v3.c:506  1:0x0400 convert to 0004(0x0400)
01-05 20:33:42.932	          linker	[Debug]	        dji_protocol_v3.c:506  3:0x0503 convert to 0065(0x0503)
01-05 20:33:42.933	          linker	[Debug]	            dji_command.c:1128  <0xb690>Receive msg from linker, 0x0400(0x0004)->0x0503(0x0065) 0x0405 len:49
01-05 20:33:42.952	          linker	[Debug]	        dji_protocol_v3.c:387  <0xb6ec>V3-Recv: 01:003F:001E:0x0400 -> 03:003F:001E:0x0503 0x0405, tLen 70 dLen 49
01-05 20:33:42.952	          linker	[Debug]	        dji_protocol_v3.c:506  1:0x0400 convert to 0004(0x0400)
01-05 20:33:42.952	          linker	[Debug]	        dji_protocol_v3.c:506  3:0x0503 convert to 0065(0x0503)
01-05 20:33:42.953	          linker	[Debug]	            dji_command.c:1128  <0xb6ec>Receive msg from linker, 0x0400(0x0004)->0x0503(0x0065) 0x0405 len:49
01-05 20:33:42.964	         channel	[Debug]	         mop_link_layer.c:169  MOP_LINK:return from recv_data func
01-05 20:33:42.964	         channel	[Debug]	         mop_link_layer.c:167  MOP_LINK:entry recv_data func
01-05 20:33:42.968	          linker	[Debug]	        dji_protocol_v3.c:387  <0x54c6>V3-Recv: 00:003F:001E:0x1204 -> 03:003F:001E:0x0503 0x4900, tLen 23 dLen 2
01-05 20:33:42.968	          linker	[Debug]	        dji_protocol_v3.c:506  0:0x1204 convert to 0092(0x1204)
01-05 20:33:42.968	          linker	[Debug]	        dji_protocol_v3.c:506  3:0x0503 convert to 0065(0x0503)
01-05 20:33:42.968	          linker	[Debug]	            dji_command.c:1128  <0x54c6>Receive msg from linker, 0x1204(0x0092)->0x0503(0x0065) 0x4900 len:2
01-05 20:33:42.968	          linker	[Debug]	        dji_protocol_v3.c:266  <0x54c6>V3-Send: 03:003F:001E:0x0503 -> 00:003F:001E:0x1204 0x4900, tLen 23 dLen 2
01-05 20:33:42.980	          linker	[Debug]	        dji_protocol_v3.c:387  <0xb746>V3-Recv: 01:003F:001E:0x0400 -> 03:003F:001E:0x0503 0x0405, tLen 70 dLen 49
01-05 20:33:42.980	          linker	[Debug]	        dji_protocol_v3.c:506  1:0x0400 convert to 0004(0x0400)
01-05 20:33:42.980	          linker	[Debug]	        dji_protocol_v3.c:506  3:0x0503 convert to 0065(0x0503)
01-05 20:33:42.980	          linker	[Debug]	        dji_protocol_v3.c:387  <0x54ca>V3-Recv: 00:003F:001E:0x1204 -> 03:003F:001E:0x0503 0x22AD, tLen 68 dLen 47
01-05 20:33:42.980	          linker	[Debug]	        dji_protocol_v3.c:506  0:0x1204 convert to 0092(0x1204)
01-05 20:33:42.980	          linker	[Debug]	        dji_protocol_v3.c:506  3:0x0503 convert to 0065(0x0503)
01-05 20:33:42.980	          linker	[Debug]	            dji_command.c:1128  <0xb746>Receive msg from linker, 0x0400(0x0004)->0x0503(0x0065) 0x0405 len:49
01-05 20:33:42.981	          linker	[Debug]	            dji_command.c:1128  <0x54ca>Receive msg from linker, 0x1204(0x0092)->0x0503(0x0065) 0x22AD len:47
01-05 20:33:42.981	          linker	[Debug]	            dji_command.c:980  received unsupport request cmd that need ack, <0x54ca> cmdset: 0x22 cmdid: 0xAD
01-05 20:33:42.992	          linker	[Debug]	        dji_protocol_v3.c:387  <0xb7a0>V3-Recv: 01:003F:001E:0x0400 -> 03:003F:001E:0x0503 0x0405, tLen 70 dLen 49
01-05 20:33:42.992	          linker	[Debug]	        dji_protocol_v3.c:506  1:0x0400 convert to 0004(0x0400)
01-05 20:33:42.992	          linker	[Debug]	        dji_protocol_v3.c:506  3:0x0503 convert to 0065(0x0503)
01-05 20:33:42.993	          linker	[Debug]	            dji_command.c:1128  <0xb7a0>Receive msg from linker, 0x0400(0x0004)->0x0503(0x0065) 0x0405 len:49
01-05 20:33:42.993	          linker	[Debug]	        dji_protocol_v1.c:189  <0xc549>V1-Send: 0x0503->0x1007 0x198B
01-05 20:33:42.993	          linker	[Debug]	        dji_protocol_v3.c:266  <0xc54a>V3-Send: 03:003F:001E:0x0503 -> 00:003F:001E:0x0200 0x3C10, tLen 85 dLen 64
01-05 20:33:42.993	          linker	[Debug]	        dji_protocol_v3.c:266  <0xc54b>V3-Send: 03:003F:001E:0x0503 -> 00:003F:001E:0x0300 0x3C10, tLen 85 dLen 64
01-05 20:33:42.994	          linker	[Debug]	        dji_protocol_v3.c:266  <0xc54c>V3-Send: 03:003F:001E:0x0503 -> 00:003F:001E:0x1104 0x3C10, tLen 85 dLen 64
01-05 20:33:42.994	          linker	[Debug]	        dji_protocol_v3.c:266  <0xc54d>V3-Send: 03:003F:001E:0x0503 -> 00:003F:001E:0x0701 0x3C10, tLen 85 dLen 64
01-05 20:33:42.994	          linker	[Debug]	        dji_protocol_v3.c:266  <0xc54e>V3-Send: 03:003F:001E:0x0503 -> 00:003F:001E:0x1100 0x3C10, tLen 85 dLen 64
01-05 20:33:43.012	          linker	[Debug]	        dji_protocol_v3.c:387  <0xb7fa>V3-Recv: 01:003F:001E:0x0400 -> 03:003F:001E:0x0503 0x0405, tLen 70 dLen 49
01-05 20:33:43.012	          linker	[Debug]	        dji_protocol_v3.c:506  1:0x0400 convert to 0004(0x0400)
01-05 20:33:43.012	          linker	[Debug]	        dji_protocol_v3.c:506  3:0x0503 convert to 0065(0x0503)
01-05 20:33:43.013	          linker	[Debug]	            dji_command.c:1128  <0xb7fa>Receive msg from linker, 0x0400(0x0004)->0x0503(0x0065) 0x0405 len:49
01-05 20:33:43.032	          linker	[Debug]	        dji_protocol_v3.c:387  <0xb856>V3-Recv: 01:003F:001E:0x0400 -> 03:003F:001E:0x0503 0x0405, tLen 70 dLen 49
01-05 20:33:43.032	          linker	[Debug]	        dji_protocol_v3.c:506  1:0x0400 convert to 0004(0x0400)
01-05 20:33:43.032	          linker	[Debug]	        dji_protocol_v3.c:506  3:0x0503 convert to 0065(0x0503)
01-05 20:33:43.033	          linker	[Debug]	            dji_command.c:1128  <0xb856>Receive msg from linker, 0x0400(0x0004)->0x0503(0x0065) 0x0405 len:49
01-05 20:33:43.050	          linker	[Debug]	        dji_protocol_v3.c:387  <0x7bed>V3-Recv: 00:003F:001E:0x0300 -> 03:003F:001E:0x0503 0x3C57, tLen 37 dLen 16
01-05 20:33:43.050	          linker	[Debug]	        dji_protocol_v3.c:506  0:0x0300 convert to 0003(0x0300)
01-05 20:33:43.051	          linker	[Debug]	        dji_protocol_v3.c:506  3:0x0503 convert to 0065(0x0503)
01-05 20:33:43.051	          linker	[Debug]	            dji_command.c:1128  <0x7bed>Receive msg from linker, 0x0300(0x0003)->0x0503(0x0065) 0x3C57 len:16
01-05 20:33:43.051	          linker	[Debug]	            dji_command.c:980  received unsupport request cmd that noneed ack, <0x7bed> cmdset: 0x3C cmdid: 0x57
01-05 20:33:43.057	          linker	[Debug]	        dji_protocol_v3.c:266  <0xc54f>V3-Send: 03:003F:001E:0x0503 -> 00:003F:001E:0x0200 0x3C1B, tLen 77 dLen 56
01-05 20:33:43.061	          linker	[Debug]	        dji_protocol_v3.c:266  <0xc550>V3-Send: 03:003F:001E:0x0503 -> 00:003F:001E:0x0200 0x3C1F, tLen 58 dLen 37
01-05 20:33:43.069	          linker	[Debug]	        dji_protocol_v3.c:387  <0xb8b2>V3-Recv: 01:003F:001E:0x0400 -> 03:003F:001E:0x0503 0x0405, tLen 70 dLen 49
01-05 20:33:43.069	          linker	[Debug]	        dji_protocol_v3.c:506  1:0x0400 convert to 0004(0x0400)
01-05 20:33:43.069	          linker	[Debug]	        dji_protocol_v3.c:506  3:0x0503 convert to 0065(0x0503)
01-05 20:33:43.069	          linker	[Debug]	        dji_protocol_v3.c:387  <0x54d6>V3-Recv: 00:003F:001E:0x1204 -> 03:003F:001E:0x0503 0x4900, tLen 23 dLen 2
01-05 20:33:43.069	          linker	[Debug]	        dji_protocol_v3.c:506  0:0x1204 convert to 0092(0x1204)
01-05 20:33:43.069	          linker	[Debug]	        dji_protocol_v3.c:506  3:0x0503 convert to 0065(0x0503)
01-05 20:33:43.070	          linker	[Debug]	            dji_command.c:1128  <0xb8b2>Receive msg from linker, 0x0400(0x0004)->0x0503(0x0065) 0x0405 len:49
01-05 20:33:43.071	          linker	[Debug]	            dji_command.c:1128  <0x54d6>Receive msg from linker, 0x1204(0x0092)->0x0503(0x0065) 0x4900 len:2
01-05 20:33:43.071	          linker	[Debug]	        dji_protocol_v3.c:266  <0x54d6>V3-Send: 03:003F:001E:0x0503 -> 00:003F:001E:0x1204 0x4900, tLen 23 dLen 2
01-05 20:33:43.074	          linker	[Debug]	        dji_protocol_v3.c:266  <0xc551>V3-Send: 03:003F:001E:0x0503 -> 00:003F:001E:0x0801 0x0000, tLen 21 dLen 0
01-05 20:33:43.074	           infor	[Debug]	dji_aircraft_connection.c:170  check connect status:1
01-05 20:33:43.080	          linker	[Debug]	        dji_protocol_v3.c:387  <0xb90c>V3-Recv: 01:003F:001E:0x0400 -> 03:003F:001E:0x0503 0x0405, tLen 70 dLen 49
01-05 20:33:43.080	          linker	[Debug]	        dji_protocol_v3.c:506  1:0x0400 convert to 0004(0x0400)
01-05 20:33:43.080	          linker	[Debug]	        dji_protocol_v3.c:506  3:0x0503 convert to 0065(0x0503)
01-05 20:33:43.080	          linker	[Debug]	        dji_protocol_v3.c:387  <0xc551>V3-Recv: 00:003F:001E:0x0801 -> 03:003F:001E:0x0503 0x0000, tLen 22 dLen 1
01-05 20:33:43.080	          linker	[Debug]	        dji_protocol_v3.c:506  0:0x0801 convert to 0028(0x0801)
01-05 20:33:43.080	          linker	[Debug]	        dji_protocol_v3.c:506  3:0x0503 convert to 0065(0x0503)
01-05 20:33:43.080	          linker	[Debug]	        dji_protocol_v3.c:387  <0x54da>V3-Recv: 00:003F:001E:0x1204 -> 03:003F:001E:0x0503 0x22AD, tLen 68 dLen 47
01-05 20:33:43.080	          linker	[Debug]	        dji_protocol_v3.c:506  0:0x1204 convert to 0092(0x1204)
01-05 20:33:43.080	          linker	[Debug]	        dji_protocol_v3.c:506  3:0x0503 convert to 0065(0x0503)
01-05 20:33:43.081	          linker	[Debug]	            dji_command.c:1128  <0xb90c>Receive msg from linker, 0x0400(0x0004)->0x0503(0x0065) 0x0405 len:49
01-05 20:33:43.082	          linker	[Debug]	            dji_command.c:1128  <0xc551>Receive msg from linker, 0x0801(0x0028)->0x0503(0x0065) 0x0000 len:1
01-05 20:33:43.082	           infor	[Debug]	dji_aircraft_connection.c:303  connect status async sucess
01-05 20:33:43.082	          linker	[Debug]	            dji_command.c:890  callback function (cmdset: 0x00 cmdid: 0x00) deal time: 0 ms
01-05 20:33:43.083	          linker	[Debug]	            dji_command.c:1128  <0x54da>Receive msg from linker, 0x1204(0x0092)->0x0503(0x0065) 0x22AD len:47
01-05 20:33:43.083	          linker	[Debug]	            dji_command.c:980  received unsupport request cmd that need ack, <0x54da> cmdset: 0x22 cmdid: 0xAD
01-05 20:33:43.092	          linker	[Debug]	        dji_protocol_v3.c:387  <0xb966>V3-Recv: 01:003F:001E:0x0400 -> 03:003F:001E:0x0503 0x0405, tLen 70 dLen 49
01-05 20:33:43.092	          linker	[Debug]	        dji_protocol_v3.c:506  1:0x0400 convert to 0004(0x0400)
01-05 20:33:43.092	          linker	[Debug]	        dji_protocol_v3.c:506  3:0x0503 convert to 0065(0x0503)
01-05 20:33:43.093	          linker	[Debug]	            dji_command.c:1128  <0xb966>Receive msg from linker, 0x0400(0x0004)->0x0503(0x0065) 0x0405 len:49
01-05 20:33:43.111	          linker	[Debug]	        dji_protocol_v3.c:387  <0x298a>V3-Recv: 00:003F:001E:0x0801 -> 03:003F:001E:0x0503 0x0099, tLen 58 dLen 37
01-05 20:33:43.111	          linker	[Debug]	        dji_protocol_v3.c:506  0:0x0801 convert to 0028(0x0801)
01-05 20:33:43.111	          linker	[Debug]	        dji_protocol_v3.c:506  3:0x0503 convert to 0065(0x0503)
01-05 20:33:43.112	          linker	[Debug]	            dji_command.c:1128  <0x298a>Receive msg from linker, 0x0801(0x0028)->0x0503(0x0065) 0x0099 len:37
01-05 20:33:43.127	          linker	[Debug]	        dji_protocol_v3.c:387  <0xb9c0>V3-Recv: 01:003F:001E:0x0400 -> 03:003F:001E:0x0503 0x0405, tLen 70 dLen 49
01-05 20:33:43.127	          linker	[Debug]	        dji_protocol_v3.c:506  1:0x0400 convert to 0004(0x0400)
01-05 20:33:43.127	          linker	[Debug]	        dji_protocol_v3.c:506  3:0x0503 convert to 0065(0x0503)
01-05 20:33:43.128	          linker	[Debug]	            dji_command.c:1128  <0xb9c0>Receive msg from linker, 0x0400(0x0004)->0x0503(0x0065) 0x0405 len:49
01-05 20:33:43.146	          linker	[Debug]	        dji_protocol_v3.c:387  <0xba20>V3-Recv: 01:003F:001E:0x0400 -> 03:003F:001E:0x0503 0x0405, tLen 70 dLen 49
01-05 20:33:43.146	          linker	[Debug]	        dji_protocol_v3.c:506  1:0x0400 convert to 0004(0x0400)
01-05 20:33:43.146	          linker	[Debug]	        dji_protocol_v3.c:506  3:0x0503 convert to 0065(0x0503)
01-05 20:33:43.146	          linker	[Debug]	            dji_command.c:1128  <0xba20>Receive msg from linker, 0x0400(0x0004)->0x0503(0x0065) 0x0405 len:49
01-05 20:33:43.158	          linker	[Debug]	        dji_protocol_v3.c:387  <0xba7e>V3-Recv: 01:003F:001E:0x0400 -> 03:003F:001E:0x0503 0x0405, tLen 70 dLen 49
01-05 20:33:43.158	          linker	[Debug]	        dji_protocol_v3.c:506  1:0x0400 convert to 0004(0x0400)
01-05 20:33:43.158	          linker	[Debug]	        dji_protocol_v3.c:506  3:0x0503 convert to 0065(0x0503)
01-05 20:33:43.158	          linker	[Debug]	            dji_command.c:1128  <0xba7e>Receive msg from linker, 0x0400(0x0004)->0x0503(0x0065) 0x0405 len:49
01-05 20:33:43.168	         channel	[Debug]	         mop_link_layer.c:169  MOP_LINK:return from recv_data func
01-05 20:33:43.168	         channel	[Debug]	         mop_link_layer.c:167  MOP_LINK:entry recv_data func
01-05 20:33:43.172	          linker	[Debug]	        dji_protocol_v3.c:387  <0x54e7>V3-Recv: 00:003F:001E:0x1204 -> 03:003F:001E:0x0503 0x4900, tLen 23 dLen 2
01-05 20:33:43.172	          linker	[Debug]	        dji_protocol_v3.c:506  0:0x1204 convert to 0092(0x1204)
01-05 20:33:43.172	          linker	[Debug]	        dji_protocol_v3.c:506  3:0x0503 convert to 0065(0x0503)
01-05 20:33:43.172	          linker	[Debug]	        dji_protocol_v3.c:387  <0xbad8>V3-Recv: 01:003F:001E:0x0400 -> 03:003F:001E:0x0503 0x0405, tLen 70 dLen 49
01-05 20:33:43.172	          linker	[Debug]	        dji_protocol_v3.c:506  1:0x0400 convert to 0004(0x0400)
01-05 20:33:43.172	          linker	[Debug]	        dji_protocol_v3.c:506  3:0x0503 convert to 0065(0x0503)
01-05 20:33:43.172	          linker	[Debug]	            dji_command.c:1128  <0x54e7>Receive msg from linker, 0x1204(0x0092)->0x0503(0x0065) 0x4900 len:2
01-05 20:33:43.172	          linker	[Debug]	        dji_protocol_v3.c:266  <0x54e7>V3-Send: 03:003F:001E:0x0503 -> 00:003F:001E:0x1204 0x4900, tLen 23 dLen 2
01-05 20:33:43.174	          linker	[Debug]	            dji_command.c:1128  <0xbad8>Receive msg from linker, 0x0400(0x0004)->0x0503(0x0065) 0x0405 len:49
01-05 20:33:43.188	          linker	[Debug]	        dji_protocol_v3.c:387  <0x54eb>V3-Recv: 00:003F:001E:0x1204 -> 03:003F:001E:0x0503 0x22AD, tLen 68 dLen 47
01-05 20:33:43.188	          linker	[Debug]	        dji_protocol_v3.c:506  0:0x1204 convert to 0092(0x1204)
01-05 20:33:43.188	          linker	[Debug]	        dji_protocol_v3.c:506  3:0x0503 convert to 0065(0x0503)
01-05 20:33:43.189	          linker	[Debug]	            dji_command.c:1128  <0x54eb>Receive msg from linker, 0x1204(0x0092)->0x0503(0x0065) 0x22AD len:47
01-05 20:33:43.189	          linker	[Debug]	            dji_command.c:980  received unsupport request cmd that need ack, <0x54eb> cmdset: 0x22 cmdid: 0xAD
01-05 20:33:43.205	          linker	[Debug]	        dji_protocol_v3.c:387  <0xbb32>V3-Recv: 01:003F:001E:0x0400 -> 03:003F:001E:0x0503 0x0405, tLen 70 dLen 49
01-05 20:33:43.205	          linker	[Debug]	        dji_protocol_v3.c:506  1:0x0400 convert to 0004(0x0400)
01-05 20:33:43.205	          linker	[Debug]	        dji_protocol_v3.c:506  3:0x0503 convert to 0065(0x0503)
01-05 20:33:43.206	          linker	[Debug]	            dji_command.c:1128  <0xbb32>Receive msg from linker, 0x0400(0x0004)->0x0503(0x0065) 0x0405 len:49
01-05 20:33:43.210	          linker	[Debug]	        dji_protocol_v1.c:189  <0xc552>V1-Send: 0x0503->0x1007 0x198B
01-05 20:33:43.210	          linker	[Debug]	        dji_protocol_v3.c:266  <0xc553>V3-Send: 03:003F:001E:0x0503 -> 00:003F:001E:0x0200 0x3C10, tLen 85 dLen 64
01-05 20:33:43.210	          linker	[Debug]	        dji_protocol_v3.c:266  <0xc554>V3-Send: 03:003F:001E:0x0503 -> 00:003F:001E:0x0300 0x3C10, tLen 85 dLen 64
01-05 20:33:43.210	          linker	[Debug]	        dji_protocol_v3.c:266  <0xc555>V3-Send: 03:003F:001E:0x0503 -> 00:003F:001E:0x1104 0x3C10, tLen 85 dLen 64
01-05 20:33:43.210	          linker	[Debug]	        dji_protocol_v3.c:266  <0xc556>V3-Send: 03:003F:001E:0x0503 -> 00:003F:001E:0x0701 0x3C10, tLen 85 dLen 64
01-05 20:33:43.211	          linker	[Debug]	        dji_protocol_v3.c:266  <0xc557>V3-Send: 03:003F:001E:0x0503 -> 00:003F:001E:0x1100 0x3C10, tLen 85 dLen 64
01-05 20:33:43.225	          linker	[Debug]	        dji_protocol_v3.c:387  <0xbb8c>V3-Recv: 01:003F:001E:0x0400 -> 03:003F:001E:0x0503 0x0405, tLen 70 dLen 49
01-05 20:33:43.225	          linker	[Debug]	        dji_protocol_v3.c:506  1:0x0400 convert to 0004(0x0400)
01-05 20:33:43.225	          linker	[Debug]	        dji_protocol_v3.c:506  3:0x0503 convert to 0065(0x0503)
01-05 20:33:43.225	          linker	[Debug]	        dji_protocol_v3.c:387  <0x298b>V3-Recv: 00:003F:001E:0x0801 -> 03:003F:001E:0x0503 0x0099, tLen 65 dLen 44
01-05 20:33:43.225	          linker	[Debug]	        dji_protocol_v3.c:506  0:0x0801 convert to 0028(0x0801)
01-05 20:33:43.225	          linker	[Debug]	        dji_protocol_v3.c:506  3:0x0503 convert to 0065(0x0503)
01-05 20:33:43.225	          linker	[Debug]	        dji_protocol_v3.c:387  <0x298c>V3-Recv: 00:003F:001E:0x0801 -> 03:003F:001E:0x0503 0x0099, tLen 98 dLen 77
01-05 20:33:43.225	          linker	[Debug]	        dji_protocol_v3.c:506  0:0x0801 convert to 0028(0x0801)
01-05 20:33:43.225	          linker	[Debug]	        dji_protocol_v3.c:506  3:0x0503 convert to 0065(0x0503)
01-05 20:33:43.226	          linker	[Debug]	            dji_command.c:1128  <0xbb8c>Receive msg from linker, 0x0400(0x0004)->0x0503(0x0065) 0x0405 len:49
01-05 20:33:43.227	          linker	[Debug]	            dji_command.c:1128  <0x298b>Receive msg from linker, 0x0801(0x0028)->0x0503(0x0065) 0x0099 len:44
01-05 20:33:43.228	          linker	[Debug]	            dji_command.c:1128  <0x298c>Receive msg from linker, 0x0801(0x0028)->0x0503(0x0065) 0x0099 len:77
01-05 20:33:43.239	          linker	[Debug]	        dji_protocol_v3.c:387  <0xbbe8>V3-Recv: 01:003F:001E:0x0400 -> 03:003F:001E:0x0503 0x0405, tLen 70 dLen 49
01-05 20:33:43.239	          linker	[Debug]	        dji_protocol_v3.c:506  1:0x0400 convert to 0004(0x0400)
01-05 20:33:43.239	          linker	[Debug]	        dji_protocol_v3.c:506  3:0x0503 convert to 0065(0x0503)
01-05 20:33:43.240	          linker	[Debug]	            dji_command.c:1128  <0xbbe8>Receive msg from linker, 0x0400(0x0004)->0x0503(0x0065) 0x0405 len:49
01-05 20:33:43.250	          linker	[Debug]	        dji_protocol_v3.c:387  <0x7d46>V3-Recv: 00:003F:001E:0x0300 -> 03:003F:001E:0x0503 0x3C57, tLen 37 dLen 16
01-05 20:33:43.250	          linker	[Debug]	        dji_protocol_v3.c:506  0:0x0300 convert to 0003(0x0300)
01-05 20:33:43.250	          linker	[Debug]	        dji_protocol_v3.c:506  3:0x0503 convert to 0065(0x0503)
01-05 20:33:43.251	          linker	[Debug]	            dji_command.c:1128  <0x7d46>Receive msg from linker, 0x0300(0x0003)->0x0503(0x0065) 0x3C57 len:16
01-05 20:33:43.251	          linker	[Debug]	            dji_command.c:980  received unsupport request cmd that noneed ack, <0x7d46> cmdset: 0x3C cmdid: 0x57
01-05 20:33:43.261	          linker	[Debug]	        dji_protocol_v3.c:266  <0xc558>V3-Send: 03:003F:001E:0x0503 -> 00:003F:001E:0x0200 0x3C1F, tLen 58 dLen 37
01-05 20:33:43.269	          linker	[Debug]	        dji_protocol_v3.c:387  <0xbc45>V3-Recv: 01:003F:001E:0x0400 -> 03:003F:001E:0x0503 0x0405, tLen 70 dLen 49
01-05 20:33:43.269	          linker	[Debug]	        dji_protocol_v3.c:506  1:0x0400 convert to 0004(0x0400)
01-05 20:33:43.269	          linker	[Debug]	        dji_protocol_v3.c:506  3:0x0503 convert to 0065(0x0503)
01-05 20:33:43.269	          linker	[Debug]	        dji_protocol_v3.c:387  <0x54f7>V3-Recv: 00:003F:001E:0x1204 -> 03:003F:001E:0x0503 0x4900, tLen 23 dLen 2
01-05 20:33:43.269	          linker	[Debug]	        dji_protocol_v3.c:506  0:0x1204 convert to 0092(0x1204)
01-05 20:33:43.269	          linker	[Debug]	        dji_protocol_v3.c:506  3:0x0503 convert to 0065(0x0503)
01-05 20:33:43.270	          linker	[Debug]	            dji_command.c:1128  <0xbc45>Receive msg from linker, 0x0400(0x0004)->0x0503(0x0065) 0x0405 len:49
01-05 20:33:43.271	          linker	[Debug]	            dji_command.c:1128  <0x54f7>Receive msg from linker, 0x1204(0x0092)->0x0503(0x0065) 0x4900 len:2
01-05 20:33:43.271	          linker	[Debug]	        dji_protocol_v3.c:266  <0x54f7>V3-Send: 03:003F:001E:0x0503 -> 00:003F:001E:0x1204 0x4900, tLen 23 dLen 2
01-05 20:33:43.273	          linker	[Debug]	        dji_protocol_v3.c:266  <0xc559>V3-Send: 03:003F:001E:0x0503 -> 00:003F:001E:0x0200 0x3C1B, tLen 77 dLen 56
01-05 20:33:43.280	          linker	[Debug]	        dji_protocol_v3.c:387  <0xbc9f>V3-Recv: 01:003F:001E:0x0400 -> 03:003F:001E:0x0503 0x0405, tLen 70 dLen 49
01-05 20:33:43.280	          linker	[Debug]	        dji_protocol_v3.c:506  1:0x0400 convert to 0004(0x0400)
01-05 20:33:43.280	          linker	[Debug]	        dji_protocol_v3.c:506  3:0x0503 convert to 0065(0x0503)
01-05 20:33:43.280	          linker	[Debug]	        dji_protocol_v3.c:387  <0x54fb>V3-Recv: 00:003F:001E:0x1204 -> 03:003F:001E:0x0503 0x22AD, tLen 68 dLen 47
01-05 20:33:43.280	          linker	[Debug]	        dji_protocol_v3.c:506  0:0x1204 convert to 0092(0x1204)
01-05 20:33:43.280	          linker	[Debug]	        dji_protocol_v3.c:506  3:0x0503 convert to 0065(0x0503)
01-05 20:33:43.281	          linker	[Debug]	            dji_command.c:1128  <0xbc9f>Receive msg from linker, 0x0400(0x0004)->0x0503(0x0065) 0x0405 len:49
01-05 20:33:43.282	          linker	[Debug]	            dji_command.c:1128  <0x54fb>Receive msg from linker, 0x1204(0x0092)->0x0503(0x0065) 0x22AD len:47
01-05 20:33:43.282	          linker	[Debug]	            dji_command.c:980  received unsupport request cmd that need ack, <0x54fb> cmdset: 0x22 cmdid: 0xAD
01-05 20:33:43.292	          linker	[Debug]	        dji_protocol_v3.c:387  <0xbcf9>V3-Recv: 01:003F:001E:0x0400 -> 03:003F:001E:0x0503 0x0405, tLen 70 dLen 49
01-05 20:33:43.292	          linker	[Debug]	        dji_protocol_v3.c:506  1:0x0400 convert to 0004(0x0400)
01-05 20:33:43.292	          linker	[Debug]	        dji_protocol_v3.c:506  3:0x0503 convert to 0065(0x0503)
01-05 20:33:43.293	          linker	[Debug]	            dji_command.c:1128  <0xbcf9>Receive msg from linker, 0x0400(0x0004)->0x0503(0x0065) 0x0405 len:49
01-05 20:33:43.303	          linker	[Debug]	        dji_protocol_v1.c:309  <0x2035>V1-Recv: 0x0A06->0x0503 0x0866
01-05 20:33:43.304	          linker	[Debug]	            dji_command.c:1128  <0x2035>Receive msg from linker, 0x0A06(0x00CA)->0x0503(0x0065) 0x0866 len:96
01-05 20:33:43.304	          linker	[Debug]	            dji_command.c:980  received unsupport request cmd that noneed ack, <0x2035> cmdset: 0x08 cmdid: 0x66
01-05 20:33:43.312	          linker	[Debug]	        dji_protocol_v3.c:387  <0xbd53>V3-Recv: 01:003F:001E:0x0400 -> 03:003F:001E:0x0503 0x0405, tLen 70 dLen 49
01-05 20:33:43.312	          linker	[Debug]	        dji_protocol_v3.c:506  1:0x0400 convert to 0004(0x0400)
01-05 20:33:43.312	          linker	[Debug]	        dji_protocol_v3.c:506  3:0x0503 convert to 0065(0x0503)
01-05 20:33:43.312	          linker	[Debug]	            dji_command.c:1128  <0xbd53>Receive msg from linker, 0x0400(0x0004)->0x0503(0x0065) 0x0405 len:49
01-05 20:33:43.332	          linker	[Debug]	        dji_protocol_v3.c:387  <0xbdaf>V3-Recv: 01:003F:001E:0x0400 -> 03:003F:001E:0x0503 0x0405, tLen 70 dLen 49
01-05 20:33:43.332	          linker	[Debug]	        dji_protocol_v3.c:506  1:0x0400 convert to 0004(0x0400)
01-05 20:33:43.332	          linker	[Debug]	        dji_protocol_v3.c:506  3:0x0503 convert to 0065(0x0503)
01-05 20:33:43.333	          linker	[Debug]	            dji_command.c:1128  <0xbdaf>Receive msg from linker, 0x0400(0x0004)->0x0503(0x0065) 0x0405 len:49
01-05 20:33:43.352	          linker	[Debug]	        dji_protocol_v3.c:387  <0xbe0b>V3-Recv: 01:003F:001E:0x0400 -> 03:003F:001E:0x0503 0x0405, tLen 70 dLen 49
01-05 20:33:43.352	          linker	[Debug]	        dji_protocol_v3.c:506  1:0x0400 convert to 0004(0x0400)
01-05 20:33:43.352	          linker	[Debug]	        dji_protocol_v3.c:506  3:0x0503 convert to 0065(0x0503)
01-05 20:33:43.353	          linker	[Debug]	            dji_command.c:1128  <0xbe0b>Receive msg from linker, 0x0400(0x0004)->0x0503(0x0065) 0x0405 len:49
01-05 20:33:43.368	          linker	[Debug]	        dji_protocol_v3.c:387  <0x5507>V3-Recv: 00:003F:001E:0x1204 -> 03:003F:001E:0x0503 0x4900, tLen 23 dLen 2
01-05 20:33:43.368	          linker	[Debug]	        dji_protocol_v3.c:506  0:0x1204 convert to 0092(0x1204)
01-05 20:33:43.368	          linker	[Debug]	        dji_protocol_v3.c:506  3:0x0503 convert to 0065(0x0503)
01-05 20:33:43.368	          linker	[Debug]	            dji_command.c:1128  <0x5507>Receive msg from linker, 0x1204(0x0092)->0x0503(0x0065) 0x4900 len:2
01-05 20:33:43.368	          linker	[Debug]	        dji_protocol_v3.c:266  <0x5507>V3-Send: 03:003F:001E:0x0503 -> 00:003F:001E:0x1204 0x4900, tLen 23 dLen 2
01-05 20:33:43.371	         channel	[Debug]	         mop_link_layer.c:169  MOP_LINK:return from recv_data func
01-05 20:33:43.371	         channel	[Debug]	         mop_link_layer.c:167  MOP_LINK:entry recv_data func
01-05 20:33:43.380	          linker	[Debug]	        dji_protocol_v3.c:387  <0xbe65>V3-Recv: 01:003F:001E:0x0400 -> 03:003F:001E:0x0503 0x0405, tLen 70 dLen 49
01-05 20:33:43.380	          linker	[Debug]	        dji_protocol_v3.c:506  1:0x0400 convert to 0004(0x0400)
01-05 20:33:43.380	          linker	[Debug]	        dji_protocol_v3.c:506  3:0x0503 convert to 0065(0x0503)
01-05 20:33:43.380	          linker	[Debug]	        dji_protocol_v3.c:387  <0x5509>V3-Recv: 00:003F:001E:0x1204 -> 03:003F:001E:0x0503 0x22AD, tLen 68 dLen 47
01-05 20:33:43.380	          linker	[Debug]	        dji_protocol_v3.c:506  0:0x1204 convert to 0092(0x1204)
01-05 20:33:43.380	          linker	[Debug]	        dji_protocol_v3.c:506  3:0x0503 convert to 0065(0x0503)
01-05 20:33:43.380	          linker	[Debug]	            dji_command.c:1128  <0xbe65>Receive msg from linker, 0x0400(0x0004)->0x0503(0x0065) 0x0405 len:49
01-05 20:33:43.381	          linker	[Debug]	            dji_command.c:1128  <0x5509>Receive msg from linker, 0x1204(0x0092)->0x0503(0x0065) 0x22AD len:47
01-05 20:33:43.381	          linker	[Debug]	            dji_command.c:980  received unsupport request cmd that need ack, <0x5509> cmdset: 0x22 cmdid: 0xAD
01-05 20:33:43.392	          linker	[Debug]	        dji_protocol_v3.c:387  <0xbec0>V3-Recv: 01:003F:001E:0x0400 -> 03:003F:001E:0x0503 0x0405, tLen 70 dLen 49
01-05 20:33:43.392	          linker	[Debug]	        dji_protocol_v3.c:506  1:0x0400 convert to 0004(0x0400)
01-05 20:33:43.392	          linker	[Debug]	        dji_protocol_v3.c:506  3:0x0503 convert to 0065(0x0503)
01-05 20:33:43.393	          linker	[Debug]	            dji_command.c:1128  <0xbec0>Receive msg from linker, 0x0400(0x0004)->0x0503(0x0065) 0x0405 len:49
01-05 20:33:43.407	          linker	[Debug]	        dji_protocol_v3.c:387  <0x298d>V3-Recv: 00:003F:001E:0x0801 -> 03:003F:001E:0x0503 0x0099, tLen 70 dLen 49
01-05 20:33:43.407	          linker	[Debug]	        dji_protocol_v3.c:506  0:0x0801 convert to 0028(0x0801)
01-05 20:33:43.407	          linker	[Debug]	        dji_protocol_v3.c:506  3:0x0503 convert to 0065(0x0503)
01-05 20:33:43.408	          linker	[Debug]	            dji_command.c:1128  <0x298d>Receive msg from linker, 0x0801(0x0028)->0x0503(0x0065) 0x0099 len:49
01-05 20:33:43.426	          linker	[Debug]	        dji_protocol_v3.c:387  <0x298e>V3-Recv: 00:003F:001E:0x0801 -> 03:003F:001E:0x0503 0x0099, tLen 56 dLen 35
01-05 20:33:43.426	          linker	[Debug]	        dji_protocol_v3.c:506  0:0x0801 convert to 0028(0x0801)
01-05 20:33:43.426	          linker	[Debug]	        dji_protocol_v3.c:506  3:0x0503 convert to 0065(0x0503)
01-05 20:33:43.426	          linker	[Debug]	        dji_protocol_v3.c:387  <0xbf1a>V3-Recv: 01:003F:001E:0x0400 -> 03:003F:001E:0x0503 0x0405, tLen 70 dLen 49
01-05 20:33:43.426	          linker	[Debug]	        dji_protocol_v3.c:506  1:0x0400 convert to 0004(0x0400)
01-05 20:33:43.426	          linker	[Debug]	        dji_protocol_v3.c:506  3:0x0503 convert to 0065(0x0503)
01-05 20:33:43.426	          linker	[Debug]	            dji_command.c:1128  <0x298e>Receive msg from linker, 0x0801(0x0028)->0x0503(0x0065) 0x0099 len:35
01-05 20:33:43.427	          linker	[Debug]	        dji_protocol_v1.c:189  <0xc55a>V1-Send: 0x0503->0x1007 0x198B
01-05 20:33:43.427	          linker	[Debug]	        dji_protocol_v3.c:266  <0xc55b>V3-Send: 03:003F:001E:0x0503 -> 00:003F:001E:0x0200 0x3C10, tLen 85 dLen 64
01-05 20:33:43.427	          linker	[Debug]	        dji_protocol_v3.c:266  <0xc55c>V3-Send: 03:003F:001E:0x0503 -> 00:003F:001E:0x0300 0x3C10, tLen 85 dLen 64
01-05 20:33:43.427	          linker	[Debug]	        dji_protocol_v3.c:266  <0xc55d>V3-Send: 03:003F:001E:0x0503 -> 00:003F:001E:0x1104 0x3C10, tLen 85 dLen 64
01-05 20:33:43.427	          linker	[Debug]	        dji_protocol_v3.c:266  <0xc55e>V3-Send: 03:003F:001E:0x0503 -> 00:003F:001E:0x0701 0x3C10, tLen 85 dLen 64
01-05 20:33:43.427	          linker	[Debug]	        dji_protocol_v3.c:266  <0xc55f>V3-Send: 03:003F:001E:0x0503 -> 00:003F:001E:0x1100 0x3C10, tLen 85 dLen 64
01-05 20:33:43.429	          linker	[Debug]	            dji_command.c:1128  <0xbf1a>Receive msg from linker, 0x0400(0x0004)->0x0503(0x0065) 0x0405 len:49
01-05 20:33:43.438	          linker	[Debug]	        dji_protocol_v3.c:387  <0xbf77>V3-Recv: 01:003F:001E:0x0400 -> 03:003F:001E:0x0503 0x0405, tLen 70 dLen 49
01-05 20:33:43.438	          linker	[Debug]	        dji_protocol_v3.c:506  1:0x0400 convert to 0004(0x0400)
01-05 20:33:43.438	          linker	[Debug]	        dji_protocol_v3.c:506  3:0x0503 convert to 0065(0x0503)
01-05 20:33:43.438	          linker	[Debug]	            dji_command.c:1128  <0xbf77>Receive msg from linker, 0x0400(0x0004)->0x0503(0x0065) 0x0405 len:49
01-05 20:33:43.450	          linker	[Debug]	        dji_protocol_v3.c:387  <0x7ea1>V3-Recv: 00:003F:001E:0x0300 -> 03:003F:001E:0x0503 0x3C57, tLen 37 dLen 16
01-05 20:33:43.450	          linker	[Debug]	        dji_protocol_v3.c:506  0:0x0300 convert to 0003(0x0300)
01-05 20:33:43.450	          linker	[Debug]	        dji_protocol_v3.c:506  3:0x0503 convert to 0065(0x0503)
01-05 20:33:43.451	          linker	[Debug]	            dji_command.c:1128  <0x7ea1>Receive msg from linker, 0x0300(0x0003)->0x0503(0x0065) 0x3C57 len:16
01-05 20:33:43.451	          linker	[Debug]	            dji_command.c:980  received unsupport request cmd that noneed ack, <0x7ea1> cmdset: 0x3C cmdid: 0x57
01-05 20:33:43.457	         channel	[Debug]	        mop_trans_layer.c:1568 MOP_TRANS:trans layer timer: 1s!
01-05 20:33:43.461	          linker	[Debug]	        dji_protocol_v3.c:266  <0xc560>V3-Send: 03:003F:001E:0x0503 -> 00:003F:001E:0x0200 0x3C1F, tLen 58 dLen 37
01-05 20:33:43.469	          linker	[Debug]	        dji_protocol_v3.c:387  <0xbfd3>V3-Recv: 01:003F:001E:0x0400 -> 03:003F:001E:0x0503 0x0405, tLen 70 dLen 49
01-05 20:33:43.469	          linker	[Debug]	        dji_protocol_v3.c:506  1:0x0400 convert to 0004(0x0400)
01-05 20:33:43.469	          linker	[Debug]	        dji_protocol_v3.c:506  3:0x0503 convert to 0065(0x0503)
01-05 20:33:43.469	          linker	[Debug]	        dji_protocol_v3.c:387  <0x5517>V3-Recv: 00:003F:001E:0x1204 -> 03:003F:001E:0x0503 0x4900, tLen 23 dLen 2
01-05 20:33:43.469	          linker	[Debug]	        dji_protocol_v3.c:506  0:0x1204 convert to 0092(0x1204)
01-05 20:33:43.469	          linker	[Debug]	        dji_protocol_v3.c:506  3:0x0503 convert to 0065(0x0503)
01-05 20:33:43.470	          linker	[Debug]	            dji_command.c:1128  <0xbfd3>Receive msg from linker, 0x0400(0x0004)->0x0503(0x0065) 0x0405 len:49
01-05 20:33:43.471	          linker	[Debug]	            dji_command.c:1128  <0x5517>Receive msg from linker, 0x1204(0x0092)->0x0503(0x0065) 0x4900 len:2
01-05 20:33:43.471	          linker	[Debug]	        dji_protocol_v3.c:266  <0x5517>V3-Send: 03:003F:001E:0x0503 -> 00:003F:001E:0x1204 0x4900, tLen 23 dLen 2
01-05 20:33:43.480	          linker	[Debug]	        dji_protocol_v3.c:387  <0xc02d>V3-Recv: 01:003F:001E:0x0400 -> 03:003F:001E:0x0503 0x0405, tLen 70 dLen 49
01-05 20:33:43.480	          linker	[Debug]	        dji_protocol_v3.c:506  1:0x0400 convert to 0004(0x0400)
01-05 20:33:43.480	          linker	[Debug]	        dji_protocol_v3.c:506  3:0x0503 convert to 0065(0x0503)
01-05 20:33:43.480	          linker	[Debug]	        dji_protocol_v3.c:387  <0x551b>V3-Recv: 00:003F:001E:0x1204 -> 03:003F:001E:0x0503 0x22AD, tLen 68 dLen 47
01-05 20:33:43.480	          linker	[Debug]	        dji_protocol_v3.c:506  0:0x1204 convert to 0092(0x1204)
01-05 20:33:43.480	          linker	[Debug]	        dji_protocol_v3.c:506  3:0x0503 convert to 0065(0x0503)
01-05 20:33:43.480	          linker	[Debug]	            dji_command.c:1128  <0xc02d>Receive msg from linker, 0x0400(0x0004)->0x0503(0x0065) 0x0405 len:49
01-05 20:33:43.481	          linker	[Debug]	            dji_command.c:1128  <0x551b>Receive msg from linker, 0x1204(0x0092)->0x0503(0x0065) 0x22AD len:47
01-05 20:33:43.481	          linker	[Debug]	            dji_command.c:980  received unsupport request cmd that need ack, <0x551b> cmdset: 0x22 cmdid: 0xAD
01-05 20:33:43.490	          linker	[Debug]	        dji_protocol_v3.c:266  <0xc561>V3-Send: 03:003F:001E:0x0503 -> 00:003F:001E:0x0200 0x3C1B, tLen 77 dLen 56
01-05 20:33:43.492	          linker	[Debug]	        dji_protocol_v3.c:387  <0xc087>V3-Recv: 01:003F:001E:0x0400 -> 03:003F:001E:0x0503 0x0405, tLen 70 dLen 49
01-05 20:33:43.492	          linker	[Debug]	        dji_protocol_v3.c:506  1:0x0400 convert to 0004(0x0400)
01-05 20:33:43.492	          linker	[Debug]	        dji_protocol_v3.c:506  3:0x0503 convert to 0065(0x0503)
01-05 20:33:43.492	          linker	[Debug]	            dji_command.c:1128  <0xc087>Receive msg from linker, 0x0400(0x0004)->0x0503(0x0065) 0x0405 len:49
01-05 20:33:43.512	          linker	[Debug]	        dji_protocol_v3.c:387  <0xc0e1>V3-Recv: 01:003F:001E:0x0400 -> 03:003F:001E:0x0503 0x0405, tLen 70 dLen 49
01-05 20:33:43.512	          linker	[Debug]	        dji_protocol_v3.c:506  1:0x0400 convert to 0004(0x0400)
01-05 20:33:43.512	          linker	[Debug]	        dji_protocol_v3.c:506  3:0x0503 convert to 0065(0x0503)
01-05 20:33:43.513	          linker	[Debug]	            dji_command.c:1128  <0xc0e1>Receive msg from linker, 0x0400(0x0004)->0x0503(0x0065) 0x0405 len:49
01-05 20:33:43.532	          linker	[Debug]	        dji_protocol_v3.c:387  <0xc13e>V3-Recv: 01:003F:001E:0x0400 -> 03:003F:001E:0x0503 0x0405, tLen 70 dLen 49
01-05 20:33:43.532	          linker	[Debug]	        dji_protocol_v3.c:506  1:0x0400 convert to 0004(0x0400)
01-05 20:33:43.532	          linker	[Debug]	        dji_protocol_v3.c:506  3:0x0503 convert to 0065(0x0503)
01-05 20:33:43.533	          linker	[Debug]	            dji_command.c:1128  <0xc13e>Receive msg from linker, 0x0400(0x0004)->0x0503(0x0065) 0x0405 len:49
01-05 20:33:43.552	          linker	[Debug]	        dji_protocol_v3.c:387  <0xc199>V3-Recv: 01:003F:001E:0x0400 -> 03:003F:001E:0x0503 0x0405, tLen 70 dLen 49
01-05 20:33:43.552	          linker	[Debug]	        dji_protocol_v3.c:506  1:0x0400 convert to 0004(0x0400)
01-05 20:33:43.552	          linker	[Debug]	        dji_protocol_v3.c:506  3:0x0503 convert to 0065(0x0503)
01-05 20:33:43.553	          linker	[Debug]	            dji_command.c:1128  <0xc199>Receive msg from linker, 0x0400(0x0004)->0x0503(0x0065) 0x0405 len:49
01-05 20:33:43.556	         channel	[Debug]	          mop_net_layer.c:789  MOP_NET:[FLOW_CTRL] limit:3145728 time:1 rx_cnt:0 rx_rate:0 cur_limit:1048576 busy:0 reliable:0
01-05 20:33:43.556	         channel	[Debug]	          mop_net_layer.c:1127 MOP_NET:send heart beat req success
01-05 20:33:43.557	         channel	[Debug]	         mop_link_layer.c:387  MOP_LINK:0xffff70015c90 snd_tsk psize 24 ret 24, pkt_info: ttype 0x0080 dlen 0 seq 0,(2 2 0)->(0 1 0) 0x66dd
01-05 20:33:43.558	         channel	[Debug]	         mop_link_layer.c:169  MOP_LINK:return from recv_data func
01-05 20:33:43.558	         channel	[Debug]	         mop_link_layer.c:173  MOP_LINK:recv version 1002
01-05 20:33:43.558	         channel	[Debug]	         mop_link_layer.c:78   MOP_LINK:crc length 24
01-05 20:33:43.558	         channel	[Debug]	         mop_link_layer.c:492  MOP_LINK:0xffff70015c90 rcv_tsk psize 24 ret 24, pkt_info: ttype 0x0081 dlen 0 seq 0,(0 1 0)->(2 2 0) 0x1002
01-05 20:33:43.558	         channel	[Debug]	         mop_link_layer.c:167  MOP_LINK:entry recv_data func
01-05 20:33:43.558	         channel	[Debug]	          mop_net_layer.c:466  MOP_NET:get heart beat ack
01-05 20:33:43.558	         channel	[Debug]	         mop_link_layer.c:169  MOP_LINK:return from recv_data func
01-05 20:33:43.558	         channel	[Debug]	         mop_link_layer.c:173  MOP_LINK:recv version 1002
01-05 20:33:43.558	         channel	[Debug]	         mop_link_layer.c:78   MOP_LINK:crc length 24
01-05 20:33:43.558	         channel	[Debug]	         mop_link_layer.c:492  MOP_LINK:0xffff70015c90 rcv_tsk psize 24 ret 24, pkt_info: ttype 0x0081 dlen 0 seq 0,(0 1 0)->(2 2 0) 0x1002
01-05 20:33:43.558	         channel	[Debug]	         mop_link_layer.c:167  MOP_LINK:entry recv_data func
01-05 20:33:43.558	         channel	[Debug]	          mop_net_layer.c:466  MOP_NET:get heart beat ack
01-05 20:33:43.567	          linker	[Debug]	        dji_protocol_v3.c:387  <0x5527>V3-Recv: 00:003F:001E:0x1204 -> 03:003F:001E:0x0503 0x4900, tLen 23 dLen 2
01-05 20:33:43.568	          linker	[Debug]	        dji_protocol_v3.c:506  0:0x1204 convert to 0092(0x1204)
01-05 20:33:43.568	          linker	[Debug]	        dji_protocol_v3.c:506  3:0x0503 convert to 0065(0x0503)
01-05 20:33:43.568	          linker	[Debug]	            dji_command.c:1128  <0x5527>Receive msg from linker, 0x1204(0x0092)->0x0503(0x0065) 0x4900 len:2
01-05 20:33:43.568	          linker	[Debug]	        dji_protocol_v3.c:266  <0x5527>V3-Send: 03:003F:001E:0x0503 -> 00:003F:001E:0x1204 0x4900, tLen 23 dLen 2
01-05 20:33:43.580	          linker	[Debug]	        dji_protocol_v3.c:387  <0xc1f3>V3-Recv: 01:003F:001E:0x0400 -> 03:003F:001E:0x0503 0x0405, tLen 70 dLen 49
01-05 20:33:43.580	          linker	[Debug]	        dji_protocol_v3.c:506  1:0x0400 convert to 0004(0x0400)
01-05 20:33:43.580	          linker	[Debug]	        dji_protocol_v3.c:506  3:0x0503 convert to 0065(0x0503)
01-05 20:33:43.580	          linker	[Debug]	        dji_protocol_v3.c:387  <0x552b>V3-Recv: 00:003F:001E:0x1204 -> 03:003F:001E:0x0503 0x22AD, tLen 68 dLen 47
01-05 20:33:43.580	          linker	[Debug]	        dji_protocol_v3.c:506  0:0x1204 convert to 0092(0x1204)
01-05 20:33:43.580	          linker	[Debug]	        dji_protocol_v3.c:506  3:0x0503 convert to 0065(0x0503)
01-05 20:33:43.580	          linker	[Debug]	            dji_command.c:1128  <0xc1f3>Receive msg from linker, 0x0400(0x0004)->0x0503(0x0065) 0x0405 len:49
01-05 20:33:43.581	          linker	[Debug]	            dji_command.c:1128  <0x552b>Receive msg from linker, 0x1204(0x0092)->0x0503(0x0065) 0x22AD len:47
01-05 20:33:43.581	          linker	[Debug]	            dji_command.c:980  received unsupport request cmd that need ack, <0x552b> cmdset: 0x22 cmdid: 0xAD
01-05 20:33:43.592	          linker	[Debug]	        dji_protocol_v3.c:387  <0xc24d>V3-Recv: 01:003F:001E:0x0400 -> 03:003F:001E:0x0503 0x0405, tLen 70 dLen 49
01-05 20:33:43.592	          linker	[Debug]	        dji_protocol_v3.c:506  1:0x0400 convert to 0004(0x0400)
01-05 20:33:43.592	          linker	[Debug]	        dji_protocol_v3.c:506  3:0x0503 convert to 0065(0x0503)
01-05 20:33:43.592	          linker	[Debug]	            dji_command.c:1128  <0xc24d>Receive msg from linker, 0x0400(0x0004)->0x0503(0x0065) 0x0405 len:49
01-05 20:33:43.612	          linker	[Debug]	        dji_protocol_v3.c:387  <0xc2a7>V3-Recv: 01:003F:001E:0x0400 -> 03:003F:001E:0x0503 0x0405, tLen 70 dLen 49
01-05 20:33:43.612	          linker	[Debug]	        dji_protocol_v3.c:506  1:0x0400 convert to 0004(0x0400)
01-05 20:33:43.612	          linker	[Debug]	        dji_protocol_v3.c:506  3:0x0503 convert to 0065(0x0503)
01-05 20:33:43.613	          linker	[Debug]	            dji_command.c:1128  <0xc2a7>Receive msg from linker, 0x0400(0x0004)->0x0503(0x0065) 0x0405 len:49
01-05 20:33:43.622	           utils	[Debug]	          dji_root_task.c:131  work execution time:
01-05 20:33:43.622	           utils	[Debug]	          dji_root_task.c:132  name	                execution time (ms)	  max execution time (ms)
01-05 20:33:43.622	           utils	[Debug]	          dji_root_task.c:134  recorderWork                    	0       	1       
01-05 20:33:43.622	           utils	[Debug]	          dji_root_task.c:134  flowControllerTask              	1       	1       
01-05 20:33:43.622	           utils	[Debug]	          dji_root_task.c:134  commandTask                     	1       	2       
01-05 20:33:43.622	           utils	[Debug]	          dji_root_task.c:134  aircraftWorkNode                	0       	1       
01-05 20:33:43.622	           utils	[Debug]	          dji_root_task.c:134  dataBuriedPointTask             	0       	0       
01-05 20:33:43.622	           utils	[Debug]	          dji_root_task.c:134  StatePushWork                   	1       	4       
01-05 20:33:43.622	           utils	[Debug]	          dji_root_task.c:134  WidgetWork                      	1       	1       
01-05 20:33:43.623	           utils	[Debug]	          dji_root_task.c:134  hmsTask                         	0       	0       
01-05 20:33:43.623	          linker	[Debug]	        dji_protocol_v3.c:387  <0x298f>V3-Recv: 00:003F:001E:0x0801 -> 03:003F:001E:0x0503 0x0099, tLen 95 dLen 74
01-05 20:33:43.623	          linker	[Debug]	        dji_protocol_v3.c:506  0:0x0801 convert to 0028(0x0801)
01-05 20:33:43.623	          linker	[Debug]	        dji_protocol_v3.c:506  3:0x0503 convert to 0065(0x0503)
01-05 20:33:43.624	          linker	[Debug]	            dji_command.c:1128  <0x298f>Receive msg from linker, 0x0801(0x0028)->0x0503(0x0065) 0x0099 len:74
01-05 20:33:43.641	          linker	[Debug]	        dji_protocol_v3.c:387  <0xc305>V3-Recv: 01:003F:001E:0x0400 -> 03:003F:001E:0x0503 0x0405, tLen 70 dLen 49
01-05 20:33:43.641	          linker	[Debug]	        dji_protocol_v3.c:506  1:0x0400 convert to 0004(0x0400)
01-05 20:33:43.641	          linker	[Debug]	        dji_protocol_v3.c:506  3:0x0503 convert to 0065(0x0503)
01-05 20:33:43.641	          linker	[Debug]	            dji_command.c:1128  <0xc305>Receive msg from linker, 0x0400(0x0004)->0x0503(0x0065) 0x0405 len:49
01-05 20:33:43.643	          linker	[Debug]	        dji_protocol_v1.c:189  <0xc562>V1-Send: 0x0503->0x1007 0x198B
01-05 20:33:43.643	          linker	[Debug]	        dji_protocol_v3.c:266  <0xc563>V3-Send: 03:003F:001E:0x0503 -> 00:003F:001E:0x0200 0x3C10, tLen 85 dLen 64
01-05 20:33:43.643	          linker	[Debug]	        dji_protocol_v3.c:266  <0xc564>V3-Send: 03:003F:001E:0x0503 -> 00:003F:001E:0x0300 0x3C10, tLen 85 dLen 64
01-05 20:33:43.643	          linker	[Debug]	        dji_protocol_v3.c:266  <0xc565>V3-Send: 03:003F:001E:0x0503 -> 00:003F:001E:0x1104 0x3C10, tLen 85 dLen 64
01-05 20:33:43.644	          linker	[Debug]	        dji_protocol_v3.c:266  <0xc566>V3-Send: 03:003F:001E:0x0503 -> 00:003F:001E:0x0701 0x3C10, tLen 85 dLen 64
01-05 20:33:43.644	          linker	[Debug]	        dji_protocol_v3.c:266  <0xc567>V3-Send: 03:003F:001E:0x0503 -> 00:003F:001E:0x1100 0x3C10, tLen 85 dLen 64
01-05 20:33:43.652	          linker	[Debug]	        dji_protocol_v3.c:387  <0x8023>V3-Recv: 00:003F:001E:0x0300 -> 03:003F:001E:0x0503 0x3C57, tLen 37 dLen 16
01-05 20:33:43.652	          linker	[Debug]	        dji_protocol_v3.c:506  0:0x0300 convert to 0003(0x0300)
01-05 20:33:43.652	          linker	[Debug]	        dji_protocol_v3.c:506  3:0x0503 convert to 0065(0x0503)
01-05 20:33:43.652	          linker	[Debug]	        dji_protocol_v3.c:387  <0xc362>V3-Recv: 01:003F:001E:0x0400 -> 03:003F:001E:0x0503 0x0405, tLen 70 dLen 49
01-05 20:33:43.652	          linker	[Debug]	        dji_protocol_v3.c:506  1:0x0400 convert to 0004(0x0400)
01-05 20:33:43.652	          linker	[Debug]	        dji_protocol_v3.c:506  3:0x0503 convert to 0065(0x0503)
01-05 20:33:43.652	          linker	[Debug]	            dji_command.c:1128  <0x8023>Receive msg from linker, 0x0300(0x0003)->0x0503(0x0065) 0x3C57 len:16
01-05 20:33:43.652	          linker	[Debug]	            dji_command.c:980  received unsupport request cmd that noneed ack, <0x8023> cmdset: 0x3C cmdid: 0x57
01-05 20:33:43.653	          linker	[Debug]	            dji_command.c:1128  <0xc362>Receive msg from linker, 0x0400(0x0004)->0x0503(0x0065) 0x0405 len:49
01-05 20:33:43.661	          linker	[Debug]	        dji_protocol_v3.c:266  <0xc568>V3-Send: 03:003F:001E:0x0503 -> 00:003F:001E:0x0200 0x3C1F, tLen 58 dLen 37
01-05 20:33:43.667	          linker	[Debug]	        dji_protocol_v3.c:387  <0x5537>V3-Recv: 00:003F:001E:0x1204 -> 03:003F:001E:0x0503 0x4900, tLen 23 dLen 2
01-05 20:33:43.668	          linker	[Debug]	        dji_protocol_v3.c:506  0:0x1204 convert to 0092(0x1204)
01-05 20:33:43.668	          linker	[Debug]	        dji_protocol_v3.c:506  3:0x0503 convert to 0065(0x0503)
01-05 20:33:43.669	          linker	[Debug]	            dji_command.c:1128  <0x5537>Receive msg from linker, 0x1204(0x0092)->0x0503(0x0065) 0x4900 len:2
01-05 20:33:43.669	          linker	[Debug]	        dji_protocol_v3.c:266  <0x5537>V3-Send: 03:003F:001E:0x0503 -> 00:003F:001E:0x1204 0x4900, tLen 23 dLen 2
01-05 20:33:43.680	          linker	[Debug]	        dji_protocol_v3.c:387  <0xc3bc>V3-Recv: 01:003F:001E:0x0400 -> 03:003F:001E:0x0503 0x0405, tLen 70 dLen 49
01-05 20:33:43.680	          linker	[Debug]	        dji_protocol_v3.c:506  1:0x0400 convert to 0004(0x0400)
01-05 20:33:43.680	          linker	[Debug]	        dji_protocol_v3.c:506  3:0x0503 convert to 0065(0x0503)
01-05 20:33:43.680	          linker	[Debug]	        dji_protocol_v3.c:387  <0x553b>V3-Recv: 00:003F:001E:0x1204 -> 03:003F:001E:0x0503 0x22AD, tLen 68 dLen 47
01-05 20:33:43.680	          linker	[Debug]	        dji_protocol_v3.c:506  0:0x1204 convert to 0092(0x1204)
01-05 20:33:43.680	          linker	[Debug]	        dji_protocol_v3.c:506  3:0x0503 convert to 0065(0x0503)
01-05 20:33:43.680	          linker	[Debug]	            dji_command.c:1128  <0xc3bc>Receive msg from linker, 0x0400(0x0004)->0x0503(0x0065) 0x0405 len:49
01-05 20:33:43.682	          linker	[Debug]	            dji_command.c:1128  <0x553b>Receive msg from linker, 0x1204(0x0092)->0x0503(0x0065) 0x22AD len:47
01-05 20:33:43.682	          linker	[Debug]	            dji_command.c:980  received unsupport request cmd that need ack, <0x553b> cmdset: 0x22 cmdid: 0xAD
01-05 20:33:43.692	          linker	[Debug]	        dji_protocol_v3.c:387  <0xc416>V3-Recv: 01:003F:001E:0x0400 -> 03:003F:001E:0x0503 0x0405, tLen 70 dLen 49
01-05 20:33:43.692	          linker	[Debug]	        dji_protocol_v3.c:506  1:0x0400 convert to 0004(0x0400)
01-05 20:33:43.692	          linker	[Debug]	        dji_protocol_v3.c:506  3:0x0503 convert to 0065(0x0503)
01-05 20:33:43.692	          linker	[Debug]	            dji_command.c:1128  <0xc416>Receive msg from linker, 0x0400(0x0004)->0x0503(0x0065) 0x0405 len:49
01-05 20:33:43.706	          linker	[Debug]	        dji_protocol_v3.c:266  <0xc569>V3-Send: 03:003F:001E:0x0503 -> 00:003F:001E:0x0200 0x3C1B, tLen 77 dLen 56
01-05 20:33:43.712	          linker	[Debug]	        dji_protocol_v3.c:387  <0xc470>V3-Recv: 01:003F:001E:0x0400 -> 03:003F:001E:0x0503 0x0405, tLen 70 dLen 49
01-05 20:33:43.712	          linker	[Debug]	        dji_protocol_v3.c:506  1:0x0400 convert to 0004(0x0400)
01-05 20:33:43.712	          linker	[Debug]	        dji_protocol_v3.c:506  3:0x0503 convert to 0065(0x0503)
01-05 20:33:43.713	          linker	[Debug]	            dji_command.c:1128  <0xc470>Receive msg from linker, 0x0400(0x0004)->0x0503(0x0065) 0x0405 len:49
01-05 20:33:43.732	          linker	[Debug]	        dji_protocol_v3.c:387  <0xc4cc>V3-Recv: 01:003F:001E:0x0400 -> 03:003F:001E:0x0503 0x0405, tLen 70 dLen 49
01-05 20:33:43.732	          linker	[Debug]	        dji_protocol_v3.c:506  1:0x0400 convert to 0004(0x0400)
01-05 20:33:43.732	          linker	[Debug]	        dji_protocol_v3.c:506  3:0x0503 convert to 0065(0x0503)
01-05 20:33:43.732	          linker	[Debug]	            dji_command.c:1128  <0xc4cc>Receive msg from linker, 0x0400(0x0004)->0x0503(0x0065) 0x0405 len:49
01-05 20:33:43.752	          linker	[Debug]	        dji_protocol_v3.c:387  <0xc529>V3-Recv: 01:003F:001E:0x0400 -> 03:003F:001E:0x0503 0x0405, tLen 70 dLen 49
01-05 20:33:43.752	          linker	[Debug]	        dji_protocol_v3.c:506  1:0x0400 convert to 0004(0x0400)
01-05 20:33:43.752	          linker	[Debug]	        dji_protocol_v3.c:506  3:0x0503 convert to 0065(0x0503)
01-05 20:33:43.752	          linker	[Debug]	            dji_command.c:1128  <0xc529>Receive msg from linker, 0x0400(0x0004)->0x0503(0x0065) 0x0405 len:49
01-05 20:33:43.762	         channel	[Debug]	         mop_link_layer.c:169  MOP_LINK:return from recv_data func
01-05 20:33:43.762	         channel	[Debug]	         mop_link_layer.c:167  MOP_LINK:entry recv_data func
01-05 20:33:43.768	          linker	[Debug]	        dji_protocol_v3.c:387  <0x5547>V3-Recv: 00:003F:001E:0x1204 -> 03:003F:001E:0x0503 0x4900, tLen 23 dLen 2
01-05 20:33:43.768	          linker	[Debug]	        dji_protocol_v3.c:506  0:0x1204 convert to 0092(0x1204)
01-05 20:33:43.768	          linker	[Debug]	        dji_protocol_v3.c:506  3:0x0503 convert to 0065(0x0503)
01-05 20:33:43.769	          linker	[Debug]	            dji_command.c:1128  <0x5547>Receive msg from linker, 0x1204(0x0092)->0x0503(0x0065) 0x4900 len:2
01-05 20:33:43.769	          linker	[Debug]	        dji_protocol_v3.c:266  <0x5547>V3-Send: 03:003F:001E:0x0503 -> 00:003F:001E:0x1204 0x4900, tLen 23 dLen 2
01-05 20:33:43.780	          linker	[Debug]	        dji_protocol_v3.c:387  <0xc583>V3-Recv: 01:003F:001E:0x0400 -> 03:003F:001E:0x0503 0x0405, tLen 70 dLen 49
01-05 20:33:43.780	          linker	[Debug]	        dji_protocol_v3.c:506  1:0x0400 convert to 0004(0x0400)
01-05 20:33:43.780	          linker	[Debug]	        dji_protocol_v3.c:506  3:0x0503 convert to 0065(0x0503)
01-05 20:33:43.780	          linker	[Debug]	        dji_protocol_v3.c:387  <0x554b>V3-Recv: 00:003F:001E:0x1204 -> 03:003F:001E:0x0503 0x22AD, tLen 68 dLen 47
01-05 20:33:43.780	          linker	[Debug]	        dji_protocol_v3.c:506  0:0x1204 convert to 0092(0x1204)
01-05 20:33:43.780	          linker	[Debug]	        dji_protocol_v3.c:506  3:0x0503 convert to 0065(0x0503)
01-05 20:33:43.781	          linker	[Debug]	            dji_command.c:1128  <0xc583>Receive msg from linker, 0x0400(0x0004)->0x0503(0x0065) 0x0405 len:49
01-05 20:33:43.782	          linker	[Debug]	            dji_command.c:1128  <0x554b>Receive msg from linker, 0x1204(0x0092)->0x0503(0x0065) 0x22AD len:47
01-05 20:33:43.782	          linker	[Debug]	            dji_command.c:980  received unsupport request cmd that need ack, <0x554b> cmdset: 0x22 cmdid: 0xAD
01-05 20:33:43.792	          linker	[Debug]	        dji_protocol_v3.c:387  <0xc5dd>V3-Recv: 01:003F:001E:0x0400 -> 03:003F:001E:0x0503 0x0405, tLen 70 dLen 49
01-05 20:33:43.792	          linker	[Debug]	        dji_protocol_v3.c:506  1:0x0400 convert to 0004(0x0400)
01-05 20:33:43.792	          linker	[Debug]	        dji_protocol_v3.c:506  3:0x0503 convert to 0065(0x0503)
01-05 20:33:43.793	          linker	[Debug]	            dji_command.c:1128  <0xc5dd>Receive msg from linker, 0x0400(0x0004)->0x0503(0x0065) 0x0405 len:49
01-05 20:33:43.802	          linker	[Debug]	        dji_protocol_v1.c:309  <0x2035>V1-Recv: 0x0A06->0x0503 0x0866
01-05 20:33:43.802	          linker	[Debug]	            dji_command.c:1128  <0x2035>Receive msg from linker, 0x0A06(0x00CA)->0x0503(0x0065) 0x0866 len:96
01-05 20:33:43.802	          linker	[Debug]	            dji_command.c:980  received unsupport request cmd that noneed ack, <0x2035> cmdset: 0x08 cmdid: 0x66
01-05 20:33:43.812	          linker	[Debug]	        dji_protocol_v3.c:387  <0xc637>V3-Recv: 01:003F:001E:0x0400 -> 03:003F:001E:0x0503 0x0405, tLen 70 dLen 49
01-05 20:33:43.812	          linker	[Debug]	        dji_protocol_v3.c:506  1:0x0400 convert to 0004(0x0400)
01-05 20:33:43.812	          linker	[Debug]	        dji_protocol_v3.c:506  3:0x0503 convert to 0065(0x0503)
01-05 20:33:43.812	          linker	[Debug]	            dji_command.c:1128  <0xc637>Receive msg from linker, 0x0400(0x0004)->0x0503(0x0065) 0x0405 len:49
01-05 20:33:43.832	          linker	[Debug]	        dji_protocol_v3.c:387  <0xc693>V3-Recv: 01:003F:001E:0x0400 -> 03:003F:001E:0x0503 0x0405, tLen 70 dLen 49
01-05 20:33:43.832	          linker	[Debug]	        dji_protocol_v3.c:506  1:0x0400 convert to 0004(0x0400)
01-05 20:33:43.832	          linker	[Debug]	        dji_protocol_v3.c:506  3:0x0503 convert to 0065(0x0503)
01-05 20:33:43.832	          linker	[Debug]	            dji_command.c:1128  <0xc693>Receive msg from linker, 0x0400(0x0004)->0x0503(0x0065) 0x0405 len:49
01-05 20:33:43.851	          linker	[Debug]	        dji_protocol_v3.c:387  <0x8196>V3-Recv: 00:003F:001E:0x0300 -> 03:003F:001E:0x0503 0x3C57, tLen 37 dLen 16
01-05 20:33:43.851	          linker	[Debug]	        dji_protocol_v3.c:506  0:0x0300 convert to 0003(0x0300)
01-05 20:33:43.851	          linker	[Debug]	        dji_protocol_v3.c:506  3:0x0503 convert to 0065(0x0503)
01-05 20:33:43.851	          linker	[Debug]	            dji_command.c:1128  <0x8196>Receive msg from linker, 0x0300(0x0003)->0x0503(0x0065) 0x3C57 len:16
01-05 20:33:43.851	          linker	[Debug]	            dji_command.c:980  received unsupport request cmd that noneed ack, <0x8196> cmdset: 0x3C cmdid: 0x57
01-05 20:33:43.860	          linker	[Debug]	        dji_protocol_v1.c:189  <0xc56a>V1-Send: 0x0503->0x1007 0x198B
01-05 20:33:43.860	          linker	[Debug]	        dji_protocol_v3.c:266  <0xc56b>V3-Send: 03:003F:001E:0x0503 -> 00:003F:001E:0x0200 0x3C10, tLen 85 dLen 64
01-05 20:33:43.860	          linker	[Debug]	        dji_protocol_v3.c:266  <0xc56c>V3-Send: 03:003F:001E:0x0503 -> 00:003F:001E:0x0300 0x3C10, tLen 85 dLen 64
01-05 20:33:43.860	          linker	[Debug]	        dji_protocol_v3.c:266  <0xc56d>V3-Send: 03:003F:001E:0x0503 -> 00:003F:001E:0x1104 0x3C10, tLen 85 dLen 64
01-05 20:33:43.860	          linker	[Debug]	        dji_protocol_v3.c:266  <0xc56e>V3-Send: 03:003F:001E:0x0503 -> 00:003F:001E:0x0701 0x3C10, tLen 85 dLen 64
01-05 20:33:43.860	          linker	[Debug]	        dji_protocol_v3.c:266  <0xc56f>V3-Send: 03:003F:001E:0x0503 -> 00:003F:001E:0x1100 0x3C10, tLen 85 dLen 64
01-05 20:33:43.862	          linker	[Debug]	        dji_protocol_v3.c:266  <0xc570>V3-Send: 03:003F:001E:0x0503 -> 00:003F:001E:0x0200 0x3C1F, tLen 58 dLen 37
01-05 20:33:43.869	          linker	[Debug]	        dji_protocol_v3.c:387  <0xc6ef>V3-Recv: 01:003F:001E:0x0400 -> 03:003F:001E:0x0503 0x0405, tLen 70 dLen 49
01-05 20:33:43.869	          linker	[Debug]	        dji_protocol_v3.c:506  1:0x0400 convert to 0004(0x0400)
01-05 20:33:43.869	          linker	[Debug]	        dji_protocol_v3.c:506  3:0x0503 convert to 0065(0x0503)
01-05 20:33:43.869	          linker	[Debug]	        dji_protocol_v3.c:387  <0x5557>V3-Recv: 00:003F:001E:0x1204 -> 03:003F:001E:0x0503 0x4900, tLen 23 dLen 2
01-05 20:33:43.869	          linker	[Debug]	        dji_protocol_v3.c:506  0:0x1204 convert to 0092(0x1204)
01-05 20:33:43.869	          linker	[Debug]	        dji_protocol_v3.c:506  3:0x0503 convert to 0065(0x0503)
01-05 20:33:43.869	          linker	[Debug]	            dji_command.c:1128  <0xc6ef>Receive msg from linker, 0x0400(0x0004)->0x0503(0x0065) 0x0405 len:49
01-05 20:33:43.870	          linker	[Debug]	            dji_command.c:1128  <0x5557>Receive msg from linker, 0x1204(0x0092)->0x0503(0x0065) 0x4900 len:2
01-05 20:33:43.870	          linker	[Debug]	        dji_protocol_v3.c:266  <0x5557>V3-Send: 03:003F:001E:0x0503 -> 00:003F:001E:0x1204 0x4900, tLen 23 dLen 2
01-05 20:33:43.880	          linker	[Debug]	        dji_protocol_v3.c:387  <0xc749>V3-Recv: 01:003F:001E:0x0400 -> 03:003F:001E:0x0503 0x0405, tLen 70 dLen 49
01-05 20:33:43.880	          linker	[Debug]	        dji_protocol_v3.c:506  1:0x0400 convert to 0004(0x0400)
01-05 20:33:43.880	          linker	[Debug]	        dji_protocol_v3.c:506  3:0x0503 convert to 0065(0x0503)
01-05 20:33:43.880	          linker	[Debug]	        dji_protocol_v3.c:387  <0x555b>V3-Recv: 00:003F:001E:0x1204 -> 03:003F:001E:0x0503 0x22AD, tLen 68 dLen 47
01-05 20:33:43.880	          linker	[Debug]	        dji_protocol_v3.c:506  0:0x1204 convert to 0092(0x1204)
01-05 20:33:43.880	          linker	[Debug]	        dji_protocol_v3.c:506  3:0x0503 convert to 0065(0x0503)
01-05 20:33:43.880	          linker	[Debug]	            dji_command.c:1128  <0xc749>Receive msg from linker, 0x0400(0x0004)->0x0503(0x0065) 0x0405 len:49
01-05 20:33:43.881	          linker	[Debug]	            dji_command.c:1128  <0x555b>Receive msg from linker, 0x1204(0x0092)->0x0503(0x0065) 0x22AD len:47
01-05 20:33:43.881	          linker	[Debug]	            dji_command.c:980  received unsupport request cmd that need ack, <0x555b> cmdset: 0x22 cmdid: 0xAD
01-05 20:33:43.892	          linker	[Debug]	        dji_protocol_v3.c:387  <0xc7a4>V3-Recv: 01:003F:001E:0x0400 -> 03:003F:001E:0x0503 0x0405, tLen 70 dLen 49
01-05 20:33:43.892	          linker	[Debug]	        dji_protocol_v3.c:506  1:0x0400 convert to 0004(0x0400)
01-05 20:33:43.892	          linker	[Debug]	        dji_protocol_v3.c:506  3:0x0503 convert to 0065(0x0503)
01-05 20:33:43.893	          linker	[Debug]	            dji_command.c:1128  <0xc7a4>Receive msg from linker, 0x0400(0x0004)->0x0503(0x0065) 0x0405 len:49
01-05 20:33:43.912	          linker	[Debug]	        dji_protocol_v3.c:387  <0xc7fe>V3-Recv: 01:003F:001E:0x0400 -> 03:003F:001E:0x0503 0x0405, tLen 70 dLen 49
01-05 20:33:43.912	          linker	[Debug]	        dji_protocol_v3.c:506  1:0x0400 convert to 0004(0x0400)
01-05 20:33:43.912	          linker	[Debug]	        dji_protocol_v3.c:506  3:0x0503 convert to 0065(0x0503)
01-05 20:33:43.912	          linker	[Debug]	            dji_command.c:1128  <0xc7fe>Receive msg from linker, 0x0400(0x0004)->0x0503(0x0065) 0x0405 len:49
01-05 20:33:43.923	          linker	[Debug]	        dji_protocol_v3.c:266  <0xc571>V3-Send: 03:003F:001E:0x0503 -> 00:003F:001E:0x0200 0x3C1B, tLen 77 dLen 56
01-05 20:33:43.932	          linker	[Debug]	        dji_protocol_v3.c:387  <0xc85a>V3-Recv: 01:003F:001E:0x0400 -> 03:003F:001E:0x0503 0x0405, tLen 70 dLen 49
01-05 20:33:43.932	          linker	[Debug]	        dji_protocol_v3.c:506  1:0x0400 convert to 0004(0x0400)
01-05 20:33:43.932	          linker	[Debug]	        dji_protocol_v3.c:506  3:0x0503 convert to 0065(0x0503)
01-05 20:33:43.933	          linker	[Debug]	            dji_command.c:1128  <0xc85a>Receive msg from linker, 0x0400(0x0004)->0x0503(0x0065) 0x0405 len:49
01-05 20:33:43.952	          linker	[Debug]	        dji_protocol_v3.c:387  <0xc8b6>V3-Recv: 01:003F:001E:0x0400 -> 03:003F:001E:0x0503 0x0405, tLen 70 dLen 49
01-05 20:33:43.952	          linker	[Debug]	        dji_protocol_v3.c:506  1:0x0400 convert to 0004(0x0400)
01-05 20:33:43.952	          linker	[Debug]	        dji_protocol_v3.c:506  3:0x0503 convert to 0065(0x0503)
01-05 20:33:43.952	          linker	[Debug]	            dji_command.c:1128  <0xc8b6>Receive msg from linker, 0x0400(0x0004)->0x0503(0x0065) 0x0405 len:49
01-05 20:33:43.965	         channel	[Debug]	         mop_link_layer.c:169  MOP_LINK:return from recv_data func
01-05 20:33:43.965	         channel	[Debug]	         mop_link_layer.c:167  MOP_LINK:entry recv_data func
01-05 20:33:43.967	          linker	[Debug]	        dji_protocol_v3.c:387  <0x5567>V3-Recv: 00:003F:001E:0x1204 -> 03:003F:001E:0x0503 0x4900, tLen 23 dLen 2
01-05 20:33:43.968	          linker	[Debug]	        dji_protocol_v3.c:506  0:0x1204 convert to 0092(0x1204)
01-05 20:33:43.968	          linker	[Debug]	        dji_protocol_v3.c:506  3:0x0503 convert to 0065(0x0503)
01-05 20:33:43.968	          linker	[Debug]	            dji_command.c:1128  <0x5567>Receive msg from linker, 0x1204(0x0092)->0x0503(0x0065) 0x4900 len:2
01-05 20:33:43.968	          linker	[Debug]	        dji_protocol_v3.c:266  <0x5567>V3-Send: 03:003F:001E:0x0503 -> 00:003F:001E:0x1204 0x4900, tLen 23 dLen 2
01-05 20:33:43.980	          linker	[Debug]	        dji_protocol_v3.c:387  <0xc910>V3-Recv: 01:003F:001E:0x0400 -> 03:003F:001E:0x0503 0x0405, tLen 70 dLen 49
01-05 20:33:43.980	          linker	[Debug]	        dji_protocol_v3.c:506  1:0x0400 convert to 0004(0x0400)
01-05 20:33:43.980	          linker	[Debug]	        dji_protocol_v3.c:506  3:0x0503 convert to 0065(0x0503)
01-05 20:33:43.980	          linker	[Debug]	        dji_protocol_v3.c:387  <0x556b>V3-Recv: 00:003F:001E:0x1204 -> 03:003F:001E:0x0503 0x22AD, tLen 68 dLen 47
01-05 20:33:43.980	          linker	[Debug]	        dji_protocol_v3.c:506  0:0x1204 convert to 0092(0x1204)
01-05 20:33:43.980	          linker	[Debug]	        dji_protocol_v3.c:506  3:0x0503 convert to 0065(0x0503)
01-05 20:33:43.980	          linker	[Debug]	            dji_command.c:1128  <0xc910>Receive msg from linker, 0x0400(0x0004)->0x0503(0x0065) 0x0405 len:49
01-05 20:33:43.981	          linker	[Debug]	            dji_command.c:1128  <0x556b>Receive msg from linker, 0x1204(0x0092)->0x0503(0x0065) 0x22AD len:47
01-05 20:33:43.981	          linker	[Debug]	            dji_command.c:980  received unsupport request cmd that need ack, <0x556b> cmdset: 0x22 cmdid: 0xAD
01-05 20:33:43.992	          linker	[Debug]	        dji_protocol_v3.c:387  <0xc96a>V3-Recv: 01:003F:001E:0x0400 -> 03:003F:001E:0x0503 0x0405, tLen 70 dLen 49
01-05 20:33:43.992	          linker	[Debug]	        dji_protocol_v3.c:506  1:0x0400 convert to 0004(0x0400)
01-05 20:33:43.992	          linker	[Debug]	        dji_protocol_v3.c:506  3:0x0503 convert to 0065(0x0503)
01-05 20:33:43.992	          linker	[Debug]	            dji_command.c:1128  <0xc96a>Receive msg from linker, 0x0400(0x0004)->0x0503(0x0065) 0x0405 len:49
01-05 20:33:44.009	          linker	[Debug]	        dji_protocol_v3.c:387  <0x2990>V3-Recv: 00:003F:001E:0x0801 -> 03:003F:001E:0x0503 0x0099, tLen 98 dLen 77
01-05 20:33:44.009	          linker	[Debug]	        dji_protocol_v3.c:506  0:0x0801 convert to 0028(0x0801)
01-05 20:33:44.009	          linker	[Debug]	        dji_protocol_v3.c:506  3:0x0503 convert to 0065(0x0503)
01-05 20:33:44.009	          linker	[Debug]	            dji_command.c:1128  <0x2990>Receive msg from linker, 0x0801(0x0028)->0x0503(0x0065) 0x0099 len:77
01-05 20:33:44.023	          linker	[Debug]	        dji_protocol_v3.c:387  <0xc9c4>V3-Recv: 01:003F:001E:0x0400 -> 03:003F:001E:0x0503 0x0405, tLen 70 dLen 49
01-05 20:33:44.023	          linker	[Debug]	        dji_protocol_v3.c:506  1:0x0400 convert to 0004(0x0400)
01-05 20:33:44.023	          linker	[Debug]	        dji_protocol_v3.c:506  3:0x0503 convert to 0065(0x0503)
01-05 20:33:44.023	          linker	[Debug]	        dji_protocol_v3.c:387  <0x2991>V3-Recv: 00:003F:001E:0x0801 -> 03:003F:001E:0x0503 0x0099, tLen 65 dLen 44
01-05 20:33:44.023	          linker	[Debug]	        dji_protocol_v3.c:506  0:0x0801 convert to 0028(0x0801)
01-05 20:33:44.023	          linker	[Debug]	        dji_protocol_v3.c:506  3:0x0503 convert to 0065(0x0503)
01-05 20:33:44.023	          linker	[Debug]	            dji_command.c:1128  <0xc9c4>Receive msg from linker, 0x0400(0x0004)->0x0503(0x0065) 0x0405 len:49
01-05 20:33:44.025	          linker	[Debug]	            dji_command.c:1128  <0x2991>Receive msg from linker, 0x0801(0x0028)->0x0503(0x0065) 0x0099 len:44
01-05 20:33:44.040	          linker	[Debug]	        dji_protocol_v3.c:387  <0xca20>V3-Recv: 01:003F:001E:0x0400 -> 03:003F:001E:0x0503 0x0405, tLen 70 dLen 49
01-05 20:33:44.041	          linker	[Debug]	        dji_protocol_v3.c:506  1:0x0400 convert to 0004(0x0400)
01-05 20:33:44.041	          linker	[Debug]	        dji_protocol_v3.c:506  3:0x0503 convert to 0065(0x0503)
01-05 20:33:44.041	          linker	[Debug]	            dji_command.c:1128  <0xca20>Receive msg from linker, 0x0400(0x0004)->0x0503(0x0065) 0x0405 len:49
01-05 20:33:44.052	          linker	[Debug]	        dji_protocol_v3.c:387  <0x82f7>V3-Recv: 00:003F:001E:0x0300 -> 03:003F:001E:0x0503 0x3C57, tLen 37 dLen 16
01-05 20:33:44.052	          linker	[Debug]	        dji_protocol_v3.c:506  0:0x0300 convert to 0003(0x0300)
01-05 20:33:44.052	          linker	[Debug]	        dji_protocol_v3.c:506  3:0x0503 convert to 0065(0x0503)
01-05 20:33:44.052	          linker	[Debug]	        dji_protocol_v3.c:387  <0xca7c>V3-Recv: 01:003F:001E:0x0400 -> 03:003F:001E:0x0503 0x0405, tLen 70 dLen 49
01-05 20:33:44.052	          linker	[Debug]	        dji_protocol_v3.c:506  1:0x0400 convert to 0004(0x0400)
01-05 20:33:44.052	          linker	[Debug]	        dji_protocol_v3.c:506  3:0x0503 convert to 0065(0x0503)
01-05 20:33:44.052	          linker	[Debug]	            dji_command.c:1128  <0x82f7>Receive msg from linker, 0x0300(0x0003)->0x0503(0x0065) 0x3C57 len:16
01-05 20:33:44.052	          linker	[Debug]	            dji_command.c:980  received unsupport request cmd that noneed ack, <0x82f7> cmdset: 0x3C cmdid: 0x57
01-05 20:33:44.053	          linker	[Debug]	            dji_command.c:1128  <0xca7c>Receive msg from linker, 0x0400(0x0004)->0x0503(0x0065) 0x0405 len:49
01-05 20:33:44.062	          linker	[Debug]	        dji_protocol_v3.c:266  <0xc572>V3-Send: 03:003F:001E:0x0503 -> 00:003F:001E:0x0200 0x3C1F, tLen 58 dLen 37
01-05 20:33:44.067	          linker	[Debug]	        dji_protocol_v3.c:387  <0x5577>V3-Recv: 00:003F:001E:0x1204 -> 03:003F:001E:0x0503 0x4900, tLen 23 dLen 2
01-05 20:33:44.067	          linker	[Debug]	        dji_protocol_v3.c:506  0:0x1204 convert to 0092(0x1204)
01-05 20:33:44.067	          linker	[Debug]	        dji_protocol_v3.c:506  3:0x0503 convert to 0065(0x0503)
01-05 20:33:44.068	          linker	[Debug]	            dji_command.c:1128  <0x5577>Receive msg from linker, 0x1204(0x0092)->0x0503(0x0065) 0x4900 len:2
01-05 20:33:44.069	          linker	[Debug]	        dji_protocol_v3.c:266  <0x5577>V3-Send: 03:003F:001E:0x0503 -> 00:003F:001E:0x1204 0x4900, tLen 23 dLen 2
01-05 20:33:44.076	          linker	[Debug]	        dji_protocol_v1.c:189  <0xc573>V1-Send: 0x0503->0x1007 0x198B
01-05 20:33:44.076	          linker	[Debug]	        dji_protocol_v3.c:266  <0xc574>V3-Send: 03:003F:001E:0x0503 -> 00:003F:001E:0x0200 0x3C10, tLen 85 dLen 64
01-05 20:33:44.076	          linker	[Debug]	        dji_protocol_v3.c:266  <0xc575>V3-Send: 03:003F:001E:0x0503 -> 00:003F:001E:0x0300 0x3C10, tLen 85 dLen 64
01-05 20:33:44.077	          linker	[Debug]	        dji_protocol_v3.c:266  <0xc576>V3-Send: 03:003F:001E:0x0503 -> 00:003F:001E:0x1104 0x3C10, tLen 85 dLen 64
01-05 20:33:44.077	          linker	[Debug]	        dji_protocol_v3.c:266  <0xc577>V3-Send: 03:003F:001E:0x0503 -> 00:003F:001E:0x0701 0x3C10, tLen 85 dLen 64
01-05 20:33:44.077	          linker	[Debug]	        dji_protocol_v3.c:266  <0xc578>V3-Send: 03:003F:001E:0x0503 -> 00:003F:001E:0x1100 0x3C10, tLen 85 dLen 64
01-05 20:33:44.080	          linker	[Debug]	        dji_protocol_v3.c:387  <0xcad6>V3-Recv: 01:003F:001E:0x0400 -> 03:003F:001E:0x0503 0x0405, tLen 70 dLen 49
01-05 20:33:44.080	          linker	[Debug]	        dji_protocol_v3.c:506  1:0x0400 convert to 0004(0x0400)
01-05 20:33:44.080	          linker	[Debug]	        dji_protocol_v3.c:506  3:0x0503 convert to 0065(0x0503)
01-05 20:33:44.080	          linker	[Debug]	        dji_protocol_v3.c:387  <0x557b>V3-Recv: 00:003F:001E:0x1204 -> 03:003F:001E:0x0503 0x22AD, tLen 68 dLen 47
01-05 20:33:44.080	          linker	[Debug]	        dji_protocol_v3.c:506  0:0x1204 convert to 0092(0x1204)
01-05 20:33:44.080	          linker	[Debug]	        dji_protocol_v3.c:506  3:0x0503 convert to 0065(0x0503)
01-05 20:33:44.080	          linker	[Debug]	            dji_command.c:1128  <0xcad6>Receive msg from linker, 0x0400(0x0004)->0x0503(0x0065) 0x0405 len:49
01-05 20:33:44.081	          linker	[Debug]	            dji_command.c:1128  <0x557b>Receive msg from linker, 0x1204(0x0092)->0x0503(0x0065) 0x22AD len:47
01-05 20:33:44.081	          linker	[Debug]	            dji_command.c:980  received unsupport request cmd that need ack, <0x557b> cmdset: 0x22 cmdid: 0xAD
01-05 20:33:44.092	          linker	[Debug]	        dji_protocol_v3.c:387  <0xcb30>V3-Recv: 01:003F:001E:0x0400 -> 03:003F:001E:0x0503 0x0405, tLen 70 dLen 49
01-05 20:33:44.092	          linker	[Debug]	        dji_protocol_v3.c:506  1:0x0400 convert to 0004(0x0400)
01-05 20:33:44.092	          linker	[Debug]	        dji_protocol_v3.c:506  3:0x0503 convert to 0065(0x0503)
01-05 20:33:44.092	          linker	[Debug]	            dji_command.c:1128  <0xcb30>Receive msg from linker, 0x0400(0x0004)->0x0503(0x0065) 0x0405 len:49
01-05 20:33:44.111	          linker	[Debug]	        dji_protocol_v3.c:387  <0x2992>V3-Recv: 00:003F:001E:0x0801 -> 03:003F:001E:0x0503 0x0099, tLen 58 dLen 37
01-05 20:33:44.111	          linker	[Debug]	        dji_protocol_v3.c:506  0:0x0801 convert to 0028(0x0801)
01-05 20:33:44.111	          linker	[Debug]	        dji_protocol_v3.c:506  3:0x0503 convert to 0065(0x0503)
01-05 20:33:44.112	          linker	[Debug]	            dji_command.c:1128  <0x2992>Receive msg from linker, 0x0801(0x0028)->0x0503(0x0065) 0x0099 len:37
01-05 20:33:44.122	          linker	[Debug]	        dji_protocol_v3.c:387  <0xcb8a>V3-Recv: 01:003F:001E:0x0400 -> 03:003F:001E:0x0503 0x0405, tLen 70 dLen 49
01-05 20:33:44.122	          linker	[Debug]	        dji_protocol_v3.c:506  1:0x0400 convert to 0004(0x0400)
01-05 20:33:44.122	          linker	[Debug]	        dji_protocol_v3.c:506  3:0x0503 convert to 0065(0x0503)
01-05 20:33:44.123	          linker	[Debug]	            dji_command.c:1128  <0xcb8a>Receive msg from linker, 0x0400(0x0004)->0x0503(0x0065) 0x0405 len:49
01-05 20:33:44.139	          linker	[Debug]	        dji_protocol_v3.c:266  <0xc579>V3-Send: 03:003F:001E:0x0503 -> 00:003F:001E:0x0200 0x3C1B, tLen 77 dLen 56
01-05 20:33:44.142	          linker	[Debug]	        dji_protocol_v3.c:387  <0xcbea>V3-Recv: 01:003F:001E:0x0400 -> 03:003F:001E:0x0503 0x0405, tLen 70 dLen 49
01-05 20:33:44.142	          linker	[Debug]	        dji_protocol_v3.c:506  1:0x0400 convert to 0004(0x0400)
01-05 20:33:44.142	          linker	[Debug]	        dji_protocol_v3.c:506  3:0x0503 convert to 0065(0x0503)
01-05 20:33:44.143	          linker	[Debug]	            dji_command.c:1128  <0xcbea>Receive msg from linker, 0x0400(0x0004)->0x0503(0x0065) 0x0405 len:49
01-05 20:33:44.152	          linker	[Debug]	        dji_protocol_v3.c:387  <0xcc48>V3-Recv: 01:003F:001E:0x0400 -> 03:003F:001E:0x0503 0x0405, tLen 70 dLen 49
01-05 20:33:44.152	          linker	[Debug]	        dji_protocol_v3.c:506  1:0x0400 convert to 0004(0x0400)
01-05 20:33:44.152	          linker	[Debug]	        dji_protocol_v3.c:506  3:0x0503 convert to 0065(0x0503)
01-05 20:33:44.152	          linker	[Debug]	            dji_command.c:1128  <0xcc48>Receive msg from linker, 0x0400(0x0004)->0x0503(0x0065) 0x0405 len:49
01-05 20:33:44.157	          linker	[Debug]	        dji_protocol_v3.c:266  <0xc57a>V3-Send: 03:003F:001E:0x0503 -> 00:003F:001E:0x0801 0x0000, tLen 21 dLen 0
01-05 20:33:44.157	           infor	[Debug]	dji_aircraft_connection.c:170  check connect status:1
01-05 20:33:44.168	          linker	[Debug]	        dji_protocol_v3.c:387  <0xc57a>V3-Recv: 00:003F:001E:0x0801 -> 03:003F:001E:0x0503 0x0000, tLen 22 dLen 1
01-05 20:33:44.168	          linker	[Debug]	        dji_protocol_v3.c:506  0:0x0801 convert to 0028(0x0801)
01-05 20:33:44.168	          linker	[Debug]	        dji_protocol_v3.c:506  3:0x0503 convert to 0065(0x0503)
01-05 20:33:44.168	          linker	[Debug]	        dji_protocol_v3.c:387  <0x5587>V3-Recv: 00:003F:001E:0x1204 -> 03:003F:001E:0x0503 0x4900, tLen 23 dLen 2
01-05 20:33:44.168	          linker	[Debug]	        dji_protocol_v3.c:506  0:0x1204 convert to 0092(0x1204)
01-05 20:33:44.168	          linker	[Debug]	        dji_protocol_v3.c:506  3:0x0503 convert to 0065(0x0503)
01-05 20:33:44.169	         channel	[Debug]	         mop_link_layer.c:169  MOP_LINK:return from recv_data func
01-05 20:33:44.169	          linker	[Debug]	            dji_command.c:1128  <0xc57a>Receive msg from linker, 0x0801(0x0028)->0x0503(0x0065) 0x0000 len:1
01-05 20:33:44.169	         channel	[Debug]	         mop_link_layer.c:167  MOP_LINK:entry recv_data func
01-05 20:33:44.169	           infor	[Debug]	dji_aircraft_connection.c:303  connect status async sucess
01-05 20:33:44.169	          linker	[Debug]	            dji_command.c:890  callback function (cmdset: 0x00 cmdid: 0x00) deal time: 0 ms
01-05 20:33:44.170	          linker	[Debug]	            dji_command.c:1128  <0x5587>Receive msg from linker, 0x1204(0x0092)->0x0503(0x0065) 0x4900 len:2
01-05 20:33:44.170	          linker	[Debug]	        dji_protocol_v3.c:266  <0x5587>V3-Send: 03:003F:001E:0x0503 -> 00:003F:001E:0x1204 0x4900, tLen 23 dLen 2
01-05 20:33:44.180	          linker	[Debug]	        dji_protocol_v3.c:387  <0xcca2>V3-Recv: 01:003F:001E:0x0400 -> 03:003F:001E:0x0503 0x0405, tLen 70 dLen 49
01-05 20:33:44.180	          linker	[Debug]	        dji_protocol_v3.c:506  1:0x0400 convert to 0004(0x0400)
01-05 20:33:44.180	          linker	[Debug]	        dji_protocol_v3.c:506  3:0x0503 convert to 0065(0x0503)
01-05 20:33:44.180	          linker	[Debug]	        dji_protocol_v3.c:387  <0x558b>V3-Recv: 00:003F:001E:0x1204 -> 03:003F:001E:0x0503 0x22AD, tLen 68 dLen 47
01-05 20:33:44.180	          linker	[Debug]	        dji_protocol_v3.c:506  0:0x1204 convert to 0092(0x1204)
01-05 20:33:44.180	          linker	[Debug]	        dji_protocol_v3.c:506  3:0x0503 convert to 0065(0x0503)
01-05 20:33:44.181	          linker	[Debug]	            dji_command.c:1128  <0xcca2>Receive msg from linker, 0x0400(0x0004)->0x0503(0x0065) 0x0405 len:49
01-05 20:33:44.182	          linker	[Debug]	            dji_command.c:1128  <0x558b>Receive msg from linker, 0x1204(0x0092)->0x0503(0x0065) 0x22AD len:47
01-05 20:33:44.182	          linker	[Debug]	            dji_command.c:980  received unsupport request cmd that need ack, <0x558b> cmdset: 0x22 cmdid: 0xAD
01-05 20:33:44.192	          linker	[Debug]	        dji_protocol_v3.c:387  <0xccfc>V3-Recv: 01:003F:001E:0x0400 -> 03:003F:001E:0x0503 0x0405, tLen 70 dLen 49
01-05 20:33:44.192	          linker	[Debug]	        dji_protocol_v3.c:506  1:0x0400 convert to 0004(0x0400)
01-05 20:33:44.192	          linker	[Debug]	        dji_protocol_v3.c:506  3:0x0503 convert to 0065(0x0503)
01-05 20:33:44.193	          linker	[Debug]	            dji_command.c:1128  <0xccfc>Receive msg from linker, 0x0400(0x0004)->0x0503(0x0065) 0x0405 len:49
01-05 20:33:44.208	          linker	[Debug]	        dji_protocol_v3.c:387  <0x2993>V3-Recv: 00:003F:001E:0x0801 -> 03:003F:001E:0x0503 0x0099, tLen 70 dLen 49
01-05 20:33:44.208	          linker	[Debug]	        dji_protocol_v3.c:506  0:0x0801 convert to 0028(0x0801)
01-05 20:33:44.208	          linker	[Debug]	        dji_protocol_v3.c:506  3:0x0503 convert to 0065(0x0503)
01-05 20:33:44.208	          linker	[Debug]	            dji_command.c:1128  <0x2993>Receive msg from linker, 0x0801(0x0028)->0x0503(0x0065) 0x0099 len:49
01-05 20:33:44.225	          linker	[Debug]	        dji_protocol_v3.c:387  <0x2994>V3-Recv: 00:003F:001E:0x0801 -> 03:003F:001E:0x0503 0x0099, tLen 56 dLen 35
01-05 20:33:44.225	          linker	[Debug]	        dji_protocol_v3.c:506  0:0x0801 convert to 0028(0x0801)
01-05 20:33:44.225	          linker	[Debug]	        dji_protocol_v3.c:506  3:0x0503 convert to 0065(0x0503)
01-05 20:33:44.225	          linker	[Debug]	        dji_protocol_v3.c:387  <0xcd56>V3-Recv: 01:003F:001E:0x0400 -> 03:003F:001E:0x0503 0x0405, tLen 70 dLen 49
01-05 20:33:44.225	          linker	[Debug]	        dji_protocol_v3.c:506  1:0x0400 convert to 0004(0x0400)
01-05 20:33:44.225	          linker	[Debug]	        dji_protocol_v3.c:506  3:0x0503 convert to 0065(0x0503)
01-05 20:33:44.225	          linker	[Debug]	            dji_command.c:1128  <0x2994>Receive msg from linker, 0x0801(0x0028)->0x0503(0x0065) 0x0099 len:35
01-05 20:33:44.226	          linker	[Debug]	            dji_command.c:1128  <0xcd56>Receive msg from linker, 0x0400(0x0004)->0x0503(0x0065) 0x0405 len:49
01-05 20:33:44.239	          linker	[Debug]	        dji_protocol_v3.c:387  <0xcdb2>V3-Recv: 01:003F:001E:0x0400 -> 03:003F:001E:0x0503 0x0405, tLen 70 dLen 49
01-05 20:33:44.239	          linker	[Debug]	        dji_protocol_v3.c:506  1:0x0400 convert to 0004(0x0400)
01-05 20:33:44.239	          linker	[Debug]	        dji_protocol_v3.c:506  3:0x0503 convert to 0065(0x0503)
01-05 20:33:44.239	          linker	[Debug]	            dji_command.c:1128  <0xcdb2>Receive msg from linker, 0x0400(0x0004)->0x0503(0x0065) 0x0405 len:49
01-05 20:33:44.250	          linker	[Debug]	        dji_protocol_v3.c:387  <0x8451>V3-Recv: 00:003F:001E:0x0300 -> 03:003F:001E:0x0503 0x3C57, tLen 37 dLen 16
01-05 20:33:44.251	          linker	[Debug]	        dji_protocol_v3.c:506  0:0x0300 convert to 0003(0x0300)
01-05 20:33:44.251	          linker	[Debug]	        dji_protocol_v3.c:506  3:0x0503 convert to 0065(0x0503)
01-05 20:33:44.251	          linker	[Debug]	            dji_command.c:1128  <0x8451>Receive msg from linker, 0x0300(0x0003)->0x0503(0x0065) 0x3C57 len:16
01-05 20:33:44.251	          linker	[Debug]	            dji_command.c:980  received unsupport request cmd that noneed ack, <0x8451> cmdset: 0x3C cmdid: 0x57
01-05 20:33:44.262	          linker	[Debug]	        dji_protocol_v3.c:266  <0xc57b>V3-Send: 03:003F:001E:0x0503 -> 00:003F:001E:0x0200 0x3C1F, tLen 58 dLen 37
01-05 20:33:44.269	          linker	[Debug]	        dji_protocol_v3.c:387  <0xce0f>V3-Recv: 01:003F:001E:0x0400 -> 03:003F:001E:0x0503 0x0405, tLen 70 dLen 49
01-05 20:33:44.269	          linker	[Debug]	        dji_protocol_v3.c:506  1:0x0400 convert to 0004(0x0400)
01-05 20:33:44.269	          linker	[Debug]	        dji_protocol_v3.c:506  3:0x0503 convert to 0065(0x0503)
01-05 20:33:44.269	          linker	[Debug]	        dji_protocol_v3.c:387  <0x5597>V3-Recv: 00:003F:001E:0x1204 -> 03:003F:001E:0x0503 0x4900, tLen 23 dLen 2
01-05 20:33:44.269	          linker	[Debug]	        dji_protocol_v3.c:506  0:0x1204 convert to 0092(0x1204)
01-05 20:33:44.269	          linker	[Debug]	        dji_protocol_v3.c:506  3:0x0503 convert to 0065(0x0503)
01-05 20:33:44.270	          linker	[Debug]	            dji_command.c:1128  <0xce0f>Receive msg from linker, 0x0400(0x0004)->0x0503(0x0065) 0x0405 len:49
01-05 20:33:44.271	          linker	[Debug]	            dji_command.c:1128  <0x5597>Receive msg from linker, 0x1204(0x0092)->0x0503(0x0065) 0x4900 len:2
01-05 20:33:44.271	          linker	[Debug]	        dji_protocol_v3.c:266  <0x5597>V3-Send: 03:003F:001E:0x0503 -> 00:003F:001E:0x1204 0x4900, tLen 23 dLen 2
01-05 20:33:44.280	          linker	[Debug]	        dji_protocol_v3.c:387  <0xce69>V3-Recv: 01:003F:001E:0x0400 -> 03:003F:001E:0x0503 0x0405, tLen 70 dLen 49
01-05 20:33:44.280	          linker	[Debug]	        dji_protocol_v3.c:506  1:0x0400 convert to 0004(0x0400)
01-05 20:33:44.280	          linker	[Debug]	        dji_protocol_v3.c:506  3:0x0503 convert to 0065(0x0503)
01-05 20:33:44.280	          linker	[Debug]	        dji_protocol_v3.c:387  <0x559b>V3-Recv: 00:003F:001E:0x1204 -> 03:003F:001E:0x0503 0x22AD, tLen 68 dLen 47
01-05 20:33:44.280	          linker	[Debug]	        dji_protocol_v3.c:506  0:0x1204 convert to 0092(0x1204)
01-05 20:33:44.280	          linker	[Debug]	        dji_protocol_v3.c:506  3:0x0503 convert to 0065(0x0503)
01-05 20:33:44.281	          linker	[Debug]	            dji_command.c:1128  <0xce69>Receive msg from linker, 0x0400(0x0004)->0x0503(0x0065) 0x0405 len:49
01-05 20:33:44.282	          linker	[Debug]	            dji_command.c:1128  <0x559b>Receive msg from linker, 0x1204(0x0092)->0x0503(0x0065) 0x22AD len:47
01-05 20:33:44.282	          linker	[Debug]	            dji_command.c:980  received unsupport request cmd that need ack, <0x559b> cmdset: 0x22 cmdid: 0xAD
01-05 20:33:44.292	          linker	[Debug]	        dji_protocol_v3.c:387  <0xcec3>V3-Recv: 01:003F:001E:0x0400 -> 03:003F:001E:0x0503 0x0405, tLen 70 dLen 49
01-05 20:33:44.292	          linker	[Debug]	        dji_protocol_v3.c:506  1:0x0400 convert to 0004(0x0400)
01-05 20:33:44.292	          linker	[Debug]	        dji_protocol_v3.c:506  3:0x0503 convert to 0065(0x0503)
01-05 20:33:44.292	          linker	[Debug]	            dji_command.c:1128  <0xcec3>Receive msg from linker, 0x0400(0x0004)->0x0503(0x0065) 0x0405 len:49
01-05 20:33:44.294	          linker	[Debug]	        dji_protocol_v1.c:189  <0xc57c>V1-Send: 0x0503->0x1007 0x198B
01-05 20:33:44.294	          linker	[Debug]	        dji_protocol_v3.c:266  <0xc57d>V3-Send: 03:003F:001E:0x0503 -> 00:003F:001E:0x0200 0x3C10, tLen 85 dLen 64
01-05 20:33:44.294	          linker	[Debug]	        dji_protocol_v3.c:266  <0xc57e>V3-Send: 03:003F:001E:0x0503 -> 00:003F:001E:0x0300 0x3C10, tLen 85 dLen 64
01-05 20:33:44.294	          linker	[Debug]	        dji_protocol_v3.c:266  <0xc57f>V3-Send: 03:003F:001E:0x0503 -> 00:003F:001E:0x1104 0x3C10, tLen 85 dLen 64
01-05 20:33:44.294	          linker	[Debug]	        dji_protocol_v3.c:266  <0xc580>V3-Send: 03:003F:001E:0x0503 -> 00:003F:001E:0x0701 0x3C10, tLen 85 dLen 64
01-05 20:33:44.294	          linker	[Debug]	        dji_protocol_v3.c:266  <0xc581>V3-Send: 03:003F:001E:0x0503 -> 00:003F:001E:0x1100 0x3C10, tLen 85 dLen 64
01-05 20:33:44.302	          linker	[Debug]	        dji_protocol_v1.c:309  <0x2035>V1-Recv: 0x0A06->0x0503 0x0866
01-05 20:33:44.303	          linker	[Debug]	            dji_command.c:1128  <0x2035>Receive msg from linker, 0x0A06(0x00CA)->0x0503(0x0065) 0x0866 len:96
01-05 20:33:44.303	          linker	[Debug]	            dji_command.c:980  received unsupport request cmd that noneed ack, <0x2035> cmdset: 0x08 cmdid: 0x66
01-05 20:33:44.312	          linker	[Debug]	        dji_protocol_v3.c:387  <0xcf1d>V3-Recv: 01:003F:001E:0x0400 -> 03:003F:001E:0x0503 0x0405, tLen 70 dLen 49
01-05 20:33:44.312	          linker	[Debug]	        dji_protocol_v3.c:506  1:0x0400 convert to 0004(0x0400)
01-05 20:33:44.312	          linker	[Debug]	        dji_protocol_v3.c:506  3:0x0503 convert to 0065(0x0503)
01-05 20:33:44.312	          linker	[Debug]	            dji_command.c:1128  <0xcf1d>Receive msg from linker, 0x0400(0x0004)->0x0503(0x0065) 0x0405 len:49
01-05 20:33:44.332	          linker	[Debug]	        dji_protocol_v3.c:387  <0xcf79>V3-Recv: 01:003F:001E:0x0400 -> 03:003F:001E:0x0503 0x0405, tLen 70 dLen 49
01-05 20:33:44.332	          linker	[Debug]	        dji_protocol_v3.c:506  1:0x0400 convert to 0004(0x0400)
01-05 20:33:44.332	          linker	[Debug]	        dji_protocol_v3.c:506  3:0x0503 convert to 0065(0x0503)
01-05 20:33:44.333	          linker	[Debug]	            dji_command.c:1128  <0xcf79>Receive msg from linker, 0x0400(0x0004)->0x0503(0x0065) 0x0405 len:49
01-05 20:33:44.352	          linker	[Debug]	        dji_protocol_v3.c:387  <0xcfd5>V3-Recv: 01:003F:001E:0x0400 -> 03:003F:001E:0x0503 0x0405, tLen 70 dLen 49
01-05 20:33:44.352	          linker	[Debug]	        dji_protocol_v3.c:506  1:0x0400 convert to 0004(0x0400)
01-05 20:33:44.352	          linker	[Debug]	        dji_protocol_v3.c:506  3:0x0503 convert to 0065(0x0503)
01-05 20:33:44.353	          linker	[Debug]	            dji_command.c:1128  <0xcfd5>Receive msg from linker, 0x0400(0x0004)->0x0503(0x0065) 0x0405 len:49
01-05 20:33:44.356	            user	[Info]	      camera_controller.h:147  gimbal angle :0.000000,0.000000,0.000000
01-05 20:33:44.356	          linker	[Debug]	        dji_protocol_v3.c:266  <0xc582>V3-Send: 03:003F:001E:0x0503 -> 00:003F:001E:0x0200 0x3C1B, tLen 77 dLen 56
01-05 20:33:44.363	          linker	[Debug]	        dji_protocol_v1.c:189  <0xc583>V1-Send: 0x0503->0x1D02 0x00F0
01-05 20:33:44.368	          linker	[Debug]	        dji_protocol_v3.c:387  <0x55a7>V3-Recv: 00:003F:001E:0x1204 -> 03:003F:001E:0x0503 0x4900, tLen 23 dLen 2
01-05 20:33:44.368	          linker	[Debug]	        dji_protocol_v3.c:506  0:0x1204 convert to 0092(0x1204)
01-05 20:33:44.368	          linker	[Debug]	        dji_protocol_v3.c:506  3:0x0503 convert to 0065(0x0503)
01-05 20:33:44.368	          linker	[Debug]	            dji_command.c:1128  <0x55a7>Receive msg from linker, 0x1204(0x0092)->0x0503(0x0065) 0x4900 len:2
01-05 20:33:44.369	          linker	[Debug]	        dji_protocol_v3.c:266  <0x55a7>V3-Send: 03:003F:001E:0x0503 -> 00:003F:001E:0x1204 0x4900, tLen 23 dLen 2
01-05 20:33:44.372	         channel	[Debug]	         mop_link_layer.c:169  MOP_LINK:return from recv_data func
01-05 20:33:44.372	         channel	[Debug]	         mop_link_layer.c:167  MOP_LINK:entry recv_data func
01-05 20:33:44.380	          linker	[Debug]	        dji_protocol_v3.c:387  <0xd02f>V3-Recv: 01:003F:001E:0x0400 -> 03:003F:001E:0x0503 0x0405, tLen 70 dLen 49
01-05 20:33:44.380	          linker	[Debug]	        dji_protocol_v3.c:506  1:0x0400 convert to 0004(0x0400)
01-05 20:33:44.380	          linker	[Debug]	        dji_protocol_v3.c:506  3:0x0503 convert to 0065(0x0503)
01-05 20:33:44.380	          linker	[Debug]	        dji_protocol_v3.c:387  <0x55ab>V3-Recv: 00:003F:001E:0x1204 -> 03:003F:001E:0x0503 0x22AD, tLen 68 dLen 47
01-05 20:33:44.380	          linker	[Debug]	        dji_protocol_v3.c:506  0:0x1204 convert to 0092(0x1204)
01-05 20:33:44.380	          linker	[Debug]	        dji_protocol_v3.c:506  3:0x0503 convert to 0065(0x0503)
01-05 20:33:44.380	          linker	[Debug]	            dji_command.c:1128  <0xd02f>Receive msg from linker, 0x0400(0x0004)->0x0503(0x0065) 0x0405 len:49
01-05 20:33:44.382	          linker	[Debug]	            dji_command.c:1128  <0x55ab>Receive msg from linker, 0x1204(0x0092)->0x0503(0x0065) 0x22AD len:47
01-05 20:33:44.382	          linker	[Debug]	            dji_command.c:980  received unsupport request cmd that need ack, <0x55ab> cmdset: 0x22 cmdid: 0xAD
01-05 20:33:44.392	          linker	[Debug]	        dji_protocol_v3.c:387  <0xd08a>V3-Recv: 01:003F:001E:0x0400 -> 03:003F:001E:0x0503 0x0405, tLen 70 dLen 49
01-05 20:33:44.392	          linker	[Debug]	        dji_protocol_v3.c:506  1:0x0400 convert to 0004(0x0400)
01-05 20:33:44.392	          linker	[Debug]	        dji_protocol_v3.c:506  3:0x0503 convert to 0065(0x0503)
01-05 20:33:44.392	          linker	[Debug]	            dji_command.c:1128  <0xd08a>Receive msg from linker, 0x0400(0x0004)->0x0503(0x0065) 0x0405 len:49
01-05 20:33:44.406	            user	[Info]	      camera_controller.h:147  gimbal angle :0.000000,0.000000,0.000000
01-05 20:33:44.411	          linker	[Debug]	        dji_protocol_v3.c:387  <0x2995>V3-Recv: 00:003F:001E:0x0801 -> 03:003F:001E:0x0503 0x0099, tLen 95 dLen 74
01-05 20:33:44.411	          linker	[Debug]	        dji_protocol_v3.c:506  0:0x0801 convert to 0028(0x0801)
01-05 20:33:44.411	          linker	[Debug]	        dji_protocol_v3.c:506  3:0x0503 convert to 0065(0x0503)
01-05 20:33:44.412	          linker	[Debug]	            dji_command.c:1128  <0x2995>Receive msg from linker, 0x0801(0x0028)->0x0503(0x0065) 0x0099 len:74
01-05 20:33:44.417	          linker	[Debug]	        dji_protocol_v1.c:189  <0xc584>V1-Send: 0x0503->0x1D02 0x00F0
01-05 20:33:44.429	          linker	[Debug]	        dji_protocol_v3.c:387  <0xd0e4>V3-Recv: 01:003F:001E:0x0400 -> 03:003F:001E:0x0503 0x0405, tLen 70 dLen 49
01-05 20:33:44.429	          linker	[Debug]	        dji_protocol_v3.c:506  1:0x0400 convert to 0004(0x0400)
01-05 20:33:44.429	          linker	[Debug]	        dji_protocol_v3.c:506  3:0x0503 convert to 0065(0x0503)
01-05 20:33:44.430	          linker	[Debug]	            dji_command.c:1128  <0xd0e4>Receive msg from linker, 0x0400(0x0004)->0x0503(0x0065) 0x0405 len:49
01-05 20:33:44.442	          linker	[Debug]	        dji_protocol_v3.c:387  <0xd140>V3-Recv: 01:003F:001E:0x0400 -> 03:003F:001E:0x0503 0x0405, tLen 70 dLen 49
01-05 20:33:44.442	          linker	[Debug]	        dji_protocol_v3.c:506  1:0x0400 convert to 0004(0x0400)
01-05 20:33:44.442	          linker	[Debug]	        dji_protocol_v3.c:506  3:0x0503 convert to 0065(0x0503)
01-05 20:33:44.442	          linker	[Debug]	            dji_command.c:1128  <0xd140>Receive msg from linker, 0x0400(0x0004)->0x0503(0x0065) 0x0405 len:49
01-05 20:33:44.452	          linker	[Debug]	        dji_protocol_v3.c:387  <0x85ae>V3-Recv: 00:003F:001E:0x0300 -> 03:003F:001E:0x0503 0x3C57, tLen 37 dLen 16
01-05 20:33:44.452	          linker	[Debug]	        dji_protocol_v3.c:506  0:0x0300 convert to 0003(0x0300)
01-05 20:33:44.452	          linker	[Debug]	        dji_protocol_v3.c:506  3:0x0503 convert to 0065(0x0503)
01-05 20:33:44.452	          linker	[Debug]	        dji_protocol_v3.c:387  <0xd19b>V3-Recv: 01:003F:001E:0x0400 -> 03:003F:001E:0x0503 0x0405, tLen 70 dLen 49
01-05 20:33:44.452	          linker	[Debug]	        dji_protocol_v3.c:506  1:0x0400 convert to 0004(0x0400)
01-05 20:33:44.452	          linker	[Debug]	        dji_protocol_v3.c:506  3:0x0503 convert to 0065(0x0503)
01-05 20:33:44.453	          linker	[Debug]	            dji_command.c:1128  <0x85ae>Receive msg from linker, 0x0300(0x0003)->0x0503(0x0065) 0x3C57 len:16
01-05 20:33:44.453	          linker	[Debug]	            dji_command.c:980  received unsupport request cmd that noneed ack, <0x85ae> cmdset: 0x3C cmdid: 0x57
01-05 20:33:44.454	          linker	[Debug]	            dji_command.c:1128  <0xd19b>Receive msg from linker, 0x0400(0x0004)->0x0503(0x0065) 0x0405 len:49
01-05 20:33:44.456	            user	[Info]	      camera_controller.h:147  gimbal angle :0.000000,0.000000,0.000000
01-05 20:33:44.459	         channel	[Debug]	        mop_trans_layer.c:1568 MOP_TRANS:trans layer timer: 1s!
01-05 20:33:44.461	          linker	[Debug]	        dji_protocol_v1.c:189  <0xc585>V1-Send: 0x0503->0x1D02 0x00F0
01-05 20:33:44.462	          linker	[Debug]	        dji_protocol_v3.c:266  <0xc586>V3-Send: 03:003F:001E:0x0503 -> 00:003F:001E:0x0200 0x3C1F, tLen 58 dLen 37
01-05 20:33:44.468	          linker	[Debug]	        dji_protocol_v3.c:387  <0x55b7>V3-Recv: 00:003F:001E:0x1204 -> 03:003F:001E:0x0503 0x4900, tLen 23 dLen 2
01-05 20:33:44.468	          linker	[Debug]	        dji_protocol_v3.c:506  0:0x1204 convert to 0092(0x1204)
01-05 20:33:44.468	          linker	[Debug]	        dji_protocol_v3.c:506  3:0x0503 convert to 0065(0x0503)
01-05 20:33:44.468	          linker	[Debug]	            dji_command.c:1128  <0x55b7>Receive msg from linker, 0x1204(0x0092)->0x0503(0x0065) 0x4900 len:2
01-05 20:33:44.468	          linker	[Debug]	        dji_protocol_v3.c:266  <0x55b7>V3-Send: 03:003F:001E:0x0503 -> 00:003F:001E:0x1204 0x4900, tLen 23 dLen 2
01-05 20:33:44.480	          linker	[Debug]	        dji_protocol_v3.c:387  <0xd1f5>V3-Recv: 01:003F:001E:0x0400 -> 03:003F:001E:0x0503 0x0405, tLen 70 dLen 49
01-05 20:33:44.480	          linker	[Debug]	        dji_protocol_v3.c:506  1:0x0400 convert to 0004(0x0400)
01-05 20:33:44.480	          linker	[Debug]	        dji_protocol_v3.c:506  3:0x0503 convert to 0065(0x0503)
01-05 20:33:44.480	          linker	[Debug]	        dji_protocol_v3.c:387  <0x55bb>V3-Recv: 00:003F:001E:0x1204 -> 03:003F:001E:0x0503 0x22AD, tLen 68 dLen 47
01-05 20:33:44.480	          linker	[Debug]	        dji_protocol_v3.c:506  0:0x1204 convert to 0092(0x1204)
01-05 20:33:44.480	          linker	[Debug]	        dji_protocol_v3.c:506  3:0x0503 convert to 0065(0x0503)
01-05 20:33:44.480	          linker	[Debug]	            dji_command.c:1128  <0xd1f5>Receive msg from linker, 0x0400(0x0004)->0x0503(0x0065) 0x0405 len:49
01-05 20:33:44.481	          linker	[Debug]	            dji_command.c:1128  <0x55bb>Receive msg from linker, 0x1204(0x0092)->0x0503(0x0065) 0x22AD len:47
01-05 20:33:44.482	          linker	[Debug]	            dji_command.c:980  received unsupport request cmd that need ack, <0x55bb> cmdset: 0x22 cmdid: 0xAD
01-05 20:33:44.492	          linker	[Debug]	        dji_protocol_v3.c:387  <0xd24f>V3-Recv: 01:003F:001E:0x0400 -> 03:003F:001E:0x0503 0x0405, tLen 70 dLen 49
01-05 20:33:44.492	          linker	[Debug]	        dji_protocol_v3.c:506  1:0x0400 convert to 0004(0x0400)
01-05 20:33:44.492	          linker	[Debug]	        dji_protocol_v3.c:506  3:0x0503 convert to 0065(0x0503)
01-05 20:33:44.492	          linker	[Debug]	            dji_command.c:1128  <0xd24f>Receive msg from linker, 0x0400(0x0004)->0x0503(0x0065) 0x0405 len:49
01-05 20:33:44.506	            user	[Info]	      camera_controller.h:147  gimbal angle :0.000000,0.000000,0.000000
01-05 20:33:44.511	          linker	[Debug]	        dji_protocol_v1.c:189  <0xc587>V1-Send: 0x0503->0x1007 0x198B
01-05 20:33:44.511	          linker	[Debug]	        dji_protocol_v3.c:266  <0xc588>V3-Send: 03:003F:001E:0x0503 -> 00:003F:001E:0x0200 0x3C10, tLen 85 dLen 64
01-05 20:33:44.511	          linker	[Debug]	        dji_protocol_v3.c:266  <0xc589>V3-Send: 03:003F:001E:0x0503 -> 00:003F:001E:0x0300 0x3C10, tLen 85 dLen 64
01-05 20:33:44.512	          linker	[Debug]	        dji_protocol_v3.c:266  <0xc58a>V3-Send: 03:003F:001E:0x0503 -> 00:003F:001E:0x1104 0x3C10, tLen 85 dLen 64
01-05 20:33:44.512	          linker	[Debug]	        dji_protocol_v3.c:266  <0xc58b>V3-Send: 03:003F:001E:0x0503 -> 00:003F:001E:0x0701 0x3C10, tLen 85 dLen 64
01-05 20:33:44.512	          linker	[Debug]	        dji_protocol_v3.c:266  <0xc58c>V3-Send: 03:003F:001E:0x0503 -> 00:003F:001E:0x1100 0x3C10, tLen 85 dLen 64
01-05 20:33:44.516	          linker	[Debug]	        dji_protocol_v1.c:189  <0xc58d>V1-Send: 0x0503->0x1D02 0x00F0
01-05 20:33:44.517	          linker	[Debug]	        dji_protocol_v3.c:387  <0xd2a9>V3-Recv: 01:003F:001E:0x0400 -> 03:003F:001E:0x0503 0x0405, tLen 70 dLen 49
01-05 20:33:44.517	          linker	[Debug]	        dji_protocol_v3.c:506  1:0x0400 convert to 0004(0x0400)
01-05 20:33:44.517	          linker	[Debug]	        dji_protocol_v3.c:506  3:0x0503 convert to 0065(0x0503)
01-05 20:33:44.518	          linker	[Debug]	            dji_command.c:1128  <0xd2a9>Receive msg from linker, 0x0400(0x0004)->0x0503(0x0065) 0x0405 len:49
01-05 20:33:44.532	          linker	[Debug]	        dji_protocol_v3.c:387  <0xd306>V3-Recv: 01:003F:001E:0x0400 -> 03:003F:001E:0x0503 0x0405, tLen 70 dLen 49
01-05 20:33:44.532	          linker	[Debug]	        dji_protocol_v3.c:506  1:0x0400 convert to 0004(0x0400)
01-05 20:33:44.532	          linker	[Debug]	        dji_protocol_v3.c:506  3:0x0503 convert to 0065(0x0503)
01-05 20:33:44.533	          linker	[Debug]	            dji_command.c:1128  <0xd306>Receive msg from linker, 0x0400(0x0004)->0x0503(0x0065) 0x0405 len:49
01-05 20:33:44.552	          linker	[Debug]	        dji_protocol_v3.c:387  <0xd362>V3-Recv: 01:003F:001E:0x0400 -> 03:003F:001E:0x0503 0x0405, tLen 70 dLen 49
01-05 20:33:44.552	          linker	[Debug]	        dji_protocol_v3.c:506  1:0x0400 convert to 0004(0x0400)
01-05 20:33:44.552	          linker	[Debug]	        dji_protocol_v3.c:506  3:0x0503 convert to 0065(0x0503)
01-05 20:33:44.553	          linker	[Debug]	            dji_command.c:1128  <0xd362>Receive msg from linker, 0x0400(0x0004)->0x0503(0x0065) 0x0405 len:49
01-05 20:33:44.556	            user	[Info]	      camera_controller.h:147  gimbal angle :0.000000,0.000000,0.000000
01-05 20:33:44.557	         channel	[Debug]	          mop_net_layer.c:789  MOP_NET:[FLOW_CTRL] limit:3145728 time:11 rx_cnt:48 rx_rate:10 cur_limit:3932150 busy:0 reliable:0
01-05 20:33:44.557	         channel	[Debug]	        mop_trans_layer.c:1538 MOP_TRANS:In trans layer bind
01-05 20:33:44.557	         channel	[Debug]	        mop_trans_layer.c:299  MOP_TRANS:bind_channel_process channel id 1 is ok
01-05 20:33:44.557	         channel	[Debug]	        mop_trans_layer.c:306  MOP_TRANS:bind_channel_process, before sema post1
01-05 20:33:44.557	         channel	[Debug]	        mop_trans_layer.c:314  MOP_TRANS:bind_channel_process, sema post SUCCESS
01-05 20:33:44.557	         channel	[Debug]	                    mop.c:525  MOP_API:mop_accept_channel try bind out channel:2
01-05 20:33:44.557	         channel	[Debug]	                    mop.c:533  MOP_API:mop_accept_channel bind channle 2 success
01-05 20:33:44.557	         channel	[Debug]	          mop_net_layer.c:1127 MOP_NET:send heart beat req success
01-05 20:33:44.557	         channel	[Debug]	         mop_link_layer.c:78   MOP_LINK:crc length 24
01-05 20:33:44.557	         channel	[Debug]	         mop_link_layer.c:387  MOP_LINK:0xffff70015c90 snd_tsk psize 24 ret 24, pkt_info: ttype 0x0080 dlen 0 seq 0,(2 2 0)->(0 1 0) 0x1002
01-05 20:33:44.557	         channel	[Debug]	        mop_trans_layer.c:1522 MOP_TRANS:In trans layer accept
01-05 20:33:44.560	          linker	[Debug]	        dji_protocol_v1.c:189  <0xc58e>V1-Send: 0x0503->0x1D02 0x00F0
01-05 20:33:44.563	         channel	[Debug]	         mop_link_layer.c:169  MOP_LINK:return from recv_data func
01-05 20:33:44.563	         channel	[Debug]	         mop_link_layer.c:173  MOP_LINK:recv version 1002
01-05 20:33:44.563	         channel	[Debug]	         mop_link_layer.c:78   MOP_LINK:crc length 24
01-05 20:33:44.564	         channel	[Debug]	         mop_link_layer.c:492  MOP_LINK:0xffff70015c90 rcv_tsk psize 24 ret 24, pkt_info: ttype 0x0081 dlen 0 seq 0,(0 1 0)->(2 2 0) 0x1002
01-05 20:33:44.564	         channel	[Debug]	         mop_link_layer.c:167  MOP_LINK:entry recv_data func
01-05 20:33:44.564	         channel	[Debug]	          mop_net_layer.c:466  MOP_NET:get heart beat ack
01-05 20:33:44.568	          linker	[Debug]	        dji_protocol_v3.c:387  <0x55c7>V3-Recv: 00:003F:001E:0x1204 -> 03:003F:001E:0x0503 0x4900, tLen 23 dLen 2
01-05 20:33:44.568	          linker	[Debug]	        dji_protocol_v3.c:506  0:0x1204 convert to 0092(0x1204)
01-05 20:33:44.568	          linker	[Debug]	        dji_protocol_v3.c:506  3:0x0503 convert to 0065(0x0503)
01-05 20:33:44.568	          linker	[Debug]	            dji_command.c:1128  <0x55c7>Receive msg from linker, 0x1204(0x0092)->0x0503(0x0065) 0x4900 len:2
01-05 20:33:44.568	          linker	[Debug]	        dji_protocol_v3.c:266  <0x55c7>V3-Send: 03:003F:001E:0x0503 -> 00:003F:001E:0x1204 0x4900, tLen 23 dLen 2
01-05 20:33:44.575	          linker	[Debug]	        dji_protocol_v3.c:266  <0xc58f>V3-Send: 03:003F:001E:0x0503 -> 00:003F:001E:0x0200 0x3C1B, tLen 77 dLen 56
01-05 20:33:44.580	          linker	[Debug]	        dji_protocol_v3.c:387  <0xd3bc>V3-Recv: 01:003F:001E:0x0400 -> 03:003F:001E:0x0503 0x0405, tLen 70 dLen 49
01-05 20:33:44.580	          linker	[Debug]	        dji_protocol_v3.c:506  1:0x0400 convert to 0004(0x0400)
01-05 20:33:44.580	          linker	[Debug]	        dji_protocol_v3.c:506  3:0x0503 convert to 0065(0x0503)
01-05 20:33:44.580	          linker	[Debug]	        dji_protocol_v3.c:387  <0x55cb>V3-Recv: 00:003F:001E:0x1204 -> 03:003F:001E:0x0503 0x22AD, tLen 68 dLen 47
01-05 20:33:44.580	          linker	[Debug]	        dji_protocol_v3.c:506  0:0x1204 convert to 0092(0x1204)
01-05 20:33:44.580	          linker	[Debug]	        dji_protocol_v3.c:506  3:0x0503 convert to 0065(0x0503)
01-05 20:33:44.580	          linker	[Debug]	            dji_command.c:1128  <0xd3bc>Receive msg from linker, 0x0400(0x0004)->0x0503(0x0065) 0x0405 len:49
01-05 20:33:44.582	          linker	[Debug]	            dji_command.c:1128  <0x55cb>Receive msg from linker, 0x1204(0x0092)->0x0503(0x0065) 0x22AD len:47
01-05 20:33:44.582	          linker	[Debug]	            dji_command.c:980  received unsupport request cmd that need ack, <0x55cb> cmdset: 0x22 cmdid: 0xAD
01-05 20:33:44.592	          linker	[Debug]	        dji_protocol_v3.c:387  <0xd416>V3-Recv: 01:003F:001E:0x0400 -> 03:003F:001E:0x0503 0x0405, tLen 70 dLen 49
01-05 20:33:44.592	          linker	[Debug]	        dji_protocol_v3.c:506  1:0x0400 convert to 0004(0x0400)
01-05 20:33:44.592	          linker	[Debug]	        dji_protocol_v3.c:506  3:0x0503 convert to 0065(0x0503)
01-05 20:33:44.592	          linker	[Debug]	            dji_command.c:1128  <0xd416>Receive msg from linker, 0x0400(0x0004)->0x0503(0x0065) 0x0405 len:49
01-05 20:33:44.606	            user	[Info]	      camera_controller.h:147  gimbal angle :0.000000,0.000000,0.000000
01-05 20:33:44.612	          linker	[Debug]	        dji_protocol_v3.c:387  <0xd470>V3-Recv: 01:003F:001E:0x0400 -> 03:003F:001E:0x0503 0x0405, tLen 70 dLen 49
01-05 20:33:44.612	          linker	[Debug]	        dji_protocol_v3.c:506  1:0x0400 convert to 0004(0x0400)
01-05 20:33:44.612	          linker	[Debug]	        dji_protocol_v3.c:506  3:0x0503 convert to 0065(0x0503)
01-05 20:33:44.613	          linker	[Debug]	            dji_command.c:1128  <0xd470>Receive msg from linker, 0x0400(0x0004)->0x0503(0x0065) 0x0405 len:49
01-05 20:33:44.614	          linker	[Debug]	        dji_protocol_v1.c:189  <0xc590>V1-Send: 0x0503->0x1D02 0x00F0
01-05 20:33:44.632	          linker	[Debug]	        dji_protocol_v3.c:387  <0xd4ce>V3-Recv: 01:003F:001E:0x0400 -> 03:003F:001E:0x0503 0x0405, tLen 70 dLen 49
01-05 20:33:44.632	          linker	[Debug]	        dji_protocol_v3.c:506  1:0x0400 convert to 0004(0x0400)
01-05 20:33:44.632	          linker	[Debug]	        dji_protocol_v3.c:506  3:0x0503 convert to 0065(0x0503)
01-05 20:33:44.632	          linker	[Debug]	            dji_command.c:1128  <0xd4ce>Receive msg from linker, 0x0400(0x0004)->0x0503(0x0065) 0x0405 len:49
01-05 20:33:44.650	          linker	[Debug]	        dji_protocol_v3.c:387  <0x872a>V3-Recv: 00:003F:001E:0x0300 -> 03:003F:001E:0x0503 0x3C57, tLen 37 dLen 16
01-05 20:33:44.651	          linker	[Debug]	        dji_protocol_v3.c:506  0:0x0300 convert to 0003(0x0300)
01-05 20:33:44.651	          linker	[Debug]	        dji_protocol_v3.c:506  3:0x0503 convert to 0065(0x0503)
01-05 20:33:44.651	          linker	[Debug]	            dji_command.c:1128  <0x872a>Receive msg from linker, 0x0300(0x0003)->0x0503(0x0065) 0x3C57 len:16
01-05 20:33:44.651	          linker	[Debug]	            dji_command.c:980  received unsupport request cmd that noneed ack, <0x872a> cmdset: 0x3C cmdid: 0x57
01-05 20:33:44.656	            user	[Info]	      camera_controller.h:147  gimbal angle :0.000000,0.000000,0.000000
01-05 20:33:44.658	          linker	[Debug]	        dji_protocol_v1.c:189  <0xc591>V1-Send: 0x0503->0x1D02 0x00F0
01-05 20:33:44.662	          linker	[Debug]	        dji_protocol_v3.c:266  <0xc592>V3-Send: 03:003F:001E:0x0503 -> 00:003F:001E:0x0200 0x3C1F, tLen 58 dLen 37
01-05 20:33:44.669	          linker	[Debug]	        dji_protocol_v3.c:387  <0xd52b>V3-Recv: 01:003F:001E:0x0400 -> 03:003F:001E:0x0503 0x0405, tLen 70 dLen 49
01-05 20:33:44.669	          linker	[Debug]	        dji_protocol_v3.c:506  1:0x0400 convert to 0004(0x0400)
01-05 20:33:44.669	          linker	[Debug]	        dji_protocol_v3.c:506  3:0x0503 convert to 0065(0x0503)
01-05 20:33:44.669	          linker	[Debug]	        dji_protocol_v3.c:387  <0x55d7>V3-Recv: 00:003F:001E:0x1204 -> 03:003F:001E:0x0503 0x4900, tLen 23 dLen 2
01-05 20:33:44.669	          linker	[Debug]	        dji_protocol_v3.c:506  0:0x1204 convert to 0092(0x1204)
01-05 20:33:44.669	          linker	[Debug]	        dji_protocol_v3.c:506  3:0x0503 convert to 0065(0x0503)
01-05 20:33:44.669	          linker	[Debug]	            dji_command.c:1128  <0xd52b>Receive msg from linker, 0x0400(0x0004)->0x0503(0x0065) 0x0405 len:49
01-05 20:33:44.671	          linker	[Debug]	            dji_command.c:1128  <0x55d7>Receive msg from linker, 0x1204(0x0092)->0x0503(0x0065) 0x4900 len:2
01-05 20:33:44.671	          linker	[Debug]	        dji_protocol_v3.c:266  <0x55d7>V3-Send: 03:003F:001E:0x0503 -> 00:003F:001E:0x1204 0x4900, tLen 23 dLen 2
01-05 20:33:44.680	          linker	[Debug]	        dji_protocol_v3.c:387  <0xd585>V3-Recv: 01:003F:001E:0x0400 -> 03:003F:001E:0x0503 0x0405, tLen 70 dLen 49
01-05 20:33:44.680	          linker	[Debug]	        dji_protocol_v3.c:506  1:0x0400 convert to 0004(0x0400)
01-05 20:33:44.680	          linker	[Debug]	        dji_protocol_v3.c:506  3:0x0503 convert to 0065(0x0503)
01-05 20:33:44.680	          linker	[Debug]	        dji_protocol_v3.c:387  <0x55db>V3-Recv: 00:003F:001E:0x1204 -> 03:003F:001E:0x0503 0x22AD, tLen 68 dLen 47
01-05 20:33:44.680	          linker	[Debug]	        dji_protocol_v3.c:506  0:0x1204 convert to 0092(0x1204)
01-05 20:33:44.680	          linker	[Debug]	        dji_protocol_v3.c:506  3:0x0503 convert to 0065(0x0503)
01-05 20:33:44.680	          linker	[Debug]	            dji_command.c:1128  <0xd585>Receive msg from linker, 0x0400(0x0004)->0x0503(0x0065) 0x0405 len:49
01-05 20:33:44.682	          linker	[Debug]	            dji_command.c:1128  <0x55db>Receive msg from linker, 0x1204(0x0092)->0x0503(0x0065) 0x22AD len:47
01-05 20:33:44.682	          linker	[Debug]	            dji_command.c:980  received unsupport request cmd that need ack, <0x55db> cmdset: 0x22 cmdid: 0xAD
01-05 20:33:44.692	          linker	[Debug]	        dji_protocol_v3.c:387  <0xd5df>V3-Recv: 01:003F:001E:0x0400 -> 03:003F:001E:0x0503 0x0405, tLen 70 dLen 49
01-05 20:33:44.692	          linker	[Debug]	        dji_protocol_v3.c:506  1:0x0400 convert to 0004(0x0400)
01-05 20:33:44.692	          linker	[Debug]	        dji_protocol_v3.c:506  3:0x0503 convert to 0065(0x0503)
01-05 20:33:44.692	          linker	[Debug]	            dji_command.c:1128  <0xd5df>Receive msg from linker, 0x0400(0x0004)->0x0503(0x0065) 0x0405 len:49
01-05 20:33:44.706	            user	[Info]	      camera_controller.h:147  gimbal angle :0.000000,0.000000,0.000000
01-05 20:33:44.709	           utils	[Debug]	          dji_root_task.c:131  work execution time:
01-05 20:33:44.709	           utils	[Debug]	          dji_root_task.c:132  name	                execution time (ms)	  max execution time (ms)
01-05 20:33:44.709	           utils	[Debug]	          dji_root_task.c:134  recorderWork                    	0       	1       
01-05 20:33:44.709	           utils	[Debug]	          dji_root_task.c:134  flowControllerTask              	0       	1       
01-05 20:33:44.709	           utils	[Debug]	          dji_root_task.c:134  commandTask                     	1       	2       
01-05 20:33:44.709	           utils	[Debug]	          dji_root_task.c:134  aircraftWorkNode                	0       	1       
01-05 20:33:44.709	           utils	[Debug]	          dji_root_task.c:134  dataBuriedPointTask             	1       	1       
01-05 20:33:44.709	           utils	[Debug]	          dji_root_task.c:134  StatePushWork                   	1       	4       
01-05 20:33:44.709	           utils	[Debug]	          dji_root_task.c:134  WidgetWork                      	1       	1       
01-05 20:33:44.709	           utils	[Debug]	          dji_root_task.c:134  hmsTask                         	0       	0       
01-05 20:33:44.712	          linker	[Debug]	        dji_protocol_v3.c:387  <0xd639>V3-Recv: 01:003F:001E:0x0400 -> 03:003F:001E:0x0503 0x0405, tLen 70 dLen 49
01-05 20:33:44.712	          linker	[Debug]	        dji_protocol_v3.c:506  1:0x0400 convert to 0004(0x0400)
01-05 20:33:44.712	          linker	[Debug]	        dji_protocol_v3.c:506  3:0x0503 convert to 0065(0x0503)
01-05 20:33:44.712	          linker	[Debug]	        dji_protocol_v1.c:189  <0xc593>V1-Send: 0x0503->0x1D02 0x00F0
01-05 20:33:44.712	          linker	[Debug]	            dji_command.c:1128  <0xd639>Receive msg from linker, 0x0400(0x0004)->0x0503(0x0065) 0x0405 len:49
01-05 20:33:44.730	          linker	[Debug]	        dji_protocol_v1.c:189  <0xc594>V1-Send: 0x0503->0x1007 0x198B
01-05 20:33:44.730	          linker	[Debug]	        dji_protocol_v3.c:266  <0xc595>V3-Send: 03:003F:001E:0x0503 -> 00:003F:001E:0x0200 0x3C10, tLen 85 dLen 64
01-05 20:33:44.730	          linker	[Debug]	        dji_protocol_v3.c:266  <0xc596>V3-Send: 03:003F:001E:0x0503 -> 00:003F:001E:0x0300 0x3C10, tLen 85 dLen 64
01-05 20:33:44.730	          linker	[Debug]	        dji_protocol_v3.c:266  <0xc597>V3-Send: 03:003F:001E:0x0503 -> 00:003F:001E:0x1104 0x3C10, tLen 85 dLen 64
01-05 20:33:44.730	          linker	[Debug]	        dji_protocol_v3.c:266  <0xc598>V3-Send: 03:003F:001E:0x0503 -> 00:003F:001E:0x0701 0x3C10, tLen 85 dLen 64
01-05 20:33:44.730	          linker	[Debug]	        dji_protocol_v3.c:266  <0xc599>V3-Send: 03:003F:001E:0x0503 -> 00:003F:001E:0x1100 0x3C10, tLen 85 dLen 64
01-05 20:33:44.732	          linker	[Debug]	        dji_protocol_v3.c:387  <0xd695>V3-Recv: 01:003F:001E:0x0400 -> 03:003F:001E:0x0503 0x0405, tLen 70 dLen 49
01-05 20:33:44.732	          linker	[Debug]	        dji_protocol_v3.c:506  1:0x0400 convert to 0004(0x0400)
01-05 20:33:44.732	          linker	[Debug]	        dji_protocol_v3.c:506  3:0x0503 convert to 0065(0x0503)
01-05 20:33:44.733	          linker	[Debug]	            dji_command.c:1128  <0xd695>Receive msg from linker, 0x0400(0x0004)->0x0503(0x0065) 0x0405 len:49
01-05 20:33:44.752	          linker	[Debug]	        dji_protocol_v3.c:387  <0xd6f2>V3-Recv: 01:003F:001E:0x0400 -> 03:003F:001E:0x0503 0x0405, tLen 70 dLen 49
01-05 20:33:44.752	          linker	[Debug]	        dji_protocol_v3.c:506  1:0x0400 convert to 0004(0x0400)
01-05 20:33:44.752	          linker	[Debug]	        dji_protocol_v3.c:506  3:0x0503 convert to 0065(0x0503)
01-05 20:33:44.753	          linker	[Debug]	            dji_command.c:1128  <0xd6f2>Receive msg from linker, 0x0400(0x0004)->0x0503(0x0065) 0x0405 len:49
01-05 20:33:44.756	            user	[Info]	      camera_controller.h:147  gimbal angle :0.000000,0.000000,0.000000
01-05 20:33:44.756	          linker	[Debug]	        dji_protocol_v1.c:189  <0xc59a>V1-Send: 0x0503->0x1D02 0x00F0
01-05 20:33:44.767	         channel	[Debug]	         mop_link_layer.c:169  MOP_LINK:return from recv_data func
01-05 20:33:44.767	         channel	[Debug]	         mop_link_layer.c:167  MOP_LINK:entry recv_data func
01-05 20:33:44.768	          linker	[Debug]	        dji_protocol_v3.c:387  <0x55e7>V3-Recv: 00:003F:001E:0x1204 -> 03:003F:001E:0x0503 0x4900, tLen 23 dLen 2
01-05 20:33:44.768	          linker	[Debug]	        dji_protocol_v3.c:506  0:0x1204 convert to 0092(0x1204)
01-05 20:33:44.768	          linker	[Debug]	        dji_protocol_v3.c:506  3:0x0503 convert to 0065(0x0503)
01-05 20:33:44.768	          linker	[Debug]	            dji_command.c:1128  <0x55e7>Receive msg from linker, 0x1204(0x0092)->0x0503(0x0065) 0x4900 len:2
01-05 20:33:44.768	          linker	[Debug]	        dji_protocol_v3.c:266  <0x55e7>V3-Send: 03:003F:001E:0x0503 -> 00:003F:001E:0x1204 0x4900, tLen 23 dLen 2
01-05 20:33:44.780	          linker	[Debug]	        dji_protocol_v3.c:387  <0xd74c>V3-Recv: 01:003F:001E:0x0400 -> 03:003F:001E:0x0503 0x0405, tLen 70 dLen 49
01-05 20:33:44.780	          linker	[Debug]	        dji_protocol_v3.c:506  1:0x0400 convert to 0004(0x0400)
01-05 20:33:44.780	          linker	[Debug]	        dji_protocol_v3.c:506  3:0x0503 convert to 0065(0x0503)
01-05 20:33:44.780	          linker	[Debug]	        dji_protocol_v3.c:387  <0x55eb>V3-Recv: 00:003F:001E:0x1204 -> 03:003F:001E:0x0503 0x22AD, tLen 68 dLen 47
01-05 20:33:44.780	          linker	[Debug]	        dji_protocol_v3.c:506  0:0x1204 convert to 0092(0x1204)
01-05 20:33:44.780	          linker	[Debug]	        dji_protocol_v3.c:506  3:0x0503 convert to 0065(0x0503)
01-05 20:33:44.780	          linker	[Debug]	            dji_command.c:1128  <0xd74c>Receive msg from linker, 0x0400(0x0004)->0x0503(0x0065) 0x0405 len:49
01-05 20:33:44.782	          linker	[Debug]	            dji_command.c:1128  <0x55eb>Receive msg from linker, 0x1204(0x0092)->0x0503(0x0065) 0x22AD len:47
01-05 20:33:44.782	          linker	[Debug]	            dji_command.c:980  received unsupport request cmd that need ack, <0x55eb> cmdset: 0x22 cmdid: 0xAD
01-05 20:33:44.792	          linker	[Debug]	        dji_protocol_v3.c:387  <0xd7a6>V3-Recv: 01:003F:001E:0x0400 -> 03:003F:001E:0x0503 0x0405, tLen 70 dLen 49
01-05 20:33:44.792	          linker	[Debug]	        dji_protocol_v3.c:506  1:0x0400 convert to 0004(0x0400)
01-05 20:33:44.792	          linker	[Debug]	        dji_protocol_v3.c:506  3:0x0503 convert to 0065(0x0503)
01-05 20:33:44.792	          linker	[Debug]	            dji_command.c:1128  <0xd7a6>Receive msg from linker, 0x0400(0x0004)->0x0503(0x0065) 0x0405 len:49
01-05 20:33:44.793	          linker	[Debug]	        dji_protocol_v3.c:266  <0xc59b>V3-Send: 03:003F:001E:0x0503 -> 00:003F:001E:0x0200 0x3C1B, tLen 77 dLen 56
01-05 20:33:44.802	          linker	[Debug]	        dji_protocol_v1.c:309  <0x2035>V1-Recv: 0x0A06->0x0503 0x0866
01-05 20:33:44.802	          linker	[Debug]	            dji_command.c:1128  <0x2035>Receive msg from linker, 0x0A06(0x00CA)->0x0503(0x0065) 0x0866 len:96
01-05 20:33:44.802	          linker	[Debug]	            dji_command.c:980  received unsupport request cmd that noneed ack, <0x2035> cmdset: 0x08 cmdid: 0x66
01-05 20:33:44.806	            user	[Info]	      camera_controller.h:147  gimbal angle :0.000000,0.000000,0.000000
01-05 20:33:44.811	          linker	[Debug]	        dji_protocol_v1.c:189  <0xc59c>V1-Send: 0x0503->0x1D02 0x00F0
01-05 20:33:44.811	          linker	[Debug]	        dji_protocol_v3.c:387  <0x2996>V3-Recv: 00:003F:001E:0x0801 -> 03:003F:001E:0x0503 0x0099, tLen 98 dLen 77
01-05 20:33:44.811	          linker	[Debug]	        dji_protocol_v3.c:506  0:0x0801 convert to 0028(0x0801)
01-05 20:33:44.811	          linker	[Debug]	        dji_protocol_v3.c:506  3:0x0503 convert to 0065(0x0503)
01-05 20:33:44.811	          linker	[Debug]	            dji_command.c:1128  <0x2996>Receive msg from linker, 0x0801(0x0028)->0x0503(0x0065) 0x0099 len:77
01-05 20:33:44.824	          linker	[Debug]	        dji_protocol_v3.c:387  <0xd800>V3-Recv: 01:003F:001E:0x0400 -> 03:003F:001E:0x0503 0x0405, tLen 70 dLen 49
01-05 20:33:44.824	          linker	[Debug]	        dji_protocol_v3.c:506  1:0x0400 convert to 0004(0x0400)
01-05 20:33:44.824	          linker	[Debug]	        dji_protocol_v3.c:506  3:0x0503 convert to 0065(0x0503)
01-05 20:33:44.824	          linker	[Debug]	        dji_protocol_v3.c:387  <0x2997>V3-Recv: 00:003F:001E:0x0801 -> 03:003F:001E:0x0503 0x0099, tLen 65 dLen 44
01-05 20:33:44.824	          linker	[Debug]	        dji_protocol_v3.c:506  0:0x0801 convert to 0028(0x0801)
01-05 20:33:44.824	          linker	[Debug]	        dji_protocol_v3.c:506  3:0x0503 convert to 0065(0x0503)
01-05 20:33:44.824	          linker	[Debug]	            dji_command.c:1128  <0xd800>Receive msg from linker, 0x0400(0x0004)->0x0503(0x0065) 0x0405 len:49
01-05 20:33:44.826	          linker	[Debug]	            dji_command.c:1128  <0x2997>Receive msg from linker, 0x0801(0x0028)->0x0503(0x0065) 0x0099 len:44
01-05 20:33:44.840	          linker	[Debug]	        dji_protocol_v3.c:387  <0xd85c>V3-Recv: 01:003F:001E:0x0400 -> 03:003F:001E:0x0503 0x0405, tLen 70 dLen 49
01-05 20:33:44.840	          linker	[Debug]	        dji_protocol_v3.c:506  1:0x0400 convert to 0004(0x0400)
01-05 20:33:44.840	          linker	[Debug]	        dji_protocol_v3.c:506  3:0x0503 convert to 0065(0x0503)
01-05 20:33:44.841	          linker	[Debug]	            dji_command.c:1128  <0xd85c>Receive msg from linker, 0x0400(0x0004)->0x0503(0x0065) 0x0405 len:49
01-05 20:33:44.851	          linker	[Debug]	        dji_protocol_v3.c:387  <0x889c>V3-Recv: 00:003F:001E:0x0300 -> 03:003F:001E:0x0503 0x3C57, tLen 37 dLen 16
01-05 20:33:44.851	          linker	[Debug]	        dji_protocol_v3.c:506  0:0x0300 convert to 0003(0x0300)
01-05 20:33:44.851	          linker	[Debug]	        dji_protocol_v3.c:506  3:0x0503 convert to 0065(0x0503)
01-05 20:33:44.852	          linker	[Debug]	            dji_command.c:1128  <0x889c>Receive msg from linker, 0x0300(0x0003)->0x0503(0x0065) 0x3C57 len:16
01-05 20:33:44.852	          linker	[Debug]	            dji_command.c:980  received unsupport request cmd that noneed ack, <0x889c> cmdset: 0x3C cmdid: 0x57
01-05 20:33:44.856	            user	[Info]	      camera_controller.h:147  gimbal angle :0.000000,0.000000,0.000000
01-05 20:33:44.862	          linker	[Debug]	        dji_protocol_v3.c:266  <0xc59d>V3-Send: 03:003F:001E:0x0503 -> 00:003F:001E:0x0200 0x3C1F, tLen 58 dLen 37
01-05 20:33:44.866	          linker	[Debug]	        dji_protocol_v1.c:189  <0xc59e>V1-Send: 0x0503->0x1D02 0x00F0
01-05 20:33:44.869	          linker	[Debug]	        dji_protocol_v3.c:387  <0xd8b8>V3-Recv: 01:003F:001E:0x0400 -> 03:003F:001E:0x0503 0x0405, tLen 70 dLen 49
01-05 20:33:44.869	          linker	[Debug]	        dji_protocol_v3.c:506  1:0x0400 convert to 0004(0x0400)
01-05 20:33:44.869	          linker	[Debug]	        dji_protocol_v3.c:506  3:0x0503 convert to 0065(0x0503)
01-05 20:33:44.869	          linker	[Debug]	        dji_protocol_v3.c:387  <0x55f7>V3-Recv: 00:003F:001E:0x1204 -> 03:003F:001E:0x0503 0x4900, tLen 23 dLen 2
01-05 20:33:44.869	          linker	[Debug]	        dji_protocol_v3.c:506  0:0x1204 convert to 0092(0x1204)
01-05 20:33:44.869	          linker	[Debug]	        dji_protocol_v3.c:506  3:0x0503 convert to 0065(0x0503)
01-05 20:33:44.870	          linker	[Debug]	            dji_command.c:1128  <0xd8b8>Receive msg from linker, 0x0400(0x0004)->0x0503(0x0065) 0x0405 len:49
01-05 20:33:44.871	          linker	[Debug]	            dji_command.c:1128  <0x55f7>Receive msg from linker, 0x1204(0x0092)->0x0503(0x0065) 0x4900 len:2
01-05 20:33:44.871	          linker	[Debug]	        dji_protocol_v3.c:266  <0x55f7>V3-Send: 03:003F:001E:0x0503 -> 00:003F:001E:0x1204 0x4900, tLen 23 dLen 2
01-05 20:33:44.880	          linker	[Debug]	        dji_protocol_v3.c:387  <0xd912>V3-Recv: 01:003F:001E:0x0400 -> 03:003F:001E:0x0503 0x0405, tLen 70 dLen 49
01-05 20:33:44.880	          linker	[Debug]	        dji_protocol_v3.c:506  1:0x0400 convert to 0004(0x0400)
01-05 20:33:44.880	          linker	[Debug]	        dji_protocol_v3.c:506  3:0x0503 convert to 0065(0x0503)
01-05 20:33:44.880	          linker	[Debug]	        dji_protocol_v3.c:387  <0x55fb>V3-Recv: 00:003F:001E:0x1204 -> 03:003F:001E:0x0503 0x22AD, tLen 68 dLen 47
01-05 20:33:44.880	          linker	[Debug]	        dji_protocol_v3.c:506  0:0x1204 convert to 0092(0x1204)
01-05 20:33:44.880	          linker	[Debug]	        dji_protocol_v3.c:506  3:0x0503 convert to 0065(0x0503)
01-05 20:33:44.880	          linker	[Debug]	            dji_command.c:1128  <0xd912>Receive msg from linker, 0x0400(0x0004)->0x0503(0x0065) 0x0405 len:49
01-05 20:33:44.882	          linker	[Debug]	            dji_command.c:1128  <0x55fb>Receive msg from linker, 0x1204(0x0092)->0x0503(0x0065) 0x22AD len:47
01-05 20:33:44.882	          linker	[Debug]	            dji_command.c:980  received unsupport request cmd that need ack, <0x55fb> cmdset: 0x22 cmdid: 0xAD
01-05 20:33:44.892	          linker	[Debug]	        dji_protocol_v3.c:387  <0xd96d>V3-Recv: 01:003F:001E:0x0400 -> 03:003F:001E:0x0503 0x0405, tLen 70 dLen 49
01-05 20:33:44.892	          linker	[Debug]	        dji_protocol_v3.c:506  1:0x0400 convert to 0004(0x0400)
01-05 20:33:44.892	          linker	[Debug]	        dji_protocol_v3.c:506  3:0x0503 convert to 0065(0x0503)
01-05 20:33:44.892	          linker	[Debug]	            dji_command.c:1128  <0xd96d>Receive msg from linker, 0x0400(0x0004)->0x0503(0x0065) 0x0405 len:49
01-05 20:33:44.906	            user	[Info]	      camera_controller.h:147  gimbal angle :0.000000,0.000000,0.000000
01-05 20:33:44.910	          linker	[Debug]	        dji_protocol_v1.c:189  <0xc59f>V1-Send: 0x0503->0x1D02 0x00F0
01-05 20:33:44.912	          linker	[Debug]	        dji_protocol_v3.c:387  <0xd9c7>V3-Recv: 01:003F:001E:0x0400 -> 03:003F:001E:0x0503 0x0405, tLen 70 dLen 49
01-05 20:33:44.912	          linker	[Debug]	        dji_protocol_v3.c:506  1:0x0400 convert to 0004(0x0400)
01-05 20:33:44.912	          linker	[Debug]	        dji_protocol_v3.c:506  3:0x0503 convert to 0065(0x0503)
01-05 20:33:44.913	          linker	[Debug]	            dji_command.c:1128  <0xd9c7>Receive msg from linker, 0x0400(0x0004)->0x0503(0x0065) 0x0405 len:49
01-05 20:33:44.932	          linker	[Debug]	        dji_protocol_v3.c:387  <0xda23>V3-Recv: 01:003F:001E:0x0400 -> 03:003F:001E:0x0503 0x0405, tLen 70 dLen 49
01-05 20:33:44.932	          linker	[Debug]	        dji_protocol_v3.c:506  1:0x0400 convert to 0004(0x0400)
01-05 20:33:44.932	          linker	[Debug]	        dji_protocol_v3.c:506  3:0x0503 convert to 0065(0x0503)
01-05 20:33:44.932	          linker	[Debug]	            dji_command.c:1128  <0xda23>Receive msg from linker, 0x0400(0x0004)->0x0503(0x0065) 0x0405 len:49
01-05 20:33:44.949	          linker	[Debug]	        dji_protocol_v1.c:189  <0xc5a0>V1-Send: 0x0503->0x1007 0x198B
01-05 20:33:44.949	          linker	[Debug]	        dji_protocol_v3.c:266  <0xc5a1>V3-Send: 03:003F:001E:0x0503 -> 00:003F:001E:0x0200 0x3C10, tLen 85 dLen 64
01-05 20:33:44.949	          linker	[Debug]	        dji_protocol_v3.c:266  <0xc5a2>V3-Send: 03:003F:001E:0x0503 -> 00:003F:001E:0x0300 0x3C10, tLen 85 dLen 64
01-05 20:33:44.949	          linker	[Debug]	        dji_protocol_v3.c:266  <0xc5a3>V3-Send: 03:003F:001E:0x0503 -> 00:003F:001E:0x1104 0x3C10, tLen 85 dLen 64
01-05 20:33:44.949	          linker	[Debug]	        dji_protocol_v3.c:266  <0xc5a4>V3-Send: 03:003F:001E:0x0503 -> 00:003F:001E:0x0701 0x3C10, tLen 85 dLen 64
01-05 20:33:44.949	          linker	[Debug]	        dji_protocol_v3.c:266  <0xc5a5>V3-Send: 03:003F:001E:0x0503 -> 00:003F:001E:0x1100 0x3C10, tLen 85 dLen 64
01-05 20:33:44.952	          linker	[Debug]	        dji_protocol_v3.c:387  <0xda7f>V3-Recv: 01:003F:001E:0x0400 -> 03:003F:001E:0x0503 0x0405, tLen 70 dLen 49
01-05 20:33:44.952	          linker	[Debug]	        dji_protocol_v3.c:506  1:0x0400 convert to 0004(0x0400)
01-05 20:33:44.952	          linker	[Debug]	        dji_protocol_v3.c:506  3:0x0503 convert to 0065(0x0503)
01-05 20:33:44.953	          linker	[Debug]	            dji_command.c:1128  <0xda7f>Receive msg from linker, 0x0400(0x0004)->0x0503(0x0065) 0x0405 len:49
01-05 20:33:44.956	            user	[Info]	      camera_controller.h:147  gimbal angle :0.000000,0.000000,0.000000
01-05 20:33:44.965	          linker	[Debug]	        dji_protocol_v1.c:189  <0xc5a6>V1-Send: 0x0503->0x1D02 0x00F0
01-05 20:33:44.968	          linker	[Debug]	        dji_protocol_v3.c:387  <0x5607>V3-Recv: 00:003F:001E:0x1204 -> 03:003F:001E:0x0503 0x4900, tLen 23 dLen 2
01-05 20:33:44.968	          linker	[Debug]	        dji_protocol_v3.c:506  0:0x1204 convert to 0092(0x1204)
01-05 20:33:44.968	          linker	[Debug]	        dji_protocol_v3.c:506  3:0x0503 convert to 0065(0x0503)
01-05 20:33:44.968	          linker	[Debug]	            dji_command.c:1128  <0x5607>Receive msg from linker, 0x1204(0x0092)->0x0503(0x0065) 0x4900 len:2
01-05 20:33:44.968	          linker	[Debug]	        dji_protocol_v3.c:266  <0x5607>V3-Send: 03:003F:001E:0x0503 -> 00:003F:001E:0x1204 0x4900, tLen 23 dLen 2
01-05 20:33:44.971	         channel	[Debug]	         mop_link_layer.c:169  MOP_LINK:return from recv_data func
01-05 20:33:44.971	         channel	[Debug]	         mop_link_layer.c:167  MOP_LINK:entry recv_data func
01-05 20:33:44.980	          linker	[Debug]	        dji_protocol_v3.c:387  <0xdad9>V3-Recv: 01:003F:001E:0x0400 -> 03:003F:001E:0x0503 0x0405, tLen 70 dLen 49
01-05 20:33:44.980	          linker	[Debug]	        dji_protocol_v3.c:506  1:0x0400 convert to 0004(0x0400)
01-05 20:33:44.980	          linker	[Debug]	        dji_protocol_v3.c:506  3:0x0503 convert to 0065(0x0503)
01-05 20:33:44.980	          linker	[Debug]	        dji_protocol_v3.c:387  <0x560b>V3-Recv: 00:003F:001E:0x1204 -> 03:003F:001E:0x0503 0x22AD, tLen 68 dLen 47
01-05 20:33:44.980	          linker	[Debug]	        dji_protocol_v3.c:506  0:0x1204 convert to 0092(0x1204)
01-05 20:33:44.980	          linker	[Debug]	        dji_protocol_v3.c:506  3:0x0503 convert to 0065(0x0503)
01-05 20:33:44.980	          linker	[Debug]	            dji_command.c:1128  <0xdad9>Receive msg from linker, 0x0400(0x0004)->0x0503(0x0065) 0x0405 len:49
01-05 20:33:44.981	          linker	[Debug]	            dji_command.c:1128  <0x560b>Receive msg from linker, 0x1204(0x0092)->0x0503(0x0065) 0x22AD len:47
01-05 20:33:44.981	          linker	[Debug]	            dji_command.c:980  received unsupport request cmd that need ack, <0x560b> cmdset: 0x22 cmdid: 0xAD
01-05 20:33:44.992	          linker	[Debug]	        dji_protocol_v3.c:387  <0xdb33>V3-Recv: 01:003F:001E:0x0400 -> 03:003F:001E:0x0503 0x0405, tLen 70 dLen 49
01-05 20:33:44.992	          linker	[Debug]	        dji_protocol_v3.c:506  1:0x0400 convert to 0004(0x0400)
01-05 20:33:44.992	          linker	[Debug]	        dji_protocol_v3.c:506  3:0x0503 convert to 0065(0x0503)
01-05 20:33:44.992	          linker	[Debug]	            dji_command.c:1128  <0xdb33>Receive msg from linker, 0x0400(0x0004)->0x0503(0x0065) 0x0405 len:49
01-05 20:33:45.006	            user	[Info]	      camera_controller.h:147  gimbal angle :0.000000,0.000000,0.000000
01-05 20:33:45.008	          linker	[Debug]	        dji_protocol_v3.c:387  <0x2998>V3-Recv: 00:003F:001E:0x0801 -> 03:003F:001E:0x0503 0x0099, tLen 56 dLen 35
01-05 20:33:45.008	          linker	[Debug]	        dji_protocol_v3.c:506  0:0x0801 convert to 0028(0x0801)
01-05 20:33:45.008	          linker	[Debug]	        dji_protocol_v3.c:506  3:0x0503 convert to 0065(0x0503)
01-05 20:33:45.008	          linker	[Debug]	        dji_protocol_v1.c:189  <0xc5a7>V1-Send: 0x0503->0x1D02 0x00F0
01-05 20:33:45.008	          linker	[Debug]	            dji_command.c:1128  <0x2998>Receive msg from linker, 0x0801(0x0028)->0x0503(0x0065) 0x0099 len:35
01-05 20:33:45.013	          linker	[Debug]	        dji_protocol_v3.c:266  <0xc5a8>V3-Send: 03:003F:001E:0x0503 -> 00:003F:001E:0x0200 0x3C1B, tLen 77 dLen 56
01-05 20:33:45.024	          linker	[Debug]	        dji_protocol_v3.c:387  <0x2999>V3-Recv: 00:003F:001E:0x0801 -> 03:003F:001E:0x0503 0x0099, tLen 70 dLen 49
01-05 20:33:45.024	          linker	[Debug]	        dji_protocol_v3.c:506  0:0x0801 convert to 0028(0x0801)
01-05 20:33:45.024	          linker	[Debug]	        dji_protocol_v3.c:506  3:0x0503 convert to 0065(0x0503)
01-05 20:33:45.024	          linker	[Debug]	        dji_protocol_v3.c:387  <0xdb8d>V3-Recv: 01:003F:001E:0x0400 -> 03:003F:001E:0x0503 0x0405, tLen 70 dLen 49
01-05 20:33:45.024	          linker	[Debug]	        dji_protocol_v3.c:506  1:0x0400 convert to 0004(0x0400)
01-05 20:33:45.024	          linker	[Debug]	        dji_protocol_v3.c:506  3:0x0503 convert to 0065(0x0503)
01-05 20:33:45.025	          linker	[Debug]	            dji_command.c:1128  <0x2999>Receive msg from linker, 0x0801(0x0028)->0x0503(0x0065) 0x0099 len:49
01-05 20:33:45.026	          linker	[Debug]	            dji_command.c:1128  <0xdb8d>Receive msg from linker, 0x0400(0x0004)->0x0503(0x0065) 0x0405 len:49
01-05 20:33:45.040	          linker	[Debug]	        dji_protocol_v3.c:387  <0xdbe9>V3-Recv: 01:003F:001E:0x0400 -> 03:003F:001E:0x0503 0x0405, tLen 70 dLen 49
01-05 20:33:45.040	          linker	[Debug]	        dji_protocol_v3.c:506  1:0x0400 convert to 0004(0x0400)
01-05 20:33:45.040	          linker	[Debug]	        dji_protocol_v3.c:506  3:0x0503 convert to 0065(0x0503)
01-05 20:33:45.041	          linker	[Debug]	            dji_command.c:1128  <0xdbe9>Receive msg from linker, 0x0400(0x0004)->0x0503(0x0065) 0x0405 len:49
01-05 20:33:45.051	          linker	[Debug]	        dji_protocol_v3.c:387  <0x89fd>V3-Recv: 00:003F:001E:0x0300 -> 03:003F:001E:0x0503 0x3C57, tLen 37 dLen 16
01-05 20:33:45.051	          linker	[Debug]	        dji_protocol_v3.c:506  0:0x0300 convert to 0003(0x0300)
01-05 20:33:45.051	          linker	[Debug]	        dji_protocol_v3.c:506  3:0x0503 convert to 0065(0x0503)
01-05 20:33:45.052	          linker	[Debug]	            dji_command.c:1128  <0x89fd>Receive msg from linker, 0x0300(0x0003)->0x0503(0x0065) 0x3C57 len:16
01-05 20:33:45.052	          linker	[Debug]	            dji_command.c:980  received unsupport request cmd that noneed ack, <0x89fd> cmdset: 0x3C cmdid: 0x57
01-05 20:33:45.056	            user	[Info]	      camera_controller.h:147  gimbal angle :0.000000,0.000000,0.000000
01-05 20:33:45.063	          linker	[Debug]	        dji_protocol_v1.c:189  <0xc5a9>V1-Send: 0x0503->0x1D02 0x00F0
01-05 20:33:45.063	          linker	[Debug]	        dji_protocol_v3.c:266  <0xc5aa>V3-Send: 03:003F:001E:0x0503 -> 00:003F:001E:0x0200 0x3C1F, tLen 59 dLen 38
01-05 20:33:45.069	          linker	[Debug]	        dji_protocol_v3.c:387  <0xdc45>V3-Recv: 01:003F:001E:0x0400 -> 03:003F:001E:0x0503 0x0405, tLen 70 dLen 49
01-05 20:33:45.069	          linker	[Debug]	        dji_protocol_v3.c:506  1:0x0400 convert to 0004(0x0400)
01-05 20:33:45.069	          linker	[Debug]	        dji_protocol_v3.c:506  3:0x0503 convert to 0065(0x0503)
01-05 20:33:45.069	          linker	[Debug]	        dji_protocol_v3.c:387  <0x5617>V3-Recv: 00:003F:001E:0x1204 -> 03:003F:001E:0x0503 0x4900, tLen 23 dLen 2
01-05 20:33:45.069	          linker	[Debug]	        dji_protocol_v3.c:506  0:0x1204 convert to 0092(0x1204)
01-05 20:33:45.069	          linker	[Debug]	            dji_command.c:1128  <0xdc45>Receive msg from linker, 0x0400(0x0004)->0x0503(0x0065) 0x0405 len:49
01-05 20:33:45.069	          linker	[Debug]	        dji_protocol_v3.c:506  3:0x0503 convert to 0065(0x0503)
01-05 20:33:45.070	          linker	[Debug]	            dji_command.c:1128  <0x5617>Receive msg from linker, 0x1204(0x0092)->0x0503(0x0065) 0x4900 len:2
01-05 20:33:45.070	          linker	[Debug]	        dji_protocol_v3.c:266  <0x5617>V3-Send: 03:003F:001E:0x0503 -> 00:003F:001E:0x1204 0x4900, tLen 23 dLen 2
01-05 20:33:45.080	          linker	[Debug]	        dji_protocol_v3.c:387  <0xdc9f>V3-Recv: 01:003F:001E:0x0400 -> 03:003F:001E:0x0503 0x0405, tLen 70 dLen 49
01-05 20:33:45.080	          linker	[Debug]	        dji_protocol_v3.c:506  1:0x0400 convert to 0004(0x0400)
01-05 20:33:45.080	          linker	[Debug]	        dji_protocol_v3.c:506  3:0x0503 convert to 0065(0x0503)
01-05 20:33:45.080	          linker	[Debug]	        dji_protocol_v3.c:387  <0x561b>V3-Recv: 00:003F:001E:0x1204 -> 03:003F:001E:0x0503 0x22AD, tLen 68 dLen 47
01-05 20:33:45.080	          linker	[Debug]	        dji_protocol_v3.c:506  0:0x1204 convert to 0092(0x1204)
01-05 20:33:45.080	          linker	[Debug]	        dji_protocol_v3.c:506  3:0x0503 convert to 0065(0x0503)
01-05 20:33:45.080	          linker	[Debug]	            dji_command.c:1128  <0xdc9f>Receive msg from linker, 0x0400(0x0004)->0x0503(0x0065) 0x0405 len:49
01-05 20:33:45.081	          linker	[Debug]	            dji_command.c:1128  <0x561b>Receive msg from linker, 0x1204(0x0092)->0x0503(0x0065) 0x22AD len:47
01-05 20:33:45.081	          linker	[Debug]	            dji_command.c:980  received unsupport request cmd that need ack, <0x561b> cmdset: 0x22 cmdid: 0xAD
01-05 20:33:45.092	          linker	[Debug]	        dji_protocol_v3.c:387  <0xdcf9>V3-Recv: 01:003F:001E:0x0400 -> 03:003F:001E:0x0503 0x0405, tLen 70 dLen 49
01-05 20:33:45.092	          linker	[Debug]	        dji_protocol_v3.c:506  1:0x0400 convert to 0004(0x0400)
01-05 20:33:45.092	          linker	[Debug]	        dji_protocol_v3.c:506  3:0x0503 convert to 0065(0x0503)
01-05 20:33:45.093	          linker	[Debug]	            dji_command.c:1128  <0xdcf9>Receive msg from linker, 0x0400(0x0004)->0x0503(0x0065) 0x0405 len:49
01-05 20:33:45.106	            user	[Info]	      camera_controller.h:147  gimbal angle :0.000000,0.000000,0.000000
01-05 20:33:45.112	          linker	[Debug]	        dji_protocol_v3.c:387  <0xdd53>V3-Recv: 01:003F:001E:0x0400 -> 03:003F:001E:0x0503 0x0405, tLen 70 dLen 49
01-05 20:33:45.112	          linker	[Debug]	        dji_protocol_v3.c:506  1:0x0400 convert to 0004(0x0400)
01-05 20:33:45.112	          linker	[Debug]	        dji_protocol_v3.c:506  3:0x0503 convert to 0065(0x0503)
01-05 20:33:45.112	          linker	[Debug]	            dji_command.c:1128  <0xdd53>Receive msg from linker, 0x0400(0x0004)->0x0503(0x0065) 0x0405 len:49
01-05 20:33:45.117	          linker	[Debug]	        dji_protocol_v1.c:189  <0xc5ab>V1-Send: 0x0503->0x1D02 0x00F0
01-05 20:33:45.126	          linker	[Debug]	        dji_protocol_v3.c:387  <0x299a>V3-Recv: 00:003F:001E:0x0801 -> 03:003F:001E:0x0503 0x0099, tLen 58 dLen 37
01-05 20:33:45.126	          linker	[Debug]	        dji_protocol_v3.c:506  0:0x0801 convert to 0028(0x0801)
01-05 20:33:45.126	          linker	[Debug]	        dji_protocol_v3.c:506  3:0x0503 convert to 0065(0x0503)
01-05 20:33:45.126	          linker	[Debug]	            dji_command.c:1128  <0x299a>Receive msg from linker, 0x0801(0x0028)->0x0503(0x0065) 0x0099 len:37
01-05 20:33:45.138	          linker	[Debug]	        dji_protocol_v3.c:387  <0xddb3>V3-Recv: 01:003F:001E:0x0400 -> 03:003F:001E:0x0503 0x0405, tLen 70 dLen 49
01-05 20:33:45.138	          linker	[Debug]	        dji_protocol_v3.c:506  1:0x0400 convert to 0004(0x0400)
01-05 20:33:45.138	          linker	[Debug]	        dji_protocol_v3.c:506  3:0x0503 convert to 0065(0x0503)
01-05 20:33:45.138	          linker	[Debug]	            dji_command.c:1128  <0xddb3>Receive msg from linker, 0x0400(0x0004)->0x0503(0x0065) 0x0405 len:49
01-05 20:33:45.152	          linker	[Debug]	        dji_protocol_v3.c:387  <0xde11>V3-Recv: 01:003F:001E:0x0400 -> 03:003F:001E:0x0503 0x0405, tLen 70 dLen 49
01-05 20:33:45.152	          linker	[Debug]	        dji_protocol_v3.c:506  1:0x0400 convert to 0004(0x0400)
01-05 20:33:45.152	          linker	[Debug]	        dji_protocol_v3.c:506  3:0x0503 convert to 0065(0x0503)
01-05 20:33:45.152	          linker	[Debug]	            dji_command.c:1128  <0xde11>Receive msg from linker, 0x0400(0x0004)->0x0503(0x0065) 0x0405 len:49
01-05 20:33:45.156	            user	[Info]	      camera_controller.h:147  gimbal angle :0.000000,0.000000,0.000000
01-05 20:33:45.160	          linker	[Debug]	        dji_protocol_v1.c:189  <0xc5ac>V1-Send: 0x0503->0x1D02 0x00F0
01-05 20:33:45.167	          linker	[Debug]	        dji_protocol_v1.c:189  <0xc5ad>V1-Send: 0x0503->0x1007 0x198B
01-05 20:33:45.167	          linker	[Debug]	        dji_protocol_v3.c:266  <0xc5ae>V3-Send: 03:003F:001E:0x0503 -> 00:003F:001E:0x0200 0x3C10, tLen 85 dLen 64
01-05 20:33:45.167	          linker	[Debug]	        dji_protocol_v3.c:266  <0xc5af>V3-Send: 03:003F:001E:0x0503 -> 00:003F:001E:0x0300 0x3C10, tLen 85 dLen 64
01-05 20:33:45.167	          linker	[Debug]	        dji_protocol_v3.c:266  <0xc5b0>V3-Send: 03:003F:001E:0x0503 -> 00:003F:001E:0x1104 0x3C10, tLen 85 dLen 64
01-05 20:33:45.167	          linker	[Debug]	        dji_protocol_v3.c:266  <0xc5b1>V3-Send: 03:003F:001E:0x0503 -> 00:003F:001E:0x0701 0x3C10, tLen 85 dLen 64
01-05 20:33:45.167	          linker	[Debug]	        dji_protocol_v3.c:266  <0xc5b2>V3-Send: 03:003F:001E:0x0503 -> 00:003F:001E:0x1100 0x3C10, tLen 85 dLen 64
01-05 20:33:45.168	          linker	[Debug]	        dji_protocol_v3.c:387  <0x5628>V3-Recv: 00:003F:001E:0x1204 -> 03:003F:001E:0x0503 0x4900, tLen 23 dLen 2
01-05 20:33:45.168	          linker	[Debug]	        dji_protocol_v3.c:506  0:0x1204 convert to 0092(0x1204)
01-05 20:33:45.168	          linker	[Debug]	        dji_protocol_v3.c:506  3:0x0503 convert to 0065(0x0503)
01-05 20:33:45.169	          linker	[Debug]	            dji_command.c:1128  <0x5628>Receive msg from linker, 0x1204(0x0092)->0x0503(0x0065) 0x4900 len:2
01-05 20:33:45.169	          linker	[Debug]	        dji_protocol_v3.c:266  <0x5628>V3-Send: 03:003F:001E:0x0503 -> 00:003F:001E:0x1204 0x4900, tLen 23 dLen 2
01-05 20:33:45.174	         channel	[Debug]	         mop_link_layer.c:169  MOP_LINK:return from recv_data func
01-05 20:33:45.174	         channel	[Debug]	         mop_link_layer.c:167  MOP_LINK:entry recv_data func
01-05 20:33:45.180	          linker	[Debug]	        dji_protocol_v3.c:387  <0xde6b>V3-Recv: 01:003F:001E:0x0400 -> 03:003F:001E:0x0503 0x0405, tLen 70 dLen 49
01-05 20:33:45.180	          linker	[Debug]	        dji_protocol_v3.c:506  1:0x0400 convert to 0004(0x0400)
01-05 20:33:45.180	          linker	[Debug]	        dji_protocol_v3.c:506  3:0x0503 convert to 0065(0x0503)
01-05 20:33:45.180	          linker	[Debug]	        dji_protocol_v3.c:387  <0x562c>V3-Recv: 00:003F:001E:0x1204 -> 03:003F:001E:0x0503 0x22AD, tLen 68 dLen 47
01-05 20:33:45.180	          linker	[Debug]	        dji_protocol_v3.c:506  0:0x1204 convert to 0092(0x1204)
01-05 20:33:45.180	          linker	[Debug]	        dji_protocol_v3.c:506  3:0x0503 convert to 0065(0x0503)
01-05 20:33:45.181	          linker	[Debug]	            dji_command.c:1128  <0xde6b>Receive msg from linker, 0x0400(0x0004)->0x0503(0x0065) 0x0405 len:49
01-05 20:33:45.182	          linker	[Debug]	            dji_command.c:1128  <0x562c>Receive msg from linker, 0x1204(0x0092)->0x0503(0x0065) 0x22AD len:47
01-05 20:33:45.182	          linker	[Debug]	            dji_command.c:980  received unsupport request cmd that need ack, <0x562c> cmdset: 0x22 cmdid: 0xAD
01-05 20:33:45.192	          linker	[Debug]	        dji_protocol_v3.c:387  <0xdec5>V3-Recv: 01:003F:001E:0x0400 -> 03:003F:001E:0x0503 0x0405, tLen 70 dLen 49
01-05 20:33:45.192	          linker	[Debug]	        dji_protocol_v3.c:506  1:0x0400 convert to 0004(0x0400)
01-05 20:33:45.192	          linker	[Debug]	        dji_protocol_v3.c:506  3:0x0503 convert to 0065(0x0503)
01-05 20:33:45.192	          linker	[Debug]	            dji_command.c:1128  <0xdec5>Receive msg from linker, 0x0400(0x0004)->0x0503(0x0065) 0x0405 len:49
01-05 20:33:45.206	            user	[Info]	      camera_controller.h:147  gimbal angle :0.000000,0.000000,0.000000
01-05 20:33:45.210	          linker	[Debug]	        dji_protocol_v3.c:387  <0x299b>V3-Recv: 00:003F:001E:0x0801 -> 03:003F:001E:0x0503 0x0099, tLen 95 dLen 74
01-05 20:33:45.210	          linker	[Debug]	        dji_protocol_v3.c:506  0:0x0801 convert to 0028(0x0801)
01-05 20:33:45.210	          linker	[Debug]	        dji_protocol_v3.c:506  3:0x0503 convert to 0065(0x0503)
01-05 20:33:45.211	          linker	[Debug]	            dji_command.c:1128  <0x299b>Receive msg from linker, 0x0801(0x0028)->0x0503(0x0065) 0x0099 len:74
01-05 20:33:45.216	          linker	[Debug]	        dji_protocol_v1.c:189  <0xc5b3>V1-Send: 0x0503->0x1D02 0x00F0
01-05 20:33:45.224	          linker	[Debug]	        dji_protocol_v3.c:387  <0xdf1f>V3-Recv: 01:003F:001E:0x0400 -> 03:003F:001E:0x0503 0x0405, tLen 70 dLen 49
01-05 20:33:45.224	          linker	[Debug]	        dji_protocol_v3.c:506  1:0x0400 convert to 0004(0x0400)
01-05 20:33:45.224	          linker	[Debug]	        dji_protocol_v3.c:506  3:0x0503 convert to 0065(0x0503)
01-05 20:33:45.225	          linker	[Debug]	            dji_command.c:1128  <0xdf1f>Receive msg from linker, 0x0400(0x0004)->0x0503(0x0065) 0x0405 len:49
01-05 20:33:45.231	          linker	[Debug]	        dji_protocol_v3.c:266  <0xc5b4>V3-Send: 03:003F:001E:0x0503 -> 00:003F:001E:0x0200 0x3C1B, tLen 77 dLen 56
01-05 20:33:45.240	          linker	[Debug]	        dji_protocol_v3.c:387  <0xdf7b>V3-Recv: 01:003F:001E:0x0400 -> 03:003F:001E:0x0503 0x0405, tLen 70 dLen 49
01-05 20:33:45.240	          linker	[Debug]	        dji_protocol_v3.c:506  1:0x0400 convert to 0004(0x0400)
01-05 20:33:45.240	          linker	[Debug]	        dji_protocol_v3.c:506  3:0x0503 convert to 0065(0x0503)
01-05 20:33:45.241	          linker	[Debug]	            dji_command.c:1128  <0xdf7b>Receive msg from linker, 0x0400(0x0004)->0x0503(0x0065) 0x0405 len:49
01-05 20:33:45.248	          linker	[Debug]	        dji_protocol_v3.c:266  <0xc5b5>V3-Send: 03:003F:001E:0x0503 -> 00:003F:001E:0x0801 0x0000, tLen 21 dLen 0
01-05 20:33:45.248	           infor	[Debug]	dji_aircraft_connection.c:170  check connect status:1
01-05 20:33:45.251	          linker	[Debug]	        dji_protocol_v3.c:387  <0xc5b5>V3-Recv: 00:003F:001E:0x0801 -> 03:003F:001E:0x0503 0x0000, tLen 22 dLen 1
01-05 20:33:45.251	          linker	[Debug]	        dji_protocol_v3.c:506  0:0x0801 convert to 0028(0x0801)
01-05 20:33:45.251	          linker	[Debug]	        dji_protocol_v3.c:506  3:0x0503 convert to 0065(0x0503)
01-05 20:33:45.251	          linker	[Debug]	        dji_protocol_v3.c:387  <0x8b56>V3-Recv: 00:003F:001E:0x0300 -> 03:003F:001E:0x0503 0x3C57, tLen 37 dLen 16
01-05 20:33:45.251	          linker	[Debug]	        dji_protocol_v3.c:506  0:0x0300 convert to 0003(0x0300)
01-05 20:33:45.251	          linker	[Debug]	        dji_protocol_v3.c:506  3:0x0503 convert to 0065(0x0503)
01-05 20:33:45.252	          linker	[Debug]	            dji_command.c:1128  <0xc5b5>Receive msg from linker, 0x0801(0x0028)->0x0503(0x0065) 0x0000 len:1
01-05 20:33:45.252	           infor	[Debug]	dji_aircraft_connection.c:303  connect status async sucess
01-05 20:33:45.252	          linker	[Debug]	            dji_command.c:890  callback function (cmdset: 0x00 cmdid: 0x00) deal time: 0 ms
01-05 20:33:45.253	          linker	[Debug]	            dji_command.c:1128  <0x8b56>Receive msg from linker, 0x0300(0x0003)->0x0503(0x0065) 0x3C57 len:16
01-05 20:33:45.253	          linker	[Debug]	            dji_command.c:980  received unsupport request cmd that noneed ack, <0x8b56> cmdset: 0x3C cmdid: 0x57
01-05 20:33:45.256	            user	[Info]	      camera_controller.h:147  gimbal angle :0.000000,0.000000,0.000000
01-05 20:33:45.259	          linker	[Debug]	        dji_protocol_v1.c:189  <0xc5b6>V1-Send: 0x0503->0x1D02 0x00F0
01-05 20:33:45.263	          linker	[Debug]	        dji_protocol_v3.c:266  <0xc5b7>V3-Send: 03:003F:001E:0x0503 -> 00:003F:001E:0x0200 0x3C1F, tLen 59 dLen 38
01-05 20:33:45.269	          linker	[Debug]	        dji_protocol_v3.c:387  <0xdfd8>V3-Recv: 01:003F:001E:0x0400 -> 03:003F:001E:0x0503 0x0405, tLen 70 dLen 49
01-05 20:33:45.269	          linker	[Debug]	        dji_protocol_v3.c:506  1:0x0400 convert to 0004(0x0400)
01-05 20:33:45.269	          linker	[Debug]	        dji_protocol_v3.c:506  3:0x0503 convert to 0065(0x0503)
01-05 20:33:45.269	          linker	[Debug]	        dji_protocol_v3.c:387  <0x5638>V3-Recv: 00:003F:001E:0x1204 -> 03:003F:001E:0x0503 0x4900, tLen 23 dLen 2
01-05 20:33:45.269	          linker	[Debug]	        dji_protocol_v3.c:506  0:0x1204 convert to 0092(0x1204)
01-05 20:33:45.269	          linker	[Debug]	        dji_protocol_v3.c:506  3:0x0503 convert to 0065(0x0503)
01-05 20:33:45.269	          linker	[Debug]	            dji_command.c:1128  <0xdfd8>Receive msg from linker, 0x0400(0x0004)->0x0503(0x0065) 0x0405 len:49
01-05 20:33:45.270	          linker	[Debug]	            dji_command.c:1128  <0x5638>Receive msg from linker, 0x1204(0x0092)->0x0503(0x0065) 0x4900 len:2
01-05 20:33:45.271	          linker	[Debug]	        dji_protocol_v3.c:266  <0x5638>V3-Send: 03:003F:001E:0x0503 -> 00:003F:001E:0x1204 0x4900, tLen 23 dLen 2
01-05 20:33:45.280	          linker	[Debug]	        dji_protocol_v3.c:387  <0xe032>V3-Recv: 01:003F:001E:0x0400 -> 03:003F:001E:0x0503 0x0405, tLen 70 dLen 49
01-05 20:33:45.280	          linker	[Debug]	        dji_protocol_v3.c:506  1:0x0400 convert to 0004(0x0400)
01-05 20:33:45.280	          linker	[Debug]	        dji_protocol_v3.c:506  3:0x0503 convert to 0065(0x0503)
01-05 20:33:45.280	          linker	[Debug]	        dji_protocol_v3.c:387  <0x563c>V3-Recv: 00:003F:001E:0x1204 -> 03:003F:001E:0x0503 0x22AD, tLen 68 dLen 47
01-05 20:33:45.280	          linker	[Debug]	        dji_protocol_v3.c:506  0:0x1204 convert to 0092(0x1204)
01-05 20:33:45.280	          linker	[Debug]	        dji_protocol_v3.c:506  3:0x0503 convert to 0065(0x0503)
01-05 20:33:45.280	          linker	[Debug]	            dji_command.c:1128  <0xe032>Receive msg from linker, 0x0400(0x0004)->0x0503(0x0065) 0x0405 len:49
01-05 20:33:45.281	          linker	[Debug]	            dji_command.c:1128  <0x563c>Receive msg from linker, 0x1204(0x0092)->0x0503(0x0065) 0x22AD len:47
01-05 20:33:45.281	          linker	[Debug]	            dji_command.c:980  received unsupport request cmd that need ack, <0x563c> cmdset: 0x22 cmdid: 0xAD
01-05 20:33:45.292	          linker	[Debug]	        dji_protocol_v3.c:387  <0xe08c>V3-Recv: 01:003F:001E:0x0400 -> 03:003F:001E:0x0503 0x0405, tLen 70 dLen 49
01-05 20:33:45.292	          linker	[Debug]	        dji_protocol_v3.c:506  1:0x0400 convert to 0004(0x0400)
01-05 20:33:45.292	          linker	[Debug]	        dji_protocol_v3.c:506  3:0x0503 convert to 0065(0x0503)
01-05 20:33:45.292	          linker	[Debug]	            dji_command.c:1128  <0xe08c>Receive msg from linker, 0x0400(0x0004)->0x0503(0x0065) 0x0405 len:49
01-05 20:33:45.302	          linker	[Debug]	        dji_protocol_v1.c:309  <0x2035>V1-Recv: 0x0A06->0x0503 0x0866
01-05 20:33:45.303	          linker	[Debug]	            dji_command.c:1128  <0x2035>Receive msg from linker, 0x0A06(0x00CA)->0x0503(0x0065) 0x0866 len:96
01-05 20:33:45.303	          linker	[Debug]	            dji_command.c:980  received unsupport request cmd that noneed ack, <0x2035> cmdset: 0x08 cmdid: 0x66
01-05 20:33:45.306	            user	[Info]	      camera_controller.h:147  gimbal angle :0.000000,0.000000,0.000000
01-05 20:33:45.312	          linker	[Debug]	        dji_protocol_v3.c:387  <0xe0e6>V3-Recv: 01:003F:001E:0x0400 -> 03:003F:001E:0x0503 0x0405, tLen 70 dLen 49
01-05 20:33:45.312	          linker	[Debug]	        dji_protocol_v3.c:506  1:0x0400 convert to 0004(0x0400)
01-05 20:33:45.312	          linker	[Debug]	        dji_protocol_v3.c:506  3:0x0503 convert to 0065(0x0503)
01-05 20:33:45.313	          linker	[Debug]	            dji_command.c:1128  <0xe0e6>Receive msg from linker, 0x0400(0x0004)->0x0503(0x0065) 0x0405 len:49
01-05 20:33:45.314	          linker	[Debug]	        dji_protocol_v1.c:189  <0xc5b8>V1-Send: 0x0503->0x1D02 0x00F0
01-05 20:33:45.332	          linker	[Debug]	        dji_protocol_v3.c:387  <0xe142>V3-Recv: 01:003F:001E:0x0400 -> 03:003F:001E:0x0503 0x0405, tLen 70 dLen 49
01-05 20:33:45.332	          linker	[Debug]	        dji_protocol_v3.c:506  1:0x0400 convert to 0004(0x0400)
01-05 20:33:45.332	          linker	[Debug]	        dji_protocol_v3.c:506  3:0x0503 convert to 0065(0x0503)
01-05 20:33:45.332	          linker	[Debug]	            dji_command.c:1128  <0xe142>Receive msg from linker, 0x0400(0x0004)->0x0503(0x0065) 0x0405 len:49
01-05 20:33:45.352	          linker	[Debug]	        dji_protocol_v3.c:387  <0xe19e>V3-Recv: 01:003F:001E:0x0400 -> 03:003F:001E:0x0503 0x0405, tLen 70 dLen 49
01-05 20:33:45.352	          linker	[Debug]	        dji_protocol_v3.c:506  1:0x0400 convert to 0004(0x0400)
01-05 20:33:45.352	          linker	[Debug]	        dji_protocol_v3.c:506  3:0x0503 convert to 0065(0x0503)
01-05 20:33:45.353	          linker	[Debug]	            dji_command.c:1128  <0xe19e>Receive msg from linker, 0x0400(0x0004)->0x0503(0x0065) 0x0405 len:49
01-05 20:33:45.356	            user	[Info]	      camera_controller.h:147  gimbal angle :0.000000,0.000000,0.000000
01-05 20:33:45.357	          linker	[Debug]	        dji_protocol_v1.c:189  <0xc5b9>V1-Send: 0x0503->0x1D02 0x00F0
01-05 20:33:45.368	          linker	[Debug]	        dji_protocol_v3.c:387  <0x5648>V3-Recv: 00:003F:001E:0x1204 -> 03:003F:001E:0x0503 0x4900, tLen 23 dLen 2
01-05 20:33:45.368	          linker	[Debug]	        dji_protocol_v3.c:506  0:0x1204 convert to 0092(0x1204)
01-05 20:33:45.368	          linker	[Debug]	        dji_protocol_v3.c:506  3:0x0503 convert to 0065(0x0503)
01-05 20:33:45.369	          linker	[Debug]	            dji_command.c:1128  <0x5648>Receive msg from linker, 0x1204(0x0092)->0x0503(0x0065) 0x4900 len:2
01-05 20:33:45.369	          linker	[Debug]	        dji_protocol_v3.c:266  <0x5648>V3-Send: 03:003F:001E:0x0503 -> 00:003F:001E:0x1204 0x4900, tLen 23 dLen 2
01-05 20:33:45.377	         channel	[Debug]	         mop_link_layer.c:169  MOP_LINK:return from recv_data func
01-05 20:33:45.378	         channel	[Debug]	         mop_link_layer.c:167  MOP_LINK:entry recv_data func
01-05 20:33:45.380	          linker	[Debug]	        dji_protocol_v3.c:387  <0xe1f8>V3-Recv: 01:003F:001E:0x0400 -> 03:003F:001E:0x0503 0x0405, tLen 70 dLen 49
01-05 20:33:45.380	          linker	[Debug]	        dji_protocol_v3.c:506  1:0x0400 convert to 0004(0x0400)
01-05 20:33:45.380	          linker	[Debug]	        dji_protocol_v3.c:506  3:0x0503 convert to 0065(0x0503)
01-05 20:33:45.380	          linker	[Debug]	        dji_protocol_v3.c:387  <0x564c>V3-Recv: 00:003F:001E:0x1204 -> 03:003F:001E:0x0503 0x22AD, tLen 68 dLen 47
01-05 20:33:45.380	          linker	[Debug]	        dji_protocol_v3.c:506  0:0x1204 convert to 0092(0x1204)
01-05 20:33:45.380	          linker	[Debug]	        dji_protocol_v3.c:506  3:0x0503 convert to 0065(0x0503)
01-05 20:33:45.381	          linker	[Debug]	            dji_command.c:1128  <0xe1f8>Receive msg from linker, 0x0400(0x0004)->0x0503(0x0065) 0x0405 len:49
01-05 20:33:45.382	          linker	[Debug]	            dji_command.c:1128  <0x564c>Receive msg from linker, 0x1204(0x0092)->0x0503(0x0065) 0x22AD len:47
01-05 20:33:45.382	          linker	[Debug]	            dji_command.c:980  received unsupport request cmd that need ack, <0x564c> cmdset: 0x22 cmdid: 0xAD
01-05 20:33:45.385	          linker	[Debug]	        dji_protocol_v1.c:189  <0xc5ba>V1-Send: 0x0503->0x1007 0x198B
01-05 20:33:45.385	          linker	[Debug]	        dji_protocol_v3.c:266  <0xc5bb>V3-Send: 03:003F:001E:0x0503 -> 00:003F:001E:0x0200 0x3C10, tLen 85 dLen 64
01-05 20:33:45.385	          linker	[Debug]	        dji_protocol_v3.c:266  <0xc5bc>V3-Send: 03:003F:001E:0x0503 -> 00:003F:001E:0x0300 0x3C10, tLen 85 dLen 64
01-05 20:33:45.386	          linker	[Debug]	        dji_protocol_v3.c:266  <0xc5bd>V3-Send: 03:003F:001E:0x0503 -> 00:003F:001E:0x1104 0x3C10, tLen 85 dLen 64
01-05 20:33:45.386	          linker	[Debug]	        dji_protocol_v3.c:266  <0xc5be>V3-Send: 03:003F:001E:0x0503 -> 00:003F:001E:0x0701 0x3C10, tLen 85 dLen 64
01-05 20:33:45.386	          linker	[Debug]	        dji_protocol_v3.c:266  <0xc5bf>V3-Send: 03:003F:001E:0x0503 -> 00:003F:001E:0x1100 0x3C10, tLen 85 dLen 64
01-05 20:33:45.392	          linker	[Debug]	        dji_protocol_v3.c:387  <0xe253>V3-Recv: 01:003F:001E:0x0400 -> 03:003F:001E:0x0503 0x0405, tLen 70 dLen 49
01-05 20:33:45.392	          linker	[Debug]	        dji_protocol_v3.c:506  1:0x0400 convert to 0004(0x0400)
01-05 20:33:45.392	          linker	[Debug]	        dji_protocol_v3.c:506  3:0x0503 convert to 0065(0x0503)
01-05 20:33:45.392	          linker	[Debug]	            dji_command.c:1128  <0xe253>Receive msg from linker, 0x0400(0x0004)->0x0503(0x0065) 0x0405 len:49
01-05 20:33:45.406	            user	[Info]	      camera_controller.h:147  gimbal angle :0.000000,0.000000,0.000000
01-05 20:33:45.412	          linker	[Debug]	        dji_protocol_v1.c:189  <0xc5c0>V1-Send: 0x0503->0x1D02 0x00F0
01-05 20:33:45.412	          linker	[Debug]	        dji_protocol_v3.c:387  <0xe2ad>V3-Recv: 01:003F:001E:0x0400 -> 03:003F:001E:0x0503 0x0405, tLen 70 dLen 49
01-05 20:33:45.412	          linker	[Debug]	        dji_protocol_v3.c:506  1:0x0400 convert to 0004(0x0400)
01-05 20:33:45.412	          linker	[Debug]	        dji_protocol_v3.c:506  3:0x0503 convert to 0065(0x0503)
01-05 20:33:45.413	          linker	[Debug]	            dji_command.c:1128  <0xe2ad>Receive msg from linker, 0x0400(0x0004)->0x0503(0x0065) 0x0405 len:49
01-05 20:33:45.432	          linker	[Debug]	        dji_protocol_v3.c:387  <0xe309>V3-Recv: 01:003F:001E:0x0400 -> 03:003F:001E:0x0503 0x0405, tLen 70 dLen 49
01-05 20:33:45.432	          linker	[Debug]	        dji_protocol_v3.c:506  1:0x0400 convert to 0004(0x0400)
01-05 20:33:45.432	          linker	[Debug]	        dji_protocol_v3.c:506  3:0x0503 convert to 0065(0x0503)
01-05 20:33:45.432	          linker	[Debug]	            dji_command.c:1128  <0xe309>Receive msg from linker, 0x0400(0x0004)->0x0503(0x0065) 0x0405 len:49
01-05 20:33:45.449	          linker	[Debug]	        dji_protocol_v3.c:266  <0xc5c1>V3-Send: 03:003F:001E:0x0503 -> 00:003F:001E:0x0200 0x3C1B, tLen 77 dLen 56
01-05 20:33:45.450	          linker	[Debug]	        dji_protocol_v3.c:387  <0x8cb5>V3-Recv: 00:003F:001E:0x0300 -> 03:003F:001E:0x0503 0x3C57, tLen 37 dLen 16
01-05 20:33:45.451	          linker	[Debug]	        dji_protocol_v3.c:506  0:0x0300 convert to 0003(0x0300)
01-05 20:33:45.451	          linker	[Debug]	        dji_protocol_v3.c:506  3:0x0503 convert to 0065(0x0503)
01-05 20:33:45.451	          linker	[Debug]	            dji_command.c:1128  <0x8cb5>Receive msg from linker, 0x0300(0x0003)->0x0503(0x0065) 0x3C57 len:16
01-05 20:33:45.451	          linker	[Debug]	            dji_command.c:980  received unsupport request cmd that noneed ack, <0x8cb5> cmdset: 0x3C cmdid: 0x57
01-05 20:33:45.456	            user	[Info]	      camera_controller.h:147  gimbal angle :0.000000,0.000000,0.000000
01-05 20:33:45.460	         channel	[Debug]	        mop_trans_layer.c:1568 MOP_TRANS:trans layer timer: 1s!
01-05 20:33:45.463	          linker	[Debug]	        dji_protocol_v3.c:266  <0xc5c2>V3-Send: 03:003F:001E:0x0503 -> 00:003F:001E:0x0200 0x3C1F, tLen 59 dLen 38
01-05 20:33:45.466	          linker	[Debug]	        dji_protocol_v1.c:189  <0xc5c3>V1-Send: 0x0503->0x1D02 0x00F0
01-05 20:33:45.470	          linker	[Debug]	        dji_protocol_v3.c:387  <0xe365>V3-Recv: 01:003F:001E:0x0400 -> 03:003F:001E:0x0503 0x0405, tLen 70 dLen 49
01-05 20:33:45.470	          linker	[Debug]	        dji_protocol_v3.c:506  1:0x0400 convert to 0004(0x0400)
01-05 20:33:45.470	          linker	[Debug]	        dji_protocol_v3.c:506  3:0x0503 convert to 0065(0x0503)
01-05 20:33:45.470	          linker	[Debug]	        dji_protocol_v3.c:387  <0x5652>V3-Recv: 00:003F:001E:0x1204 -> 03:003F:001E:0x0503 0x4900, tLen 23 dLen 2
01-05 20:33:45.470	          linker	[Debug]	        dji_protocol_v3.c:506  0:0x1204 convert to 0092(0x1204)
01-05 20:33:45.470	          linker	[Debug]	        dji_protocol_v3.c:506  3:0x0503 convert to 0065(0x0503)
01-05 20:33:45.471	          linker	[Debug]	            dji_command.c:1128  <0xe365>Receive msg from linker, 0x0400(0x0004)->0x0503(0x0065) 0x0405 len:49
01-05 20:33:45.472	          linker	[Debug]	            dji_command.c:1128  <0x5652>Receive msg from linker, 0x1204(0x0092)->0x0503(0x0065) 0x4900 len:2
01-05 20:33:45.472	          linker	[Debug]	        dji_protocol_v3.c:266  <0x5652>V3-Send: 03:003F:001E:0x0503 -> 00:003F:001E:0x1204 0x4900, tLen 23 dLen 2
01-05 20:33:45.480	          linker	[Debug]	        dji_protocol_v3.c:387  <0xe3bf>V3-Recv: 01:003F:001E:0x0400 -> 03:003F:001E:0x0503 0x0405, tLen 70 dLen 49
01-05 20:33:45.480	          linker	[Debug]	        dji_protocol_v3.c:506  1:0x0400 convert to 0004(0x0400)
01-05 20:33:45.480	          linker	[Debug]	        dji_protocol_v3.c:506  3:0x0503 convert to 0065(0x0503)
01-05 20:33:45.480	          linker	[Debug]	        dji_protocol_v3.c:387  <0x565c>V3-Recv: 00:003F:001E:0x1204 -> 03:003F:001E:0x0503 0x22AD, tLen 68 dLen 47
01-05 20:33:45.480	          linker	[Debug]	        dji_protocol_v3.c:506  0:0x1204 convert to 0092(0x1204)
01-05 20:33:45.480	          linker	[Debug]	        dji_protocol_v3.c:506  3:0x0503 convert to 0065(0x0503)
01-05 20:33:45.480	          linker	[Debug]	            dji_command.c:1128  <0xe3bf>Receive msg from linker, 0x0400(0x0004)->0x0503(0x0065) 0x0405 len:49
01-05 20:33:45.482	          linker	[Debug]	            dji_command.c:1128  <0x565c>Receive msg from linker, 0x1204(0x0092)->0x0503(0x0065) 0x22AD len:47
01-05 20:33:45.482	          linker	[Debug]	            dji_command.c:980  received unsupport request cmd that need ack, <0x565c> cmdset: 0x22 cmdid: 0xAD
01-05 20:33:45.492	          linker	[Debug]	        dji_protocol_v3.c:387  <0xe419>V3-Recv: 01:003F:001E:0x0400 -> 03:003F:001E:0x0503 0x0405, tLen 70 dLen 49
01-05 20:33:45.492	          linker	[Debug]	        dji_protocol_v3.c:506  1:0x0400 convert to 0004(0x0400)
01-05 20:33:45.492	          linker	[Debug]	        dji_protocol_v3.c:506  3:0x0503 convert to 0065(0x0503)
01-05 20:33:45.493	          linker	[Debug]	            dji_command.c:1128  <0xe419>Receive msg from linker, 0x0400(0x0004)->0x0503(0x0065) 0x0405 len:49
01-05 20:33:45.506	            user	[Info]	      camera_controller.h:147  gimbal angle :0.000000,0.000000,0.000000
01-05 20:33:45.510	          linker	[Debug]	        dji_protocol_v1.c:189  <0xc5c4>V1-Send: 0x0503->0x1D02 0x00F0
01-05 20:33:45.517	          linker	[Debug]	        dji_protocol_v3.c:387  <0xe473>V3-Recv: 01:003F:001E:0x0400 -> 03:003F:001E:0x0503 0x0405, tLen 70 dLen 49
01-05 20:33:45.517	          linker	[Debug]	        dji_protocol_v3.c:506  1:0x0400 convert to 0004(0x0400)
01-05 20:33:45.517	          linker	[Debug]	        dji_protocol_v3.c:506  3:0x0503 convert to 0065(0x0503)
01-05 20:33:45.517	          linker	[Debug]	            dji_command.c:1128  <0xe473>Receive msg from linker, 0x0400(0x0004)->0x0503(0x0065) 0x0405 len:49
01-05 20:33:45.534	          linker	[Debug]	        dji_protocol_v3.c:387  <0xe4cf>V3-Recv: 01:003F:001E:0x0400 -> 03:003F:001E:0x0503 0x0405, tLen 70 dLen 49
01-05 20:33:45.535	          linker	[Debug]	        dji_protocol_v3.c:506  1:0x0400 convert to 0004(0x0400)
01-05 20:33:45.535	          linker	[Debug]	        dji_protocol_v3.c:506  3:0x0503 convert to 0065(0x0503)
01-05 20:33:45.535	          linker	[Debug]	            dji_command.c:1128  <0xe4cf>Receive msg from linker, 0x0400(0x0004)->0x0503(0x0065) 0x0405 len:49
01-05 20:33:45.552	          linker	[Debug]	        dji_protocol_v3.c:387  <0xe52b>V3-Recv: 01:003F:001E:0x0400 -> 03:003F:001E:0x0503 0x0405, tLen 70 dLen 49
01-05 20:33:45.552	          linker	[Debug]	        dji_protocol_v3.c:506  1:0x0400 convert to 0004(0x0400)
01-05 20:33:45.552	          linker	[Debug]	        dji_protocol_v3.c:506  3:0x0503 convert to 0065(0x0503)
01-05 20:33:45.553	          linker	[Debug]	            dji_command.c:1128  <0xe52b>Receive msg from linker, 0x0400(0x0004)->0x0503(0x0065) 0x0405 len:49
01-05 20:33:45.556	            user	[Info]	      camera_controller.h:147  gimbal angle :0.000000,0.000000,0.000000
01-05 20:33:45.557	         channel	[Debug]	          mop_net_layer.c:789  MOP_NET:[FLOW_CTRL] limit:3145728 time:21 rx_cnt:72 rx_rate:20 cur_limit:3932140 busy:0 reliable:0
01-05 20:33:45.558	         channel	[Debug]	          mop_net_layer.c:1127 MOP_NET:send heart beat req success
01-05 20:33:45.558	         channel	[Debug]	         mop_link_layer.c:78   MOP_LINK:crc length 24
01-05 20:33:45.558	         channel	[Debug]	         mop_link_layer.c:387  MOP_LINK:0xffff70015c90 snd_tsk psize 24 ret 24, pkt_info: ttype 0x0080 dlen 0 seq 0,(2 2 0)->(0 1 0) 0x1002
01-05 20:33:45.564	          linker	[Debug]	        dji_protocol_v1.c:189  <0xc5c5>V1-Send: 0x0503->0x1D02 0x00F0
01-05 20:33:45.565	         channel	[Debug]	         mop_link_layer.c:169  MOP_LINK:return from recv_data func
01-05 20:33:45.565	         channel	[Debug]	         mop_link_layer.c:173  MOP_LINK:recv version 1002
01-05 20:33:45.565	         channel	[Debug]	         mop_link_layer.c:78   MOP_LINK:crc length 24
01-05 20:33:45.565	         channel	[Debug]	         mop_link_layer.c:492  MOP_LINK:0xffff70015c90 rcv_tsk psize 24 ret 24, pkt_info: ttype 0x0081 dlen 0 seq 0,(0 1 0)->(2 2 0) 0x1002
01-05 20:33:45.565	         channel	[Debug]	         mop_link_layer.c:167  MOP_LINK:entry recv_data func
01-05 20:33:45.565	         channel	[Debug]	          mop_net_layer.c:466  MOP_NET:get heart beat ack
01-05 20:33:45.567	          linker	[Debug]	        dji_protocol_v3.c:387  <0x5668>V3-Recv: 00:003F:001E:0x1204 -> 03:003F:001E:0x0503 0x4900, tLen 23 dLen 2
01-05 20:33:45.567	          linker	[Debug]	        dji_protocol_v3.c:506  0:0x1204 convert to 0092(0x1204)
01-05 20:33:45.568	          linker	[Debug]	        dji_protocol_v3.c:506  3:0x0503 convert to 0065(0x0503)
01-05 20:33:45.569	          linker	[Debug]	            dji_command.c:1128  <0x5668>Receive msg from linker, 0x1204(0x0092)->0x0503(0x0065) 0x4900 len:2
01-05 20:33:45.569	          linker	[Debug]	        dji_protocol_v3.c:266  <0x5668>V3-Send: 03:003F:001E:0x0503 -> 00:003F:001E:0x1204 0x4900, tLen 23 dLen 2
01-05 20:33:45.580	          linker	[Debug]	        dji_protocol_v3.c:387  <0xe585>V3-Recv: 01:003F:001E:0x0400 -> 03:003F:001E:0x0503 0x0405, tLen 70 dLen 49
01-05 20:33:45.580	          linker	[Debug]	        dji_protocol_v3.c:506  1:0x0400 convert to 0004(0x0400)
01-05 20:33:45.580	          linker	[Debug]	        dji_protocol_v3.c:506  3:0x0503 convert to 0065(0x0503)
01-05 20:33:45.580	          linker	[Debug]	        dji_protocol_v3.c:387  <0x566c>V3-Recv: 00:003F:001E:0x1204 -> 03:003F:001E:0x0503 0x22AD, tLen 68 dLen 47
01-05 20:33:45.580	          linker	[Debug]	        dji_protocol_v3.c:506  0:0x1204 convert to 0092(0x1204)
01-05 20:33:45.580	          linker	[Debug]	        dji_protocol_v3.c:506  3:0x0503 convert to 0065(0x0503)
01-05 20:33:45.581	          linker	[Debug]	            dji_command.c:1128  <0xe585>Receive msg from linker, 0x0400(0x0004)->0x0503(0x0065) 0x0405 len:49
01-05 20:33:45.582	          linker	[Debug]	            dji_command.c:1128  <0x566c>Receive msg from linker, 0x1204(0x0092)->0x0503(0x0065) 0x22AD len:47
01-05 20:33:45.582	          linker	[Debug]	            dji_command.c:980  received unsupport request cmd that need ack, <0x566c> cmdset: 0x22 cmdid: 0xAD
01-05 20:33:45.592	          linker	[Debug]	        dji_protocol_v3.c:387  <0xe5df>V3-Recv: 01:003F:001E:0x0400 -> 03:003F:001E:0x0503 0x0405, tLen 70 dLen 49
01-05 20:33:45.592	          linker	[Debug]	        dji_protocol_v3.c:506  1:0x0400 convert to 0004(0x0400)
01-05 20:33:45.592	          linker	[Debug]	        dji_protocol_v3.c:506  3:0x0503 convert to 0065(0x0503)
01-05 20:33:45.593	          linker	[Debug]	            dji_command.c:1128  <0xe5df>Receive msg from linker, 0x0400(0x0004)->0x0503(0x0065) 0x0405 len:49
01-05 20:33:45.604	          linker	[Debug]	        dji_protocol_v1.c:189  <0xc5c6>V1-Send: 0x0503->0x1007 0x198B
01-05 20:33:45.604	          linker	[Debug]	        dji_protocol_v3.c:266  <0xc5c7>V3-Send: 03:003F:001E:0x0503 -> 00:003F:001E:0x0200 0x3C10, tLen 85 dLen 64
01-05 20:33:45.604	          linker	[Debug]	        dji_protocol_v3.c:266  <0xc5c8>V3-Send: 03:003F:001E:0x0503 -> 00:003F:001E:0x0300 0x3C10, tLen 85 dLen 64
01-05 20:33:45.605	          linker	[Debug]	        dji_protocol_v3.c:266  <0xc5c9>V3-Send: 03:003F:001E:0x0503 -> 00:003F:001E:0x1104 0x3C10, tLen 85 dLen 64
01-05 20:33:45.605	          linker	[Debug]	        dji_protocol_v3.c:266  <0xc5ca>V3-Send: 03:003F:001E:0x0503 -> 00:003F:001E:0x0701 0x3C10, tLen 85 dLen 64
01-05 20:33:45.605	          linker	[Debug]	        dji_protocol_v3.c:266  <0xc5cb>V3-Send: 03:003F:001E:0x0503 -> 00:003F:001E:0x1100 0x3C10, tLen 85 dLen 64
01-05 20:33:45.606	            user	[Info]	      camera_controller.h:147  gimbal angle :0.000000,0.000000,0.000000
01-05 20:33:45.609	          linker	[Debug]	        dji_protocol_v1.c:189  <0xc5cc>V1-Send: 0x0503->0x1D02 0x00F0
01-05 20:33:45.611	          linker	[Debug]	        dji_protocol_v3.c:387  <0x299c>V3-Recv: 00:003F:001E:0x0801 -> 03:003F:001E:0x0503 0x0099, tLen 65 dLen 44
01-05 20:33:45.611	          linker	[Debug]	        dji_protocol_v3.c:506  0:0x0801 convert to 0028(0x0801)
01-05 20:33:45.612	          linker	[Debug]	        dji_protocol_v3.c:506  3:0x0503 convert to 0065(0x0503)
01-05 20:33:45.613	          linker	[Debug]	            dji_command.c:1128  <0x299c>Receive msg from linker, 0x0801(0x0028)->0x0503(0x0065) 0x0099 len:44
01-05 20:33:45.627	          linker	[Debug]	        dji_protocol_v3.c:387  <0xe639>V3-Recv: 01:003F:001E:0x0400 -> 03:003F:001E:0x0503 0x0405, tLen 70 dLen 49
01-05 20:33:45.627	          linker	[Debug]	        dji_protocol_v3.c:506  1:0x0400 convert to 0004(0x0400)
01-05 20:33:45.627	          linker	[Debug]	        dji_protocol_v3.c:506  3:0x0503 convert to 0065(0x0503)
01-05 20:33:45.627	          linker	[Debug]	        dji_protocol_v3.c:387  <0x299d>V3-Recv: 00:003F:001E:0x0801 -> 03:003F:001E:0x0503 0x0099, tLen 98 dLen 77
01-05 20:33:45.627	          linker	[Debug]	        dji_protocol_v3.c:506  0:0x0801 convert to 0028(0x0801)
01-05 20:33:45.627	          linker	[Debug]	        dji_protocol_v3.c:506  3:0x0503 convert to 0065(0x0503)
01-05 20:33:45.628	          linker	[Debug]	            dji_command.c:1128  <0xe639>Receive msg from linker, 0x0400(0x0004)->0x0503(0x0065) 0x0405 len:49
01-05 20:33:45.629	          linker	[Debug]	            dji_command.c:1128  <0x299d>Receive msg from linker, 0x0801(0x0028)->0x0503(0x0065) 0x0099 len:77
01-05 20:33:45.642	          linker	[Debug]	        dji_protocol_v3.c:387  <0xe697>V3-Recv: 01:003F:001E:0x0400 -> 03:003F:001E:0x0503 0x0405, tLen 70 dLen 49
01-05 20:33:45.642	          linker	[Debug]	        dji_protocol_v3.c:506  1:0x0400 convert to 0004(0x0400)
01-05 20:33:45.642	          linker	[Debug]	        dji_protocol_v3.c:506  3:0x0503 convert to 0065(0x0503)
01-05 20:33:45.643	          linker	[Debug]	            dji_command.c:1128  <0xe697>Receive msg from linker, 0x0400(0x0004)->0x0503(0x0065) 0x0405 len:49
01-05 20:33:45.656	            user	[Info]	      camera_controller.h:147  gimbal angle :0.000000,0.000000,0.000000
The log is overflow
The log is overflow
01-05 20:33:45.660	          linker	[Debug]	        dji_protocol_v3.c:387  <0x8e33>V3-Recv: 00:003F:001E:0x0300 -> 03:003F:001E:0x0503 0x3C57, tLen 37 dLen 16
01-05 20:33:45.660	          linker	[Debug]	        dji_protocol_v3.c:506  0:0x0300 convert to 0003(0x0300)
01-05 20:33:45.660	          linker	[Debug]	        dji_protocol_v3.c:506  3:0x0503 convert to 0065(0x0503)
01-05 20:33:45.660	          linker	[Debug]	        dji_protocol_v3.c:387  <0xe6f4>V3-Recv: 01:003F:001E:0x0400 -> 03:003F:001E:0x0503 0x0405, tLen 70 dLen 49
01-05 20:33:45.660	          linker	[Debug]	        dji_protocol_v3.c:506  1:0x0400 convert to 0004(0x0400)
01-05 20:33:45.660	          linker	[Debug]	        dji_protocol_v3.c:506  3:0x0503 convert to 0065(0x0503)
01-05 20:33:45.660	          linker	[Debug]	        dji_protocol_v3.c:387  <0x5678>V3-Recv: 00:003F:001E:0x1204 -> 03:003F:001E:0x0503 0x4900, tLen 23 dLen 2
01-05 20:33:45.660	          linker	[Debug]	        dji_protocol_v3.c:506  0:0x1204 convert to 0092(0x1204)
01-05 20:33:45.660	          linker	[Debug]	        dji_protocol_v3.c:506  3:0x0503 convert to 0065(0x0503)
01-05 20:33:45.660	          linker	[Debug]	            dji_command.c:1128  <0x8e33>Receive msg from linker, 0x0300(0x0003)->0x0503(0x0065) 0x3C57 len:16
01-05 20:33:45.660	          linker	[Debug]	            dji_command.c:980  received unsupport request cmd that noneed ack, <0x8e33> cmdset: 0x3C cmdid: 0x57
01-05 20:33:45.661	          linker	[Debug]	            dji_command.c:1128  <0xe6f4>Receive msg from linker, 0x0400(0x0004)->0x0503(0x0065) 0x0405 len:49
01-05 20:33:45.663	          linker	[Debug]	        dji_protocol_v3.c:266  <0xc5cd>V3-Send: 03:003F:001E:0x0503 -> 00:003F:001E:0x0200 0x3C1F, tLen 59 dLen 38
01-05 20:33:45.664	          linker	[Debug]	        dji_protocol_v1.c:189  <0xc5ce>V1-Send: 0x0503->0x1D02 0x00F0
01-05 20:33:45.669	          linker	[Debug]	        dji_protocol_v3.c:266  <0xc5cf>V3-Send: 03:003F:001E:0x0503 -> 00:003F:001E:0x0200 0x3C1B, tLen 77 dLen 56
01-05 20:33:45.672	          linker	[Debug]	        dji_protocol_v3.c:387  <0xe74e>V3-Recv: 01:003F:001E:0x0400 -> 03:003F:001E:0x0503 0x0405, tLen 70 dLen 49
01-05 20:33:45.672	          linker	[Debug]	        dji_protocol_v3.c:506  1:0x0400 convert to 0004(0x0400)
01-05 20:33:45.672	          linker	[Debug]	        dji_protocol_v3.c:506  3:0x0503 convert to 0065(0x0503)
01-05 20:33:45.672	          linker	[Debug]	            dji_command.c:1128  <0xe74e>Receive msg from linker, 0x0400(0x0004)->0x0503(0x0065) 0x0405 len:49
01-05 20:33:45.688	          linker	[Debug]	        dji_protocol_v3.c:387  <0x567c>V3-Recv: 00:003F:001E:0x1204 -> 03:003F:001E:0x0503 0x22AD, tLen 68 dLen 47
01-05 20:33:45.688	          linker	[Debug]	        dji_protocol_v3.c:506  0:0x1204 convert to 0092(0x1204)
01-05 20:33:45.688	          linker	[Debug]	        dji_protocol_v3.c:506  3:0x0503 convert to 0065(0x0503)
01-05 20:33:45.688	          linker	[Debug]	            dji_command.c:1128  <0x567c>Receive msg from linker, 0x1204(0x0092)->0x0503(0x0065) 0x22AD len:47
01-05 20:33:45.689	          linker	[Debug]	            dji_command.c:980  received unsupport request cmd that need ack, <0x567c> cmdset: 0x22 cmdid: 0xAD
01-05 20:33:45.705	          linker	[Debug]	        dji_protocol_v3.c:387  <0xe7a8>V3-Recv: 01:003F:001E:0x0400 -> 03:003F:001E:0x0503 0x0405, tLen 70 dLen 49
01-05 20:33:45.705	          linker	[Debug]	        dji_protocol_v3.c:506  1:0x0400 convert to 0004(0x0400)
01-05 20:33:45.705	          linker	[Debug]	        dji_protocol_v3.c:506  3:0x0503 convert to 0065(0x0503)
01-05 20:33:45.706	          linker	[Debug]	            dji_command.c:1128  <0xe7a8>Receive msg from linker, 0x0400(0x0004)->0x0503(0x0065) 0x0405 len:49
01-05 20:33:45.706	            user	[Info]	      camera_controller.h:147  gimbal angle :0.000000,0.000000,0.000000
01-05 20:33:45.708	          linker	[Debug]	        dji_protocol_v1.c:189  <0xc5d0>V1-Send: 0x0503->0x1D02 0x00F0
01-05 20:33:45.719	          linker	[Debug]	        dji_protocol_v3.c:387  <0xe802>V3-Recv: 01:003F:001E:0x0400 -> 03:003F:001E:0x0503 0x0405, tLen 70 dLen 49
01-05 20:33:45.719	          linker	[Debug]	        dji_protocol_v3.c:506  1:0x0400 convert to 0004(0x0400)
01-05 20:33:45.719	          linker	[Debug]	        dji_protocol_v3.c:506  3:0x0503 convert to 0065(0x0503)
01-05 20:33:45.720	          linker	[Debug]	            dji_command.c:1128  <0xe802>Receive msg from linker, 0x0400(0x0004)->0x0503(0x0065) 0x0405 len:49
01-05 20:33:45.732	          linker	[Debug]	        dji_protocol_v3.c:387  <0xe85e>V3-Recv: 01:003F:001E:0x0400 -> 03:003F:001E:0x0503 0x0405, tLen 70 dLen 49
01-05 20:33:45.732	          linker	[Debug]	        dji_protocol_v3.c:506  1:0x0400 convert to 0004(0x0400)
01-05 20:33:45.732	          linker	[Debug]	        dji_protocol_v3.c:506  3:0x0503 convert to 0065(0x0503)
01-05 20:33:45.733	          linker	[Debug]	            dji_command.c:1128  <0xe85e>Receive msg from linker, 0x0400(0x0004)->0x0503(0x0065) 0x0405 len:49
01-05 20:33:45.752	          linker	[Debug]	        dji_protocol_v3.c:387  <0xe8bb>V3-Recv: 01:003F:001E:0x0400 -> 03:003F:001E:0x0503 0x0405, tLen 70 dLen 49
01-05 20:33:45.752	          linker	[Debug]	        dji_protocol_v3.c:506  1:0x0400 convert to 0004(0x0400)
01-05 20:33:45.752	          linker	[Debug]	        dji_protocol_v3.c:506  3:0x0503 convert to 0065(0x0503)
01-05 20:33:45.752	          linker	[Debug]	            dji_command.c:1128  <0xe8bb>Receive msg from linker, 0x0400(0x0004)->0x0503(0x0065) 0x0405 len:49
01-05 20:33:45.756	            user	[Info]	      camera_controller.h:147  gimbal angle :0.000000,0.000000,0.000000
01-05 20:33:45.762	          linker	[Debug]	        dji_protocol_v1.c:189  <0xc5d1>V1-Send: 0x0503->0x1D02 0x00F0
01-05 20:33:45.768	          linker	[Debug]	        dji_protocol_v3.c:387  <0x5688>V3-Recv: 00:003F:001E:0x1204 -> 03:003F:001E:0x0503 0x4900, tLen 23 dLen 2
01-05 20:33:45.768	          linker	[Debug]	        dji_protocol_v3.c:506  0:0x1204 convert to 0092(0x1204)
01-05 20:33:45.768	          linker	[Debug]	        dji_protocol_v3.c:506  3:0x0503 convert to 0065(0x0503)
01-05 20:33:45.768	         channel	[Debug]	         mop_link_layer.c:169  MOP_LINK:return from recv_data func
01-05 20:33:45.768	         channel	[Debug]	         mop_link_layer.c:167  MOP_LINK:entry recv_data func
01-05 20:33:45.769	          linker	[Debug]	            dji_command.c:1128  <0x5688>Receive msg from linker, 0x1204(0x0092)->0x0503(0x0065) 0x4900 len:2
01-05 20:33:45.769	          linker	[Debug]	        dji_protocol_v3.c:266  <0x5688>V3-Send: 03:003F:001E:0x0503 -> 00:003F:001E:0x1204 0x4900, tLen 23 dLen 2
01-05 20:33:45.780	          linker	[Debug]	        dji_protocol_v3.c:387  <0xe915>V3-Recv: 01:003F:001E:0x0400 -> 03:003F:001E:0x0503 0x0405, tLen 70 dLen 49
01-05 20:33:45.780	          linker	[Debug]	        dji_protocol_v3.c:506  1:0x0400 convert to 0004(0x0400)
01-05 20:33:45.780	          linker	[Debug]	        dji_protocol_v3.c:506  3:0x0503 convert to 0065(0x0503)
01-05 20:33:45.780	          linker	[Debug]	        dji_protocol_v3.c:387  <0x568c>V3-Recv: 00:003F:001E:0x1204 -> 03:003F:001E:0x0503 0x22AD, tLen 68 dLen 47
01-05 20:33:45.780	          linker	[Debug]	        dji_protocol_v3.c:506  0:0x1204 convert to 0092(0x1204)
01-05 20:33:45.780	          linker	[Debug]	        dji_protocol_v3.c:506  3:0x0503 convert to 0065(0x0503)
01-05 20:33:45.780	          linker	[Debug]	            dji_command.c:1128  <0xe915>Receive msg from linker, 0x0400(0x0004)->0x0503(0x0065) 0x0405 len:49
01-05 20:33:45.781	          linker	[Debug]	            dji_command.c:1128  <0x568c>Receive msg from linker, 0x1204(0x0092)->0x0503(0x0065) 0x22AD len:47
01-05 20:33:45.781	          linker	[Debug]	            dji_command.c:980  received unsupport request cmd that need ack, <0x568c> cmdset: 0x22 cmdid: 0xAD
01-05 20:33:45.792	          linker	[Debug]	        dji_protocol_v3.c:387  <0xe96f>V3-Recv: 01:003F:001E:0x0400 -> 03:003F:001E:0x0503 0x0405, tLen 70 dLen 49
01-05 20:33:45.792	          linker	[Debug]	        dji_protocol_v3.c:506  1:0x0400 convert to 0004(0x0400)
01-05 20:33:45.792	          linker	[Debug]	        dji_protocol_v3.c:506  3:0x0503 convert to 0065(0x0503)
01-05 20:33:45.793	          linker	[Debug]	            dji_command.c:1128  <0xe96f>Receive msg from linker, 0x0400(0x0004)->0x0503(0x0065) 0x0405 len:49
01-05 20:33:45.802	          linker	[Debug]	        dji_protocol_v1.c:309  <0x2035>V1-Recv: 0x0A06->0x0503 0x0866
01-05 20:33:45.803	          linker	[Debug]	            dji_command.c:1128  <0x2035>Receive msg from linker, 0x0A06(0x00CA)->0x0503(0x0065) 0x0866 len:96
01-05 20:33:45.803	          linker	[Debug]	            dji_command.c:980  received unsupport request cmd that noneed ack, <0x2035> cmdset: 0x08 cmdid: 0x66
01-05 20:33:45.803	           utils	[Debug]	          dji_root_task.c:131  work execution time:
01-05 20:33:45.803	           utils	[Debug]	          dji_root_task.c:132  name	                execution time (ms)	  max execution time (ms)
01-05 20:33:45.803	           utils	[Debug]	          dji_root_task.c:134  recorderWork                    	1       	1       
01-05 20:33:45.803	           utils	[Debug]	          dji_root_task.c:134  flowControllerTask              	0       	1       
01-05 20:33:45.803	           utils	[Debug]	          dji_root_task.c:134  commandTask                     	1       	2       
01-05 20:33:45.803	           utils	[Debug]	          dji_root_task.c:134  aircraftWorkNode                	0       	1       
01-05 20:33:45.803	           utils	[Debug]	          dji_root_task.c:134  dataBuriedPointTask             	1       	1       
01-05 20:33:45.803	           utils	[Debug]	          dji_root_task.c:134  StatePushWork                   	1       	4       
01-05 20:33:45.803	           utils	[Debug]	          dji_root_task.c:134  WidgetWork                      	0       	1       
01-05 20:33:45.803	           utils	[Debug]	          dji_root_task.c:134  hmsTask                         	1       	1       
01-05 20:33:45.806	            user	[Info]	      camera_controller.h:147  gimbal angle :0.000000,0.000000,0.000000
01-05 20:33:45.806	          linker	[Debug]	        dji_protocol_v1.c:189  <0xc5d2>V1-Send: 0x0503->0x1D02 0x00F0
01-05 20:33:45.809	          linker	[Debug]	        dji_protocol_v3.c:387  <0x299e>V3-Recv: 00:003F:001E:0x0801 -> 03:003F:001E:0x0503 0x0099, tLen 56 dLen 35
01-05 20:33:45.809	          linker	[Debug]	        dji_protocol_v3.c:506  0:0x0801 convert to 0028(0x0801)
01-05 20:33:45.809	          linker	[Debug]	        dji_protocol_v3.c:506  3:0x0503 convert to 0065(0x0503)
01-05 20:33:45.810	          linker	[Debug]	            dji_command.c:1128  <0x299e>Receive msg from linker, 0x0801(0x0028)->0x0503(0x0065) 0x0099 len:35
01-05 20:33:45.821	          linker	[Debug]	        dji_protocol_v3.c:387  <0x299f>V3-Recv: 00:003F:001E:0x0801 -> 03:003F:001E:0x0503 0x0099, tLen 70 dLen 49
01-05 20:33:45.822	          linker	[Debug]	        dji_protocol_v3.c:506  0:0x0801 convert to 0028(0x0801)
01-05 20:33:45.822	          linker	[Debug]	        dji_protocol_v3.c:506  3:0x0503 convert to 0065(0x0503)
01-05 20:33:45.822	          linker	[Debug]	        dji_protocol_v3.c:387  <0xe9c9>V3-Recv: 01:003F:001E:0x0400 -> 03:003F:001E:0x0503 0x0405, tLen 70 dLen 49
01-05 20:33:45.822	          linker	[Debug]	        dji_protocol_v3.c:506  1:0x0400 convert to 0004(0x0400)
01-05 20:33:45.822	          linker	[Debug]	        dji_protocol_v3.c:506  3:0x0503 convert to 0065(0x0503)
01-05 20:33:45.822	          linker	[Debug]	            dji_command.c:1128  <0x299f>Receive msg from linker, 0x0801(0x0028)->0x0503(0x0065) 0x0099 len:49
01-05 20:33:45.823	          linker	[Debug]	            dji_command.c:1128  <0xe9c9>Receive msg from linker, 0x0400(0x0004)->0x0503(0x0065) 0x0405 len:49
01-05 20:33:45.824	          linker	[Debug]	        dji_protocol_v1.c:189  <0xc5d3>V1-Send: 0x0503->0x1007 0x198B
01-05 20:33:45.824	          linker	[Debug]	        dji_protocol_v3.c:266  <0xc5d4>V3-Send: 03:003F:001E:0x0503 -> 00:003F:001E:0x0200 0x3C10, tLen 85 dLen 64
01-05 20:33:45.824	          linker	[Debug]	        dji_protocol_v3.c:266  <0xc5d5>V3-Send: 03:003F:001E:0x0503 -> 00:003F:001E:0x0300 0x3C10, tLen 85 dLen 64
01-05 20:33:45.824	          linker	[Debug]	        dji_protocol_v3.c:266  <0xc5d6>V3-Send: 03:003F:001E:0x0503 -> 00:003F:001E:0x1104 0x3C10, tLen 85 dLen 64
01-05 20:33:45.825	          linker	[Debug]	        dji_protocol_v3.c:266  <0xc5d7>V3-Send: 03:003F:001E:0x0503 -> 00:003F:001E:0x0701 0x3C10, tLen 85 dLen 64
01-05 20:33:45.825	          linker	[Debug]	        dji_protocol_v3.c:266  <0xc5d8>V3-Send: 03:003F:001E:0x0503 -> 00:003F:001E:0x1100 0x3C10, tLen 85 dLen 64
01-05 20:33:45.834	          linker	[Debug]	        dji_protocol_v3.c:387  <0xea25>V3-Recv: 01:003F:001E:0x0400 -> 03:003F:001E:0x0503 0x0405, tLen 70 dLen 49
01-05 20:33:45.835	          linker	[Debug]	        dji_protocol_v3.c:506  1:0x0400 convert to 0004(0x0400)
01-05 20:33:45.835	          linker	[Debug]	        dji_protocol_v3.c:506  3:0x0503 convert to 0065(0x0503)
01-05 20:33:45.835	          linker	[Debug]	            dji_command.c:1128  <0xea25>Receive msg from linker, 0x0400(0x0004)->0x0503(0x0065) 0x0405 len:49
01-05 20:33:45.851	          linker	[Debug]	        dji_protocol_v3.c:387  <0x8fa6>V3-Recv: 00:003F:001E:0x0300 -> 03:003F:001E:0x0503 0x3C57, tLen 37 dLen 16
01-05 20:33:45.851	          linker	[Debug]	        dji_protocol_v3.c:506  0:0x0300 convert to 0003(0x0300)
01-05 20:33:45.851	          linker	[Debug]	        dji_protocol_v3.c:506  3:0x0503 convert to 0065(0x0503)
01-05 20:33:45.852	          linker	[Debug]	            dji_command.c:1128  <0x8fa6>Receive msg from linker, 0x0300(0x0003)->0x0503(0x0065) 0x3C57 len:16
01-05 20:33:45.852	          linker	[Debug]	            dji_command.c:980  received unsupport request cmd that noneed ack, <0x8fa6> cmdset: 0x3C cmdid: 0x57
01-05 20:33:45.856	            user	[Info]	      camera_controller.h:147  gimbal angle :0.000000,0.000000,0.000000
01-05 20:33:45.861	          linker	[Debug]	        dji_protocol_v1.c:189  <0xc5d9>V1-Send: 0x0503->0x1D02 0x00F0
01-05 20:33:45.864	          linker	[Debug]	        dji_protocol_v3.c:266  <0xc5da>V3-Send: 03:003F:001E:0x0503 -> 00:003F:001E:0x0200 0x3C1F, tLen 59 dLen 38
01-05 20:33:45.869	          linker	[Debug]	        dji_protocol_v3.c:387  <0xea81>V3-Recv: 01:003F:001E:0x0400 -> 03:003F:001E:0x0503 0x0405, tLen 70 dLen 49
01-05 20:33:45.869	          linker	[Debug]	        dji_protocol_v3.c:506  1:0x0400 convert to 0004(0x0400)
01-05 20:33:45.869	          linker	[Debug]	        dji_protocol_v3.c:506  3:0x0503 convert to 0065(0x0503)
01-05 20:33:45.869	          linker	[Debug]	        dji_protocol_v3.c:387  <0x5698>V3-Recv: 00:003F:001E:0x1204 -> 03:003F:001E:0x0503 0x4900, tLen 23 dLen 2
01-05 20:33:45.869	          linker	[Debug]	        dji_protocol_v3.c:506  0:0x1204 convert to 0092(0x1204)
01-05 20:33:45.869	          linker	[Debug]	        dji_protocol_v3.c:506  3:0x0503 convert to 0065(0x0503)
01-05 20:33:45.870	          linker	[Debug]	            dji_command.c:1128  <0xea81>Receive msg from linker, 0x0400(0x0004)->0x0503(0x0065) 0x0405 len:49
01-05 20:33:45.871	          linker	[Debug]	            dji_command.c:1128  <0x5698>Receive msg from linker, 0x1204(0x0092)->0x0503(0x0065) 0x4900 len:2
01-05 20:33:45.871	          linker	[Debug]	        dji_protocol_v3.c:266  <0x5698>V3-Send: 03:003F:001E:0x0503 -> 00:003F:001E:0x1204 0x4900, tLen 23 dLen 2
01-05 20:33:45.880	          linker	[Debug]	        dji_protocol_v3.c:387  <0xeadb>V3-Recv: 01:003F:001E:0x0400 -> 03:003F:001E:0x0503 0x0405, tLen 70 dLen 49
01-05 20:33:45.880	          linker	[Debug]	        dji_protocol_v3.c:506  1:0x0400 convert to 0004(0x0400)
01-05 20:33:45.880	          linker	[Debug]	        dji_protocol_v3.c:506  3:0x0503 convert to 0065(0x0503)
01-05 20:33:45.880	          linker	[Debug]	        dji_protocol_v3.c:387  <0x569c>V3-Recv: 00:003F:001E:0x1204 -> 03:003F:001E:0x0503 0x22AD, tLen 68 dLen 47
01-05 20:33:45.880	          linker	[Debug]	        dji_protocol_v3.c:506  0:0x1204 convert to 0092(0x1204)
01-05 20:33:45.880	          linker	[Debug]	        dji_protocol_v3.c:506  3:0x0503 convert to 0065(0x0503)
01-05 20:33:45.880	          linker	[Debug]	            dji_command.c:1128  <0xeadb>Receive msg from linker, 0x0400(0x0004)->0x0503(0x0065) 0x0405 len:49
01-05 20:33:45.881	          linker	[Debug]	            dji_command.c:1128  <0x569c>Receive msg from linker, 0x1204(0x0092)->0x0503(0x0065) 0x22AD len:47
01-05 20:33:45.881	          linker	[Debug]	            dji_command.c:980  received unsupport request cmd that need ack, <0x569c> cmdset: 0x22 cmdid: 0xAD
01-05 20:33:45.888	          linker	[Debug]	        dji_protocol_v3.c:266  <0xc5db>V3-Send: 03:003F:001E:0x0503 -> 00:003F:001E:0x0200 0x3C1B, tLen 77 dLen 56
01-05 20:33:45.892	          linker	[Debug]	        dji_protocol_v3.c:387  <0xeb36>V3-Recv: 01:003F:001E:0x0400 -> 03:003F:001E:0x0503 0x0405, tLen 70 dLen 49
01-05 20:33:45.892	          linker	[Debug]	        dji_protocol_v3.c:506  1:0x0400 convert to 0004(0x0400)
01-05 20:33:45.892	          linker	[Debug]	        dji_protocol_v3.c:506  3:0x0503 convert to 0065(0x0503)
01-05 20:33:45.893	          linker	[Debug]	            dji_command.c:1128  <0xeb36>Receive msg from linker, 0x0400(0x0004)->0x0503(0x0065) 0x0405 len:49
01-05 20:33:45.906	            user	[Info]	      camera_controller.h:147  gimbal angle :0.000000,0.000000,0.000000
01-05 20:33:45.912	          linker	[Debug]	        dji_protocol_v3.c:387  <0xeb90>V3-Recv: 01:003F:001E:0x0400 -> 03:003F:001E:0x0503 0x0405, tLen 70 dLen 49
01-05 20:33:45.912	          linker	[Debug]	        dji_protocol_v3.c:506  1:0x0400 convert to 0004(0x0400)
01-05 20:33:45.912	          linker	[Debug]	        dji_protocol_v3.c:506  3:0x0503 convert to 0065(0x0503)
01-05 20:33:45.913	          linker	[Debug]	            dji_command.c:1128  <0xeb90>Receive msg from linker, 0x0400(0x0004)->0x0503(0x0065) 0x0405 len:49
01-05 20:33:45.916	          linker	[Debug]	        dji_protocol_v1.c:189  <0xc5dc>V1-Send: 0x0503->0x1D02 0x00F0
01-05 20:33:45.934	          linker	[Debug]	        dji_protocol_v3.c:387  <0xebec>V3-Recv: 01:003F:001E:0x0400 -> 03:003F:001E:0x0503 0x0405, tLen 70 dLen 49
01-05 20:33:45.935	          linker	[Debug]	        dji_protocol_v3.c:506  1:0x0400 convert to 0004(0x0400)
01-05 20:33:45.935	          linker	[Debug]	        dji_protocol_v3.c:506  3:0x0503 convert to 0065(0x0503)
01-05 20:33:45.935	          linker	[Debug]	            dji_command.c:1128  <0xebec>Receive msg from linker, 0x0400(0x0004)->0x0503(0x0065) 0x0405 len:49
01-05 20:33:45.952	          linker	[Debug]	        dji_protocol_v3.c:387  <0xec48>V3-Recv: 01:003F:001E:0x0400 -> 03:003F:001E:0x0503 0x0405, tLen 70 dLen 49
01-05 20:33:45.952	          linker	[Debug]	        dji_protocol_v3.c:506  1:0x0400 convert to 0004(0x0400)
01-05 20:33:45.952	          linker	[Debug]	        dji_protocol_v3.c:506  3:0x0503 convert to 0065(0x0503)
01-05 20:33:45.953	          linker	[Debug]	            dji_command.c:1128  <0xec48>Receive msg from linker, 0x0400(0x0004)->0x0503(0x0065) 0x0405 len:49
01-05 20:33:45.956	            user	[Info]	      camera_controller.h:147  gimbal angle :0.000000,0.000000,0.000000
01-05 20:33:45.959	          linker	[Debug]	        dji_protocol_v1.c:189  <0xc5dd>V1-Send: 0x0503->0x1D02 0x00F0
01-05 20:33:45.968	          linker	[Debug]	        dji_protocol_v3.c:387  <0x56a8>V3-Recv: 00:003F:001E:0x1204 -> 03:003F:001E:0x0503 0x4900, tLen 23 dLen 2
01-05 20:33:45.968	          linker	[Debug]	        dji_protocol_v3.c:506  0:0x1204 convert to 0092(0x1204)
01-05 20:33:45.968	          linker	[Debug]	        dji_protocol_v3.c:506  3:0x0503 convert to 0065(0x0503)
01-05 20:33:45.969	          linker	[Debug]	            dji_command.c:1128  <0x56a8>Receive msg from linker, 0x1204(0x0092)->0x0503(0x0065) 0x4900 len:2
01-05 20:33:45.969	          linker	[Debug]	        dji_protocol_v3.c:266  <0x56a8>V3-Send: 03:003F:001E:0x0503 -> 00:003F:001E:0x1204 0x4900, tLen 23 dLen 2
01-05 20:33:45.972	         channel	[Debug]	         mop_link_layer.c:169  MOP_LINK:return from recv_data func
01-05 20:33:45.972	         channel	[Debug]	         mop_link_layer.c:167  MOP_LINK:entry recv_data func
01-05 20:33:45.980	          linker	[Debug]	        dji_protocol_v3.c:387  <0xeca2>V3-Recv: 01:003F:001E:0x0400 -> 03:003F:001E:0x0503 0x0405, tLen 70 dLen 49
01-05 20:33:45.980	          linker	[Debug]	        dji_protocol_v3.c:506  1:0x0400 convert to 0004(0x0400)
01-05 20:33:45.980	          linker	[Debug]	        dji_protocol_v3.c:506  3:0x0503 convert to 0065(0x0503)
01-05 20:33:45.980	          linker	[Debug]	        dji_protocol_v3.c:387  <0x56ac>V3-Recv: 00:003F:001E:0x1204 -> 03:003F:001E:0x0503 0x22AD, tLen 68 dLen 47
01-05 20:33:45.980	          linker	[Debug]	        dji_protocol_v3.c:506  0:0x1204 convert to 0092(0x1204)
01-05 20:33:45.980	          linker	[Debug]	        dji_protocol_v3.c:506  3:0x0503 convert to 0065(0x0503)
01-05 20:33:45.981	          linker	[Debug]	            dji_command.c:1128  <0xeca2>Receive msg from linker, 0x0400(0x0004)->0x0503(0x0065) 0x0405 len:49
01-05 20:33:45.982	          linker	[Debug]	            dji_command.c:1128  <0x56ac>Receive msg from linker, 0x1204(0x0092)->0x0503(0x0065) 0x22AD len:47
01-05 20:33:45.982	          linker	[Debug]	            dji_command.c:980  received unsupport request cmd that need ack, <0x56ac> cmdset: 0x22 cmdid: 0xAD
01-05 20:33:45.992	          linker	[Debug]	        dji_protocol_v3.c:387  <0xecfc>V3-Recv: 01:003F:001E:0x0400 -> 03:003F:001E:0x0503 0x0405, tLen 70 dLen 49
01-05 20:33:45.992	          linker	[Debug]	        dji_protocol_v3.c:506  1:0x0400 convert to 0004(0x0400)
01-05 20:33:45.992	          linker	[Debug]	        dji_protocol_v3.c:506  3:0x0503 convert to 0065(0x0503)
01-05 20:33:45.993	          linker	[Debug]	            dji_command.c:1128  <0xecfc>Receive msg from linker, 0x0400(0x0004)->0x0503(0x0065) 0x0405 len:49
01-05 20:33:46.006	            user	[Info]	      camera_controller.h:147  gimbal angle :0.000000,0.000000,0.000000
01-05 20:33:46.012	          linker	[Debug]	        dji_protocol_v3.c:387  <0xed56>V3-Recv: 01:003F:001E:0x0400 -> 03:003F:001E:0x0503 0x0405, tLen 70 dLen 49
01-05 20:33:46.012	          linker	[Debug]	        dji_protocol_v3.c:506  1:0x0400 convert to 0004(0x0400)
01-05 20:33:46.012	          linker	[Debug]	        dji_protocol_v3.c:506  3:0x0503 convert to 0065(0x0503)
01-05 20:33:46.012	          linker	[Debug]	            dji_command.c:1128  <0xed56>Receive msg from linker, 0x0400(0x0004)->0x0503(0x0065) 0x0405 len:49
01-05 20:33:46.014	          linker	[Debug]	        dji_protocol_v1.c:189  <0xc5de>V1-Send: 0x0503->0x1D02 0x00F0
01-05 20:33:46.025	          linker	[Debug]	        dji_protocol_v3.c:387  <0x29a0>V3-Recv: 00:003F:001E:0x0801 -> 03:003F:001E:0x0503 0x0099, tLen 95 dLen 74
01-05 20:33:46.025	          linker	[Debug]	        dji_protocol_v3.c:506  0:0x0801 convert to 0028(0x0801)
01-05 20:33:46.025	          linker	[Debug]	        dji_protocol_v3.c:506  3:0x0503 convert to 0065(0x0503)
01-05 20:33:46.025	          linker	[Debug]	            dji_command.c:1128  <0x29a0>Receive msg from linker, 0x0801(0x0028)->0x0503(0x0065) 0x0099 len:74
01-05 20:33:46.042	          linker	[Debug]	        dji_protocol_v1.c:189  <0xc5df>V1-Send: 0x0503->0x1007 0x198B
01-05 20:33:46.042	          linker	[Debug]	        dji_protocol_v3.c:266  <0xc5e0>V3-Send: 03:003F:001E:0x0503 -> 00:003F:001E:0x0200 0x3C10, tLen 85 dLen 64
01-05 20:33:46.042	          linker	[Debug]	        dji_protocol_v3.c:266  <0xc5e1>V3-Send: 03:003F:001E:0x0503 -> 00:003F:001E:0x0300 0x3C10, tLen 85 dLen 64
01-05 20:33:46.042	          linker	[Debug]	        dji_protocol_v3.c:266  <0xc5e2>V3-Send: 03:003F:001E:0x0503 -> 00:003F:001E:0x1104 0x3C10, tLen 85 dLen 64
01-05 20:33:46.042	          linker	[Debug]	        dji_protocol_v3.c:266  <0xc5e3>V3-Send: 03:003F:001E:0x0503 -> 00:003F:001E:0x0701 0x3C10, tLen 85 dLen 64
01-05 20:33:46.042	          linker	[Debug]	        dji_protocol_v3.c:266  <0xc5e4>V3-Send: 03:003F:001E:0x0503 -> 00:003F:001E:0x1100 0x3C10, tLen 85 dLen 64
01-05 20:33:46.044	          linker	[Debug]	        dji_protocol_v3.c:387  <0xedb2>V3-Recv: 01:003F:001E:0x0400 -> 03:003F:001E:0x0503 0x0405, tLen 70 dLen 49
01-05 20:33:46.044	          linker	[Debug]	        dji_protocol_v3.c:506  1:0x0400 convert to 0004(0x0400)
01-05 20:33:46.044	          linker	[Debug]	        dji_protocol_v3.c:506  3:0x0503 convert to 0065(0x0503)
01-05 20:33:46.045	          linker	[Debug]	            dji_command.c:1128  <0xedb2>Receive msg from linker, 0x0400(0x0004)->0x0503(0x0065) 0x0405 len:49
01-05 20:33:46.056	            user	[Info]	      camera_controller.h:147  gimbal angle :0.000000,0.000000,0.000000
01-05 20:33:46.058	          linker	[Debug]	        dji_protocol_v1.c:189  <0xc5e5>V1-Send: 0x0503->0x1D02 0x00F0
01-05 20:33:46.060	          linker	[Debug]	        dji_protocol_v3.c:387  <0x9107>V3-Recv: 00:003F:001E:0x0300 -> 03:003F:001E:0x0503 0x3C57, tLen 37 dLen 16
01-05 20:33:46.060	          linker	[Debug]	        dji_protocol_v3.c:506  0:0x0300 convert to 0003(0x0300)
01-05 20:33:46.060	          linker	[Debug]	        dji_protocol_v3.c:506  3:0x0503 convert to 0065(0x0503)
01-05 20:33:46.060	          linker	[Debug]	        dji_protocol_v3.c:387  <0xee0e>V3-Recv: 01:003F:001E:0x0400 -> 03:003F:001E:0x0503 0x0405, tLen 70 dLen 49
01-05 20:33:46.060	          linker	[Debug]	        dji_protocol_v3.c:506  1:0x0400 convert to 0004(0x0400)
01-05 20:33:46.060	          linker	[Debug]	        dji_protocol_v3.c:506  3:0x0503 convert to 0065(0x0503)
01-05 20:33:46.060	          linker	[Debug]	        dji_protocol_v3.c:387  <0x56b8>V3-Recv: 00:003F:001E:0x1204 -> 03:003F:001E:0x0503 0x4900, tLen 23 dLen 2
01-05 20:33:46.060	          linker	[Debug]	        dji_protocol_v3.c:506  0:0x1204 convert to 0092(0x1204)
01-05 20:33:46.060	          linker	[Debug]	        dji_protocol_v3.c:506  3:0x0503 convert to 0065(0x0503)
01-05 20:33:46.061	          linker	[Debug]	            dji_command.c:1128  <0x9107>Receive msg from linker, 0x0300(0x0003)->0x0503(0x0065) 0x3C57 len:16
01-05 20:33:46.061	          linker	[Debug]	            dji_command.c:980  received unsupport request cmd that noneed ack, <0x9107> cmdset: 0x3C cmdid: 0x57
01-05 20:33:46.062	          linker	[Debug]	            dji_command.c:1128  <0xee0e>Receive msg from linker, 0x0400(0x0004)->0x0503(0x0065) 0x0405 len:49
01-05 20:33:46.063	          linker	[Debug]	            dji_command.c:1128  <0x56b8>Receive msg from linker, 0x1204(0x0092)->0x0503(0x0065) 0x4900 len:2
01-05 20:33:46.064	          linker	[Debug]	        dji_protocol_v3.c:266  <0x56b8>V3-Send: 03:003F:001E:0x0503 -> 00:003F:001E:0x1204 0x4900, tLen 23 dLen 2
01-05 20:33:46.064	          linker	[Debug]	        dji_protocol_v3.c:266  <0xc5e6>V3-Send: 03:003F:001E:0x0503 -> 00:003F:001E:0x0200 0x3C1F, tLen 59 dLen 38
01-05 20:33:46.072	          linker	[Debug]	        dji_protocol_v3.c:387  <0xee68>V3-Recv: 01:003F:001E:0x0400 -> 03:003F:001E:0x0503 0x0405, tLen 70 dLen 49
01-05 20:33:46.072	          linker	[Debug]	        dji_protocol_v3.c:506  1:0x0400 convert to 0004(0x0400)
01-05 20:33:46.072	          linker	[Debug]	        dji_protocol_v3.c:506  3:0x0503 convert to 0065(0x0503)
01-05 20:33:46.073	          linker	[Debug]	            dji_command.c:1128  <0xee68>Receive msg from linker, 0x0400(0x0004)->0x0503(0x0065) 0x0405 len:49
01-05 20:33:46.088	          linker	[Debug]	        dji_protocol_v3.c:387  <0x56bc>V3-Recv: 00:003F:001E:0x1204 -> 03:003F:001E:0x0503 0x22AD, tLen 68 dLen 47
01-05 20:33:46.088	          linker	[Debug]	        dji_protocol_v3.c:506  0:0x1204 convert to 0092(0x1204)
01-05 20:33:46.088	          linker	[Debug]	        dji_protocol_v3.c:506  3:0x0503 convert to 0065(0x0503)
01-05 20:33:46.089	          linker	[Debug]	            dji_command.c:1128  <0x56bc>Receive msg from linker, 0x1204(0x0092)->0x0503(0x0065) 0x22AD len:47
01-05 20:33:46.089	          linker	[Debug]	            dji_command.c:980  received unsupport request cmd that need ack, <0x56bc> cmdset: 0x22 cmdid: 0xAD
01-05 20:33:46.105	          linker	[Debug]	        dji_protocol_v3.c:387  <0xeec2>V3-Recv: 01:003F:001E:0x0400 -> 03:003F:001E:0x0503 0x0405, tLen 70 dLen 49
01-05 20:33:46.105	          linker	[Debug]	        dji_protocol_v3.c:506  1:0x0400 convert to 0004(0x0400)
01-05 20:33:46.105	          linker	[Debug]	        dji_protocol_v3.c:506  3:0x0503 convert to 0065(0x0503)
01-05 20:33:46.106	          linker	[Debug]	            dji_command.c:1128  <0xeec2>Receive msg from linker, 0x0400(0x0004)->0x0503(0x0065) 0x0405 len:49
01-05 20:33:46.106	          linker	[Debug]	        dji_protocol_v3.c:266  <0xc5e7>V3-Send: 03:003F:001E:0x0503 -> 00:003F:001E:0x0200 0x3C1B, tLen 77 dLen 56
01-05 20:33:46.106	            user	[Info]	      camera_controller.h:147  gimbal angle :0.000000,0.000000,0.000000
01-05 20:33:46.113	          linker	[Debug]	        dji_protocol_v1.c:189  <0xc5e8>V1-Send: 0x0503->0x1D02 0x00F0
01-05 20:33:46.120	          linker	[Debug]	        dji_protocol_v3.c:387  <0xef1c>V3-Recv: 01:003F:001E:0x0400 -> 03:003F:001E:0x0503 0x0405, tLen 70 dLen 49
01-05 20:33:46.120	          linker	[Debug]	        dji_protocol_v3.c:506  1:0x0400 convert to 0004(0x0400)
01-05 20:33:46.120	          linker	[Debug]	        dji_protocol_v3.c:506  3:0x0503 convert to 0065(0x0503)
01-05 20:33:46.120	          linker	[Debug]	        dji_protocol_v3.c:387  <0x29a1>V3-Recv: 00:003F:001E:0x0801 -> 03:003F:001E:0x0503 0x0099, tLen 58 dLen 37
01-05 20:33:46.120	          linker	[Debug]	        dji_protocol_v3.c:506  0:0x0801 convert to 0028(0x0801)
01-05 20:33:46.120	          linker	[Debug]	        dji_protocol_v3.c:506  3:0x0503 convert to 0065(0x0503)
01-05 20:33:46.121	          linker	[Debug]	            dji_command.c:1128  <0xef1c>Receive msg from linker, 0x0400(0x0004)->0x0503(0x0065) 0x0405 len:49
01-05 20:33:46.122	          linker	[Debug]	            dji_command.c:1128  <0x29a1>Receive msg from linker, 0x0801(0x0028)->0x0503(0x0065) 0x0099 len:37
01-05 20:33:46.132	          linker	[Debug]	        dji_protocol_v3.c:387  <0xef7e>V3-Recv: 01:003F:001E:0x0400 -> 03:003F:001E:0x0503 0x0405, tLen 70 dLen 49
01-05 20:33:46.132	          linker	[Debug]	        dji_protocol_v3.c:506  1:0x0400 convert to 0004(0x0400)
01-05 20:33:46.132	          linker	[Debug]	        dji_protocol_v3.c:506  3:0x0503 convert to 0065(0x0503)
01-05 20:33:46.132	          linker	[Debug]	            dji_command.c:1128  <0xef7e>Receive msg from linker, 0x0400(0x0004)->0x0503(0x0065) 0x0405 len:49
01-05 20:33:46.152	          linker	[Debug]	        dji_protocol_v3.c:387  <0xefdb>V3-Recv: 01:003F:001E:0x0400 -> 03:003F:001E:0x0503 0x0405, tLen 70 dLen 49
01-05 20:33:46.152	          linker	[Debug]	        dji_protocol_v3.c:506  1:0x0400 convert to 0004(0x0400)
01-05 20:33:46.152	          linker	[Debug]	        dji_protocol_v3.c:506  3:0x0503 convert to 0065(0x0503)
01-05 20:33:46.153	          linker	[Debug]	            dji_command.c:1128  <0xefdb>Receive msg from linker, 0x0400(0x0004)->0x0503(0x0065) 0x0405 len:49
01-05 20:33:46.156	            user	[Info]	      camera_controller.h:147  gimbal angle :0.000000,0.000000,0.000000
01-05 20:33:46.167	          linker	[Debug]	        dji_protocol_v1.c:189  <0xc5e9>V1-Send: 0x0503->0x1D02 0x00F0
01-05 20:33:46.168	          linker	[Debug]	        dji_protocol_v3.c:387  <0x56c8>V3-Recv: 00:003F:001E:0x1204 -> 03:003F:001E:0x0503 0x4900, tLen 23 dLen 2
01-05 20:33:46.168	          linker	[Debug]	        dji_protocol_v3.c:506  0:0x1204 convert to 0092(0x1204)
01-05 20:33:46.168	          linker	[Debug]	        dji_protocol_v3.c:506  3:0x0503 convert to 0065(0x0503)
01-05 20:33:46.168	          linker	[Debug]	            dji_command.c:1128  <0x56c8>Receive msg from linker, 0x1204(0x0092)->0x0503(0x0065) 0x4900 len:2
01-05 20:33:46.168	          linker	[Debug]	        dji_protocol_v3.c:266  <0x56c8>V3-Send: 03:003F:001E:0x0503 -> 00:003F:001E:0x1204 0x4900, tLen 23 dLen 2
01-05 20:33:46.175	         channel	[Debug]	         mop_link_layer.c:169  MOP_LINK:return from recv_data func
01-05 20:33:46.175	         channel	[Debug]	         mop_link_layer.c:167  MOP_LINK:entry recv_data func
01-05 20:33:46.180	          linker	[Debug]	        dji_protocol_v3.c:387  <0xf035>V3-Recv: 01:003F:001E:0x0400 -> 03:003F:001E:0x0503 0x0405, tLen 70 dLen 49
01-05 20:33:46.180	          linker	[Debug]	        dji_protocol_v3.c:506  1:0x0400 convert to 0004(0x0400)
01-05 20:33:46.180	          linker	[Debug]	        dji_protocol_v3.c:506  3:0x0503 convert to 0065(0x0503)
01-05 20:33:46.180	          linker	[Debug]	        dji_protocol_v3.c:387  <0x56cc>V3-Recv: 00:003F:001E:0x1204 -> 03:003F:001E:0x0503 0x22AD, tLen 68 dLen 47
01-05 20:33:46.180	          linker	[Debug]	        dji_protocol_v3.c:506  0:0x1204 convert to 0092(0x1204)
01-05 20:33:46.180	          linker	[Debug]	        dji_protocol_v3.c:506  3:0x0503 convert to 0065(0x0503)
01-05 20:33:46.180	          linker	[Debug]	            dji_command.c:1128  <0xf035>Receive msg from linker, 0x0400(0x0004)->0x0503(0x0065) 0x0405 len:49
01-05 20:33:46.181	          linker	[Debug]	            dji_command.c:1128  <0x56cc>Receive msg from linker, 0x1204(0x0092)->0x0503(0x0065) 0x22AD len:47
01-05 20:33:46.181	          linker	[Debug]	            dji_command.c:980  received unsupport request cmd that need ack, <0x56cc> cmdset: 0x22 cmdid: 0xAD
01-05 20:33:46.192	          linker	[Debug]	        dji_protocol_v3.c:387  <0xf08f>V3-Recv: 01:003F:001E:0x0400 -> 03:003F:001E:0x0503 0x0405, tLen 70 dLen 49
01-05 20:33:46.192	          linker	[Debug]	        dji_protocol_v3.c:506  1:0x0400 convert to 0004(0x0400)
01-05 20:33:46.192	          linker	[Debug]	        dji_protocol_v3.c:506  3:0x0503 convert to 0065(0x0503)
01-05 20:33:46.193	          linker	[Debug]	            dji_command.c:1128  <0xf08f>Receive msg from linker, 0x0400(0x0004)->0x0503(0x0065) 0x0405 len:49
01-05 20:33:46.206	            user	[Info]	      camera_controller.h:147  gimbal angle :0.000000,0.000000,0.000000
01-05 20:33:46.210	          linker	[Debug]	        dji_protocol_v1.c:189  <0xc5ea>V1-Send: 0x0503->0x1D02 0x00F0
01-05 20:33:46.212	          linker	[Debug]	        dji_protocol_v3.c:387  <0xf0e9>V3-Recv: 01:003F:001E:0x0400 -> 03:003F:001E:0x0503 0x0405, tLen 70 dLen 49
01-05 20:33:46.212	          linker	[Debug]	        dji_protocol_v3.c:506  1:0x0400 convert to 0004(0x0400)
01-05 20:33:46.212	          linker	[Debug]	        dji_protocol_v3.c:506  3:0x0503 convert to 0065(0x0503)
01-05 20:33:46.213	          linker	[Debug]	            dji_command.c:1128  <0xf0e9>Receive msg from linker, 0x0400(0x0004)->0x0503(0x0065) 0x0405 len:49
01-05 20:33:46.235	          linker	[Debug]	        dji_protocol_v3.c:387  <0xf145>V3-Recv: 01:003F:001E:0x0400 -> 03:003F:001E:0x0503 0x0405, tLen 70 dLen 49
01-05 20:33:46.235	          linker	[Debug]	        dji_protocol_v3.c:506  1:0x0400 convert to 0004(0x0400)
01-05 20:33:46.235	          linker	[Debug]	        dji_protocol_v3.c:506  3:0x0503 convert to 0065(0x0503)
01-05 20:33:46.235	          linker	[Debug]	            dji_command.c:1128  <0xf145>Receive msg from linker, 0x0400(0x0004)->0x0503(0x0065) 0x0405 len:49
01-05 20:33:46.251	          linker	[Debug]	        dji_protocol_v3.c:387  <0x9260>V3-Recv: 00:003F:001E:0x0300 -> 03:003F:001E:0x0503 0x3C57, tLen 37 dLen 16
01-05 20:33:46.251	          linker	[Debug]	        dji_protocol_v3.c:506  0:0x0300 convert to 0003(0x0300)
01-05 20:33:46.251	          linker	[Debug]	        dji_protocol_v3.c:506  3:0x0503 convert to 0065(0x0503)
01-05 20:33:46.251	          linker	[Debug]	            dji_command.c:1128  <0x9260>Receive msg from linker, 0x0300(0x0003)->0x0503(0x0065) 0x3C57 len:16
01-05 20:33:46.251	          linker	[Debug]	            dji_command.c:980  received unsupport request cmd that noneed ack, <0x9260> cmdset: 0x3C cmdid: 0x57
01-05 20:33:46.256	            user	[Info]	      camera_controller.h:147  gimbal angle :0.000000,0.000000,0.000000
01-05 20:33:46.260	          linker	[Debug]	        dji_protocol_v1.c:189  <0xc5eb>V1-Send: 0x0503->0x1007 0x198B
01-05 20:33:46.260	          linker	[Debug]	        dji_protocol_v3.c:266  <0xc5ec>V3-Send: 03:003F:001E:0x0503 -> 00:003F:001E:0x0200 0x3C10, tLen 85 dLen 64
01-05 20:33:46.260	          linker	[Debug]	        dji_protocol_v3.c:266  <0xc5ed>V3-Send: 03:003F:001E:0x0503 -> 00:003F:001E:0x0300 0x3C10, tLen 85 dLen 64
01-05 20:33:46.260	          linker	[Debug]	        dji_protocol_v3.c:266  <0xc5ee>V3-Send: 03:003F:001E:0x0503 -> 00:003F:001E:0x1104 0x3C10, tLen 85 dLen 64
01-05 20:33:46.260	          linker	[Debug]	        dji_protocol_v3.c:266  <0xc5ef>V3-Send: 03:003F:001E:0x0503 -> 00:003F:001E:0x0701 0x3C10, tLen 85 dLen 64
01-05 20:33:46.261	          linker	[Debug]	        dji_protocol_v3.c:266  <0xc5f0>V3-Send: 03:003F:001E:0x0503 -> 00:003F:001E:0x1100 0x3C10, tLen 85 dLen 64
01-05 20:33:46.264	          linker	[Debug]	        dji_protocol_v3.c:266  <0xc5f1>V3-Send: 03:003F:001E:0x0503 -> 00:003F:001E:0x0200 0x3C1F, tLen 59 dLen 38
01-05 20:33:46.265	          linker	[Debug]	        dji_protocol_v1.c:189  <0xc5f2>V1-Send: 0x0503->0x1D02 0x00F0
01-05 20:33:46.269	          linker	[Debug]	        dji_protocol_v3.c:387  <0xf1a2>V3-Recv: 01:003F:001E:0x0400 -> 03:003F:001E:0x0503 0x0405, tLen 70 dLen 49
01-05 20:33:46.269	          linker	[Debug]	        dji_protocol_v3.c:506  1:0x0400 convert to 0004(0x0400)
01-05 20:33:46.269	          linker	[Debug]	        dji_protocol_v3.c:506  3:0x0503 convert to 0065(0x0503)
01-05 20:33:46.269	          linker	[Debug]	        dji_protocol_v3.c:387  <0x56d8>V3-Recv: 00:003F:001E:0x1204 -> 03:003F:001E:0x0503 0x4900, tLen 23 dLen 2
01-05 20:33:46.269	          linker	[Debug]	        dji_protocol_v3.c:506  0:0x1204 convert to 0092(0x1204)
01-05 20:33:46.269	          linker	[Debug]	        dji_protocol_v3.c:506  3:0x0503 convert to 0065(0x0503)
01-05 20:33:46.269	          linker	[Debug]	            dji_command.c:1128  <0xf1a2>Receive msg from linker, 0x0400(0x0004)->0x0503(0x0065) 0x0405 len:49
01-05 20:33:46.271	          linker	[Debug]	            dji_command.c:1128  <0x56d8>Receive msg from linker, 0x1204(0x0092)->0x0503(0x0065) 0x4900 len:2
01-05 20:33:46.271	          linker	[Debug]	        dji_protocol_v3.c:266  <0x56d8>V3-Send: 03:003F:001E:0x0503 -> 00:003F:001E:0x1204 0x4900, tLen 23 dLen 2
01-05 20:33:46.280	          linker	[Debug]	        dji_protocol_v3.c:387  <0xf1fc>V3-Recv: 01:003F:001E:0x0400 -> 03:003F:001E:0x0503 0x0405, tLen 70 dLen 49
01-05 20:33:46.280	          linker	[Debug]	        dji_protocol_v3.c:506  1:0x0400 convert to 0004(0x0400)
01-05 20:33:46.280	          linker	[Debug]	        dji_protocol_v3.c:506  3:0x0503 convert to 0065(0x0503)
01-05 20:33:46.280	          linker	[Debug]	        dji_protocol_v3.c:387  <0x56dc>V3-Recv: 00:003F:001E:0x1204 -> 03:003F:001E:0x0503 0x22AD, tLen 68 dLen 47
01-05 20:33:46.280	          linker	[Debug]	        dji_protocol_v3.c:506  0:0x1204 convert to 0092(0x1204)
01-05 20:33:46.280	          linker	[Debug]	        dji_protocol_v3.c:506  3:0x0503 convert to 0065(0x0503)
01-05 20:33:46.280	          linker	[Debug]	            dji_command.c:1128  <0xf1fc>Receive msg from linker, 0x0400(0x0004)->0x0503(0x0065) 0x0405 len:49
01-05 20:33:46.281	          linker	[Debug]	            dji_command.c:1128  <0x56dc>Receive msg from linker, 0x1204(0x0092)->0x0503(0x0065) 0x22AD len:47
01-05 20:33:46.281	          linker	[Debug]	            dji_command.c:980  received unsupport request cmd that need ack, <0x56dc> cmdset: 0x22 cmdid: 0xAD
01-05 20:33:46.292	          linker	[Debug]	        dji_protocol_v3.c:387  <0xf256>V3-Recv: 01:003F:001E:0x0400 -> 03:003F:001E:0x0503 0x0405, tLen 70 dLen 49
01-05 20:33:46.292	          linker	[Debug]	        dji_protocol_v3.c:506  1:0x0400 convert to 0004(0x0400)
01-05 20:33:46.292	          linker	[Debug]	        dji_protocol_v3.c:506  3:0x0503 convert to 0065(0x0503)
01-05 20:33:46.292	          linker	[Debug]	            dji_command.c:1128  <0xf256>Receive msg from linker, 0x0400(0x0004)->0x0503(0x0065) 0x0405 len:49
01-05 20:33:46.302	          linker	[Debug]	        dji_protocol_v1.c:309  <0x2035>V1-Recv: 0x0A06->0x0503 0x0866
01-05 20:33:46.302	          linker	[Debug]	            dji_command.c:1128  <0x2035>Receive msg from linker, 0x0A06(0x00CA)->0x0503(0x0065) 0x0866 len:96
01-05 20:33:46.302	          linker	[Debug]	            dji_command.c:980  received unsupport request cmd that noneed ack, <0x2035> cmdset: 0x08 cmdid: 0x66
01-05 20:33:46.306	            user	[Info]	      camera_controller.h:147  gimbal angle :0.000000,0.000000,0.000000
01-05 20:33:46.309	          linker	[Debug]	        dji_protocol_v1.c:189  <0xc5f3>V1-Send: 0x0503->0x1D02 0x00F0
01-05 20:33:46.312	          linker	[Debug]	        dji_protocol_v3.c:387  <0xf2b0>V3-Recv: 01:003F:001E:0x0400 -> 03:003F:001E:0x0503 0x0405, tLen 70 dLen 49
01-05 20:33:46.312	          linker	[Debug]	        dji_protocol_v3.c:506  1:0x0400 convert to 0004(0x0400)
01-05 20:33:46.312	          linker	[Debug]	        dji_protocol_v3.c:506  3:0x0503 convert to 0065(0x0503)
01-05 20:33:46.313	          linker	[Debug]	            dji_command.c:1128  <0xf2b0>Receive msg from linker, 0x0400(0x0004)->0x0503(0x0065) 0x0405 len:49
01-05 20:33:46.324	          linker	[Debug]	        dji_protocol_v3.c:266  <0xc5f4>V3-Send: 03:003F:001E:0x0503 -> 00:003F:001E:0x0200 0x3C1B, tLen 77 dLen 56
01-05 20:33:46.334	          linker	[Debug]	        dji_protocol_v3.c:387  <0xf30c>V3-Recv: 01:003F:001E:0x0400 -> 03:003F:001E:0x0503 0x0405, tLen 70 dLen 49
01-05 20:33:46.335	          linker	[Debug]	        dji_protocol_v3.c:506  1:0x0400 convert to 0004(0x0400)
01-05 20:33:46.335	          linker	[Debug]	        dji_protocol_v3.c:506  3:0x0503 convert to 0065(0x0503)
01-05 20:33:46.335	          linker	[Debug]	            dji_command.c:1128  <0xf30c>Receive msg from linker, 0x0400(0x0004)->0x0503(0x0065) 0x0405 len:49
01-05 20:33:46.341	          linker	[Debug]	        dji_protocol_v3.c:266  <0xc5f5>V3-Send: 03:003F:001E:0x0503 -> 00:003F:001E:0x0801 0x0000, tLen 21 dLen 0
01-05 20:33:46.342	           infor	[Debug]	dji_aircraft_connection.c:170  check connect status:1
01-05 20:33:46.349	          linker	[Debug]	        dji_protocol_v3.c:387  <0xc5f5>V3-Recv: 00:003F:001E:0x0801 -> 03:003F:001E:0x0503 0x0000, tLen 22 dLen 1
01-05 20:33:46.349	          linker	[Debug]	        dji_protocol_v3.c:506  0:0x0801 convert to 0028(0x0801)
01-05 20:33:46.349	          linker	[Debug]	        dji_protocol_v3.c:506  3:0x0503 convert to 0065(0x0503)
01-05 20:33:46.350	          linker	[Debug]	            dji_command.c:1128  <0xc5f5>Receive msg from linker, 0x0801(0x0028)->0x0503(0x0065) 0x0000 len:1
01-05 20:33:46.350	           infor	[Debug]	dji_aircraft_connection.c:303  connect status async sucess
01-05 20:33:46.350	          linker	[Debug]	            dji_command.c:890  callback function (cmdset: 0x00 cmdid: 0x00) deal time: 0 ms
01-05 20:33:46.356	            user	[Info]	      camera_controller.h:147  gimbal angle :0.000000,0.000000,0.000000
01-05 20:33:46.360	          linker	[Debug]	        dji_protocol_v3.c:387  <0xf368>V3-Recv: 01:003F:001E:0x0400 -> 03:003F:001E:0x0503 0x0405, tLen 70 dLen 49
01-05 20:33:46.360	          linker	[Debug]	        dji_protocol_v3.c:506  1:0x0400 convert to 0004(0x0400)
01-05 20:33:46.360	          linker	[Debug]	        dji_protocol_v3.c:506  3:0x0503 convert to 0065(0x0503)
01-05 20:33:46.360	          linker	[Debug]	        dji_protocol_v3.c:387  <0x56e8>V3-Recv: 00:003F:001E:0x1204 -> 03:003F:001E:0x0503 0x4900, tLen 23 dLen 2
01-05 20:33:46.360	          linker	[Debug]	        dji_protocol_v3.c:506  0:0x1204 convert to 0092(0x1204)
01-05 20:33:46.360	          linker	[Debug]	        dji_protocol_v3.c:506  3:0x0503 convert to 0065(0x0503)
01-05 20:33:46.360	          linker	[Debug]	            dji_command.c:1128  <0xf368>Receive msg from linker, 0x0400(0x0004)->0x0503(0x0065) 0x0405 len:49
01-05 20:33:46.361	          linker	[Debug]	            dji_command.c:1128  <0x56e8>Receive msg from linker, 0x1204(0x0092)->0x0503(0x0065) 0x4900 len:2
01-05 20:33:46.361	          linker	[Debug]	        dji_protocol_v3.c:266  <0x56e8>V3-Send: 03:003F:001E:0x0503 -> 00:003F:001E:0x1204 0x4900, tLen 23 dLen 2
01-05 20:33:46.364	          linker	[Debug]	        dji_protocol_v1.c:189  <0xc5f6>V1-Send: 0x0503->0x1D02 0x00F0
01-05 20:33:46.372	          linker	[Debug]	        dji_protocol_v3.c:387  <0xf3c2>V3-Recv: 01:003F:001E:0x0400 -> 03:003F:001E:0x0503 0x0405, tLen 70 dLen 49
01-05 20:33:46.372	          linker	[Debug]	        dji_protocol_v3.c:506  1:0x0400 convert to 0004(0x0400)
01-05 20:33:46.372	          linker	[Debug]	        dji_protocol_v3.c:506  3:0x0503 convert to 0065(0x0503)
01-05 20:33:46.373	          linker	[Debug]	            dji_command.c:1128  <0xf3c2>Receive msg from linker, 0x0400(0x0004)->0x0503(0x0065) 0x0405 len:49
01-05 20:33:46.379	         channel	[Debug]	         mop_link_layer.c:169  MOP_LINK:return from recv_data func
01-05 20:33:46.379	         channel	[Debug]	         mop_link_layer.c:167  MOP_LINK:entry recv_data func
01-05 20:33:46.388	          linker	[Debug]	        dji_protocol_v3.c:387  <0x56ed>V3-Recv: 00:003F:001E:0x1204 -> 03:003F:001E:0x0503 0x22AD, tLen 68 dLen 47
01-05 20:33:46.388	          linker	[Debug]	        dji_protocol_v3.c:506  0:0x1204 convert to 0092(0x1204)
01-05 20:33:46.388	          linker	[Debug]	        dji_protocol_v3.c:506  3:0x0503 convert to 0065(0x0503)
01-05 20:33:46.389	          linker	[Debug]	            dji_command.c:1128  <0x56ed>Receive msg from linker, 0x1204(0x0092)->0x0503(0x0065) 0x22AD len:47
01-05 20:33:46.389	          linker	[Debug]	            dji_command.c:980  received unsupport request cmd that need ack, <0x56ed> cmdset: 0x22 cmdid: 0xAD
01-05 20:33:46.405	          linker	[Debug]	        dji_protocol_v3.c:387  <0xf41d>V3-Recv: 01:003F:001E:0x0400 -> 03:003F:001E:0x0503 0x0405, tLen 70 dLen 49
01-05 20:33:46.405	          linker	[Debug]	        dji_protocol_v3.c:506  1:0x0400 convert to 0004(0x0400)
01-05 20:33:46.405	          linker	[Debug]	        dji_protocol_v3.c:506  3:0x0503 convert to 0065(0x0503)
01-05 20:33:46.406	          linker	[Debug]	            dji_command.c:1128  <0xf41d>Receive msg from linker, 0x0400(0x0004)->0x0503(0x0065) 0x0405 len:49
01-05 20:33:46.406	            user	[Info]	      camera_controller.h:147  gimbal angle :0.000000,0.000000,0.000000
01-05 20:33:46.407	          linker	[Debug]	        dji_protocol_v1.c:189  <0xc5f7>V1-Send: 0x0503->0x1D02 0x00F0
01-05 20:33:46.420	          linker	[Debug]	        dji_protocol_v3.c:387  <0x29a2>V3-Recv: 00:003F:001E:0x0801 -> 03:003F:001E:0x0503 0x0099, tLen 65 dLen 44
01-05 20:33:46.420	          linker	[Debug]	        dji_protocol_v3.c:506  0:0x0801 convert to 0028(0x0801)
01-05 20:33:46.420	          linker	[Debug]	        dji_protocol_v3.c:506  3:0x0503 convert to 0065(0x0503)
01-05 20:33:46.420	          linker	[Debug]	        dji_protocol_v3.c:387  <0xf477>V3-Recv: 01:003F:001E:0x0400 -> 03:003F:001E:0x0503 0x0405, tLen 70 dLen 49
01-05 20:33:46.420	          linker	[Debug]	        dji_protocol_v3.c:506  1:0x0400 convert to 0004(0x0400)
01-05 20:33:46.420	          linker	[Debug]	        dji_protocol_v3.c:506  3:0x0503 convert to 0065(0x0503)
01-05 20:33:46.420	          linker	[Debug]	        dji_protocol_v3.c:387  <0x29a3>V3-Recv: 00:003F:001E:0x0801 -> 03:003F:001E:0x0503 0x0099, tLen 98 dLen 77
01-05 20:33:46.420	          linker	[Debug]	        dji_protocol_v3.c:506  0:0x0801 convert to 0028(0x0801)
01-05 20:33:46.420	          linker	[Debug]	        dji_protocol_v3.c:506  3:0x0503 convert to 0065(0x0503)
01-05 20:33:46.421	          linker	[Debug]	            dji_command.c:1128  <0x29a2>Receive msg from linker, 0x0801(0x0028)->0x0503(0x0065) 0x0099 len:44
01-05 20:33:46.422	          linker	[Debug]	            dji_command.c:1128  <0xf477>Receive msg from linker, 0x0400(0x0004)->0x0503(0x0065) 0x0405 len:49
01-05 20:33:46.423	          linker	[Debug]	            dji_command.c:1128  <0x29a3>Receive msg from linker, 0x0801(0x0028)->0x0503(0x0065) 0x0099 len:77
01-05 20:33:46.434	          linker	[Debug]	        dji_protocol_v3.c:387  <0xf4d3>V3-Recv: 01:003F:001E:0x0400 -> 03:003F:001E:0x0503 0x0405, tLen 70 dLen 49
01-05 20:33:46.435	          linker	[Debug]	        dji_protocol_v3.c:506  1:0x0400 convert to 0004(0x0400)
01-05 20:33:46.435	          linker	[Debug]	        dji_protocol_v3.c:506  3:0x0503 convert to 0065(0x0503)
01-05 20:33:46.435	          linker	[Debug]	            dji_command.c:1128  <0xf4d3>Receive msg from linker, 0x0400(0x0004)->0x0503(0x0065) 0x0405 len:49
01-05 20:33:46.451	          linker	[Debug]	        dji_protocol_v3.c:387  <0x93bc>V3-Recv: 00:003F:001E:0x0300 -> 03:003F:001E:0x0503 0x3C57, tLen 37 dLen 16
01-05 20:33:46.451	          linker	[Debug]	        dji_protocol_v3.c:506  0:0x0300 convert to 0003(0x0300)
01-05 20:33:46.451	          linker	[Debug]	        dji_protocol_v3.c:506  3:0x0503 convert to 0065(0x0503)
01-05 20:33:46.451	          linker	[Debug]	            dji_command.c:1128  <0x93bc>Receive msg from linker, 0x0300(0x0003)->0x0503(0x0065) 0x3C57 len:16
01-05 20:33:46.451	          linker	[Debug]	            dji_command.c:980  received unsupport request cmd that noneed ack, <0x93bc> cmdset: 0x3C cmdid: 0x57
01-05 20:33:46.456	            user	[Info]	      camera_controller.h:147  gimbal angle :0.000000,0.000000,0.000000
01-05 20:33:46.461	          linker	[Debug]	        dji_protocol_v1.c:189  <0xc5f8>V1-Send: 0x0503->0x1D02 0x00F0
01-05 20:33:46.462	         channel	[Debug]	        mop_trans_layer.c:1568 MOP_TRANS:trans layer timer: 1s!
01-05 20:33:46.464	          linker	[Debug]	        dji_protocol_v3.c:266  <0xc5f9>V3-Send: 03:003F:001E:0x0503 -> 00:003F:001E:0x0200 0x3C1F, tLen 59 dLen 38
01-05 20:33:46.469	          linker	[Debug]	        dji_protocol_v3.c:387  <0xf52f>V3-Recv: 01:003F:001E:0x0400 -> 03:003F:001E:0x0503 0x0405, tLen 70 dLen 49
01-05 20:33:46.469	          linker	[Debug]	        dji_protocol_v3.c:506  1:0x0400 convert to 0004(0x0400)
01-05 20:33:46.469	          linker	[Debug]	        dji_protocol_v3.c:506  3:0x0503 convert to 0065(0x0503)
01-05 20:33:46.469	          linker	[Debug]	        dji_protocol_v3.c:387  <0x56f5>V3-Recv: 00:003F:001E:0x1204 -> 03:003F:001E:0x0503 0x4900, tLen 23 dLen 2
01-05 20:33:46.469	          linker	[Debug]	        dji_protocol_v3.c:506  0:0x1204 convert to 0092(0x1204)
01-05 20:33:46.469	          linker	[Debug]	        dji_protocol_v3.c:506  3:0x0503 convert to 0065(0x0503)
01-05 20:33:46.470	          linker	[Debug]	            dji_command.c:1128  <0xf52f>Receive msg from linker, 0x0400(0x0004)->0x0503(0x0065) 0x0405 len:49
01-05 20:33:46.471	          linker	[Debug]	            dji_command.c:1128  <0x56f5>Receive msg from linker, 0x1204(0x0092)->0x0503(0x0065) 0x4900 len:2
01-05 20:33:46.471	          linker	[Debug]	        dji_protocol_v3.c:266  <0x56f5>V3-Send: 03:003F:001E:0x0503 -> 00:003F:001E:0x1204 0x4900, tLen 23 dLen 2
01-05 20:33:46.478	          linker	[Debug]	        dji_protocol_v1.c:189  <0xc5fa>V1-Send: 0x0503->0x1007 0x198B
01-05 20:33:46.479	          linker	[Debug]	        dji_protocol_v3.c:266  <0xc5fb>V3-Send: 03:003F:001E:0x0503 -> 00:003F:001E:0x0200 0x3C10, tLen 85 dLen 64
01-05 20:33:46.479	          linker	[Debug]	        dji_protocol_v3.c:266  <0xc5fc>V3-Send: 03:003F:001E:0x0503 -> 00:003F:001E:0x0300 0x3C10, tLen 85 dLen 64
01-05 20:33:46.479	          linker	[Debug]	        dji_protocol_v3.c:266  <0xc5fd>V3-Send: 03:003F:001E:0x0503 -> 00:003F:001E:0x1104 0x3C10, tLen 85 dLen 64
01-05 20:33:46.479	          linker	[Debug]	        dji_protocol_v3.c:266  <0xc5fe>V3-Send: 03:003F:001E:0x0503 -> 00:003F:001E:0x0701 0x3C10, tLen 85 dLen 64
01-05 20:33:46.479	          linker	[Debug]	        dji_protocol_v3.c:266  <0xc5ff>V3-Send: 03:003F:001E:0x0503 -> 00:003F:001E:0x1100 0x3C10, tLen 85 dLen 64
01-05 20:33:46.480	          linker	[Debug]	        dji_protocol_v3.c:387  <0xf589>V3-Recv: 01:003F:001E:0x0400 -> 03:003F:001E:0x0503 0x0405, tLen 70 dLen 49
01-05 20:33:46.480	          linker	[Debug]	        dji_protocol_v3.c:506  1:0x0400 convert to 0004(0x0400)
01-05 20:33:46.480	          linker	[Debug]	        dji_protocol_v3.c:506  3:0x0503 convert to 0065(0x0503)
01-05 20:33:46.480	          linker	[Debug]	        dji_protocol_v3.c:387  <0x56f7>V3-Recv: 00:003F:001E:0x1204 -> 03:003F:001E:0x0503 0x22AD, tLen 68 dLen 47
01-05 20:33:46.480	          linker	[Debug]	        dji_protocol_v3.c:506  0:0x1204 convert to 0092(0x1204)
01-05 20:33:46.480	          linker	[Debug]	        dji_protocol_v3.c:506  3:0x0503 convert to 0065(0x0503)
01-05 20:33:46.481	          linker	[Debug]	            dji_command.c:1128  <0xf589>Receive msg from linker, 0x0400(0x0004)->0x0503(0x0065) 0x0405 len:49
01-05 20:33:46.482	          linker	[Debug]	            dji_command.c:1128  <0x56f7>Receive msg from linker, 0x1204(0x0092)->0x0503(0x0065) 0x22AD len:47
01-05 20:33:46.482	          linker	[Debug]	            dji_command.c:980  received unsupport request cmd that need ack, <0x56f7> cmdset: 0x22 cmdid: 0xAD
01-05 20:33:46.492	          linker	[Debug]	        dji_protocol_v3.c:387  <0xf5e3>V3-Recv: 01:003F:001E:0x0400 -> 03:003F:001E:0x0503 0x0405, tLen 70 dLen 49
01-05 20:33:46.492	          linker	[Debug]	        dji_protocol_v3.c:506  1:0x0400 convert to 0004(0x0400)
01-05 20:33:46.492	          linker	[Debug]	        dji_protocol_v3.c:506  3:0x0503 convert to 0065(0x0503)
01-05 20:33:46.492	          linker	[Debug]	            dji_command.c:1128  <0xf5e3>Receive msg from linker, 0x0400(0x0004)->0x0503(0x0065) 0x0405 len:49
01-05 20:33:46.506	            user	[Info]	      camera_controller.h:147  gimbal angle :0.000000,0.000000,0.000000
01-05 20:33:46.516	          linker	[Debug]	        dji_protocol_v1.c:189  <0xc600>V1-Send: 0x0503->0x1D02 0x00F0
01-05 20:33:46.517	          linker	[Debug]	        dji_protocol_v3.c:387  <0xf63d>V3-Recv: 01:003F:001E:0x0400 -> 03:003F:001E:0x0503 0x0405, tLen 70 dLen 49
01-05 20:33:46.517	          linker	[Debug]	        dji_protocol_v3.c:506  1:0x0400 convert to 0004(0x0400)
01-05 20:33:46.518	          linker	[Debug]	        dji_protocol_v3.c:506  3:0x0503 convert to 0065(0x0503)
01-05 20:33:46.518	          linker	[Debug]	            dji_command.c:1128  <0xf63d>Receive msg from linker, 0x0400(0x0004)->0x0503(0x0065) 0x0405 len:49
01-05 20:33:46.532	          linker	[Debug]	        dji_protocol_v3.c:387  <0xf699>V3-Recv: 01:003F:001E:0x0400 -> 03:003F:001E:0x0503 0x0405, tLen 70 dLen 49
01-05 20:33:46.532	          linker	[Debug]	        dji_protocol_v3.c:506  1:0x0400 convert to 0004(0x0400)
01-05 20:33:46.532	          linker	[Debug]	        dji_protocol_v3.c:506  3:0x0503 convert to 0065(0x0503)
01-05 20:33:46.532	          linker	[Debug]	            dji_command.c:1128  <0xf699>Receive msg from linker, 0x0400(0x0004)->0x0503(0x0065) 0x0405 len:49
01-05 20:33:46.542	          linker	[Debug]	        dji_protocol_v3.c:266  <0xc601>V3-Send: 03:003F:001E:0x0503 -> 00:003F:001E:0x0200 0x3C1B, tLen 77 dLen 56
01-05 20:33:46.552	          linker	[Debug]	        dji_protocol_v3.c:387  <0xf6f5>V3-Recv: 01:003F:001E:0x0400 -> 03:003F:001E:0x0503 0x0405, tLen 70 dLen 49
01-05 20:33:46.552	          linker	[Debug]	        dji_protocol_v3.c:506  1:0x0400 convert to 0004(0x0400)
01-05 20:33:46.552	          linker	[Debug]	        dji_protocol_v3.c:506  3:0x0503 convert to 0065(0x0503)
01-05 20:33:46.553	          linker	[Debug]	            dji_command.c:1128  <0xf6f5>Receive msg from linker, 0x0400(0x0004)->0x0503(0x0065) 0x0405 len:49
01-05 20:33:46.556	            user	[Info]	      camera_controller.h:147  gimbal angle :0.000000,0.000000,0.000000
01-05 20:33:46.558	         channel	[Debug]	          mop_net_layer.c:789  MOP_NET:[FLOW_CTRL] limit:3145728 time:31 rx_cnt:96 rx_rate:30 cur_limit:3932130 busy:0 reliable:0
01-05 20:33:46.559	         channel	[Debug]	          mop_net_layer.c:1127 MOP_NET:send heart beat req success
01-05 20:33:46.559	         channel	[Debug]	         mop_link_layer.c:78   MOP_LINK:crc length 24
01-05 20:33:46.559	         channel	[Debug]	         mop_link_layer.c:387  MOP_LINK:0xffff70015c90 snd_tsk psize 24 ret 24, pkt_info: ttype 0x0080 dlen 0 seq 0,(2 2 0)->(0 1 0) 0x1002
01-05 20:33:46.560	          linker	[Debug]	        dji_protocol_v1.c:189  <0xc602>V1-Send: 0x0503->0x1D02 0x00F0
01-05 20:33:46.566	         channel	[Debug]	         mop_link_layer.c:169  MOP_LINK:return from recv_data func
01-05 20:33:46.566	         channel	[Debug]	         mop_link_layer.c:173  MOP_LINK:recv version 1002
01-05 20:33:46.566	         channel	[Debug]	         mop_link_layer.c:78   MOP_LINK:crc length 24
01-05 20:33:46.566	         channel	[Debug]	         mop_link_layer.c:492  MOP_LINK:0xffff70015c90 rcv_tsk psize 24 ret 24, pkt_info: ttype 0x0081 dlen 0 seq 0,(0 1 0)->(2 2 0) 0x1002
01-05 20:33:46.566	         channel	[Debug]	         mop_link_layer.c:167  MOP_LINK:entry recv_data func
01-05 20:33:46.567	         channel	[Debug]	          mop_net_layer.c:466  MOP_NET:get heart beat ack
01-05 20:33:46.568	          linker	[Debug]	        dji_protocol_v3.c:387  <0x5709>V3-Recv: 00:003F:001E:0x1204 -> 03:003F:001E:0x0503 0x4900, tLen 23 dLen 2
01-05 20:33:46.568	          linker	[Debug]	        dji_protocol_v3.c:506  0:0x1204 convert to 0092(0x1204)
01-05 20:33:46.568	          linker	[Debug]	        dji_protocol_v3.c:506  3:0x0503 convert to 0065(0x0503)
01-05 20:33:46.568	          linker	[Debug]	            dji_command.c:1128  <0x5709>Receive msg from linker, 0x1204(0x0092)->0x0503(0x0065) 0x4900 len:2
01-05 20:33:46.568	          linker	[Debug]	        dji_protocol_v3.c:266  <0x5709>V3-Send: 03:003F:001E:0x0503 -> 00:003F:001E:0x1204 0x4900, tLen 23 dLen 2
01-05 20:33:46.580	          linker	[Debug]	        dji_protocol_v3.c:387  <0xf74f>V3-Recv: 01:003F:001E:0x0400 -> 03:003F:001E:0x0503 0x0405, tLen 70 dLen 49
01-05 20:33:46.580	          linker	[Debug]	        dji_protocol_v3.c:506  1:0x0400 convert to 0004(0x0400)
01-05 20:33:46.580	          linker	[Debug]	        dji_protocol_v3.c:506  3:0x0503 convert to 0065(0x0503)
01-05 20:33:46.580	          linker	[Debug]	        dji_protocol_v3.c:387  <0x570d>V3-Recv: 00:003F:001E:0x1204 -> 03:003F:001E:0x0503 0x22AD, tLen 68 dLen 47
01-05 20:33:46.580	          linker	[Debug]	        dji_protocol_v3.c:506  0:0x1204 convert to 0092(0x1204)
01-05 20:33:46.580	          linker	[Debug]	        dji_protocol_v3.c:506  3:0x0503 convert to 0065(0x0503)
01-05 20:33:46.580	          linker	[Debug]	            dji_command.c:1128  <0xf74f>Receive msg from linker, 0x0400(0x0004)->0x0503(0x0065) 0x0405 len:49
01-05 20:33:46.581	          linker	[Debug]	            dji_command.c:1128  <0x570d>Receive msg from linker, 0x1204(0x0092)->0x0503(0x0065) 0x22AD len:47
01-05 20:33:46.581	          linker	[Debug]	            dji_command.c:980  received unsupport request cmd that need ack, <0x570d> cmdset: 0x22 cmdid: 0xAD
01-05 20:33:46.592	          linker	[Debug]	        dji_protocol_v3.c:387  <0xf7a9>V3-Recv: 01:003F:001E:0x0400 -> 03:003F:001E:0x0503 0x0405, tLen 70 dLen 49
01-05 20:33:46.592	          linker	[Debug]	        dji_protocol_v3.c:506  1:0x0400 convert to 0004(0x0400)
01-05 20:33:46.592	          linker	[Debug]	        dji_protocol_v3.c:506  3:0x0503 convert to 0065(0x0503)
01-05 20:33:46.593	          linker	[Debug]	            dji_command.c:1128  <0xf7a9>Receive msg from linker, 0x0400(0x0004)->0x0503(0x0065) 0x0405 len:49
01-05 20:33:46.606	            user	[Info]	      camera_controller.h:147  gimbal angle :0.000000,0.000000,0.000000
01-05 20:33:46.609	          linker	[Debug]	        dji_protocol_v3.c:387  <0x29a4>V3-Recv: 00:003F:001E:0x0801 -> 03:003F:001E:0x0503 0x0099, tLen 70 dLen 49
01-05 20:33:46.609	          linker	[Debug]	        dji_protocol_v3.c:506  0:0x0801 convert to 0028(0x0801)
01-05 20:33:46.609	          linker	[Debug]	        dji_protocol_v3.c:506  3:0x0503 convert to 0065(0x0503)
01-05 20:33:46.609	          linker	[Debug]	            dji_command.c:1128  <0x29a4>Receive msg from linker, 0x0801(0x0028)->0x0503(0x0065) 0x0099 len:49
01-05 20:33:46.614	          linker	[Debug]	        dji_protocol_v1.c:189  <0xc603>V1-Send: 0x0503->0x1D02 0x00F0
01-05 20:33:46.621	          linker	[Debug]	        dji_protocol_v3.c:387  <0x29a5>V3-Recv: 00:003F:001E:0x0801 -> 03:003F:001E:0x0503 0x0099, tLen 56 dLen 35
01-05 20:33:46.621	          linker	[Debug]	        dji_protocol_v3.c:506  0:0x0801 convert to 0028(0x0801)
01-05 20:33:46.621	          linker	[Debug]	        dji_protocol_v3.c:506  3:0x0503 convert to 0065(0x0503)
01-05 20:33:46.621	          linker	[Debug]	        dji_protocol_v3.c:387  <0xf803>V3-Recv: 01:003F:001E:0x0400 -> 03:003F:001E:0x0503 0x0405, tLen 70 dLen 49
01-05 20:33:46.621	          linker	[Debug]	        dji_protocol_v3.c:506  1:0x0400 convert to 0004(0x0400)
01-05 20:33:46.621	          linker	[Debug]	        dji_protocol_v3.c:506  3:0x0503 convert to 0065(0x0503)
01-05 20:33:46.621	          linker	[Debug]	            dji_command.c:1128  <0x29a5>Receive msg from linker, 0x0801(0x0028)->0x0503(0x0065) 0x0099 len:35
01-05 20:33:46.622	          linker	[Debug]	            dji_command.c:1128  <0xf803>Receive msg from linker, 0x0400(0x0004)->0x0503(0x0065) 0x0405 len:49
01-05 20:33:46.632	          linker	[Debug]	        dji_protocol_v3.c:387  <0xf861>V3-Recv: 01:003F:001E:0x0400 -> 03:003F:001E:0x0503 0x0405, tLen 70 dLen 49
01-05 20:33:46.632	          linker	[Debug]	        dji_protocol_v3.c:506  1:0x0400 convert to 0004(0x0400)
01-05 20:33:46.632	          linker	[Debug]	        dji_protocol_v3.c:506  3:0x0503 convert to 0065(0x0503)
01-05 20:33:46.632	          linker	[Debug]	            dji_command.c:1128  <0xf861>Receive msg from linker, 0x0400(0x0004)->0x0503(0x0065) 0x0405 len:49
01-05 20:33:46.651	          linker	[Debug]	        dji_protocol_v3.c:387  <0x9533>V3-Recv: 00:003F:001E:0x0300 -> 03:003F:001E:0x0503 0x3C57, tLen 37 dLen 16
01-05 20:33:46.651	          linker	[Debug]	        dji_protocol_v3.c:506  0:0x0300 convert to 0003(0x0300)
01-05 20:33:46.651	          linker	[Debug]	        dji_protocol_v3.c:506  3:0x0503 convert to 0065(0x0503)
01-05 20:33:46.652	          linker	[Debug]	            dji_command.c:1128  <0x9533>Receive msg from linker, 0x0300(0x0003)->0x0503(0x0065) 0x3C57 len:16
01-05 20:33:46.652	          linker	[Debug]	            dji_command.c:980  received unsupport request cmd that noneed ack, <0x9533> cmdset: 0x3C cmdid: 0x57
01-05 20:33:46.656	            user	[Info]	      camera_controller.h:147  gimbal angle :0.000000,0.000000,0.000000
01-05 20:33:46.657	          linker	[Debug]	        dji_protocol_v1.c:189  <0xc604>V1-Send: 0x0503->0x1D02 0x00F0
01-05 20:33:46.665	          linker	[Debug]	        dji_protocol_v3.c:266  <0xc605>V3-Send: 03:003F:001E:0x0503 -> 00:003F:001E:0x0200 0x3C1F, tLen 59 dLen 38
01-05 20:33:46.669	          linker	[Debug]	        dji_protocol_v3.c:387  <0xf8be>V3-Recv: 01:003F:001E:0x0400 -> 03:003F:001E:0x0503 0x0405, tLen 70 dLen 49
01-05 20:33:46.669	          linker	[Debug]	        dji_protocol_v3.c:506  1:0x0400 convert to 0004(0x0400)
01-05 20:33:46.669	          linker	[Debug]	        dji_protocol_v3.c:506  3:0x0503 convert to 0065(0x0503)
01-05 20:33:46.669	          linker	[Debug]	        dji_protocol_v3.c:387  <0x5719>V3-Recv: 00:003F:001E:0x1204 -> 03:003F:001E:0x0503 0x4900, tLen 23 dLen 2
01-05 20:33:46.669	          linker	[Debug]	        dji_protocol_v3.c:506  0:0x1204 convert to 0092(0x1204)
01-05 20:33:46.669	          linker	[Debug]	        dji_protocol_v3.c:506  3:0x0503 convert to 0065(0x0503)
01-05 20:33:46.669	          linker	[Debug]	            dji_command.c:1128  <0xf8be>Receive msg from linker, 0x0400(0x0004)->0x0503(0x0065) 0x0405 len:49
01-05 20:33:46.670	          linker	[Debug]	            dji_command.c:1128  <0x5719>Receive msg from linker, 0x1204(0x0092)->0x0503(0x0065) 0x4900 len:2
01-05 20:33:46.670	          linker	[Debug]	        dji_protocol_v3.c:266  <0x5719>V3-Send: 03:003F:001E:0x0503 -> 00:003F:001E:0x1204 0x4900, tLen 23 dLen 2
01-05 20:33:46.680	          linker	[Debug]	        dji_protocol_v3.c:387  <0xf918>V3-Recv: 01:003F:001E:0x0400 -> 03:003F:001E:0x0503 0x0405, tLen 70 dLen 49
01-05 20:33:46.680	          linker	[Debug]	        dji_protocol_v3.c:506  1:0x0400 convert to 0004(0x0400)
01-05 20:33:46.680	          linker	[Debug]	        dji_protocol_v3.c:506  3:0x0503 convert to 0065(0x0503)
01-05 20:33:46.680	          linker	[Debug]	        dji_protocol_v3.c:387  <0x571d>V3-Recv: 00:003F:001E:0x1204 -> 03:003F:001E:0x0503 0x22AD, tLen 68 dLen 47
01-05 20:33:46.680	          linker	[Debug]	        dji_protocol_v3.c:506  0:0x1204 convert to 0092(0x1204)
01-05 20:33:46.680	          linker	[Debug]	        dji_protocol_v3.c:506  3:0x0503 convert to 0065(0x0503)
01-05 20:33:46.680	          linker	[Debug]	            dji_command.c:1128  <0xf918>Receive msg from linker, 0x0400(0x0004)->0x0503(0x0065) 0x0405 len:49
01-05 20:33:46.681	          linker	[Debug]	            dji_command.c:1128  <0x571d>Receive msg from linker, 0x1204(0x0092)->0x0503(0x0065) 0x22AD len:47
01-05 20:33:46.681	          linker	[Debug]	            dji_command.c:980  received unsupport request cmd that need ack, <0x571d> cmdset: 0x22 cmdid: 0xAD
01-05 20:33:46.692	          linker	[Debug]	        dji_protocol_v3.c:387  <0xf972>V3-Recv: 01:003F:001E:0x0400 -> 03:003F:001E:0x0503 0x0405, tLen 70 dLen 49
01-05 20:33:46.692	          linker	[Debug]	        dji_protocol_v3.c:506  1:0x0400 convert to 0004(0x0400)
01-05 20:33:46.692	          linker	[Debug]	        dji_protocol_v3.c:506  3:0x0503 convert to 0065(0x0503)
01-05 20:33:46.692	          linker	[Debug]	            dji_command.c:1128  <0xf972>Receive msg from linker, 0x0400(0x0004)->0x0503(0x0065) 0x0405 len:49
01-05 20:33:46.697	          linker	[Debug]	        dji_protocol_v1.c:189  <0xc606>V1-Send: 0x0503->0x1007 0x198B
01-05 20:33:46.697	          linker	[Debug]	        dji_protocol_v3.c:266  <0xc607>V3-Send: 03:003F:001E:0x0503 -> 00:003F:001E:0x0200 0x3C10, tLen 85 dLen 64
01-05 20:33:46.697	          linker	[Debug]	        dji_protocol_v3.c:266  <0xc608>V3-Send: 03:003F:001E:0x0503 -> 00:003F:001E:0x0300 0x3C10, tLen 85 dLen 64
01-05 20:33:46.697	          linker	[Debug]	        dji_protocol_v3.c:266  <0xc609>V3-Send: 03:003F:001E:0x0503 -> 00:003F:001E:0x1104 0x3C10, tLen 85 dLen 64
01-05 20:33:46.697	          linker	[Debug]	        dji_protocol_v3.c:266  <0xc60a>V3-Send: 03:003F:001E:0x0503 -> 00:003F:001E:0x0701 0x3C10, tLen 85 dLen 64
01-05 20:33:46.697	          linker	[Debug]	        dji_protocol_v3.c:266  <0xc60b>V3-Send: 03:003F:001E:0x0503 -> 00:003F:001E:0x1100 0x3C10, tLen 85 dLen 64
01-05 20:33:46.706	            user	[Info]	      camera_controller.h:147  gimbal angle :0.000000,0.000000,0.000000
01-05 20:33:46.712	          linker	[Debug]	        dji_protocol_v3.c:387  <0xf9cc>V3-Recv: 01:003F:001E:0x0400 -> 03:003F:001E:0x0503 0x0405, tLen 70 dLen 49
01-05 20:33:46.712	          linker	[Debug]	        dji_protocol_v3.c:506  1:0x0400 convert to 0004(0x0400)
01-05 20:33:46.712	          linker	[Debug]	        dji_protocol_v3.c:506  3:0x0503 convert to 0065(0x0503)
01-05 20:33:46.713	          linker	[Debug]	        dji_protocol_v1.c:189  <0xc60c>V1-Send: 0x0503->0x1D02 0x00F0
01-05 20:33:46.713	          linker	[Debug]	            dji_command.c:1128  <0xf9cc>Receive msg from linker, 0x0400(0x0004)->0x0503(0x0065) 0x0405 len:49
01-05 20:33:46.732	          linker	[Debug]	        dji_protocol_v3.c:387  <0xfa28>V3-Recv: 01:003F:001E:0x0400 -> 03:003F:001E:0x0503 0x0405, tLen 70 dLen 49
01-05 20:33:46.732	          linker	[Debug]	        dji_protocol_v3.c:506  1:0x0400 convert to 0004(0x0400)
01-05 20:33:46.732	          linker	[Debug]	        dji_protocol_v3.c:506  3:0x0503 convert to 0065(0x0503)
01-05 20:33:46.733	          linker	[Debug]	            dji_command.c:1128  <0xfa28>Receive msg from linker, 0x0400(0x0004)->0x0503(0x0065) 0x0405 len:49
01-05 20:33:46.752	          linker	[Debug]	        dji_protocol_v3.c:387  <0xfa85>V3-Recv: 01:003F:001E:0x0400 -> 03:003F:001E:0x0503 0x0405, tLen 70 dLen 49
01-05 20:33:46.752	          linker	[Debug]	        dji_protocol_v3.c:506  1:0x0400 convert to 0004(0x0400)
01-05 20:33:46.752	          linker	[Debug]	        dji_protocol_v3.c:506  3:0x0503 convert to 0065(0x0503)
01-05 20:33:46.752	          linker	[Debug]	            dji_command.c:1128  <0xfa85>Receive msg from linker, 0x0400(0x0004)->0x0503(0x0065) 0x0405 len:49
01-05 20:33:46.756	            user	[Info]	      camera_controller.h:147  gimbal angle :0.000000,0.000000,0.000000
01-05 20:33:46.760	          linker	[Debug]	        dji_protocol_v3.c:266  <0xc60d>V3-Send: 03:003F:001E:0x0503 -> 00:003F:001E:0x0200 0x3C1B, tLen 77 dLen 56
01-05 20:33:46.767	          linker	[Debug]	        dji_protocol_v1.c:189  <0xc60e>V1-Send: 0x0503->0x1D02 0x00F0
01-05 20:33:46.768	          linker	[Debug]	        dji_protocol_v3.c:387  <0x5729>V3-Recv: 00:003F:001E:0x1204 -> 03:003F:001E:0x0503 0x4900, tLen 23 dLen 2
01-05 20:33:46.768	          linker	[Debug]	        dji_protocol_v3.c:506  0:0x1204 convert to 0092(0x1204)
01-05 20:33:46.768	          linker	[Debug]	        dji_protocol_v3.c:506  3:0x0503 convert to 0065(0x0503)
01-05 20:33:46.769	          linker	[Debug]	            dji_command.c:1128  <0x5729>Receive msg from linker, 0x1204(0x0092)->0x0503(0x0065) 0x4900 len:2
01-05 20:33:46.769	          linker	[Debug]	        dji_protocol_v3.c:266  <0x5729>V3-Send: 03:003F:001E:0x0503 -> 00:003F:001E:0x1204 0x4900, tLen 23 dLen 2
01-05 20:33:46.770	         channel	[Debug]	         mop_link_layer.c:169  MOP_LINK:return from recv_data func
01-05 20:33:46.770	         channel	[Debug]	         mop_link_layer.c:167  MOP_LINK:entry recv_data func
01-05 20:33:46.780	          linker	[Debug]	        dji_protocol_v3.c:387  <0xfadf>V3-Recv: 01:003F:001E:0x0400 -> 03:003F:001E:0x0503 0x0405, tLen 70 dLen 49
01-05 20:33:46.780	          linker	[Debug]	        dji_protocol_v3.c:506  1:0x0400 convert to 0004(0x0400)
01-05 20:33:46.780	          linker	[Debug]	        dji_protocol_v3.c:506  3:0x0503 convert to 0065(0x0503)
01-05 20:33:46.780	          linker	[Debug]	        dji_protocol_v3.c:387  <0x572d>V3-Recv: 00:003F:001E:0x1204 -> 03:003F:001E:0x0503 0x22AD, tLen 68 dLen 47
01-05 20:33:46.780	          linker	[Debug]	        dji_protocol_v3.c:506  0:0x1204 convert to 0092(0x1204)
01-05 20:33:46.780	          linker	[Debug]	        dji_protocol_v3.c:506  3:0x0503 convert to 0065(0x0503)
01-05 20:33:46.781	          linker	[Debug]	            dji_command.c:1128  <0xfadf>Receive msg from linker, 0x0400(0x0004)->0x0503(0x0065) 0x0405 len:49
01-05 20:33:46.782	          linker	[Debug]	            dji_command.c:1128  <0x572d>Receive msg from linker, 0x1204(0x0092)->0x0503(0x0065) 0x22AD len:47
01-05 20:33:46.782	          linker	[Debug]	            dji_command.c:980  received unsupport request cmd that need ack, <0x572d> cmdset: 0x22 cmdid: 0xAD
01-05 20:33:46.792	          linker	[Debug]	        dji_protocol_v3.c:387  <0xfb39>V3-Recv: 01:003F:001E:0x0400 -> 03:003F:001E:0x0503 0x0405, tLen 70 dLen 49
01-05 20:33:46.792	          linker	[Debug]	        dji_protocol_v3.c:506  1:0x0400 convert to 0004(0x0400)
01-05 20:33:46.792	          linker	[Debug]	        dji_protocol_v3.c:506  3:0x0503 convert to 0065(0x0503)
01-05 20:33:46.793	          linker	[Debug]	            dji_command.c:1128  <0xfb39>Receive msg from linker, 0x0400(0x0004)->0x0503(0x0065) 0x0405 len:49
01-05 20:33:46.802	          linker	[Debug]	        dji_protocol_v1.c:309  <0x2035>V1-Recv: 0x0A06->0x0503 0x0866
01-05 20:33:46.803	          linker	[Debug]	            dji_command.c:1128  <0x2035>Receive msg from linker, 0x0A06(0x00CA)->0x0503(0x0065) 0x0866 len:96
01-05 20:33:46.803	          linker	[Debug]	            dji_command.c:980  received unsupport request cmd that noneed ack, <0x2035> cmdset: 0x08 cmdid: 0x66
01-05 20:33:46.806	            user	[Info]	      camera_controller.h:147  gimbal angle :0.000000,0.000000,0.000000
01-05 20:33:46.810	          linker	[Debug]	        dji_protocol_v1.c:189  <0xc60f>V1-Send: 0x0503->0x1D02 0x00F0
01-05 20:33:46.812	          linker	[Debug]	        dji_protocol_v3.c:387  <0xfb93>V3-Recv: 01:003F:001E:0x0400 -> 03:003F:001E:0x0503 0x0405, tLen 70 dLen 49
01-05 20:33:46.812	          linker	[Debug]	        dji_protocol_v3.c:506  1:0x0400 convert to 0004(0x0400)
01-05 20:33:46.812	          linker	[Debug]	        dji_protocol_v3.c:506  3:0x0503 convert to 0065(0x0503)
01-05 20:33:46.813	          linker	[Debug]	            dji_command.c:1128  <0xfb93>Receive msg from linker, 0x0400(0x0004)->0x0503(0x0065) 0x0405 len:49
01-05 20:33:46.823	          linker	[Debug]	        dji_protocol_v3.c:387  <0x29a6>V3-Recv: 00:003F:001E:0x0801 -> 03:003F:001E:0x0503 0x0099, tLen 95 dLen 74
01-05 20:33:46.823	          linker	[Debug]	        dji_protocol_v3.c:506  0:0x0801 convert to 0028(0x0801)
01-05 20:33:46.823	          linker	[Debug]	        dji_protocol_v3.c:506  3:0x0503 convert to 0065(0x0503)
01-05 20:33:46.823	          linker	[Debug]	            dji_command.c:1128  <0x29a6>Receive msg from linker, 0x0801(0x0028)->0x0503(0x0065) 0x0099 len:74
01-05 20:33:46.841	          linker	[Debug]	        dji_protocol_v3.c:387  <0xfbef>V3-Recv: 01:003F:001E:0x0400 -> 03:003F:001E:0x0503 0x0405, tLen 70 dLen 49
01-05 20:33:46.841	          linker	[Debug]	        dji_protocol_v3.c:506  1:0x0400 convert to 0004(0x0400)
01-05 20:33:46.841	          linker	[Debug]	        dji_protocol_v3.c:506  3:0x0503 convert to 0065(0x0503)
01-05 20:33:46.842	          linker	[Debug]	            dji_command.c:1128  <0xfbef>Receive msg from linker, 0x0400(0x0004)->0x0503(0x0065) 0x0405 len:49
01-05 20:33:46.852	          linker	[Debug]	        dji_protocol_v3.c:387  <0x96a5>V3-Recv: 00:003F:001E:0x0300 -> 03:003F:001E:0x0503 0x3C57, tLen 37 dLen 16
01-05 20:33:46.852	          linker	[Debug]	        dji_protocol_v3.c:506  0:0x0300 convert to 0003(0x0300)
01-05 20:33:46.852	          linker	[Debug]	        dji_protocol_v3.c:506  3:0x0503 convert to 0065(0x0503)
01-05 20:33:46.852	          linker	[Debug]	        dji_protocol_v3.c:387  <0xfc4b>V3-Recv: 01:003F:001E:0x0400 -> 03:003F:001E:0x0503 0x0405, tLen 70 dLen 49
01-05 20:33:46.852	          linker	[Debug]	        dji_protocol_v3.c:506  1:0x0400 convert to 0004(0x0400)
01-05 20:33:46.852	          linker	[Debug]	        dji_protocol_v3.c:506  3:0x0503 convert to 0065(0x0503)
01-05 20:33:46.853	          linker	[Debug]	            dji_command.c:1128  <0x96a5>Receive msg from linker, 0x0300(0x0003)->0x0503(0x0065) 0x3C57 len:16
01-05 20:33:46.853	          linker	[Debug]	            dji_command.c:980  received unsupport request cmd that noneed ack, <0x96a5> cmdset: 0x3C cmdid: 0x57
01-05 20:33:46.854	          linker	[Debug]	            dji_command.c:1128  <0xfc4b>Receive msg from linker, 0x0400(0x0004)->0x0503(0x0065) 0x0405 len:49
01-05 20:33:46.856	            user	[Info]	      camera_controller.h:147  gimbal angle :0.000000,0.000000,0.000000
01-05 20:33:46.865	          linker	[Debug]	        dji_protocol_v1.c:189  <0xc610>V1-Send: 0x0503->0x1D02 0x00F0
01-05 20:33:46.865	          linker	[Debug]	        dji_protocol_v3.c:266  <0xc611>V3-Send: 03:003F:001E:0x0503 -> 00:003F:001E:0x0200 0x3C1F, tLen 59 dLen 38
01-05 20:33:46.868	          linker	[Debug]	        dji_protocol_v3.c:387  <0x5739>V3-Recv: 00:003F:001E:0x1204 -> 03:003F:001E:0x0503 0x4900, tLen 23 dLen 2
01-05 20:33:46.868	          linker	[Debug]	        dji_protocol_v3.c:506  0:0x1204 convert to 0092(0x1204)
01-05 20:33:46.868	          linker	[Debug]	        dji_protocol_v3.c:506  3:0x0503 convert to 0065(0x0503)
01-05 20:33:46.868	          linker	[Debug]	            dji_command.c:1128  <0x5739>Receive msg from linker, 0x1204(0x0092)->0x0503(0x0065) 0x4900 len:2
01-05 20:33:46.868	          linker	[Debug]	        dji_protocol_v3.c:266  <0x5739>V3-Send: 03:003F:001E:0x0503 -> 00:003F:001E:0x1204 0x4900, tLen 23 dLen 2
01-05 20:33:46.880	          linker	[Debug]	        dji_protocol_v3.c:387  <0xfca5>V3-Recv: 01:003F:001E:0x0400 -> 03:003F:001E:0x0503 0x0405, tLen 70 dLen 49
01-05 20:33:46.880	          linker	[Debug]	        dji_protocol_v3.c:506  1:0x0400 convert to 0004(0x0400)
01-05 20:33:46.880	          linker	[Debug]	        dji_protocol_v3.c:506  3:0x0503 convert to 0065(0x0503)
01-05 20:33:46.880	          linker	[Debug]	        dji_protocol_v3.c:387  <0x573d>V3-Recv: 00:003F:001E:0x1204 -> 03:003F:001E:0x0503 0x22AD, tLen 68 dLen 47
01-05 20:33:46.880	          linker	[Debug]	        dji_protocol_v3.c:506  0:0x1204 convert to 0092(0x1204)
01-05 20:33:46.880	          linker	[Debug]	        dji_protocol_v3.c:506  3:0x0503 convert to 0065(0x0503)
01-05 20:33:46.881	          linker	[Debug]	            dji_command.c:1128  <0xfca5>Receive msg from linker, 0x0400(0x0004)->0x0503(0x0065) 0x0405 len:49
01-05 20:33:46.882	          linker	[Debug]	            dji_command.c:1128  <0x573d>Receive msg from linker, 0x1204(0x0092)->0x0503(0x0065) 0x22AD len:47
01-05 20:33:46.882	          linker	[Debug]	            dji_command.c:980  received unsupport request cmd that need ack, <0x573d> cmdset: 0x22 cmdid: 0xAD
01-05 20:33:46.892	          linker	[Debug]	        dji_protocol_v3.c:387  <0xfd00>V3-Recv: 01:003F:001E:0x0400 -> 03:003F:001E:0x0503 0x0405, tLen 70 dLen 49
01-05 20:33:46.892	          linker	[Debug]	        dji_protocol_v3.c:506  1:0x0400 convert to 0004(0x0400)
01-05 20:33:46.892	          linker	[Debug]	        dji_protocol_v3.c:506  3:0x0503 convert to 0065(0x0503)
01-05 20:33:46.893	          linker	[Debug]	            dji_command.c:1128  <0xfd00>Receive msg from linker, 0x0400(0x0004)->0x0503(0x0065) 0x0405 len:49
01-05 20:33:46.894	           utils	[Debug]	          dji_root_task.c:131  work execution time:
01-05 20:33:46.894	           utils	[Debug]	          dji_root_task.c:132  name	                execution time (ms)	  max execution time (ms)
01-05 20:33:46.894	           utils	[Debug]	          dji_root_task.c:134  recorderWork                    	1       	1       
01-05 20:33:46.894	           utils	[Debug]	          dji_root_task.c:134  flowControllerTask              	0       	1       
01-05 20:33:46.894	           utils	[Debug]	          dji_root_task.c:134  commandTask                     	1       	2       
01-05 20:33:46.894	           utils	[Debug]	          dji_root_task.c:134  aircraftWorkNode                	1       	1       
01-05 20:33:46.894	           utils	[Debug]	          dji_root_task.c:134  dataBuriedPointTask             	0       	1       
01-05 20:33:46.894	           utils	[Debug]	          dji_root_task.c:134  StatePushWork                   	1       	4       
01-05 20:33:46.894	           utils	[Debug]	          dji_root_task.c:134  WidgetWork                      	0       	1       
01-05 20:33:46.894	           utils	[Debug]	          dji_root_task.c:134  hmsTask                         	0       	1       
01-05 20:33:46.906	            user	[Info]	      camera_controller.h:147  gimbal angle :0.000000,0.000000,0.000000
01-05 20:33:46.908	          linker	[Debug]	        dji_protocol_v1.c:189  <0xc612>V1-Send: 0x0503->0x1D02 0x00F0
01-05 20:33:46.912	          linker	[Debug]	        dji_protocol_v3.c:387  <0xfd5a>V3-Recv: 01:003F:001E:0x0400 -> 03:003F:001E:0x0503 0x0405, tLen 70 dLen 49
01-05 20:33:46.912	          linker	[Debug]	        dji_protocol_v3.c:506  1:0x0400 convert to 0004(0x0400)
01-05 20:33:46.912	          linker	[Debug]	        dji_protocol_v3.c:506  3:0x0503 convert to 0065(0x0503)
01-05 20:33:46.913	          linker	[Debug]	            dji_command.c:1128  <0xfd5a>Receive msg from linker, 0x0400(0x0004)->0x0503(0x0065) 0x0405 len:49
01-05 20:33:46.915	          linker	[Debug]	        dji_protocol_v1.c:189  <0xc613>V1-Send: 0x0503->0x1007 0x198B
01-05 20:33:46.915	          linker	[Debug]	        dji_protocol_v3.c:266  <0xc614>V3-Send: 03:003F:001E:0x0503 -> 00:003F:001E:0x0200 0x3C10, tLen 85 dLen 64
01-05 20:33:46.915	          linker	[Debug]	        dji_protocol_v3.c:266  <0xc615>V3-Send: 03:003F:001E:0x0503 -> 00:003F:001E:0x0300 0x3C10, tLen 85 dLen 64
01-05 20:33:46.915	          linker	[Debug]	        dji_protocol_v3.c:266  <0xc616>V3-Send: 03:003F:001E:0x0503 -> 00:003F:001E:0x1104 0x3C10, tLen 85 dLen 64
01-05 20:33:46.915	          linker	[Debug]	        dji_protocol_v3.c:266  <0xc617>V3-Send: 03:003F:001E:0x0503 -> 00:003F:001E:0x0701 0x3C10, tLen 85 dLen 64
01-05 20:33:46.916	          linker	[Debug]	        dji_protocol_v3.c:266  <0xc618>V3-Send: 03:003F:001E:0x0503 -> 00:003F:001E:0x1100 0x3C10, tLen 85 dLen 64
01-05 20:33:46.932	          linker	[Debug]	        dji_protocol_v3.c:387  <0xfdb6>V3-Recv: 01:003F:001E:0x0400 -> 03:003F:001E:0x0503 0x0405, tLen 70 dLen 49
01-05 20:33:46.932	          linker	[Debug]	        dji_protocol_v3.c:506  1:0x0400 convert to 0004(0x0400)
01-05 20:33:46.932	          linker	[Debug]	        dji_protocol_v3.c:506  3:0x0503 convert to 0065(0x0503)
01-05 20:33:46.932	          linker	[Debug]	            dji_command.c:1128  <0xfdb6>Receive msg from linker, 0x0400(0x0004)->0x0503(0x0065) 0x0405 len:49
01-05 20:33:46.952	          linker	[Debug]	        dji_protocol_v3.c:387  <0xfe12>V3-Recv: 01:003F:001E:0x0400 -> 03:003F:001E:0x0503 0x0405, tLen 70 dLen 49
01-05 20:33:46.952	          linker	[Debug]	        dji_protocol_v3.c:506  1:0x0400 convert to 0004(0x0400)
01-05 20:33:46.952	          linker	[Debug]	        dji_protocol_v3.c:506  3:0x0503 convert to 0065(0x0503)
01-05 20:33:46.953	          linker	[Debug]	            dji_command.c:1128  <0xfe12>Receive msg from linker, 0x0400(0x0004)->0x0503(0x0065) 0x0405 len:49
01-05 20:33:46.956	            user	[Info]	      camera_controller.h:147  gimbal angle :0.000000,0.000000,0.000000
01-05 20:33:46.964	          linker	[Debug]	        dji_protocol_v1.c:189  <0xc619>V1-Send: 0x0503->0x1D02 0x00F0
01-05 20:33:46.968	          linker	[Debug]	        dji_protocol_v3.c:387  <0x5749>V3-Recv: 00:003F:001E:0x1204 -> 03:003F:001E:0x0503 0x4900, tLen 23 dLen 2
01-05 20:33:46.968	          linker	[Debug]	        dji_protocol_v3.c:506  0:0x1204 convert to 0092(0x1204)
01-05 20:33:46.968	          linker	[Debug]	        dji_protocol_v3.c:506  3:0x0503 convert to 0065(0x0503)
01-05 20:33:46.968	          linker	[Debug]	            dji_command.c:1128  <0x5749>Receive msg from linker, 0x1204(0x0092)->0x0503(0x0065) 0x4900 len:2
01-05 20:33:46.968	          linker	[Debug]	        dji_protocol_v3.c:266  <0x5749>V3-Send: 03:003F:001E:0x0503 -> 00:003F:001E:0x1204 0x4900, tLen 23 dLen 2
01-05 20:33:46.974	         channel	[Debug]	         mop_link_layer.c:169  MOP_LINK:return from recv_data func
01-05 20:33:46.974	         channel	[Debug]	         mop_link_layer.c:167  MOP_LINK:entry recv_data func
01-05 20:33:46.979	          linker	[Debug]	        dji_protocol_v3.c:266  <0xc61a>V3-Send: 03:003F:001E:0x0503 -> 00:003F:001E:0x0200 0x3C1B, tLen 77 dLen 56
01-05 20:33:46.980	          linker	[Debug]	        dji_protocol_v3.c:387  <0xfe6c>V3-Recv: 01:003F:001E:0x0400 -> 03:003F:001E:0x0503 0x0405, tLen 70 dLen 49
01-05 20:33:46.980	          linker	[Debug]	        dji_protocol_v3.c:506  1:0x0400 convert to 0004(0x0400)
01-05 20:33:46.980	          linker	[Debug]	        dji_protocol_v3.c:506  3:0x0503 convert to 0065(0x0503)
01-05 20:33:46.980	          linker	[Debug]	        dji_protocol_v3.c:387  <0x574d>V3-Recv: 00:003F:001E:0x1204 -> 03:003F:001E:0x0503 0x22AD, tLen 68 dLen 47
01-05 20:33:46.980	          linker	[Debug]	        dji_protocol_v3.c:506  0:0x1204 convert to 0092(0x1204)
01-05 20:33:46.980	          linker	[Debug]	        dji_protocol_v3.c:506  3:0x0503 convert to 0065(0x0503)
01-05 20:33:46.981	          linker	[Debug]	            dji_command.c:1128  <0xfe6c>Receive msg from linker, 0x0400(0x0004)->0x0503(0x0065) 0x0405 len:49
01-05 20:33:46.982	          linker	[Debug]	            dji_command.c:1128  <0x574d>Receive msg from linker, 0x1204(0x0092)->0x0503(0x0065) 0x22AD len:47
01-05 20:33:46.982	          linker	[Debug]	            dji_command.c:980  received unsupport request cmd that need ack, <0x574d> cmdset: 0x22 cmdid: 0xAD
01-05 20:33:46.992	          linker	[Debug]	        dji_protocol_v3.c:387  <0xfec6>V3-Recv: 01:003F:001E:0x0400 -> 03:003F:001E:0x0503 0x0405, tLen 70 dLen 49
01-05 20:33:46.992	          linker	[Debug]	        dji_protocol_v3.c:506  1:0x0400 convert to 0004(0x0400)
01-05 20:33:46.992	          linker	[Debug]	        dji_protocol_v3.c:506  3:0x0503 convert to 0065(0x0503)
01-05 20:33:46.993	          linker	[Debug]	            dji_command.c:1128  <0xfec6>Receive msg from linker, 0x0400(0x0004)->0x0503(0x0065) 0x0405 len:49
01-05 20:33:47.006	            user	[Info]	      camera_controller.h:147  gimbal angle :0.000000,0.000000,0.000000
01-05 20:33:47.008	          linker	[Debug]	        dji_protocol_v1.c:189  <0xc61b>V1-Send: 0x0503->0x1D02 0x00F0
01-05 20:33:47.012	          linker	[Debug]	        dji_protocol_v3.c:387  <0xff20>V3-Recv: 01:003F:001E:0x0400 -> 03:003F:001E:0x0503 0x0405, tLen 70 dLen 49
01-05 20:33:47.012	          linker	[Debug]	        dji_protocol_v3.c:506  1:0x0400 convert to 0004(0x0400)
01-05 20:33:47.012	          linker	[Debug]	        dji_protocol_v3.c:506  3:0x0503 convert to 0065(0x0503)
01-05 20:33:47.012	          linker	[Debug]	            dji_command.c:1128  <0xff20>Receive msg from linker, 0x0400(0x0004)->0x0503(0x0065) 0x0405 len:49
01-05 20:33:47.032	          linker	[Debug]	        dji_protocol_v3.c:387  <0xff7c>V3-Recv: 01:003F:001E:0x0400 -> 03:003F:001E:0x0503 0x0405, tLen 70 dLen 49
01-05 20:33:47.032	          linker	[Debug]	        dji_protocol_v3.c:506  1:0x0400 convert to 0004(0x0400)
01-05 20:33:47.032	          linker	[Debug]	        dji_protocol_v3.c:506  3:0x0503 convert to 0065(0x0503)
01-05 20:33:47.033	          linker	[Debug]	            dji_command.c:1128  <0xff7c>Receive msg from linker, 0x0400(0x0004)->0x0503(0x0065) 0x0405 len:49
01-05 20:33:47.051	          linker	[Debug]	        dji_protocol_v3.c:387  <0x9806>V3-Recv: 00:003F:001E:0x0300 -> 03:003F:001E:0x0503 0x3C57, tLen 37 dLen 16
01-05 20:33:47.051	          linker	[Debug]	        dji_protocol_v3.c:506  0:0x0300 convert to 0003(0x0300)
01-05 20:33:47.051	          linker	[Debug]	        dji_protocol_v3.c:506  3:0x0503 convert to 0065(0x0503)
01-05 20:33:47.051	          linker	[Debug]	            dji_command.c:1128  <0x9806>Receive msg from linker, 0x0300(0x0003)->0x0503(0x0065) 0x3C57 len:16
01-05 20:33:47.051	          linker	[Debug]	            dji_command.c:980  received unsupport request cmd that noneed ack, <0x9806> cmdset: 0x3C cmdid: 0x57
01-05 20:33:47.056	            user	[Info]	      camera_controller.h:147  gimbal angle :0.000000,0.000000,0.000000
01-05 20:33:47.062	          linker	[Debug]	        dji_protocol_v1.c:189  <0xc61c>V1-Send: 0x0503->0x1D02 0x00F0
01-05 20:33:47.065	          linker	[Debug]	        dji_protocol_v3.c:266  <0xc61d>V3-Send: 03:003F:001E:0x0503 -> 00:003F:001E:0x0200 0x3C1F, tLen 59 dLen 38
01-05 20:33:47.069	          linker	[Debug]	        dji_protocol_v3.c:387  <0xffd8>V3-Recv: 01:003F:001E:0x0400 -> 03:003F:001E:0x0503 0x0405, tLen 70 dLen 49
01-05 20:33:47.069	          linker	[Debug]	        dji_protocol_v3.c:506  1:0x0400 convert to 0004(0x0400)
01-05 20:33:47.069	          linker	[Debug]	        dji_protocol_v3.c:506  3:0x0503 convert to 0065(0x0503)
01-05 20:33:47.069	          linker	[Debug]	        dji_protocol_v3.c:387  <0x5759>V3-Recv: 00:003F:001E:0x1204 -> 03:003F:001E:0x0503 0x4900, tLen 23 dLen 2
01-05 20:33:47.069	          linker	[Debug]	        dji_protocol_v3.c:506  0:0x1204 convert to 0092(0x1204)
01-05 20:33:47.069	          linker	[Debug]	        dji_protocol_v3.c:506  3:0x0503 convert to 0065(0x0503)
01-05 20:33:47.069	          linker	[Debug]	            dji_command.c:1128  <0xffd8>Receive msg from linker, 0x0400(0x0004)->0x0503(0x0065) 0x0405 len:49
01-05 20:33:47.070	          linker	[Debug]	            dji_command.c:1128  <0x5759>Receive msg from linker, 0x1204(0x0092)->0x0503(0x0065) 0x4900 len:2
01-05 20:33:47.071	          linker	[Debug]	        dji_protocol_v3.c:266  <0x5759>V3-Send: 03:003F:001E:0x0503 -> 00:003F:001E:0x1204 0x4900, tLen 23 dLen 2
01-05 20:33:47.080	          linker	[Debug]	        dji_protocol_v3.c:387  <0x32>V3-Recv: 01:003F:001E:0x0400 -> 03:003F:001E:0x0503 0x0405, tLen 70 dLen 49
01-05 20:33:47.080	          linker	[Debug]	        dji_protocol_v3.c:506  1:0x0400 convert to 0004(0x0400)
01-05 20:33:47.080	          linker	[Debug]	        dji_protocol_v3.c:506  3:0x0503 convert to 0065(0x0503)
01-05 20:33:47.080	          linker	[Debug]	        dji_protocol_v3.c:387  <0x575d>V3-Recv: 00:003F:001E:0x1204 -> 03:003F:001E:0x0503 0x22AD, tLen 68 dLen 47
01-05 20:33:47.080	          linker	[Debug]	        dji_protocol_v3.c:506  0:0x1204 convert to 0092(0x1204)
01-05 20:33:47.080	          linker	[Debug]	        dji_protocol_v3.c:506  3:0x0503 convert to 0065(0x0503)
01-05 20:33:47.080	          linker	[Debug]	            dji_command.c:1128  <0x32>Receive msg from linker, 0x0400(0x0004)->0x0503(0x0065) 0x0405 len:49
01-05 20:33:47.081	          linker	[Debug]	            dji_command.c:1128  <0x575d>Receive msg from linker, 0x1204(0x0092)->0x0503(0x0065) 0x22AD len:47
01-05 20:33:47.082	          linker	[Debug]	            dji_command.c:980  received unsupport request cmd that need ack, <0x575d> cmdset: 0x22 cmdid: 0xAD
01-05 20:33:47.092	          linker	[Debug]	        dji_protocol_v3.c:387  <0x8c>V3-Recv: 01:003F:001E:0x0400 -> 03:003F:001E:0x0503 0x0405, tLen 70 dLen 49
01-05 20:33:47.092	          linker	[Debug]	        dji_protocol_v3.c:506  1:0x0400 convert to 0004(0x0400)
01-05 20:33:47.092	          linker	[Debug]	        dji_protocol_v3.c:506  3:0x0503 convert to 0065(0x0503)
01-05 20:33:47.092	          linker	[Debug]	            dji_command.c:1128  <0x8c>Receive msg from linker, 0x0400(0x0004)->0x0503(0x0065) 0x0405 len:49
01-05 20:33:47.106	            user	[Info]	      camera_controller.h:147  gimbal angle :0.000000,0.000000,0.000000
01-05 20:33:47.112	          linker	[Debug]	        dji_protocol_v3.c:387  <0xe6>V3-Recv: 01:003F:001E:0x0400 -> 03:003F:001E:0x0503 0x0405, tLen 70 dLen 49
01-05 20:33:47.112	          linker	[Debug]	        dji_protocol_v3.c:506  1:0x0400 convert to 0004(0x0400)
01-05 20:33:47.112	          linker	[Debug]	        dji_protocol_v3.c:506  3:0x0503 convert to 0065(0x0503)
01-05 20:33:47.113	          linker	[Debug]	            dji_command.c:1128  <0xe6>Receive msg from linker, 0x0400(0x0004)->0x0503(0x0065) 0x0405 len:49
01-05 20:33:47.116	          linker	[Debug]	        dji_protocol_v1.c:189  <0xc61e>V1-Send: 0x0503->0x1D02 0x00F0
01-05 20:33:47.122	          linker	[Debug]	        dji_protocol_v3.c:387  <0x29a7>V3-Recv: 00:003F:001E:0x0801 -> 03:003F:001E:0x0503 0x0099, tLen 58 dLen 37
01-05 20:33:47.122	          linker	[Debug]	        dji_protocol_v3.c:506  0:0x0801 convert to 0028(0x0801)
01-05 20:33:47.123	          linker	[Debug]	        dji_protocol_v3.c:506  3:0x0503 convert to 0065(0x0503)
01-05 20:33:47.124	          linker	[Debug]	            dji_command.c:1128  <0x29a7>Receive msg from linker, 0x0801(0x0028)->0x0503(0x0065) 0x0099 len:37
01-05 20:33:47.134	          linker	[Debug]	        dji_protocol_v1.c:189  <0xc61f>V1-Send: 0x0503->0x1007 0x198B
01-05 20:33:47.134	          linker	[Debug]	        dji_protocol_v3.c:266  <0xc620>V3-Send: 03:003F:001E:0x0503 -> 00:003F:001E:0x0200 0x3C10, tLen 85 dLen 64
01-05 20:33:47.134	          linker	[Debug]	        dji_protocol_v3.c:266  <0xc621>V3-Send: 03:003F:001E:0x0503 -> 00:003F:001E:0x0300 0x3C10, tLen 85 dLen 64
01-05 20:33:47.134	          linker	[Debug]	        dji_protocol_v3.c:266  <0xc622>V3-Send: 03:003F:001E:0x0503 -> 00:003F:001E:0x1104 0x3C10, tLen 85 dLen 64
01-05 20:33:47.134	          linker	[Debug]	        dji_protocol_v3.c:266  <0xc623>V3-Send: 03:003F:001E:0x0503 -> 00:003F:001E:0x0701 0x3C10, tLen 85 dLen 64
01-05 20:33:47.135	          linker	[Debug]	        dji_protocol_v3.c:266  <0xc624>V3-Send: 03:003F:001E:0x0503 -> 00:003F:001E:0x1100 0x3C10, tLen 85 dLen 64
01-05 20:33:47.142	          linker	[Debug]	        dji_protocol_v3.c:387  <0x146>V3-Recv: 01:003F:001E:0x0400 -> 03:003F:001E:0x0503 0x0405, tLen 70 dLen 49
01-05 20:33:47.142	          linker	[Debug]	        dji_protocol_v3.c:506  1:0x0400 convert to 0004(0x0400)
01-05 20:33:47.142	          linker	[Debug]	        dji_protocol_v3.c:506  3:0x0503 convert to 0065(0x0503)
01-05 20:33:47.142	          linker	[Debug]	            dji_command.c:1128  <0x146>Receive msg from linker, 0x0400(0x0004)->0x0503(0x0065) 0x0405 len:49
01-05 20:33:47.152	          linker	[Debug]	        dji_protocol_v3.c:387  <0x1a4>V3-Recv: 01:003F:001E:0x0400 -> 03:003F:001E:0x0503 0x0405, tLen 70 dLen 49
01-05 20:33:47.152	          linker	[Debug]	        dji_protocol_v3.c:506  1:0x0400 convert to 0004(0x0400)
01-05 20:33:47.152	          linker	[Debug]	        dji_protocol_v3.c:506  3:0x0503 convert to 0065(0x0503)
01-05 20:33:47.153	          linker	[Debug]	            dji_command.c:1128  <0x1a4>Receive msg from linker, 0x0400(0x0004)->0x0503(0x0065) 0x0405 len:49
01-05 20:33:47.156	            user	[Info]	      camera_controller.h:147  gimbal angle :0.000000,0.000000,0.000000
01-05 20:33:47.160	          linker	[Debug]	        dji_protocol_v1.c:189  <0xc625>V1-Send: 0x0503->0x1D02 0x00F0
01-05 20:33:47.168	          linker	[Debug]	        dji_protocol_v3.c:387  <0x576a>V3-Recv: 00:003F:001E:0x1204 -> 03:003F:001E:0x0503 0x4900, tLen 23 dLen 2
01-05 20:33:47.168	          linker	[Debug]	        dji_protocol_v3.c:506  0:0x1204 convert to 0092(0x1204)
01-05 20:33:47.169	          linker	[Debug]	        dji_protocol_v3.c:506  3:0x0503 convert to 0065(0x0503)
01-05 20:33:47.169	          linker	[Debug]	            dji_command.c:1128  <0x576a>Receive msg from linker, 0x1204(0x0092)->0x0503(0x0065) 0x4900 len:2
01-05 20:33:47.169	          linker	[Debug]	        dji_protocol_v3.c:266  <0x576a>V3-Send: 03:003F:001E:0x0503 -> 00:003F:001E:0x1204 0x4900, tLen 23 dLen 2
01-05 20:33:47.177	         channel	[Debug]	         mop_link_layer.c:169  MOP_LINK:return from recv_data func
01-05 20:33:47.177	         channel	[Debug]	         mop_link_layer.c:167  MOP_LINK:entry recv_data func
01-05 20:33:47.180	          linker	[Debug]	        dji_protocol_v3.c:387  <0x1fe>V3-Recv: 01:003F:001E:0x0400 -> 03:003F:001E:0x0503 0x0405, tLen 70 dLen 49
01-05 20:33:47.180	          linker	[Debug]	        dji_protocol_v3.c:506  1:0x0400 convert to 0004(0x0400)
01-05 20:33:47.180	          linker	[Debug]	        dji_protocol_v3.c:506  3:0x0503 convert to 0065(0x0503)
01-05 20:33:47.180	          linker	[Debug]	        dji_protocol_v3.c:387  <0x576e>V3-Recv: 00:003F:001E:0x1204 -> 03:003F:001E:0x0503 0x22AD, tLen 68 dLen 47
01-05 20:33:47.180	          linker	[Debug]	        dji_protocol_v3.c:506  0:0x1204 convert to 0092(0x1204)
01-05 20:33:47.180	          linker	[Debug]	        dji_protocol_v3.c:506  3:0x0503 convert to 0065(0x0503)
01-05 20:33:47.180	          linker	[Debug]	            dji_command.c:1128  <0x1fe>Receive msg from linker, 0x0400(0x0004)->0x0503(0x0065) 0x0405 len:49
01-05 20:33:47.181	          linker	[Debug]	            dji_command.c:1128  <0x576e>Receive msg from linker, 0x1204(0x0092)->0x0503(0x0065) 0x22AD len:47
01-05 20:33:47.181	          linker	[Debug]	            dji_command.c:980  received unsupport request cmd that need ack, <0x576e> cmdset: 0x22 cmdid: 0xAD
01-05 20:33:47.192	          linker	[Debug]	        dji_protocol_v3.c:387  <0x258>V3-Recv: 01:003F:001E:0x0400 -> 03:003F:001E:0x0503 0x0405, tLen 70 dLen 49
01-05 20:33:47.192	          linker	[Debug]	        dji_protocol_v3.c:506  1:0x0400 convert to 0004(0x0400)
01-05 20:33:47.192	          linker	[Debug]	        dji_protocol_v3.c:506  3:0x0503 convert to 0065(0x0503)
01-05 20:33:47.193	          linker	[Debug]	            dji_command.c:1128  <0x258>Receive msg from linker, 0x0400(0x0004)->0x0503(0x0065) 0x0405 len:49
01-05 20:33:47.197	          linker	[Debug]	        dji_protocol_v3.c:266  <0xc626>V3-Send: 03:003F:001E:0x0503 -> 00:003F:001E:0x0200 0x3C1B, tLen 77 dLen 56
01-05 20:33:47.206	            user	[Info]	      camera_controller.h:147  gimbal angle :0.000000,0.000000,0.000000
01-05 20:33:47.210	          linker	[Debug]	        dji_protocol_v3.c:387  <0x29a8>V3-Recv: 00:003F:001E:0x0801 -> 03:003F:001E:0x0503 0x0099, tLen 65 dLen 44
01-05 20:33:47.210	          linker	[Debug]	        dji_protocol_v3.c:506  0:0x0801 convert to 0028(0x0801)
01-05 20:33:47.210	          linker	[Debug]	        dji_protocol_v3.c:506  3:0x0503 convert to 0065(0x0503)
01-05 20:33:47.211	          linker	[Debug]	            dji_command.c:1128  <0x29a8>Receive msg from linker, 0x0801(0x0028)->0x0503(0x0065) 0x0099 len:44
01-05 20:33:47.215	          linker	[Debug]	        dji_protocol_v1.c:189  <0xc627>V1-Send: 0x0503->0x1D02 0x00F0
01-05 20:33:47.229	          linker	[Debug]	        dji_protocol_v3.c:387  <0x2b2>V3-Recv: 01:003F:001E:0x0400 -> 03:003F:001E:0x0503 0x0405, tLen 70 dLen 49
01-05 20:33:47.229	          linker	[Debug]	        dji_protocol_v3.c:506  1:0x0400 convert to 0004(0x0400)
01-05 20:33:47.229	          linker	[Debug]	        dji_protocol_v3.c:506  3:0x0503 convert to 0065(0x0503)
01-05 20:33:47.229	          linker	[Debug]	        dji_protocol_v3.c:387  <0x29a9>V3-Recv: 00:003F:001E:0x0801 -> 03:003F:001E:0x0503 0x0099, tLen 98 dLen 77
01-05 20:33:47.229	          linker	[Debug]	        dji_protocol_v3.c:506  0:0x0801 convert to 0028(0x0801)
01-05 20:33:47.229	          linker	[Debug]	        dji_protocol_v3.c:506  3:0x0503 convert to 0065(0x0503)
01-05 20:33:47.229	          linker	[Debug]	            dji_command.c:1128  <0x2b2>Receive msg from linker, 0x0400(0x0004)->0x0503(0x0065) 0x0405 len:49
01-05 20:33:47.230	          linker	[Debug]	            dji_command.c:1128  <0x29a9>Receive msg from linker, 0x0801(0x0028)->0x0503(0x0065) 0x0099 len:77
01-05 20:33:47.242	          linker	[Debug]	        dji_protocol_v3.c:387  <0x30f>V3-Recv: 01:003F:001E:0x0400 -> 03:003F:001E:0x0503 0x0405, tLen 70 dLen 49
01-05 20:33:47.242	          linker	[Debug]	        dji_protocol_v3.c:506  1:0x0400 convert to 0004(0x0400)
01-05 20:33:47.242	          linker	[Debug]	        dji_protocol_v3.c:506  3:0x0503 convert to 0065(0x0503)
01-05 20:33:47.243	          linker	[Debug]	            dji_command.c:1128  <0x30f>Receive msg from linker, 0x0400(0x0004)->0x0503(0x0065) 0x0405 len:49
01-05 20:33:47.256	            user	[Info]	      camera_controller.h:147  gimbal angle :0.000000,0.000000,0.000000
01-05 20:33:47.258	          linker	[Debug]	        dji_protocol_v1.c:189  <0xc628>V1-Send: 0x0503->0x1D02 0x00F0
01-05 20:33:47.260	          linker	[Debug]	        dji_protocol_v3.c:387  <0x995f>V3-Recv: 00:003F:001E:0x0300 -> 03:003F:001E:0x0503 0x3C57, tLen 37 dLen 16
01-05 20:33:47.260	          linker	[Debug]	        dji_protocol_v3.c:506  0:0x0300 convert to 0003(0x0300)
01-05 20:33:47.260	          linker	[Debug]	        dji_protocol_v3.c:506  3:0x0503 convert to 0065(0x0503)
01-05 20:33:47.260	          linker	[Debug]	        dji_protocol_v3.c:387  <0x36b>V3-Recv: 01:003F:001E:0x0400 -> 03:003F:001E:0x0503 0x0405, tLen 70 dLen 49
01-05 20:33:47.260	          linker	[Debug]	        dji_protocol_v3.c:506  1:0x0400 convert to 0004(0x0400)
01-05 20:33:47.260	          linker	[Debug]	        dji_protocol_v3.c:506  3:0x0503 convert to 0065(0x0503)
01-05 20:33:47.260	          linker	[Debug]	        dji_protocol_v3.c:387  <0x577a>V3-Recv: 00:003F:001E:0x1204 -> 03:003F:001E:0x0503 0x4900, tLen 23 dLen 2
01-05 20:33:47.260	          linker	[Debug]	        dji_protocol_v3.c:506  0:0x1204 convert to 0092(0x1204)
01-05 20:33:47.260	          linker	[Debug]	        dji_protocol_v3.c:506  3:0x0503 convert to 0065(0x0503)
01-05 20:33:47.260	          linker	[Debug]	            dji_command.c:1128  <0x995f>Receive msg from linker, 0x0300(0x0003)->0x0503(0x0065) 0x3C57 len:16
01-05 20:33:47.260	          linker	[Debug]	            dji_command.c:980  received unsupport request cmd that noneed ack, <0x995f> cmdset: 0x3C cmdid: 0x57
01-05 20:33:47.262	          linker	[Debug]	            dji_command.c:1128  <0x36b>Receive msg from linker, 0x0400(0x0004)->0x0503(0x0065) 0x0405 len:49
01-05 20:33:47.263	          linker	[Debug]	            dji_command.c:1128  <0x577a>Receive msg from linker, 0x1204(0x0092)->0x0503(0x0065) 0x4900 len:2
01-05 20:33:47.263	          linker	[Debug]	        dji_protocol_v3.c:266  <0x577a>V3-Send: 03:003F:001E:0x0503 -> 00:003F:001E:0x1204 0x4900, tLen 23 dLen 2
01-05 20:33:47.265	          linker	[Debug]	        dji_protocol_v3.c:266  <0xc629>V3-Send: 03:003F:001E:0x0503 -> 00:003F:001E:0x0200 0x3C1F, tLen 59 dLen 38
01-05 20:33:47.272	          linker	[Debug]	        dji_protocol_v3.c:387  <0x3c5>V3-Recv: 01:003F:001E:0x0400 -> 03:003F:001E:0x0503 0x0405, tLen 70 dLen 49
01-05 20:33:47.272	          linker	[Debug]	        dji_protocol_v3.c:506  1:0x0400 convert to 0004(0x0400)
01-05 20:33:47.272	          linker	[Debug]	        dji_protocol_v3.c:506  3:0x0503 convert to 0065(0x0503)
01-05 20:33:47.272	          linker	[Debug]	            dji_command.c:1128  <0x3c5>Receive msg from linker, 0x0400(0x0004)->0x0503(0x0065) 0x0405 len:49
01-05 20:33:47.288	          linker	[Debug]	        dji_protocol_v3.c:387  <0x577e>V3-Recv: 00:003F:001E:0x1204 -> 03:003F:001E:0x0503 0x22AD, tLen 68 dLen 47
01-05 20:33:47.288	          linker	[Debug]	        dji_protocol_v3.c:506  0:0x1204 convert to 0092(0x1204)
01-05 20:33:47.288	          linker	[Debug]	        dji_protocol_v3.c:506  3:0x0503 convert to 0065(0x0503)
01-05 20:33:47.288	          linker	[Debug]	            dji_command.c:1128  <0x577e>Receive msg from linker, 0x1204(0x0092)->0x0503(0x0065) 0x22AD len:47
01-05 20:33:47.289	          linker	[Debug]	            dji_command.c:980  received unsupport request cmd that need ack, <0x577e> cmdset: 0x22 cmdid: 0xAD
01-05 20:33:47.303	          linker	[Debug]	        dji_protocol_v1.c:309  <0x2035>V1-Recv: 0x0A06->0x0503 0x0866
01-05 20:33:47.304	          linker	[Debug]	            dji_command.c:1128  <0x2035>Receive msg from linker, 0x0A06(0x00CA)->0x0503(0x0065) 0x0866 len:96
01-05 20:33:47.304	          linker	[Debug]	            dji_command.c:980  received unsupport request cmd that noneed ack, <0x2035> cmdset: 0x08 cmdid: 0x66
01-05 20:33:47.305	          linker	[Debug]	        dji_protocol_v3.c:387  <0x41f>V3-Recv: 01:003F:001E:0x0400 -> 03:003F:001E:0x0503 0x0405, tLen 70 dLen 49
01-05 20:33:47.305	          linker	[Debug]	        dji_protocol_v3.c:506  1:0x0400 convert to 0004(0x0400)
01-05 20:33:47.305	          linker	[Debug]	        dji_protocol_v3.c:506  3:0x0503 convert to 0065(0x0503)
01-05 20:33:47.305	          linker	[Debug]	            dji_command.c:1128  <0x41f>Receive msg from linker, 0x0400(0x0004)->0x0503(0x0065) 0x0405 len:49
01-05 20:33:47.306	            user	[Info]	      camera_controller.h:147  gimbal angle :0.000000,0.000000,0.000000
01-05 20:33:47.312	          linker	[Debug]	        dji_protocol_v1.c:189  <0xc62a>V1-Send: 0x0503->0x1D02 0x00F0
01-05 20:33:47.319	          linker	[Debug]	        dji_protocol_v3.c:387  <0x47a>V3-Recv: 01:003F:001E:0x0400 -> 03:003F:001E:0x0503 0x0405, tLen 70 dLen 49
01-05 20:33:47.320	          linker	[Debug]	        dji_protocol_v3.c:506  1:0x0400 convert to 0004(0x0400)
01-05 20:33:47.320	          linker	[Debug]	        dji_protocol_v3.c:506  3:0x0503 convert to 0065(0x0503)
01-05 20:33:47.320	          linker	[Debug]	            dji_command.c:1128  <0x47a>Receive msg from linker, 0x0400(0x0004)->0x0503(0x0065) 0x0405 len:49
01-05 20:33:47.332	          linker	[Debug]	        dji_protocol_v3.c:387  <0x4d6>V3-Recv: 01:003F:001E:0x0400 -> 03:003F:001E:0x0503 0x0405, tLen 70 dLen 49
01-05 20:33:47.332	          linker	[Debug]	        dji_protocol_v3.c:506  1:0x0400 convert to 0004(0x0400)
01-05 20:33:47.332	          linker	[Debug]	        dji_protocol_v3.c:506  3:0x0503 convert to 0065(0x0503)
01-05 20:33:47.333	          linker	[Debug]	            dji_command.c:1128  <0x4d6>Receive msg from linker, 0x0400(0x0004)->0x0503(0x0065) 0x0405 len:49
01-05 20:33:47.351	          linker	[Debug]	        dji_protocol_v1.c:189  <0xc62b>V1-Send: 0x0503->0x1007 0x198B
01-05 20:33:47.351	          linker	[Debug]	        dji_protocol_v3.c:266  <0xc62c>V3-Send: 03:003F:001E:0x0503 -> 00:003F:001E:0x0200 0x3C10, tLen 85 dLen 64
01-05 20:33:47.351	          linker	[Debug]	        dji_protocol_v3.c:266  <0xc62d>V3-Send: 03:003F:001E:0x0503 -> 00:003F:001E:0x0300 0x3C10, tLen 85 dLen 64
01-05 20:33:47.352	          linker	[Debug]	        dji_protocol_v3.c:266  <0xc62e>V3-Send: 03:003F:001E:0x0503 -> 00:003F:001E:0x1104 0x3C10, tLen 85 dLen 64
01-05 20:33:47.352	          linker	[Debug]	        dji_protocol_v3.c:266  <0xc62f>V3-Send: 03:003F:001E:0x0503 -> 00:003F:001E:0x0701 0x3C10, tLen 85 dLen 64
01-05 20:33:47.352	          linker	[Debug]	        dji_protocol_v3.c:266  <0xc630>V3-Send: 03:003F:001E:0x0503 -> 00:003F:001E:0x1100 0x3C10, tLen 85 dLen 64
01-05 20:33:47.352	          linker	[Debug]	        dji_protocol_v3.c:387  <0x532>V3-Recv: 01:003F:001E:0x0400 -> 03:003F:001E:0x0503 0x0405, tLen 70 dLen 49
01-05 20:33:47.352	          linker	[Debug]	        dji_protocol_v3.c:506  1:0x0400 convert to 0004(0x0400)
01-05 20:33:47.352	          linker	[Debug]	        dji_protocol_v3.c:506  3:0x0503 convert to 0065(0x0503)
01-05 20:33:47.353	          linker	[Debug]	            dji_command.c:1128  <0x532>Receive msg from linker, 0x0400(0x0004)->0x0503(0x0065) 0x0405 len:49
01-05 20:33:47.356	            user	[Info]	      camera_controller.h:147  gimbal angle :0.000000,0.000000,0.000000
01-05 20:33:47.356	          linker	[Debug]	        dji_protocol_v1.c:189  <0xc631>V1-Send: 0x0503->0x1D02 0x00F0
01-05 20:33:47.368	          linker	[Debug]	        dji_protocol_v3.c:387  <0x578a>V3-Recv: 00:003F:001E:0x1204 -> 03:003F:001E:0x0503 0x4900, tLen 23 dLen 2
01-05 20:33:47.368	          linker	[Debug]	        dji_protocol_v3.c:506  0:0x1204 convert to 0092(0x1204)
01-05 20:33:47.368	          linker	[Debug]	        dji_protocol_v3.c:506  3:0x0503 convert to 0065(0x0503)
01-05 20:33:47.368	          linker	[Debug]	            dji_command.c:1128  <0x578a>Receive msg from linker, 0x1204(0x0092)->0x0503(0x0065) 0x4900 len:2
01-05 20:33:47.368	          linker	[Debug]	        dji_protocol_v3.c:266  <0x578a>V3-Send: 03:003F:001E:0x0503 -> 00:003F:001E:0x1204 0x4900, tLen 23 dLen 2
01-05 20:33:47.380	          linker	[Debug]	        dji_protocol_v3.c:387  <0x58c>V3-Recv: 01:003F:001E:0x0400 -> 03:003F:001E:0x0503 0x0405, tLen 70 dLen 49
01-05 20:33:47.380	          linker	[Debug]	        dji_protocol_v3.c:506  1:0x0400 convert to 0004(0x0400)
01-05 20:33:47.380	          linker	[Debug]	        dji_protocol_v3.c:506  3:0x0503 convert to 0065(0x0503)
01-05 20:33:47.380	          linker	[Debug]	        dji_protocol_v3.c:387  <0x578e>V3-Recv: 00:003F:001E:0x1204 -> 03:003F:001E:0x0503 0x22AD, tLen 68 dLen 47
01-05 20:33:47.380	          linker	[Debug]	        dji_protocol_v3.c:506  0:0x1204 convert to 0092(0x1204)
01-05 20:33:47.380	          linker	[Debug]	        dji_protocol_v3.c:506  3:0x0503 convert to 0065(0x0503)
01-05 20:33:47.380	          linker	[Debug]	            dji_command.c:1128  <0x58c>Receive msg from linker, 0x0400(0x0004)->0x0503(0x0065) 0x0405 len:49
01-05 20:33:47.381	         channel	[Debug]	         mop_link_layer.c:169  MOP_LINK:return from recv_data func
01-05 20:33:47.381	         channel	[Debug]	         mop_link_layer.c:167  MOP_LINK:entry recv_data func
01-05 20:33:47.381	          linker	[Debug]	            dji_command.c:1128  <0x578e>Receive msg from linker, 0x1204(0x0092)->0x0503(0x0065) 0x22AD len:47
01-05 20:33:47.381	          linker	[Debug]	            dji_command.c:980  received unsupport request cmd that need ack, <0x578e> cmdset: 0x22 cmdid: 0xAD
01-05 20:33:47.392	          linker	[Debug]	        dji_protocol_v3.c:387  <0x5e7>V3-Recv: 01:003F:001E:0x0400 -> 03:003F:001E:0x0503 0x0405, tLen 70 dLen 49
01-05 20:33:47.392	          linker	[Debug]	        dji_protocol_v3.c:506  1:0x0400 convert to 0004(0x0400)
01-05 20:33:47.392	          linker	[Debug]	        dji_protocol_v3.c:506  3:0x0503 convert to 0065(0x0503)
01-05 20:33:47.392	          linker	[Debug]	            dji_command.c:1128  <0x5e7>Receive msg from linker, 0x0400(0x0004)->0x0503(0x0065) 0x0405 len:49
01-05 20:33:47.406	            user	[Info]	      camera_controller.h:147  gimbal angle :0.000000,0.000000,0.000000
01-05 20:33:47.410	          linker	[Debug]	        dji_protocol_v3.c:387  <0x29aa>V3-Recv: 00:003F:001E:0x0801 -> 03:003F:001E:0x0503 0x0099, tLen 56 dLen 35
01-05 20:33:47.410	          linker	[Debug]	        dji_protocol_v3.c:506  0:0x0801 convert to 0028(0x0801)
01-05 20:33:47.410	          linker	[Debug]	        dji_protocol_v3.c:506  3:0x0503 convert to 0065(0x0503)
01-05 20:33:47.411	          linker	[Debug]	        dji_protocol_v1.c:189  <0xc632>V1-Send: 0x0503->0x1D02 0x00F0
01-05 20:33:47.411	          linker	[Debug]	            dji_command.c:1128  <0x29aa>Receive msg from linker, 0x0801(0x0028)->0x0503(0x0065) 0x0099 len:35
01-05 20:33:47.415	          linker	[Debug]	        dji_protocol_v3.c:266  <0xc633>V3-Send: 03:003F:001E:0x0503 -> 00:003F:001E:0x0200 0x3C1B, tLen 77 dLen 56
01-05 20:33:47.428	          linker	[Debug]	        dji_protocol_v3.c:387  <0x29ab>V3-Recv: 00:003F:001E:0x0801 -> 03:003F:001E:0x0503 0x0099, tLen 70 dLen 49
01-05 20:33:47.429	          linker	[Debug]	        dji_protocol_v3.c:506  0:0x0801 convert to 0028(0x0801)
01-05 20:33:47.429	          linker	[Debug]	        dji_protocol_v3.c:506  3:0x0503 convert to 0065(0x0503)
01-05 20:33:47.429	          linker	[Debug]	        dji_protocol_v3.c:387  <0x641>V3-Recv: 01:003F:001E:0x0400 -> 03:003F:001E:0x0503 0x0405, tLen 70 dLen 49
01-05 20:33:47.429	          linker	[Debug]	        dji_protocol_v3.c:506  1:0x0400 convert to 0004(0x0400)
01-05 20:33:47.429	          linker	[Debug]	        dji_protocol_v3.c:506  3:0x0503 convert to 0065(0x0503)
01-05 20:33:47.429	          linker	[Debug]	            dji_command.c:1128  <0x29ab>Receive msg from linker, 0x0801(0x0028)->0x0503(0x0065) 0x0099 len:49
01-05 20:33:47.430	          linker	[Debug]	            dji_command.c:1128  <0x641>Receive msg from linker, 0x0400(0x0004)->0x0503(0x0065) 0x0405 len:49
01-05 20:33:47.433	          linker	[Debug]	        dji_protocol_v3.c:266  <0xc634>V3-Send: 03:003F:001E:0x0503 -> 00:003F:001E:0x0801 0x0000, tLen 21 dLen 0
01-05 20:33:47.433	           infor	[Debug]	dji_aircraft_connection.c:170  check connect status:1
01-05 20:33:47.447	          linker	[Debug]	        dji_protocol_v3.c:387  <0x69d>V3-Recv: 01:003F:001E:0x0400 -> 03:003F:001E:0x0503 0x0405, tLen 70 dLen 49
01-05 20:33:47.447	          linker	[Debug]	        dji_protocol_v3.c:506  1:0x0400 convert to 0004(0x0400)
01-05 20:33:47.447	          linker	[Debug]	        dji_protocol_v3.c:506  3:0x0503 convert to 0065(0x0503)
01-05 20:33:47.447	          linker	[Debug]	        dji_protocol_v3.c:387  <0xc634>V3-Recv: 00:003F:001E:0x0801 -> 03:003F:001E:0x0503 0x0000, tLen 22 dLen 1
01-05 20:33:47.447	          linker	[Debug]	        dji_protocol_v3.c:506  0:0x0801 convert to 0028(0x0801)
01-05 20:33:47.447	          linker	[Debug]	        dji_protocol_v3.c:506  3:0x0503 convert to 0065(0x0503)
01-05 20:33:47.448	          linker	[Debug]	            dji_command.c:1128  <0x69d>Receive msg from linker, 0x0400(0x0004)->0x0503(0x0065) 0x0405 len:49
01-05 20:33:47.449	          linker	[Debug]	            dji_command.c:1128  <0xc634>Receive msg from linker, 0x0801(0x0028)->0x0503(0x0065) 0x0000 len:1
01-05 20:33:47.449	           infor	[Debug]	dji_aircraft_connection.c:303  connect status async sucess
01-05 20:33:47.449	          linker	[Debug]	            dji_command.c:890  callback function (cmdset: 0x00 cmdid: 0x00) deal time: 0 ms
01-05 20:33:47.456	            user	[Info]	      camera_controller.h:147  gimbal angle :0.000000,0.000000,0.000000
01-05 20:33:47.460	          linker	[Debug]	        dji_protocol_v3.c:387  <0x9abc>V3-Recv: 00:003F:001E:0x0300 -> 03:003F:001E:0x0503 0x3C57, tLen 37 dLen 16
01-05 20:33:47.460	          linker	[Debug]	        dji_protocol_v3.c:506  0:0x0300 convert to 0003(0x0300)
01-05 20:33:47.460	          linker	[Debug]	        dji_protocol_v3.c:506  3:0x0503 convert to 0065(0x0503)
01-05 20:33:47.460	          linker	[Debug]	        dji_protocol_v3.c:387  <0x6f9>V3-Recv: 01:003F:001E:0x0400 -> 03:003F:001E:0x0503 0x0405, tLen 70 dLen 49
01-05 20:33:47.460	          linker	[Debug]	        dji_protocol_v3.c:506  1:0x0400 convert to 0004(0x0400)
01-05 20:33:47.460	          linker	[Debug]	        dji_protocol_v3.c:506  3:0x0503 convert to 0065(0x0503)
01-05 20:33:47.460	          linker	[Debug]	        dji_protocol_v3.c:387  <0x5796>V3-Recv: 00:003F:001E:0x1204 -> 03:003F:001E:0x0503 0x4900, tLen 23 dLen 2
01-05 20:33:47.460	          linker	[Debug]	        dji_protocol_v3.c:506  0:0x1204 convert to 0092(0x1204)
01-05 20:33:47.460	          linker	[Debug]	        dji_protocol_v3.c:506  3:0x0503 convert to 0065(0x0503)
01-05 20:33:47.460	          linker	[Debug]	            dji_command.c:1128  <0x9abc>Receive msg from linker, 0x0300(0x0003)->0x0503(0x0065) 0x3C57 len:16
01-05 20:33:47.460	          linker	[Debug]	            dji_command.c:980  received unsupport request cmd that noneed ack, <0x9abc> cmdset: 0x3C cmdid: 0x57
01-05 20:33:47.461	          linker	[Debug]	            dji_command.c:1128  <0x6f9>Receive msg from linker, 0x0400(0x0004)->0x0503(0x0065) 0x0405 len:49
01-05 20:33:47.462	          linker	[Debug]	            dji_command.c:1128  <0x5796>Receive msg from linker, 0x1204(0x0092)->0x0503(0x0065) 0x4900 len:2
01-05 20:33:47.462	          linker	[Debug]	        dji_protocol_v3.c:266  <0x5796>V3-Send: 03:003F:001E:0x0503 -> 00:003F:001E:0x1204 0x4900, tLen 23 dLen 2
01-05 20:33:47.464	         channel	[Debug]	        mop_trans_layer.c:1568 MOP_TRANS:trans layer timer: 1s!
01-05 20:33:47.466	          linker	[Debug]	        dji_protocol_v1.c:189  <0xc635>V1-Send: 0x0503->0x1D02 0x00F0
01-05 20:33:47.466	          linker	[Debug]	        dji_protocol_v3.c:266  <0xc636>V3-Send: 03:003F:001E:0x0503 -> 00:003F:001E:0x0200 0x3C1F, tLen 59 dLen 38
01-05 20:33:47.472	          linker	[Debug]	        dji_protocol_v3.c:387  <0x753>V3-Recv: 01:003F:001E:0x0400 -> 03:003F:001E:0x0503 0x0405, tLen 70 dLen 49
01-05 20:33:47.472	          linker	[Debug]	        dji_protocol_v3.c:506  1:0x0400 convert to 0004(0x0400)
01-05 20:33:47.472	          linker	[Debug]	        dji_protocol_v3.c:506  3:0x0503 convert to 0065(0x0503)
01-05 20:33:47.472	          linker	[Debug]	            dji_command.c:1128  <0x753>Receive msg from linker, 0x0400(0x0004)->0x0503(0x0065) 0x0405 len:49
01-05 20:33:47.489	          linker	[Debug]	        dji_protocol_v3.c:387  <0x5798>V3-Recv: 00:003F:001E:0x1204 -> 03:003F:001E:0x0503 0x22AD, tLen 68 dLen 47
01-05 20:33:47.489	          linker	[Debug]	        dji_protocol_v3.c:506  0:0x1204 convert to 0092(0x1204)
01-05 20:33:47.489	          linker	[Debug]	        dji_protocol_v3.c:506  3:0x0503 convert to 0065(0x0503)
01-05 20:33:47.489	          linker	[Debug]	            dji_command.c:1128  <0x5798>Receive msg from linker, 0x1204(0x0092)->0x0503(0x0065) 0x22AD len:47
01-05 20:33:47.490	          linker	[Debug]	            dji_command.c:980  received unsupport request cmd that need ack, <0x5798> cmdset: 0x22 cmdid: 0xAD
01-05 20:33:47.502	          linker	[Debug]	        dji_protocol_v3.c:387  <0x7ae>V3-Recv: 01:003F:001E:0x0400 -> 03:003F:001E:0x0503 0x0405, tLen 70 dLen 49
01-05 20:33:47.502	          linker	[Debug]	        dji_protocol_v3.c:506  1:0x0400 convert to 0004(0x0400)
01-05 20:33:47.503	          linker	[Debug]	        dji_protocol_v3.c:506  3:0x0503 convert to 0065(0x0503)
01-05 20:33:47.504	          linker	[Debug]	            dji_command.c:1128  <0x7ae>Receive msg from linker, 0x0400(0x0004)->0x0503(0x0065) 0x0405 len:49
01-05 20:33:47.517	          linker	[Debug]	        dji_protocol_v3.c:387  <0x808>V3-Recv: 01:003F:001E:0x0400 -> 03:003F:001E:0x0503 0x0405, tLen 70 dLen 49
01-05 20:33:47.517	          linker	[Debug]	        dji_protocol_v3.c:506  1:0x0400 convert to 0004(0x0400)
01-05 20:33:47.517	          linker	[Debug]	        dji_protocol_v3.c:506  3:0x0503 convert to 0065(0x0503)
01-05 20:33:47.518	          linker	[Debug]	            dji_command.c:1128  <0x808>Receive msg from linker, 0x0400(0x0004)->0x0503(0x0065) 0x0405 len:49
01-05 20:33:47.532	          linker	[Debug]	        dji_protocol_v3.c:387  <0x864>V3-Recv: 01:003F:001E:0x0400 -> 03:003F:001E:0x0503 0x0405, tLen 70 dLen 49
01-05 20:33:47.532	          linker	[Debug]	        dji_protocol_v3.c:506  1:0x0400 convert to 0004(0x0400)
01-05 20:33:47.532	          linker	[Debug]	        dji_protocol_v3.c:506  3:0x0503 convert to 0065(0x0503)
01-05 20:33:47.533	          linker	[Debug]	            dji_command.c:1128  <0x864>Receive msg from linker, 0x0400(0x0004)->0x0503(0x0065) 0x0405 len:49
01-05 20:33:47.552	          linker	[Debug]	        dji_protocol_v3.c:387  <0x8c0>V3-Recv: 01:003F:001E:0x0400 -> 03:003F:001E:0x0503 0x0405, tLen 70 dLen 49
01-05 20:33:47.552	          linker	[Debug]	        dji_protocol_v3.c:506  1:0x0400 convert to 0004(0x0400)
01-05 20:33:47.552	          linker	[Debug]	        dji_protocol_v3.c:506  3:0x0503 convert to 0065(0x0503)
01-05 20:33:47.553	          linker	[Debug]	            dji_command.c:1128  <0x8c0>Receive msg from linker, 0x0400(0x0004)->0x0503(0x0065) 0x0405 len:49
01-05 20:33:47.559	         channel	[Debug]	          mop_net_layer.c:789  MOP_NET:[FLOW_CTRL] limit:3145728 time:41 rx_cnt:120 rx_rate:20 cur_limit:3932140 busy:0 reliable:0
01-05 20:33:47.559	         channel	[Debug]	          mop_net_layer.c:1127 MOP_NET:send heart beat req success
01-05 20:33:47.559	         channel	[Debug]	         mop_link_layer.c:78   MOP_LINK:crc length 24
01-05 20:33:47.559	         channel	[Debug]	         mop_link_layer.c:387  MOP_LINK:0xffff70015c90 snd_tsk psize 24 ret 24, pkt_info: ttype 0x0080 dlen 0 seq 0,(2 2 0)->(0 1 0) 0x1002
01-05 20:33:47.564	         channel	[Debug]	         mop_link_layer.c:169  MOP_LINK:return from recv_data func
01-05 20:33:47.564	         channel	[Debug]	         mop_link_layer.c:173  MOP_LINK:recv version 1002
01-05 20:33:47.564	         channel	[Debug]	         mop_link_layer.c:78   MOP_LINK:crc length 24
01-05 20:33:47.564	         channel	[Debug]	         mop_link_layer.c:492  MOP_LINK:0xffff70015c90 rcv_tsk psize 24 ret 24, pkt_info: ttype 0x0081 dlen 0 seq 0,(0 1 0)->(2 2 0) 0x1002
01-05 20:33:47.564	         channel	[Debug]	         mop_link_layer.c:167  MOP_LINK:entry recv_data func
01-05 20:33:47.564	         channel	[Debug]	          mop_net_layer.c:466  MOP_NET:get heart beat ack
01-05 20:33:47.568	          linker	[Debug]	        dji_protocol_v3.c:387  <0x57aa>V3-Recv: 00:003F:001E:0x1204 -> 03:003F:001E:0x0503 0x4900, tLen 23 dLen 2
01-05 20:33:47.568	          linker	[Debug]	        dji_protocol_v3.c:506  0:0x1204 convert to 0092(0x1204)
01-05 20:33:47.569	          linker	[Debug]	        dji_protocol_v3.c:506  3:0x0503 convert to 0065(0x0503)
01-05 20:33:47.569	          linker	[Debug]	            dji_command.c:1128  <0x57aa>Receive msg from linker, 0x1204(0x0092)->0x0503(0x0065) 0x4900 len:2
01-05 20:33:47.569	          linker	[Debug]	        dji_protocol_v3.c:266  <0x57aa>V3-Send: 03:003F:001E:0x0503 -> 00:003F:001E:0x1204 0x4900, tLen 23 dLen 2
01-05 20:33:47.570	          linker	[Debug]	        dji_protocol_v1.c:189  <0xc637>V1-Send: 0x0503->0x1007 0x198B
01-05 20:33:47.570	          linker	[Debug]	        dji_protocol_v3.c:266  <0xc638>V3-Send: 03:003F:001E:0x0503 -> 00:003F:001E:0x0200 0x3C10, tLen 85 dLen 64
01-05 20:33:47.570	          linker	[Debug]	        dji_protocol_v3.c:266  <0xc639>V3-Send: 03:003F:001E:0x0503 -> 00:003F:001E:0x0300 0x3C10, tLen 85 dLen 64
01-05 20:33:47.571	          linker	[Debug]	        dji_protocol_v3.c:266  <0xc63a>V3-Send: 03:003F:001E:0x0503 -> 00:003F:001E:0x1104 0x3C10, tLen 85 dLen 64
01-05 20:33:47.571	          linker	[Debug]	        dji_protocol_v3.c:266  <0xc63b>V3-Send: 03:003F:001E:0x0503 -> 00:003F:001E:0x0701 0x3C10, tLen 85 dLen 64
01-05 20:33:47.572	          linker	[Debug]	        dji_protocol_v3.c:266  <0xc63c>V3-Send: 03:003F:001E:0x0503 -> 00:003F:001E:0x1100 0x3C10, tLen 85 dLen 64
01-05 20:33:47.580	          linker	[Debug]	        dji_protocol_v3.c:387  <0x91a>V3-Recv: 01:003F:001E:0x0400 -> 03:003F:001E:0x0503 0x0405, tLen 70 dLen 49
01-05 20:33:47.580	          linker	[Debug]	        dji_protocol_v3.c:506  1:0x0400 convert to 0004(0x0400)
01-05 20:33:47.580	          linker	[Debug]	        dji_protocol_v3.c:506  3:0x0503 convert to 0065(0x0503)
01-05 20:33:47.580	          linker	[Debug]	        dji_protocol_v3.c:387  <0x57ae>V3-Recv: 00:003F:001E:0x1204 -> 03:003F:001E:0x0503 0x22AD, tLen 68 dLen 47
01-05 20:33:47.580	          linker	[Debug]	        dji_protocol_v3.c:506  0:0x1204 convert to 0092(0x1204)
01-05 20:33:47.580	          linker	[Debug]	        dji_protocol_v3.c:506  3:0x0503 convert to 0065(0x0503)
01-05 20:33:47.580	          linker	[Debug]	            dji_command.c:1128  <0x91a>Receive msg from linker, 0x0400(0x0004)->0x0503(0x0065) 0x0405 len:49
01-05 20:33:47.582	          linker	[Debug]	            dji_command.c:1128  <0x57ae>Receive msg from linker, 0x1204(0x0092)->0x0503(0x0065) 0x22AD len:47
01-05 20:33:47.582	          linker	[Debug]	            dji_command.c:980  received unsupport request cmd that need ack, <0x57ae> cmdset: 0x22 cmdid: 0xAD
