[0.024s] Invoking command in '/home/dji/DJI_workshop/LZP_PSDK/ros2_workplace/build/yolo_detect': CONDA_PROMPT_MODIFIER=(ros2_humble) /open_app/miniconda3/envs/ros2_humble/bin/cmake --build /home/dji/DJI_workshop/LZP_PSDK/ros2_workplace/build/yolo_detect -- -j4 -l4
[0.112s] [0m
[0.113s] -- Found OpenCV installed in the system, will use it to display image in AdvancedSensing APIs
[0.113s] --  - Includes: /open_app/miniconda3/envs/ros2_humble/include/opencv4
[0.113s] yolo_detect...[0m
[0.113s] --  - Libraries: opencv_calib3d;opencv_core;opencv_dnn;opencv_features2d;opencv_flann;opencv_gapi;opencv_highgui;opencv_imgcodecs;opencv_imgproc;opencv_ml;opencv_objdetect;opencv_photo;opencv_stitching;opencv_video;opencv_videoio;opencv_alphamat;opencv_aruco;opencv_barcode;opencv_bgsegm;opencv_bioinspired;opencv_ccalib;opencv_cvv;opencv_datasets;opencv_dnn_objdetect;opencv_dnn_superres;opencv_dpm;opencv_face;opencv_freetype;opencv_fuzzy;opencv_hdf;opencv_hfs;opencv_img_hash;opencv_intensity_transform;opencv_line_descriptor;opencv_mcc;opencv_optflow;opencv_phase_unwrapping;opencv_plot;opencv_quality;opencv_rapid;opencv_reg;opencv_rgbd;opencv_saliency;opencv_shape;opencv_stereo;opencv_structured_light;opencv_superres;opencv_surface_matching;opencv_text;opencv_tracking;opencv_videostab;opencv_wechat_qrcode;opencv_xfeatures2d;opencv_ximgproc;opencv_xobjdetect;opencv_xphoto
[0.137s] -- Cannot Find FFMPEG
[0.137s] -- Found ament_cmake: 1.3.3 (/open_app/miniconda3/envs/ros2_humble/share/ament_cmake/cmake)
[0.330s] -- Found rclcpp: 16.0.3 (/open_app/miniconda3/envs/ros2_humble/share/rclcpp/cmake)
[0.377s] -- Found rosidl_generator_c: 3.1.4 (/open_app/miniconda3/envs/ros2_humble/share/rosidl_generator_c/cmake)
[0.380s] -- Found rosidl_adapter: 3.1.4 (/open_app/miniconda3/envs/ros2_humble/share/rosidl_adapter/cmake)
[0.390s] -- Found rosidl_generator_cpp: 3.1.4 (/open_app/miniconda3/envs/ros2_humble/share/rosidl_generator_cpp/cmake)
[0.409s] -- Using all available rosidl_typesupport_c: rosidl_typesupport_fastrtps_c;rosidl_typesupport_introspection_c
[0.436s] -- Using all available rosidl_typesupport_cpp: rosidl_typesupport_fastrtps_cpp;rosidl_typesupport_introspection_cpp
[0.569s] -- Found rmw_implementation_cmake: 6.1.1 (/open_app/miniconda3/envs/ros2_humble/share/rmw_implementation_cmake/cmake)
[0.571s] -- Found rmw_fastrtps_cpp: 6.2.2 (/open_app/miniconda3/envs/ros2_humble/share/rmw_fastrtps_cpp/cmake)
[0.779s] -- Using RMW implementation 'rmw_fastrtps_cpp' as default
[0.965s] -- Found std_msgs: 4.2.3 (/open_app/miniconda3/envs/ros2_humble/share/std_msgs/cmake)
[1.018s] -- Found ament_lint_auto: 0.12.5 (/open_app/miniconda3/envs/ros2_humble/share/ament_lint_auto/cmake)
[1.192s] -- Added test 'cppcheck' to perform static code analysis on C / C++ code
[1.193s] -- Configured cppcheck include dirs: /home/dji/DJI_workshop/LZP_PSDK/ros2_workplace/src/yolo_detect/../../../Payload-SDK/samples/sample_c++/platform/linux/manifold3/../my_code;/home/dji/DJI_workshop/LZP_PSDK/ros2_workplace/src/yolo_detect/../../../Payload-SDK/samples/sample_c++/platform/linux/manifold3/../../../module_sample;/home/dji/DJI_workshop/LZP_PSDK/ros2_workplace/src/yolo_detect/../../../Payload-SDK/samples/sample_c++/platform/linux/manifold3/../../../../sample_c/module_sample;/home/dji/DJI_workshop/LZP_PSDK/ros2_workplace/src/yolo_detect/../../../Payload-SDK/samples/sample_c++/platform/linux/manifold3/../../../../sample_c/module_sample/liveview;/home/dji/DJI_workshop/LZP_PSDK/ros2_workplace/src/yolo_detect/../../../Payload-SDK/samples/sample_c++/platform/linux/manifold3/../common;/home/dji/DJI_workshop/LZP_PSDK/ros2_workplace/src/yolo_detect/../../../Payload-SDK/samples/sample_c++/platform/linux/manifold3/../manifold3/application;/home/dji/DJI_workshop/LZP_PSDK/ros2_workplace/src/yolo_detect/include_directories;/home/dji/DJI_workshop/LZP_PSDK/ros2_workplace/src/yolo_detect/(;/home/dji/DJI_workshop/LZP_PSDK/ros2_workplace/src/yolo_detect/../../../Payload-SDK/samples/sample_c++/platform/linux/manifold3/../../../../../psdk_lib/include;/home/dji/DJI_workshop/LZP_PSDK/ros2_workplace/src/yolo_detect/);/home/dji/DJI_workshop/LZP_PSDK/ros2_workplace/src/yolo_detect/./include;/home/dji/DJI_workshop/LZP_PSDK/ros2_workplace/src/yolo_detect/./yolo;/home/dji/DJI_workshop/LZP_PSDK/ros2_workplace/src/yolo_detect/./yolo/include
[1.193s] -- Configured cppcheck exclude dirs and/or files: 
[1.195s] -- Added test 'lint_cmake' to check CMake code style
[1.198s] -- Added test 'uncrustify' to check C / C++ code style
[1.198s] -- Configured uncrustify additional arguments: 
[1.199s] -- Added test 'xmllint' to check XML markup files
[1.201s] -- Configuring done (1.1s)
[1.262s] -- Generating done (0.0s)
[1.272s] -- Build files have been written to: /home/dji/DJI_workshop/LZP_PSDK/ros2_workplace/build/yolo_detect
[1.303s] make[2]: Warning: File '/home/dji/DJI_workshop/LZP_PSDK/ros2_workplace/src/yolo_detect/yolo/preprocess.cu' has modification time 302941 s in the future
[1.313s] [  1%] [34m[1mBuilding NVCC (Device) object CMakeFiles/yolo_detect.dir/yolo/yolo_detect_generated_preprocess.cu.o[0m
[3.850s] /open_app/miniconda3/envs/ros2_humble/include/opencv4/opencv2/stitching/detail/warpers.hpp(235): warning: overloaded virtual function "cv::detail::PlaneWarper::buildMaps" is only partially overridden in class "cv::detail::AffineWarper"
[3.851s] 
[3.851s] /open_app/miniconda3/envs/ros2_humble/include/opencv4/opencv2/stitching/detail/warpers.hpp(235): warning: overloaded virtual function "cv::detail::PlaneWarper::warp" is only partially overridden in class "cv::detail::AffineWarper"
[3.851s] 
[4.074s] /open_app/miniconda3/envs/ros2_humble/include/opencv4/opencv2/stitching/detail/blenders.hpp(100): warning: overloaded virtual function "cv::detail::Blender::prepare" is only partially overridden in class "cv::detail::FeatherBlender"
[4.075s] 
[4.075s] /open_app/miniconda3/envs/ros2_humble/include/opencv4/opencv2/stitching/detail/blenders.hpp(127): warning: overloaded virtual function "cv::detail::Blender::prepare" is only partially overridden in class "cv::detail::MultiBandBlender"
[4.075s] 
[7.931s] /open_app/miniconda3/envs/ros2_humble/include/opencv4/opencv2/stitching/detail/warpers.hpp(235): warning: overloaded virtual function "cv::detail::PlaneWarper::buildMaps" is only partially overridden in class "cv::detail::AffineWarper"
[7.932s] 
[7.932s] /open_app/miniconda3/envs/ros2_humble/include/opencv4/opencv2/stitching/detail/warpers.hpp(235): warning: overloaded virtual function "cv::detail::PlaneWarper::warp" is only partially overridden in class "cv::detail::AffineWarper"
[7.932s] 
[8.195s] /open_app/miniconda3/envs/ros2_humble/include/opencv4/opencv2/stitching/detail/blenders.hpp(100): warning: overloaded virtual function "cv::detail::Blender::prepare" is only partially overridden in class "cv::detail::FeatherBlender"
[8.195s] 
[8.195s] /open_app/miniconda3/envs/ros2_humble/include/opencv4/opencv2/stitching/detail/blenders.hpp(127): warning: overloaded virtual function "cv::detail::Blender::prepare" is only partially overridden in class "cv::detail::MultiBandBlender"
[8.195s] 
[12.979s] make[2]: warning:  Clock skew detected.  Your build may be incomplete.
[12.986s] make[2]: Warning: File '/home/dji/DJI_workshop/LZP_PSDK/ros2_workplace/src/yolo_detect/src/main.cpp' has modification time 436707 s in the future
[12.994s] [  5%] [32mBuilding CXX object CMakeFiles/yolo_detect.dir/home/dji/DJI_workshop/LZP_PSDK/Payload-SDK/samples/sample_c++/platform/linux/my_code/gimbale_manager.cpp.o[0m
[12.995s] [  5%] [32mBuilding CXX object CMakeFiles/yolo_detect.dir/home/dji/DJI_workshop/LZP_PSDK/Payload-SDK/samples/sample_c++/platform/linux/my_code/camera_manager.cpp.o[0m
[12.995s] [  5%] [32mBuilding CXX object CMakeFiles/yolo_detect.dir/src/main.cpp.o[0m
[12.996s] [  7%] [32mBuilding CXX object CMakeFiles/yolo_detect.dir/home/dji/DJI_workshop/LZP_PSDK/Payload-SDK/samples/sample_c++/platform/linux/manifold3/application/application.cpp.o[0m
[13.069s] [01m[K/home/dji/DJI_workshop/LZP_PSDK/Payload-SDK/samples/sample_c++/platform/linux/my_code/camera_manager.cpp:51:27:[m[K [01;35m[Kwarning: [m[KISO C++11 requires at least one argument for the "..." in a variadic macro
[13.069s]    51 |     USER_LOG_INFO("Finish"[01;35m[K)[m[K;
[13.069s]       |                           [01;35m[K^[m[K
[13.069s] [01m[K/home/dji/DJI_workshop/LZP_PSDK/Payload-SDK/samples/sample_c++/platform/linux/my_code/camera_manager.cpp:269:34:[m[K [01;35m[Kwarning: [m[KISO C++11 requires at least one argument for the "..." in a variadic macro
[13.069s]   269 |     USER_LOG_INFO("Sleep 0.5s..."[01;35m[K)[m[K;
[13.069s]       |                                  [01;35m[K^[m[K
[13.070s] [01m[K/home/dji/DJI_workshop/LZP_PSDK/Payload-SDK/samples/sample_c++/platform/linux/my_code/camera_manager.cpp:331:34:[m[K [01;35m[Kwarning: [m[KISO C++11 requires at least one argument for the "..." in a variadic macro
[13.070s]   331 |     USER_LOG_INFO("Sleep 0.5s..."[01;35m[K)[m[K;
[13.070s]       |                                  [01;35m[K^[m[K
[13.070s] [01m[K/home/dji/DJI_workshop/LZP_PSDK/Payload-SDK/samples/sample_c++/platform/linux/my_code/camera_manager.cpp:403:34:[m[K [01;35m[Kwarning: [m[KISO C++11 requires at least one argument for the "..." in a variadic macro
[13.070s]   403 |     USER_LOG_INFO("Sleep 0.5s..."[01;35m[K)[m[K;
[13.070s]       |                                  [01;35m[K^[m[K
[13.070s] [01m[K/home/dji/DJI_workshop/LZP_PSDK/Payload-SDK/samples/sample_c++/platform/linux/my_code/camera_manager.cpp:418:34:[m[K [01;35m[Kwarning: [m[KISO C++11 requires at least one argument for the "..." in a variadic macro
[13.071s]   418 |     USER_LOG_INFO("Sleep 0.5s..."[01;35m[K)[m[K;
[13.071s]       |                                  [01;35m[K^[m[K
[13.108s] In file included from [01m[K/home/dji/DJI_workshop/LZP_PSDK/Payload-SDK/samples/sample_c++/platform/linux/my_code/gimbal_manager.h:12[m[K,
[13.108s]                  from [01m[K/home/dji/DJI_workshop/LZP_PSDK/Payload-SDK/samples/sample_c++/platform/linux/my_code/gimbale_manager.cpp:1[m[K:
[13.109s] [01m[K/home/dji/DJI_workshop/LZP_PSDK/ros2_workplace/src/yolo_detect/../../../Payload-SDK/samples/sample_c++/platform/linux/manifold3/../../../../../psdk_lib/include/dji_fc_subscription.h:1216:9:[m[K [01;35m[Kwarning: [m[KISO C++ prohibits anonymous structs [[01;35m[K-Wpedantic[m[K]
[13.109s]  1216 |         [01;35m[K}[m[K;
[13.109s]       |         [01;35m[K^[m[K
[13.109s] [01m[K/home/dji/DJI_workshop/LZP_PSDK/ros2_workplace/src/yolo_detect/../../../Payload-SDK/samples/sample_c++/platform/linux/manifold3/../../../../../psdk_lib/include/dji_fc_subscription.h:1222:9:[m[K [01;35m[Kwarning: [m[KISO C++ prohibits anonymous structs [[01;35m[K-Wpedantic[m[K]
[13.110s]  1222 |         [01;35m[K}[m[K;
[13.110s]       |         [01;35m[K^[m[K
[13.112s] In file included from [01m[K/home/dji/DJI_workshop/LZP_PSDK/Payload-SDK/samples/sample_c++/platform/linux/my_code/gimbal_manager.h:8[m[K,
[13.112s]                  from [01m[K/home/dji/DJI_workshop/LZP_PSDK/Payload-SDK/samples/sample_c++/platform/linux/my_code/gimbale_manager.cpp:1[m[K:
[13.113s] [01m[K/home/dji/DJI_workshop/LZP_PSDK/Payload-SDK/samples/sample_c++/platform/linux/my_code/gimbale_manager.cpp:[m[K In function '[01m[KT_DjiReturnCode MY_GimbalSetAllMaxSpeed(E_DjiMountPosition, uint8_t)[m[K':
[13.113s] [01m[K/home/dji/DJI_workshop/LZP_PSDK/ros2_workplace/src/yolo_detect/../../../Payload-SDK/samples/sample_c++/platform/linux/manifold3/../../../../../psdk_lib/include/dji_logger.h:122:32:[m[K [01;35m[Kwarning: [m[Kthis statement may fall through [[01;35m[K-Wimplicit-fallthrough=[m[K]
[13.113s]   122 |         [01;35m[KDjiLogger_UserLogOutput(DJI_LOGGER_CONSOLE_LOG_LEVEL_ERROR, USER_LOG_PREFIX_FMT fmt, USER_LOG_PREFIX_ARG, ##__VA_ARGS__)[m[K
[13.114s]       |         [01;35m[K~~~~~~~~~~~~~~~~~~~~~~~^~~~~~~~~~~~~~~~~~~~~~~~~~~~~~~~~~~~~~~~~~~~~~~~~~~~~~~~~~~~~~~~~~~~~~~~~~~~~~~~~~~~~~~~~~~~~~~~~[m[K
[13.114s] [01m[K/home/dji/DJI_workshop/LZP_PSDK/Payload-SDK/samples/sample_c++/platform/linux/my_code/gimbale_manager.cpp:45:24:[m[K [01;36m[Knote: [m[Kin expansion of macro '[01m[KUSER_LOG_ERROR[m[K'
[13.114s]    45 |                 case 0:[01;36m[KUSER_LOG_ERROR[m[K("Gimbal's Pitch set max speed %f fail! code:0x%08X",returnCode,maxSpeedPercentage);
[13.115s]       |                        [01;36m[K^~~~~~~~~~~~~~[m[K
[13.115s] [01m[K/home/dji/DJI_workshop/LZP_PSDK/Payload-SDK/samples/sample_c++/platform/linux/my_code/gimbale_manager.cpp:46:17:[m[K [01;36m[Knote: [m[Khere
[13.116s]    46 |                 [01;36m[Kcase[m[K 1:USER_LOG_ERROR("Gimbal's Roll set max speed %f fail! code:0x%08X",returnCode,maxSpeedPercentage);
[13.116s]       |                 [01;36m[K^~~~[m[K
[13.116s] In file included from [01m[K/home/dji/DJI_workshop/LZP_PSDK/Payload-SDK/samples/sample_c++/platform/linux/my_code/gimbal_manager.h:8[m[K,
[13.116s]                  from [01m[K/home/dji/DJI_workshop/LZP_PSDK/Payload-SDK/samples/sample_c++/platform/linux/my_code/gimbale_manager.cpp:1[m[K:
[13.117s] [01m[K/home/dji/DJI_workshop/LZP_PSDK/ros2_workplace/src/yolo_detect/../../../Payload-SDK/samples/sample_c++/platform/linux/manifold3/../../../../../psdk_lib/include/dji_logger.h:122:32:[m[K [01;35m[Kwarning: [m[Kthis statement may fall through [[01;35m[K-Wimplicit-fallthrough=[m[K]
[13.117s]   122 |         [01;35m[KDjiLogger_UserLogOutput(DJI_LOGGER_CONSOLE_LOG_LEVEL_ERROR, USER_LOG_PREFIX_FMT fmt, USER_LOG_PREFIX_ARG, ##__VA_ARGS__)[m[K
[13.117s]       |         [01;35m[K~~~~~~~~~~~~~~~~~~~~~~~^~~~~~~~~~~~~~~~~~~~~~~~~~~~~~~~~~~~~~~~~~~~~~~~~~~~~~~~~~~~~~~~~~~~~~~~~~~~~~~~~~~~~~~~~~~~~~~~~[m[K
[13.117s] [01m[K/home/dji/DJI_workshop/LZP_PSDK/Payload-SDK/samples/sample_c++/platform/linux/my_code/gimbale_manager.cpp:46:24:[m[K [01;36m[Knote: [m[Kin expansion of macro '[01m[KUSER_LOG_ERROR[m[K'
[13.118s]    46 |                 case 1:[01;36m[KUSER_LOG_ERROR[m[K("Gimbal's Roll set max speed %f fail! code:0x%08X",returnCode,maxSpeedPercentage);
[13.118s]       |                        [01;36m[K^~~~~~~~~~~~~~[m[K
[13.118s] [01m[K/home/dji/DJI_workshop/LZP_PSDK/Payload-SDK/samples/sample_c++/platform/linux/my_code/gimbale_manager.cpp:47:17:[m[K [01;36m[Knote: [m[Khere
[13.119s]    47 |                 [01;36m[Kcase[m[K 2:USER_LOG_ERROR("Gimbal's Yaw set max speed %f fail! code:0x%08X",returnCode,maxSpeedPercentage);
[13.119s]       |                 [01;36m[K^~~~[m[K
[13.119s] In file included from [01m[K/home/dji/DJI_workshop/LZP_PSDK/Payload-SDK/samples/sample_c++/platform/linux/my_code/gimbal_manager.h:8[m[K,
[13.119s]                  from [01m[K/home/dji/DJI_workshop/LZP_PSDK/Payload-SDK/samples/sample_c++/platform/linux/my_code/gimbale_manager.cpp:1[m[K:
[13.119s] [01m[K/home/dji/DJI_workshop/LZP_PSDK/Payload-SDK/samples/sample_c++/platform/linux/my_code/gimbale_manager.cpp:[m[K In function '[01m[KT_DjiReturnCode MY_GimbalSetAllSmoothFactor(E_DjiMountPosition, uint8_t)[m[K':
[13.119s] [01m[K/home/dji/DJI_workshop/LZP_PSDK/ros2_workplace/src/yolo_detect/../../../Payload-SDK/samples/sample_c++/platform/linux/manifold3/../../../../../psdk_lib/include/dji_logger.h:122:32:[m[K [01;35m[Kwarning: [m[Kthis statement may fall through [[01;35m[K-Wimplicit-fallthrough=[m[K]
[13.119s]   122 |         [01;35m[KDjiLogger_UserLogOutput(DJI_LOGGER_CONSOLE_LOG_LEVEL_ERROR, USER_LOG_PREFIX_FMT fmt, USER_LOG_PREFIX_ARG, ##__VA_ARGS__)[m[K
[13.120s]       |         [01;35m[K~~~~~~~~~~~~~~~~~~~~~~~^~~~~~~~~~~~~~~~~~~~~~~~~~~~~~~~~~~~~~~~~~~~~~~~~~~~~~~~~~~~~~~~~~~~~~~~~~~~~~~~~~~~~~~~~~~~~~~~~[m[K
[13.120s] [01m[K/home/dji/DJI_workshop/LZP_PSDK/Payload-SDK/samples/sample_c++/platform/linux/my_code/gimbale_manager.cpp:77:24:[m[K [01;36m[Knote: [m[Kin expansion of macro '[01m[KUSER_LOG_ERROR[m[K'
[13.120s]    77 |                 case 0:[01;36m[KUSER_LOG_ERROR[m[K("Gimbal's Pitch set max speed %f fail! code:0x%08X",returnCode,smoothingFactor);
[13.120s]       |                        [01;36m[K^~~~~~~~~~~~~~[m[K
[13.120s] [01m[K/home/dji/DJI_workshop/LZP_PSDK/Payload-SDK/samples/sample_c++/platform/linux/my_code/gimbale_manager.cpp:78:17:[m[K [01;36m[Knote: [m[Khere
[13.120s]    78 |                 [01;36m[Kcase[m[K 1:USER_LOG_ERROR("Gimbal's Roll set max speed %f fail! code:0x%08X",returnCode,smoothingFactor);
[13.120s]       |                 [01;36m[K^~~~[m[K
[13.121s] In file included from [01m[K/home/dji/DJI_workshop/LZP_PSDK/Payload-SDK/samples/sample_c++/platform/linux/my_code/gimbal_manager.h:8[m[K,
[13.121s]                  from [01m[K/home/dji/DJI_workshop/LZP_PSDK/Payload-SDK/samples/sample_c++/platform/linux/my_code/gimbale_manager.cpp:1[m[K:
[13.121s] [01m[K/home/dji/DJI_workshop/LZP_PSDK/ros2_workplace/src/yolo_detect/../../../Payload-SDK/samples/sample_c++/platform/linux/manifold3/../../../../../psdk_lib/include/dji_logger.h:122:32:[m[K [01;35m[Kwarning: [m[Kthis statement may fall through [[01;35m[K-Wimplicit-fallthrough=[m[K]
[13.121s]   122 |         [01;35m[KDjiLogger_UserLogOutput(DJI_LOGGER_CONSOLE_LOG_LEVEL_ERROR, USER_LOG_PREFIX_FMT fmt, USER_LOG_PREFIX_ARG, ##__VA_ARGS__)[m[K
[13.121s]       |         [01;35m[K~~~~~~~~~~~~~~~~~~~~~~~^~~~~~~~~~~~~~~~~~~~~~~~~~~~~~~~~~~~~~~~~~~~~~~~~~~~~~~~~~~~~~~~~~~~~~~~~~~~~~~~~~~~~~~~~~~~~~~~~[m[K
[13.121s] [01m[K/home/dji/DJI_workshop/LZP_PSDK/Payload-SDK/samples/sample_c++/platform/linux/my_code/gimbale_manager.cpp:78:24:[m[K [01;36m[Knote: [m[Kin expansion of macro '[01m[KUSER_LOG_ERROR[m[K'
[13.121s]    78 |                 case 1:[01;36m[KUSER_LOG_ERROR[m[K("Gimbal's Roll set max speed %f fail! code:0x%08X",returnCode,smoothingFactor);
[13.121s]       |                        [01;36m[K^~~~~~~~~~~~~~[m[K
[13.122s] [01m[K/home/dji/DJI_workshop/LZP_PSDK/Payload-SDK/samples/sample_c++/platform/linux/my_code/gimbale_manager.cpp:79:17:[m[K [01;36m[Knote: [m[Khere
[13.122s]    79 |                 [01;36m[Kcase[m[K 2:USER_LOG_ERROR("Gimbal's Yaw set max speed %f fail! code:0x%08X",returnCode,smoothingFactor);
[13.122s]       |                 [01;36m[K^~~~[m[K
[13.192s] [  8%] [32mBuilding C object CMakeFiles/yolo_detect.dir/home/dji/DJI_workshop/LZP_PSDK/Payload-SDK/samples/sample_c/module_sample/camera_emu/dji_media_file_manage/dji_media_file_core.c.o[0m
[13.255s] In file included from [01m[K/home/dji/DJI_workshop/LZP_PSDK/ros2_workplace/src/yolo_detect/../../../Payload-SDK/samples/sample_c++/platform/linux/manifold3/../../../../../psdk_lib/include/dji_typedef.h:38[m[K,
[13.256s]                  from [01m[K/home/dji/DJI_workshop/LZP_PSDK/ros2_workplace/src/yolo_detect/../../../Payload-SDK/samples/sample_c++/platform/linux/manifold3/../../../../../psdk_lib/include/dji_platform.h:31[m[K,
[13.256s]                  from [01m[K/home/dji/DJI_workshop/LZP_PSDK/ros2_workplace/src/yolo_detect/../../../Payload-SDK/samples/sample_c++/platform/linux/manifold3/../../../../../psdk_lib/include/dji_logger.h:31[m[K,
[13.256s]                  from [01m[K/home/dji/DJI_workshop/LZP_PSDK/Payload-SDK/samples/sample_c/module_sample/camera_emu/dji_media_file_manage/dji_media_file_core.c:27[m[K:
[13.256s] [01m[K/home/dji/DJI_workshop/LZP_PSDK/ros2_workplace/src/yolo_detect/../../../Payload-SDK/samples/sample_c++/platform/linux/manifold3/../../../../../psdk_lib/include/dji_error.h:44:1:[m[K [01;35m[Kwarning: [m[KISO C restricts enumerator values to range of '[01m[Kint[m[K' [[01;35m[K-Wpedantic[m[K]
[13.256s]    44 | [01;35m[K([m[K(uint64_t)0 | \
[13.256s]       | [01;35m[K^[m[K
[13.256s] [01m[K/home/dji/DJI_workshop/LZP_PSDK/ros2_workplace/src/yolo_detect/../../../Payload-SDK/samples/sample_c++/platform/linux/manifold3/../../../../../psdk_lib/include/dji_error.h:998:63:[m[K [01;36m[Knote: [m[Kin expansion of macro '[01m[KDJI_ERROR_CODE[m[K'
[13.257s]   998 |     DJI_ERROR_GIMBAL_MODULE_CODE_PITCH_REACH_POSITIVE_LIMIT = [01;36m[KDJI_ERROR_CODE[m[K(DJI_ERROR_MODULE_GIMBAL, DJI_ERROR_GIMBAL_MODULE_RAW_CODE_PITCH_REACH_POSITIVE_LIMIT),
[13.257s]       |                                                               [01;36m[K^~~~~~~~~~~~~~[m[K
[13.257s] [01m[K/home/dji/DJI_workshop/LZP_PSDK/ros2_workplace/src/yolo_detect/../../../Payload-SDK/samples/sample_c++/platform/linux/manifold3/../../../../../psdk_lib/include/dji_error.h:44:1:[m[K [01;35m[Kwarning: [m[KISO C restricts enumerator values to range of '[01m[Kint[m[K' [[01;35m[K-Wpedantic[m[K]
[13.257s]    44 | [01;35m[K([m[K(uint64_t)0 | \
[13.257s]       | [01;35m[K^[m[K
[13.257s] [01m[K/home/dji/DJI_workshop/LZP_PSDK/ros2_workplace/src/yolo_detect/../../../Payload-SDK/samples/sample_c++/platform/linux/manifold3/../../../../../psdk_lib/include/dji_error.h:999:63:[m[K [01;36m[Knote: [m[Kin expansion of macro '[01m[KDJI_ERROR_CODE[m[K'
[13.257s]   999 |     DJI_ERROR_GIMBAL_MODULE_CODE_PITCH_REACH_NEGATIVE_LIMIT = [01;36m[KDJI_ERROR_CODE[m[K(DJI_ERROR_MODULE_GIMBAL, DJI_ERROR_GIMBAL_MODULE_RAW_CODE_PITCH_REACH_NEGATIVE_LIMIT),
[13.258s]       |                                                               [01;36m[K^~~~~~~~~~~~~~[m[K
[13.258s] [01m[K/home/dji/DJI_workshop/LZP_PSDK/ros2_workplace/src/yolo_detect/../../../Payload-SDK/samples/sample_c++/platform/linux/manifold3/../../../../../psdk_lib/include/dji_error.h:44:1:[m[K [01;35m[Kwarning: [m[KISO C restricts enumerator values to range of '[01m[Kint[m[K' [[01;35m[K-Wpedantic[m[K]
[13.258s]    44 | [01;35m[K([m[K(uint64_t)0 | \
[13.258s]       | [01;35m[K^[m[K
[13.258s] [01m[K/home/dji/DJI_workshop/LZP_PSDK/ros2_workplace/src/yolo_detect/../../../Payload-SDK/samples/sample_c++/platform/linux/manifold3/../../../../../psdk_lib/include/dji_error.h:1000:62:[m[K [01;36m[Knote: [m[Kin expansion of macro '[01m[KDJI_ERROR_CODE[m[K'
[13.258s]  1000 |     DJI_ERROR_GIMBAL_MODULE_CODE_ROLL_REACH_POSITIVE_LIMIT = [01;36m[KDJI_ERROR_CODE[m[K(DJI_ERROR_MODULE_GIMBAL, DJI_ERROR_GIMBAL_MODULE_RAW_CODE_ROLL_REACH_POSITIVE_LIMIT),
[13.258s]       |                                                              [01;36m[K^~~~~~~~~~~~~~[m[K
[13.259s] [01m[K/home/dji/DJI_workshop/LZP_PSDK/ros2_workplace/src/yolo_detect/../../../Payload-SDK/samples/sample_c++/platform/linux/manifold3/../../../../../psdk_lib/include/dji_error.h:44:1:[m[K [01;35m[Kwarning: [m[KISO C restricts enumerator values to range of '[01m[Kint[m[K' [[01;35m[K-Wpedantic[m[K]
[13.259s]    44 | [01;35m[K([m[K(uint64_t)0 | \
[13.259s]       | [01;35m[K^[m[K
[13.259s] [01m[K/home/dji/DJI_workshop/LZP_PSDK/ros2_workplace/src/yolo_detect/../../../Payload-SDK/samples/sample_c++/platform/linux/manifold3/../../../../../psdk_lib/include/dji_error.h:1001:62:[m[K [01;36m[Knote: [m[Kin expansion of macro '[01m[KDJI_ERROR_CODE[m[K'
[13.259s]  1001 |     DJI_ERROR_GIMBAL_MODULE_CODE_ROLL_REACH_NEGATIVE_LIMIT = [01;36m[KDJI_ERROR_CODE[m[K(DJI_ERROR_MODULE_GIMBAL, DJI_ERROR_GIMBAL_MODULE_RAW_CODE_ROLL_REACH_NEGATIVE_LIMIT),
[13.259s]       |                                                              [01;36m[K^~~~~~~~~~~~~~[m[K
[13.259s] [01m[K/home/dji/DJI_workshop/LZP_PSDK/ros2_workplace/src/yolo_detect/../../../Payload-SDK/samples/sample_c++/platform/linux/manifold3/../../../../../psdk_lib/include/dji_error.h:44:1:[m[K [01;35m[Kwarning: [m[KISO C restricts enumerator values to range of '[01m[Kint[m[K' [[01;35m[K-Wpedantic[m[K]
[13.259s]    44 | [01;35m[K([m[K(uint64_t)0 | \
[13.260s]       | [01;35m[K^[m[K
[13.260s] [01m[K/home/dji/DJI_workshop/LZP_PSDK/ros2_workplace/src/yolo_detect/../../../Payload-SDK/samples/sample_c++/platform/linux/manifold3/../../../../../psdk_lib/include/dji_error.h:1002:61:[m[K [01;36m[Knote: [m[Kin expansion of macro '[01m[KDJI_ERROR_CODE[m[K'
[13.260s]  1002 |     DJI_ERROR_GIMBAL_MODULE_CODE_YAW_REACH_POSITIVE_LIMIT = [01;36m[KDJI_ERROR_CODE[m[K(DJI_ERROR_MODULE_GIMBAL, DJI_ERROR_GIMBAL_MODULE_RAW_CODE_YAW_REACH_POSITIVE_LIMIT),
[13.260s]       |                                                             [01;36m[K^~~~~~~~~~~~~~[m[K
[13.260s] [01m[K/home/dji/DJI_workshop/LZP_PSDK/ros2_workplace/src/yolo_detect/../../../Payload-SDK/samples/sample_c++/platform/linux/manifold3/../../../../../psdk_lib/include/dji_error.h:44:1:[m[K [01;35m[Kwarning: [m[KISO C restricts enumerator values to range of '[01m[Kint[m[K' [[01;35m[K-Wpedantic[m[K]
[13.269s]    44 | [01;35m[K([m[K(uint64_t)0 | \
[13.270s]       | [01;35m[K^[m[K
[13.270s] [01m[K/home/dji/DJI_workshop/LZP_PSDK/ros2_workplace/src/yolo_detect/../../../Payload-SDK/samples/sample_c++/platform/linux/manifold3/../../../../../psdk_lib/include/dji_error.h:1003:61:[m[K [01;36m[Knote: [m[Kin expansion of macro '[01m[KDJI_ERROR_CODE[m[K'
[13.270s]  1003 |     DJI_ERROR_GIMBAL_MODULE_CODE_YAW_REACH_NEGATIVE_LIMIT = [01;36m[KDJI_ERROR_CODE[m[K(DJI_ERROR_MODULE_GIMBAL, DJI_ERROR_GIMBAL_MODULE_RAW_CODE_YAW_REACH_NEGATIVE_LIMIT),
[13.270s]       |                                                             [01;36m[K^~~~~~~~~~~~~~[m[K
[13.270s] [01m[K/home/dji/DJI_workshop/LZP_PSDK/ros2_workplace/src/yolo_detect/../../../Payload-SDK/samples/sample_c++/platform/linux/manifold3/../../../../../psdk_lib/include/dji_error.h:44:1:[m[K [01;35m[Kwarning: [m[KISO C restricts enumerator values to range of '[01m[Kint[m[K' [[01;35m[K-Wpedantic[m[K]
[13.270s]    44 | [01;35m[K([m[K(uint64_t)0 | \
[13.271s]       | [01;35m[K^[m[K
[13.271s] [01m[K/home/dji/DJI_workshop/LZP_PSDK/ros2_workplace/src/yolo_detect/../../../Payload-SDK/samples/sample_c++/platform/linux/manifold3/../../../../../psdk_lib/include/dji_error.h:1004:58:[m[K [01;36m[Knote: [m[Kin expansion of macro '[01m[KDJI_ERROR_CODE[m[K'
[13.271s]  1004 |     DJI_ERROR_GIMBAL_MODULE_CODE_NON_CONTROL_AUTHORITY = [01;36m[KDJI_ERROR_CODE[m[K(DJI_ERROR_MODULE_GIMBAL, DJI_ERROR_GIMBAL_MODULE_RAW_CODE_NON_CONTROL_AUTHORITY),
[13.271s]       |                                                          [01;36m[K^~~~~~~~~~~~~~[m[K
[13.271s] [01m[K/home/dji/DJI_workshop/LZP_PSDK/ros2_workplace/src/yolo_detect/../../../Payload-SDK/samples/sample_c++/platform/linux/manifold3/../../../../../psdk_lib/include/dji_error.h:44:1:[m[K [01;35m[Kwarning: [m[KISO C restricts enumerator values to range of '[01m[Kint[m[K' [[01;35m[K-Wpedantic[m[K]
[13.271s]    44 | [01;35m[K([m[K(uint64_t)0 | \
[13.271s]       | [01;35m[K^[m[K
[13.272s] [01m[K/home/dji/DJI_workshop/LZP_PSDK/ros2_workplace/src/yolo_detect/../../../Payload-SDK/samples/sample_c++/platform/linux/manifold3/../../../../../psdk_lib/include/dji_error.h:1007:70:[m[K [01;36m[Knote: [m[Kin expansion of macro '[01m[KDJI_ERROR_CODE[m[K'
[13.272s]  1007 |     DJI_ERROR_PAYLOAD_COLLABORATION_MODULE_CODE_POSITION_NOT_MATCH = [01;36m[KDJI_ERROR_CODE[m[K(DJI_ERROR_MODULE_PAYLOAD_COLLABORATION, DJI_ERROR_PAYLOAD_COLLABORATION_MODULE_RAW_CODE_POSITION_NOT_MATCH),
[13.272s]       |                                                                      [01;36m[K^~~~~~~~~~~~~~[m[K
[13.272s] [01m[K/home/dji/DJI_workshop/LZP_PSDK/ros2_workplace/src/yolo_detect/../../../Payload-SDK/samples/sample_c++/platform/linux/manifold3/../../../../../psdk_lib/include/dji_error.h:44:1:[m[K [01;35m[Kwarning: [m[KISO C restricts enumerator values to range of '[01m[Kint[m[K' [[01;35m[K-Wpedantic[m[K]
[13.277s]    44 | [01;35m[K([m[K(uint64_t)0 | \
[13.278s]       | [01;35m[K^[m[K
[13.278s] [01m[K/home/dji/DJI_workshop/LZP_PSDK/ros2_workplace/src/yolo_detect/../../../Payload-SDK/samples/sample_c++/platform/linux/manifold3/../../../../../psdk_lib/include/dji_error.h:1010:63:[m[K [01;36m[Knote: [m[Kin expansion of macro '[01m[KDJI_ERROR_CODE[m[K'
[13.279s]  1010 |     DJI_ERROR_IDENTITY_MODULE_CODE_ACTIVATE_PARAMETER_ERROR = [01;36m[KDJI_ERROR_CODE[m[K(DJI_ERROR_MODULE_IDENTITY, DJI_ERROR_IDENTITY_MODULE_RAW_CODE_ACTIVATE_PARAMETER_ERROR),
[13.279s]       |                                                               [01;36m[K^~~~~~~~~~~~~~[m[K
[13.283s] [01m[K/home/dji/DJI_workshop/LZP_PSDK/ros2_workplace/src/yolo_detect/../../../Payload-SDK/samples/sample_c++/platform/linux/manifold3/../../../../../psdk_lib/include/dji_error.h:44:1:[m[K [01;35m[Kwarning: [m[KISO C restricts enumerator values to range of '[01m[Kint[m[K' [[01;35m[K-Wpedantic[m[K]
[13.284s]    44 | [01;35m[K([m[K(uint64_t)0 | \
[13.285s]       | [01;35m[K^[m[K
[13.288s] [01m[K/home/dji/DJI_workshop/LZP_PSDK/ros2_workplace/src/yolo_detect/../../../Payload-SDK/samples/sample_c++/platform/linux/manifold3/../../../../../psdk_lib/include/dji_error.h:1011:60:[m[K [01;36m[Knote: [m[Kin expansion of macro '[01m[KDJI_ERROR_CODE[m[K'
[13.288s]  1011 |     DJI_ERROR_IDENTITY_MODULE_CODE_ACTIVATE_ENCODE_ERROR = [01;36m[KDJI_ERROR_CODE[m[K(DJI_ERROR_MODULE_IDENTITY, DJI_ERROR_IDENTITY_MODULE_RAW_CODE_ACTIVATE_ENCODE_ERROR),
[13.288s]       |                                                            [01;36m[K^~~~~~~~~~~~~~[m[K
[13.289s] [01m[K/home/dji/DJI_workshop/LZP_PSDK/ros2_workplace/src/yolo_detect/../../../Payload-SDK/samples/sample_c++/platform/linux/manifold3/../../../../../psdk_lib/include/dji_error.h:44:1:[m[K [01;35m[Kwarning: [m[KISO C restricts enumerator values to range of '[01m[Kint[m[K' [[01;35m[K-Wpedantic[m[K]
[13.289s]    44 | [01;35m[K([m[K(uint64_t)0 | \
[13.289s]       | [01;35m[K^[m[K
[13.289s] [01m[K/home/dji/DJI_workshop/LZP_PSDK/ros2_workplace/src/yolo_detect/../../../Payload-SDK/samples/sample_c++/platform/linux/manifold3/../../../../../psdk_lib/include/dji_error.h:1012:64:[m[K [01;36m[Knote: [m[Kin expansion of macro '[01m[KDJI_ERROR_CODE[m[K'
[13.289s]  1012 |     DJI_ERROR_IDENTITY_MODULE_CODE_ACTIVATE_NEW_DEVICE_ERROR = [01;36m[KDJI_ERROR_CODE[m[K(DJI_ERROR_MODULE_IDENTITY, DJI_ERROR_IDENTITY_MODULE_RAW_CODE_ACTIVATE_NEW_DEVICE_ERROR),
[13.289s]       |                                                                [01;36m[K^~~~~~~~~~~~~~[m[K
[13.289s] [01m[K/home/dji/DJI_workshop/LZP_PSDK/ros2_workplace/src/yolo_detect/../../../Payload-SDK/samples/sample_c++/platform/linux/manifold3/../../../../../psdk_lib/include/dji_error.h:44:1:[m[K [01;35m[Kwarning: [m[KISO C restricts enumerator values to range of '[01m[Kint[m[K' [[01;35m[K-Wpedantic[m[K]
[13.290s]    44 | [01;35m[K([m[K(uint64_t)0 | \
[13.290s]       | [01;35m[K^[m[K
[13.290s] [01m[K/home/dji/DJI_workshop/LZP_PSDK/ros2_workplace/src/yolo_detect/../../../Payload-SDK/samples/sample_c++/platform/linux/manifold3/../../../../../psdk_lib/include/dji_error.h:1013:70:[m[K [01;36m[Knote: [m[Kin expansion of macro '[01m[KDJI_ERROR_CODE[m[K'
[13.290s]  1013 |     DJI_ERROR_IDENTITY_MODULE_CODE_ACTIVATE_SOFTWARE_NOT_CONNECTED = [01;36m[KDJI_ERROR_CODE[m[K(DJI_ERROR_MODULE_IDENTITY, DJI_ERROR_IDENTITY_MODULE_RAW_CODE_ACTIVATE_SOFTWARE_NOT_CONNECTED),
[13.290s]       |                                                                      [01;36m[K^~~~~~~~~~~~~~[m[K
[13.290s] [01m[K/home/dji/DJI_workshop/LZP_PSDK/ros2_workplace/src/yolo_detect/../../../Payload-SDK/samples/sample_c++/platform/linux/manifold3/../../../../../psdk_lib/include/dji_error.h:44:1:[m[K [01;35m[Kwarning: [m[KISO C restricts enumerator values to range of '[01m[Kint[m[K' [[01;35m[K-Wpedantic[m[K]
[13.290s]    44 | [01;35m[K([m[K(uint64_t)0 | \
[13.291s]       | [01;35m[K^[m[K
[13.291s] [01m[K/home/dji/DJI_workshop/LZP_PSDK/ros2_workplace/src/yolo_detect/../../../Payload-SDK/samples/sample_c++/platform/linux/manifold3/../../../../../psdk_lib/include/dji_error.h:1014:61:[m[K [01;36m[Knote: [m[Kin expansion of macro '[01m[KDJI_ERROR_CODE[m[K'
[13.291s]  1014 |     DJI_ERROR_IDENTITY_MODULE_CODE_ACTIVATE_NETWORK_ERROR = [01;36m[KDJI_ERROR_CODE[m[K(DJI_ERROR_MODULE_IDENTITY, DJI_ERROR_IDENTITY_MODULE_RAW_CODE_ACTIVATE_NETWORK_ERROR),
[13.291s]       |                                                             [01;36m[K^~~~~~~~~~~~~~[m[K
[13.291s] [01m[K/home/dji/DJI_workshop/LZP_PSDK/ros2_workplace/src/yolo_detect/../../../Payload-SDK/samples/sample_c++/platform/linux/manifold3/../../../../../psdk_lib/include/dji_error.h:44:1:[m[K [01;35m[Kwarning: [m[KISO C restricts enumerator values to range of '[01m[Kint[m[K' [[01;35m[K-Wpedantic[m[K]
[13.291s]    44 | [01;35m[K([m[K(uint64_t)0 | \
[13.291s]       | [01;35m[K^[m[K
[13.292s] [01m[K/home/dji/DJI_workshop/LZP_PSDK/ros2_workplace/src/yolo_detect/../../../Payload-SDK/samples/sample_c++/platform/linux/manifold3/../../../../../psdk_lib/include/dji_error.h:1015:69:[m[K [01;36m[Knote: [m[Kin expansion of macro '[01m[KDJI_ERROR_CODE[m[K'
[13.292s]  1015 |     DJI_ERROR_IDENTITY_MODULE_CODE_ACTIVATE_SERVER_ACCESS_REFUSED = [01;36m[KDJI_ERROR_CODE[m[K(DJI_ERROR_MODULE_IDENTITY, DJI_ERROR_IDENTITY_MODULE_RAW_CODE_ACTIVATE_SERVER_ACCESS_REFUSED),
[13.292s]       |                                                                     [01;36m[K^~~~~~~~~~~~~~[m[K
[13.292s] [01m[K/home/dji/DJI_workshop/LZP_PSDK/ros2_workplace/src/yolo_detect/../../../Payload-SDK/samples/sample_c++/platform/linux/manifold3/../../../../../psdk_lib/include/dji_error.h:44:1:[m[K [01;35m[Kwarning: [m[KISO C restricts enumerator values to range of '[01m[Kint[m[K' [[01;35m[K-Wpedantic[m[K]
[13.292s]    44 | [01;35m[K([m[K(uint64_t)0 | \
[13.292s]       | [01;35m[K^[m[K
[13.292s] [01m[K/home/dji/DJI_workshop/LZP_PSDK/ros2_workplace/src/yolo_detect/../../../Payload-SDK/samples/sample_c++/platform/linux/manifold3/../../../../../psdk_lib/include/dji_error.h:1016:66:[m[K [01;36m[Knote: [m[Kin expansion of macro '[01m[KDJI_ERROR_CODE[m[K'
[13.292s]  1016 |     DJI_ERROR_IDENTITY_MODULE_CODE_ACTIVATE_ACCESS_LEVEL_ERROR = [01;36m[KDJI_ERROR_CODE[m[K(DJI_ERROR_MODULE_IDENTITY, DJI_ERROR_IDENTITY_MODULE_RAW_CODE_ACTIVATE_ACCESS_LEVEL_ERROR),
[13.293s]       |                                                                  [01;36m[K^~~~~~~~~~~~~~[m[K
[13.293s] [01m[K/home/dji/DJI_workshop/LZP_PSDK/ros2_workplace/src/yolo_detect/../../../Payload-SDK/samples/sample_c++/platform/linux/manifold3/../../../../../psdk_lib/include/dji_error.h:44:1:[m[K [01;35m[Kwarning: [m[KISO C restricts enumerator values to range of '[01m[Kint[m[K' [[01;35m[K-Wpedantic[m[K]
[13.293s]    44 | [01;35m[K([m[K(uint64_t)0 | \
[13.293s]       | [01;35m[K^[m[K
[13.293s] [01m[K/home/dji/DJI_workshop/LZP_PSDK/ros2_workplace/src/yolo_detect/../../../Payload-SDK/samples/sample_c++/platform/linux/manifold3/../../../../../psdk_lib/include/dji_error.h:1017:66:[m[K [01;36m[Knote: [m[Kin expansion of macro '[01m[KDJI_ERROR_CODE[m[K'
[13.293s]  1017 |     DJI_ERROR_IDENTITY_MODULE_CODE_ACTIVATE_OSDK_VERSION_ERROR = [01;36m[KDJI_ERROR_CODE[m[K(DJI_ERROR_MODULE_IDENTITY, DJI_ERROR_IDENTITY_MODULE_RAW_CODE_ACTIVATE_OSDK_VERSION_ERROR),
[13.293s]       |                                                                  [01;36m[K^~~~~~~~~~~~~~[m[K
[13.294s] [01m[K/home/dji/DJI_workshop/LZP_PSDK/ros2_workplace/src/yolo_detect/../../../Payload-SDK/samples/sample_c++/platform/linux/manifold3/../../../../../psdk_lib/include/dji_error.h:44:1:[m[K [01;35m[Kwarning: [m[KISO C restricts enumerator values to range of '[01m[Kint[m[K' [[01;35m[K-Wpedantic[m[K]
[13.294s]    44 | [01;35m[K([m[K(uint64_t)0 | \
[13.303s]       | [01;35m[K^[m[K
[13.304s] [01m[K/home/dji/DJI_workshop/LZP_PSDK/ros2_workplace/src/yolo_detect/../../../Payload-SDK/samples/sample_c++/platform/linux/manifold3/../../../../../psdk_lib/include/dji_error.h:1020:61:[m[K [01;36m[Knote: [m[Kin expansion of macro '[01m[KDJI_ERROR_CODE[m[K'
[13.305s]  1020 |     DJI_ERROR_SUBSCRIPTION_MODULE_CODE_INVALID_TOPIC_FREQ = [01;36m[KDJI_ERROR_CODE[m[K(DJI_ERROR_MODULE_SUBSCRIPTION, DJI_ERROR_SUBSCRIPTION_MODULE_RAW_CODE_INVALID_TOPIC_FREQ),
[13.305s]       |                                                             [01;36m[K^~~~~~~~~~~~~~[m[K
[13.305s] [01m[K/home/dji/DJI_workshop/LZP_PSDK/ros2_workplace/src/yolo_detect/../../../Payload-SDK/samples/sample_c++/platform/linux/manifold3/../../../../../psdk_lib/include/dji_error.h:44:1:[m[K [01;35m[Kwarning: [m[KISO C restricts enumerator values to range of '[01m[Kint[m[K' [[01;35m[K-Wpedantic[m[K]
[13.305s]    44 | [01;35m[K([m[K(uint64_t)0 | \
[13.305s]       | [01;35m[K^[m[K
[13.305s] [01m[K/home/dji/DJI_workshop/LZP_PSDK/ros2_workplace/src/yolo_detect/../../../Payload-SDK/samples/sample_c++/platform/linux/manifold3/../../../../../psdk_lib/include/dji_error.h:1021:58:[m[K [01;36m[Knote: [m[Kin expansion of macro '[01m[KDJI_ERROR_CODE[m[K'
[13.305s]  1021 |     DJI_ERROR_SUBSCRIPTION_MODULE_CODE_TOPIC_DUPLICATE = [01;36m[KDJI_ERROR_CODE[m[K(DJI_ERROR_MODULE_SUBSCRIPTION, DJI_ERROR_SUBSCRIPTION_MODULE_RAW_CODE_TOPIC_DUPLICATE),
[13.306s]       |                                                          [01;36m[K^~~~~~~~~~~~~~[m[K
[13.306s] [01m[K/home/dji/DJI_workshop/LZP_PSDK/ros2_workplace/src/yolo_detect/../../../Payload-SDK/samples/sample_c++/platform/linux/manifold3/../../../../../psdk_lib/include/dji_error.h:44:1:[m[K [01;35m[Kwarning: [m[KISO C restricts enumerator values to range of '[01m[Kint[m[K' [[01;35m[K-Wpedantic[m[K]
[13.306s]    44 | [01;35m[K([m[K(uint64_t)0 | \
[13.306s]       | [01;35m[K^[m[K
[13.306s] [01m[K/home/dji/DJI_workshop/LZP_PSDK/ros2_workplace/src/yolo_detect/../../../Payload-SDK/samples/sample_c++/platform/linux/manifold3/../../../../../psdk_lib/include/dji_error.h:1022:63:[m[K [01;36m[Knote: [m[Kin expansion of macro '[01m[KDJI_ERROR_CODE[m[K'
[13.307s]  1022 |     DJI_ERROR_SUBSCRIPTION_MODULE_CODE_TOPIC_NOT_SUBSCRIBED = [01;36m[KDJI_ERROR_CODE[m[K(DJI_ERROR_MODULE_SUBSCRIPTION, DJI_ERROR_SUBSCRIPTION_MODULE_RAW_CODE_TOPIC_NOT_SUBSCRIBED),
[13.307s]       |                                                               [01;36m[K^~~~~~~~~~~~~~[m[K
[13.308s] [01m[K/home/dji/DJI_workshop/LZP_PSDK/ros2_workplace/src/yolo_detect/../../../Payload-SDK/samples/sample_c++/platform/linux/manifold3/../../../../../psdk_lib/include/dji_error.h:44:1:[m[K [01;35m[Kwarning: [m[KISO C restricts enumerator values to range of '[01m[Kint[m[K' [[01;35m[K-Wpedantic[m[K]
[13.308s]    44 | [01;35m[K([m[K(uint64_t)0 | \
[13.308s]       | [01;35m[K^[m[K
[13.309s] [01m[K/home/dji/DJI_workshop/LZP_PSDK/ros2_workplace/src/yolo_detect/../../../Payload-SDK/samples/sample_c++/platform/linux/manifold3/../../../../../psdk_lib/include/dji_error.h:1023:63:[m[K [01;36m[Knote: [m[Kin expansion of macro '[01m[KDJI_ERROR_CODE[m[K'
[13.309s]  1023 |     DJI_ERROR_SUBSCRIPTION_MODULE_CODE_TIMESTAMP_NOT_ENABLE = [01;36m[KDJI_ERROR_CODE[m[K(DJI_ERROR_MODULE_SUBSCRIPTION, DJI_ERROR_SUBSCRIPTION_MODULE_RAW_CODE_TIMESTAMP_NOT_ENABLE),
[13.309s]       |                                                               [01;36m[K^~~~~~~~~~~~~~[m[K
[13.309s] [01m[K/home/dji/DJI_workshop/LZP_PSDK/ros2_workplace/src/yolo_detect/../../../Payload-SDK/samples/sample_c++/platform/linux/manifold3/../../../../../psdk_lib/include/dji_error.h:44:1:[m[K [01;35m[Kwarning: [m[KISO C restricts enumerator values to range of '[01m[Kint[m[K' [[01;35m[K-Wpedantic[m[K]
[13.309s]    44 | [01;35m[K([m[K(uint64_t)0 | \
[13.309s]       | [01;35m[K^[m[K
[13.309s] [01m[K/home/dji/DJI_workshop/LZP_PSDK/ros2_workplace/src/yolo_detect/../../../Payload-SDK/samples/sample_c++/platform/linux/manifold3/../../../../../psdk_lib/include/dji_error.h:1024:62:[m[K [01;36m[Knote: [m[Kin expansion of macro '[01m[KDJI_ERROR_CODE[m[K'
[13.310s]  1024 |     DJI_ERROR_SUBSCRIPTION_MODULE_CODE_TOPIC_NOT_SUPPORTED = [01;36m[KDJI_ERROR_CODE[m[K(DJI_ERROR_MODULE_SUBSCRIPTION, DJI_ERROR_SUBSCRIPTION_MODULE_RAW_CODE_TOPIC_NOT_SUPPORTED),
[13.310s]       |                                                              [01;36m[K^~~~~~~~~~~~~~[m[K
[13.310s] [01m[K/home/dji/DJI_workshop/LZP_PSDK/ros2_workplace/src/yolo_detect/../../../Payload-SDK/samples/sample_c++/platform/linux/manifold3/../../../../../psdk_lib/include/dji_error.h:44:1:[m[K [01;35m[Kwarning: [m[KISO C restricts enumerator values to range of '[01m[Kint[m[K' [[01;35m[K-Wpedantic[m[K]
[13.310s]    44 | [01;35m[K([m[K(uint64_t)0 | \
[13.310s]       | [01;35m[K^[m[K
[13.310s] [01m[K/home/dji/DJI_workshop/LZP_PSDK/ros2_workplace/src/yolo_detect/../../../Payload-SDK/samples/sample_c++/platform/linux/manifold3/../../../../../psdk_lib/include/dji_error.h:1027:58:[m[K [01;36m[Knote: [m[Kin expansion of macro '[01m[KDJI_ERROR_CODE[m[K'
[13.310s]  1027 |     DJI_ERROR_MOP_CHANNEL_MODULE_CODE_CONNECTION_CLOSE = [01;36m[KDJI_ERROR_CODE[m[K(DJI_ERROR_MODULE_MOP_CHANNEL, DJI_ERROR_MOP_CHANNEL_MODULE_RAW_CODE_CONNECTION_CLOSE),
[13.311s]       |                                                          [01;36m[K^~~~~~~~~~~~~~[m[K
[13.311s] [01m[K/home/dji/DJI_workshop/LZP_PSDK/ros2_workplace/src/yolo_detect/../../../Payload-SDK/samples/sample_c++/platform/linux/manifold3/../../../../../psdk_lib/include/dji_error.h:44:1:[m[K [01;35m[Kwarning: [m[KISO C restricts enumerator values to range of '[01m[Kint[m[K' [[01;35m[K-Wpedantic[m[K]
[13.311s]    44 | [01;35m[K([m[K(uint64_t)0 | \
[13.311s]       | [01;35m[K^[m[K
[13.311s] [01m[K/home/dji/DJI_workshop/LZP_PSDK/ros2_workplace/src/yolo_detect/../../../Payload-SDK/samples/sample_c++/platform/linux/manifold3/../../../../../psdk_lib/include/dji_error.h:1030:46:[m[K [01;36m[Knote: [m[Kin expansion of macro '[01m[KDJI_ERROR_CODE[m[K'
[13.311s]  1030 |     DJI_ERROR_FC_MODULE_CODE_RC_MODE_ERROR = [01;36m[KDJI_ERROR_CODE[m[K(DJI_ERROR_MODULE_FC_BASIC, DJI_ERROR_FC_MODULE_RAW_CODE_RC_MODE_ERROR),
[13.311s]       |                                              [01;36m[K^~~~~~~~~~~~~~[m[K
[13.311s] [01m[K/home/dji/DJI_workshop/LZP_PSDK/ros2_workplace/src/yolo_detect/../../../Payload-SDK/samples/sample_c++/platform/linux/manifold3/../../../../../psdk_lib/include/dji_error.h:44:1:[m[K [01;35m[Kwarning: [m[KISO C restricts enumerator values to range of '[01m[Kint[m[K' [[01;35m[K-Wpedantic[m[K]
[13.312s]    44 | [01;35m[K([m[K(uint64_t)0 | \
[13.312s]       | [01;35m[K^[m[K
[13.312s] [01m[K/home/dji/DJI_workshop/LZP_PSDK/ros2_workplace/src/yolo_detect/../../../Payload-SDK/samples/sample_c++/platform/linux/manifold3/../../../../../psdk_lib/include/dji_error.h:1031:55:[m[K [01;36m[Knote: [m[Kin expansion of macro '[01m[KDJI_ERROR_CODE[m[K'
[13.312s]  1031 |     DJI_ERROR_FC_MODULE_CODE_RELEASE_CONTROL_SUCCESS= [01;36m[KDJI_ERROR_CODE[m[K(DJI_ERROR_MODULE_FC_BASIC, DJI_ERROR_FC_MODULE_RAW_CODE_RELEASE_CONTROL_SUCCESS),
[13.312s]       |                                                       [01;36m[K^~~~~~~~~~~~~~[m[K
[13.312s] [01m[K/home/dji/DJI_workshop/LZP_PSDK/ros2_workplace/src/yolo_detect/../../../Payload-SDK/samples/sample_c++/platform/linux/manifold3/../../../../../psdk_lib/include/dji_error.h:44:1:[m[K [01;35m[Kwarning: [m[KISO C restricts enumerator values to range of '[01m[Kint[m[K' [[01;35m[K-Wpedantic[m[K]
[13.312s]    44 | [01;35m[K([m[K(uint64_t)0 | \
[13.313s]       | [01;35m[K^[m[K
[13.313s] [01m[K/home/dji/DJI_workshop/LZP_PSDK/ros2_workplace/src/yolo_detect/../../../Payload-SDK/samples/sample_c++/platform/linux/manifold3/../../../../../psdk_lib/include/dji_error.h:1032:54:[m[K [01;36m[Knote: [m[Kin expansion of macro '[01m[KDJI_ERROR_CODE[m[K'
[13.313s]  1032 |     DJI_ERROR_FC_MODULE_CODE_OBTAIN_CONTROL_SUCCESS= [01;36m[KDJI_ERROR_CODE[m[K(DJI_ERROR_MODULE_FC_BASIC, DJI_ERROR_FC_MODULE_RAW_CODE_OBTAIN_CONTROL_SUCCESS),
[13.313s]       |                                                      [01;36m[K^~~~~~~~~~~~~~[m[K
[13.313s] [01m[K/home/dji/DJI_workshop/LZP_PSDK/ros2_workplace/src/yolo_detect/../../../Payload-SDK/samples/sample_c++/platform/linux/manifold3/../../../../../psdk_lib/include/dji_error.h:44:1:[m[K [01;35m[Kwarning: [m[KISO C restricts enumerator values to range of '[01m[Kint[m[K' [[01;35m[K-Wpedantic[m[K]
[13.313s]    44 | [01;35m[K([m[K(uint64_t)0 | \
[13.313s]       | [01;35m[K^[m[K
[13.313s] [01m[K/home/dji/DJI_workshop/LZP_PSDK/ros2_workplace/src/yolo_detect/../../../Payload-SDK/samples/sample_c++/platform/linux/manifold3/../../../../../psdk_lib/include/dji_error.h:1033:58:[m[K [01;36m[Knote: [m[Kin expansion of macro '[01m[KDJI_ERROR_CODE[m[K'
[13.314s]  1033 |     DJI_ERROR_FC_MODULE_CODE_OBTAIN_CONTROL_IN_PROGRESS= [01;36m[KDJI_ERROR_CODE[m[K(DJI_ERROR_MODULE_FC_BASIC, DJI_ERROR_FC_MODULE_RAW_CODE_OBTAIN_CONTROL_IN_PROGRESS),
[13.314s]       |                                                          [01;36m[K^~~~~~~~~~~~~~[m[K
[13.314s] [01m[K/home/dji/DJI_workshop/LZP_PSDK/ros2_workplace/src/yolo_detect/../../../Payload-SDK/samples/sample_c++/platform/linux/manifold3/../../../../../psdk_lib/include/dji_error.h:44:1:[m[K [01;35m[Kwarning: [m[KISO C restricts enumerator values to range of '[01m[Kint[m[K' [[01;35m[K-Wpedantic[m[K]
[13.314s]    44 | [01;35m[K([m[K(uint64_t)0 | \
[13.314s]       | [01;35m[K^[m[K
[13.314s] [01m[K/home/dji/DJI_workshop/LZP_PSDK/ros2_workplace/src/yolo_detect/../../../Payload-SDK/samples/sample_c++/platform/linux/manifold3/../../../../../psdk_lib/include/dji_error.h:1034:59:[m[K [01;36m[Knote: [m[Kin expansion of macro '[01m[KDJI_ERROR_CODE[m[K'
[13.324s]  1034 |     DJI_ERROR_FC_MODULE_CODE_RELEASE_CONTROL_IN_PROGRESS= [01;36m[KDJI_ERROR_CODE[m[K(DJI_ERROR_MODULE_FC_BASIC, DJI_ERROR_FC_MODULE_RAW_CODE_RELEASE_CONTROL_IN_PROGRESS),
[13.325s]       |                                                           [01;36m[K^~~~~~~~~~~~~~[m[K
[13.325s] [01m[K/home/dji/DJI_workshop/LZP_PSDK/ros2_workplace/src/yolo_detect/../../../Payload-SDK/samples/sample_c++/platform/linux/manifold3/../../../../../psdk_lib/include/dji_error.h:44:1:[m[K [01;35m[Kwarning: [m[KISO C restricts enumerator values to range of '[01m[Kint[m[K' [[01;35m[K-Wpedantic[m[K]
[13.325s]    44 | [01;35m[K([m[K(uint64_t)0 | \
[13.325s]       | [01;35m[K^[m[K
[13.327s] [01m[K/home/dji/DJI_workshop/LZP_PSDK/ros2_workplace/src/yolo_detect/../../../Payload-SDK/samples/sample_c++/platform/linux/manifold3/../../../../../psdk_lib/include/dji_error.h:1035:46:[m[K [01;36m[Knote: [m[Kin expansion of macro '[01m[KDJI_ERROR_CODE[m[K'
[13.328s]  1035 |     DJI_ERROR_FC_MODULE_CODE_RC_NEED_MODE_P= [01;36m[KDJI_ERROR_CODE[m[K(DJI_ERROR_MODULE_FC_BASIC, DJI_ERROR_FC_MODULE_RAW_CODE_RC_NEED_MODE_P),
[13.328s]       |                                              [01;36m[K^~~~~~~~~~~~~~[m[K
[13.328s] [01m[K/home/dji/DJI_workshop/LZP_PSDK/ros2_workplace/src/yolo_detect/../../../Payload-SDK/samples/sample_c++/platform/linux/manifold3/../../../../../psdk_lib/include/dji_error.h:44:1:[m[K [01;35m[Kwarning: [m[KISO C restricts enumerator values to range of '[01m[Kint[m[K' [[01;35m[K-Wpedantic[m[K]
[13.328s]    44 | [01;35m[K([m[K(uint64_t)0 | \
[13.328s]       | [01;35m[K^[m[K
[13.328s] [01m[K/home/dji/DJI_workshop/LZP_PSDK/ros2_workplace/src/yolo_detect/../../../Payload-SDK/samples/sample_c++/platform/linux/manifold3/../../../../../psdk_lib/include/dji_error.h:1036:46:[m[K [01;36m[Knote: [m[Kin expansion of macro '[01m[KDJI_ERROR_CODE[m[K'
[13.329s]  1036 |     DJI_ERROR_FC_MODULE_CODE_RC_NEED_MODE_F= [01;36m[KDJI_ERROR_CODE[m[K(DJI_ERROR_MODULE_FC_BASIC, DJI_ERROR_FC_MODULE_RAW_CODE_RC_NEED_MODE_F),
[13.329s]       |                                              [01;36m[K^~~~~~~~~~~~~~[m[K
[13.329s] [01m[K/home/dji/DJI_workshop/LZP_PSDK/ros2_workplace/src/yolo_detect/../../../Payload-SDK/samples/sample_c++/platform/linux/manifold3/../../../../../psdk_lib/include/dji_error.h:44:1:[m[K [01;35m[Kwarning: [m[KISO C restricts enumerator values to range of '[01m[Kint[m[K' [[01;35m[K-Wpedantic[m[K]
[13.329s]    44 | [01;35m[K([m[K(uint64_t)0 | \
[13.329s]       | [01;35m[K^[m[K
[13.330s] [01m[K/home/dji/DJI_workshop/LZP_PSDK/ros2_workplace/src/yolo_detect/../../../Payload-SDK/samples/sample_c++/platform/linux/manifold3/../../../../../psdk_lib/include/dji_error.h:1037:62:[m[K [01;36m[Knote: [m[Kin expansion of macro '[01m[KDJI_ERROR_CODE[m[K'
[13.330s]  1037 |     DJI_ERROR_FC_MODULE_CODE_PARAM_READ_WRITE_INVALID_PARAM= [01;36m[KDJI_ERROR_CODE[m[K(DJI_ERROR_MODULE_FC_BASIC, DJI_ERROR_FC_MODULE_RAW_CODE_PARAM_READ_WRITE_INVALID_PARAM),
[13.330s]       |                                                              [01;36m[K^~~~~~~~~~~~~~[m[K
[13.330s] [01m[K/home/dji/DJI_workshop/LZP_PSDK/ros2_workplace/src/yolo_detect/../../../Payload-SDK/samples/sample_c++/platform/linux/manifold3/../../../../../psdk_lib/include/dji_error.h:44:1:[m[K [01;35m[Kwarning: [m[KISO C restricts enumerator values to range of '[01m[Kint[m[K' [[01;35m[K-Wpedantic[m[K]
[13.330s]    44 | [01;35m[K([m[K(uint64_t)0 | \
[13.330s]       | [01;35m[K^[m[K
[13.330s] [01m[K/home/dji/DJI_workshop/LZP_PSDK/ros2_workplace/src/yolo_detect/../../../Payload-SDK/samples/sample_c++/platform/linux/manifold3/../../../../../psdk_lib/include/dji_error.h:1038:56:[m[K [01;36m[Knote: [m[Kin expansion of macro '[01m[KDJI_ERROR_CODE[m[K'
[13.331s]  1038 |     DJI_ERROR_FC_MODULE_CODE_IOC_OBTAIN_CONTROL_ERROR= [01;36m[KDJI_ERROR_CODE[m[K(DJI_ERROR_MODULE_FC_BASIC, DJI_ERROR_FC_MODULE_RAW_CODE_IOC_OBTAIN_CONTROL_ERROR),
[13.331s]       |                                                        [01;36m[K^~~~~~~~~~~~~~[m[K
[13.331s] [01m[K/home/dji/DJI_workshop/LZP_PSDK/ros2_workplace/src/yolo_detect/../../../Payload-SDK/samples/sample_c++/platform/linux/manifold3/../../../../../psdk_lib/include/dji_error.h:44:1:[m[K [01;35m[Kwarning: [m[KISO C restricts enumerator values to range of '[01m[Kint[m[K' [[01;35m[K-Wpedantic[m[K]
[13.331s]    44 | [01;35m[K([m[K(uint64_t)0 | \
[13.331s]       | [01;35m[K^[m[K
[13.331s] [01m[K/home/dji/DJI_workshop/LZP_PSDK/ros2_workplace/src/yolo_detect/../../../Payload-SDK/samples/sample_c++/platform/linux/manifold3/../../../../../psdk_lib/include/dji_error.h:1039:41:[m[K [01;36m[Knote: [m[Kin expansion of macro '[01m[KDJI_ERROR_CODE[m[K'
[13.331s]  1039 |     DJI_ERROR_FC_MODULE_CODE_KEY_ERROR= [01;36m[KDJI_ERROR_CODE[m[K(DJI_ERROR_MODULE_FC_BASIC, DJI_ERROR_FC_MODULE_RAW_CODE_KEY_ERROR),
[13.332s]       |                                         [01;36m[K^~~~~~~~~~~~~~[m[K
[13.332s] [01m[K/home/dji/DJI_workshop/LZP_PSDK/ros2_workplace/src/yolo_detect/../../../Payload-SDK/samples/sample_c++/platform/linux/manifold3/../../../../../psdk_lib/include/dji_error.h:44:1:[m[K [01;35m[Kwarning: [m[KISO C restricts enumerator values to range of '[01m[Kint[m[K' [[01;35m[K-Wpedantic[m[K]
[13.332s]    44 | [01;35m[K([m[K(uint64_t)0 | \
[13.332s]       | [01;35m[K^[m[K
[13.332s] [01m[K/home/dji/DJI_workshop/LZP_PSDK/ros2_workplace/src/yolo_detect/../../../Payload-SDK/samples/sample_c++/platform/linux/manifold3/../../../../../psdk_lib/include/dji_error.h:1040:54:[m[K [01;36m[Knote: [m[Kin expansion of macro '[01m[KDJI_ERROR_CODE[m[K'
[13.332s]  1040 |     DJI_ERROR_FC_MODULE_CODE_NO_AUTHORIZATION_ERROR= [01;36m[KDJI_ERROR_CODE[m[K(DJI_ERROR_MODULE_FC_BASIC, DJI_ERROR_FC_MODULE_RAW_CODE_NO_AUTHORIZATION_ERROR),
[13.338s]       |                                                      [01;36m[K^~~~~~~~~~~~~~[m[K
[13.339s] [01m[K/home/dji/DJI_workshop/LZP_PSDK/ros2_workplace/src/yolo_detect/../../../Payload-SDK/samples/sample_c++/platform/linux/manifold3/../../../../../psdk_lib/include/dji_error.h:44:1:[m[K [01;35m[Kwarning: [m[KISO C restricts enumerator values to range of '[01m[Kint[m[K' [[01;35m[K-Wpedantic[m[K]
[13.339s]    44 | [01;35m[K([m[K(uint64_t)0 | \
[13.340s]       | [01;35m[K^[m[K
[13.340s] [01m[K/home/dji/DJI_workshop/LZP_PSDK/ros2_workplace/src/yolo_detect/../../../Payload-SDK/samples/sample_c++/platform/linux/manifold3/../../../../../psdk_lib/include/dji_error.h:1041:47:[m[K [01;36m[Knote: [m[Kin expansion of macro '[01m[KDJI_ERROR_CODE[m[K'
[13.341s]  1041 |     DJI_ERROR_FC_MODULE_CODE_NO_RIGHTS_ERROR= [01;36m[KDJI_ERROR_CODE[m[K(DJI_ERROR_MODULE_FC_BASIC, DJI_ERROR_FC_MODULE_RAW_CODE_NO_RIGHTS_ERROR),
[13.341s]       |                                               [01;36m[K^~~~~~~~~~~~~~[m[K
[13.342s] [01m[K/home/dji/DJI_workshop/LZP_PSDK/ros2_workplace/src/yolo_detect/../../../Payload-SDK/samples/sample_c++/platform/linux/manifold3/../../../../../psdk_lib/include/dji_error.h:44:1:[m[K [01;35m[Kwarning: [m[KISO C restricts enumerator values to range of '[01m[Kint[m[K' [[01;35m[K-Wpedantic[m[K]
[13.342s]    44 | [01;35m[K([m[K(uint64_t)0 | \
[13.346s]       | [01;35m[K^[m[K
[13.346s] [01m[K/home/dji/DJI_workshop/LZP_PSDK/ros2_workplace/src/yolo_detect/../../../Payload-SDK/samples/sample_c++/platform/linux/manifold3/../../../../../psdk_lib/include/dji_error.h:1042:44:[m[K [01;36m[Knote: [m[Kin expansion of macro '[01m[KDJI_ERROR_CODE[m[K'
[13.346s]  1042 |     DJI_ERROR_FC_MODULE_CODE_SYSTEM_ERROR= [01;36m[KDJI_ERROR_CODE[m[K(DJI_ERROR_MODULE_FC_BASIC, DJI_ERROR_FC_MODULE_RAW_CODE_SYSTEM_ERROR),
[13.346s]       |                                            [01;36m[K^~~~~~~~~~~~~~[m[K
[13.346s] [01m[K/home/dji/DJI_workshop/LZP_PSDK/ros2_workplace/src/yolo_detect/../../../Payload-SDK/samples/sample_c++/platform/linux/manifold3/../../../../../psdk_lib/include/dji_error.h:44:1:[m[K [01;35m[Kwarning: [m[KISO C restricts enumerator values to range of '[01m[Kint[m[K' [[01;35m[K-Wpedantic[m[K]
[13.346s]    44 | [01;35m[K([m[K(uint64_t)0 | \
[13.347s]       | [01;35m[K^[m[K
[13.351s] [01m[K/home/dji/DJI_workshop/LZP_PSDK/ros2_workplace/src/yolo_detect/../../../Payload-SDK/samples/sample_c++/platform/linux/manifold3/../../../../../psdk_lib/include/dji_error.h:1045:73:[m[K [01;36m[Knote: [m[Kin expansion of macro '[01m[KDJI_ERROR_CODE[m[K'
[13.351s]  1045 |     DJI_ERROR_FC_JOYSTICK_MODULE_OBTAIN_RELEASE_JOYSTICK_AUTH_SUCCESS = [01;36m[KDJI_ERROR_CODE[m[K(DJI_ERROR_MODULE_FC_JOYSTICK, DJI_ERROR_FC_JOYSTICK_MODULE_RAW_CODE_SUCCESS),
[13.351s]       |                                                                         [01;36m[K^~~~~~~~~~~~~~[m[K
[13.351s] [01m[K/home/dji/DJI_workshop/LZP_PSDK/ros2_workplace/src/yolo_detect/../../../Payload-SDK/samples/sample_c++/platform/linux/manifold3/../../../../../psdk_lib/include/dji_error.h:44:1:[m[K [01;35m[Kwarning: [m[KISO C restricts enumerator values to range of '[01m[Kint[m[K' [[01;35m[K-Wpedantic[m[K]
[13.352s]    44 | [01;35m[K([m[K(uint64_t)0 | \
[13.352s]       | [01;35m[K^[m[K
[13.352s] [01m[K/home/dji/DJI_workshop/LZP_PSDK/ros2_workplace/src/yolo_detect/../../../Payload-SDK/samples/sample_c++/platform/linux/manifold3/../../../../../psdk_lib/include/dji_error.h:1046:52:[m[K [01;36m[Knote: [m[Kin expansion of macro '[01m[KDJI_ERROR_CODE[m[K'
[13.352s]  1046 |     DJI_ERROR_FC_JOYSTICK_MODULE_DEVICE_NOT_ALLOW= [01;36m[KDJI_ERROR_CODE[m[K(DJI_ERROR_MODULE_FC_JOYSTICK, DJI_ERROR_FC_JOYSTICK_MODULE_RAW_CODE_DEVICE_NOT_ALLOW),
[13.352s]       |                                                    [01;36m[K^~~~~~~~~~~~~~[m[K
[13.352s] [01m[K/home/dji/DJI_workshop/LZP_PSDK/ros2_workplace/src/yolo_detect/../../../Payload-SDK/samples/sample_c++/platform/linux/manifold3/../../../../../psdk_lib/include/dji_error.h:44:1:[m[K [01;35m[Kwarning: [m[KISO C restricts enumerator values to range of '[01m[Kint[m[K' [[01;35m[K-Wpedantic[m[K]
[13.352s]    44 | [01;35m[K([m[K(uint64_t)0 | \
[13.353s]       | [01;35m[K^[m[K
[13.353s] [01m[K/home/dji/DJI_workshop/LZP_PSDK/ros2_workplace/src/yolo_detect/../../../Payload-SDK/samples/sample_c++/platform/linux/manifold3/../../../../../psdk_lib/include/dji_error.h:1047:46:[m[K [01;36m[Knote: [m[Kin expansion of macro '[01m[KDJI_ERROR_CODE[m[K'
[13.353s]  1047 |     DJI_ERROR_FC_JOYSTICK_MODULE_TAKING_OFF= [01;36m[KDJI_ERROR_CODE[m[K(DJI_ERROR_MODULE_FC_JOYSTICK, DJI_ERROR_FC_JOYSTICK_MODULE_RAW_CODE_TAKING_OFF),
[13.353s]       |                                              [01;36m[K^~~~~~~~~~~~~~[m[K
[13.353s] [01m[K/home/dji/DJI_workshop/LZP_PSDK/ros2_workplace/src/yolo_detect/../../../Payload-SDK/samples/sample_c++/platform/linux/manifold3/../../../../../psdk_lib/include/dji_error.h:44:1:[m[K [01;35m[Kwarning: [m[KISO C restricts enumerator values to range of '[01m[Kint[m[K' [[01;35m[K-Wpedantic[m[K]
[13.353s]    44 | [01;35m[K([m[K(uint64_t)0 | \
[13.353s]       | [01;35m[K^[m[K
[13.354s] [01m[K/home/dji/DJI_workshop/LZP_PSDK/ros2_workplace/src/yolo_detect/../../../Payload-SDK/samples/sample_c++/platform/linux/manifold3/../../../../../psdk_lib/include/dji_error.h:1048:43:[m[K [01;36m[Knote: [m[Kin expansion of macro '[01m[KDJI_ERROR_CODE[m[K'
[13.354s]  1048 |     DJI_ERROR_FC_JOYSTICK_MODULE_LANDING= [01;36m[KDJI_ERROR_CODE[m[K(DJI_ERROR_MODULE_FC_JOYSTICK, DJI_ERROR_FC_JOYSTICK_MODULE_RAW_CODE_LANDING),
[13.354s]       |                                           [01;36m[K^~~~~~~~~~~~~~[m[K
[13.354s] [01m[K/home/dji/DJI_workshop/LZP_PSDK/ros2_workplace/src/yolo_detect/../../../Payload-SDK/samples/sample_c++/platform/linux/manifold3/../../../../../psdk_lib/include/dji_error.h:44:1:[m[K [01;35m[Kwarning: [m[KISO C restricts enumerator values to range of '[01m[Kint[m[K' [[01;35m[K-Wpedantic[m[K]
[13.354s]    44 | [01;35m[K([m[K(uint64_t)0 | \
[13.354s]       | [01;35m[K^[m[K
[13.355s] [01m[K/home/dji/DJI_workshop/LZP_PSDK/ros2_workplace/src/yolo_detect/../../../Payload-SDK/samples/sample_c++/platform/linux/manifold3/../../../../../psdk_lib/include/dji_error.h:1049:48:[m[K [01;36m[Knote: [m[Kin expansion of macro '[01m[KDJI_ERROR_CODE[m[K'
[13.355s]  1049 |     DJI_ERROR_FC_JOYSTICK_MODULE_CMD_INVALID = [01;36m[KDJI_ERROR_CODE[m[K(DJI_ERROR_MODULE_FC_JOYSTICK, DJI_ERROR_FC_JOYSTICK_MODULE_RAW_CODE_CMD_INVALID),
[13.355s]       |                                                [01;36m[K^~~~~~~~~~~~~~[m[K
[13.355s] [01m[K/home/dji/DJI_workshop/LZP_PSDK/ros2_workplace/src/yolo_detect/../../../Payload-SDK/samples/sample_c++/platform/linux/manifold3/../../../../../psdk_lib/include/dji_error.h:44:1:[m[K [01;35m[Kwarning: [m[KISO C restricts enumerator values to range of '[01m[Kint[m[K' [[01;35m[K-Wpedantic[m[K]
[13.355s]    44 | [01;35m[K([m[K(uint64_t)0 | \
[13.355s]       | [01;35m[K^[m[K
[13.355s] [01m[K/home/dji/DJI_workshop/LZP_PSDK/ros2_workplace/src/yolo_detect/../../../Payload-SDK/samples/sample_c++/platform/linux/manifold3/../../../../../psdk_lib/include/dji_error.h:1050:50:[m[K [01;36m[Knote: [m[Kin expansion of macro '[01m[KDJI_ERROR_CODE[m[K'
[13.356s]  1050 |     DJI_ERROR_FC_JOYSTICK_MODULE_RC_NOT_P_MODE = [01;36m[KDJI_ERROR_CODE[m[K(DJI_ERROR_MODULE_FC_JOYSTICK, DJI_ERROR_FC_JOYSTICK_MODULE_RAW_CODE_RC_NOT_P_MODE),
[13.356s]       |                                                  [01;36m[K^~~~~~~~~~~~~~[m[K
[13.356s] [01m[K/home/dji/DJI_workshop/LZP_PSDK/ros2_workplace/src/yolo_detect/../../../Payload-SDK/samples/sample_c++/platform/linux/manifold3/../../../../../psdk_lib/include/dji_error.h:44:1:[m[K [01;35m[Kwarning: [m[KISO C restricts enumerator values to range of '[01m[Kint[m[K' [[01;35m[K-Wpedantic[m[K]
[13.356s]    44 | [01;35m[K([m[K(uint64_t)0 | \
[13.356s]       | [01;35m[K^[m[K
[13.359s] [01m[K/home/dji/DJI_workshop/LZP_PSDK/ros2_workplace/src/yolo_detect/../../../Payload-SDK/samples/sample_c++/platform/linux/manifold3/../../../../../psdk_lib/include/dji_error.h:1051:52:[m[K [01;36m[Knote: [m[Kin expansion of macro '[01m[KDJI_ERROR_CODE[m[K'
[13.359s]  1051 |     DJI_ERROR_FC_JOYSTICK_MODULE_CMD_LENGTH_ERROR= [01;36m[KDJI_ERROR_CODE[m[K(DJI_ERROR_MODULE_FC_JOYSTICK, DJI_ERROR_FC_JOYSTICK_MODULE_RAW_CODE_CMD_LENGTH_ERROR),
[13.359s]       |                                                    [01;36m[K^~~~~~~~~~~~~~[m[K
[13.360s] [01m[K/home/dji/DJI_workshop/LZP_PSDK/ros2_workplace/src/yolo_detect/../../../Payload-SDK/samples/sample_c++/platform/linux/manifold3/../../../../../psdk_lib/include/dji_error.h:44:1:[m[K [01;35m[Kwarning: [m[KISO C restricts enumerator values to range of '[01m[Kint[m[K' [[01;35m[K-Wpedantic[m[K]
[13.360s]    44 | [01;35m[K([m[K(uint64_t)0 | \
[13.360s]       | [01;35m[K^[m[K
[13.360s] [01m[K/home/dji/DJI_workshop/LZP_PSDK/ros2_workplace/src/yolo_detect/../../../Payload-SDK/samples/sample_c++/platform/linux/manifold3/../../../../../psdk_lib/include/dji_error.h:1052:61:[m[K [01;36m[Knote: [m[Kin expansion of macro '[01m[KDJI_ERROR_CODE[m[K'
[13.360s]  1052 |     DJI_ERROR_FC_JOYSTICK_MODULE_HAS_NO_JOYSTICK_AUTHORITY= [01;36m[KDJI_ERROR_CODE[m[K(DJI_ERROR_MODULE_FC_JOYSTICK, DJI_ERROR_FC_JOYSTICK_MODULE_RAW_CODE_HAS_NO_JOYSTICK_AUTHORITY),
[13.360s]       |                                                             [01;36m[K^~~~~~~~~~~~~~[m[K
[13.360s] [01m[K/home/dji/DJI_workshop/LZP_PSDK/ros2_workplace/src/yolo_detect/../../../Payload-SDK/samples/sample_c++/platform/linux/manifold3/../../../../../psdk_lib/include/dji_error.h:44:1:[m[K [01;35m[Kwarning: [m[KISO C restricts enumerator values to range of '[01m[Kint[m[K' [[01;35m[K-Wpedantic[m[K]
[13.361s]    44 | [01;35m[K([m[K(uint64_t)0 | \
[13.361s]       | [01;35m[K^[m[K
[13.361s] [01m[K/home/dji/DJI_workshop/LZP_PSDK/ros2_workplace/src/yolo_detect/../../../Payload-SDK/samples/sample_c++/platform/linux/manifold3/../../../../../psdk_lib/include/dji_error.h:1053:53:[m[K [01;36m[Knote: [m[Kin expansion of macro '[01m[KDJI_ERROR_CODE[m[K'
[13.361s]  1053 |     DJI_ERROR_FC_JOYSTICK_MODULE_IN_RC_LOST_ACTION= [01;36m[KDJI_ERROR_CODE[m[K(DJI_ERROR_MODULE_FC_JOYSTICK, DJI_ERROR_FC_JOYSTICK_MODULE_RAW_CODE_IN_RC_LOST_ACTION),
[13.361s]       |                                                     [01;36m[K^~~~~~~~~~~~~~[m[K
[13.361s] [01m[K/home/dji/DJI_workshop/LZP_PSDK/ros2_workplace/src/yolo_detect/../../../Payload-SDK/samples/sample_c++/platform/linux/manifold3/../../../../../psdk_lib/include/dji_error.h:44:1:[m[K [01;35m[Kwarning: [m[KISO C restricts enumerator values to range of '[01m[Kint[m[K' [[01;35m[K-Wpedantic[m[K]
[13.361s]    44 | [01;35m[K([m[K(uint64_t)0 | \
[13.362s]       | [01;35m[K^[m[K
[13.362s] [01m[K/home/dji/DJI_workshop/LZP_PSDK/ros2_workplace/src/yolo_detect/../../../Payload-SDK/samples/sample_c++/platform/linux/manifold3/../../../../../psdk_lib/include/dji_error.h:1056:56:[m[K [01;36m[Knote: [m[Kin expansion of macro '[01m[KDJI_ERROR_CODE[m[K'
[13.362s]  1056 |     DJI_ERROR_FC_ACTION_MODULE_TRIGGER_ERROR_MOTOR_ON= [01;36m[KDJI_ERROR_CODE[m[K(DJI_ERROR_MODULE_FC_ACTION, DJI_ERROR_FC_ACTION_MODULE_RAW_CODE_TRIGGER_ERROR_MOTOR_ON),
[13.362s]       |                                                        [01;36m[K^~~~~~~~~~~~~~[m[K
[13.362s] [01m[K/home/dji/DJI_workshop/LZP_PSDK/ros2_workplace/src/yolo_detect/../../../Payload-SDK/samples/sample_c++/platform/linux/manifold3/../../../../../psdk_lib/include/dji_error.h:44:1:[m[K [01;35m[Kwarning: [m[KISO C restricts enumerator values to range of '[01m[Kint[m[K' [[01;35m[K-Wpedantic[m[K]
[13.362s]    44 | [01;35m[K([m[K(uint64_t)0 | \
[13.362s]       | [01;35m[K^[m[K
[13.362s] [01m[K/home/dji/DJI_workshop/LZP_PSDK/ros2_workplace/src/yolo_detect/../../../Payload-SDK/samples/sample_c++/platform/linux/manifold3/../../../../../psdk_lib/include/dji_error.h:1057:57:[m[K [01;36m[Knote: [m[Kin expansion of macro '[01m[KDJI_ERROR_CODE[m[K'
[13.363s]  1057 |     DJI_ERROR_FC_ACTION_MODULE_TRIGGER_ERROR_MOTOR_OFF= [01;36m[KDJI_ERROR_CODE[m[K(DJI_ERROR_MODULE_FC_ACTION, DJI_ERROR_FC_ACTION_MODULE_RAW_CODE_TRIGGER_ERROR_MOTOR_OFF),
[13.363s]       |                                                         [01;36m[K^~~~~~~~~~~~~~[m[K
[13.363s] [01m[K/home/dji/DJI_workshop/LZP_PSDK/ros2_workplace/src/yolo_detect/../../../Payload-SDK/samples/sample_c++/platform/linux/manifold3/../../../../../psdk_lib/include/dji_error.h:44:1:[m[K [01;35m[Kwarning: [m[KISO C restricts enumerator values to range of '[01m[Kint[m[K' [[01;35m[K-Wpedantic[m[K]
[13.363s]    44 | [01;35m[K([m[K(uint64_t)0 | \
[13.363s]       | [01;35m[K^[m[K
[13.363s] [01m[K/home/dji/DJI_workshop/LZP_PSDK/ros2_workplace/src/yolo_detect/../../../Payload-SDK/samples/sample_c++/platform/linux/manifold3/../../../../../psdk_lib/include/dji_error.h:1058:54:[m[K [01;36m[Knote: [m[Kin expansion of macro '[01m[KDJI_ERROR_CODE[m[K'
[13.363s]  1058 |     DJI_ERROR_FC_ACTION_MODULE_TRIGGER_ERROR_IN_AIR= [01;36m[KDJI_ERROR_CODE[m[K(DJI_ERROR_MODULE_FC_ACTION, DJI_ERROR_FC_ACTION_MODULE_RAW_CODE_TRIGGER_ERROR_IN_AIR),
[13.364s]       |                                                      [01;36m[K^~~~~~~~~~~~~~[m[K
[13.364s] [01m[K/home/dji/DJI_workshop/LZP_PSDK/ros2_workplace/src/yolo_detect/../../../Payload-SDK/samples/sample_c++/platform/linux/manifold3/../../../../../psdk_lib/include/dji_error.h:44:1:[m[K [01;35m[Kwarning: [m[KISO C restricts enumerator values to range of '[01m[Kint[m[K' [[01;35m[K-Wpedantic[m[K]
[13.364s]    44 | [01;35m[K([m[K(uint64_t)0 | \
[13.364s]       | [01;35m[K^[m[K
[13.364s] [01m[K/home/dji/DJI_workshop/LZP_PSDK/ros2_workplace/src/yolo_detect/../../../Payload-SDK/samples/sample_c++/platform/linux/manifold3/../../../../../psdk_lib/include/dji_error.h:1059:58:[m[K [01;36m[Knote: [m[Kin expansion of macro '[01m[KDJI_ERROR_CODE[m[K'
[13.364s]  1059 |     DJI_ERROR_FC_ACTION_MODULE_TRIGGER_ERROR_NOT_IN_AIR= [01;36m[KDJI_ERROR_CODE[m[K(DJI_ERROR_MODULE_FC_ACTION, DJI_ERROR_FC_ACTION_MODULE_RAW_CODE_TRIGGER_ERROR_NOT_IN_AIR),
[13.364s]       |                                                          [01;36m[K^~~~~~~~~~~~~~[m[K
[13.384s] [01m[K/home/dji/DJI_workshop/LZP_PSDK/ros2_workplace/src/yolo_detect/../../../Payload-SDK/samples/sample_c++/platform/linux/manifold3/../../../../../psdk_lib/include/dji_error.h:44:1:[m[K [01;35m[Kwarning: [m[KISO C restricts enumerator values to range of '[01m[Kint[m[K' [[01;35m[K-Wpedantic[m[K]
[13.384s]    44 | [01;35m[K([m[K(uint64_t)0 | \
[13.385s]       | [01;35m[K^[m[K
[13.385s] [01m[K/home/dji/DJI_workshop/LZP_PSDK/ros2_workplace/src/yolo_detect/../../../Payload-SDK/samples/sample_c++/platform/linux/manifold3/../../../../../psdk_lib/include/dji_error.h:1060:66:[m[K [01;36m[Knote: [m[Kin expansion of macro '[01m[KDJI_ERROR_CODE[m[K'
[13.385s]  1060 |     DJI_ERROR_FC_ACTION_MODULE_TRIGGER_ERROR_HOME_POINT_NOT_SET= [01;36m[KDJI_ERROR_CODE[m[K(DJI_ERROR_MODULE_FC_ACTION, DJI_ERROR_FC_ACTION_MODULE_RAW_CODE_TRIGGER_ERROR_HOME_POINT_NOT_SET),
[13.385s]       |                                                                  [01;36m[K^~~~~~~~~~~~~~[m[K
[13.385s] [01m[K/home/dji/DJI_workshop/LZP_PSDK/ros2_workplace/src/yolo_detect/../../../Payload-SDK/samples/sample_c++/platform/linux/manifold3/../../../../../psdk_lib/include/dji_error.h:44:1:[m[K [01;35m[Kwarning: [m[KISO C restricts enumerator values to range of '[01m[Kint[m[K' [[01;35m[K-Wpedantic[m[K]
[13.385s]    44 | [01;35m[K([m[K(uint64_t)0 | \
[13.386s]       | [01;35m[K^[m[K
[13.386s] [01m[K/home/dji/DJI_workshop/LZP_PSDK/ros2_workplace/src/yolo_detect/../../../Payload-SDK/samples/sample_c++/platform/linux/manifold3/../../../../../psdk_lib/include/dji_error.h:1061:55:[m[K [01;36m[Knote: [m[Kin expansion of macro '[01m[KDJI_ERROR_CODE[m[K'
[13.386s]  1061 |     DJI_ERROR_FC_ACTION_MODULE_TRIGGER_ERROR_BAD_GPS= [01;36m[KDJI_ERROR_CODE[m[K(DJI_ERROR_MODULE_FC_ACTION, DJI_ERROR_FC_ACTION_MODULE_RAW_CODE_TRIGGER_ERROR_BAD_GPS),
[13.386s]       |                                                       [01;36m[K^~~~~~~~~~~~~~[m[K
[13.386s] [01m[K/home/dji/DJI_workshop/LZP_PSDK/ros2_workplace/src/yolo_detect/../../../Payload-SDK/samples/sample_c++/platform/linux/manifold3/../../../../../psdk_lib/include/dji_error.h:44:1:[m[K [01;35m[Kwarning: [m[KISO C restricts enumerator values to range of '[01m[Kint[m[K' [[01;35m[K-Wpedantic[m[K]
[13.386s]    44 | [01;35m[K([m[K(uint64_t)0 | \
[13.386s]       | [01;35m[K^[m[K
[13.386s] [01m[K/home/dji/DJI_workshop/LZP_PSDK/ros2_workplace/src/yolo_detect/../../../Payload-SDK/samples/sample_c++/platform/linux/manifold3/../../../../../psdk_lib/include/dji_error.h:1062:61:[m[K [01;36m[Knote: [m[Kin expansion of macro '[01m[KDJI_ERROR_CODE[m[K'
[13.387s]  1062 |     DJI_ERROR_FC_ACTION_MODULE_TRIGGER_ERROR_IN_SIMULATION= [01;36m[KDJI_ERROR_CODE[m[K(DJI_ERROR_MODULE_FC_ACTION, DJI_ERROR_FC_ACTION_MODULE_RAW_CODE_TRIGGER_ERROR_IN_SIMULATION),
[13.387s]       |                                                             [01;36m[K^~~~~~~~~~~~~~[m[K
[13.387s] [01m[K/home/dji/DJI_workshop/LZP_PSDK/ros2_workplace/src/yolo_detect/../../../Payload-SDK/samples/sample_c++/platform/linux/manifold3/../../../../../psdk_lib/include/dji_error.h:44:1:[m[K [01;35m[Kwarning: [m[KISO C restricts enumerator values to range of '[01m[Kint[m[K' [[01;35m[K-Wpedantic[m[K]
[13.387s]    44 | [01;35m[K([m[K(uint64_t)0 | \
[13.387s]       | [01;35m[K^[m[K
[13.387s] [01m[K/home/dji/DJI_workshop/LZP_PSDK/ros2_workplace/src/yolo_detect/../../../Payload-SDK/samples/sample_c++/platform/linux/manifold3/../../../../../psdk_lib/include/dji_error.h:1063:66:[m[K [01;36m[Knote: [m[Kin expansion of macro '[01m[KDJI_ERROR_CODE[m[K'
[13.387s]  1063 |     DJI_ERROR_FC_ACTION_MODULE_TRIGGER_ERROR_CANNOT_START_MOTOR= [01;36m[KDJI_ERROR_CODE[m[K(DJI_ERROR_MODULE_FC_ACTION, DJI_ERROR_FC_ACTION_MODULE_RAW_CODE_TRIGGER_ERROR_CANNOT_START_MOTOR),
[13.388s]       |                                                                  [01;36m[K^~~~~~~~~~~~~~[m[K
[13.388s] [01m[K/home/dji/DJI_workshop/LZP_PSDK/ros2_workplace/src/yolo_detect/../../../Payload-SDK/samples/sample_c++/platform/linux/manifold3/../../../../../psdk_lib/include/dji_error.h:44:1:[m[K [01;35m[Kwarning: [m[KISO C restricts enumerator values to range of '[01m[Kint[m[K' [[01;35m[K-Wpedantic[m[K]
[13.388s]    44 | [01;35m[K([m[K(uint64_t)0 | \
[13.388s]       | [01;35m[K^[m[K
[13.388s] [01m[K/home/dji/DJI_workshop/LZP_PSDK/ros2_workplace/src/yolo_detect/../../../Payload-SDK/samples/sample_c++/platform/linux/manifold3/../../../../../psdk_lib/include/dji_error.h:1064:59:[m[K [01;36m[Knote: [m[Kin expansion of macro '[01m[KDJI_ERROR_CODE[m[K'
[13.388s]  1064 |     DJI_ERROR_FC_ACTION_MODULE_TRIGGER_ERROR_LOW_VOLTAGE= [01;36m[KDJI_ERROR_CODE[m[K(DJI_ERROR_MODULE_FC_ACTION, DJI_ERROR_FC_ACTION_MODULE_RAW_CODE_TRIGGER_ERROR_LOW_VOLTAGE),
[13.388s]       |                                                           [01;36m[K^~~~~~~~~~~~~~[m[K
[13.389s] [01m[K/home/dji/DJI_workshop/LZP_PSDK/ros2_workplace/src/yolo_detect/../../../Payload-SDK/samples/sample_c++/platform/linux/manifold3/../../../../../psdk_lib/include/dji_error.h:44:1:[m[K [01;35m[Kwarning: [m[KISO C restricts enumerator values to range of '[01m[Kint[m[K' [[01;35m[K-Wpedantic[m[K]
[13.389s]    44 | [01;35m[K([m[K(uint64_t)0 | \
[13.389s]       | [01;35m[K^[m[K
[13.389s] [01m[K/home/dji/DJI_workshop/LZP_PSDK/ros2_workplace/src/yolo_detect/../../../Payload-SDK/samples/sample_c++/platform/linux/manifold3/../../../../../psdk_lib/include/dji_error.h:1065:63:[m[K [01;36m[Knote: [m[Kin expansion of macro '[01m[KDJI_ERROR_CODE[m[K'
[13.389s]  1065 |     DJI_ERROR_FC_ACTION_MODULE_TRIGGER_ERROR_SPEED_TOO_LARGE= [01;36m[KDJI_ERROR_CODE[m[K(DJI_ERROR_MODULE_FC_ACTION, DJI_ERROR_FC_ACTION_MODULE_RAW_CODE_TRIGGER_ERROR_SPEED_TOO_LARGE),
[13.389s]       |                                                               [01;36m[K^~~~~~~~~~~~~~[m[K
[13.389s] [01m[K/home/dji/DJI_workshop/LZP_PSDK/ros2_workplace/src/yolo_detect/../../../Payload-SDK/samples/sample_c++/platform/linux/manifold3/../../../../../psdk_lib/include/dji_error.h:44:1:[m[K [01;35m[Kwarning: [m[KISO C restricts enumerator values to range of '[01m[Kint[m[K' [[01;35m[K-Wpedantic[m[K]
[13.389s]    44 | [01;35m[K([m[K(uint64_t)0 | \
[13.390s]       | [01;35m[K^[m[K
[13.390s] [01m[K/home/dji/DJI_workshop/LZP_PSDK/ros2_workplace/src/yolo_detect/../../../Payload-SDK/samples/sample_c++/platform/linux/manifold3/../../../../../psdk_lib/include/dji_error.h:1068:69:[m[K [01;36m[Knote: [m[Kin expansion of macro '[01m[KDJI_ERROR_CODE[m[K'
[13.390s]  1068 |     DJI_ERROR_FC_ARREST_FLYING_MODULE_REGISTER_LOGOUT_SET_SUCCESS = [01;36m[KDJI_ERROR_CODE[m[K(DJI_ERROR_MODULE_FC_ARREST_FLYING, DJI_ERROR_FC_ARREST_FLYING_MODULE_RAW_CODE_REGISTER_LOGOUT_SET_SUCCESS),
[13.390s]       |                                                                     [01;36m[K^~~~~~~~~~~~~~[m[K
[13.390s] [01m[K/home/dji/DJI_workshop/LZP_PSDK/ros2_workplace/src/yolo_detect/../../../Payload-SDK/samples/sample_c++/platform/linux/manifold3/../../../../../psdk_lib/include/dji_error.h:44:1:[m[K [01;35m[Kwarning: [m[KISO C restricts enumerator values to range of '[01m[Kint[m[K' [[01;35m[K-Wpedantic[m[K]
[13.390s]    44 | [01;35m[K([m[K(uint64_t)0 | \
[13.390s]       | [01;35m[K^[m[K
[13.391s] [01m[K/home/dji/DJI_workshop/LZP_PSDK/ros2_workplace/src/yolo_detect/../../../Payload-SDK/samples/sample_c++/platform/linux/manifold3/../../../../../psdk_lib/include/dji_error.h:1069:69:[m[K [01;36m[Knote: [m[Kin expansion of macro '[01m[KDJI_ERROR_CODE[m[K'
[13.391s]  1069 |     DJI_ERROR_FC_ARREST_FLYING_MODULE_REGISTER_LOGOUT_NULL_POINTER= [01;36m[KDJI_ERROR_CODE[m[K(DJI_ERROR_MODULE_FC_ARREST_FLYING, DJI_ERROR_FC_ARREST_FLYING_MODULE_RAW_CODE_REGISTER_LOGOUT_NULL_POINTER),
[13.391s]       |                                                                     [01;36m[K^~~~~~~~~~~~~~[m[K
[13.391s] [01m[K/home/dji/DJI_workshop/LZP_PSDK/ros2_workplace/src/yolo_detect/../../../Payload-SDK/samples/sample_c++/platform/linux/manifold3/../../../../../psdk_lib/include/dji_error.h:44:1:[m[K [01;35m[Kwarning: [m[KISO C restricts enumerator values to range of '[01m[Kint[m[K' [[01;35m[K-Wpedantic[m[K]
[13.391s]    44 | [01;35m[K([m[K(uint64_t)0 | \
[13.391s]       | [01;35m[K^[m[K
[13.391s] [01m[K/home/dji/DJI_workshop/LZP_PSDK/ros2_workplace/src/yolo_detect/../../../Payload-SDK/samples/sample_c++/platform/linux/manifold3/../../../../../psdk_lib/include/dji_error.h:1070:62:[m[K [01;36m[Knote: [m[Kin expansion of macro '[01m[KDJI_ERROR_CODE[m[K'
[13.391s]  1070 |     DJI_ERROR_FC_ARREST_FLYING_MODULE_HMS_CODE_HAS_REGISTED= [01;36m[KDJI_ERROR_CODE[m[K(DJI_ERROR_MODULE_FC_ARREST_FLYING, DJI_ERROR_FC_ARREST_FLYING_MODULE_RAW_CODE_HMS_CODE_HAS_REGISTED),
[13.392s]       |                                                              [01;36m[K^~~~~~~~~~~~~~[m[K
[13.392s] [01m[K/home/dji/DJI_workshop/LZP_PSDK/ros2_workplace/src/yolo_detect/../../../Payload-SDK/samples/sample_c++/platform/linux/manifold3/../../../../../psdk_lib/include/dji_error.h:44:1:[m[K [01;35m[Kwarning: [m[KISO C restricts enumerator values to range of '[01m[Kint[m[K' [[01;35m[K-Wpedantic[m[K]
[13.392s]    44 | [01;35m[K([m[K(uint64_t)0 | \
[13.392s]       | [01;35m[K^[m[K
[13.392s] [01m[K/home/dji/DJI_workshop/LZP_PSDK/ros2_workplace/src/yolo_detect/../../../Payload-SDK/samples/sample_c++/platform/linux/manifold3/../../../../../psdk_lib/include/dji_error.h:1071:59:[m[K [01;36m[Knote: [m[Kin expansion of macro '[01m[KDJI_ERROR_CODE[m[K'
[13.392s]  1071 |     DJI_ERROR_FC_ARREST_FLYING_MODULE_HMS_CODE_NOT_FIND = [01;36m[KDJI_ERROR_CODE[m[K(DJI_ERROR_MODULE_FC_ARREST_FLYING, DJI_ERROR_FC_ARREST_FLYING_MODULE_RAW_CODE_HMS_CODE_NOT_FIND),
[13.392s]       |                                                           [01;36m[K^~~~~~~~~~~~~~[m[K
[13.393s] [01m[K/home/dji/DJI_workshop/LZP_PSDK/ros2_workplace/src/yolo_detect/../../../Payload-SDK/samples/sample_c++/platform/linux/manifold3/../../../../../psdk_lib/include/dji_error.h:44:1:[m[K [01;35m[Kwarning: [m[KISO C restricts enumerator values to range of '[01m[Kint[m[K' [[01;35m[K-Wpedantic[m[K]
[13.393s]    44 | [01;35m[K([m[K(uint64_t)0 | \
[13.393s]       | [01;35m[K^[m[K
[13.393s] [01m[K/home/dji/DJI_workshop/LZP_PSDK/ros2_workplace/src/yolo_detect/../../../Payload-SDK/samples/sample_c++/platform/linux/manifold3/../../../../../psdk_lib/include/dji_error.h:1072:64:[m[K [01;36m[Knote: [m[Kin expansion of macro '[01m[KDJI_ERROR_CODE[m[K'
[13.393s]  1072 |     DJI_ERROR_FC_ARREST_FLYING_MODULE_ADD_ITEM_NO_DECRIPTION = [01;36m[KDJI_ERROR_CODE[m[K(DJI_ERROR_MODULE_FC_ARREST_FLYING, DJI_ERROR_FC_ARREST_FLYING_MODULE_RAW_CODE_ADD_ITEM_NO_DECRIPTION),
[13.393s]       |                                                                [01;36m[K^~~~~~~~~~~~~~[m[K
[13.393s] [01m[K/home/dji/DJI_workshop/LZP_PSDK/ros2_workplace/src/yolo_detect/../../../Payload-SDK/samples/sample_c++/platform/linux/manifold3/../../../../../psdk_lib/include/dji_error.h:44:1:[m[K [01;35m[Kwarning: [m[KISO C restricts enumerator values to range of '[01m[Kint[m[K' [[01;35m[K-Wpedantic[m[K]
[13.393s]    44 | [01;35m[K([m[K(uint64_t)0 | \
[13.394s]       | [01;35m[K^[m[K
[13.394s] [01m[K/home/dji/DJI_workshop/LZP_PSDK/ros2_workplace/src/yolo_detect/../../../Payload-SDK/samples/sample_c++/platform/linux/manifold3/../../../../../psdk_lib/include/dji_error.h:1073:60:[m[K [01;36m[Knote: [m[Kin expansion of macro '[01m[KDJI_ERROR_CODE[m[K'
[13.394s]  1073 |     DJI_ERROR_FC_ARREST_FLYING_MODULE_REGISTER_ID_INVALID= [01;36m[KDJI_ERROR_CODE[m[K(DJI_ERROR_MODULE_FC_ARREST_FLYING, DJI_ERROR_FC_ARREST_FLYING_MODULE_RAW_CODE_REGISTER_ID_INVALID),
[13.405s]       |                                                            [01;36m[K^~~~~~~~~~~~~~[m[K
[13.405s] [01m[K/home/dji/DJI_workshop/LZP_PSDK/ros2_workplace/src/yolo_detect/../../../Payload-SDK/samples/sample_c++/platform/linux/manifold3/../../../../../psdk_lib/include/dji_error.h:44:1:[m[K [01;35m[Kwarning: [m[KISO C restricts enumerator values to range of '[01m[Kint[m[K' [[01;35m[K-Wpedantic[m[K]
[13.405s]    44 | [01;35m[K([m[K(uint64_t)0 | \
[13.405s]       | [01;35m[K^[m[K
[13.405s] [01m[K/home/dji/DJI_workshop/LZP_PSDK/ros2_workplace/src/yolo_detect/../../../Payload-SDK/samples/sample_c++/platform/linux/manifold3/../../../../../psdk_lib/include/dji_error.h:1074:79:[m[K [01;36m[Knote: [m[Kin expansion of macro '[01m[KDJI_ERROR_CODE[m[K'
[13.406s]  1074 |     DJI_ERROR_FC_ARREST_FLYING_MODULE_STOP_IN_AIR_HMSCODE_NOT_IN_WHITE_TABLE= [01;36m[KDJI_ERROR_CODE[m[K(DJI_ERROR_MODULE_FC_ARREST_FLYING, DJI_ERROR_FC_ARREST_FLYING_MODULE_RAW_CODE_STOP_IN_AIR_HMSCODE_NOT_IN_WHITE_TABLE),
[13.406s]       |                                                                               [01;36m[K^~~~~~~~~~~~~~[m[K
[13.407s] [01m[K/home/dji/DJI_workshop/LZP_PSDK/ros2_workplace/src/yolo_detect/../../../Payload-SDK/samples/sample_c++/platform/linux/manifold3/../../../../../psdk_lib/include/dji_error.h:44:1:[m[K [01;35m[Kwarning: [m[KISO C restricts enumerator values to range of '[01m[Kint[m[K' [[01;35m[K-Wpedantic[m[K]
[13.407s]    44 | [01;35m[K([m[K(uint64_t)0 | \
[13.407s]       | [01;35m[K^[m[K
[13.408s] [01m[K/home/dji/DJI_workshop/LZP_PSDK/ros2_workplace/src/yolo_detect/../../../Payload-SDK/samples/sample_c++/platform/linux/manifold3/../../../../../psdk_lib/include/dji_error.h:1075:63:[m[K [01;36m[Knote: [m[Kin expansion of macro '[01m[KDJI_ERROR_CODE[m[K'
[13.408s]  1075 |     DJI_ERROR_FC_ARREST_FLYING_MODULE_INVALID_FORMAT_HMSCODE= [01;36m[KDJI_ERROR_CODE[m[K(DJI_ERROR_MODULE_FC_ARREST_FLYING, DJI_ERROR_FC_ARREST_FLYING_MODULE_RAW_CODE_INVALID_FORMAT_HMSCODE),
[13.408s]       |                                                               [01;36m[K^~~~~~~~~~~~~~[m[K
[13.408s] [01m[K/home/dji/DJI_workshop/LZP_PSDK/ros2_workplace/src/yolo_detect/../../../Payload-SDK/samples/sample_c++/platform/linux/manifold3/../../../../../psdk_lib/include/dji_error.h:44:1:[m[K [01;35m[Kwarning: [m[KISO C restricts enumerator values to range of '[01m[Kint[m[K' [[01;35m[K-Wpedantic[m[K]
[13.409s]    44 | [01;35m[K([m[K(uint64_t)0 | \
[13.409s]       | [01;35m[K^[m[K
[13.409s] [01m[K/home/dji/DJI_workshop/LZP_PSDK/ros2_workplace/src/yolo_detect/../../../Payload-SDK/samples/sample_c++/platform/linux/manifold3/../../../../../psdk_lib/include/dji_error.h:1076:67:[m[K [01;36m[Knote: [m[Kin expansion of macro '[01m[KDJI_ERROR_CODE[m[K'
[13.410s]  1076 |     DJI_ERROR_FC_ARREST_FLYING_MODULE_HMSCODE_NOT_IN_WHITE_TABLE= [01;36m[KDJI_ERROR_CODE[m[K(DJI_ERROR_MODULE_FC_ARREST_FLYING, DJI_ERROR_FC_ARREST_FLYING_MODULE_RAW_CODE_HMSCODE_NOT_IN_WHITE_TABLE),
[13.410s]       |                                                                   [01;36m[K^~~~~~~~~~~~~~[m[K
[13.410s] [01m[K/home/dji/DJI_workshop/LZP_PSDK/ros2_workplace/src/yolo_detect/../../../Payload-SDK/samples/sample_c++/platform/linux/manifold3/../../../../../psdk_lib/include/dji_error.h:44:1:[m[K [01;35m[Kwarning: [m[KISO C restricts enumerator values to range of '[01m[Kint[m[K' [[01;35m[K-Wpedantic[m[K]
[13.410s]    44 | [01;35m[K([m[K(uint64_t)0 | \
[13.410s]       | [01;35m[K^[m[K
[13.410s] [01m[K/home/dji/DJI_workshop/LZP_PSDK/ros2_workplace/src/yolo_detect/../../../Payload-SDK/samples/sample_c++/platform/linux/manifold3/../../../../../psdk_lib/include/dji_error.h:1079:62:[m[K [01;36m[Knote: [m[Kin expansion of macro '[01m[KDJI_ERROR_CODE[m[K'
[13.410s]  1079 |     DJI_ERROR_FC_HOME_LOCATION_MODULE_UNKNOWN_FAILED_REASON= [01;36m[KDJI_ERROR_CODE[m[K(DJI_ERROR_MODULE_FC_HOME_LOCATION, DJI_ERROR_FC_HOME_LOCATION_MODULE_RAW_CODE_UNKNOWN_FAILED_REASON),
[13.411s]       |                                                              [01;36m[K^~~~~~~~~~~~~~[m[K
[13.411s] [01m[K/home/dji/DJI_workshop/LZP_PSDK/ros2_workplace/src/yolo_detect/../../../Payload-SDK/samples/sample_c++/platform/linux/manifold3/../../../../../psdk_lib/include/dji_error.h:44:1:[m[K [01;35m[Kwarning: [m[KISO C restricts enumerator values to range of '[01m[Kint[m[K' [[01;35m[K-Wpedantic[m[K]
[13.411s]    44 | [01;35m[K([m[K(uint64_t)0 | \
[13.411s]       | [01;35m[K^[m[K
[13.411s] [01m[K/home/dji/DJI_workshop/LZP_PSDK/ros2_workplace/src/yolo_detect/../../../Payload-SDK/samples/sample_c++/platform/linux/manifold3/../../../../../psdk_lib/include/dji_error.h:1080:63:[m[K [01;36m[Knote: [m[Kin expansion of macro '[01m[KDJI_ERROR_CODE[m[K'
[13.411s]  1080 |     DJI_ERROR_FC_HOME_LOCATION_MODULE_INVALID_GPS_COORDINATE= [01;36m[KDJI_ERROR_CODE[m[K(DJI_ERROR_MODULE_FC_HOME_LOCATION, DJI_ERROR_FC_HOME_LOCATION_MODULE_RAW_CODE_INVALID_GPS_COORDINATE),
[13.411s]       |                                                               [01;36m[K^~~~~~~~~~~~~~[m[K
[13.412s] [01m[K/home/dji/DJI_workshop/LZP_PSDK/ros2_workplace/src/yolo_detect/../../../Payload-SDK/samples/sample_c++/platform/linux/manifold3/../../../../../psdk_lib/include/dji_error.h:44:1:[m[K [01;35m[Kwarning: [m[KISO C restricts enumerator values to range of '[01m[Kint[m[K' [[01;35m[K-Wpedantic[m[K]
[13.412s]    44 | [01;35m[K([m[K(uint64_t)0 | \
[13.412s]       | [01;35m[K^[m[K
[13.412s] [01m[K/home/dji/DJI_workshop/LZP_PSDK/ros2_workplace/src/yolo_detect/../../../Payload-SDK/samples/sample_c++/platform/linux/manifold3/../../../../../psdk_lib/include/dji_error.h:1081:55:[m[K [01;36m[Knote: [m[Kin expansion of macro '[01m[KDJI_ERROR_CODE[m[K'
[13.412s]  1081 |     DJI_ERROR_FC_HOME_LOCATION_MODULE_NOT_BE_RECORD = [01;36m[KDJI_ERROR_CODE[m[K(DJI_ERROR_MODULE_FC_HOME_LOCATION, DJI_ERROR_FC_HOME_LOCATION_MODULE_RAW_CODE_NOT_BE_RECORD),
[13.413s]       |                                                       [01;36m[K^~~~~~~~~~~~~~[m[K
[13.419s] [01m[K/home/dji/DJI_workshop/LZP_PSDK/ros2_workplace/src/yolo_detect/../../../Payload-SDK/samples/sample_c++/platform/linux/manifold3/../../../../../psdk_lib/include/dji_error.h:44:1:[m[K [01;35m[Kwarning: [m[KISO C restricts enumerator values to range of '[01m[Kint[m[K' [[01;35m[K-Wpedantic[m[K]
[13.419s]    44 | [01;35m[K([m[K(uint64_t)0 | \
[13.419s]       | [01;35m[K^[m[K
[13.420s] [01m[K/home/dji/DJI_workshop/LZP_PSDK/ros2_workplace/src/yolo_detect/../../../Payload-SDK/samples/sample_c++/platform/linux/manifold3/../../../../../psdk_lib/include/dji_error.h:1082:55:[m[K [01;36m[Knote: [m[Kin expansion of macro '[01m[KDJI_ERROR_CODE[m[K'
[13.420s]  1082 |     DJI_ERROR_FC_HOME_LOCATION_MODULE_GPS_NOT_READY = [01;36m[KDJI_ERROR_CODE[m[K(DJI_ERROR_MODULE_FC_HOME_LOCATION, DJI_ERROR_FC_HOME_LOCATION_MODULE_RAW_CODE_GPS_NOT_READY),
[13.420s]       |                                                       [01;36m[K^~~~~~~~~~~~~~[m[K
[13.420s] [01m[K/home/dji/DJI_workshop/LZP_PSDK/ros2_workplace/src/yolo_detect/../../../Payload-SDK/samples/sample_c++/platform/linux/manifold3/../../../../../psdk_lib/include/dji_error.h:44:1:[m[K [01;35m[Kwarning: [m[KISO C restricts enumerator values to range of '[01m[Kint[m[K' [[01;35m[K-Wpedantic[m[K]
[13.422s]    44 | [01;35m[K([m[K(uint64_t)0 | \
[13.422s]       | [01;35m[K^[m[K
[13.422s] [01m[K/home/dji/DJI_workshop/LZP_PSDK/ros2_workplace/src/yolo_detect/../../../Payload-SDK/samples/sample_c++/platform/linux/manifold3/../../../../../psdk_lib/include/dji_error.h:1083:53:[m[K [01;36m[Knote: [m[Kin expansion of macro '[01m[KDJI_ERROR_CODE[m[K'
[13.423s]  1083 |     DJI_ERROR_FC_HOME_LOCATION_MODULE_DIS_TOO_FAR = [01;36m[KDJI_ERROR_CODE[m[K(DJI_ERROR_MODULE_FC_HOME_LOCATION, DJI_ERROR_FC_HOME_LOCATION_MODULE_RAW_CODE_DIS_TOO_FAR),
[13.423s]       |                                                     [01;36m[K^~~~~~~~~~~~~~[m[K
[13.423s] [01m[K/home/dji/DJI_workshop/LZP_PSDK/ros2_workplace/src/yolo_detect/../../../Payload-SDK/samples/sample_c++/platform/linux/manifold3/../../../../../psdk_lib/include/dji_error.h:44:1:[m[K [01;35m[Kwarning: [m[KISO C restricts enumerator values to range of '[01m[Kint[m[K' [[01;35m[K-Wpedantic[m[K]
[13.423s]    44 | [01;35m[K([m[K(uint64_t)0 | \
[13.423s]       | [01;35m[K^[m[K
[13.423s] [01m[K/home/dji/DJI_workshop/LZP_PSDK/ros2_workplace/src/yolo_detect/../../../Payload-SDK/samples/sample_c++/platform/linux/manifold3/../../../../../psdk_lib/include/dji_error.h:1086:65:[m[K [01;36m[Knote: [m[Kin expansion of macro '[01m[KDJI_ERROR_CODE[m[K'
[13.423s]  1086 |     DJI_ERROR_FC_EMERGENCY_STOP_MOTOR_MODULE_VERSION_NOT_MATCH= [01;36m[KDJI_ERROR_CODE[m[K(DJI_ERROR_MODULE_FC_EMERGENCY_STOP_MOTOR, DJI_ERROR_FC_EMERGENCY_STOP_MOTOR_MODULE_RAW_CODE_VERSION_NOT_MATCH),
[13.424s]       |                                                                 [01;36m[K^~~~~~~~~~~~~~[m[K
[13.425s] [01m[K/home/dji/DJI_workshop/LZP_PSDK/Payload-SDK/samples/sample_c++/platform/linux/manifold3/application/application.cpp:236:50:[m[K [01;35m[Kwarning: [m[KISO C++11 requires at least one argument for the "..." in a variadic macro
[13.425s]   236 |         USER_LOG_ERROR("widget sample init error"[01;35m[K)[m[K;
[13.425s]       |                                                  [01;35m[K^[m[K
[13.425s] [01m[K/home/dji/DJI_workshop/LZP_PSDK/Payload-SDK/samples/sample_c++/platform/linux/manifold3/application/application.cpp:250:39:[m[K [01;35m[Kwarning: [m[KISO C++11 requires at least one argument for the "..." in a variadic macro
[13.425s]   250 |     USER_LOG_INFO("Application start."[01;35m[K)[m[K;
[13.425s]       |                                       [01;35m[K^[m[K
[13.425s] [01m[K/home/dji/DJI_workshop/LZP_PSDK/Payload-SDK/samples/sample_c++/platform/linux/manifold3/application/application.cpp:292:90:[m[K [01;35m[Kwarning: [m[KISO C++11 requires at least one argument for the "..." in a variadic macro
[13.426s]   292 |         USER_LOG_ERROR("Length of user information string is beyond limit. Please check."[01;35m[K)[m[K;
[13.427s]       |                                                                                          [01;35m[K^[m[K
[13.427s] [01m[K/home/dji/DJI_workshop/LZP_PSDK/Payload-SDK/samples/sample_c++/platform/linux/manifold3/application/application.cpp:303:144:[m[K [01;35m[Kwarning: [m[KISO C++11 requires at least one argument for the "..." in a variadic macro
[13.427s]   303 |             "Please fill in correct user information to 'samples/sample_c++/platform/linux/nvidia_jetson/application/dji_sdk_app_info.h' file."[01;35m[K)[m[K;
[13.427s]       |                                                                                                                                                [01;35m[K^[m[K
[13.427s] [01m[K/home/dji/DJI_workshop/LZP_PSDK/Payload-SDK/samples/sample_c++/platform/linux/manifold3/application/application.cpp:387:51:[m[K [01;35m[Kwarning: [m[KISO C++11 requires at least one argument for the "..." in a variadic macro
[13.427s]   387 |         USER_LOG_ERROR("Open filepath time error."[01;35m[K)[m[K;
[13.427s]       |                                                   [01;35m[K^[m[K
[13.428s] [01m[K/home/dji/DJI_workshop/LZP_PSDK/ros2_workplace/src/yolo_detect/../../../Payload-SDK/samples/sample_c++/platform/linux/manifold3/../../../../../psdk_lib/include/dji_error.h:44:1:[m[K [01;35m[Kwarning: [m[KISO C restricts enumerator values to range of '[01m[Kint[m[K' [[01;35m[K-Wpedantic[m[K]
[13.428s]    44 | [01;35m[K([m[K(uint64_t)0 | \
[13.428s]       | [01;35m[K^[m[K
[13.428s] [01m[K/home/dji/DJI_workshop/LZP_PSDK/ros2_workplace/src/yolo_detect/../../../Payload-SDK/samples/sample_c++/platform/linux/manifold3/../../../../../psdk_lib/include/dji_error.h:1087:59:[m[K [01;36m[Knote: [m[Kin expansion of macro '[01m[KDJI_ERROR_CODE[m[K'
[13.428s]  1087 |     DJI_ERROR_FC_EMERGENCY_STOP_MOTOR_MODULE_CMD_INVALID= [01;36m[KDJI_ERROR_CODE[m[K(DJI_ERROR_MODULE_FC_EMERGENCY_STOP_MOTOR, DJI_ERROR_FC_EMERGENCY_STOP_MOTOR_MODULE_RAW_CODE_CMD_INVALID),
[13.428s]       |                                                           [01;36m[K^~~~~~~~~~~~~~[m[K
[13.428s] [01m[K/home/dji/DJI_workshop/LZP_PSDK/ros2_workplace/src/yolo_detect/../../../Payload-SDK/samples/sample_c++/platform/linux/manifold3/../../../../../psdk_lib/include/dji_error.h:44:1:[m[K [01;35m[Kwarning: [m[KISO C restricts enumerator values to range of '[01m[Kint[m[K' [[01;35m[K-Wpedantic[m[K]
[13.429s]    44 | [01;35m[K([m[K(uint64_t)0 | \
[13.429s]       | [01;35m[K^[m[K
[13.429s] [01m[K/home/dji/DJI_workshop/LZP_PSDK/ros2_workplace/src/yolo_detect/../../../Payload-SDK/samples/sample_c++/platform/linux/manifold3/../../../../../psdk_lib/include/dji_error.h:1090:64:[m[K [01;36m[Knote: [m[Kin expansion of macro '[01m[KDJI_ERROR_CODE[m[K'
[13.429s]  1090 |     DJI_ERROR_CAMERA_MANAGER_MODULE_CODE_UNSUPPORTED_COMMAND = [01;36m[KDJI_ERROR_CODE[m[K(DJI_ERROR_MODULE_CAMERA_MANAGER, DJI_ERROR_CAMERA_MANAGER_MODULE_RAW_CODE_UNSUPPORTED_COMMAND),
[13.429s]       |                                                                [01;36m[K^~~~~~~~~~~~~~[m[K
[13.429s] [01m[K/home/dji/DJI_workshop/LZP_PSDK/ros2_workplace/src/yolo_detect/../../../Payload-SDK/samples/sample_c++/platform/linux/manifold3/../../../../../psdk_lib/include/dji_error.h:44:1:[m[K [01;35m[Kwarning: [m[KISO C restricts enumerator values to range of '[01m[Kint[m[K' [[01;35m[K-Wpedantic[m[K]
[13.429s]    44 | [01;35m[K([m[K(uint64_t)0 | \
[13.430s]       | [01;35m[K^[m[K
[13.430s] [01m[K/home/dji/DJI_workshop/LZP_PSDK/ros2_workplace/src/yolo_detect/../../../Payload-SDK/samples/sample_c++/platform/linux/manifold3/../../../../../psdk_lib/include/dji_error.h:1091:52:[m[K [01;36m[Knote: [m[Kin expansion of macro '[01m[KDJI_ERROR_CODE[m[K'
[13.430s]  1091 |     DJI_ERROR_CAMERA_MANAGER_MODULE_CODE_TIMEOUT = [01;36m[KDJI_ERROR_CODE[m[K(DJI_ERROR_MODULE_CAMERA_MANAGER, DJI_ERROR_CAMERA_MANAGER_MODULE_RAW_CODE_TIMEOUT ),
[13.430s]       |                                                    [01;36m[K^~~~~~~~~~~~~~[m[K
[13.430s] [01m[K/home/dji/DJI_workshop/LZP_PSDK/ros2_workplace/src/yolo_detect/../../../Payload-SDK/samples/sample_c++/platform/linux/manifold3/../../../../../psdk_lib/include/dji_error.h:44:1:[m[K [01;35m[Kwarning: [m[KISO C restricts enumerator values to range of '[01m[Kint[m[K' [[01;35m[K-Wpedantic[m[K]
[13.430s]    44 | [01;35m[K([m[K(uint64_t)0 | \
[13.430s]       | [01;35m[K^[m[K
[13.431s] [01m[K/home/dji/DJI_workshop/LZP_PSDK/ros2_workplace/src/yolo_detect/../../../Payload-SDK/samples/sample_c++/platform/linux/manifold3/../../../../../psdk_lib/include/dji_error.h:1092:66:[m[K [01;36m[Knote: [m[Kin expansion of macro '[01m[KDJI_ERROR_CODE[m[K'
[13.431s]  1092 |     DJI_ERROR_CAMERA_MANAGER_MODULE_CODE_RAM_ALLOCATION_FAILED = [01;36m[KDJI_ERROR_CODE[m[K(DJI_ERROR_MODULE_CAMERA_MANAGER, DJI_ERROR_CAMERA_MANAGER_MODULE_RAW_CODE_RAM_ALLOCATION_FAILED),
[13.431s]       |                                                                  [01;36m[K^~~~~~~~~~~~~~[m[K
[13.431s] [01m[K/home/dji/DJI_workshop/LZP_PSDK/ros2_workplace/src/yolo_detect/../../../Payload-SDK/samples/sample_c++/platform/linux/manifold3/../../../../../psdk_lib/include/dji_error.h:44:1:[m[K [01;35m[Kwarning: [m[KISO C restricts enumerator values to range of '[01m[Kint[m[K' [[01;35m[K-Wpedantic[m[K]
[13.431s]    44 | [01;35m[K([m[K(uint64_t)0 | \
[13.431s]       | [01;35m[K^[m[K
[13.431s] [01m[K/home/dji/DJI_workshop/LZP_PSDK/ros2_workplace/src/yolo_detect/../../../Payload-SDK/samples/sample_c++/platform/linux/manifold3/../../../../../psdk_lib/include/dji_error.h:1093:70:[m[K [01;36m[Knote: [m[Kin expansion of macro '[01m[KDJI_ERROR_CODE[m[K'
[13.431s]  1093 |     DJI_ERROR_CAMERA_MANAGER_MODULE_CODE_INVALID_COMMAND_PARAMETER = [01;36m[KDJI_ERROR_CODE[m[K(DJI_ERROR_MODULE_CAMERA_MANAGER, DJI_ERROR_CAMERA_MANAGER_MODULE_RAW_CODE_INVALID_COMMAND_PARAMETER),
[13.432s]       |                                                                      [01;36m[K^~~~~~~~~~~~~~[m[K
[13.432s] [01m[K/home/dji/DJI_workshop/LZP_PSDK/ros2_workplace/src/yolo_detect/../../../Payload-SDK/samples/sample_c++/platform/linux/manifold3/../../../../../psdk_lib/include/dji_error.h:44:1:[m[K [01;35m[Kwarning: [m[KISO C restricts enumerator values to range of '[01m[Kint[m[K' [[01;35m[K-Wpedantic[m[K]
[13.432s]    44 | [01;35m[K([m[K(uint64_t)0 | \
[13.432s]       | [01;35m[K^[m[K
[13.432s] [01m[K/home/dji/DJI_workshop/LZP_PSDK/ros2_workplace/src/yolo_detect/../../../Payload-SDK/samples/sample_c++/platform/linux/manifold3/../../../../../psdk_lib/include/dji_error.h:1094:77:[m[K [01;36m[Knote: [m[Kin expansion of macro '[01m[KDJI_ERROR_CODE[m[K'
[13.432s]  1094 |     DJI_ERROR_CAMERA_MANAGER_MODULE_CODE_UNSUPPORTED_COMMAND_IN_CUR_STATE = [01;36m[KDJI_ERROR_CODE[m[K(DJI_ERROR_MODULE_CAMERA_MANAGER, DJI_ERROR_CAMERA_MANAGER_MODULE_RAW_CODE_UNSUPPORTED_COMMAND_IN_CUR_STATE),
[13.434s]       |                                                                             [01;36m[K^~~~~~~~~~~~~~[m[K
[13.438s] [01m[K/home/dji/DJI_workshop/LZP_PSDK/ros2_workplace/src/yolo_detect/../../../Payload-SDK/samples/sample_c++/platform/linux/manifold3/../../../../../psdk_lib/include/dji_error.h:44:1:[m[K [01;35m[Kwarning: [m[KISO C restricts enumerator values to range of '[01m[Kint[m[K' [[01;35m[K-Wpedantic[m[K]
[13.441s]    44 | [01;35m[K([m[K(uint64_t)0 | \
[13.442s]       | [01;35m[K^[m[K
[13.442s] [01m[K/home/dji/DJI_workshop/LZP_PSDK/ros2_workplace/src/yolo_detect/../../../Payload-SDK/samples/sample_c++/platform/linux/manifold3/../../../../../psdk_lib/include/dji_error.h:1095:73:[m[K [01;36m[Knote: [m[Kin expansion of macro '[01m[KDJI_ERROR_CODE[m[K'
[13.442s]  1095 |     DJI_ERROR_CAMERA_MANAGER_MODULE_CODE_CAMERA_TIME_NOT_SYNCHRONIZED = [01;36m[KDJI_ERROR_CODE[m[K(DJI_ERROR_MODULE_CAMERA_MANAGER, DJI_ERROR_CAMERA_MANAGER_MODULE_RAW_CODE_CAMERA_TIME_NOT_SYNCHRONIZED),
[13.442s]       |                                                                         [01;36m[K^~~~~~~~~~~~~~[m[K
[13.442s] [01m[K/home/dji/DJI_workshop/LZP_PSDK/ros2_workplace/src/yolo_detect/../../../Payload-SDK/samples/sample_c++/platform/linux/manifold3/../../../../../psdk_lib/include/dji_error.h:44:1:[m[K [01;35m[Kwarning: [m[KISO C restricts enumerator values to range of '[01m[Kint[m[K' [[01;35m[K-Wpedantic[m[K]
[13.442s]    44 | [01;35m[K([m[K(uint64_t)0 | \
[13.443s]       | [01;35m[K^[m[K
[13.443s] [01m[K/home/dji/DJI_workshop/LZP_PSDK/ros2_workplace/src/yolo_detect/../../../Payload-SDK/samples/sample_c++/platform/linux/manifold3/../../../../../psdk_lib/include/dji_error.h:1096:65:[m[K [01;36m[Knote: [m[Kin expansion of macro '[01m[KDJI_ERROR_CODE[m[K'
[13.443s]  1096 |     DJI_ERROR_CAMERA_MANAGER_MODULE_CODE_PARAMETER_SET_FAILED = [01;36m[KDJI_ERROR_CODE[m[K(DJI_ERROR_MODULE_CAMERA_MANAGER, DJI_ERROR_CAMERA_MANAGER_MODULE_RAW_CODE_PARAMETER_SET_FAILED),
[13.443s]       |                                                                 [01;36m[K^~~~~~~~~~~~~~[m[K
[13.443s] [01m[K/home/dji/DJI_workshop/LZP_PSDK/ros2_workplace/src/yolo_detect/../../../Payload-SDK/samples/sample_c++/platform/linux/manifold3/../../../../../psdk_lib/include/dji_error.h:44:1:[m[K [01;35m[Kwarning: [m[KISO C restricts enumerator values to range of '[01m[Kint[m[K' [[01;35m[K-Wpedantic[m[K]
[13.443s]    44 | [01;35m[K([m[K(uint64_t)0 | \
[13.443s]       | [01;35m[K^[m[K
[13.444s] [01m[K/home/dji/DJI_workshop/LZP_PSDK/ros2_workplace/src/yolo_detect/../../../Payload-SDK/samples/sample_c++/platform/linux/manifold3/../../../../../psdk_lib/include/dji_error.h:1097:65:[m[K [01;36m[Knote: [m[Kin expansion of macro '[01m[KDJI_ERROR_CODE[m[K'
[13.444s]  1097 |     DJI_ERROR_CAMERA_MANAGER_MODULE_CODE_PARAMETER_GET_FAILED = [01;36m[KDJI_ERROR_CODE[m[K(DJI_ERROR_MODULE_CAMERA_MANAGER, DJI_ERROR_CAMERA_MANAGER_MODULE_RAW_CODE_PARAMETER_GET_FAILED),
[13.444s]       |                                                                 [01;36m[K^~~~~~~~~~~~~~[m[K
[13.444s] [01m[K/home/dji/DJI_workshop/LZP_PSDK/ros2_workplace/src/yolo_detect/../../../Payload-SDK/samples/sample_c++/platform/linux/manifold3/../../../../../psdk_lib/include/dji_error.h:44:1:[m[K [01;35m[Kwarning: [m[KISO C restricts enumerator values to range of '[01m[Kint[m[K' [[01;35m[K-Wpedantic[m[K]
[13.444s]    44 | [01;35m[K([m[K(uint64_t)0 | \
[13.444s]       | [01;35m[K^[m[K
[13.444s] [01m[K/home/dji/DJI_workshop/LZP_PSDK/ros2_workplace/src/yolo_detect/../../../Payload-SDK/samples/sample_c++/platform/linux/manifold3/../../../../../psdk_lib/include/dji_error.h:1098:60:[m[K [01;36m[Knote: [m[Kin expansion of macro '[01m[KDJI_ERROR_CODE[m[K'
[13.444s]  1098 |     DJI_ERROR_CAMERA_MANAGER_MODULE_CODE_SD_CARD_MISSING = [01;36m[KDJI_ERROR_CODE[m[K(DJI_ERROR_MODULE_CAMERA_MANAGER, DJI_ERROR_CAMERA_MANAGER_MODULE_RAW_CODE_SD_CARD_MISSING),
[13.445s]       |                                                            [01;36m[K^~~~~~~~~~~~~~[m[K
[13.445s] [01m[K/home/dji/DJI_workshop/LZP_PSDK/ros2_workplace/src/yolo_detect/../../../Payload-SDK/samples/sample_c++/platform/linux/manifold3/../../../../../psdk_lib/include/dji_error.h:44:1:[m[K [01;35m[Kwarning: [m[KISO C restricts enumerator values to range of '[01m[Kint[m[K' [[01;35m[K-Wpedantic[m[K]
[13.445s]    44 | [01;35m[K([m[K(uint64_t)0 | \
[13.445s]       | [01;35m[K^[m[K
[13.445s] [01m[K/home/dji/DJI_workshop/LZP_PSDK/ros2_workplace/src/yolo_detect/../../../Payload-SDK/samples/sample_c++/platform/linux/manifold3/../../../../../psdk_lib/include/dji_error.h:1099:57:[m[K [01;36m[Knote: [m[Kin expansion of macro '[01m[KDJI_ERROR_CODE[m[K'
[13.445s]  1099 |     DJI_ERROR_CAMERA_MANAGER_MODULE_CODE_SD_CARD_FULL = [01;36m[KDJI_ERROR_CODE[m[K(DJI_ERROR_MODULE_CAMERA_MANAGER, DJI_ERROR_CAMERA_MANAGER_MODULE_RAW_CODE_SD_CARD_FULL),
[13.445s]       |                                                         [01;36m[K^~~~~~~~~~~~~~[m[K
[13.447s] [01m[K/home/dji/DJI_workshop/LZP_PSDK/ros2_workplace/src/yolo_detect/../../../Payload-SDK/samples/sample_c++/platform/linux/manifold3/../../../../../psdk_lib/include/dji_error.h:44:1:[m[K [01;35m[Kwarning: [m[KISO C restricts enumerator values to range of '[01m[Kint[m[K' [[01;35m[K-Wpedantic[m[K]
[13.450s]    44 | [01;35m[K([m[K(uint64_t)0 | \
[13.452s]       | [01;35m[K^[m[K
[13.453s] [01m[K/home/dji/DJI_workshop/LZP_PSDK/ros2_workplace/src/yolo_detect/../../../Payload-SDK/samples/sample_c++/platform/linux/manifold3/../../../../../psdk_lib/include/dji_error.h:1100:58:[m[K [01;36m[Knote: [m[Kin expansion of macro '[01m[KDJI_ERROR_CODE[m[K'
[13.454s]  1100 |     DJI_ERROR_CAMERA_MANAGER_MODULE_CODE_SD_CARD_ERROR = [01;36m[KDJI_ERROR_CODE[m[K(DJI_ERROR_MODULE_CAMERA_MANAGER, DJI_ERROR_CAMERA_MANAGER_MODULE_RAW_CODE_SD_CARD_ERROR),
[13.454s]       |                                                          [01;36m[K^~~~~~~~~~~~~~[m[K
[13.454s] [01m[K/home/dji/DJI_workshop/LZP_PSDK/ros2_workplace/src/yolo_detect/../../../Payload-SDK/samples/sample_c++/platform/linux/manifold3/../../../../../psdk_lib/include/dji_error.h:44:1:[m[K [01;35m[Kwarning: [m[KISO C restricts enumerator values to range of '[01m[Kint[m[K' [[01;35m[K-Wpedantic[m[K]
[13.454s]    44 | [01;35m[K([m[K(uint64_t)0 | \
[13.454s]       | [01;35m[K^[m[K
[13.454s] [01m[K/home/dji/DJI_workshop/LZP_PSDK/ros2_workplace/src/yolo_detect/../../../Payload-SDK/samples/sample_c++/platform/linux/manifold3/../../../../../psdk_lib/include/dji_error.h:1101:57:[m[K [01;36m[Knote: [m[Kin expansion of macro '[01m[KDJI_ERROR_CODE[m[K'
[13.454s]  1101 |     DJI_ERROR_CAMERA_MANAGER_MODULE_CODE_SENSOR_ERROR = [01;36m[KDJI_ERROR_CODE[m[K(DJI_ERROR_MODULE_CAMERA_MANAGER, DJI_ERROR_CAMERA_MANAGER_MODULE_RAW_CODE_SENSOR_ERROR),
[13.455s]       |                                                         [01;36m[K^~~~~~~~~~~~~~[m[K
[13.455s] [01m[K/home/dji/DJI_workshop/LZP_PSDK/ros2_workplace/src/yolo_detect/../../../Payload-SDK/samples/sample_c++/platform/linux/manifold3/../../../../../psdk_lib/include/dji_error.h:44:1:[m[K [01;35m[Kwarning: [m[KISO C restricts enumerator values to range of '[01m[Kint[m[K' [[01;35m[K-Wpedantic[m[K]
[13.455s]    44 | [01;35m[K([m[K(uint64_t)0 | \
[13.455s]       | [01;35m[K^[m[K
[13.455s] [01m[K/home/dji/DJI_workshop/LZP_PSDK/ros2_workplace/src/yolo_detect/../../../Payload-SDK/samples/sample_c++/platform/linux/manifold3/../../../../../psdk_lib/include/dji_error.h:1102:57:[m[K [01;36m[Knote: [m[Kin expansion of macro '[01m[KDJI_ERROR_CODE[m[K'
[13.455s]  1102 |     DJI_ERROR_CAMERA_MANAGER_MODULE_CODE_SYSTEM_ERROR = [01;36m[KDJI_ERROR_CODE[m[K(DJI_ERROR_MODULE_CAMERA_MANAGER, DJI_ERROR_CAMERA_MANAGER_MODULE_RAW_CODE_SYSTEM_ERROR),
[13.455s]       |                                                         [01;36m[K^~~~~~~~~~~~~~[m[K
[13.457s] [01m[K/home/dji/DJI_workshop/LZP_PSDK/ros2_workplace/src/yolo_detect/../../../Payload-SDK/samples/sample_c++/platform/linux/manifold3/../../../../../psdk_lib/include/dji_error.h:44:1:[m[K [01;35m[Kwarning: [m[KISO C restricts enumerator values to range of '[01m[Kint[m[K' [[01;35m[K-Wpedantic[m[K]
[13.459s]    44 | [01;35m[K([m[K(uint64_t)0 | \
[13.460s]       | [01;35m[K^[m[K
[13.460s] [01m[K/home/dji/DJI_workshop/LZP_PSDK/ros2_workplace/src/yolo_detect/../../../Payload-SDK/samples/sample_c++/platform/linux/manifold3/../../../../../psdk_lib/include/dji_error.h:1103:69:[m[K [01;36m[Knote: [m[Kin expansion of macro '[01m[KDJI_ERROR_CODE[m[K'
[13.461s]  1103 |     DJI_ERROR_CAMERA_MANAGER_MODULE_CODE_PARAMETER_TOTAL_TOO_LONG = [01;36m[KDJI_ERROR_CODE[m[K(DJI_ERROR_MODULE_CAMERA_MANAGER, DJI_ERROR_CAMERA_MANAGER_MODULE_RAW_CODE_PARAMETER_TOTAL_TOO_LONG),
[13.461s]       |                                                                     [01;36m[K^~~~~~~~~~~~~~[m[K
[13.461s] [01m[K/home/dji/DJI_workshop/LZP_PSDK/ros2_workplace/src/yolo_detect/../../../Payload-SDK/samples/sample_c++/platform/linux/manifold3/../../../../../psdk_lib/include/dji_error.h:44:1:[m[K [01;35m[Kwarning: [m[KISO C restricts enumerator values to range of '[01m[Kint[m[K' [[01;35m[K-Wpedantic[m[K]
[13.461s]    44 | [01;35m[K([m[K(uint64_t)0 | \
[13.461s]       | [01;35m[K^[m[K
[13.461s] [01m[K/home/dji/DJI_workshop/LZP_PSDK/ros2_workplace/src/yolo_detect/../../../Payload-SDK/samples/sample_c++/platform/linux/manifold3/../../../../../psdk_lib/include/dji_error.h:1104:63:[m[K [01;36m[Knote: [m[Kin expansion of macro '[01m[KDJI_ERROR_CODE[m[K'
[13.461s]  1104 |     DJI_ERROR_CAMERA_MANAGER_MODULE_CODE_MODULE_INACTIVATED = [01;36m[KDJI_ERROR_CODE[m[K(DJI_ERROR_MODULE_CAMERA_MANAGER, DJI_ERROR_SYSTEM_MODULE_RAW_CODE_MODULE_INACTIVATED),
[13.462s]       |                                                               [01;36m[K^~~~~~~~~~~~~~[m[K
[13.462s] [01m[K/home/dji/DJI_workshop/LZP_PSDK/ros2_workplace/src/yolo_detect/../../../Payload-SDK/samples/sample_c++/platform/linux/manifold3/../../../../../psdk_lib/include/dji_error.h:44:1:[m[K [01;35m[Kwarning: [m[KISO C restricts enumerator values to range of '[01m[Kint[m[K' [[01;35m[K-Wpedantic[m[K]
[13.462s]    44 | [01;35m[K([m[K(uint64_t)0 | \
[13.462s]       | [01;35m[K^[m[K
[13.462s] [01m[K/home/dji/DJI_workshop/LZP_PSDK/ros2_workplace/src/yolo_detect/../../../Payload-SDK/samples/sample_c++/platform/linux/manifold3/../../../../../psdk_lib/include/dji_error.h:1105:76:[m[K [01;36m[Knote: [m[Kin expansion of macro '[01m[KDJI_ERROR_CODE[m[K'
[13.462s]  1105 |     DJI_ERROR_CAMERA_MANAGER_MODULE_CODE_FIRMWARE_DATA_NUM_DISCONTINUOUS = [01;36m[KDJI_ERROR_CODE[m[K(DJI_ERROR_MODULE_CAMERA_MANAGER, DJI_ERROR_CAMERA_MANAGER_MODULE_RAW_CODE_FIRMWARE_DATA_NUM_DISCONTINUOUS),
[13.462s]       |                                                                            [01;36m[K^~~~~~~~~~~~~~[m[K
[13.462s] [01m[K/home/dji/DJI_workshop/LZP_PSDK/ros2_workplace/src/yolo_detect/../../../Payload-SDK/samples/sample_c++/platform/linux/manifold3/../../../../../psdk_lib/include/dji_error.h:44:1:[m[K [01;35m[Kwarning: [m[KISO C restricts enumerator values to range of '[01m[Kint[m[K' [[01;35m[K-Wpedantic[m[K]
[13.463s]    44 | [01;35m[K([m[K(uint64_t)0 | \
[13.463s]       | [01;35m[K^[m[K
[13.463s] [01m[K/home/dji/DJI_workshop/LZP_PSDK/ros2_workplace/src/yolo_detect/../../../Payload-SDK/samples/sample_c++/platform/linux/manifold3/../../../../../psdk_lib/include/dji_error.h:1106:72:[m[K [01;36m[Knote: [m[Kin expansion of macro '[01m[KDJI_ERROR_CODE[m[K'
[13.463s]  1106 |     DJI_ERROR_CAMERA_MANAGER_MODULE_CODE_FIRMWARE_VERIFICATION_ERROR = [01;36m[KDJI_ERROR_CODE[m[K(DJI_ERROR_MODULE_CAMERA_MANAGER, DJI_ERROR_CAMERA_MANAGER_MODULE_RAW_CODE_FIRMWARE_VERIFICATION_ERROR),
[13.463s]       |                                                                        [01;36m[K^~~~~~~~~~~~~~[m[K
[13.463s] [01m[K/home/dji/DJI_workshop/LZP_PSDK/ros2_workplace/src/yolo_detect/../../../Payload-SDK/samples/sample_c++/platform/linux/manifold3/../../../../../psdk_lib/include/dji_error.h:44:1:[m[K [01;35m[Kwarning: [m[KISO C restricts enumerator values to range of '[01m[Kint[m[K' [[01;35m[K-Wpedantic[m[K]
[13.463s]    44 | [01;35m[K([m[K(uint64_t)0 | \
[13.464s]       | [01;35m[K^[m[K
[13.464s] [01m[K/home/dji/DJI_workshop/LZP_PSDK/ros2_workplace/src/yolo_detect/../../../Payload-SDK/samples/sample_c++/platform/linux/manifold3/../../../../../psdk_lib/include/dji_error.h:1107:62:[m[K [01;36m[Knote: [m[Kin expansion of macro '[01m[KDJI_ERROR_CODE[m[K'
[13.464s]  1107 |     DJI_ERROR_CAMERA_MANAGER_MODULE_CODE_FLASH_WRITE_ERROR = [01;36m[KDJI_ERROR_CODE[m[K(DJI_ERROR_MODULE_CAMERA_MANAGER, DJI_ERROR_CAMERA_MANAGER_MODULE_RAW_CODE_FLASH_WRITE_ERROR),
[13.464s]       |                                                              [01;36m[K^~~~~~~~~~~~~~[m[K
[13.464s] [01m[K/home/dji/DJI_workshop/LZP_PSDK/ros2_workplace/src/yolo_detect/../../../Payload-SDK/samples/sample_c++/platform/linux/manifold3/../../../../../psdk_lib/include/dji_error.h:44:1:[m[K [01;35m[Kwarning: [m[KISO C restricts enumerator values to range of '[01m[Kint[m[K' [[01;35m[K-Wpedantic[m[K]
[13.464s]    44 | [01;35m[K([m[K(uint64_t)0 | \
[13.464s]       | [01;35m[K^[m[K
[13.465s] [01m[K/home/dji/DJI_workshop/LZP_PSDK/ros2_workplace/src/yolo_detect/../../../Payload-SDK/samples/sample_c++/platform/linux/manifold3/../../../../../psdk_lib/include/dji_error.h:1108:67:[m[K [01;36m[Knote: [m[Kin expansion of macro '[01m[KDJI_ERROR_CODE[m[K'
[13.465s]  1108 |     DJI_ERROR_CAMERA_MANAGER_MODULE_CODE_FIRMWARE_TYPE_MISMATCH = [01;36m[KDJI_ERROR_CODE[m[K(DJI_ERROR_MODULE_CAMERA_MANAGER, DJI_ERROR_CAMERA_MANAGER_MODULE_RAW_CODE_FIRMWARE_TYPE_MISMATCH),
[13.465s]       |                                                                   [01;36m[K^~~~~~~~~~~~~~[m[K
[13.465s] [01m[K/home/dji/DJI_workshop/LZP_PSDK/ros2_workplace/src/yolo_detect/../../../Payload-SDK/samples/sample_c++/platform/linux/manifold3/../../../../../psdk_lib/include/dji_error.h:44:1:[m[K [01;35m[Kwarning: [m[KISO C restricts enumerator values to range of '[01m[Kint[m[K' [[01;35m[K-Wpedantic[m[K]
[13.465s]    44 | [01;35m[K([m[K(uint64_t)0 | \
[13.465s]       | [01;35m[K^[m[K
[13.465s] [01m[K/home/dji/DJI_workshop/LZP_PSDK/ros2_workplace/src/yolo_detect/../../../Payload-SDK/samples/sample_c++/platform/linux/manifold3/../../../../../psdk_lib/include/dji_error.h:1109:71:[m[K [01;36m[Knote: [m[Kin expansion of macro '[01m[KDJI_ERROR_CODE[m[K'
[13.465s]  1109 |     DJI_ERROR_CAMERA_MANAGER_MODULE_CODE_REMOTE_CONTROL_UNCONNECTED = [01;36m[KDJI_ERROR_CODE[m[K(DJI_ERROR_MODULE_CAMERA_MANAGER, DJI_ERROR_CAMERA_MANAGER_MODULE_RAW_CODE_REMOTE_CONTROL_UNCONNECTED),
[13.466s]       |                                                                       [01;36m[K^~~~~~~~~~~~~~[m[K
[13.466s] [01m[K/home/dji/DJI_workshop/LZP_PSDK/ros2_workplace/src/yolo_detect/../../../Payload-SDK/samples/sample_c++/platform/linux/manifold3/../../../../../psdk_lib/include/dji_error.h:44:1:[m[K [01;35m[Kwarning: [m[KISO C restricts enumerator values to range of '[01m[Kint[m[K' [[01;35m[K-Wpedantic[m[K]
[13.466s]    44 | [01;35m[K([m[K(uint64_t)0 | \
[13.466s]       | [01;35m[K^[m[K
[13.466s] [01m[K/home/dji/DJI_workshop/LZP_PSDK/ros2_workplace/src/yolo_detect/../../../Payload-SDK/samples/sample_c++/platform/linux/manifold3/../../../../../psdk_lib/include/dji_error.h:1110:59:[m[K [01;36m[Knote: [m[Kin expansion of macro '[01m[KDJI_ERROR_CODE[m[K'
[13.467s]  1110 |     DJI_ERROR_CAMERA_MANAGER_MODULE_CODE_HARDWARE_ERROR = [01;36m[KDJI_ERROR_CODE[m[K(DJI_ERROR_MODULE_CAMERA_MANAGER, DJI_ERROR_CAMERA_MANAGER_MODULE_RAW_CODE_HARDWARE_ERROR),
[13.467s]       |                                                           [01;36m[K^~~~~~~~~~~~~~[m[K
[13.467s] [01m[K/home/dji/DJI_workshop/LZP_PSDK/ros2_workplace/src/yolo_detect/../../../Payload-SDK/samples/sample_c++/platform/linux/manifold3/../../../../../psdk_lib/include/dji_error.h:44:1:[m[K [01;35m[Kwarning: [m[KISO C restricts enumerator values to range of '[01m[Kint[m[K' [[01;35m[K-Wpedantic[m[K]
[13.467s]    44 | [01;35m[K([m[K(uint64_t)0 | \
[13.467s]       | [01;35m[K^[m[K
[13.467s] [01m[K/home/dji/DJI_workshop/LZP_PSDK/ros2_workplace/src/yolo_detect/../../../Payload-SDK/samples/sample_c++/platform/linux/manifold3/../../../../../psdk_lib/include/dji_error.h:1111:65:[m[K [01;36m[Knote: [m[Kin expansion of macro '[01m[KDJI_ERROR_CODE[m[K'
[13.467s]  1111 |     DJI_ERROR_CAMERA_MANAGER_MODULE_CODE_AIRCRAFT_UNCONNECTED = [01;36m[KDJI_ERROR_CODE[m[K(DJI_ERROR_MODULE_CAMERA_MANAGER, DJI_ERROR_CAMERA_MANAGER_MODULE_RAW_CODE_AIRCRAFT_UNCONNECTED),
[13.467s]       |                                                                 [01;36m[K^~~~~~~~~~~~~~[m[K
[13.468s] [01m[K/home/dji/DJI_workshop/LZP_PSDK/ros2_workplace/src/yolo_detect/../../../Payload-SDK/samples/sample_c++/platform/linux/manifold3/../../../../../psdk_lib/include/dji_error.h:44:1:[m[K [01;35m[Kwarning: [m[KISO C restricts enumerator values to range of '[01m[Kint[m[K' [[01;35m[K-Wpedantic[m[K]
[13.468s]    44 | [01;35m[K([m[K(uint64_t)0 | \
[13.468s]       | [01;35m[K^[m[K
[13.468s] [01m[K/home/dji/DJI_workshop/LZP_PSDK/ros2_workplace/src/yolo_detect/../../../Payload-SDK/samples/sample_c++/platform/linux/manifold3/../../../../../psdk_lib/include/dji_error.h:1112:72:[m[K [01;36m[Knote: [m[Kin expansion of macro '[01m[KDJI_ERROR_CODE[m[K'
[13.468s]  1112 |     DJI_ERROR_CAMERA_MANAGER_MODULE_CODE_CANNOT_UPGRADE_IN_CUR_STATE = [01;36m[KDJI_ERROR_CODE[m[K(DJI_ERROR_MODULE_CAMERA_MANAGER, DJI_ERROR_CAMERA_MANAGER_MODULE_RAW_CODE_CANNOT_UPGRADE_IN_CUR_STATE),
[13.469s]       |                                                                        [01;36m[K^~~~~~~~~~~~~~[m[K
[13.469s] [01m[K/home/dji/DJI_workshop/LZP_PSDK/ros2_workplace/src/yolo_detect/../../../Payload-SDK/samples/sample_c++/platform/linux/manifold3/../../../../../psdk_lib/include/dji_error.h:44:1:[m[K [01;35m[Kwarning: [m[KISO C restricts enumerator values to range of '[01m[Kint[m[K' [[01;35m[K-Wpedantic[m[K]
[13.469s]    44 | [01;35m[K([m[K(uint64_t)0 | \
[13.469s]       | [01;35m[K^[m[K
[13.469s] [01m[K/home/dji/DJI_workshop/LZP_PSDK/ros2_workplace/src/yolo_detect/../../../Payload-SDK/samples/sample_c++/platform/linux/manifold3/../../../../../psdk_lib/include/dji_error.h:1113:59:[m[K [01;36m[Knote: [m[Kin expansion of macro '[01m[KDJI_ERROR_CODE[m[K'
[13.469s]  1113 |     DJI_ERROR_CAMERA_MANAGER_MODULE_CODE_UNDEFINE_ERROR = [01;36m[KDJI_ERROR_CODE[m[K(DJI_ERROR_MODULE_CAMERA_MANAGER, DJI_ERROR_CAMERA_MANAGER_MODULE_RAW_CODE_UNDEFINE_ERROR),
[13.469s]       |                                                           [01;36m[K^~~~~~~~~~~~~~[m[K
[13.469s] [01m[K/home/dji/DJI_workshop/LZP_PSDK/ros2_workplace/src/yolo_detect/../../../Payload-SDK/samples/sample_c++/platform/linux/manifold3/../../../../../psdk_lib/include/dji_error.h:44:1:[m[K [01;35m[Kwarning: [m[KISO C restricts enumerator values to range of '[01m[Kint[m[K' [[01;35m[K-Wpedantic[m[K]
[13.470s]    44 | [01;35m[K([m[K(uint64_t)0 | \
[13.470s]       | [01;35m[K^[m[K
[13.470s] [01m[K/home/dji/DJI_workshop/LZP_PSDK/ros2_workplace/src/yolo_detect/../../../Payload-SDK/samples/sample_c++/platform/linux/manifold3/../../../../../psdk_lib/include/dji_error.h:1116:64:[m[K [01;36m[Knote: [m[Kin expansion of macro '[01m[KDJI_ERROR_CODE[m[K'
[13.470s]  1116 |     DJI_ERROR_GIMBAL_MANAGER_MODULE_CODE_UNSUPPORTED_COMMAND = [01;36m[KDJI_ERROR_CODE[m[K(DJI_ERROR_MODULE_GIMBAL_MANAGER, DJI_ERROR_GIMBAL_MANAGER_MODULE_RAW_CODE_UNSUPPORTED_COMMAND),
[13.470s]       |                                                                [01;36m[K^~~~~~~~~~~~~~[m[K
[13.470s] [01m[K/home/dji/DJI_workshop/LZP_PSDK/ros2_workplace/src/yolo_detect/../../../Payload-SDK/samples/sample_c++/platform/linux/manifold3/../../../../../psdk_lib/include/dji_error.h:44:1:[m[K [01;35m[Kwarning: [m[KISO C restricts enumerator values to range of '[01m[Kint[m[K' [[01;35m[K-Wpedantic[m[K]
[13.470s]    44 | [01;35m[K([m[K(uint64_t)0 | \
[13.471s]       | [01;35m[K^[m[K
[13.471s] [01m[K/home/dji/DJI_workshop/LZP_PSDK/ros2_workplace/src/yolo_detect/../../../Payload-SDK/samples/sample_c++/platform/linux/manifold3/../../../../../psdk_lib/include/dji_error.h:1117:52:[m[K [01;36m[Knote: [m[Kin expansion of macro '[01m[KDJI_ERROR_CODE[m[K'
[13.471s]  1117 |     DJI_ERROR_GIMBAL_MANAGER_MODULE_CODE_TIMEOUT = [01;36m[KDJI_ERROR_CODE[m[K(DJI_ERROR_MODULE_GIMBAL_MANAGER, DJI_ERROR_GIMBAL_MANAGER_MODULE_RAW_CODE_TIMEOUT ),
[13.471s]       |                                                    [01;36m[K^~~~~~~~~~~~~~[m[K
[13.471s] [01m[K/home/dji/DJI_workshop/LZP_PSDK/ros2_workplace/src/yolo_detect/../../../Payload-SDK/samples/sample_c++/platform/linux/manifold3/../../../../../psdk_lib/include/dji_error.h:44:1:[m[K [01;35m[Kwarning: [m[KISO C restricts enumerator values to range of '[01m[Kint[m[K' [[01;35m[K-Wpedantic[m[K]
[13.471s]    44 | [01;35m[K([m[K(uint64_t)0 | \
[13.471s]       | [01;35m[K^[m[K
[13.471s] [01m[K/home/dji/DJI_workshop/LZP_PSDK/ros2_workplace/src/yolo_detect/../../../Payload-SDK/samples/sample_c++/platform/linux/manifold3/../../../../../psdk_lib/include/dji_error.h:1118:66:[m[K [01;36m[Knote: [m[Kin expansion of macro '[01m[KDJI_ERROR_CODE[m[K'
[13.472s]  1118 |     DJI_ERROR_GIMBAL_MANAGER_MODULE_CODE_RAM_ALLOCATION_FAILED = [01;36m[KDJI_ERROR_CODE[m[K(DJI_ERROR_MODULE_GIMBAL_MANAGER, DJI_ERROR_GIMBAL_MANAGER_MODULE_RAW_CODE_RAM_ALLOCATION_FAILED),
[13.472s]       |                                                                  [01;36m[K^~~~~~~~~~~~~~[m[K
[13.472s] [01m[K/home/dji/DJI_workshop/LZP_PSDK/ros2_workplace/src/yolo_detect/../../../Payload-SDK/samples/sample_c++/platform/linux/manifold3/../../../../../psdk_lib/include/dji_error.h:44:1:[m[K [01;35m[Kwarning: [m[KISO C restricts enumerator values to range of '[01m[Kint[m[K' [[01;35m[K-Wpedantic[m[K]
[13.472s]    44 | [01;35m[K([m[K(uint64_t)0 | \
[13.472s]       | [01;35m[K^[m[K
[13.472s] [01m[K/home/dji/DJI_workshop/LZP_PSDK/ros2_workplace/src/yolo_detect/../../../Payload-SDK/samples/sample_c++/platform/linux/manifold3/../../../../../psdk_lib/include/dji_error.h:1119:70:[m[K [01;36m[Knote: [m[Kin expansion of macro '[01m[KDJI_ERROR_CODE[m[K'
[13.472s]  1119 |     DJI_ERROR_GIMBAL_MANAGER_MODULE_CODE_INVALID_COMMAND_PARAMETER = [01;36m[KDJI_ERROR_CODE[m[K(DJI_ERROR_MODULE_GIMBAL_MANAGER, DJI_ERROR_GIMBAL_MANAGER_MODULE_RAW_CODE_INVALID_COMMAND_PARAMETER),
[13.473s]       |                                                                      [01;36m[K^~~~~~~~~~~~~~[m[K
[13.473s] [01m[K/home/dji/DJI_workshop/LZP_PSDK/ros2_workplace/src/yolo_detect/../../../Payload-SDK/samples/sample_c++/platform/linux/manifold3/../../../../../psdk_lib/include/dji_error.h:44:1:[m[K [01;35m[Kwarning: [m[KISO C restricts enumerator values to range of '[01m[Kint[m[K' [[01;35m[K-Wpedantic[m[K]
[13.473s]    44 | [01;35m[K([m[K(uint64_t)0 | \
[13.473s]       | [01;35m[K^[m[K
[13.473s] [01m[K/home/dji/DJI_workshop/LZP_PSDK/ros2_workplace/src/yolo_detect/../../../Payload-SDK/samples/sample_c++/platform/linux/manifold3/../../../../../psdk_lib/include/dji_error.h:1120:77:[m[K [01;36m[Knote: [m[Kin expansion of macro '[01m[KDJI_ERROR_CODE[m[K'
[13.473s]  1120 |     DJI_ERROR_GIMBAL_MANAGER_MODULE_CODE_UNSUPPORTED_COMMAND_IN_CUR_STATE = [01;36m[KDJI_ERROR_CODE[m[K(DJI_ERROR_MODULE_GIMBAL_MANAGER, DJI_ERROR_GIMBAL_MANAGER_MODULE_RAW_CODE_UNSUPPORTED_COMMAND_IN_CUR_STATE),
[13.473s]       |                                                                             [01;36m[K^~~~~~~~~~~~~~[m[K
[13.473s] [01m[K/home/dji/DJI_workshop/LZP_PSDK/ros2_workplace/src/yolo_detect/../../../Payload-SDK/samples/sample_c++/platform/linux/manifold3/../../../../../psdk_lib/include/dji_error.h:44:1:[m[K [01;35m[Kwarning: [m[KISO C restricts enumerator values to range of '[01m[Kint[m[K' [[01;35m[K-Wpedantic[m[K]
[13.474s]    44 | [01;35m[K([m[K(uint64_t)0 | \
[13.474s]       | [01;35m[K^[m[K
[13.474s] [01m[K/home/dji/DJI_workshop/LZP_PSDK/ros2_workplace/src/yolo_detect/../../../Payload-SDK/samples/sample_c++/platform/linux/manifold3/../../../../../psdk_lib/include/dji_error.h:1121:73:[m[K [01;36m[Knote: [m[Kin expansion of macro '[01m[KDJI_ERROR_CODE[m[K'
[13.474s]  1121 |     DJI_ERROR_GIMBAL_MANAGER_MODULE_CODE_CAMERA_TIME_NOT_SYNCHRONIZED = [01;36m[KDJI_ERROR_CODE[m[K(DJI_ERROR_MODULE_GIMBAL_MANAGER, DJI_ERROR_GIMBAL_MANAGER_MODULE_RAW_CODE_CAMERA_TIME_NOT_SYNCHRONIZED),
[13.474s]       |                                                                         [01;36m[K^~~~~~~~~~~~~~[m[K
[13.474s] [01m[K/home/dji/DJI_workshop/LZP_PSDK/ros2_workplace/src/yolo_detect/../../../Payload-SDK/samples/sample_c++/platform/linux/manifold3/../../../../../psdk_lib/include/dji_error.h:44:1:[m[K [01;35m[Kwarning: [m[KISO C restricts enumerator values to range of '[01m[Kint[m[K' [[01;35m[K-Wpedantic[m[K]
[13.474s]    44 | [01;35m[K([m[K(uint64_t)0 | \
[13.475s]       | [01;35m[K^[m[K
[13.475s] [01m[K/home/dji/DJI_workshop/LZP_PSDK/ros2_workplace/src/yolo_detect/../../../Payload-SDK/samples/sample_c++/platform/linux/manifold3/../../../../../psdk_lib/include/dji_error.h:1122:65:[m[K [01;36m[Knote: [m[Kin expansion of macro '[01m[KDJI_ERROR_CODE[m[K'
[13.475s]  1122 |     DJI_ERROR_GIMBAL_MANAGER_MODULE_CODE_PARAMETER_SET_FAILED = [01;36m[KDJI_ERROR_CODE[m[K(DJI_ERROR_MODULE_GIMBAL_MANAGER, DJI_ERROR_GIMBAL_MANAGER_MODULE_RAW_CODE_PARAMETER_SET_FAILED),
[13.475s]       |                                                                 [01;36m[K^~~~~~~~~~~~~~[m[K
[13.475s] [01m[K/home/dji/DJI_workshop/LZP_PSDK/ros2_workplace/src/yolo_detect/../../../Payload-SDK/samples/sample_c++/platform/linux/manifold3/../../../../../psdk_lib/include/dji_error.h:44:1:[m[K [01;35m[Kwarning: [m[KISO C restricts enumerator values to range of '[01m[Kint[m[K' [[01;35m[K-Wpedantic[m[K]
[13.475s]    44 | [01;35m[K([m[K(uint64_t)0 | \
[13.475s]       | [01;35m[K^[m[K
[13.476s] [01m[K/home/dji/DJI_workshop/LZP_PSDK/ros2_workplace/src/yolo_detect/../../../Payload-SDK/samples/sample_c++/platform/linux/manifold3/../../../../../psdk_lib/include/dji_error.h:1123:65:[m[K [01;36m[Knote: [m[Kin expansion of macro '[01m[KDJI_ERROR_CODE[m[K'
[13.476s]  1123 |     DJI_ERROR_GIMBAL_MANAGER_MODULE_CODE_PARAMETER_GET_FAILED = [01;36m[KDJI_ERROR_CODE[m[K(DJI_ERROR_MODULE_GIMBAL_MANAGER, DJI_ERROR_GIMBAL_MANAGER_MODULE_RAW_CODE_PARAMETER_GET_FAILED),
[13.476s]       |                                                                 [01;36m[K^~~~~~~~~~~~~~[m[K
[13.476s] [01m[K/home/dji/DJI_workshop/LZP_PSDK/ros2_workplace/src/yolo_detect/../../../Payload-SDK/samples/sample_c++/platform/linux/manifold3/../../../../../psdk_lib/include/dji_error.h:44:1:[m[K [01;35m[Kwarning: [m[KISO C restricts enumerator values to range of '[01m[Kint[m[K' [[01;35m[K-Wpedantic[m[K]
[13.476s]    44 | [01;35m[K([m[K(uint64_t)0 | \
[13.477s]       | [01;35m[K^[m[K
[13.477s] [01m[K/home/dji/DJI_workshop/LZP_PSDK/ros2_workplace/src/yolo_detect/../../../Payload-SDK/samples/sample_c++/platform/linux/manifold3/../../../../../psdk_lib/include/dji_error.h:1124:60:[m[K [01;36m[Knote: [m[Kin expansion of macro '[01m[KDJI_ERROR_CODE[m[K'
[13.477s]  1124 |     DJI_ERROR_GIMBAL_MANAGER_MODULE_CODE_SD_CARD_MISSING = [01;36m[KDJI_ERROR_CODE[m[K(DJI_ERROR_MODULE_GIMBAL_MANAGER, DJI_ERROR_GIMBAL_MANAGER_MODULE_RAW_CODE_SD_CARD_MISSING),
[13.477s]       |                                                            [01;36m[K^~~~~~~~~~~~~~[m[K
[13.477s] [01m[K/home/dji/DJI_workshop/LZP_PSDK/ros2_workplace/src/yolo_detect/../../../Payload-SDK/samples/sample_c++/platform/linux/manifold3/../../../../../psdk_lib/include/dji_error.h:44:1:[m[K [01;35m[Kwarning: [m[KISO C restricts enumerator values to range of '[01m[Kint[m[K' [[01;35m[K-Wpedantic[m[K]
[13.477s]    44 | [01;35m[K([m[K(uint64_t)0 | \
[13.477s]       | [01;35m[K^[m[K
[13.478s] [01m[K/home/dji/DJI_workshop/LZP_PSDK/ros2_workplace/src/yolo_detect/../../../Payload-SDK/samples/sample_c++/platform/linux/manifold3/../../../../../psdk_lib/include/dji_error.h:1125:57:[m[K [01;36m[Knote: [m[Kin expansion of macro '[01m[KDJI_ERROR_CODE[m[K'
[13.478s]  1125 |     DJI_ERROR_GIMBAL_MANAGER_MODULE_CODE_SD_CARD_FULL = [01;36m[KDJI_ERROR_CODE[m[K(DJI_ERROR_MODULE_GIMBAL_MANAGER, DJI_ERROR_GIMBAL_MANAGER_MODULE_RAW_CODE_SD_CARD_FULL),
[13.478s]       |                                                         [01;36m[K^~~~~~~~~~~~~~[m[K
[13.478s] [01m[K/home/dji/DJI_workshop/LZP_PSDK/ros2_workplace/src/yolo_detect/../../../Payload-SDK/samples/sample_c++/platform/linux/manifold3/../../../../../psdk_lib/include/dji_error.h:44:1:[m[K [01;35m[Kwarning: [m[KISO C restricts enumerator values to range of '[01m[Kint[m[K' [[01;35m[K-Wpedantic[m[K]
[13.478s]    44 | [01;35m[K([m[K(uint64_t)0 | \
[13.478s]       | [01;35m[K^[m[K
[13.478s] [01m[K/home/dji/DJI_workshop/LZP_PSDK/ros2_workplace/src/yolo_detect/../../../Payload-SDK/samples/sample_c++/platform/linux/manifold3/../../../../../psdk_lib/include/dji_error.h:1126:58:[m[K [01;36m[Knote: [m[Kin expansion of macro '[01m[KDJI_ERROR_CODE[m[K'
[13.479s]  1126 |     DJI_ERROR_GIMBAL_MANAGER_MODULE_CODE_SD_CARD_ERROR = [01;36m[KDJI_ERROR_CODE[m[K(DJI_ERROR_MODULE_GIMBAL_MANAGER, DJI_ERROR_GIMBAL_MANAGER_MODULE_RAW_CODE_SD_CARD_ERROR),
[13.479s]       |                                                          [01;36m[K^~~~~~~~~~~~~~[m[K
[13.479s] [01m[K/home/dji/DJI_workshop/LZP_PSDK/ros2_workplace/src/yolo_detect/../../../Payload-SDK/samples/sample_c++/platform/linux/manifold3/../../../../../psdk_lib/include/dji_error.h:44:1:[m[K [01;35m[Kwarning: [m[KISO C restricts enumerator values to range of '[01m[Kint[m[K' [[01;35m[K-Wpedantic[m[K]
[13.479s]    44 | [01;35m[K([m[K(uint64_t)0 | \
[13.479s]       | [01;35m[K^[m[K
[13.479s] [01m[K/home/dji/DJI_workshop/LZP_PSDK/ros2_workplace/src/yolo_detect/../../../Payload-SDK/samples/sample_c++/platform/linux/manifold3/../../../../../psdk_lib/include/dji_error.h:1127:57:[m[K [01;36m[Knote: [m[Kin expansion of macro '[01m[KDJI_ERROR_CODE[m[K'
[13.480s]  1127 |     DJI_ERROR_GIMBAL_MANAGER_MODULE_CODE_SENSOR_ERROR = [01;36m[KDJI_ERROR_CODE[m[K(DJI_ERROR_MODULE_GIMBAL_MANAGER, DJI_ERROR_GIMBAL_MANAGER_MODULE_RAW_CODE_SENSOR_ERROR),
[13.480s]       |                                                         [01;36m[K^~~~~~~~~~~~~~[m[K
[13.480s] [01m[K/home/dji/DJI_workshop/LZP_PSDK/ros2_workplace/src/yolo_detect/../../../Payload-SDK/samples/sample_c++/platform/linux/manifold3/../../../../../psdk_lib/include/dji_error.h:44:1:[m[K [01;35m[Kwarning: [m[KISO C restricts enumerator values to range of '[01m[Kint[m[K' [[01;35m[K-Wpedantic[m[K]
[13.480s]    44 | [01;35m[K([m[K(uint64_t)0 | \
[13.480s]       | [01;35m[K^[m[K
[13.480s] [01m[K/home/dji/DJI_workshop/LZP_PSDK/ros2_workplace/src/yolo_detect/../../../Payload-SDK/samples/sample_c++/platform/linux/manifold3/../../../../../psdk_lib/include/dji_error.h:1128:57:[m[K [01;36m[Knote: [m[Kin expansion of macro '[01m[KDJI_ERROR_CODE[m[K'
[13.480s]  1128 |     DJI_ERROR_GIMBAL_MANAGER_MODULE_CODE_SYSTEM_ERROR = [01;36m[KDJI_ERROR_CODE[m[K(DJI_ERROR_MODULE_GIMBAL_MANAGER, DJI_ERROR_GIMBAL_MANAGER_MODULE_RAW_CODE_SYSTEM_ERROR),
[13.480s]       |                                                         [01;36m[K^~~~~~~~~~~~~~[m[K
[13.481s] [01m[K/home/dji/DJI_workshop/LZP_PSDK/ros2_workplace/src/yolo_detect/../../../Payload-SDK/samples/sample_c++/platform/linux/manifold3/../../../../../psdk_lib/include/dji_error.h:44:1:[m[K [01;35m[Kwarning: [m[KISO C restricts enumerator values to range of '[01m[Kint[m[K' [[01;35m[K-Wpedantic[m[K]
[13.481s]    44 | [01;35m[K([m[K(uint64_t)0 | \
[13.481s]       | [01;35m[K^[m[K
[13.481s] [01m[K/home/dji/DJI_workshop/LZP_PSDK/ros2_workplace/src/yolo_detect/../../../Payload-SDK/samples/sample_c++/platform/linux/manifold3/../../../../../psdk_lib/include/dji_error.h:1129:69:[m[K [01;36m[Knote: [m[Kin expansion of macro '[01m[KDJI_ERROR_CODE[m[K'
[13.481s]  1129 |     DJI_ERROR_GIMBAL_MANAGER_MODULE_CODE_PARAMETER_TOTAL_TOO_LONG = [01;36m[KDJI_ERROR_CODE[m[K(DJI_ERROR_MODULE_GIMBAL_MANAGER, DJI_ERROR_GIMBAL_MANAGER_MODULE_RAW_CODE_PARAMETER_TOTAL_TOO_LONG),
[13.481s]       |                                                                     [01;36m[K^~~~~~~~~~~~~~[m[K
[13.481s] [01m[K/home/dji/DJI_workshop/LZP_PSDK/ros2_workplace/src/yolo_detect/../../../Payload-SDK/samples/sample_c++/platform/linux/manifold3/../../../../../psdk_lib/include/dji_error.h:44:1:[m[K [01;35m[Kwarning: [m[KISO C restricts enumerator values to range of '[01m[Kint[m[K' [[01;35m[K-Wpedantic[m[K]
[13.482s]    44 | [01;35m[K([m[K(uint64_t)0 | \
[13.482s]       | [01;35m[K^[m[K
[13.482s] [01m[K/home/dji/DJI_workshop/LZP_PSDK/ros2_workplace/src/yolo_detect/../../../Payload-SDK/samples/sample_c++/platform/linux/manifold3/../../../../../psdk_lib/include/dji_error.h:1130:63:[m[K [01;36m[Knote: [m[Kin expansion of macro '[01m[KDJI_ERROR_CODE[m[K'
[13.482s]  1130 |     DJI_ERROR_GIMBAL_MANAGER_MODULE_CODE_MODULE_INACTIVATED = [01;36m[KDJI_ERROR_CODE[m[K(DJI_ERROR_MODULE_GIMBAL_MANAGER, DJI_ERROR_SYSTEM_MODULE_RAW_CODE_MODULE_INACTIVATED),
[13.482s]       |                                                               [01;36m[K^~~~~~~~~~~~~~[m[K
[13.482s] [01m[K/home/dji/DJI_workshop/LZP_PSDK/ros2_workplace/src/yolo_detect/../../../Payload-SDK/samples/sample_c++/platform/linux/manifold3/../../../../../psdk_lib/include/dji_error.h:44:1:[m[K [01;35m[Kwarning: [m[KISO C restricts enumerator values to range of '[01m[Kint[m[K' [[01;35m[K-Wpedantic[m[K]
[13.482s]    44 | [01;35m[K([m[K(uint64_t)0 | \
[13.482s]       | [01;35m[K^[m[K
[13.483s] [01m[K/home/dji/DJI_workshop/LZP_PSDK/ros2_workplace/src/yolo_detect/../../../Payload-SDK/samples/sample_c++/platform/linux/manifold3/../../../../../psdk_lib/include/dji_error.h:1131:76:[m[K [01;36m[Knote: [m[Kin expansion of macro '[01m[KDJI_ERROR_CODE[m[K'
[13.483s]  1131 |     DJI_ERROR_GIMBAL_MANAGER_MODULE_CODE_FIRMWARE_DATA_NUM_DISCONTINUOUS = [01;36m[KDJI_ERROR_CODE[m[K(DJI_ERROR_MODULE_GIMBAL_MANAGER, DJI_ERROR_GIMBAL_MANAGER_MODULE_RAW_CODE_FIRMWARE_DATA_NUM_DISCONTINUOUS),
[13.483s]       |                                                                            [01;36m[K^~~~~~~~~~~~~~[m[K
[13.483s] [01m[K/home/dji/DJI_workshop/LZP_PSDK/ros2_workplace/src/yolo_detect/../../../Payload-SDK/samples/sample_c++/platform/linux/manifold3/../../../../../psdk_lib/include/dji_error.h:44:1:[m[K [01;35m[Kwarning: [m[KISO C restricts enumerator values to range of '[01m[Kint[m[K' [[01;35m[K-Wpedantic[m[K]
[13.483s]    44 | [01;35m[K([m[K(uint64_t)0 | \
[13.483s]       | [01;35m[K^[m[K
[13.483s] [01m[K/home/dji/DJI_workshop/LZP_PSDK/ros2_workplace/src/yolo_detect/../../../Payload-SDK/samples/sample_c++/platform/linux/manifold3/../../../../../psdk_lib/include/dji_error.h:1132:72:[m[K [01;36m[Knote: [m[Kin expansion of macro '[01m[KDJI_ERROR_CODE[m[K'
[13.484s]  1132 |     DJI_ERROR_GIMBAL_MANAGER_MODULE_CODE_FIRMWARE_VERIFICATION_ERROR = [01;36m[KDJI_ERROR_CODE[m[K(DJI_ERROR_MODULE_GIMBAL_MANAGER, DJI_ERROR_GIMBAL_MANAGER_MODULE_RAW_CODE_FIRMWARE_VERIFICATION_ERROR),
[13.484s]       |                                                                        [01;36m[K^~~~~~~~~~~~~~[m[K
[13.484s] [01m[K/home/dji/DJI_workshop/LZP_PSDK/ros2_workplace/src/yolo_detect/../../../Payload-SDK/samples/sample_c++/platform/linux/manifold3/../../../../../psdk_lib/include/dji_error.h:44:1:[m[K [01;35m[Kwarning: [m[KISO C restricts enumerator values to range of '[01m[Kint[m[K' [[01;35m[K-Wpedantic[m[K]
[13.484s]    44 | [01;35m[K([m[K(uint64_t)0 | \
[13.484s]       | [01;35m[K^[m[K
[13.484s] [01m[K/home/dji/DJI_workshop/LZP_PSDK/ros2_workplace/src/yolo_detect/../../../Payload-SDK/samples/sample_c++/platform/linux/manifold3/../../../../../psdk_lib/include/dji_error.h:1133:62:[m[K [01;36m[Knote: [m[Kin expansion of macro '[01m[KDJI_ERROR_CODE[m[K'
[13.484s]  1133 |     DJI_ERROR_GIMBAL_MANAGER_MODULE_CODE_FLASH_WRITE_ERROR = [01;36m[KDJI_ERROR_CODE[m[K(DJI_ERROR_MODULE_GIMBAL_MANAGER, DJI_ERROR_GIMBAL_MANAGER_MODULE_RAW_CODE_FLASH_WRITE_ERROR),
[13.485s]       |                                                              [01;36m[K^~~~~~~~~~~~~~[m[K
[13.485s] [01m[K/home/dji/DJI_workshop/LZP_PSDK/ros2_workplace/src/yolo_detect/../../../Payload-SDK/samples/sample_c++/platform/linux/manifold3/../../../../../psdk_lib/include/dji_error.h:44:1:[m[K [01;35m[Kwarning: [m[KISO C restricts enumerator values to range of '[01m[Kint[m[K' [[01;35m[K-Wpedantic[m[K]
[13.485s]    44 | [01;35m[K([m[K(uint64_t)0 | \
[13.485s]       | [01;35m[K^[m[K
[13.485s] [01m[K/home/dji/DJI_workshop/LZP_PSDK/ros2_workplace/src/yolo_detect/../../../Payload-SDK/samples/sample_c++/platform/linux/manifold3/../../../../../psdk_lib/include/dji_error.h:1134:67:[m[K [01;36m[Knote: [m[Kin expansion of macro '[01m[KDJI_ERROR_CODE[m[K'
[13.485s]  1134 |     DJI_ERROR_GIMBAL_MANAGER_MODULE_CODE_FIRMWARE_TYPE_MISMATCH = [01;36m[KDJI_ERROR_CODE[m[K(DJI_ERROR_MODULE_GIMBAL_MANAGER, DJI_ERROR_GIMBAL_MANAGER_MODULE_RAW_CODE_FIRMWARE_TYPE_MISMATCH),
[13.485s]       |                                                                   [01;36m[K^~~~~~~~~~~~~~[m[K
[13.486s] [01m[K/home/dji/DJI_workshop/LZP_PSDK/ros2_workplace/src/yolo_detect/../../../Payload-SDK/samples/sample_c++/platform/linux/manifold3/../../../../../psdk_lib/include/dji_error.h:44:1:[m[K [01;35m[Kwarning: [m[KISO C restricts enumerator values to range of '[01m[Kint[m[K' [[01;35m[K-Wpedantic[m[K]
[13.486s]    44 | [01;35m[K([m[K(uint64_t)0 | \
[13.486s]       | [01;35m[K^[m[K
[13.486s] [01m[K/home/dji/DJI_workshop/LZP_PSDK/ros2_workplace/src/yolo_detect/../../../Payload-SDK/samples/sample_c++/platform/linux/manifold3/../../../../../psdk_lib/include/dji_error.h:1135:71:[m[K [01;36m[Knote: [m[Kin expansion of macro '[01m[KDJI_ERROR_CODE[m[K'
[13.486s]  1135 |     DJI_ERROR_GIMBAL_MANAGER_MODULE_CODE_REMOTE_CONTROL_UNCONNECTED = [01;36m[KDJI_ERROR_CODE[m[K(DJI_ERROR_MODULE_GIMBAL_MANAGER, DJI_ERROR_GIMBAL_MANAGER_MODULE_RAW_CODE_REMOTE_CONTROL_UNCONNECTED),
[13.486s]       |                                                                       [01;36m[K^~~~~~~~~~~~~~[m[K
[13.487s] [01m[K/home/dji/DJI_workshop/LZP_PSDK/ros2_workplace/src/yolo_detect/../../../Payload-SDK/samples/sample_c++/platform/linux/manifold3/../../../../../psdk_lib/include/dji_error.h:44:1:[m[K [01;35m[Kwarning: [m[KISO C restricts enumerator values to range of '[01m[Kint[m[K' [[01;35m[K-Wpedantic[m[K]
[13.487s]    44 | [01;35m[K([m[K(uint64_t)0 | \
[13.487s]       | [01;35m[K^[m[K
[13.487s] [01m[K/home/dji/DJI_workshop/LZP_PSDK/ros2_workplace/src/yolo_detect/../../../Payload-SDK/samples/sample_c++/platform/linux/manifold3/../../../../../psdk_lib/include/dji_error.h:1136:59:[m[K [01;36m[Knote: [m[Kin expansion of macro '[01m[KDJI_ERROR_CODE[m[K'
[13.487s]  1136 |     DJI_ERROR_GIMBAL_MANAGER_MODULE_CODE_HARDWARE_ERROR = [01;36m[KDJI_ERROR_CODE[m[K(DJI_ERROR_MODULE_GIMBAL_MANAGER, DJI_ERROR_GIMBAL_MANAGER_MODULE_RAW_CODE_HARDWARE_ERROR),
[13.487s]       |                                                           [01;36m[K^~~~~~~~~~~~~~[m[K
[13.487s] [01m[K/home/dji/DJI_workshop/LZP_PSDK/ros2_workplace/src/yolo_detect/../../../Payload-SDK/samples/sample_c++/platform/linux/manifold3/../../../../../psdk_lib/include/dji_error.h:44:1:[m[K [01;35m[Kwarning: [m[KISO C restricts enumerator values to range of '[01m[Kint[m[K' [[01;35m[K-Wpedantic[m[K]
[13.487s]    44 | [01;35m[K([m[K(uint64_t)0 | \
[13.488s]       | [01;35m[K^[m[K
[13.488s] [01m[K/home/dji/DJI_workshop/LZP_PSDK/ros2_workplace/src/yolo_detect/../../../Payload-SDK/samples/sample_c++/platform/linux/manifold3/../../../../../psdk_lib/include/dji_error.h:1137:65:[m[K [01;36m[Knote: [m[Kin expansion of macro '[01m[KDJI_ERROR_CODE[m[K'
[13.488s]  1137 |     DJI_ERROR_GIMBAL_MANAGER_MODULE_CODE_AIRCRAFT_UNCONNECTED = [01;36m[KDJI_ERROR_CODE[m[K(DJI_ERROR_MODULE_GIMBAL_MANAGER, DJI_ERROR_GIMBAL_MANAGER_MODULE_RAW_CODE_AIRCRAFT_UNCONNECTED),
[13.488s]       |                                                                 [01;36m[K^~~~~~~~~~~~~~[m[K
[13.488s] [01m[K/home/dji/DJI_workshop/LZP_PSDK/ros2_workplace/src/yolo_detect/../../../Payload-SDK/samples/sample_c++/platform/linux/manifold3/../../../../../psdk_lib/include/dji_error.h:44:1:[m[K [01;35m[Kwarning: [m[KISO C restricts enumerator values to range of '[01m[Kint[m[K' [[01;35m[K-Wpedantic[m[K]
[13.488s]    44 | [01;35m[K([m[K(uint64_t)0 | \
[13.489s]       | [01;35m[K^[m[K
[13.489s] [01m[K/home/dji/DJI_workshop/LZP_PSDK/ros2_workplace/src/yolo_detect/../../../Payload-SDK/samples/sample_c++/platform/linux/manifold3/../../../../../psdk_lib/include/dji_error.h:1138:72:[m[K [01;36m[Knote: [m[Kin expansion of macro '[01m[KDJI_ERROR_CODE[m[K'
[13.489s]  1138 |     DJI_ERROR_GIMBAL_MANAGER_MODULE_CODE_CANNOT_UPGRADE_IN_CUR_STATE = [01;36m[KDJI_ERROR_CODE[m[K(DJI_ERROR_MODULE_GIMBAL_MANAGER, DJI_ERROR_GIMBAL_MANAGER_MODULE_RAW_CODE_CANNOT_UPGRADE_IN_CUR_STATE),
[13.489s]       |                                                                        [01;36m[K^~~~~~~~~~~~~~[m[K
[13.489s] [01m[K/home/dji/DJI_workshop/LZP_PSDK/ros2_workplace/src/yolo_detect/../../../Payload-SDK/samples/sample_c++/platform/linux/manifold3/../../../../../psdk_lib/include/dji_error.h:44:1:[m[K [01;35m[Kwarning: [m[KISO C restricts enumerator values to range of '[01m[Kint[m[K' [[01;35m[K-Wpedantic[m[K]
[13.489s]    44 | [01;35m[K([m[K(uint64_t)0 | \
[13.489s]       | [01;35m[K^[m[K
[13.490s] [01m[K/home/dji/DJI_workshop/LZP_PSDK/ros2_workplace/src/yolo_detect/../../../Payload-SDK/samples/sample_c++/platform/linux/manifold3/../../../../../psdk_lib/include/dji_error.h:1139:59:[m[K [01;36m[Knote: [m[Kin expansion of macro '[01m[KDJI_ERROR_CODE[m[K'
[13.490s]  1139 |     DJI_ERROR_GIMBAL_MANAGER_MODULE_CODE_UNDEFINE_ERROR = [01;36m[KDJI_ERROR_CODE[m[K(DJI_ERROR_MODULE_GIMBAL_MANAGER, DJI_ERROR_GIMBAL_MANAGER_MODULE_RAW_CODE_UNDEFINE_ERROR),
[13.490s]       |                                                           [01;36m[K^~~~~~~~~~~~~~[m[K
[13.490s] [01m[K/home/dji/DJI_workshop/LZP_PSDK/ros2_workplace/src/yolo_detect/../../../Payload-SDK/samples/sample_c++/platform/linux/manifold3/../../../../../psdk_lib/include/dji_error.h:44:1:[m[K [01;35m[Kwarning: [m[KISO C restricts enumerator values to range of '[01m[Kint[m[K' [[01;35m[K-Wpedantic[m[K]
[13.490s]    44 | [01;35m[K([m[K(uint64_t)0 | \
[13.490s]       | [01;35m[K^[m[K
[13.490s] [01m[K/home/dji/DJI_workshop/LZP_PSDK/ros2_workplace/src/yolo_detect/../../../Payload-SDK/samples/sample_c++/platform/linux/manifold3/../../../../../psdk_lib/include/dji_error.h:1142:53:[m[K [01;36m[Knote: [m[Kin expansion of macro '[01m[KDJI_ERROR_CODE[m[K'
[13.490s]  1142 |  DJI_ERROR_WAYPOINT_V2_MODULE_CODE_COMMON_SUCCESS = [01;36m[KDJI_ERROR_CODE[m[K(DJI_ERROR_MODULE_WAYPOINT_V2, DJI_ERROR_WAYPOINT_V2_MODULE_RAW_CODE_COMMON_SUCCESS),
[13.491s]       |                                                     [01;36m[K^~~~~~~~~~~~~~[m[K
[13.491s] [01m[K/home/dji/DJI_workshop/LZP_PSDK/ros2_workplace/src/yolo_detect/../../../Payload-SDK/samples/sample_c++/platform/linux/manifold3/../../../../../psdk_lib/include/dji_error.h:44:1:[m[K [01;35m[Kwarning: [m[KISO C restricts enumerator values to range of '[01m[Kint[m[K' [[01;35m[K-Wpedantic[m[K]
[13.491s]    44 | [01;35m[K([m[K(uint64_t)0 | \
[13.491s]       | [01;35m[K^[m[K
[13.491s] [01m[K/home/dji/DJI_workshop/LZP_PSDK/ros2_workplace/src/yolo_detect/../../../Payload-SDK/samples/sample_c++/platform/linux/manifold3/../../../../../psdk_lib/include/dji_error.h:1143:65:[m[K [01;36m[Knote: [m[Kin expansion of macro '[01m[KDJI_ERROR_CODE[m[K'
[13.491s]  1143 |  DJI_ERROR_WAYPOINT_V2_MODULE_CODE_COMMON_INVALID_DATA_LENGTH = [01;36m[KDJI_ERROR_CODE[m[K(DJI_ERROR_MODULE_WAYPOINT_V2, DJI_ERROR_WAYPOINT_V2_MODULE_RAW_CODE_COMMON_INVALID_DATA_LENGTH),
[13.491s]       |                                                                 [01;36m[K^~~~~~~~~~~~~~[m[K
[13.492s] [01m[K/home/dji/DJI_workshop/LZP_PSDK/ros2_workplace/src/yolo_detect/../../../Payload-SDK/samples/sample_c++/platform/linux/manifold3/../../../../../psdk_lib/include/dji_error.h:44:1:[m[K [01;35m[Kwarning: [m[KISO C restricts enumerator values to range of '[01m[Kint[m[K' [[01;35m[K-Wpedantic[m[K]
[13.492s]    44 | [01;35m[K([m[K(uint64_t)0 | \
[13.492s]       | [01;35m[K^[m[K
[13.492s] [01m[K/home/dji/DJI_workshop/LZP_PSDK/ros2_workplace/src/yolo_detect/../../../Payload-SDK/samples/sample_c++/platform/linux/manifold3/../../../../../psdk_lib/include/dji_error.h:1144:62:[m[K [01;36m[Knote: [m[Kin expansion of macro '[01m[KDJI_ERROR_CODE[m[K'
[13.492s]  1144 |  DJI_ERROR_WAYPOINT_V2_MODULE_CODE_COMMON_INVALD_FLOAT_NUM = [01;36m[KDJI_ERROR_CODE[m[K(DJI_ERROR_MODULE_WAYPOINT_V2, DJI_ERROR_WAYPOINT_V2_MODULE_RAW_CODE_COMMON_INVALD_FLOAT_NUM),
[13.492s]       |                                                              [01;36m[K^~~~~~~~~~~~~~[m[K
[13.492s] [01m[K/home/dji/DJI_workshop/LZP_PSDK/ros2_workplace/src/yolo_detect/../../../Payload-SDK/samples/sample_c++/platform/linux/manifold3/../../../../../psdk_lib/include/dji_error.h:44:1:[m[K [01;35m[Kwarning: [m[KISO C restricts enumerator values to range of '[01m[Kint[m[K' [[01;35m[K-Wpedantic[m[K]
[13.493s]    44 | [01;35m[K([m[K(uint64_t)0 | \
[13.493s]       | [01;35m[K^[m[K
[13.493s] [01m[K/home/dji/DJI_workshop/LZP_PSDK/ros2_workplace/src/yolo_detect/../../../Payload-SDK/samples/sample_c++/platform/linux/manifold3/../../../../../psdk_lib/include/dji_error.h:1145:63:[m[K [01;36m[Knote: [m[Kin expansion of macro '[01m[KDJI_ERROR_CODE[m[K'
[13.493s]  1145 |  DJI_ERROR_WAYPOINT_V2_MODULE_CODE_TRAJ_WP_VERSION_NO_MATCH = [01;36m[KDJI_ERROR_CODE[m[K(DJI_ERROR_MODULE_WAYPOINT_V2, DJI_ERROR_WAYPOINT_V2_MODULE_RAW_CODE_TRAJ_WP_VERSION_NO_MATCH),
[13.493s]       |                                                               [01;36m[K^~~~~~~~~~~~~~[m[K
[13.493s] [01m[K/home/dji/DJI_workshop/LZP_PSDK/ros2_workplace/src/yolo_detect/../../../Payload-SDK/samples/sample_c++/platform/linux/manifold3/../../../../../psdk_lib/include/dji_error.h:44:1:[m[K [01;35m[Kwarning: [m[KISO C restricts enumerator values to range of '[01m[Kint[m[K' [[01;35m[K-Wpedantic[m[K]
[13.493s]    44 | [01;35m[K([m[K(uint64_t)0 | \
[13.494s]       | [01;35m[K^[m[K
[13.494s] [01m[K/home/dji/DJI_workshop/LZP_PSDK/ros2_workplace/src/yolo_detect/../../../Payload-SDK/samples/sample_c++/platform/linux/manifold3/../../../../../psdk_lib/include/dji_error.h:1146:53:[m[K [01;36m[Knote: [m[Kin expansion of macro '[01m[KDJI_ERROR_CODE[m[K'
[13.494s]  1146 |  DJI_ERROR_WAYPOINT_V2_MODULE_CODE_COMMON_UNKNOWN = [01;36m[KDJI_ERROR_CODE[m[K(DJI_ERROR_MODULE_WAYPOINT_V2, DJI_ERROR_WAYPOINT_V2_MODULE_RAW_CODE_COMMON_UNKNOWN),
[13.494s]       |                                                     [01;36m[K^~~~~~~~~~~~~~[m[K
[13.494s] [01m[K/home/dji/DJI_workshop/LZP_PSDK/ros2_workplace/src/yolo_detect/../../../Payload-SDK/samples/sample_c++/platform/linux/manifold3/../../../../../psdk_lib/include/dji_error.h:44:1:[m[K [01;35m[Kwarning: [m[KISO C restricts enumerator values to range of '[01m[Kint[m[K' [[01;35m[K-Wpedantic[m[K]
[13.494s]    44 | [01;35m[K([m[K(uint64_t)0 | \
[13.494s]       | [01;35m[K^[m[K
[13.494s] [01m[K/home/dji/DJI_workshop/LZP_PSDK/ros2_workplace/src/yolo_detect/../../../Payload-SDK/samples/sample_c++/platform/linux/manifold3/../../../../../psdk_lib/include/dji_error.h:1147:48:[m[K [01;36m[Knote: [m[Kin expansion of macro '[01m[KDJI_ERROR_CODE[m[K'
[13.495s]  1147 |  DJI_ERROR_WAYPOINT_V2_MODULE_CODE_TRAJ_RESV = [01;36m[KDJI_ERROR_CODE[m[K(DJI_ERROR_MODULE_WAYPOINT_V2, DJI_ERROR_WAYPOINT_V2_MODULE_RAW_CODE_TRAJ_RESV),
[13.495s]       |                                                [01;36m[K^~~~~~~~~~~~~~[m[K
[13.495s] [01m[K/home/dji/DJI_workshop/LZP_PSDK/ros2_workplace/src/yolo_detect/../../../Payload-SDK/samples/sample_c++/platform/linux/manifold3/../../../../../psdk_lib/include/dji_error.h:44:1:[m[K [01;35m[Kwarning: [m[KISO C restricts enumerator values to range of '[01m[Kint[m[K' [[01;35m[K-Wpedantic[m[K]
[13.495s]    44 | [01;35m[K([m[K(uint64_t)0 | \
[13.495s]       | [01;35m[K^[m[K
[13.495s] [01m[K/home/dji/DJI_workshop/LZP_PSDK/ros2_workplace/src/yolo_detect/../../../Payload-SDK/samples/sample_c++/platform/linux/manifold3/../../../../../psdk_lib/include/dji_error.h:1148:64:[m[K [01;36m[Knote: [m[Kin expansion of macro '[01m[KDJI_ERROR_CODE[m[K'
[13.495s]  1148 |  DJI_ERROR_WAYPOINT_V2_MODULE_CODE_TRAJ_INIT_WP_NUM_TOO_MANY = [01;36m[KDJI_ERROR_CODE[m[K(DJI_ERROR_MODULE_WAYPOINT_V2, DJI_ERROR_WAYPOINT_V2_MODULE_RAW_CODE_TRAJ_INIT_WP_NUM_TOO_MANY),
[13.496s]       |                                                                [01;36m[K^~~~~~~~~~~~~~[m[K
[13.496s] [01m[K/home/dji/DJI_workshop/LZP_PSDK/ros2_workplace/src/yolo_detect/../../../Payload-SDK/samples/sample_c++/platform/linux/manifold3/../../../../../psdk_lib/include/dji_error.h:44:1:[m[K [01;35m[Kwarning: [m[KISO C restricts enumerator values to range of '[01m[Kint[m[K' [[01;35m[K-Wpedantic[m[K]
[13.496s]    44 | [01;35m[K([m[K(uint64_t)0 | \
[13.496s]       | [01;35m[K^[m[K
[13.496s] [01m[K/home/dji/DJI_workshop/LZP_PSDK/ros2_workplace/src/yolo_detect/../../../Payload-SDK/samples/sample_c++/platform/linux/manifold3/../../../../../psdk_lib/include/dji_error.h:1149:63:[m[K [01;36m[Knote: [m[Kin expansion of macro '[01m[KDJI_ERROR_CODE[m[K'
[13.497s]  1149 |  DJI_ERROR_WAYPOINT_V2_MODULE_CODE_TRAJ_INIT_WP_NUM_TOO_FEW = [01;36m[KDJI_ERROR_CODE[m[K(DJI_ERROR_MODULE_WAYPOINT_V2, DJI_ERROR_WAYPOINT_V2_MODULE_RAW_CODE_TRAJ_INIT_WP_NUM_TOO_FEW  ),
[13.497s]       |                                                               [01;36m[K^~~~~~~~~~~~~~[m[K
[13.497s] [01m[K/home/dji/DJI_workshop/LZP_PSDK/ros2_workplace/src/yolo_detect/../../../Payload-SDK/samples/sample_c++/platform/linux/manifold3/../../../../../psdk_lib/include/dji_error.h:44:1:[m[K [01;35m[Kwarning: [m[KISO C restricts enumerator values to range of '[01m[Kint[m[K' [[01;35m[K-Wpedantic[m[K]
[13.497s]    44 | [01;35m[K([m[K(uint64_t)0 | \
[13.497s]       | [01;35m[K^[m[K
[13.497s] [01m[K/home/dji/DJI_workshop/LZP_PSDK/ros2_workplace/src/yolo_detect/../../../Payload-SDK/samples/sample_c++/platform/linux/manifold3/../../../../../psdk_lib/include/dji_error.h:1150:66:[m[K [01;36m[Knote: [m[Kin expansion of macro '[01m[KDJI_ERROR_CODE[m[K'
[13.497s]  1150 |  DJI_ERROR_WAYPOINT_V2_MODULE_CODE_TRAJ_INIT_INVALID_END_INDEX = [01;36m[KDJI_ERROR_CODE[m[K(DJI_ERROR_MODULE_WAYPOINT_V2, DJI_ERROR_WAYPOINT_V2_MODULE_RAW_CODE_TRAJ_INIT_INVALID_END_INDEX ),
[13.498s]       |                                                                  [01;36m[K^~~~~~~~~~~~~~[m[K
[13.498s] [01m[K/home/dji/DJI_workshop/LZP_PSDK/ros2_workplace/src/yolo_detect/../../../Payload-SDK/samples/sample_c++/platform/linux/manifold3/../../../../../psdk_lib/include/dji_error.h:44:1:[m[K [01;35m[Kwarning: [m[KISO C restricts enumerator values to range of '[01m[Kint[m[K' [[01;35m[K-Wpedantic[m[K]
[13.498s]    44 | [01;35m[K([m[K(uint64_t)0 | \
[13.498s]       | [01;35m[K^[m[K
[13.498s] [01m[K/home/dji/DJI_workshop/LZP_PSDK/ros2_workplace/src/yolo_detect/../../../Payload-SDK/samples/sample_c++/platform/linux/manifold3/../../../../../psdk_lib/include/dji_error.h:1151:69:[m[K [01;36m[Knote: [m[Kin expansion of macro '[01m[KDJI_ERROR_CODE[m[K'
[13.498s]  1151 |  DJI_ERROR_WAYPOINT_V2_MODULE_CODE_TRAJ_UPLOAD_START_ID_GT_END_ID = [01;36m[KDJI_ERROR_CODE[m[K(DJI_ERROR_MODULE_WAYPOINT_V2, DJI_ERROR_WAYPOINT_V2_MODULE_RAW_CODE_TRAJ_UPLOAD_START_ID_GT_END_ID),
[13.498s]       |                                                                     [01;36m[K^~~~~~~~~~~~~~[m[K
[13.498s] [01m[K/home/dji/DJI_workshop/LZP_PSDK/ros2_workplace/src/yolo_detect/../../../Payload-SDK/samples/sample_c++/platform/linux/manifold3/../../../../../psdk_lib/include/dji_error.h:44:1:[m[K [01;35m[Kwarning: [m[KISO C restricts enumerator values to range of '[01m[Kint[m[K' [[01;35m[K-Wpedantic[m[K]
[13.499s]    44 | [01;35m[K([m[K(uint64_t)0 | \
[13.499s]       | [01;35m[K^[m[K
[13.499s] [01m[K/home/dji/DJI_workshop/LZP_PSDK/ros2_workplace/src/yolo_detect/../../../Payload-SDK/samples/sample_c++/platform/linux/manifold3/../../../../../psdk_lib/include/dji_error.h:1152:70:[m[K [01;36m[Knote: [m[Kin expansion of macro '[01m[KDJI_ERROR_CODE[m[K'
[13.499s]  1152 |  DJI_ERROR_WAYPOINT_V2_MODULE_CODE_TRAJ_UPLOAD_END_ID_GT_TOTAL_NUM = [01;36m[KDJI_ERROR_CODE[m[K(DJI_ERROR_MODULE_WAYPOINT_V2, DJI_ERROR_WAYPOINT_V2_MODULE_RAW_CODE_TRAJ_UPLOAD_END_ID_GT_TOTAL_NUM),
[13.499s]       |                                                                      [01;36m[K^~~~~~~~~~~~~~[m[K
[13.499s] [01m[K/home/dji/DJI_workshop/LZP_PSDK/ros2_workplace/src/yolo_detect/../../../Payload-SDK/samples/sample_c++/platform/linux/manifold3/../../../../../psdk_lib/include/dji_error.h:44:1:[m[K [01;35m[Kwarning: [m[KISO C restricts enumerator values to range of '[01m[Kint[m[K' [[01;35m[K-Wpedantic[m[K]
[13.499s]    44 | [01;35m[K([m[K(uint64_t)0 | \
[13.499s]       | [01;35m[K^[m[K
[13.500s] [01m[K/home/dji/DJI_workshop/LZP_PSDK/ros2_workplace/src/yolo_detect/../../../Payload-SDK/samples/sample_c++/platform/linux/manifold3/../../../../../psdk_lib/include/dji_error.h:1153:76:[m[K [01;36m[Knote: [m[Kin expansion of macro '[01m[KDJI_ERROR_CODE[m[K'
[13.500s]  1153 |  DJI_ERROR_WAYPOINT_V2_MODULE_CODE_TRAJ_DOWNLOAD_WPS_NOT_IN_STORED_RAGNE = [01;36m[KDJI_ERROR_CODE[m[K(DJI_ERROR_MODULE_WAYPOINT_V2, DJI_ERROR_WAYPOINT_V2_MODULE_RAW_CODE_TRAJ_DOWNLOAD_WPS_NOT_IN_STORED_RAGNE),
[13.500s]       |                                                                            [01;36m[K^~~~~~~~~~~~~~[m[K
[13.500s] [01m[K/home/dji/DJI_workshop/LZP_PSDK/ros2_workplace/src/yolo_detect/../../../Payload-SDK/samples/sample_c++/platform/linux/manifold3/../../../../../psdk_lib/include/dji_error.h:44:1:[m[K [01;35m[Kwarning: [m[KISO C restricts enumerator values to range of '[01m[Kint[m[K' [[01;35m[K-Wpedantic[m[K]
[13.500s]    44 | [01;35m[K([m[K(uint64_t)0 | \
[13.500s]       | [01;35m[K^[m[K
[13.500s] [01m[K/home/dji/DJI_workshop/LZP_PSDK/ros2_workplace/src/yolo_detect/../../../Payload-SDK/samples/sample_c++/platform/linux/manifold3/../../../../../psdk_lib/include/dji_error.h:1154:77:[m[K [01;36m[Knote: [m[Kin expansion of macro '[01m[KDJI_ERROR_CODE[m[K'
[13.501s]  1154 |  DJI_ERROR_WAYPOINT_V2_MODULE_CODE_TRAJ_CUR_POS_IS_FAR_AWAY_FROM_FIRST_WP = [01;36m[KDJI_ERROR_CODE[m[K(DJI_ERROR_MODULE_WAYPOINT_V2, DJI_ERROR_WAYPOINT_V2_MODULE_RAW_CODE_TRAJ_CUR_POS_IS_FAR_AWAY_FROM_FIRST_WP),
[13.501s]       |                                                                             [01;36m[K^~~~~~~~~~~~~~[m[K
[13.501s] [01m[K/home/dji/DJI_workshop/LZP_PSDK/ros2_workplace/src/yolo_detect/../../../Payload-SDK/samples/sample_c++/platform/linux/manifold3/../../../../../psdk_lib/include/dji_error.h:44:1:[m[K [01;35m[Kwarning: [m[KISO C restricts enumerator values to range of '[01m[Kint[m[K' [[01;35m[K-Wpedantic[m[K]
[13.501s]    44 | [01;35m[K([m[K(uint64_t)0 | \
[13.501s]       | [01;35m[K^[m[K
[13.501s] [01m[K/home/dji/DJI_workshop/LZP_PSDK/ros2_workplace/src/yolo_detect/../../../Payload-SDK/samples/sample_c++/platform/linux/manifold3/../../../../../psdk_lib/include/dji_error.h:1155:61:[m[K [01;36m[Knote: [m[Kin expansion of macro '[01m[KDJI_ERROR_CODE[m[K'
[13.501s]  1155 |  DJI_ERROR_WAYPOINT_V2_MODULE_CODE_TRAJ_ADJ_WPS_TOO_CLOSE = [01;36m[KDJI_ERROR_CODE[m[K(DJI_ERROR_MODULE_WAYPOINT_V2, DJI_ERROR_WAYPOINT_V2_MODULE_RAW_CODE_TRAJ_ADJ_WPS_TOO_CLOSE ),
[13.501s]       |                                                             [01;36m[K^~~~~~~~~~~~~~[m[K
[13.502s] [01m[K/home/dji/DJI_workshop/LZP_PSDK/ros2_workplace/src/yolo_detect/../../../Payload-SDK/samples/sample_c++/platform/linux/manifold3/../../../../../psdk_lib/include/dji_error.h:44:1:[m[K [01;35m[Kwarning: [m[KISO C restricts enumerator values to range of '[01m[Kint[m[K' [[01;35m[K-Wpedantic[m[K]
[13.502s]    44 | [01;35m[K([m[K(uint64_t)0 | \
[13.502s]       | [01;35m[K^[m[K
[13.502s] [01m[K/home/dji/DJI_workshop/LZP_PSDK/ros2_workplace/src/yolo_detect/../../../Payload-SDK/samples/sample_c++/platform/linux/manifold3/../../../../../psdk_lib/include/dji_error.h:1156:59:[m[K [01;36m[Knote: [m[Kin expansion of macro '[01m[KDJI_ERROR_CODE[m[K'
[13.502s]  1156 |  DJI_ERROR_WAYPOINT_V2_MODULE_CODE_TRAJ_ADJ_WPS_TOO_FAR = [01;36m[KDJI_ERROR_CODE[m[K(DJI_ERROR_MODULE_WAYPOINT_V2, DJI_ERROR_WAYPOINT_V2_MODULE_RAW_CODE_TRAJ_ADJ_WPS_TOO_FAR  ),
[13.502s]       |                                                           [01;36m[K^~~~~~~~~~~~~~[m[K
[13.502s] [01m[K/home/dji/DJI_workshop/LZP_PSDK/ros2_workplace/src/yolo_detect/../../../Payload-SDK/samples/sample_c++/platform/linux/manifold3/../../../../../psdk_lib/include/dji_error.h:44:1:[m[K [01;35m[Kwarning: [m[KISO C restricts enumerator values to range of '[01m[Kint[m[K' [[01;35m[K-Wpedantic[m[K]
[13.502s]    44 | [01;35m[K([m[K(uint64_t)0 | \
[13.503s]       | [01;35m[K^[m[K
[13.503s] [01m[K/home/dji/DJI_workshop/LZP_PSDK/ros2_workplace/src/yolo_detect/../../../Payload-SDK/samples/sample_c++/platform/linux/manifold3/../../../../../psdk_lib/include/dji_error.h:1157:68:[m[K [01;36m[Knote: [m[Kin expansion of macro '[01m[KDJI_ERROR_CODE[m[K'
[13.503s]  1157 |  DJI_ERROR_WAYPOINT_V2_MODULE_CODE_TRAJ_UPLOAD_MAX_VEL_GT_GLOBAL = [01;36m[KDJI_ERROR_CODE[m[K(DJI_ERROR_MODULE_WAYPOINT_V2, DJI_ERROR_WAYPOINT_V2_MODULE_RAW_CODE_TRAJ_UPLOAD_MAX_VEL_GT_GLOBAL ),
[13.503s]       |                                                                    [01;36m[K^~~~~~~~~~~~~~[m[K
[13.503s] [01m[K/home/dji/DJI_workshop/LZP_PSDK/ros2_workplace/src/yolo_detect/../../../Payload-SDK/samples/sample_c++/platform/linux/manifold3/../../../../../psdk_lib/include/dji_error.h:44:1:[m[K [01;35m[Kwarning: [m[KISO C restricts enumerator values to range of '[01m[Kint[m[K' [[01;35m[K-Wpedantic[m[K]
[13.503s]    44 | [01;35m[K([m[K(uint64_t)0 | \
[13.503s]       | [01;35m[K^[m[K
[13.503s] [01m[K/home/dji/DJI_workshop/LZP_PSDK/ros2_workplace/src/yolo_detect/../../../Payload-SDK/samples/sample_c++/platform/linux/manifold3/../../../../../psdk_lib/include/dji_error.h:1158:80:[m[K [01;36m[Knote: [m[Kin expansion of macro '[01m[KDJI_ERROR_CODE[m[K'
[13.504s]  1158 |  DJI_ERROR_WAYPOINT_V2_MODULE_CODE_TRAJ_UPLOAD_LOCAL_CRUISE_VEL_GT_LOCAL_MAX = [01;36m[KDJI_ERROR_CODE[m[K(DJI_ERROR_MODULE_WAYPOINT_V2, DJI_ERROR_WAYPOINT_V2_MODULE_RAW_CODE_TRAJ_UPLOAD_LOCAL_CRUISE_VEL_GT_LOCAL_MAX),
[13.504s]       |                                                                                [01;36m[K^~~~~~~~~~~~~~[m[K
[13.504s] [01m[K/home/dji/DJI_workshop/LZP_PSDK/ros2_workplace/src/yolo_detect/../../../Payload-SDK/samples/sample_c++/platform/linux/manifold3/../../../../../psdk_lib/include/dji_error.h:44:1:[m[K [01;35m[Kwarning: [m[KISO C restricts enumerator values to range of '[01m[Kint[m[K' [[01;35m[K-Wpedantic[m[K]
[13.504s]    44 | [01;35m[K([m[K(uint64_t)0 | \
[13.504s]       | [01;35m[K^[m[K
[13.504s] [01m[K/home/dji/DJI_workshop/LZP_PSDK/ros2_workplace/src/yolo_detect/../../../Payload-SDK/samples/sample_c++/platform/linux/manifold3/../../../../../psdk_lib/include/dji_error.h:1159:81:[m[K [01;36m[Knote: [m[Kin expansion of macro '[01m[KDJI_ERROR_CODE[m[K'
[13.504s]  1159 |  DJI_ERROR_WAYPOINT_V2_MODULE_CODE_TRAJ_UPLOAD_LOCAL_CRUISE_VEL_GT_GLOBAL_MAX = [01;36m[KDJI_ERROR_CODE[m[K(DJI_ERROR_MODULE_WAYPOINT_V2, DJI_ERROR_WAYPOINT_V2_MODULE_RAW_CODE_TRAJ_UPLOAD_LOCAL_CRUISE_VEL_GT_GLOBAL_MAX),
[13.505s]       |                                                                                 [01;36m[K^~~~~~~~~~~~~~[m[K
[13.505s] [01m[K/home/dji/DJI_workshop/LZP_PSDK/ros2_workplace/src/yolo_detect/../../../Payload-SDK/samples/sample_c++/platform/linux/manifold3/../../../../../psdk_lib/include/dji_error.h:44:1:[m[K [01;35m[Kwarning: [m[KISO C restricts enumerator values to range of '[01m[Kint[m[K' [[01;35m[K-Wpedantic[m[K]
[13.505s]    44 | [01;35m[K([m[K(uint64_t)0 | \
[13.505s]       | [01;35m[K^[m[K
[13.505s] [01m[K/home/dji/DJI_workshop/LZP_PSDK/ros2_workplace/src/yolo_detect/../../../Payload-SDK/samples/sample_c++/platform/linux/manifold3/../../../../../psdk_lib/include/dji_error.h:1160:71:[m[K [01;36m[Knote: [m[Kin expansion of macro '[01m[KDJI_ERROR_CODE[m[K'
[13.505s]  1160 |  DJI_ERROR_WAYPOINT_V2_MODULE_CODE_TRAJ_INIT_INVALID_GLOBAL_MAX_VEL = [01;36m[KDJI_ERROR_CODE[m[K(DJI_ERROR_MODULE_WAYPOINT_V2, DJI_ERROR_WAYPOINT_V2_MODULE_RAW_CODE_TRAJ_INIT_INVALID_GLOBAL_MAX_VEL  ),
[13.505s]       |                                                                       [01;36m[K^~~~~~~~~~~~~~[m[K
[13.505s] [01m[K/home/dji/DJI_workshop/LZP_PSDK/ros2_workplace/src/yolo_detect/../../../Payload-SDK/samples/sample_c++/platform/linux/manifold3/../../../../../psdk_lib/include/dji_error.h:44:1:[m[K [01;35m[Kwarning: [m[KISO C restricts enumerator values to range of '[01m[Kint[m[K' [[01;35m[K-Wpedantic[m[K]
[13.506s]    44 | [01;35m[K([m[K(uint64_t)0 | \
[13.506s]       | [01;35m[K^[m[K
[13.506s] [01m[K/home/dji/DJI_workshop/LZP_PSDK/ros2_workplace/src/yolo_detect/../../../Payload-SDK/samples/sample_c++/platform/linux/manifold3/../../../../../psdk_lib/include/dji_error.h:1161:72:[m[K [01;36m[Knote: [m[Kin expansion of macro '[01m[KDJI_ERROR_CODE[m[K'
[13.506s]  1161 |  DJI_ERROR_WAYPOINT_V2_MODULE_CODE_TRAJ_GLOBAL_CRUISE_VEL_GT_MAX_VEL = [01;36m[KDJI_ERROR_CODE[m[K(DJI_ERROR_MODULE_WAYPOINT_V2, DJI_ERROR_WAYPOINT_V2_MODULE_RAW_CODE_TRAJ_GLOBAL_CRUISE_VEL_GT_MAX_VEL ),
[13.506s]       |                                                                        [01;36m[K^~~~~~~~~~~~~~[m[K
[13.506s] [01m[K/home/dji/DJI_workshop/LZP_PSDK/ros2_workplace/src/yolo_detect/../../../Payload-SDK/samples/sample_c++/platform/linux/manifold3/../../../../../psdk_lib/include/dji_error.h:44:1:[m[K [01;35m[Kwarning: [m[KISO C restricts enumerator values to range of '[01m[Kint[m[K' [[01;35m[K-Wpedantic[m[K]
[13.507s]    44 | [01;35m[K([m[K(uint64_t)0 | \
[13.507s]       | [01;35m[K^[m[K
[13.507s] [01m[K/home/dji/DJI_workshop/LZP_PSDK/ros2_workplace/src/yolo_detect/../../../Payload-SDK/samples/sample_c++/platform/linux/manifold3/../../../../../psdk_lib/include/dji_error.h:1162:72:[m[K [01;36m[Knote: [m[Kin expansion of macro '[01m[KDJI_ERROR_CODE[m[K'
[13.507s]  1162 |  DJI_ERROR_WAYPOINT_V2_MODULE_CODE_TRAJ_INIT_INVALID_GOTO_FIRST_FLAG = [01;36m[KDJI_ERROR_CODE[m[K(DJI_ERROR_MODULE_WAYPOINT_V2, DJI_ERROR_WAYPOINT_V2_MODULE_RAW_CODE_TRAJ_INIT_INVALID_GOTO_FIRST_FLAG ),
[13.507s]       |                                                                        [01;36m[K^~~~~~~~~~~~~~[m[K
[13.507s] [01m[K/home/dji/DJI_workshop/LZP_PSDK/ros2_workplace/src/yolo_detect/../../../Payload-SDK/samples/sample_c++/platform/linux/manifold3/../../../../../psdk_lib/include/dji_error.h:44:1:[m[K [01;35m[Kwarning: [m[KISO C restricts enumerator values to range of '[01m[Kint[m[K' [[01;35m[K-Wpedantic[m[K]
[13.507s]    44 | [01;35m[K([m[K(uint64_t)0 | \
[13.508s]       | [01;35m[K^[m[K
[13.508s] [01m[K/home/dji/DJI_workshop/LZP_PSDK/ros2_workplace/src/yolo_detect/../../../Payload-SDK/samples/sample_c++/platform/linux/manifold3/../../../../../psdk_lib/include/dji_error.h:1163:72:[m[K [01;36m[Knote: [m[Kin expansion of macro '[01m[KDJI_ERROR_CODE[m[K'
[13.508s]  1163 |  DJI_ERROR_WAYPOINT_V2_MODULE_CODE_TRAJ_INIT_INVALID_FINISHED_ACTION = [01;36m[KDJI_ERROR_CODE[m[K(DJI_ERROR_MODULE_WAYPOINT_V2, DJI_ERROR_WAYPOINT_V2_MODULE_RAW_CODE_TRAJ_INIT_INVALID_FINISHED_ACTION ),
[13.508s]       |                                                                        [01;36m[K^~~~~~~~~~~~~~[m[K
[13.508s] [01m[K/home/dji/DJI_workshop/LZP_PSDK/ros2_workplace/src/yolo_detect/../../../Payload-SDK/samples/sample_c++/platform/linux/manifold3/../../../../../psdk_lib/include/dji_error.h:44:1:[m[K [01;35m[Kwarning: [m[KISO C restricts enumerator values to range of '[01m[Kint[m[K' [[01;35m[K-Wpedantic[m[K]
[13.508s]    44 | [01;35m[K([m[K(uint64_t)0 | \
[13.508s]       | [01;35m[K^[m[K
[13.508s] [01m[K/home/dji/DJI_workshop/LZP_PSDK/ros2_workplace/src/yolo_detect/../../../Payload-SDK/samples/sample_c++/platform/linux/manifold3/../../../../../psdk_lib/include/dji_error.h:1164:71:[m[K [01;36m[Knote: [m[Kin expansion of macro '[01m[KDJI_ERROR_CODE[m[K'
[13.509s]  1164 |  DJI_ERROR_WAYPOINT_V2_MODULE_CODE_TRAJ_INIT_INVALID_RC_LOST_ACTION = [01;36m[KDJI_ERROR_CODE[m[K(DJI_ERROR_MODULE_WAYPOINT_V2, DJI_ERROR_WAYPOINT_V2_MODULE_RAW_CODE_TRAJ_INIT_INVALID_RC_LOST_ACTION),
[13.509s]       |                                                                       [01;36m[K^~~~~~~~~~~~~~[m[K
[13.509s] [01m[K/home/dji/DJI_workshop/LZP_PSDK/ros2_workplace/src/yolo_detect/../../../Payload-SDK/samples/sample_c++/platform/linux/manifold3/../../../../../psdk_lib/include/dji_error.h:44:1:[m[K [01;35m[Kwarning: [m[KISO C restricts enumerator values to range of '[01m[Kint[m[K' [[01;35m[K-Wpedantic[m[K]
[13.509s]    44 | [01;35m[K([m[K(uint64_t)0 | \
[13.509s]       | [01;35m[K^[m[K
[13.509s] [01m[K/home/dji/DJI_workshop/LZP_PSDK/ros2_workplace/src/yolo_detect/../../../Payload-SDK/samples/sample_c++/platform/linux/manifold3/../../../../../psdk_lib/include/dji_error.h:1165:67:[m[K [01;36m[Knote: [m[Kin expansion of macro '[01m[KDJI_ERROR_CODE[m[K'
[13.510s]  1165 |  DJI_ERROR_WAYPOINT_V2_MODULE_CODE_TRAJ_UPLOAD_YAW_MODE_INVALID = [01;36m[KDJI_ERROR_CODE[m[K(DJI_ERROR_MODULE_WAYPOINT_V2, DJI_ERROR_WAYPOINT_V2_MODULE_RAW_CODE_TRAJ_UPLOAD_YAW_MODE_INVALID),
[13.510s]       |                                                                   [01;36m[K^~~~~~~~~~~~~~[m[K
[13.510s] [01m[K/home/dji/DJI_workshop/LZP_PSDK/ros2_workplace/src/yolo_detect/../../../Payload-SDK/samples/sample_c++/platform/linux/manifold3/../../../../../psdk_lib/include/dji_error.h:44:1:[m[K [01;35m[Kwarning: [m[KISO C restricts enumerator values to range of '[01m[Kint[m[K' [[01;35m[K-Wpedantic[m[K]
[13.510s]    44 | [01;35m[K([m[K(uint64_t)0 | \
[13.510s]       | [01;35m[K^[m[K
[13.510s] [01m[K/home/dji/DJI_workshop/LZP_PSDK/ros2_workplace/src/yolo_detect/../../../Payload-SDK/samples/sample_c++/platform/linux/manifold3/../../../../../psdk_lib/include/dji_error.h:1166:71:[m[K [01;36m[Knote: [m[Kin expansion of macro '[01m[KDJI_ERROR_CODE[m[K'
[13.510s]  1166 |  DJI_ERROR_WAYPOINT_V2_MODULE_CODE_TRAJ_UPLOAD_YAW_CMD_NOT_IN_RANGE = [01;36m[KDJI_ERROR_CODE[m[K(DJI_ERROR_MODULE_WAYPOINT_V2, DJI_ERROR_WAYPOINT_V2_MODULE_RAW_CODE_TRAJ_UPLOAD_YAW_CMD_NOT_IN_RANGE),
[13.511s]       |                                                                       [01;36m[K^~~~~~~~~~~~~~[m[K
[13.511s] [01m[K/home/dji/DJI_workshop/LZP_PSDK/ros2_workplace/src/yolo_detect/../../../Payload-SDK/samples/sample_c++/platform/linux/manifold3/../../../../../psdk_lib/include/dji_error.h:44:1:[m[K [01;35m[Kwarning: [m[KISO C restricts enumerator values to range of '[01m[Kint[m[K' [[01;35m[K-Wpedantic[m[K]
[13.511s]    44 | [01;35m[K([m[K(uint64_t)0 | \
[13.511s]       | [01;35m[K^[m[K
[13.511s] [01m[K/home/dji/DJI_workshop/LZP_PSDK/ros2_workplace/src/yolo_detect/../../../Payload-SDK/samples/sample_c++/platform/linux/manifold3/../../../../../psdk_lib/include/dji_error.h:1167:77:[m[K [01;36m[Knote: [m[Kin expansion of macro '[01m[KDJI_ERROR_CODE[m[K'
[13.511s]  1167 |  DJI_ERROR_WAYPOINT_V2_MODULE_CODE_TRAJ_UPLOAD_YAW_TURN_DIRECTION_INVALID = [01;36m[KDJI_ERROR_CODE[m[K(DJI_ERROR_MODULE_WAYPOINT_V2, DJI_ERROR_WAYPOINT_V2_MODULE_RAW_CODE_TRAJ_UPLOAD_YAW_TURN_DIRECTION_INVALID),
[13.511s]       |                                                                             [01;36m[K^~~~~~~~~~~~~~[m[K
[13.511s] [01m[K/home/dji/DJI_workshop/LZP_PSDK/ros2_workplace/src/yolo_detect/../../../Payload-SDK/samples/sample_c++/platform/linux/manifold3/../../../../../psdk_lib/include/dji_error.h:44:1:[m[K [01;35m[Kwarning: [m[KISO C restricts enumerator values to range of '[01m[Kint[m[K' [[01;35m[K-Wpedantic[m[K]
[13.512s]    44 | [01;35m[K([m[K(uint64_t)0 | \
[13.512s]       | [01;35m[K^[m[K
[13.512s] [01m[K/home/dji/DJI_workshop/LZP_PSDK/ros2_workplace/src/yolo_detect/../../../Payload-SDK/samples/sample_c++/platform/linux/manifold3/../../../../../psdk_lib/include/dji_error.h:1168:66:[m[K [01;36m[Knote: [m[Kin expansion of macro '[01m[KDJI_ERROR_CODE[m[K'
[13.512s]  1168 |  DJI_ERROR_WAYPOINT_V2_MODULE_CODE_TRAJ_UPLOAD_WP_TYPE_INVALID = [01;36m[KDJI_ERROR_CODE[m[K(DJI_ERROR_MODULE_WAYPOINT_V2, DJI_ERROR_WAYPOINT_V2_MODULE_RAW_CODE_TRAJ_UPLOAD_WP_TYPE_INVALID),
[13.512s]       |                                                                  [01;36m[K^~~~~~~~~~~~~~[m[K
[13.512s] [01m[K/home/dji/DJI_workshop/LZP_PSDK/ros2_workplace/src/yolo_detect/../../../Payload-SDK/samples/sample_c++/platform/linux/manifold3/../../../../../psdk_lib/include/dji_error.h:44:1:[m[K [01;35m[Kwarning: [m[KISO C restricts enumerator values to range of '[01m[Kint[m[K' [[01;35m[K-Wpedantic[m[K]
[13.512s]    44 | [01;35m[K([m[K(uint64_t)0 | \
[13.513s]       | [01;35m[K^[m[K
[13.513s] [01m[K/home/dji/DJI_workshop/LZP_PSDK/ros2_workplace/src/yolo_detect/../../../Payload-SDK/samples/sample_c++/platform/linux/manifold3/../../../../../psdk_lib/include/dji_error.h:1169:63:[m[K [01;36m[Knote: [m[Kin expansion of macro '[01m[KDJI_ERROR_CODE[m[K'
[13.513s]  1169 |  DJI_ERROR_WAYPOINT_V2_MODULE_CODE_TRAJ_GO_STOP_CMD_INVALID = [01;36m[KDJI_ERROR_CODE[m[K(DJI_ERROR_MODULE_WAYPOINT_V2, DJI_ERROR_WAYPOINT_V2_MODULE_RAW_CODE_TRAJ_GO_STOP_CMD_INVALID),
[13.513s]       |                                                               [01;36m[K^~~~~~~~~~~~~~[m[K
[13.513s] [01m[K/home/dji/DJI_workshop/LZP_PSDK/ros2_workplace/src/yolo_detect/../../../Payload-SDK/samples/sample_c++/platform/linux/manifold3/../../../../../psdk_lib/include/dji_error.h:44:1:[m[K [01;35m[Kwarning: [m[KISO C restricts enumerator values to range of '[01m[Kint[m[K' [[01;35m[K-Wpedantic[m[K]
[13.513s]    44 | [01;35m[K([m[K(uint64_t)0 | \
[13.513s]       | [01;35m[K^[m[K
[13.513s] [01m[K/home/dji/DJI_workshop/LZP_PSDK/ros2_workplace/src/yolo_detect/../../../Payload-SDK/samples/sample_c++/platform/linux/manifold3/../../../../../psdk_lib/include/dji_error.h:1170:70:[m[K [01;36m[Knote: [m[Kin expansion of macro '[01m[KDJI_ERROR_CODE[m[K'
[13.514s]  1170 |  DJI_ERROR_WAYPOINT_V2_MODULE_CODE_TRAJ_INVALID_PAUSE_RECOVERY_CMD = [01;36m[KDJI_ERROR_CODE[m[K(DJI_ERROR_MODULE_WAYPOINT_V2, DJI_ERROR_WAYPOINT_V2_MODULE_RAW_CODE_TRAJ_INVALID_PAUSE_RECOVERY_CMD),
[13.514s]       |                                                                      [01;36m[K^~~~~~~~~~~~~~[m[K
[13.514s] [01m[K/home/dji/DJI_workshop/LZP_PSDK/ros2_workplace/src/yolo_detect/../../../Payload-SDK/samples/sample_c++/platform/linux/manifold3/../../../../../psdk_lib/include/dji_error.h:44:1:[m[K [01;35m[Kwarning: [m[KISO C restricts enumerator values to range of '[01m[Kint[m[K' [[01;35m[K-Wpedantic[m[K]
[13.514s]    44 | [01;35m[K([m[K(uint64_t)0 | \
[13.514s]       | [01;35m[K^[m[K
[13.514s] [01m[K/home/dji/DJI_workshop/LZP_PSDK/ros2_workplace/src/yolo_detect/../../../Payload-SDK/samples/sample_c++/platform/linux/manifold3/../../../../../psdk_lib/include/dji_error.h:1171:69:[m[K [01;36m[Knote: [m[Kin expansion of macro '[01m[KDJI_ERROR_CODE[m[K'
[13.514s]  1171 |  DJI_ERROR_WAYPOINT_V2_MODULE_CODE_TRAJ_INVALID_BREAK_RESTORE_CMD = [01;36m[KDJI_ERROR_CODE[m[K(DJI_ERROR_MODULE_WAYPOINT_V2, DJI_ERROR_WAYPOINT_V2_MODULE_RAW_CODE_TRAJ_INVALID_BREAK_RESTORE_CMD),
[13.515s]       |                                                                     [01;36m[K^~~~~~~~~~~~~~[m[K
[13.515s] [01m[K/home/dji/DJI_workshop/LZP_PSDK/ros2_workplace/src/yolo_detect/../../../Payload-SDK/samples/sample_c++/platform/linux/manifold3/../../../../../psdk_lib/include/dji_error.h:44:1:[m[K [01;35m[Kwarning: [m[KISO C restricts enumerator values to range of '[01m[Kint[m[K' [[01;35m[K-Wpedantic[m[K]
[13.515s]    44 | [01;35m[K([m[K(uint64_t)0 | \
[13.515s]       | [01;35m[K^[m[K
[13.515s] [01m[K/home/dji/DJI_workshop/LZP_PSDK/ros2_workplace/src/yolo_detect/../../../Payload-SDK/samples/sample_c++/platform/linux/manifold3/../../../../../psdk_lib/include/dji_error.h:1172:66:[m[K [01;36m[Knote: [m[Kin expansion of macro '[01m[KDJI_ERROR_CODE[m[K'
[13.515s]  1172 |  DJI_ERROR_WAYPOINT_V2_MODULE_CODE_TRAJ_INIT_INVALID_REF_POINT = [01;36m[KDJI_ERROR_CODE[m[K(DJI_ERROR_MODULE_WAYPOINT_V2, DJI_ERROR_WAYPOINT_V2_MODULE_RAW_CODE_TRAJ_INIT_INVALID_REF_POINT),
[13.515s]       |                                                                  [01;36m[K^~~~~~~~~~~~~~[m[K
[13.516s] [01m[K/home/dji/DJI_workshop/LZP_PSDK/ros2_workplace/src/yolo_detect/../../../Payload-SDK/samples/sample_c++/platform/linux/manifold3/../../../../../psdk_lib/include/dji_error.h:44:1:[m[K [01;35m[Kwarning: [m[KISO C restricts enumerator values to range of '[01m[Kint[m[K' [[01;35m[K-Wpedantic[m[K]
[13.516s]    44 | [01;35m[K([m[K(uint64_t)0 | \
[13.516s]       | [01;35m[K^[m[K
[13.516s] [01m[K/home/dji/DJI_workshop/LZP_PSDK/ros2_workplace/src/yolo_detect/../../../Payload-SDK/samples/sample_c++/platform/linux/manifold3/../../../../../psdk_lib/include/dji_error.h:1173:76:[m[K [01;36m[Knote: [m[Kin expansion of macro '[01m[KDJI_ERROR_CODE[m[K'
[13.516s]  1173 |  DJI_ERROR_WAYPOINT_V2_MODULE_CODE_TRAJ_DAMPING_DIS_GE_DIS_OF_ADJ_POINTS = [01;36m[KDJI_ERROR_CODE[m[K(DJI_ERROR_MODULE_WAYPOINT_V2, DJI_ERROR_WAYPOINT_V2_MODULE_RAW_CODE_TRAJ_DAMPING_DIS_GE_DIS_OF_ADJ_POINTS),
[13.516s]       |                                                                            [01;36m[K^~~~~~~~~~~~~~[m[K
[13.517s] [01m[K/home/dji/DJI_workshop/LZP_PSDK/ros2_workplace/src/yolo_detect/../../../Payload-SDK/samples/sample_c++/platform/linux/manifold3/../../../../../psdk_lib/include/dji_error.h:44:1:[m[K [01;35m[Kwarning: [m[KISO C restricts enumerator values to range of '[01m[Kint[m[K' [[01;35m[K-Wpedantic[m[K]
[13.517s]    44 | [01;35m[K([m[K(uint64_t)0 | \
[13.517s]       | [01;35m[K^[m[K
[13.517s] [01m[K/home/dji/DJI_workshop/LZP_PSDK/ros2_workplace/src/yolo_detect/../../../Payload-SDK/samples/sample_c++/platform/linux/manifold3/../../../../../psdk_lib/include/dji_error.h:1174:81:[m[K [01;36m[Knote: [m[Kin expansion of macro '[01m[KDJI_ERROR_CODE[m[K'
[13.517s]  1174 |     DJI_ERROR_WAYPOINT_V2_MODULE_CODE_TRAJ_UPLOAD_CANNT_SET_WP_LINE_EXIT_TYPE = [01;36m[KDJI_ERROR_CODE[m[K(DJI_ERROR_MODULE_WAYPOINT_V2, DJI_ERROR_WAYPOINT_V2_MODULE_RAW_CODE_TRAJ_UPLOAD_CANNT_SET_WP_LINE_EXIT_TYPE),
[13.517s]       |                                                                                 [01;36m[K^~~~~~~~~~~~~~[m[K
[13.517s] [01m[K/home/dji/DJI_workshop/LZP_PSDK/ros2_workplace/src/yolo_detect/../../../Payload-SDK/samples/sample_c++/platform/linux/manifold3/../../../../../psdk_lib/include/dji_error.h:44:1:[m[K [01;35m[Kwarning: [m[KISO C restricts enumerator values to range of '[01m[Kint[m[K' [[01;35m[K-Wpedantic[m[K]
[13.518s]    44 | [01;35m[K([m[K(uint64_t)0 | \
[13.518s]       | [01;35m[K^[m[K
[13.518s] [01m[K/home/dji/DJI_workshop/LZP_PSDK/ros2_workplace/src/yolo_detect/../../../Payload-SDK/samples/sample_c++/platform/linux/manifold3/../../../../../psdk_lib/include/dji_error.h:1175:66:[m[K [01;36m[Knote: [m[Kin expansion of macro '[01m[KDJI_ERROR_CODE[m[K'
[13.518s]  1175 |  DJI_ERROR_WAYPOINT_V2_MODULE_CODE_TRAJ_INIT_INFO_NOT_UPLOADED = [01;36m[KDJI_ERROR_CODE[m[K(DJI_ERROR_MODULE_WAYPOINT_V2, DJI_ERROR_WAYPOINT_V2_MODULE_RAW_CODE_TRAJ_INIT_INFO_NOT_UPLOADED),
[13.518s]       |                                                                  [01;36m[K^~~~~~~~~~~~~~[m[K
[13.518s] [01m[K/home/dji/DJI_workshop/LZP_PSDK/ros2_workplace/src/yolo_detect/../../../Payload-SDK/samples/sample_c++/platform/linux/manifold3/../../../../../psdk_lib/include/dji_error.h:44:1:[m[K [01;35m[Kwarning: [m[KISO C restricts enumerator values to range of '[01m[Kint[m[K' [[01;35m[K-Wpedantic[m[K]
[13.518s]    44 | [01;35m[K([m[K(uint64_t)0 | \
[13.519s]       | [01;35m[K^[m[K
[13.519s] [01m[K/home/dji/DJI_workshop/LZP_PSDK/ros2_workplace/src/yolo_detect/../../../Payload-SDK/samples/sample_c++/platform/linux/manifold3/../../../../../psdk_lib/include/dji_error.h:1176:63:[m[K [01;36m[Knote: [m[Kin expansion of macro '[01m[KDJI_ERROR_CODE[m[K'
[13.519s]  1176 |  DJI_ERROR_WAYPOINT_V2_MODULE_CODE_TRAJ_WP_HAS_NOT_UPLOADED = [01;36m[KDJI_ERROR_CODE[m[K(DJI_ERROR_MODULE_WAYPOINT_V2, DJI_ERROR_WAYPOINT_V2_MODULE_RAW_CODE_TRAJ_WP_HAS_NOT_UPLOADED),
[13.519s]       |                                                               [01;36m[K^~~~~~~~~~~~~~[m[K
[13.519s] [01m[K/home/dji/DJI_workshop/LZP_PSDK/ros2_workplace/src/yolo_detect/../../../Payload-SDK/samples/sample_c++/platform/linux/manifold3/../../../../../psdk_lib/include/dji_error.h:44:1:[m[K [01;35m[Kwarning: [m[KISO C restricts enumerator values to range of '[01m[Kint[m[K' [[01;35m[K-Wpedantic[m[K]
[13.519s]    44 | [01;35m[K([m[K(uint64_t)0 | \
[13.519s]       | [01;35m[K^[m[K
[13.519s] [01m[K/home/dji/DJI_workshop/LZP_PSDK/ros2_workplace/src/yolo_detect/../../../Payload-SDK/samples/sample_c++/platform/linux/manifold3/../../../../../psdk_lib/include/dji_error.h:1177:66:[m[K [01;36m[Knote: [m[Kin expansion of macro '[01m[KDJI_ERROR_CODE[m[K'
[13.520s]  1177 |  DJI_ERROR_WAYPOINT_V2_MODULE_CODE_TRAJ_UPLOADED_WP_NOT_ENOUGH = [01;36m[KDJI_ERROR_CODE[m[K(DJI_ERROR_MODULE_WAYPOINT_V2, DJI_ERROR_WAYPOINT_V2_MODULE_RAW_CODE_TRAJ_UPLOADED_WP_NOT_ENOUGH),
[13.520s]       |                                                                  [01;36m[K^~~~~~~~~~~~~~[m[K
[13.520s] [01m[K/home/dji/DJI_workshop/LZP_PSDK/ros2_workplace/src/yolo_detect/../../../Payload-SDK/samples/sample_c++/platform/linux/manifold3/../../../../../psdk_lib/include/dji_error.h:44:1:[m[K [01;35m[Kwarning: [m[KISO C restricts enumerator values to range of '[01m[Kint[m[K' [[01;35m[K-Wpedantic[m[K]
[13.520s]    44 | [01;35m[K([m[K(uint64_t)0 | \
[13.520s]       | [01;35m[K^[m[K
[13.520s] [01m[K/home/dji/DJI_workshop/LZP_PSDK/ros2_workplace/src/yolo_detect/../../../Payload-SDK/samples/sample_c++/platform/linux/manifold3/../../../../../psdk_lib/include/dji_error.h:1178:58:[m[K [01;36m[Knote: [m[Kin expansion of macro '[01m[KDJI_ERROR_CODE[m[K'
[13.520s]  1178 |  DJI_ERROR_WAYPOINT_V2_MODULE_CODE_TRAJ_GS_HAS_STARTED = [01;36m[KDJI_ERROR_CODE[m[K(DJI_ERROR_MODULE_WAYPOINT_V2, DJI_ERROR_WAYPOINT_V2_MODULE_RAW_CODE_TRAJ_GS_HAS_STARTED),
[13.520s]       |                                                          [01;36m[K^~~~~~~~~~~~~~[m[K
[13.521s] [01m[K/home/dji/DJI_workshop/LZP_PSDK/ros2_workplace/src/yolo_detect/../../../Payload-SDK/samples/sample_c++/platform/linux/manifold3/../../../../../psdk_lib/include/dji_error.h:44:1:[m[K [01;35m[Kwarning: [m[KISO C restricts enumerator values to range of '[01m[Kint[m[K' [[01;35m[K-Wpedantic[m[K]
[13.521s]    44 | [01;35m[K([m[K(uint64_t)0 | \
[13.521s]       | [01;35m[K^[m[K
[13.521s] [01m[K/home/dji/DJI_workshop/LZP_PSDK/ros2_workplace/src/yolo_detect/../../../Payload-SDK/samples/sample_c++/platform/linux/manifold3/../../../../../psdk_lib/include/dji_error.h:1179:58:[m[K [01;36m[Knote: [m[Kin expansion of macro '[01m[KDJI_ERROR_CODE[m[K'
[13.521s]  1179 |  DJI_ERROR_WAYPOINT_V2_MODULE_CODE_TRAJ_GS_NOT_RUNNING = [01;36m[KDJI_ERROR_CODE[m[K(DJI_ERROR_MODULE_WAYPOINT_V2, DJI_ERROR_WAYPOINT_V2_MODULE_RAW_CODE_TRAJ_GS_NOT_RUNNING),
[13.521s]       |                                                          [01;36m[K^~~~~~~~~~~~~~[m[K
[13.521s] [01m[K/home/dji/DJI_workshop/LZP_PSDK/ros2_workplace/src/yolo_detect/../../../Payload-SDK/samples/sample_c++/platform/linux/manifold3/../../../../../psdk_lib/include/dji_error.h:44:1:[m[K [01;35m[Kwarning: [m[KISO C restricts enumerator values to range of '[01m[Kint[m[K' [[01;35m[K-Wpedantic[m[K]
[13.521s]    44 | [01;35m[K([m[K(uint64_t)0 | \
[13.522s]       | [01;35m[K^[m[K
[13.522s] [01m[K/home/dji/DJI_workshop/LZP_PSDK/ros2_workplace/src/yolo_detect/../../../Payload-SDK/samples/sample_c++/platform/linux/manifold3/../../../../../psdk_lib/include/dji_error.h:1180:77:[m[K [01;36m[Knote: [m[Kin expansion of macro '[01m[KDJI_ERROR_CODE[m[K'
[13.522s]  1180 |  DJI_ERROR_WAYPOINT_V2_MODULE_CODE_TRAJ_GS_NOT_RUNNING_FOR_PAUSE_RECOVERY = [01;36m[KDJI_ERROR_CODE[m[K(DJI_ERROR_MODULE_WAYPOINT_V2, DJI_ERROR_WAYPOINT_V2_MODULE_RAW_CODE_TRAJ_GS_NOT_RUNNING_FOR_PAUSE_RECOVERY),
[13.522s]       |                                                                             [01;36m[K^~~~~~~~~~~~~~[m[K
[13.522s] [01m[K/home/dji/DJI_workshop/LZP_PSDK/ros2_workplace/src/yolo_detect/../../../Payload-SDK/samples/sample_c++/platform/linux/manifold3/../../../../../psdk_lib/include/dji_error.h:44:1:[m[K [01;35m[Kwarning: [m[KISO C restricts enumerator values to range of '[01m[Kint[m[K' [[01;35m[K-Wpedantic[m[K]
[13.522s]    44 | [01;35m[K([m[K(uint64_t)0 | \
[13.522s]       | [01;35m[K^[m[K
[13.522s] [01m[K/home/dji/DJI_workshop/LZP_PSDK/ros2_workplace/src/yolo_detect/../../../Payload-SDK/samples/sample_c++/platform/linux/manifold3/../../../../../psdk_lib/include/dji_error.h:1181:76:[m[K [01;36m[Knote: [m[Kin expansion of macro '[01m[KDJI_ERROR_CODE[m[K'
[13.523s]  1181 |  DJI_ERROR_WAYPOINT_V2_MODULE_CODE_TRAJ_GS_NOT_RUNNING_FOR_BREAK_RESTORE = [01;36m[KDJI_ERROR_CODE[m[K(DJI_ERROR_MODULE_WAYPOINT_V2, DJI_ERROR_WAYPOINT_V2_MODULE_RAW_CODE_TRAJ_GS_NOT_RUNNING_FOR_BREAK_RESTORE),
[13.523s]       |                                                                            [01;36m[K^~~~~~~~~~~~~~[m[K
[13.523s] [01m[K/home/dji/DJI_workshop/LZP_PSDK/ros2_workplace/src/yolo_detect/../../../Payload-SDK/samples/sample_c++/platform/linux/manifold3/../../../../../psdk_lib/include/dji_error.h:44:1:[m[K [01;35m[Kwarning: [m[KISO C restricts enumerator values to range of '[01m[Kint[m[K' [[01;35m[K-Wpedantic[m[K]
[13.523s]    44 | [01;35m[K([m[K(uint64_t)0 | \
[13.523s]       | [01;35m[K^[m[K
[13.523s] [01m[K/home/dji/DJI_workshop/LZP_PSDK/ros2_workplace/src/yolo_detect/../../../Payload-SDK/samples/sample_c++/platform/linux/manifold3/../../../../../psdk_lib/include/dji_error.h:1182:57:[m[K [01;36m[Knote: [m[Kin expansion of macro '[01m[KDJI_ERROR_CODE[m[K'
[13.523s]  1182 |  DJI_ERROR_WAYPOINT_V2_MODULE_CODE_TRAJ_NOT_IN_WP_MIS = [01;36m[KDJI_ERROR_CODE[m[K(DJI_ERROR_MODULE_WAYPOINT_V2, DJI_ERROR_WAYPOINT_V2_MODULE_RAW_CODE_TRAJ_NOT_IN_WP_MIS ),
[13.524s]       |                                                         [01;36m[K^~~~~~~~~~~~~~[m[K
[13.524s] [01m[K/home/dji/DJI_workshop/LZP_PSDK/ros2_workplace/src/yolo_detect/../../../Payload-SDK/samples/sample_c++/platform/linux/manifold3/../../../../../psdk_lib/include/dji_error.h:44:1:[m[K [01;35m[Kwarning: [m[KISO C restricts enumerator values to range of '[01m[Kint[m[K' [[01;35m[K-Wpedantic[m[K]
[13.524s]    44 | [01;35m[K([m[K(uint64_t)0 | \
[13.524s]       | [01;35m[K^[m[K
[13.524s] [01m[K/home/dji/DJI_workshop/LZP_PSDK/ros2_workplace/src/yolo_detect/../../../Payload-SDK/samples/sample_c++/platform/linux/manifold3/../../../../../psdk_lib/include/dji_error.h:1183:63:[m[K [01;36m[Knote: [m[Kin expansion of macro '[01m[KDJI_ERROR_CODE[m[K'
[13.524s]  1183 |  DJI_ERROR_WAYPOINT_V2_MODULE_CODE_TRAJ_MIS_HAS_BEEN_PAUSED = [01;36m[KDJI_ERROR_CODE[m[K(DJI_ERROR_MODULE_WAYPOINT_V2, DJI_ERROR_WAYPOINT_V2_MODULE_RAW_CODE_TRAJ_MIS_HAS_BEEN_PAUSED),
[13.524s]       |                                                               [01;36m[K^~~~~~~~~~~~~~[m[K
[13.525s] [01m[K/home/dji/DJI_workshop/LZP_PSDK/ros2_workplace/src/yolo_detect/../../../Payload-SDK/samples/sample_c++/platform/linux/manifold3/../../../../../psdk_lib/include/dji_error.h:44:1:[m[K [01;35m[Kwarning: [m[KISO C restricts enumerator values to range of '[01m[Kint[m[K' [[01;35m[K-Wpedantic[m[K]
[13.525s]    44 | [01;35m[K([m[K(uint64_t)0 | \
[13.525s]       | [01;35m[K^[m[K
[13.525s] [01m[K/home/dji/DJI_workshop/LZP_PSDK/ros2_workplace/src/yolo_detect/../../../Payload-SDK/samples/sample_c++/platform/linux/manifold3/../../../../../psdk_lib/include/dji_error.h:1184:58:[m[K [01;36m[Knote: [m[Kin expansion of macro '[01m[KDJI_ERROR_CODE[m[K'
[13.525s]  1184 |  DJI_ERROR_WAYPOINT_V2_MODULE_CODE_TRAJ_MIS_NOT_PAUSED = [01;36m[KDJI_ERROR_CODE[m[K(DJI_ERROR_MODULE_WAYPOINT_V2, DJI_ERROR_WAYPOINT_V2_MODULE_RAW_CODE_TRAJ_MIS_NOT_PAUSED),
[13.525s]       |                                                          [01;36m[K^~~~~~~~~~~~~~[m[K
[13.525s] [01m[K/home/dji/DJI_workshop/LZP_PSDK/ros2_workplace/src/yolo_detect/../../../Payload-SDK/samples/sample_c++/platform/linux/manifold3/../../../../../psdk_lib/include/dji_error.h:44:1:[m[K [01;35m[Kwarning: [m[KISO C restricts enumerator values to range of '[01m[Kint[m[K' [[01;35m[K-Wpedantic[m[K]
[13.526s]    44 | [01;35m[K([m[K(uint64_t)0 | \
[13.526s]       | [01;35m[K^[m[K
[13.526s] [01m[K/home/dji/DJI_workshop/LZP_PSDK/ros2_workplace/src/yolo_detect/../../../Payload-SDK/samples/sample_c++/platform/linux/manifold3/../../../../../psdk_lib/include/dji_error.h:1185:63:[m[K [01;36m[Knote: [m[Kin expansion of macro '[01m[KDJI_ERROR_CODE[m[K'
[13.526s]  1185 |  DJI_ERROR_WAYPOINT_V2_MODULE_CODE_TRAJ_MIS_HAS_BEEN_BROKEN = [01;36m[KDJI_ERROR_CODE[m[K(DJI_ERROR_MODULE_WAYPOINT_V2, DJI_ERROR_WAYPOINT_V2_MODULE_RAW_CODE_TRAJ_MIS_HAS_BEEN_BROKEN),
[13.526s]       |                                                               [01;36m[K^~~~~~~~~~~~~~[m[K
[13.526s] [01m[K/home/dji/DJI_workshop/LZP_PSDK/ros2_workplace/src/yolo_detect/../../../Payload-SDK/samples/sample_c++/platform/linux/manifold3/../../../../../psdk_lib/include/dji_error.h:44:1:[m[K [01;35m[Kwarning: [m[KISO C restricts enumerator values to range of '[01m[Kint[m[K' [[01;35m[K-Wpedantic[m[K]
[13.527s]    44 | [01;35m[K([m[K(uint64_t)0 | \
[13.527s]       | [01;35m[K^[m[K
[13.527s] [01m[K/home/dji/DJI_workshop/LZP_PSDK/ros2_workplace/src/yolo_detect/../../../Payload-SDK/samples/sample_c++/platform/linux/manifold3/../../../../../psdk_lib/include/dji_error.h:1186:58:[m[K [01;36m[Knote: [m[Kin expansion of macro '[01m[KDJI_ERROR_CODE[m[K'
[13.527s]  1186 |  DJI_ERROR_WAYPOINT_V2_MODULE_CODE_TRAJ_MIS_NOT_BROKEN = [01;36m[KDJI_ERROR_CODE[m[K(DJI_ERROR_MODULE_WAYPOINT_V2, DJI_ERROR_WAYPOINT_V2_MODULE_RAW_CODE_TRAJ_MIS_NOT_BROKEN),
[13.527s]       |                                                          [01;36m[K^~~~~~~~~~~~~~[m[K
[13.527s] [01m[K/home/dji/DJI_workshop/LZP_PSDK/ros2_workplace/src/yolo_detect/../../../Payload-SDK/samples/sample_c++/platform/linux/manifold3/../../../../../psdk_lib/include/dji_error.h:44:1:[m[K [01;35m[Kwarning: [m[KISO C restricts enumerator values to range of '[01m[Kint[m[K' [[01;35m[K-Wpedantic[m[K]
[13.527s]    44 | [01;35m[K([m[K(uint64_t)0 | \
[13.528s]       | [01;35m[K^[m[K
[13.528s] [01m[K/home/dji/DJI_workshop/LZP_PSDK/ros2_workplace/src/yolo_detect/../../../Payload-SDK/samples/sample_c++/platform/linux/manifold3/../../../../../psdk_lib/include/dji_error.h:1187:72:[m[K [01;36m[Knote: [m[Kin expansion of macro '[01m[KDJI_ERROR_CODE[m[K'
[13.528s]  1187 |  DJI_ERROR_WAYPOINT_V2_MODULE_CODE_TRAJ_PAUSE_RECOVERY_NOT_SUPPORTED = [01;36m[KDJI_ERROR_CODE[m[K(DJI_ERROR_MODULE_WAYPOINT_V2, DJI_ERROR_WAYPOINT_V2_MODULE_RAW_CODE_TRAJ_PAUSE_RECOVERY_NOT_SUPPORTED),
[13.528s]       |                                                                        [01;36m[K^~~~~~~~~~~~~~[m[K
[13.528s] [01m[K/home/dji/DJI_workshop/LZP_PSDK/ros2_workplace/src/yolo_detect/../../../Payload-SDK/samples/sample_c++/platform/linux/manifold3/../../../../../psdk_lib/include/dji_error.h:44:1:[m[K [01;35m[Kwarning: [m[KISO C restricts enumerator values to range of '[01m[Kint[m[K' [[01;35m[K-Wpedantic[m[K]
[13.528s]    44 | [01;35m[K([m[K(uint64_t)0 | \
[13.528s]       | [01;35m[K^[m[K
[13.528s] [01m[K/home/dji/DJI_workshop/LZP_PSDK/ros2_workplace/src/yolo_detect/../../../Payload-SDK/samples/sample_c++/platform/linux/manifold3/../../../../../psdk_lib/include/dji_error.h:1188:71:[m[K [01;36m[Knote: [m[Kin expansion of macro '[01m[KDJI_ERROR_CODE[m[K'
[13.529s]  1188 |  DJI_ERROR_WAYPOINT_V2_MODULE_CODE_TRAJ_BREAK_RESTORE_NOT_SUPPORTED = [01;36m[KDJI_ERROR_CODE[m[K(DJI_ERROR_MODULE_WAYPOINT_V2, DJI_ERROR_WAYPOINT_V2_MODULE_RAW_CODE_TRAJ_BREAK_RESTORE_NOT_SUPPORTED),
[13.529s]       |                                                                       [01;36m[K^~~~~~~~~~~~~~[m[K
[13.529s] [01m[K/home/dji/DJI_workshop/LZP_PSDK/ros2_workplace/src/yolo_detect/../../../Payload-SDK/samples/sample_c++/platform/linux/manifold3/../../../../../psdk_lib/include/dji_error.h:44:1:[m[K [01;35m[Kwarning: [m[KISO C restricts enumerator values to range of '[01m[Kint[m[K' [[01;35m[K-Wpedantic[m[K]
[13.529s]    44 | [01;35m[K([m[K(uint64_t)0 | \
[13.529s]       | [01;35m[K^[m[K
[13.529s] [01m[K/home/dji/DJI_workshop/LZP_PSDK/ros2_workplace/src/yolo_detect/../../../Payload-SDK/samples/sample_c++/platform/linux/manifold3/../../../../../psdk_lib/include/dji_error.h:1189:58:[m[K [01;36m[Knote: [m[Kin expansion of macro '[01m[KDJI_ERROR_CODE[m[K'
[13.529s]  1189 |  DJI_ERROR_WAYPOINT_V2_MODULE_CODE_TRAJ_NO_BREAK_POINT = [01;36m[KDJI_ERROR_CODE[m[K(DJI_ERROR_MODULE_WAYPOINT_V2, DJI_ERROR_WAYPOINT_V2_MODULE_RAW_CODE_TRAJ_NO_BREAK_POINT ),
[13.530s]       |                                                          [01;36m[K^~~~~~~~~~~~~~[m[K
[13.530s] [01m[K/home/dji/DJI_workshop/LZP_PSDK/ros2_workplace/src/yolo_detect/../../../Payload-SDK/samples/sample_c++/platform/linux/manifold3/../../../../../psdk_lib/include/dji_error.h:44:1:[m[K [01;35m[Kwarning: [m[KISO C restricts enumerator values to range of '[01m[Kint[m[K' [[01;35m[K-Wpedantic[m[K]
[13.530s]    44 | [01;35m[K([m[K(uint64_t)0 | \
[13.530s]       | [01;35m[K^[m[K
[13.530s] [01m[K/home/dji/DJI_workshop/LZP_PSDK/ros2_workplace/src/yolo_detect/../../../Payload-SDK/samples/sample_c++/platform/linux/manifold3/../../../../../psdk_lib/include/dji_error.h:1190:63:[m[K [01;36m[Knote: [m[Kin expansion of macro '[01m[KDJI_ERROR_CODE[m[K'
[13.530s]  1190 |  DJI_ERROR_WAYPOINT_V2_MODULE_CODE_TRAJ_NO_CUR_TRAJ_PROJECT = [01;36m[KDJI_ERROR_CODE[m[K(DJI_ERROR_MODULE_WAYPOINT_V2, DJI_ERROR_WAYPOINT_V2_MODULE_RAW_CODE_TRAJ_NO_CUR_TRAJ_PROJECT),
[13.530s]       |                                                               [01;36m[K^~~~~~~~~~~~~~[m[K
[13.530s] [01m[K/home/dji/DJI_workshop/LZP_PSDK/ros2_workplace/src/yolo_detect/../../../Payload-SDK/samples/sample_c++/platform/linux/manifold3/../../../../../psdk_lib/include/dji_error.h:44:1:[m[K [01;35m[Kwarning: [m[KISO C restricts enumerator values to range of '[01m[Kint[m[K' [[01;35m[K-Wpedantic[m[K]
[13.531s]    44 | [01;35m[K([m[K(uint64_t)0 | \
[13.531s]       | [01;35m[K^[m[K
[13.531s] [01m[K/home/dji/DJI_workshop/LZP_PSDK/ros2_workplace/src/yolo_detect/../../../Payload-SDK/samples/sample_c++/platform/linux/manifold3/../../../../../psdk_lib/include/dji_error.h:1191:63:[m[K [01;36m[Knote: [m[Kin expansion of macro '[01m[KDJI_ERROR_CODE[m[K'
[13.531s]  1191 |  DJI_ERROR_WAYPOINT_V2_MODULE_CODE_TRAJ_NO_NXT_TRAJ_PROJECT = [01;36m[KDJI_ERROR_CODE[m[K(DJI_ERROR_MODULE_WAYPOINT_V2, DJI_ERROR_WAYPOINT_V2_MODULE_RAW_CODE_TRAJ_NO_NXT_TRAJ_PROJECT),
[13.531s]       |                                                               [01;36m[K^~~~~~~~~~~~~~[m[K
[13.531s] [01m[K/home/dji/DJI_workshop/LZP_PSDK/ros2_workplace/src/yolo_detect/../../../Payload-SDK/samples/sample_c++/platform/linux/manifold3/../../../../../psdk_lib/include/dji_error.h:44:1:[m[K [01;35m[Kwarning: [m[KISO C restricts enumerator values to range of '[01m[Kint[m[K' [[01;35m[K-Wpedantic[m[K]
[13.531s]    44 | [01;35m[K([m[K(uint64_t)0 | \
[13.531s]       | [01;35m[K^[m[K
[13.532s] [01m[K/home/dji/DJI_workshop/LZP_PSDK/ros2_workplace/src/yolo_detect/../../../Payload-SDK/samples/sample_c++/platform/linux/manifold3/../../../../../psdk_lib/include/dji_error.h:1192:63:[m[K [01;36m[Knote: [m[Kin expansion of macro '[01m[KDJI_ERROR_CODE[m[K'
[13.532s]  1192 |  DJI_ERROR_WAYPOINT_V2_MODULE_CODE_TRAJ_NO_NNT_TRAJ_PROJECT = [01;36m[KDJI_ERROR_CODE[m[K(DJI_ERROR_MODULE_WAYPOINT_V2, DJI_ERROR_WAYPOINT_V2_MODULE_RAW_CODE_TRAJ_NO_NNT_TRAJ_PROJECT),
[13.532s]       |                                                               [01;36m[K^~~~~~~~~~~~~~[m[K
[13.532s] [01m[K/home/dji/DJI_workshop/LZP_PSDK/ros2_workplace/src/yolo_detect/../../../Payload-SDK/samples/sample_c++/platform/linux/manifold3/../../../../../psdk_lib/include/dji_error.h:44:1:[m[K [01;35m[Kwarning: [m[KISO C restricts enumerator values to range of '[01m[Kint[m[K' [[01;35m[K-Wpedantic[m[K]
[13.532s]    44 | [01;35m[K([m[K(uint64_t)0 | \
[13.532s]       | [01;35m[K^[m[K
[13.532s] [01m[K/home/dji/DJI_workshop/LZP_PSDK/ros2_workplace/src/yolo_detect/../../../Payload-SDK/samples/sample_c++/platform/linux/manifold3/../../../../../psdk_lib/include/dji_error.h:1193:69:[m[K [01;36m[Knote: [m[Kin expansion of macro '[01m[KDJI_ERROR_CODE[m[K'
[13.532s]  1193 |  DJI_ERROR_WAYPOINT_V2_MODULE_CODE_TRAJ_UPLOAD_WP_ID_NOT_CONTINUE = [01;36m[KDJI_ERROR_CODE[m[K(DJI_ERROR_MODULE_WAYPOINT_V2, DJI_ERROR_WAYPOINT_V2_MODULE_RAW_CODE_TRAJ_UPLOAD_WP_ID_NOT_CONTINUE),
[13.533s]       |                                                                     [01;36m[K^~~~~~~~~~~~~~[m[K
[13.533s] [01m[K/home/dji/DJI_workshop/LZP_PSDK/ros2_workplace/src/yolo_detect/../../../Payload-SDK/samples/sample_c++/platform/linux/manifold3/../../../../../psdk_lib/include/dji_error.h:44:1:[m[K [01;35m[Kwarning: [m[KISO C restricts enumerator values to range of '[01m[Kint[m[K' [[01;35m[K-Wpedantic[m[K]
[13.533s]    44 | [01;35m[K([m[K(uint64_t)0 | \
[13.533s]       | [01;35m[K^[m[K
[13.533s] [01m[K/home/dji/DJI_workshop/LZP_PSDK/ros2_workplace/src/yolo_detect/../../../Payload-SDK/samples/sample_c++/platform/linux/manifold3/../../../../../psdk_lib/include/dji_error.h:1194:77:[m[K [01;36m[Knote: [m[Kin expansion of macro '[01m[KDJI_ERROR_CODE[m[K'
[13.533s]  1194 |  DJI_ERROR_WAYPOINT_V2_MODULE_CODE_TRAJ_WP_LINE_ENTER_NOT_SET_TO_START_WP = [01;36m[KDJI_ERROR_CODE[m[K(DJI_ERROR_MODULE_WAYPOINT_V2, DJI_ERROR_WAYPOINT_V2_MODULE_RAW_CODE_TRAJ_WP_LINE_ENTER_NOT_SET_TO_START_WP ),
[13.533s]       |                                                                             [01;36m[K^~~~~~~~~~~~~~[m[K
[13.533s] [01m[K/home/dji/DJI_workshop/LZP_PSDK/ros2_workplace/src/yolo_detect/../../../Payload-SDK/samples/sample_c++/platform/linux/manifold3/../../../../../psdk_lib/include/dji_error.h:44:1:[m[K [01;35m[Kwarning: [m[KISO C restricts enumerator values to range of '[01m[Kint[m[K' [[01;35m[K-Wpedantic[m[K]
[13.534s]    44 | [01;35m[K([m[K(uint64_t)0 | \
[13.534s]       | [01;35m[K^[m[K
[13.534s] [01m[K/home/dji/DJI_workshop/LZP_PSDK/ros2_workplace/src/yolo_detect/../../../Payload-SDK/samples/sample_c++/platform/linux/manifold3/../../../../../psdk_lib/include/dji_error.h:1195:73:[m[K [01;36m[Knote: [m[Kin expansion of macro '[01m[KDJI_ERROR_CODE[m[K'
[13.534s]  1195 |  DJI_ERROR_WAYPOINT_V2_MODULE_CODE_TRAJ_INIT_WP_WHEN_PLAN_HAS_STARTED = [01;36m[KDJI_ERROR_CODE[m[K(DJI_ERROR_MODULE_WAYPOINT_V2, DJI_ERROR_WAYPOINT_V2_MODULE_RAW_CODE_TRAJ_INIT_WP_WHEN_PLAN_HAS_STARTED ),
[13.534s]       |                                                                         [01;36m[K^~~~~~~~~~~~~~[m[K
[13.534s] [01m[K/home/dji/DJI_workshop/LZP_PSDK/ros2_workplace/src/yolo_detect/../../../Payload-SDK/samples/sample_c++/platform/linux/manifold3/../../../../../psdk_lib/include/dji_error.h:44:1:[m[K [01;35m[Kwarning: [m[KISO C restricts enumerator values to range of '[01m[Kint[m[K' [[01;35m[K-Wpedantic[m[K]
[13.534s]    44 | [01;35m[K([m[K(uint64_t)0 | \
[13.535s]       | [01;35m[K^[m[K
[13.535s] [01m[K/home/dji/DJI_workshop/LZP_PSDK/ros2_workplace/src/yolo_detect/../../../Payload-SDK/samples/sample_c++/platform/linux/manifold3/../../../../../psdk_lib/include/dji_error.h:1196:68:[m[K [01;36m[Knote: [m[Kin expansion of macro '[01m[KDJI_ERROR_CODE[m[K'
[13.535s]  1196 |  DJI_ERROR_WAYPOINT_V2_MODULE_CODE_TRAJ_DAMPING_DIS_EXCEED_RANGE = [01;36m[KDJI_ERROR_CODE[m[K(DJI_ERROR_MODULE_WAYPOINT_V2, DJI_ERROR_WAYPOINT_V2_MODULE_RAW_CODE_TRAJ_DAMPING_DIS_EXCEED_RANGE),
[13.535s]       |                                                                    [01;36m[K^~~~~~~~~~~~~~[m[K
[13.535s] [01m[K/home/dji/DJI_workshop/LZP_PSDK/ros2_workplace/src/yolo_detect/../../../Payload-SDK/samples/sample_c++/platform/linux/manifold3/../../../../../psdk_lib/include/dji_error.h:44:1:[m[K [01;35m[Kwarning: [m[KISO C restricts enumerator values to range of '[01m[Kint[m[K' [[01;35m[K-Wpedantic[m[K]
[13.535s]    44 | [01;35m[K([m[K(uint64_t)0 | \
[13.535s]       | [01;35m[K^[m[K
[13.535s] [01m[K/home/dji/DJI_workshop/LZP_PSDK/ros2_workplace/src/yolo_detect/../../../Payload-SDK/samples/sample_c++/platform/linux/manifold3/../../../../../psdk_lib/include/dji_error.h:1197:70:[m[K [01;36m[Knote: [m[Kin expansion of macro '[01m[KDJI_ERROR_CODE[m[K'
[13.536s]  1197 |  DJI_ERROR_WAYPOINT_V2_MODULE_CODE_TRAJ_WAYPOINT_COOR_EXCEED_RANGE = [01;36m[KDJI_ERROR_CODE[m[K(DJI_ERROR_MODULE_WAYPOINT_V2, DJI_ERROR_WAYPOINT_V2_MODULE_RAW_CODE_TRAJ_WAYPOINT_COOR_EXCEED_RANGE),
[13.536s]       |                                                                      [01;36m[K^~~~~~~~~~~~~~[m[K
[13.536s] [01m[K/home/dji/DJI_workshop/LZP_PSDK/ros2_workplace/src/yolo_detect/../../../Payload-SDK/samples/sample_c++/platform/linux/manifold3/../../../../../psdk_lib/include/dji_error.h:44:1:[m[K [01;35m[Kwarning: [m[KISO C restricts enumerator values to range of '[01m[Kint[m[K' [[01;35m[K-Wpedantic[m[K]
[13.536s]    44 | [01;35m[K([m[K(uint64_t)0 | \
[13.536s]       | [01;35m[K^[m[K
[13.536s] [01m[K/home/dji/DJI_workshop/LZP_PSDK/ros2_workplace/src/yolo_detect/../../../Payload-SDK/samples/sample_c++/platform/linux/manifold3/../../../../../psdk_lib/include/dji_error.h:1198:71:[m[K [01;36m[Knote: [m[Kin expansion of macro '[01m[KDJI_ERROR_CODE[m[K'
[13.537s]  1198 |  DJI_ERROR_WAYPOINT_V2_MODULE_CODE_TRAJ_FIRST_WP_TYPE_IS_WP_TURN_NO = [01;36m[KDJI_ERROR_CODE[m[K(DJI_ERROR_MODULE_WAYPOINT_V2, DJI_ERROR_WAYPOINT_V2_MODULE_RAW_CODE_TRAJ_FIRST_WP_TYPE_IS_WP_TURN_NO),
[13.537s]       |                                                                       [01;36m[K^~~~~~~~~~~~~~[m[K
[13.537s] [01m[K/home/dji/DJI_workshop/LZP_PSDK/ros2_workplace/src/yolo_detect/../../../Payload-SDK/samples/sample_c++/platform/linux/manifold3/../../../../../psdk_lib/include/dji_error.h:44:1:[m[K [01;35m[Kwarning: [m[KISO C restricts enumerator values to range of '[01m[Kint[m[K' [[01;35m[K-Wpedantic[m[K]
[13.537s]    44 | [01;35m[K([m[K(uint64_t)0 | \
[13.537s]       | [01;35m[K^[m[K
[13.537s] [01m[K/home/dji/DJI_workshop/LZP_PSDK/ros2_workplace/src/yolo_detect/../../../Payload-SDK/samples/sample_c++/platform/linux/manifold3/../../../../../psdk_lib/include/dji_error.h:1199:66:[m[K [01;36m[Knote: [m[Kin expansion of macro '[01m[KDJI_ERROR_CODE[m[K'
[13.538s]  1199 |  DJI_ERROR_WAYPOINT_V2_MODULE_CODE_TRAJ_WP_EXCEED_RADIUS_LIMIT = [01;36m[KDJI_ERROR_CODE[m[K(DJI_ERROR_MODULE_WAYPOINT_V2, DJI_ERROR_WAYPOINT_V2_MODULE_RAW_CODE_TRAJ_WP_EXCEED_RADIUS_LIMIT ),
[13.538s]       |                                                                  [01;36m[K^~~~~~~~~~~~~~[m[K
[13.538s] [01m[K/home/dji/DJI_workshop/LZP_PSDK/ros2_workplace/src/yolo_detect/../../../Payload-SDK/samples/sample_c++/platform/linux/manifold3/../../../../../psdk_lib/include/dji_error.h:44:1:[m[K [01;35m[Kwarning: [m[KISO C restricts enumerator values to range of '[01m[Kint[m[K' [[01;35m[K-Wpedantic[m[K]
[13.538s]    44 | [01;35m[K([m[K(uint64_t)0 | \
[13.538s]       | [01;35m[K^[m[K
[13.538s] [01m[K/home/dji/DJI_workshop/LZP_PSDK/ros2_workplace/src/yolo_detect/../../../Payload-SDK/samples/sample_c++/platform/linux/manifold3/../../../../../psdk_lib/include/dji_error.h:1200:66:[m[K [01;36m[Knote: [m[Kin expansion of macro '[01m[KDJI_ERROR_CODE[m[K'
[13.538s]  1200 |  DJI_ERROR_WAYPOINT_V2_MODULE_CODE_TRAJ_WP_EXCEED_HEIGHT_LIMIT = [01;36m[KDJI_ERROR_CODE[m[K(DJI_ERROR_MODULE_WAYPOINT_V2, DJI_ERROR_WAYPOINT_V2_MODULE_RAW_CODE_TRAJ_WP_EXCEED_HEIGHT_LIMIT ),
[13.538s]       |                                                                  [01;36m[K^~~~~~~~~~~~~~[m[K
[13.539s] [01m[K/home/dji/DJI_workshop/LZP_PSDK/ros2_workplace/src/yolo_detect/../../../Payload-SDK/samples/sample_c++/platform/linux/manifold3/../../../../../psdk_lib/include/dji_error.h:44:1:[m[K [01;35m[Kwarning: [m[KISO C restricts enumerator values to range of '[01m[Kint[m[K' [[01;35m[K-Wpedantic[m[K]
[13.539s]    44 | [01;35m[K([m[K(uint64_t)0 | \
[13.539s]       | [01;35m[K^[m[K
[13.539s] [01m[K/home/dji/DJI_workshop/LZP_PSDK/ros2_workplace/src/yolo_detect/../../../Payload-SDK/samples/sample_c++/platform/linux/manifold3/../../../../../psdk_lib/include/dji_error.h:1201:50:[m[K [01;36m[Knote: [m[Kin expansion of macro '[01m[KDJI_ERROR_CODE[m[K'
[13.539s]  1201 |  DJI_ERROR_WAYPOINT_V2_MODULE_CODE_STATUS_RESV = [01;36m[KDJI_ERROR_CODE[m[K(DJI_ERROR_MODULE_WAYPOINT_V2, DJI_ERROR_WAYPOINT_V2_MODULE_RAW_CODE_STATUS_RESV),
[13.539s]       |                                                  [01;36m[K^~~~~~~~~~~~~~[m[K
[13.539s] [01m[K/home/dji/DJI_workshop/LZP_PSDK/ros2_workplace/src/yolo_detect/../../../Payload-SDK/samples/sample_c++/platform/linux/manifold3/../../../../../psdk_lib/include/dji_error.h:44:1:[m[K [01;35m[Kwarning: [m[KISO C restricts enumerator values to range of '[01m[Kint[m[K' [[01;35m[K-Wpedantic[m[K]
[13.540s]    44 | [01;35m[K([m[K(uint64_t)0 | \
[13.540s]       | [01;35m[K^[m[K
[13.540s] [01m[K/home/dji/DJI_workshop/LZP_PSDK/ros2_workplace/src/yolo_detect/../../../Payload-SDK/samples/sample_c++/platform/linux/manifold3/../../../../../psdk_lib/include/dji_error.h:1202:63:[m[K [01;36m[Knote: [m[Kin expansion of macro '[01m[KDJI_ERROR_CODE[m[K'
[13.540s]  1202 |  DJI_ERROR_WAYPOINT_V2_MODULE_CODE_STATUS_WP_MIS_CHECK_FAIL = [01;36m[KDJI_ERROR_CODE[m[K(DJI_ERROR_MODULE_WAYPOINT_V2, DJI_ERROR_WAYPOINT_V2_MODULE_RAW_CODE_STATUS_WP_MIS_CHECK_FAIL),
[13.540s]       |                                                               [01;36m[K^~~~~~~~~~~~~~[m[K
[13.540s] [01m[K/home/dji/DJI_workshop/LZP_PSDK/ros2_workplace/src/yolo_detect/../../../Payload-SDK/samples/sample_c++/platform/linux/manifold3/../../../../../psdk_lib/include/dji_error.h:44:1:[m[K [01;35m[Kwarning: [m[KISO C restricts enumerator values to range of '[01m[Kint[m[K' [[01;35m[K-Wpedantic[m[K]
[13.540s]    44 | [01;35m[K([m[K(uint64_t)0 | \
[13.540s]       | [01;35m[K^[m[K
[13.541s] [01m[K/home/dji/DJI_workshop/LZP_PSDK/ros2_workplace/src/yolo_detect/../../../Payload-SDK/samples/sample_c++/platform/linux/manifold3/../../../../../psdk_lib/include/dji_error.h:1203:63:[m[K [01;36m[Knote: [m[Kin expansion of macro '[01m[KDJI_ERROR_CODE[m[K'
[13.541s]  1203 |  DJI_ERROR_WAYPOINT_V2_MODULE_CODE_STATUS_HOME_NOT_RECORDED = [01;36m[KDJI_ERROR_CODE[m[K(DJI_ERROR_MODULE_WAYPOINT_V2, DJI_ERROR_WAYPOINT_V2_MODULE_RAW_CODE_STATUS_HOME_NOT_RECORDED),
[13.541s]       |                                                               [01;36m[K^~~~~~~~~~~~~~[m[K
[13.541s] [01m[K/home/dji/DJI_workshop/LZP_PSDK/ros2_workplace/src/yolo_detect/../../../Payload-SDK/samples/sample_c++/platform/linux/manifold3/../../../../../psdk_lib/include/dji_error.h:44:1:[m[K [01;35m[Kwarning: [m[KISO C restricts enumerator values to range of '[01m[Kint[m[K' [[01;35m[K-Wpedantic[m[K]
[13.541s]    44 | [01;35m[K([m[K(uint64_t)0 | \
[13.541s]       | [01;35m[K^[m[K
[13.541s] [01m[K/home/dji/DJI_workshop/LZP_PSDK/ros2_workplace/src/yolo_detect/../../../Payload-SDK/samples/sample_c++/platform/linux/manifold3/../../../../../psdk_lib/include/dji_error.h:1204:67:[m[K [01;36m[Knote: [m[Kin expansion of macro '[01m[KDJI_ERROR_CODE[m[K'
[13.542s]  1204 |  DJI_ERROR_WAYPOINT_V2_MODULE_CODE_STATUS_LOW_LOCATION_ACCURACY = [01;36m[KDJI_ERROR_CODE[m[K(DJI_ERROR_MODULE_WAYPOINT_V2, DJI_ERROR_WAYPOINT_V2_MODULE_RAW_CODE_STATUS_LOW_LOCATION_ACCURACY),
[13.542s]       |                                                                   [01;36m[K^~~~~~~~~~~~~~[m[K
[13.542s] [01m[K/home/dji/DJI_workshop/LZP_PSDK/ros2_workplace/src/yolo_detect/../../../Payload-SDK/samples/sample_c++/platform/linux/manifold3/../../../../../psdk_lib/include/dji_error.h:44:1:[m[K [01;35m[Kwarning: [m[KISO C restricts enumerator values to range of '[01m[Kint[m[K' [[01;35m[K-Wpedantic[m[K]
[13.542s]    44 | [01;35m[K([m[K(uint64_t)0 | \
[13.542s]       | [01;35m[K^[m[K
[13.542s] [01m[K/home/dji/DJI_workshop/LZP_PSDK/ros2_workplace/src/yolo_detect/../../../Payload-SDK/samples/sample_c++/platform/linux/manifold3/../../../../../psdk_lib/include/dji_error.h:1205:72:[m[K [01;36m[Knote: [m[Kin expansion of macro '[01m[KDJI_ERROR_CODE[m[K'
[13.542s]  1205 |  DJI_ERROR_WAYPOINT_V2_MODULE_CODE_STATUS_RTK_CONDITION_IS_NOT_READY = [01;36m[KDJI_ERROR_CODE[m[K(DJI_ERROR_MODULE_WAYPOINT_V2, DJI_ERROR_WAYPOINT_V2_MODULE_RAW_CODE_STATUS_RTK_CONDITION_IS_NOT_READY),
[13.542s]       |                                                                        [01;36m[K^~~~~~~~~~~~~~[m[K
[13.543s] [01m[K/home/dji/DJI_workshop/LZP_PSDK/ros2_workplace/src/yolo_detect/../../../Payload-SDK/samples/sample_c++/platform/linux/manifold3/../../../../../psdk_lib/include/dji_error.h:44:1:[m[K [01;35m[Kwarning: [m[KISO C restricts enumerator values to range of '[01m[Kint[m[K' [[01;35m[K-Wpedantic[m[K]
[13.543s]    44 | [01;35m[K([m[K(uint64_t)0 | \
[13.543s]       | [01;35m[K^[m[K
[13.543s] [01m[K/home/dji/DJI_workshop/LZP_PSDK/ros2_workplace/src/yolo_detect/../../../Payload-SDK/samples/sample_c++/platform/linux/manifold3/../../../../../psdk_lib/include/dji_error.h:1206:50:[m[K [01;36m[Knote: [m[Kin expansion of macro '[01m[KDJI_ERROR_CODE[m[K'
[13.543s]  1206 |  DJI_ERROR_WAYPOINT_V2_MODULE_CODE_SECURE_RESV = [01;36m[KDJI_ERROR_CODE[m[K(DJI_ERROR_MODULE_WAYPOINT_V2, DJI_ERROR_WAYPOINT_V2_MODULE_RAW_CODE_SECURE_RESV),
[13.543s]       |                                                  [01;36m[K^~~~~~~~~~~~~~[m[K
[13.543s] [01m[K/home/dji/DJI_workshop/LZP_PSDK/ros2_workplace/src/yolo_detect/../../../Payload-SDK/samples/sample_c++/platform/linux/manifold3/../../../../../psdk_lib/include/dji_error.h:44:1:[m[K [01;35m[Kwarning: [m[KISO C restricts enumerator values to range of '[01m[Kint[m[K' [[01;35m[K-Wpedantic[m[K]
[13.543s]    44 | [01;35m[K([m[K(uint64_t)0 | \
[13.544s]       | [01;35m[K^[m[K
[13.544s] [01m[K/home/dji/DJI_workshop/LZP_PSDK/ros2_workplace/src/yolo_detect/../../../Payload-SDK/samples/sample_c++/platform/linux/manifold3/../../../../../psdk_lib/include/dji_error.h:1207:55:[m[K [01;36m[Knote: [m[Kin expansion of macro '[01m[KDJI_ERROR_CODE[m[K'
[13.544s]  1207 |  DJI_ERROR_WAYPOINT_V2_MODULE_CODE_SECURE_CROSS_NFZ = [01;36m[KDJI_ERROR_CODE[m[K(DJI_ERROR_MODULE_WAYPOINT_V2, DJI_ERROR_WAYPOINT_V2_MODULE_RAW_CODE_SECURE_CROSS_NFZ),
[13.544s]       |                                                       [01;36m[K^~~~~~~~~~~~~~[m[K
[13.544s] [01m[K/home/dji/DJI_workshop/LZP_PSDK/ros2_workplace/src/yolo_detect/../../../Payload-SDK/samples/sample_c++/platform/linux/manifold3/../../../../../psdk_lib/include/dji_error.h:44:1:[m[K [01;35m[Kwarning: [m[KISO C restricts enumerator values to range of '[01m[Kint[m[K' [[01;35m[K-Wpedantic[m[K]
[13.544s]    44 | [01;35m[K([m[K(uint64_t)0 | \
[13.544s]       | [01;35m[K^[m[K
[13.544s] [01m[K/home/dji/DJI_workshop/LZP_PSDK/ros2_workplace/src/yolo_detect/../../../Payload-SDK/samples/sample_c++/platform/linux/manifold3/../../../../../psdk_lib/include/dji_error.h:1208:53:[m[K [01;36m[Knote: [m[Kin expansion of macro '[01m[KDJI_ERROR_CODE[m[K'
[13.545s]  1208 |  DJI_ERROR_WAYPOINT_V2_MODULE_CODE_SECURE_BAT_LOW = [01;36m[KDJI_ERROR_CODE[m[K(DJI_ERROR_MODULE_WAYPOINT_V2, DJI_ERROR_WAYPOINT_V2_MODULE_RAW_CODE_SECURE_BAT_LOW),
[13.545s]       |                                                     [01;36m[K^~~~~~~~~~~~~~[m[K
[13.545s] [01m[K/home/dji/DJI_workshop/LZP_PSDK/ros2_workplace/src/yolo_detect/../../../Payload-SDK/samples/sample_c++/platform/linux/manifold3/../../../../../psdk_lib/include/dji_error.h:44:1:[m[K [01;35m[Kwarning: [m[KISO C restricts enumerator values to range of '[01m[Kint[m[K' [[01;35m[K-Wpedantic[m[K]
[13.545s]    44 | [01;35m[K([m[K(uint64_t)0 | \
[13.545s]       | [01;35m[K^[m[K
[13.545s] [01m[K/home/dji/DJI_workshop/LZP_PSDK/ros2_workplace/src/yolo_detect/../../../Payload-SDK/samples/sample_c++/platform/linux/manifold3/../../../../../psdk_lib/include/dji_error.h:1209:57:[m[K [01;36m[Knote: [m[Kin expansion of macro '[01m[KDJI_ERROR_CODE[m[K'
[13.545s]  1209 |  DJI_ERROR_WAYPOINT_V2_MODULE_CODE_ACTION_COMMON_RESV = [01;36m[KDJI_ERROR_CODE[m[K(DJI_ERROR_MODULE_WAYPOINT_V2, DJI_ERROR_WAYPOINT_V2_MODULE_RAW_CODE_ACTION_COMMON_RESV),
[13.545s]       |                                                         [01;36m[K^~~~~~~~~~~~~~[m[K
[13.546s] [01m[K/home/dji/DJI_workshop/LZP_PSDK/ros2_workplace/src/yolo_detect/../../../Payload-SDK/samples/sample_c++/platform/linux/manifold3/../../../../../psdk_lib/include/dji_error.h:44:1:[m[K [01;35m[Kwarning: [m[KISO C restricts enumerator values to range of '[01m[Kint[m[K' [[01;35m[K-Wpedantic[m[K]
[13.546s]    44 | [01;35m[K([m[K(uint64_t)0 | \
[13.546s]       | [01;35m[K^[m[K
[13.546s] [01m[K/home/dji/DJI_workshop/LZP_PSDK/ros2_workplace/src/yolo_detect/../../../Payload-SDK/samples/sample_c++/platform/linux/manifold3/../../../../../psdk_lib/include/dji_error.h:1210:73:[m[K [01;36m[Knote: [m[Kin expansion of macro '[01m[KDJI_ERROR_CODE[m[K'
[13.546s]  1210 |  DJI_ERROR_WAYPOINT_V2_MODULE_CODE_ACTION_COMMON_ACTION_ID_DUPLICATED = [01;36m[KDJI_ERROR_CODE[m[K(DJI_ERROR_MODULE_WAYPOINT_V2, DJI_ERROR_WAYPOINT_V2_MODULE_RAW_CODE_ACTION_COMMON_ACTION_ID_DUPLICATED),
[13.546s]       |                                                                         [01;36m[K^~~~~~~~~~~~~~[m[K
[13.547s] [01m[K/home/dji/DJI_workshop/LZP_PSDK/ros2_workplace/src/yolo_detect/../../../Payload-SDK/samples/sample_c++/platform/linux/manifold3/../../../../../psdk_lib/include/dji_error.h:44:1:[m[K [01;35m[Kwarning: [m[KISO C restricts enumerator values to range of '[01m[Kint[m[K' [[01;35m[K-Wpedantic[m[K]
[13.547s]    44 | [01;35m[K([m[K(uint64_t)0 | \
[13.547s]       | [01;35m[K^[m[K
[13.547s] [01m[K/home/dji/DJI_workshop/LZP_PSDK/ros2_workplace/src/yolo_detect/../../../Payload-SDK/samples/sample_c++/platform/linux/manifold3/../../../../../psdk_lib/include/dji_error.h:1211:82:[m[K [01;36m[Knote: [m[Kin expansion of macro '[01m[KDJI_ERROR_CODE[m[K'
[13.547s]  1211 |  DJI_ERROR_WAYPOINT_V2_MODULE_CODE_ACTION_COMMON_ACTION_ITEMS_SPACE_NOT_ENOUGH = [01;36m[KDJI_ERROR_CODE[m[K(DJI_ERROR_MODULE_WAYPOINT_V2, DJI_ERROR_WAYPOINT_V2_MODULE_RAW_CODE_ACTION_COMMON_ACTION_ITEMS_SPACE_NOT_ENOUGH),
[13.547s]       |                                                                                  [01;36m[K^~~~~~~~~~~~~~[m[K
[13.547s] [01m[K/home/dji/DJI_workshop/LZP_PSDK/ros2_workplace/src/yolo_detect/../../../Payload-SDK/samples/sample_c++/platform/linux/manifold3/../../../../../psdk_lib/include/dji_error.h:44:1:[m[K [01;35m[Kwarning: [m[KISO C restricts enumerator values to range of '[01m[Kint[m[K' [[01;35m[K-Wpedantic[m[K]
[13.547s]    44 | [01;35m[K([m[K(uint64_t)0 | \
[13.548s]       | [01;35m[K^[m[K
[13.548s] [01m[K/home/dji/DJI_workshop/LZP_PSDK/ros2_workplace/src/yolo_detect/../../../Payload-SDK/samples/sample_c++/platform/linux/manifold3/../../../../../psdk_lib/include/dji_error.h:1212:76:[m[K [01;36m[Knote: [m[Kin expansion of macro '[01m[KDJI_ERROR_CODE[m[K'
[13.548s]  1212 |  DJI_ERROR_WAYPOINT_V2_MODULE_CODE_ACTION_COMMON_ACTION_SIZE_GT_BUF_SIZE = [01;36m[KDJI_ERROR_CODE[m[K(DJI_ERROR_MODULE_WAYPOINT_V2, DJI_ERROR_WAYPOINT_V2_MODULE_RAW_CODE_ACTION_COMMON_ACTION_SIZE_GT_BUF_SIZE),
[13.548s]       |                                                                            [01;36m[K^~~~~~~~~~~~~~[m[K
[13.548s] [01m[K/home/dji/DJI_workshop/LZP_PSDK/ros2_workplace/src/yolo_detect/../../../Payload-SDK/samples/sample_c++/platform/linux/manifold3/../../../../../psdk_lib/include/dji_error.h:44:1:[m[K [01;35m[Kwarning: [m[KISO C restricts enumerator values to range of '[01m[Kint[m[K' [[01;35m[K-Wpedantic[m[K]
[13.548s]    44 | [01;35m[K([m[K(uint64_t)0 | \
[13.548s]       | [01;35m[K^[m[K
[13.549s] [01m[K/home/dji/DJI_workshop/LZP_PSDK/ros2_workplace/src/yolo_detect/../../../Payload-SDK/samples/sample_c++/platform/linux/manifold3/../../../../../psdk_lib/include/dji_error.h:1213:72:[m[K [01;36m[Knote: [m[Kin expansion of macro '[01m[KDJI_ERROR_CODE[m[K'
[13.549s]  1213 |  DJI_ERROR_WAYPOINT_V2_MODULE_CODE_ACTION_COMMON_ACTION_ID_NOT_FOUND = [01;36m[KDJI_ERROR_CODE[m[K(DJI_ERROR_MODULE_WAYPOINT_V2, DJI_ERROR_WAYPOINT_V2_MODULE_RAW_CODE_ACTION_COMMON_ACTION_ID_NOT_FOUND),
[13.549s]       |                                                                        [01;36m[K^~~~~~~~~~~~~~[m[K
[13.549s] [01m[K/home/dji/DJI_workshop/LZP_PSDK/ros2_workplace/src/yolo_detect/../../../Payload-SDK/samples/sample_c++/platform/linux/manifold3/../../../../../psdk_lib/include/dji_error.h:44:1:[m[K [01;35m[Kwarning: [m[KISO C restricts enumerator values to range of '[01m[Kint[m[K' [[01;35m[K-Wpedantic[m[K]
[13.549s]    44 | [01;35m[K([m[K(uint64_t)0 | \
[13.549s]       | [01;35m[K^[m[K
[13.549s] [01m[K/home/dji/DJI_workshop/LZP_PSDK/ros2_workplace/src/yolo_detect/../../../Payload-SDK/samples/sample_c++/platform/linux/manifold3/../../../../../psdk_lib/include/dji_error.h:1214:83:[m[K [01;36m[Knote: [m[Kin expansion of macro '[01m[KDJI_ERROR_CODE[m[K'
[13.549s]  1214 |  DJI_ERROR_WAYPOINT_V2_MODULE_CODE_ACTION_COMMON_DOWNLOAD_ACTION_ID_RANGE_ERROR = [01;36m[KDJI_ERROR_CODE[m[K(DJI_ERROR_MODULE_WAYPOINT_V2, DJI_ERROR_WAYPOINT_V2_MODULE_RAW_CODE_ACTION_COMMON_DOWNLOAD_ACTION_ID_RANGE_ERROR),
[13.550s]       |                                                                                   [01;36m[K^~~~~~~~~~~~~~[m[K
[13.550s] [01m[K/home/dji/DJI_workshop/LZP_PSDK/ros2_workplace/src/yolo_detect/../../../Payload-SDK/samples/sample_c++/platform/linux/manifold3/../../../../../psdk_lib/include/dji_error.h:44:1:[m[K [01;35m[Kwarning: [m[KISO C restricts enumerator values to range of '[01m[Kint[m[K' [[01;35m[K-Wpedantic[m[K]
[13.550s]    44 | [01;35m[K([m[K(uint64_t)0 | \
[13.550s]       | [01;35m[K^[m[K
[13.550s] [01m[K/home/dji/DJI_workshop/LZP_PSDK/ros2_workplace/src/yolo_detect/../../../Payload-SDK/samples/sample_c++/platform/linux/manifold3/../../../../../psdk_lib/include/dji_error.h:1215:75:[m[K [01;36m[Knote: [m[Kin expansion of macro '[01m[KDJI_ERROR_CODE[m[K'
[13.550s]  1215 |  DJI_ERROR_WAYPOINT_V2_MODULE_CODE_ACTION_COMMON_NO_ACTION_ITEMS_STORED = [01;36m[KDJI_ERROR_CODE[m[K(DJI_ERROR_MODULE_WAYPOINT_V2, DJI_ERROR_WAYPOINT_V2_MODULE_RAW_CODE_ACTION_COMMON_NO_ACTION_ITEMS_STORED),
[13.550s]       |                                                                           [01;36m[K^~~~~~~~~~~~~~[m[K
[13.550s] [01m[K/home/dji/DJI_workshop/LZP_PSDK/ros2_workplace/src/yolo_detect/../../../Payload-SDK/samples/sample_c++/platform/linux/manifold3/../../../../../psdk_lib/include/dji_error.h:44:1:[m[K [01;35m[Kwarning: [m[KISO C restricts enumerator values to range of '[01m[Kint[m[K' [[01;35m[K-Wpedantic[m[K]
[13.551s]    44 | [01;35m[K([m[K(uint64_t)0 | \
[13.551s]       | [01;35m[K^[m[K
[13.551s] [01m[K/home/dji/DJI_workshop/LZP_PSDK/ros2_workplace/src/yolo_detect/../../../Payload-SDK/samples/sample_c++/platform/linux/manifold3/../../../../../psdk_lib/include/dji_error.h:1216:51:[m[K [01;36m[Knote: [m[Kin expansion of macro '[01m[KDJI_ERROR_CODE[m[K'
[13.551s]  1216 |  DJI_ERROR_WAYPOINT_V2_MODULE_CODE_TRIGGER_RESV = [01;36m[KDJI_ERROR_CODE[m[K(DJI_ERROR_MODULE_WAYPOINT_V2, DJI_ERROR_WAYPOINT_V2_MODULE_RAW_CODE_TRIGGER_RESV),
[13.551s]       |                                                   [01;36m[K^~~~~~~~~~~~~~[m[K
[13.551s] [01m[K/home/dji/DJI_workshop/LZP_PSDK/ros2_workplace/src/yolo_detect/../../../Payload-SDK/samples/sample_c++/platform/linux/manifold3/../../../../../psdk_lib/include/dji_error.h:44:1:[m[K [01;35m[Kwarning: [m[KISO C restricts enumerator values to range of '[01m[Kint[m[K' [[01;35m[K-Wpedantic[m[K]
[13.551s]    44 | [01;35m[K([m[K(uint64_t)0 | \
[13.551s]       | [01;35m[K^[m[K
[13.552s] [01m[K/home/dji/DJI_workshop/LZP_PSDK/ros2_workplace/src/yolo_detect/../../../Payload-SDK/samples/sample_c++/platform/linux/manifold3/../../../../../psdk_lib/include/dji_error.h:1217:59:[m[K [01;36m[Knote: [m[Kin expansion of macro '[01m[KDJI_ERROR_CODE[m[K'
[13.552s]  1217 |  DJI_ERROR_WAYPOINT_V2_MODULE_CODE_TRIGGER_TYPE_INVALID = [01;36m[KDJI_ERROR_CODE[m[K(DJI_ERROR_MODULE_WAYPOINT_V2, DJI_ERROR_WAYPOINT_V2_MODULE_RAW_CODE_TRIGGER_TYPE_INVALID),
[13.552s]       |                                                           [01;36m[K^~~~~~~~~~~~~~[m[K
[13.552s] [01m[K/home/dji/DJI_workshop/LZP_PSDK/ros2_workplace/src/yolo_detect/../../../Payload-SDK/samples/sample_c++/platform/linux/manifold3/../../../../../psdk_lib/include/dji_error.h:44:1:[m[K [01;35m[Kwarning: [m[KISO C restricts enumerator values to range of '[01m[Kint[m[K' [[01;35m[K-Wpedantic[m[K]
[13.552s]    44 | [01;35m[K([m[K(uint64_t)0 | \
[13.552s]       | [01;35m[K^[m[K
[13.552s] [01m[K/home/dji/DJI_workshop/LZP_PSDK/ros2_workplace/src/yolo_detect/../../../Payload-SDK/samples/sample_c++/platform/linux/manifold3/../../../../../psdk_lib/include/dji_error.h:1218:80:[m[K [01;36m[Knote: [m[Kin expansion of macro '[01m[KDJI_ERROR_CODE[m[K'
[13.553s]  1218 |  DJI_ERROR_WAYPOINT_V2_MODULE_CODE_TRIGGER_REACH_WP_END_INDEX_LT_START_INDEX = [01;36m[KDJI_ERROR_CODE[m[K(DJI_ERROR_MODULE_WAYPOINT_V2, DJI_ERROR_WAYPOINT_V2_MODULE_RAW_CODE_TRIGGER_REACH_WP_END_INDEX_LT_START_INDEX),
[13.553s]       |                                                                                [01;36m[K^~~~~~~~~~~~~~[m[K
[13.553s] [01m[K/home/dji/DJI_workshop/LZP_PSDK/ros2_workplace/src/yolo_detect/../../../Payload-SDK/samples/sample_c++/platform/linux/manifold3/../../../../../psdk_lib/include/dji_error.h:44:1:[m[K [01;35m[Kwarning: [m[KISO C restricts enumerator values to range of '[01m[Kint[m[K' [[01;35m[K-Wpedantic[m[K]
[13.553s]    44 | [01;35m[K([m[K(uint64_t)0 | \
[13.553s]       | [01;35m[K^[m[K
[13.553s] [01m[K/home/dji/DJI_workshop/LZP_PSDK/ros2_workplace/src/yolo_detect/../../../Payload-SDK/samples/sample_c++/platform/linux/manifold3/../../../../../psdk_lib/include/dji_error.h:1219:79:[m[K [01;36m[Knote: [m[Kin expansion of macro '[01m[KDJI_ERROR_CODE[m[K'
[13.553s]  1219 |  DJI_ERROR_WAYPOINT_V2_MODULE_CODE_TRIGGER_REACH_WP_INVALID_INTERVAL_WP_NUM = [01;36m[KDJI_ERROR_CODE[m[K(DJI_ERROR_MODULE_WAYPOINT_V2, DJI_ERROR_WAYPOINT_V2_MODULE_RAW_CODE_TRIGGER_REACH_WP_INVALID_INTERVAL_WP_NUM),
[13.553s]       |                                                                               [01;36m[K^~~~~~~~~~~~~~[m[K
[13.554s] [01m[K/home/dji/DJI_workshop/LZP_PSDK/ros2_workplace/src/yolo_detect/../../../Payload-SDK/samples/sample_c++/platform/linux/manifold3/../../../../../psdk_lib/include/dji_error.h:44:1:[m[K [01;35m[Kwarning: [m[KISO C restricts enumerator values to range of '[01m[Kint[m[K' [[01;35m[K-Wpedantic[m[K]
[13.554s]    44 | [01;35m[K([m[K(uint64_t)0 | \
[13.554s]       | [01;35m[K^[m[K
[13.554s] [01m[K/home/dji/DJI_workshop/LZP_PSDK/ros2_workplace/src/yolo_detect/../../../Payload-SDK/samples/sample_c++/platform/linux/manifold3/../../../../../psdk_lib/include/dji_error.h:1220:85:[m[K [01;36m[Knote: [m[Kin expansion of macro '[01m[KDJI_ERROR_CODE[m[K'
[13.554s]  1220 |  DJI_ERROR_WAYPOINT_V2_MODULE_CODE_TRIGGER_REACH_WP_INVALID_AUTO_TERMINATE_WP_NUM = [01;36m[KDJI_ERROR_CODE[m[K(DJI_ERROR_MODULE_WAYPOINT_V2, DJI_ERROR_WAYPOINT_V2_MODULE_RAW_CODE_TRIGGER_REACH_WP_INVALID_AUTO_TERMINATE_WP_NUM),
[13.554s]       |                                                                                     [01;36m[K^~~~~~~~~~~~~~[m[K
[13.554s] [01m[K/home/dji/DJI_workshop/LZP_PSDK/ros2_workplace/src/yolo_detect/../../../Payload-SDK/samples/sample_c++/platform/linux/manifold3/../../../../../psdk_lib/include/dji_error.h:44:1:[m[K [01;35m[Kwarning: [m[KISO C restricts enumerator values to range of '[01m[Kint[m[K' [[01;35m[K-Wpedantic[m[K]
[13.554s]    44 | [01;35m[K([m[K(uint64_t)0 | \
[13.555s]       | [01;35m[K^[m[K
[13.555s] [01m[K/home/dji/DJI_workshop/LZP_PSDK/ros2_workplace/src/yolo_detect/../../../Payload-SDK/samples/sample_c++/platform/linux/manifold3/../../../../../psdk_lib/include/dji_error.h:1221:69:[m[K [01;36m[Knote: [m[Kin expansion of macro '[01m[KDJI_ERROR_CODE[m[K'
[13.555s]  1221 |  DJI_ERROR_WAYPOINT_V2_MODULE_CODE_TRIGGER_ASSOCIATE_INVALID_TYPE = [01;36m[KDJI_ERROR_CODE[m[K(DJI_ERROR_MODULE_WAYPOINT_V2, DJI_ERROR_WAYPOINT_V2_MODULE_RAW_CODE_TRIGGER_ASSOCIATE_INVALID_TYPE),
[13.555s]       |                                                                     [01;36m[K^~~~~~~~~~~~~~[m[K
[13.555s] [01m[K/home/dji/DJI_workshop/LZP_PSDK/ros2_workplace/src/yolo_detect/../../../Payload-SDK/samples/sample_c++/platform/linux/manifold3/../../../../../psdk_lib/include/dji_error.h:44:1:[m[K [01;35m[Kwarning: [m[KISO C restricts enumerator values to range of '[01m[Kint[m[K' [[01;35m[K-Wpedantic[m[K]
[13.555s]    44 | [01;35m[K([m[K(uint64_t)0 | \
[13.555s]       | [01;35m[K^[m[K
[13.556s] [01m[K/home/dji/DJI_workshop/LZP_PSDK/ros2_workplace/src/yolo_detect/../../../Payload-SDK/samples/sample_c++/platform/linux/manifold3/../../../../../psdk_lib/include/dji_error.h:1222:75:[m[K [01;36m[Knote: [m[Kin expansion of macro '[01m[KDJI_ERROR_CODE[m[K'
[13.556s]  1222 |  DJI_ERROR_WAYPOINT_V2_MODULE_CODE_TRIGGER_SIMPLE_INTERVAL_INVALID_TYPE = [01;36m[KDJI_ERROR_CODE[m[K(DJI_ERROR_MODULE_WAYPOINT_V2, DJI_ERROR_WAYPOINT_V2_MODULE_RAW_CODE_TRIGGER_SIMPLE_INTERVAL_INVALID_TYPE),
[13.556s]       |                                                                           [01;36m[K^~~~~~~~~~~~~~[m[K
[13.556s] [01m[K/home/dji/DJI_workshop/LZP_PSDK/ros2_workplace/src/yolo_detect/../../../Payload-SDK/samples/sample_c++/platform/linux/manifold3/../../../../../psdk_lib/include/dji_error.h:44:1:[m[K [01;35m[Kwarning: [m[KISO C restricts enumerator values to range of '[01m[Kint[m[K' [[01;35m[K-Wpedantic[m[K]
[13.556s]    44 | [01;35m[K([m[K(uint64_t)0 | \
[13.556s]       | [01;35m[K^[m[K
[13.557s] [01m[K/home/dji/DJI_workshop/LZP_PSDK/ros2_workplace/src/yolo_detect/../../../Payload-SDK/samples/sample_c++/platform/linux/manifold3/../../../../../psdk_lib/include/dji_error.h:1223:59:[m[K [01;36m[Knote: [m[Kin expansion of macro '[01m[KDJI_ERROR_CODE[m[K'
[13.557s]  1223 |  DJI_ERROR_WAYPOINT_V2_MODULE_CODE_ACTUATOR_COMMON_RESV = [01;36m[KDJI_ERROR_CODE[m[K(DJI_ERROR_MODULE_WAYPOINT_V2, DJI_ERROR_WAYPOINT_V2_MODULE_RAW_CODE_ACTUATOR_COMMON_RESV),
[13.557s]       |                                                           [01;36m[K^~~~~~~~~~~~~~[m[K
[13.557s] [01m[K/home/dji/DJI_workshop/LZP_PSDK/ros2_workplace/src/yolo_detect/../../../Payload-SDK/samples/sample_c++/platform/linux/manifold3/../../../../../psdk_lib/include/dji_error.h:44:1:[m[K [01;35m[Kwarning: [m[KISO C restricts enumerator values to range of '[01m[Kint[m[K' [[01;35m[K-Wpedantic[m[K]
[13.557s]    44 | [01;35m[K([m[K(uint64_t)0 | \
[13.557s]       | [01;35m[K^[m[K
[13.557s] [01m[K/home/dji/DJI_workshop/LZP_PSDK/ros2_workplace/src/yolo_detect/../../../Payload-SDK/samples/sample_c++/platform/linux/manifold3/../../../../../psdk_lib/include/dji_error.h:1224:82:[m[K [01;36m[Knote: [m[Kin expansion of macro '[01m[KDJI_ERROR_CODE[m[K'
[13.558s]  1224 |  DJI_ERROR_WAYPOINT_V2_MODULE_CODE_ACTUATOR_COMMON_ACTUATOR_EXEC_NON_SUPPORTED = [01;36m[KDJI_ERROR_CODE[m[K(DJI_ERROR_MODULE_WAYPOINT_V2, DJI_ERROR_WAYPOINT_V2_MODULE_RAW_CODE_ACTUATOR_COMMON_ACTUATOR_EXEC_NON_SUPPORTED),
[13.558s]       |                                                                                  [01;36m[K^~~~~~~~~~~~~~[m[K
[13.558s] [01m[K/home/dji/DJI_workshop/LZP_PSDK/ros2_workplace/src/yolo_detect/../../../Payload-SDK/samples/sample_c++/platform/linux/manifold3/../../../../../psdk_lib/include/dji_error.h:44:1:[m[K [01;35m[Kwarning: [m[KISO C restricts enumerator values to range of '[01m[Kint[m[K' [[01;35m[K-Wpedantic[m[K]
[13.558s]    44 | [01;35m[K([m[K(uint64_t)0 | \
[13.558s]       | [01;35m[K^[m[K
[13.558s] [01m[K/home/dji/DJI_workshop/LZP_PSDK/ros2_workplace/src/yolo_detect/../../../Payload-SDK/samples/sample_c++/platform/linux/manifold3/../../../../../psdk_lib/include/dji_error.h:1225:76:[m[K [01;36m[Knote: [m[Kin expansion of macro '[01m[KDJI_ERROR_CODE[m[K'
[13.558s]  1225 |  DJI_ERROR_WAYPOINT_V2_MODULE_CODE_ACTUATOR_COMMON_ACTUATOR_TYPE_INVALID = [01;36m[KDJI_ERROR_CODE[m[K(DJI_ERROR_MODULE_WAYPOINT_V2, DJI_ERROR_WAYPOINT_V2_MODULE_RAW_CODE_ACTUATOR_COMMON_ACTUATOR_TYPE_INVALID),
[13.559s]       |                                                                            [01;36m[K^~~~~~~~~~~~~~[m[K
[13.559s] [01m[K/home/dji/DJI_workshop/LZP_PSDK/ros2_workplace/src/yolo_detect/../../../Payload-SDK/samples/sample_c++/platform/linux/manifold3/../../../../../psdk_lib/include/dji_error.h:44:1:[m[K [01;35m[Kwarning: [m[KISO C restricts enumerator values to range of '[01m[Kint[m[K' [[01;35m[K-Wpedantic[m[K]
[13.559s]    44 | [01;35m[K([m[K(uint64_t)0 | \
[13.559s]       | [01;35m[K^[m[K
[13.559s] [01m[K/home/dji/DJI_workshop/LZP_PSDK/ros2_workplace/src/yolo_detect/../../../Payload-SDK/samples/sample_c++/platform/linux/manifold3/../../../../../psdk_lib/include/dji_error.h:1226:76:[m[K [01;36m[Knote: [m[Kin expansion of macro '[01m[KDJI_ERROR_CODE[m[K'
[13.559s]  1226 |  DJI_ERROR_WAYPOINT_V2_MODULE_CODE_ACTUATOR_COMMON_ACTUATOR_FUNC_INVALID = [01;36m[KDJI_ERROR_CODE[m[K(DJI_ERROR_MODULE_WAYPOINT_V2, DJI_ERROR_WAYPOINT_V2_MODULE_RAW_CODE_ACTUATOR_COMMON_ACTUATOR_FUNC_INVALID),
[13.559s]       |                                                                            [01;36m[K^~~~~~~~~~~~~~[m[K
[13.559s] [01m[K/home/dji/DJI_workshop/LZP_PSDK/ros2_workplace/src/yolo_detect/../../../Payload-SDK/samples/sample_c++/platform/linux/manifold3/../../../../../psdk_lib/include/dji_error.h:44:1:[m[K [01;35m[Kwarning: [m[KISO C restricts enumerator values to range of '[01m[Kint[m[K' [[01;35m[K-Wpedantic[m[K]
[13.560s]    44 | [01;35m[K([m[K(uint64_t)0 | \
[13.560s]       | [01;35m[K^[m[K
[13.560s] [01m[K/home/dji/DJI_workshop/LZP_PSDK/ros2_workplace/src/yolo_detect/../../../Payload-SDK/samples/sample_c++/platform/linux/manifold3/../../../../../psdk_lib/include/dji_error.h:1227:59:[m[K [01;36m[Knote: [m[Kin expansion of macro '[01m[KDJI_ERROR_CODE[m[K'
[13.560s]  1227 |  DJI_ERROR_WAYPOINT_V2_MODULE_CODE_ACTUATOR_CAMERA_RESV = [01;36m[KDJI_ERROR_CODE[m[K(DJI_ERROR_MODULE_WAYPOINT_V2, DJI_ERROR_WAYPOINT_V2_MODULE_RAW_CODE_ACTUATOR_CAMERA_RESV),
[13.560s]       |                                                           [01;36m[K^~~~~~~~~~~~~~[m[K
[13.560s] [01m[K/home/dji/DJI_workshop/LZP_PSDK/ros2_workplace/src/yolo_detect/../../../Payload-SDK/samples/sample_c++/platform/linux/manifold3/../../../../../psdk_lib/include/dji_error.h:44:1:[m[K [01;35m[Kwarning: [m[KISO C restricts enumerator values to range of '[01m[Kint[m[K' [[01;35m[K-Wpedantic[m[K]
[13.560s]    44 | [01;35m[K([m[K(uint64_t)0 | \
[13.560s]       | [01;35m[K^[m[K
[13.561s] [01m[K/home/dji/DJI_workshop/LZP_PSDK/ros2_workplace/src/yolo_detect/../../../Payload-SDK/samples/sample_c++/platform/linux/manifold3/../../../../../psdk_lib/include/dji_error.h:1228:90:[m[K [01;36m[Knote: [m[Kin expansion of macro '[01m[KDJI_ERROR_CODE[m[K'
[13.561s]  1228 |  DJI_ERROR_WAYPOINT_V2_MODULE_CODE_ACTUATOR_CAMERA_SEND_SINGLE_SHOT_CMD_TO_CAMERA_FAIL = [01;36m[KDJI_ERROR_CODE[m[K(DJI_ERROR_MODULE_WAYPOINT_V2, DJI_ERROR_WAYPOINT_V2_MODULE_RAW_CODE_ACTUATOR_CAMERA_SEND_SINGLE_SHOT_CMD_TO_CAMERA_FAIL),
[13.561s]       |                                                                                          [01;36m[K^~~~~~~~~~~~~~[m[K
[13.561s] [01m[K/home/dji/DJI_workshop/LZP_PSDK/ros2_workplace/src/yolo_detect/../../../Payload-SDK/samples/sample_c++/platform/linux/manifold3/../../../../../psdk_lib/include/dji_error.h:44:1:[m[K [01;35m[Kwarning: [m[KISO C restricts enumerator values to range of '[01m[Kint[m[K' [[01;35m[K-Wpedantic[m[K]
[13.561s]    44 | [01;35m[K([m[K(uint64_t)0 | \
[13.561s]       | [01;35m[K^[m[K
[13.561s] [01m[K/home/dji/DJI_workshop/LZP_PSDK/ros2_workplace/src/yolo_detect/../../../Payload-SDK/samples/sample_c++/platform/linux/manifold3/../../../../../psdk_lib/include/dji_error.h:1229:90:[m[K [01;36m[Knote: [m[Kin expansion of macro '[01m[KDJI_ERROR_CODE[m[K'
[13.562s]  1229 |  DJI_ERROR_WAYPOINT_V2_MODULE_CODE_ACTUATOR_CAMERA_SEND_VIDEO_START_CMD_TO_CAMERA_FAIL = [01;36m[KDJI_ERROR_CODE[m[K(DJI_ERROR_MODULE_WAYPOINT_V2, DJI_ERROR_WAYPOINT_V2_MODULE_RAW_CODE_ACTUATOR_CAMERA_SEND_VIDEO_START_CMD_TO_CAMERA_FAIL),
[13.562s]       |                                                                                          [01;36m[K^~~~~~~~~~~~~~[m[K
[13.562s] [01m[K/home/dji/DJI_workshop/LZP_PSDK/ros2_workplace/src/yolo_detect/../../../Payload-SDK/samples/sample_c++/platform/linux/manifold3/../../../../../psdk_lib/include/dji_error.h:44:1:[m[K [01;35m[Kwarning: [m[KISO C restricts enumerator values to range of '[01m[Kint[m[K' [[01;35m[K-Wpedantic[m[K]
[13.562s]    44 | [01;35m[K([m[K(uint64_t)0 | \
[13.562s]       | [01;35m[K^[m[K
[13.562s] [01m[K/home/dji/DJI_workshop/LZP_PSDK/ros2_workplace/src/yolo_detect/../../../Payload-SDK/samples/sample_c++/platform/linux/manifold3/../../../../../psdk_lib/include/dji_error.h:1230:89:[m[K [01;36m[Knote: [m[Kin expansion of macro '[01m[KDJI_ERROR_CODE[m[K'
[13.562s]  1230 |  DJI_ERROR_WAYPOINT_V2_MODULE_CODE_ACTUATOR_CAMERA_SEND_VIDEO_STOP_CMD_TO_CAMERA_FAIL = [01;36m[KDJI_ERROR_CODE[m[K(DJI_ERROR_MODULE_WAYPOINT_V2, DJI_ERROR_WAYPOINT_V2_MODULE_RAW_CODE_ACTUATOR_CAMERA_SEND_VIDEO_STOP_CMD_TO_CAMERA_FAIL),
[13.563s]       |                                                                                         [01;36m[K^~~~~~~~~~~~~~[m[K
[13.563s] [01m[K/home/dji/DJI_workshop/LZP_PSDK/ros2_workplace/src/yolo_detect/../../../Payload-SDK/samples/sample_c++/platform/linux/manifold3/../../../../../psdk_lib/include/dji_error.h:44:1:[m[K [01;35m[Kwarning: [m[KISO C restricts enumerator values to range of '[01m[Kint[m[K' [[01;35m[K-Wpedantic[m[K]
[13.563s]    44 | [01;35m[K([m[K(uint64_t)0 | \
[13.563s]       | [01;35m[K^[m[K
[13.563s] [01m[K/home/dji/DJI_workshop/LZP_PSDK/ros2_workplace/src/yolo_detect/../../../Payload-SDK/samples/sample_c++/platform/linux/manifold3/../../../../../psdk_lib/include/dji_error.h:1231:77:[m[K [01;36m[Knote: [m[Kin expansion of macro '[01m[KDJI_ERROR_CODE[m[K'
[13.563s]  1231 |  DJI_ERROR_WAYPOINT_V2_MODULE_CODE_ACTUATOR_CAMERA_FOCUS_PARAM_XY_INVALID = [01;36m[KDJI_ERROR_CODE[m[K(DJI_ERROR_MODULE_WAYPOINT_V2, DJI_ERROR_WAYPOINT_V2_MODULE_RAW_CODE_ACTUATOR_CAMERA_FOCUS_PARAM_XY_INVALID),
[13.563s]       |                                                                             [01;36m[K^~~~~~~~~~~~~~[m[K
[13.563s] [01m[K/home/dji/DJI_workshop/LZP_PSDK/ros2_workplace/src/yolo_detect/../../../Payload-SDK/samples/sample_c++/platform/linux/manifold3/../../../../../psdk_lib/include/dji_error.h:44:1:[m[K [01;35m[Kwarning: [m[KISO C restricts enumerator values to range of '[01m[Kint[m[K' [[01;35m[K-Wpedantic[m[K]
[13.564s]    44 | [01;35m[K([m[K(uint64_t)0 | \
[13.564s]       | [01;35m[K^[m[K
[13.564s] [01m[K/home/dji/DJI_workshop/LZP_PSDK/ros2_workplace/src/yolo_detect/../../../Payload-SDK/samples/sample_c++/platform/linux/manifold3/../../../../../psdk_lib/include/dji_error.h:1232:84:[m[K [01;36m[Knote: [m[Kin expansion of macro '[01m[KDJI_ERROR_CODE[m[K'
[13.564s]  1232 |  DJI_ERROR_WAYPOINT_V2_MODULE_CODE_ACTUATOR_CAMERA_SEND_FOCUS_CMD_TO_CAMERA_FAIL = [01;36m[KDJI_ERROR_CODE[m[K(DJI_ERROR_MODULE_WAYPOINT_V2, DJI_ERROR_WAYPOINT_V2_MODULE_RAW_CODE_ACTUATOR_CAMERA_SEND_FOCUS_CMD_TO_CAMERA_FAIL),
[13.564s]       |                                                                                    [01;36m[K^~~~~~~~~~~~~~[m[K
[13.564s] [01m[K/home/dji/DJI_workshop/LZP_PSDK/ros2_workplace/src/yolo_detect/../../../Payload-SDK/samples/sample_c++/platform/linux/manifold3/../../../../../psdk_lib/include/dji_error.h:44:1:[m[K [01;35m[Kwarning: [m[KISO C restricts enumerator values to range of '[01m[Kint[m[K' [[01;35m[K-Wpedantic[m[K]
[13.564s]    44 | [01;35m[K([m[K(uint64_t)0 | \
[13.564s]       | [01;35m[K^[m[K
[13.565s] [01m[K/home/dji/DJI_workshop/LZP_PSDK/ros2_workplace/src/yolo_detect/../../../Payload-SDK/samples/sample_c++/platform/linux/manifold3/../../../../../psdk_lib/include/dji_error.h:1233:87:[m[K [01;36m[Knote: [m[Kin expansion of macro '[01m[KDJI_ERROR_CODE[m[K'
[13.565s]  1233 |  DJI_ERROR_WAYPOINT_V2_MODULE_CODE_ACTUATOR_CAMERA_SEND_FOCALIZE_CMD_TO_CAMERA_FAIL = [01;36m[KDJI_ERROR_CODE[m[K(DJI_ERROR_MODULE_WAYPOINT_V2, DJI_ERROR_WAYPOINT_V2_MODULE_RAW_CODE_ACTUATOR_CAMERA_SEND_FOCALIZE_CMD_TO_CAMERA_FAIL),
[13.565s]       |                                                                                       [01;36m[K^~~~~~~~~~~~~~[m[K
[13.565s] [01m[K/home/dji/DJI_workshop/LZP_PSDK/ros2_workplace/src/yolo_detect/../../../Payload-SDK/samples/sample_c++/platform/linux/manifold3/../../../../../psdk_lib/include/dji_error.h:44:1:[m[K [01;35m[Kwarning: [m[KISO C restricts enumerator values to range of '[01m[Kint[m[K' [[01;35m[K-Wpedantic[m[K]
[13.565s]    44 | [01;35m[K([m[K(uint64_t)0 | \
[13.565s]       | [01;35m[K^[m[K
[13.565s] [01m[K/home/dji/DJI_workshop/LZP_PSDK/ros2_workplace/src/yolo_detect/../../../Payload-SDK/samples/sample_c++/platform/linux/manifold3/../../../../../psdk_lib/include/dji_error.h:1234:77:[m[K [01;36m[Knote: [m[Kin expansion of macro '[01m[KDJI_ERROR_CODE[m[K'
[13.566s]  1234 |  DJI_ERROR_WAYPOINT_V2_MODULE_CODE_ACTUATOR_CAMERA_FOCAL_DISTANCE_INVALID = [01;36m[KDJI_ERROR_CODE[m[K(DJI_ERROR_MODULE_WAYPOINT_V2, DJI_ERROR_WAYPOINT_V2_MODULE_RAW_CODE_ACTUATOR_CAMERA_FOCAL_DISTANCE_INVALID),
[13.566s]       |                                                                             [01;36m[K^~~~~~~~~~~~~~[m[K
[13.566s] [01m[K/home/dji/DJI_workshop/LZP_PSDK/ros2_workplace/src/yolo_detect/../../../Payload-SDK/samples/sample_c++/platform/linux/manifold3/../../../../../psdk_lib/include/dji_error.h:44:1:[m[K [01;35m[Kwarning: [m[KISO C restricts enumerator values to range of '[01m[Kint[m[K' [[01;35m[K-Wpedantic[m[K]
[13.566s]    44 | [01;35m[K([m[K(uint64_t)0 | \
[13.566s]       | [01;35m[K^[m[K
[13.566s] [01m[K/home/dji/DJI_workshop/LZP_PSDK/ros2_workplace/src/yolo_detect/../../../Payload-SDK/samples/sample_c++/platform/linux/manifold3/../../../../../psdk_lib/include/dji_error.h:1235:64:[m[K [01;36m[Knote: [m[Kin expansion of macro '[01m[KDJI_ERROR_CODE[m[K'
[13.567s]  1235 |  DJI_ERROR_WAYPOINT_V2_MODULE_CODE_ACTUATOR_CAMERA_EXEC_FAIL = [01;36m[KDJI_ERROR_CODE[m[K(DJI_ERROR_MODULE_WAYPOINT_V2, DJI_ERROR_WAYPOINT_V2_MODULE_RAW_CODE_ACTUATOR_CAMERA_EXEC_FAIL),
[13.567s]       |                                                                [01;36m[K^~~~~~~~~~~~~~[m[K
[13.567s] [01m[K/home/dji/DJI_workshop/LZP_PSDK/ros2_workplace/src/yolo_detect/../../../Payload-SDK/samples/sample_c++/platform/linux/manifold3/../../../../../psdk_lib/include/dji_error.h:44:1:[m[K [01;35m[Kwarning: [m[KISO C restricts enumerator values to range of '[01m[Kint[m[K' [[01;35m[K-Wpedantic[m[K]
[13.567s]    44 | [01;35m[K([m[K(uint64_t)0 | \
[13.567s]       | [01;35m[K^[m[K
[13.567s] [01m[K/home/dji/DJI_workshop/LZP_PSDK/ros2_workplace/src/yolo_detect/../../../Payload-SDK/samples/sample_c++/platform/linux/manifold3/../../../../../psdk_lib/include/dji_error.h:1236:59:[m[K [01;36m[Knote: [m[Kin expansion of macro '[01m[KDJI_ERROR_CODE[m[K'
[13.567s]  1236 |  DJI_ERROR_WAYPOINT_V2_MODULE_CODE_ACTUATOR_GIMBAL_RESV = [01;36m[KDJI_ERROR_CODE[m[K(DJI_ERROR_MODULE_WAYPOINT_V2, DJI_ERROR_WAYPOINT_V2_MODULE_RAW_CODE_ACTUATOR_GIMBAL_RESV),
[13.567s]       |                                                           [01;36m[K^~~~~~~~~~~~~~[m[K
[13.568s] [01m[K/home/dji/DJI_workshop/LZP_PSDK/ros2_workplace/src/yolo_detect/../../../Payload-SDK/samples/sample_c++/platform/linux/manifold3/../../../../../psdk_lib/include/dji_error.h:44:1:[m[K [01;35m[Kwarning: [m[KISO C restricts enumerator values to range of '[01m[Kint[m[K' [[01;35m[K-Wpedantic[m[K]
[13.568s]    44 | [01;35m[K([m[K(uint64_t)0 | \
[13.568s]       | [01;35m[K^[m[K
[13.568s] [01m[K/home/dji/DJI_workshop/LZP_PSDK/ros2_workplace/src/yolo_detect/../../../Payload-SDK/samples/sample_c++/platform/linux/manifold3/../../../../../psdk_lib/include/dji_error.h:1237:81:[m[K [01;36m[Knote: [m[Kin expansion of macro '[01m[KDJI_ERROR_CODE[m[K'
[13.568s]  1237 |  DJI_ERROR_WAYPOINT_V2_MODULE_CODE_ACTUATOR_GIMBAL_INVALID_RPY_ANGLE_CTRL_CMD = [01;36m[KDJI_ERROR_CODE[m[K(DJI_ERROR_MODULE_WAYPOINT_V2, DJI_ERROR_WAYPOINT_V2_MODULE_RAW_CODE_ACTUATOR_GIMBAL_INVALID_RPY_ANGLE_CTRL_CMD),
[13.568s]       |                                                                                 [01;36m[K^~~~~~~~~~~~~~[m[K
[13.568s] [01m[K/home/dji/DJI_workshop/LZP_PSDK/ros2_workplace/src/yolo_detect/../../../Payload-SDK/samples/sample_c++/platform/linux/manifold3/../../../../../psdk_lib/include/dji_error.h:44:1:[m[K [01;35m[Kwarning: [m[KISO C restricts enumerator values to range of '[01m[Kint[m[K' [[01;35m[K-Wpedantic[m[K]
[13.568s]    44 | [01;35m[K([m[K(uint64_t)0 | \
[13.569s]       | [01;35m[K^[m[K
[13.569s] [01m[K/home/dji/DJI_workshop/LZP_PSDK/ros2_workplace/src/yolo_detect/../../../Payload-SDK/samples/sample_c++/platform/linux/manifold3/../../../../../psdk_lib/include/dji_error.h:1238:75:[m[K [01;36m[Knote: [m[Kin expansion of macro '[01m[KDJI_ERROR_CODE[m[K'
[13.569s]  1238 |  DJI_ERROR_WAYPOINT_V2_MODULE_CODE_ACTUATOR_GIMBAL_INVALID_DURATION_CMD = [01;36m[KDJI_ERROR_CODE[m[K(DJI_ERROR_MODULE_WAYPOINT_V2, DJI_ERROR_WAYPOINT_V2_MODULE_RAW_CODE_ACTUATOR_GIMBAL_INVALID_DURATION_CMD),
[13.569s]       |                                                                           [01;36m[K^~~~~~~~~~~~~~[m[K
[13.569s] [01m[K/home/dji/DJI_workshop/LZP_PSDK/ros2_workplace/src/yolo_detect/../../../Payload-SDK/samples/sample_c++/platform/linux/manifold3/../../../../../psdk_lib/include/dji_error.h:44:1:[m[K [01;35m[Kwarning: [m[KISO C restricts enumerator values to range of '[01m[Kint[m[K' [[01;35m[K-Wpedantic[m[K]
[13.569s]    44 | [01;35m[K([m[K(uint64_t)0 | \
[13.569s]       | [01;35m[K^[m[K
[13.569s] [01m[K/home/dji/DJI_workshop/LZP_PSDK/ros2_workplace/src/yolo_detect/../../../Payload-SDK/samples/sample_c++/platform/linux/manifold3/../../../../../psdk_lib/include/dji_error.h:1239:79:[m[K [01;36m[Knote: [m[Kin expansion of macro '[01m[KDJI_ERROR_CODE[m[K'
[13.570s]  1239 |  DJI_ERROR_WAYPOINT_V2_MODULE_CODE_ACTUATOR_GIMBAL_FAIL_TO_ARRIVE_TGT_ANGLE = [01;36m[KDJI_ERROR_CODE[m[K(DJI_ERROR_MODULE_WAYPOINT_V2, DJI_ERROR_WAYPOINT_V2_MODULE_RAW_CODE_ACTUATOR_GIMBAL_FAIL_TO_ARRIVE_TGT_ANGLE),
[13.570s]       |                                                                               [01;36m[K^~~~~~~~~~~~~~[m[K
[13.570s] [01m[K/home/dji/DJI_workshop/LZP_PSDK/ros2_workplace/src/yolo_detect/../../../Payload-SDK/samples/sample_c++/platform/linux/manifold3/../../../../../psdk_lib/include/dji_error.h:44:1:[m[K [01;35m[Kwarning: [m[KISO C restricts enumerator values to range of '[01m[Kint[m[K' [[01;35m[K-Wpedantic[m[K]
[13.570s]    44 | [01;35m[K([m[K(uint64_t)0 | \
[13.570s]       | [01;35m[K^[m[K
[13.570s] [01m[K/home/dji/DJI_workshop/LZP_PSDK/ros2_workplace/src/yolo_detect/../../../Payload-SDK/samples/sample_c++/platform/linux/manifold3/../../../../../psdk_lib/include/dji_error.h:1240:81:[m[K [01;36m[Knote: [m[Kin expansion of macro '[01m[KDJI_ERROR_CODE[m[K'
[13.570s]  1240 |  DJI_ERROR_WAYPOINT_V2_MODULE_CODE_ACTUATOR_GIMBAL_FAIL_TO_SEND_CMD_TO_GIMBAL = [01;36m[KDJI_ERROR_CODE[m[K(DJI_ERROR_MODULE_WAYPOINT_V2, DJI_ERROR_WAYPOINT_V2_MODULE_RAW_CODE_ACTUATOR_GIMBAL_FAIL_TO_SEND_CMD_TO_GIMBAL),
[13.571s]       |                                                                                 [01;36m[K^~~~~~~~~~~~~~[m[K
[13.571s] [01m[K/home/dji/DJI_workshop/LZP_PSDK/ros2_workplace/src/yolo_detect/../../../Payload-SDK/samples/sample_c++/platform/linux/manifold3/../../../../../psdk_lib/include/dji_error.h:44:1:[m[K [01;35m[Kwarning: [m[KISO C restricts enumerator values to range of '[01m[Kint[m[K' [[01;35m[K-Wpedantic[m[K]
[13.571s]    44 | [01;35m[K([m[K(uint64_t)0 | \
[13.571s]       | [01;35m[K^[m[K
[13.571s] [01m[K/home/dji/DJI_workshop/LZP_PSDK/ros2_workplace/src/yolo_detect/../../../Payload-SDK/samples/sample_c++/platform/linux/manifold3/../../../../../psdk_lib/include/dji_error.h:1241:98:[m[K [01;36m[Knote: [m[Kin expansion of macro '[01m[KDJI_ERROR_CODE[m[K'
[13.571s]  1241 |  DJI_ERROR_WAYPOINT_V2_MODULE_CODE_ACTUATOR_GIMBAL_THIS_INDEX_OF_GIMBAL_NOT_DOING_UNIFORM_CTRL = [01;36m[KDJI_ERROR_CODE[m[K(DJI_ERROR_MODULE_WAYPOINT_V2, DJI_ERROR_WAYPOINT_V2_MODULE_RAW_CODE_ACTUATOR_GIMBAL_THIS_INDEX_OF_GIMBAL_NOT_DOING_UNIFORM_CTRL),
[13.571s]       |                                                                                                  [01;36m[K^~~~~~~~~~~~~~[m[K
[13.571s] [01m[K/home/dji/DJI_workshop/LZP_PSDK/ros2_workplace/src/yolo_detect/../../../Payload-SDK/samples/sample_c++/platform/linux/manifold3/../../../../../psdk_lib/include/dji_error.h:44:1:[m[K [01;35m[Kwarning: [m[KISO C restricts enumerator values to range of '[01m[Kint[m[K' [[01;35m[K-Wpedantic[m[K]
[13.572s]    44 | [01;35m[K([m[K(uint64_t)0 | \
[13.572s]       | [01;35m[K^[m[K
[13.572s] [01m[K/home/dji/DJI_workshop/LZP_PSDK/ros2_workplace/src/yolo_detect/../../../Payload-SDK/samples/sample_c++/platform/linux/manifold3/../../../../../psdk_lib/include/dji_error.h:1242:59:[m[K [01;36m[Knote: [m[Kin expansion of macro '[01m[KDJI_ERROR_CODE[m[K'
[13.572s]  1242 |  DJI_ERROR_WAYPOINT_V2_MODULE_CODE_ACTUATOR_FLIGHT_RESV = [01;36m[KDJI_ERROR_CODE[m[K(DJI_ERROR_MODULE_WAYPOINT_V2, DJI_ERROR_WAYPOINT_V2_MODULE_RAW_CODE_ACTUATOR_FLIGHT_RESV),
[13.572s]       |                                                           [01;36m[K^~~~~~~~~~~~~~[m[K
[13.572s] [01m[K/home/dji/DJI_workshop/LZP_PSDK/ros2_workplace/src/yolo_detect/../../../Payload-SDK/samples/sample_c++/platform/linux/manifold3/../../../../../psdk_lib/include/dji_error.h:44:1:[m[K [01;35m[Kwarning: [m[KISO C restricts enumerator values to range of '[01m[Kint[m[K' [[01;35m[K-Wpedantic[m[K]
[13.572s]    44 | [01;35m[K([m[K(uint64_t)0 | \
[13.572s]       | [01;35m[K^[m[K
[13.573s] [01m[K/home/dji/DJI_workshop/LZP_PSDK/ros2_workplace/src/yolo_detect/../../../Payload-SDK/samples/sample_c++/platform/linux/manifold3/../../../../../psdk_lib/include/dji_error.h:1243:76:[m[K [01;36m[Knote: [m[Kin expansion of macro '[01m[KDJI_ERROR_CODE[m[K'
[13.573s]  1243 |  DJI_ERROR_WAYPOINT_V2_MODULE_CODE_ACTUATOR_FLIGHT_YAW_INVALID_YAW_ANGLE = [01;36m[KDJI_ERROR_CODE[m[K(DJI_ERROR_MODULE_WAYPOINT_V2, DJI_ERROR_WAYPOINT_V2_MODULE_RAW_CODE_ACTUATOR_FLIGHT_YAW_INVALID_YAW_ANGLE),
[13.573s]       |                                                                            [01;36m[K^~~~~~~~~~~~~~[m[K
[13.573s] [01m[K/home/dji/DJI_workshop/LZP_PSDK/ros2_workplace/src/yolo_detect/../../../Payload-SDK/samples/sample_c++/platform/linux/manifold3/../../../../../psdk_lib/include/dji_error.h:44:1:[m[K [01;35m[Kwarning: [m[KISO C restricts enumerator values to range of '[01m[Kint[m[K' [[01;35m[K-Wpedantic[m[K]
[13.573s]    44 | [01;35m[K([m[K(uint64_t)0 | \
[13.573s]       | [01;35m[K^[m[K
[13.573s] [01m[K/home/dji/DJI_workshop/LZP_PSDK/ros2_workplace/src/yolo_detect/../../../Payload-SDK/samples/sample_c++/platform/linux/manifold3/../../../../../psdk_lib/include/dji_error.h:1244:79:[m[K [01;36m[Knote: [m[Kin expansion of macro '[01m[KDJI_ERROR_CODE[m[K'
[13.573s]  1244 |  DJI_ERROR_WAYPOINT_V2_MODULE_CODE_ACTUATOR_FLIGHT_YAW_TO_TGT_ANGLE_TIMEOUT = [01;36m[KDJI_ERROR_CODE[m[K(DJI_ERROR_MODULE_WAYPOINT_V2, DJI_ERROR_WAYPOINT_V2_MODULE_RAW_CODE_ACTUATOR_FLIGHT_YAW_TO_TGT_ANGLE_TIMEOUT),
[13.574s]       |                                                                               [01;36m[K^~~~~~~~~~~~~~[m[K
[13.574s] [01m[K/home/dji/DJI_workshop/LZP_PSDK/ros2_workplace/src/yolo_detect/../../../Payload-SDK/samples/sample_c++/platform/linux/manifold3/../../../../../psdk_lib/include/dji_error.h:44:1:[m[K [01;35m[Kwarning: [m[KISO C restricts enumerator values to range of '[01m[Kint[m[K' [[01;35m[K-Wpedantic[m[K]
[13.574s]    44 | [01;35m[K([m[K(uint64_t)0 | \
[13.574s]       | [01;35m[K^[m[K
[13.574s] [01m[K/home/dji/DJI_workshop/LZP_PSDK/ros2_workplace/src/yolo_detect/../../../Payload-SDK/samples/sample_c++/platform/linux/manifold3/../../../../../psdk_lib/include/dji_error.h:1245:74:[m[K [01;36m[Knote: [m[Kin expansion of macro '[01m[KDJI_ERROR_CODE[m[K'
[13.574s]  1245 |  DJI_ERROR_WAYPOINT_V2_MODULE_CODE_ACTUATOR_FLIGHT_ACTION_YAW_OCCUPIED = [01;36m[KDJI_ERROR_CODE[m[K(DJI_ERROR_MODULE_WAYPOINT_V2, DJI_ERROR_WAYPOINT_V2_MODULE_RAW_CODE_ACTUATOR_FLIGHT_ACTION_YAW_OCCUPIED),
[13.575s]       |                                                                          [01;36m[K^~~~~~~~~~~~~~[m[K
[13.575s] [01m[K/home/dji/DJI_workshop/LZP_PSDK/ros2_workplace/src/yolo_detect/../../../Payload-SDK/samples/sample_c++/platform/linux/manifold3/../../../../../psdk_lib/include/dji_error.h:44:1:[m[K [01;35m[Kwarning: [m[KISO C restricts enumerator values to range of '[01m[Kint[m[K' [[01;35m[K-Wpedantic[m[K]
[13.575s]    44 | [01;35m[K([m[K(uint64_t)0 | \
[13.575s]       | [01;35m[K^[m[K
[13.575s] [01m[K/home/dji/DJI_workshop/LZP_PSDK/ros2_workplace/src/yolo_detect/../../../Payload-SDK/samples/sample_c++/platform/linux/manifold3/../../../../../psdk_lib/include/dji_error.h:1246:87:[m[K [01;36m[Knote: [m[Kin expansion of macro '[01m[KDJI_ERROR_CODE[m[K'
[13.575s]  1246 |  DJI_ERROR_WAYPOINT_V2_MODULE_CODE_ACTUATOR_FLIGHT_CUR_AND_TGT_VEL_CLE_STATUE_EQUAL = [01;36m[KDJI_ERROR_CODE[m[K(DJI_ERROR_MODULE_WAYPOINT_V2, DJI_ERROR_WAYPOINT_V2_MODULE_RAW_CODE_ACTUATOR_FLIGHT_CUR_AND_TGT_VEL_CLE_STATUE_EQUAL),
[13.575s]       |                                                                                       [01;36m[K^~~~~~~~~~~~~~[m[K
[13.575s] [01m[K/home/dji/DJI_workshop/LZP_PSDK/ros2_workplace/src/yolo_detect/../../../Payload-SDK/samples/sample_c++/platform/linux/manifold3/../../../../../psdk_lib/include/dji_error.h:44:1:[m[K [01;35m[Kwarning: [m[KISO C restricts enumerator values to range of '[01m[Kint[m[K' [[01;35m[K-Wpedantic[m[K]
[13.576s]    44 | [01;35m[K([m[K(uint64_t)0 | \
[13.576s]       | [01;35m[K^[m[K
[13.576s] [01m[K/home/dji/DJI_workshop/LZP_PSDK/ros2_workplace/src/yolo_detect/../../../Payload-SDK/samples/sample_c++/platform/linux/manifold3/../../../../../psdk_lib/include/dji_error.h:1247:60:[m[K [01;36m[Knote: [m[Kin expansion of macro '[01m[KDJI_ERROR_CODE[m[K'
[13.576s]  1247 |  DJI_ERROR_WAYPOINT_V2_MODULE_CODE_ACTUATOR_PAYLOAD_RESV = [01;36m[KDJI_ERROR_CODE[m[K(DJI_ERROR_MODULE_WAYPOINT_V2, DJI_ERROR_WAYPOINT_V2_MODULE_RAW_CODE_ACTUATOR_PAYLOAD_RESV),
[13.576s]       |                                                            [01;36m[K^~~~~~~~~~~~~~[m[K
[13.576s] [01m[K/home/dji/DJI_workshop/LZP_PSDK/ros2_workplace/src/yolo_detect/../../../Payload-SDK/samples/sample_c++/platform/linux/manifold3/../../../../../psdk_lib/include/dji_error.h:44:1:[m[K [01;35m[Kwarning: [m[KISO C restricts enumerator values to range of '[01m[Kint[m[K' [[01;35m[K-Wpedantic[m[K]
[13.577s]    44 | [01;35m[K([m[K(uint64_t)0 | \
[13.577s]       | [01;35m[K^[m[K
[13.577s] [01m[K/home/dji/DJI_workshop/LZP_PSDK/ros2_workplace/src/yolo_detect/../../../Payload-SDK/samples/sample_c++/platform/linux/manifold3/../../../../../psdk_lib/include/dji_error.h:1248:83:[m[K [01;36m[Knote: [m[Kin expansion of macro '[01m[KDJI_ERROR_CODE[m[K'
[13.577s]  1248 |  DJI_ERROR_WAYPOINT_V2_MODULE_CODE_ACTUATOR_PAYLOAD_FAIL_TO_SEND_CMD_TO_PAYLOAD = [01;36m[KDJI_ERROR_CODE[m[K(DJI_ERROR_MODULE_WAYPOINT_V2, DJI_ERROR_WAYPOINT_V2_MODULE_RAW_CODE_ACTUATOR_PAYLOAD_FAIL_TO_SEND_CMD_TO_PAYLOAD),
[13.577s]       |                                                                                   [01;36m[K^~~~~~~~~~~~~~[m[K
[13.577s] [01m[K/home/dji/DJI_workshop/LZP_PSDK/ros2_workplace/src/yolo_detect/../../../Payload-SDK/samples/sample_c++/platform/linux/manifold3/../../../../../psdk_lib/include/dji_error.h:44:1:[m[K [01;35m[Kwarning: [m[KISO C restricts enumerator values to range of '[01m[Kint[m[K' [[01;35m[K-Wpedantic[m[K]
[13.578s]    44 | [01;35m[K([m[K(uint64_t)0 | \
[13.578s]       | [01;35m[K^[m[K
[13.578s] [01m[K/home/dji/DJI_workshop/LZP_PSDK/ros2_workplace/src/yolo_detect/../../../Payload-SDK/samples/sample_c++/platform/linux/manifold3/../../../../../psdk_lib/include/dji_error.h:1249:67:[m[K [01;36m[Knote: [m[Kin expansion of macro '[01m[KDJI_ERROR_CODE[m[K'
[13.578s]  1249 |  DJI_ERROR_WAYPOINT_V2_MODULE_CODE_ACTUATOR_PAYLOAD_EXEC_FAILED = [01;36m[KDJI_ERROR_CODE[m[K(DJI_ERROR_MODULE_WAYPOINT_V2, DJI_ERROR_WAYPOINT_V2_MODULE_RAW_CODE_ACTUATOR_PAYLOAD_EXEC_FAILED),
[13.578s]       |                                                                   [01;36m[K^~~~~~~~~~~~~~[m[K
[13.578s] [01m[K/home/dji/DJI_workshop/LZP_PSDK/ros2_workplace/src/yolo_detect/../../../Payload-SDK/samples/sample_c++/platform/linux/manifold3/../../../../../psdk_lib/include/dji_error.h:44:1:[m[K [01;35m[Kwarning: [m[KISO C restricts enumerator values to range of '[01m[Kint[m[K' [[01;35m[K-Wpedantic[m[K]
[13.578s]    44 | [01;35m[K([m[K(uint64_t)0 | \
[13.578s]       | [01;35m[K^[m[K
[13.579s] [01m[K/home/dji/DJI_workshop/LZP_PSDK/ros2_workplace/src/yolo_detect/../../../Payload-SDK/samples/sample_c++/platform/linux/manifold3/../../../../../psdk_lib/include/dji_error.h:1252:56:[m[K [01;36m[Knote: [m[Kin expansion of macro '[01m[KDJI_ERROR_CODE[m[K'
[13.579s]  1252 |     DJI_ERROR_WAYPOINT_V3_MODULE_CODE_COMMON_SUCCESS = [01;36m[KDJI_ERROR_CODE[m[K(DJI_ERROR_MODULE_WAYPOINT_V3, DJI_ERROR_WAYPOINT_V3_MODULE_RAW_CODE_SUCCESS),
[13.579s]       |                                                        [01;36m[K^~~~~~~~~~~~~~[m[K
[13.579s] [01m[K/home/dji/DJI_workshop/LZP_PSDK/ros2_workplace/src/yolo_detect/../../../Payload-SDK/samples/sample_c++/platform/linux/manifold3/../../../../../psdk_lib/include/dji_error.h:44:1:[m[K [01;35m[Kwarning: [m[KISO C restricts enumerator values to range of '[01m[Kint[m[K' [[01;35m[K-Wpedantic[m[K]
[13.579s]    44 | [01;35m[K([m[K(uint64_t)0 | \
[13.579s]       | [01;35m[K^[m[K
[13.579s] [01m[K/home/dji/DJI_workshop/LZP_PSDK/ros2_workplace/src/yolo_detect/../../../Payload-SDK/samples/sample_c++/platform/linux/manifold3/../../../../../psdk_lib/include/dji_error.h:1253:62:[m[K [01;36m[Knote: [m[Kin expansion of macro '[01m[KDJI_ERROR_CODE[m[K'
[13.580s]  1253 |     DJI_ERROR_WAYPOINT_V3_MODULE_CODE_MISSION_ID_NOT_EXIST = [01;36m[KDJI_ERROR_CODE[m[K(DJI_ERROR_MODULE_WAYPOINT_V3, DJI_ERROR_WAYPOINT_V3_MODULE_RAW_CODE_MISSION_ID_NOT_EXIST),
[13.580s]       |                                                              [01;36m[K^~~~~~~~~~~~~~[m[K
[13.580s] [01m[K/home/dji/DJI_workshop/LZP_PSDK/ros2_workplace/src/yolo_detect/../../../Payload-SDK/samples/sample_c++/platform/linux/manifold3/../../../../../psdk_lib/include/dji_error.h:44:1:[m[K [01;35m[Kwarning: [m[KISO C restricts enumerator values to range of '[01m[Kint[m[K' [[01;35m[K-Wpedantic[m[K]
[13.580s]    44 | [01;35m[K([m[K(uint64_t)0 | \
[13.580s]       | [01;35m[K^[m[K
[13.580s] [01m[K/home/dji/DJI_workshop/LZP_PSDK/ros2_workplace/src/yolo_detect/../../../Payload-SDK/samples/sample_c++/platform/linux/manifold3/../../../../../psdk_lib/include/dji_error.h:1254:60:[m[K [01;36m[Knote: [m[Kin expansion of macro '[01m[KDJI_ERROR_CODE[m[K'
[13.580s]  1254 |     DJI_ERROR_WAYPOINT_V3_MODULE_CODE_WAYLINE_INFO_ERROR = [01;36m[KDJI_ERROR_CODE[m[K(DJI_ERROR_MODULE_WAYPOINT_V3, DJI_ERROR_WAYPOINT_V3_MODULE_RAW_CODE_WAYLINE_INFO_ERROR),
[13.580s]       |                                                            [01;36m[K^~~~~~~~~~~~~~[m[K
[13.581s] [01m[K/home/dji/DJI_workshop/LZP_PSDK/ros2_workplace/src/yolo_detect/../../../Payload-SDK/samples/sample_c++/platform/linux/manifold3/../../../../../psdk_lib/include/dji_error.h:44:1:[m[K [01;35m[Kwarning: [m[KISO C restricts enumerator values to range of '[01m[Kint[m[K' [[01;35m[K-Wpedantic[m[K]
[13.581s]    44 | [01;35m[K([m[K(uint64_t)0 | \
[13.581s]       | [01;35m[K^[m[K
[13.581s] [01m[K/home/dji/DJI_workshop/LZP_PSDK/ros2_workplace/src/yolo_detect/../../../Payload-SDK/samples/sample_c++/platform/linux/manifold3/../../../../../psdk_lib/include/dji_error.h:1255:69:[m[K [01;36m[Knote: [m[Kin expansion of macro '[01m[KDJI_ERROR_CODE[m[K'
[13.581s]  1255 |     DJI_ERROR_WAYPOINT_V3_MODULE_CODE_WPMZ_FILE_VERSION_NOT_MATCH = [01;36m[KDJI_ERROR_CODE[m[K(DJI_ERROR_MODULE_WAYPOINT_V3, DJI_ERROR_WAYPOINT_V3_MODULE_RAW_CODE_WPMZ_FILE_VERSION_NOT_MATCH),
[13.581s]       |                                                                     [01;36m[K^~~~~~~~~~~~~~[m[K
[13.581s] [01m[K/home/dji/DJI_workshop/LZP_PSDK/ros2_workplace/src/yolo_detect/../../../Payload-SDK/samples/sample_c++/platform/linux/manifold3/../../../../../psdk_lib/include/dji_error.h:44:1:[m[K [01;35m[Kwarning: [m[KISO C restricts enumerator values to range of '[01m[Kint[m[K' [[01;35m[K-Wpedantic[m[K]
[13.581s]    44 | [01;35m[K([m[K(uint64_t)0 | \
[13.582s]       | [01;35m[K^[m[K
[13.582s] [01m[K/home/dji/DJI_workshop/LZP_PSDK/ros2_workplace/src/yolo_detect/../../../Payload-SDK/samples/sample_c++/platform/linux/manifold3/../../../../../psdk_lib/include/dji_error.h:1256:62:[m[K [01;36m[Knote: [m[Kin expansion of macro '[01m[KDJI_ERROR_CODE[m[K'
[13.582s]  1256 |     DJI_ERROR_WAYPOINT_V3_MODULE_CODE_WPMZ_FILE_LOAD_ERROR = [01;36m[KDJI_ERROR_CODE[m[K(DJI_ERROR_MODULE_WAYPOINT_V3, DJI_ERROR_WAYPOINT_V3_MODULE_RAW_CODE_WPMZ_FILE_LOAD_ERROR),
[13.582s]       |                                                              [01;36m[K^~~~~~~~~~~~~~[m[K
[13.582s] [01m[K/home/dji/DJI_workshop/LZP_PSDK/ros2_workplace/src/yolo_detect/../../../Payload-SDK/samples/sample_c++/platform/linux/manifold3/../../../../../psdk_lib/include/dji_error.h:44:1:[m[K [01;35m[Kwarning: [m[KISO C restricts enumerator values to range of '[01m[Kint[m[K' [[01;35m[K-Wpedantic[m[K]
[13.582s]    44 | [01;35m[K([m[K(uint64_t)0 | \
[13.582s]       | [01;35m[K^[m[K
[13.583s] [01m[K/home/dji/DJI_workshop/LZP_PSDK/ros2_workplace/src/yolo_detect/../../../Payload-SDK/samples/sample_c++/platform/linux/manifold3/../../../../../psdk_lib/include/dji_error.h:1257:55:[m[K [01;36m[Knote: [m[Kin expansion of macro '[01m[KDJI_ERROR_CODE[m[K'
[13.583s]  1257 |     DJI_ERROR_WAYPOINT_V3_MODULE_CODE_NO_BREAK_INFO = [01;36m[KDJI_ERROR_CODE[m[K(DJI_ERROR_MODULE_WAYPOINT_V3, DJI_ERROR_WAYPOINT_V3_MODULE_RAW_CODE_NO_BREAK_INFO),
[13.583s]       |                                                       [01;36m[K^~~~~~~~~~~~~~[m[K
[13.583s] [01m[K/home/dji/DJI_workshop/LZP_PSDK/ros2_workplace/src/yolo_detect/../../../Payload-SDK/samples/sample_c++/platform/linux/manifold3/../../../../../psdk_lib/include/dji_error.h:44:1:[m[K [01;35m[Kwarning: [m[KISO C restricts enumerator values to range of '[01m[Kint[m[K' [[01;35m[K-Wpedantic[m[K]
[13.583s]    44 | [01;35m[K([m[K(uint64_t)0 | \
[13.583s]       | [01;35m[K^[m[K
[13.583s] [01m[K/home/dji/DJI_workshop/LZP_PSDK/ros2_workplace/src/yolo_detect/../../../Payload-SDK/samples/sample_c++/platform/linux/manifold3/../../../../../psdk_lib/include/dji_error.h:1258:53:[m[K [01;36m[Knote: [m[Kin expansion of macro '[01m[KDJI_ERROR_CODE[m[K'
[13.583s]  1258 |     DJI_ERROR_WAYPOINT_V3_MODULE_CODE_CMD_INVALID = [01;36m[KDJI_ERROR_CODE[m[K(DJI_ERROR_MODULE_WAYPOINT_V3, DJI_ERROR_WAYPOINT_V3_MODULE_RAW_CODE_CMD_INVALID),
[13.584s]       |                                                     [01;36m[K^~~~~~~~~~~~~~[m[K
[13.584s] [01m[K/home/dji/DJI_workshop/LZP_PSDK/ros2_workplace/src/yolo_detect/../../../Payload-SDK/samples/sample_c++/platform/linux/manifold3/../../../../../psdk_lib/include/dji_error.h:44:1:[m[K [01;35m[Kwarning: [m[KISO C restricts enumerator values to range of '[01m[Kint[m[K' [[01;35m[K-Wpedantic[m[K]
[13.584s]    44 | [01;35m[K([m[K(uint64_t)0 | \
[13.584s]       | [01;35m[K^[m[K
[13.584s] [01m[K/home/dji/DJI_workshop/LZP_PSDK/ros2_workplace/src/yolo_detect/../../../Payload-SDK/samples/sample_c++/platform/linux/manifold3/../../../../../psdk_lib/include/dji_error.h:1259:83:[m[K [01;36m[Knote: [m[Kin expansion of macro '[01m[KDJI_ERROR_CODE[m[K'
[13.584s]  1259 |     DJI_ERROR_WAYPOINT_V3_MODULE_CODE_CANNOT_START_WAYLINE_WHEN_WAYLINE_RUNNING = [01;36m[KDJI_ERROR_CODE[m[K(DJI_ERROR_MODULE_WAYPOINT_V3, DJI_ERROR_WAYPOINT_V3_MODULE_RAW_CODE_CANNOT_START_WAYLINE_WHEN_WAYLINE_RUNNING),
[13.584s]       |                                                                                   [01;36m[K^~~~~~~~~~~~~~[m[K
[13.584s] [01m[K/home/dji/DJI_workshop/LZP_PSDK/ros2_workplace/src/yolo_detect/../../../Payload-SDK/samples/sample_c++/platform/linux/manifold3/../../../../../psdk_lib/include/dji_error.h:44:1:[m[K [01;35m[Kwarning: [m[KISO C restricts enumerator values to range of '[01m[Kint[m[K' [[01;35m[K-Wpedantic[m[K]
[13.585s]    44 | [01;35m[K([m[K(uint64_t)0 | \
[13.585s]       | [01;35m[K^[m[K
[13.585s] [01m[K/home/dji/DJI_workshop/LZP_PSDK/ros2_workplace/src/yolo_detect/../../../Payload-SDK/samples/sample_c++/platform/linux/manifold3/../../../../../psdk_lib/include/dji_error.h:1260:75:[m[K [01;36m[Knote: [m[Kin expansion of macro '[01m[KDJI_ERROR_CODE[m[K'
[13.585s]  1260 |     DJI_ERROR_WAYPOINT_V3_MODULE_CODE_CANNOT_BREAK_WAYLINE_IN_CUR_STATE = [01;36m[KDJI_ERROR_CODE[m[K(DJI_ERROR_MODULE_WAYPOINT_V3, DJI_ERROR_WAYPOINT_V3_MODULE_RAW_CODE_CANNOT_BREAK_WAYLINE_IN_CUR_STATE),
[13.585s]       |                                                                           [01;36m[K^~~~~~~~~~~~~~[m[K
[13.585s] [01m[K/home/dji/DJI_workshop/LZP_PSDK/ros2_workplace/src/yolo_detect/../../../Payload-SDK/samples/sample_c++/platform/linux/manifold3/../../../../../psdk_lib/include/dji_error.h:44:1:[m[K [01;35m[Kwarning: [m[KISO C restricts enumerator values to range of '[01m[Kint[m[K' [[01;35m[K-Wpedantic[m[K]
[13.585s]    44 | [01;35m[K([m[K(uint64_t)0 | \
[13.585s]       | [01;35m[K^[m[K
[13.586s] [01m[K/home/dji/DJI_workshop/LZP_PSDK/ros2_workplace/src/yolo_detect/../../../Payload-SDK/samples/sample_c++/platform/linux/manifold3/../../../../../psdk_lib/include/dji_error.h:1261:86:[m[K [01;36m[Knote: [m[Kin expansion of macro '[01m[KDJI_ERROR_CODE[m[K'
[13.586s]  1261 |     DJI_ERROR_WAYPOINT_V3_MODULE_CODE_CANNOT_STOP_WAYLINE_WHEN_WAYLINE_NOT_RUNNING = [01;36m[KDJI_ERROR_CODE[m[K(DJI_ERROR_MODULE_WAYPOINT_V3, DJI_ERROR_WAYPOINT_V3_MODULE_RAW_CODE_CANNOT_STOP_WAYLINE_WHEN_WAYLINE_NOT_RUNNING),
[13.586s]       |                                                                                      [01;36m[K^~~~~~~~~~~~~~[m[K
[13.586s] [01m[K/home/dji/DJI_workshop/LZP_PSDK/ros2_workplace/src/yolo_detect/../../../Payload-SDK/samples/sample_c++/platform/linux/manifold3/../../../../../psdk_lib/include/dji_error.h:44:1:[m[K [01;35m[Kwarning: [m[KISO C restricts enumerator values to range of '[01m[Kint[m[K' [[01;35m[K-Wpedantic[m[K]
[13.586s]    44 | [01;35m[K([m[K(uint64_t)0 | \
[13.586s]       | [01;35m[K^[m[K
[13.587s] [01m[K/home/dji/DJI_workshop/LZP_PSDK/ros2_workplace/src/yolo_detect/../../../Payload-SDK/samples/sample_c++/platform/linux/manifold3/../../../../../psdk_lib/include/dji_error.h:1262:87:[m[K [01;36m[Knote: [m[Kin expansion of macro '[01m[KDJI_ERROR_CODE[m[K'
[13.587s]  1262 |     DJI_ERROR_WAYPOINT_V3_MODULE_CODE_CANNOT_BREAK_WAYLINE_WHEN_WAYLINE_NOT_RUNNING = [01;36m[KDJI_ERROR_CODE[m[K(DJI_ERROR_MODULE_WAYPOINT_V3, DJI_ERROR_WAYPOINT_V3_MODULE_RAW_CODE_CANNOT_BREAK_WAYLINE_WHEN_WAYLINE_NOT_RUNNING),
[13.587s]       |                                                                                       [01;36m[K^~~~~~~~~~~~~~[m[K
[13.587s] [01m[K/home/dji/DJI_workshop/LZP_PSDK/ros2_workplace/src/yolo_detect/../../../Payload-SDK/samples/sample_c++/platform/linux/manifold3/../../../../../psdk_lib/include/dji_error.h:44:1:[m[K [01;35m[Kwarning: [m[KISO C restricts enumerator values to range of '[01m[Kint[m[K' [[01;35m[K-Wpedantic[m[K]
[13.587s]    44 | [01;35m[K([m[K(uint64_t)0 | \
[13.587s]       | [01;35m[K^[m[K
[13.587s] [01m[K/home/dji/DJI_workshop/LZP_PSDK/ros2_workplace/src/yolo_detect/../../../Payload-SDK/samples/sample_c++/platform/linux/manifold3/../../../../../psdk_lib/include/dji_error.h:1263:70:[m[K [01;36m[Knote: [m[Kin expansion of macro '[01m[KDJI_ERROR_CODE[m[K'
[13.588s]  1263 |     DJI_ERROR_WAYPOINT_V3_MODULE_CODE_CANNOT_REQUEST_DRONE_CONTROL = [01;36m[KDJI_ERROR_CODE[m[K(DJI_ERROR_MODULE_WAYPOINT_V3, DJI_ERROR_WAYPOINT_V3_MODULE_RAW_CODE_CANNOT_REQUEST_DRONE_CONTROL),
[13.588s]       |                                                                      [01;36m[K^~~~~~~~~~~~~~[m[K
[13.588s] [01m[K/home/dji/DJI_workshop/LZP_PSDK/ros2_workplace/src/yolo_detect/../../../Payload-SDK/samples/sample_c++/platform/linux/manifold3/../../../../../psdk_lib/include/dji_error.h:44:1:[m[K [01;35m[Kwarning: [m[KISO C restricts enumerator values to range of '[01m[Kint[m[K' [[01;35m[K-Wpedantic[m[K]
[13.588s]    44 | [01;35m[K([m[K(uint64_t)0 | \
[13.588s]       | [01;35m[K^[m[K
[13.588s] [01m[K/home/dji/DJI_workshop/LZP_PSDK/ros2_workplace/src/yolo_detect/../../../Payload-SDK/samples/sample_c++/platform/linux/manifold3/../../../../../psdk_lib/include/dji_error.h:1264:76:[m[K [01;36m[Knote: [m[Kin expansion of macro '[01m[KDJI_ERROR_CODE[m[K'
[13.588s]  1264 |     DJI_ERROR_WAYPOINT_V3_MODULE_CODE_CANNOT_RESUME_WAYLINE_IN_CUR_STATE = [01;36m[KDJI_ERROR_CODE[m[K(DJI_ERROR_MODULE_WAYPOINT_V3, DJI_ERROR_WAYPOINT_V3_MODULE_RAW_CODE_CANNOT_RESUME_WAYLINE_IN_CUR_STATE),
[13.588s]       |                                                                            [01;36m[K^~~~~~~~~~~~~~[m[K
[13.589s] [01m[K/home/dji/DJI_workshop/LZP_PSDK/ros2_workplace/src/yolo_detect/../../../Payload-SDK/samples/sample_c++/platform/linux/manifold3/../../../../../psdk_lib/include/dji_error.h:44:1:[m[K [01;35m[Kwarning: [m[KISO C restricts enumerator values to range of '[01m[Kint[m[K' [[01;35m[K-Wpedantic[m[K]
[13.589s]    44 | [01;35m[K([m[K(uint64_t)0 | \
[13.589s]       | [01;35m[K^[m[K
[13.589s] [01m[K/home/dji/DJI_workshop/LZP_PSDK/ros2_workplace/src/yolo_detect/../../../Payload-SDK/samples/sample_c++/platform/linux/manifold3/../../../../../psdk_lib/include/dji_error.h:1265:54:[m[K [01;36m[Knote: [m[Kin expansion of macro '[01m[KDJI_ERROR_CODE[m[K'
[13.589s]  1265 |     DJI_ERROR_WAYPOINT_V3_MODULE_CODE_HEIGHT_LIMIT = [01;36m[KDJI_ERROR_CODE[m[K(DJI_ERROR_MODULE_WAYPOINT_V3, DJI_ERROR_WAYPOINT_V3_MODULE_RAW_CODE_HEIGHT_LIMIT),
[13.589s]       |                                                      [01;36m[K^~~~~~~~~~~~~~[m[K
[13.589s] [01m[K/home/dji/DJI_workshop/LZP_PSDK/ros2_workplace/src/yolo_detect/../../../Payload-SDK/samples/sample_c++/platform/linux/manifold3/../../../../../psdk_lib/include/dji_error.h:44:1:[m[K [01;35m[Kwarning: [m[KISO C restricts enumerator values to range of '[01m[Kint[m[K' [[01;35m[K-Wpedantic[m[K]
[13.590s]    44 | [01;35m[K([m[K(uint64_t)0 | \
[13.590s]       | [01;35m[K^[m[K
[13.590s] [01m[K/home/dji/DJI_workshop/LZP_PSDK/ros2_workplace/src/yolo_detect/../../../Payload-SDK/samples/sample_c++/platform/linux/manifold3/../../../../../psdk_lib/include/dji_error.h:1266:54:[m[K [01;36m[Knote: [m[Kin expansion of macro '[01m[KDJI_ERROR_CODE[m[K'
[13.590s]  1266 |     DJI_ERROR_WAYPOINT_V3_MODULE_CODE_RADIUS_LIMIT = [01;36m[KDJI_ERROR_CODE[m[K(DJI_ERROR_MODULE_WAYPOINT_V3, DJI_ERROR_WAYPOINT_V3_MODULE_RAW_CODE_RADIUS_LIMIT),
[13.590s]       |                                                      [01;36m[K^~~~~~~~~~~~~~[m[K
[13.590s] [01m[K/home/dji/DJI_workshop/LZP_PSDK/ros2_workplace/src/yolo_detect/../../../Payload-SDK/samples/sample_c++/platform/linux/manifold3/../../../../../psdk_lib/include/dji_error.h:44:1:[m[K [01;35m[Kwarning: [m[KISO C restricts enumerator values to range of '[01m[Kint[m[K' [[01;35m[K-Wpedantic[m[K]
[13.590s]    44 | [01;35m[K([m[K(uint64_t)0 | \
[13.590s]       | [01;35m[K^[m[K
[13.591s] [01m[K/home/dji/DJI_workshop/LZP_PSDK/ros2_workplace/src/yolo_detect/../../../Payload-SDK/samples/sample_c++/platform/linux/manifold3/../../../../../psdk_lib/include/dji_error.h:1267:61:[m[K [01;36m[Knote: [m[Kin expansion of macro '[01m[KDJI_ERROR_CODE[m[K'
[13.591s]  1267 |     DJI_ERROR_WAYPOINT_V3_MODULE_CODE_CROSS_FLYLIMIT_AERA = [01;36m[KDJI_ERROR_CODE[m[K(DJI_ERROR_MODULE_WAYPOINT_V3, DJI_ERROR_WAYPOINT_V3_MODULE_RAW_CODE_CROSS_FLYLIMIT_AERA),
[13.591s]       |                                                             [01;36m[K^~~~~~~~~~~~~~[m[K
[13.591s] [01m[K/home/dji/DJI_workshop/LZP_PSDK/ros2_workplace/src/yolo_detect/../../../Payload-SDK/samples/sample_c++/platform/linux/manifold3/../../../../../psdk_lib/include/dji_error.h:44:1:[m[K [01;35m[Kwarning: [m[KISO C restricts enumerator values to range of '[01m[Kint[m[K' [[01;35m[K-Wpedantic[m[K]
[13.591s]    44 | [01;35m[K([m[K(uint64_t)0 | \
[13.591s]       | [01;35m[K^[m[K
[13.591s] [01m[K/home/dji/DJI_workshop/LZP_PSDK/ros2_workplace/src/yolo_detect/../../../Payload-SDK/samples/sample_c++/platform/linux/manifold3/../../../../../psdk_lib/include/dji_error.h:1268:51:[m[K [01;36m[Knote: [m[Kin expansion of macro '[01m[KDJI_ERROR_CODE[m[K'
[13.591s]  1268 |     DJI_ERROR_WAYPOINT_V3_MODULE_CODE_LOW_LIMIT = [01;36m[KDJI_ERROR_CODE[m[K(DJI_ERROR_MODULE_WAYPOINT_V3, DJI_ERROR_WAYPOINT_V3_MODULE_RAW_CODE_LOW_LIMIT),
[13.592s]       |                                                   [01;36m[K^~~~~~~~~~~~~~[m[K
[13.592s] [01m[K/home/dji/DJI_workshop/LZP_PSDK/ros2_workplace/src/yolo_detect/../../../Payload-SDK/samples/sample_c++/platform/linux/manifold3/../../../../../psdk_lib/include/dji_error.h:44:1:[m[K [01;35m[Kwarning: [m[KISO C restricts enumerator values to range of '[01m[Kint[m[K' [[01;35m[K-Wpedantic[m[K]
[13.592s]    44 | [01;35m[K([m[K(uint64_t)0 | \
[13.592s]       | [01;35m[K^[m[K
[13.592s] [01m[K/home/dji/DJI_workshop/LZP_PSDK/ros2_workplace/src/yolo_detect/../../../Payload-SDK/samples/sample_c++/platform/linux/manifold3/../../../../../psdk_lib/include/dji_error.h:1269:55:[m[K [01;36m[Knote: [m[Kin expansion of macro '[01m[KDJI_ERROR_CODE[m[K'
[13.592s]  1269 |     DJI_ERROR_WAYPOINT_V3_MODULE_CODE_OBSTACAL_STOP = [01;36m[KDJI_ERROR_CODE[m[K(DJI_ERROR_MODULE_WAYPOINT_V3, DJI_ERROR_WAYPOINT_V3_MODULE_RAW_CODE_OBSTACAL_STOP),
[13.592s]       |                                                       [01;36m[K^~~~~~~~~~~~~~[m[K
[13.593s] [01m[K/home/dji/DJI_workshop/LZP_PSDK/ros2_workplace/src/yolo_detect/../../../Payload-SDK/samples/sample_c++/platform/linux/manifold3/../../../../../psdk_lib/include/dji_error.h:44:1:[m[K [01;35m[Kwarning: [m[KISO C restricts enumerator values to range of '[01m[Kint[m[K' [[01;35m[K-Wpedantic[m[K]
[13.593s]    44 | [01;35m[K([m[K(uint64_t)0 | \
[13.593s]       | [01;35m[K^[m[K
[13.593s] [01m[K/home/dji/DJI_workshop/LZP_PSDK/ros2_workplace/src/yolo_detect/../../../Payload-SDK/samples/sample_c++/platform/linux/manifold3/../../../../../psdk_lib/include/dji_error.h:1270:56:[m[K [01;36m[Knote: [m[Kin expansion of macro '[01m[KDJI_ERROR_CODE[m[K'
[13.593s]  1270 |     DJI_ERROR_WAYPOINT_V3_MODULE_CODE_RTK_DISCONNECT = [01;36m[KDJI_ERROR_CODE[m[K(DJI_ERROR_MODULE_WAYPOINT_V3, DJI_ERROR_WAYPOINT_V3_MODULE_RAW_CODE_RTK_DISCONNECT),
[13.593s]       |                                                        [01;36m[K^~~~~~~~~~~~~~[m[K
[13.593s] [01m[K/home/dji/DJI_workshop/LZP_PSDK/ros2_workplace/src/yolo_detect/../../../Payload-SDK/samples/sample_c++/platform/linux/manifold3/../../../../../psdk_lib/include/dji_error.h:44:1:[m[K [01;35m[Kwarning: [m[KISO C restricts enumerator values to range of '[01m[Kint[m[K' [[01;35m[K-Wpedantic[m[K]
[13.593s]    44 | [01;35m[K([m[K(uint64_t)0 | \
[13.594s]       | [01;35m[K^[m[K
[13.594s] [01m[K/home/dji/DJI_workshop/LZP_PSDK/ros2_workplace/src/yolo_detect/../../../Payload-SDK/samples/sample_c++/platform/linux/manifold3/../../../../../psdk_lib/include/dji_error.h:1271:56:[m[K [01;36m[Knote: [m[Kin expansion of macro '[01m[KDJI_ERROR_CODE[m[K'
[13.594s]  1271 |     DJI_ERROR_WAYPOINT_V3_MODULE_CODE_BOUNDARY_LIMIT = [01;36m[KDJI_ERROR_CODE[m[K(DJI_ERROR_MODULE_WAYPOINT_V3, DJI_ERROR_WAYPOINT_V3_MODULE_RAW_CODE_BOUNDARY_LIMIT),
[13.594s]       |                                                        [01;36m[K^~~~~~~~~~~~~~[m[K
[13.594s] [01m[K/home/dji/DJI_workshop/LZP_PSDK/ros2_workplace/src/yolo_detect/../../../Payload-SDK/samples/sample_c++/platform/linux/manifold3/../../../../../psdk_lib/include/dji_error.h:44:1:[m[K [01;35m[Kwarning: [m[KISO C restricts enumerator values to range of '[01m[Kint[m[K' [[01;35m[K-Wpedantic[m[K]
[13.594s]    44 | [01;35m[K([m[K(uint64_t)0 | \
[13.594s]       | [01;35m[K^[m[K
[13.594s] [01m[K/home/dji/DJI_workshop/LZP_PSDK/ros2_workplace/src/yolo_detect/../../../Payload-SDK/samples/sample_c++/platform/linux/manifold3/../../../../../psdk_lib/include/dji_error.h:1272:61:[m[K [01;36m[Knote: [m[Kin expansion of macro '[01m[KDJI_ERROR_CODE[m[K'
[13.595s]  1272 |     DJI_ERROR_WAYPOINT_V3_MODULE_CODE_RC_PITCH_ROLL_BREAK = [01;36m[KDJI_ERROR_CODE[m[K(DJI_ERROR_MODULE_WAYPOINT_V3, DJI_ERROR_WAYPOINT_V3_MODULE_RAW_CODE_RC_PITCH_ROLL_BREAK),
[13.595s]       |                                                             [01;36m[K^~~~~~~~~~~~~~[m[K
[13.595s] [01m[K/home/dji/DJI_workshop/LZP_PSDK/ros2_workplace/src/yolo_detect/../../../Payload-SDK/samples/sample_c++/platform/linux/manifold3/../../../../../psdk_lib/include/dji_error.h:44:1:[m[K [01;35m[Kwarning: [m[KISO C restricts enumerator values to range of '[01m[Kint[m[K' [[01;35m[K-Wpedantic[m[K]
[13.595s]    44 | [01;35m[K([m[K(uint64_t)0 | \
[13.595s]       | [01;35m[K^[m[K
[13.595s] [01m[K/home/dji/DJI_workshop/LZP_PSDK/ros2_workplace/src/yolo_detect/../../../Payload-SDK/samples/sample_c++/platform/linux/manifold3/../../../../../psdk_lib/include/dji_error.h:1273:62:[m[K [01;36m[Knote: [m[Kin expansion of macro '[01m[KDJI_ERROR_CODE[m[K'
[13.595s]  1273 |     DJI_ERROR_WAYPOINT_V3_MODULE_CODE_AIRPORT_HEIGHT_LIMIT = [01;36m[KDJI_ERROR_CODE[m[K(DJI_ERROR_MODULE_WAYPOINT_V3, DJI_ERROR_WAYPOINT_V3_MODULE_RAW_CODE_AIRPORT_HEIGHT_LIMIT),
[13.595s]       |                                                              [01;36m[K^~~~~~~~~~~~~~[m[K
[13.596s] [01m[K/home/dji/DJI_workshop/LZP_PSDK/ros2_workplace/src/yolo_detect/../../../Payload-SDK/samples/sample_c++/platform/linux/manifold3/../../../../../psdk_lib/include/dji_error.h:44:1:[m[K [01;35m[Kwarning: [m[KISO C restricts enumerator values to range of '[01m[Kint[m[K' [[01;35m[K-Wpedantic[m[K]
[13.596s]    44 | [01;35m[K([m[K(uint64_t)0 | \
[13.596s]       | [01;35m[K^[m[K
[13.596s] [01m[K/home/dji/DJI_workshop/LZP_PSDK/ros2_workplace/src/yolo_detect/../../../Payload-SDK/samples/sample_c++/platform/linux/manifold3/../../../../../psdk_lib/include/dji_error.h:1274:62:[m[K [01;36m[Knote: [m[Kin expansion of macro '[01m[KDJI_ERROR_CODE[m[K'
[13.596s]  1274 |     DJI_ERROR_WAYPOINT_V3_MODULE_CODE_REQUEST_TAKEOFF_FAIL = [01;36m[KDJI_ERROR_CODE[m[K(DJI_ERROR_MODULE_WAYPOINT_V3, DJI_ERROR_WAYPOINT_V3_MODULE_RAW_CODE_REQUEST_TAKEOFF_FAIL),
[13.596s]       |                                                              [01;36m[K^~~~~~~~~~~~~~[m[K
[13.596s] [01m[K/home/dji/DJI_workshop/LZP_PSDK/ros2_workplace/src/yolo_detect/../../../Payload-SDK/samples/sample_c++/platform/linux/manifold3/../../../../../psdk_lib/include/dji_error.h:44:1:[m[K [01;35m[Kwarning: [m[KISO C restricts enumerator values to range of '[01m[Kint[m[K' [[01;35m[K-Wpedantic[m[K]
[13.597s]    44 | [01;35m[K([m[K(uint64_t)0 | \
[13.597s]       | [01;35m[K^[m[K
[13.597s] [01m[K/home/dji/DJI_workshop/LZP_PSDK/ros2_workplace/src/yolo_detect/../../../Payload-SDK/samples/sample_c++/platform/linux/manifold3/../../../../../psdk_lib/include/dji_error.h:1275:62:[m[K [01;36m[Knote: [m[Kin expansion of macro '[01m[KDJI_ERROR_CODE[m[K'
[13.597s]  1275 |     DJI_ERROR_WAYPOINT_V3_MODULE_CODE_AUTOTAKEOFF_RUN_FAIL = [01;36m[KDJI_ERROR_CODE[m[K(DJI_ERROR_MODULE_WAYPOINT_V3, DJI_ERROR_WAYPOINT_V3_MODULE_RAW_CODE_AUTOTAKEOFF_RUN_FAIL),
[13.597s]       |                                                              [01;36m[K^~~~~~~~~~~~~~[m[K
[13.597s] [01m[K/home/dji/DJI_workshop/LZP_PSDK/ros2_workplace/src/yolo_detect/../../../Payload-SDK/samples/sample_c++/platform/linux/manifold3/../../../../../psdk_lib/include/dji_error.h:44:1:[m[K [01;35m[Kwarning: [m[KISO C restricts enumerator values to range of '[01m[Kint[m[K' [[01;35m[K-Wpedantic[m[K]
[13.598s]    44 | [01;35m[K([m[K(uint64_t)0 | \
[13.598s]       | [01;35m[K^[m[K
[13.598s] [01m[K/home/dji/DJI_workshop/LZP_PSDK/ros2_workplace/src/yolo_detect/../../../Payload-SDK/samples/sample_c++/platform/linux/manifold3/../../../../../psdk_lib/include/dji_error.h:1276:62:[m[K [01;36m[Knote: [m[Kin expansion of macro '[01m[KDJI_ERROR_CODE[m[K'
[13.598s]  1276 |     DJI_ERROR_WAYPOINT_V3_MODULE_CODE_REQUEST_WAYLINE_FAIL = [01;36m[KDJI_ERROR_CODE[m[K(DJI_ERROR_MODULE_WAYPOINT_V3, DJI_ERROR_WAYPOINT_V3_MODULE_RAW_CODE_REQUEST_WAYLINE_FAIL),
[13.598s]       |                                                              [01;36m[K^~~~~~~~~~~~~~[m[K
[13.598s] [01m[K/home/dji/DJI_workshop/LZP_PSDK/ros2_workplace/src/yolo_detect/../../../Payload-SDK/samples/sample_c++/platform/linux/manifold3/../../../../../psdk_lib/include/dji_error.h:44:1:[m[K [01;35m[Kwarning: [m[KISO C restricts enumerator values to range of '[01m[Kint[m[K' [[01;35m[K-Wpedantic[m[K]
[13.599s]    44 | [01;35m[K([m[K(uint64_t)0 | \
[13.599s]       | [01;35m[K^[m[K
[13.599s] [01m[K/home/dji/DJI_workshop/LZP_PSDK/ros2_workplace/src/yolo_detect/../../../Payload-SDK/samples/sample_c++/platform/linux/manifold3/../../../../../psdk_lib/include/dji_error.h:1277:56:[m[K [01;36m[Knote: [m[Kin expansion of macro '[01m[KDJI_ERROR_CODE[m[K'
[13.599s]  1277 |     DJI_ERROR_WAYPOINT_V3_MODULE_CODE_AGRO_PLAN_FAIL = [01;36m[KDJI_ERROR_CODE[m[K(DJI_ERROR_MODULE_WAYPOINT_V3, DJI_ERROR_WAYPOINT_V3_MODULE_RAW_CODE_AGRO_PLAN_FAIL),
[13.599s]       |                                                        [01;36m[K^~~~~~~~~~~~~~[m[K
[13.599s] [01m[K/home/dji/DJI_workshop/LZP_PSDK/ros2_workplace/src/yolo_detect/../../../Payload-SDK/samples/sample_c++/platform/linux/manifold3/../../../../../psdk_lib/include/dji_error.h:44:1:[m[K [01;35m[Kwarning: [m[KISO C restricts enumerator values to range of '[01m[Kint[m[K' [[01;35m[K-Wpedantic[m[K]
[13.599s]    44 | [01;35m[K([m[K(uint64_t)0 | \
[13.599s]       | [01;35m[K^[m[K
[13.600s] [01m[K/home/dji/DJI_workshop/LZP_PSDK/ros2_workplace/src/yolo_detect/../../../Payload-SDK/samples/sample_c++/platform/linux/manifold3/../../../../../psdk_lib/include/dji_error.h:1278:75:[m[K [01;36m[Knote: [m[Kin expansion of macro '[01m[KDJI_ERROR_CODE[m[K'
[13.600s]  1278 |     DJI_ERROR_WAYPOINT_V3_MODULE_CODE_REQUEST_QUICK_TAKEOFF_ASSIST_FAIL = [01;36m[KDJI_ERROR_CODE[m[K(DJI_ERROR_MODULE_WAYPOINT_V3, DJI_ERROR_WAYPOINT_V3_MODULE_RAW_CODE_REQUEST_QUICK_TAKEOFF_ASSIST_FAIL),
[13.600s]       |                                                                           [01;36m[K^~~~~~~~~~~~~~[m[K
[13.600s] [01m[K/home/dji/DJI_workshop/LZP_PSDK/ros2_workplace/src/yolo_detect/../../../Payload-SDK/samples/sample_c++/platform/linux/manifold3/../../../../../psdk_lib/include/dji_error.h:44:1:[m[K [01;35m[Kwarning: [m[KISO C restricts enumerator values to range of '[01m[Kint[m[K' [[01;35m[K-Wpedantic[m[K]
[13.600s]    44 | [01;35m[K([m[K(uint64_t)0 | \
[13.600s]       | [01;35m[K^[m[K
[13.600s] [01m[K/home/dji/DJI_workshop/LZP_PSDK/ros2_workplace/src/yolo_detect/../../../Payload-SDK/samples/sample_c++/platform/linux/manifold3/../../../../../psdk_lib/include/dji_error.h:1279:71:[m[K [01;36m[Knote: [m[Kin expansion of macro '[01m[KDJI_ERROR_CODE[m[K'
[13.601s]  1279 |     DJI_ERROR_WAYPOINT_V3_MODULE_CODE_QUICK_TAKEOFF_ASSIST_RUN_FAIL = [01;36m[KDJI_ERROR_CODE[m[K(DJI_ERROR_MODULE_WAYPOINT_V3, DJI_ERROR_WAYPOINT_V3_MODULE_RAW_CODE_QUICK_TAKEOFF_ASSIST_RUN_FAIL),
[13.601s]       |                                                                       [01;36m[K^~~~~~~~~~~~~~[m[K
[13.601s] [01m[K/home/dji/DJI_workshop/LZP_PSDK/ros2_workplace/src/yolo_detect/../../../Payload-SDK/samples/sample_c++/platform/linux/manifold3/../../../../../psdk_lib/include/dji_error.h:44:1:[m[K [01;35m[Kwarning: [m[KISO C restricts enumerator values to range of '[01m[Kint[m[K' [[01;35m[K-Wpedantic[m[K]
[13.601s]    44 | [01;35m[K([m[K(uint64_t)0 | \
[13.601s]       | [01;35m[K^[m[K
[13.601s] [01m[K/home/dji/DJI_workshop/LZP_PSDK/ros2_workplace/src/yolo_detect/../../../Payload-SDK/samples/sample_c++/platform/linux/manifold3/../../../../../psdk_lib/include/dji_error.h:1280:54:[m[K [01;36m[Knote: [m[Kin expansion of macro '[01m[KDJI_ERROR_CODE[m[K'
[13.601s]  1280 |     DJI_ERROR_WAYPOINT_V3_MODULE_CODE_VFENCE_LIMIT = [01;36m[KDJI_ERROR_CODE[m[K(DJI_ERROR_MODULE_WAYPOINT_V3, DJI_ERROR_WAYPOINT_V3_MODULE_RAW_CODE_VFENCE_LIMIT),
[13.601s]       |                                                      [01;36m[K^~~~~~~~~~~~~~[m[K
[13.602s] [01m[K/home/dji/DJI_workshop/LZP_PSDK/ros2_workplace/src/yolo_detect/../../../Payload-SDK/samples/sample_c++/platform/linux/manifold3/../../../../../psdk_lib/include/dji_error.h:44:1:[m[K [01;35m[Kwarning: [m[KISO C restricts enumerator values to range of '[01m[Kint[m[K' [[01;35m[K-Wpedantic[m[K]
[13.602s]    44 | [01;35m[K([m[K(uint64_t)0 | \
[13.602s]       | [01;35m[K^[m[K
[13.602s] [01m[K/home/dji/DJI_workshop/LZP_PSDK/ros2_workplace/src/yolo_detect/../../../Payload-SDK/samples/sample_c++/platform/linux/manifold3/../../../../../psdk_lib/include/dji_error.h:1281:53:[m[K [01;36m[Knote: [m[Kin expansion of macro '[01m[KDJI_ERROR_CODE[m[K'
[13.602s]  1281 |     DJI_ERROR_WAYPOINT_V3_MODULE_CODE_GPS_INVALID = [01;36m[KDJI_ERROR_CODE[m[K(DJI_ERROR_MODULE_WAYPOINT_V3, DJI_ERROR_WAYPOINT_V3_MODULE_RAW_CODE_GPS_INVALID),
[13.602s]       |                                                     [01;36m[K^~~~~~~~~~~~~~[m[K
[13.602s] [01m[K/home/dji/DJI_workshop/LZP_PSDK/ros2_workplace/src/yolo_detect/../../../Payload-SDK/samples/sample_c++/platform/linux/manifold3/../../../../../psdk_lib/include/dji_error.h:44:1:[m[K [01;35m[Kwarning: [m[KISO C restricts enumerator values to range of '[01m[Kint[m[K' [[01;35m[K-Wpedantic[m[K]
[13.602s]    44 | [01;35m[K([m[K(uint64_t)0 | \
[13.603s]       | [01;35m[K^[m[K
[13.603s] [01m[K/home/dji/DJI_workshop/LZP_PSDK/ros2_workplace/src/yolo_detect/../../../Payload-SDK/samples/sample_c++/platform/linux/manifold3/../../../../../psdk_lib/include/dji_error.h:1282:73:[m[K [01;36m[Knote: [m[Kin expansion of macro '[01m[KDJI_ERROR_CODE[m[K'
[13.603s]  1282 |     DJI_ERROR_WAYPOINT_V3_MODULE_CODE_CANNOT_START_AT_CURRENT_RC_MODE = [01;36m[KDJI_ERROR_CODE[m[K(DJI_ERROR_MODULE_WAYPOINT_V3, DJI_ERROR_WAYPOINT_V3_MODULE_RAW_CODE_CANNOT_START_AT_CURRENT_RC_MODE),
[13.603s]       |                                                                         [01;36m[K^~~~~~~~~~~~~~[m[K
[13.603s] [01m[K/home/dji/DJI_workshop/LZP_PSDK/ros2_workplace/src/yolo_detect/../../../Payload-SDK/samples/sample_c++/platform/linux/manifold3/../../../../../psdk_lib/include/dji_error.h:44:1:[m[K [01;35m[Kwarning: [m[KISO C restricts enumerator values to range of '[01m[Kint[m[K' [[01;35m[K-Wpedantic[m[K]
[13.603s]    44 | [01;35m[K([m[K(uint64_t)0 | \
[13.603s]       | [01;35m[K^[m[K
[13.604s] [01m[K/home/dji/DJI_workshop/LZP_PSDK/ros2_workplace/src/yolo_detect/../../../Payload-SDK/samples/sample_c++/platform/linux/manifold3/../../../../../psdk_lib/include/dji_error.h:1283:65:[m[K [01;36m[Knote: [m[Kin expansion of macro '[01m[KDJI_ERROR_CODE[m[K'
[13.604s]  1283 |     DJI_ERROR_WAYPOINT_V3_MODULE_CODE_HOME_POINT_NOT_RECORDED = [01;36m[KDJI_ERROR_CODE[m[K(DJI_ERROR_MODULE_WAYPOINT_V3, DJI_ERROR_WAYPOINT_V3_MODULE_RAW_CODE_HOME_POINT_NOT_RECORDED),
[13.604s]       |                                                                 [01;36m[K^~~~~~~~~~~~~~[m[K
[13.604s] [01m[K/home/dji/DJI_workshop/LZP_PSDK/ros2_workplace/src/yolo_detect/../../../Payload-SDK/samples/sample_c++/platform/linux/manifold3/../../../../../psdk_lib/include/dji_error.h:44:1:[m[K [01;35m[Kwarning: [m[KISO C restricts enumerator values to range of '[01m[Kint[m[K' [[01;35m[K-Wpedantic[m[K]
[13.604s]    44 | [01;35m[K([m[K(uint64_t)0 | \
[13.604s]       | [01;35m[K^[m[K
[13.604s] [01m[K/home/dji/DJI_workshop/LZP_PSDK/ros2_workplace/src/yolo_detect/../../../Payload-SDK/samples/sample_c++/platform/linux/manifold3/../../../../../psdk_lib/include/dji_error.h:1284:55:[m[K [01;36m[Knote: [m[Kin expansion of macro '[01m[KDJI_ERROR_CODE[m[K'
[13.605s]  1284 |     DJI_ERROR_WAYPOINT_V3_MODULE_CODE_LOWER_BATTERY = [01;36m[KDJI_ERROR_CODE[m[K(DJI_ERROR_MODULE_WAYPOINT_V3, DJI_ERROR_WAYPOINT_V3_MODULE_RAW_CODE_LOWER_BATTERY),
[13.605s]       |                                                       [01;36m[K^~~~~~~~~~~~~~[m[K
[13.605s] [01m[K/home/dji/DJI_workshop/LZP_PSDK/ros2_workplace/src/yolo_detect/../../../Payload-SDK/samples/sample_c++/platform/linux/manifold3/../../../../../psdk_lib/include/dji_error.h:44:1:[m[K [01;35m[Kwarning: [m[KISO C restricts enumerator values to range of '[01m[Kint[m[K' [[01;35m[K-Wpedantic[m[K]
[13.605s]    44 | [01;35m[K([m[K(uint64_t)0 | \
[13.605s]       | [01;35m[K^[m[K
[13.605s] [01m[K/home/dji/DJI_workshop/LZP_PSDK/ros2_workplace/src/yolo_detect/../../../Payload-SDK/samples/sample_c++/platform/linux/manifold3/../../../../../psdk_lib/include/dji_error.h:1285:53:[m[K [01;36m[Knote: [m[Kin expansion of macro '[01m[KDJI_ERROR_CODE[m[K'
[13.605s]  1285 |     DJI_ERROR_WAYPOINT_V3_MODULE_CODE_RETURN_HOME = [01;36m[KDJI_ERROR_CODE[m[K(DJI_ERROR_MODULE_WAYPOINT_V3, DJI_ERROR_WAYPOINT_V3_MODULE_RAW_CODE_RETURN_HOME),
[13.605s]       |                                                     [01;36m[K^~~~~~~~~~~~~~[m[K
[13.606s] [01m[K/home/dji/DJI_workshop/LZP_PSDK/ros2_workplace/src/yolo_detect/../../../Payload-SDK/samples/sample_c++/platform/linux/manifold3/../../../../../psdk_lib/include/dji_error.h:44:1:[m[K [01;35m[Kwarning: [m[KISO C restricts enumerator values to range of '[01m[Kint[m[K' [[01;35m[K-Wpedantic[m[K]
[13.606s]    44 | [01;35m[K([m[K(uint64_t)0 | \
[13.606s]       | [01;35m[K^[m[K
[13.606s] [01m[K/home/dji/DJI_workshop/LZP_PSDK/ros2_workplace/src/yolo_detect/../../../Payload-SDK/samples/sample_c++/platform/linux/manifold3/../../../../../psdk_lib/include/dji_error.h:1286:52:[m[K [01;36m[Knote: [m[Kin expansion of macro '[01m[KDJI_ERROR_CODE[m[K'
[13.606s]  1286 |     DJI_ERROR_WAYPOINT_V3_MODULE_CODE_ADSB_ERROR = [01;36m[KDJI_ERROR_CODE[m[K(DJI_ERROR_MODULE_WAYPOINT_V3, DJI_ERROR_WAYPOINT_V3_MODULE_RAW_CODE_ADSB_ERROR),
[13.606s]       |                                                    [01;36m[K^~~~~~~~~~~~~~[m[K
[13.607s] [01m[K/home/dji/DJI_workshop/LZP_PSDK/ros2_workplace/src/yolo_detect/../../../Payload-SDK/samples/sample_c++/platform/linux/manifold3/../../../../../psdk_lib/include/dji_error.h:44:1:[m[K [01;35m[Kwarning: [m[KISO C restricts enumerator values to range of '[01m[Kint[m[K' [[01;35m[K-Wpedantic[m[K]
[13.607s]    44 | [01;35m[K([m[K(uint64_t)0 | \
[13.607s]       | [01;35m[K^[m[K
[13.607s] [01m[K/home/dji/DJI_workshop/LZP_PSDK/ros2_workplace/src/yolo_detect/../../../Payload-SDK/samples/sample_c++/platform/linux/manifold3/../../../../../psdk_lib/include/dji_error.h:1287:49:[m[K [01;36m[Knote: [m[Kin expansion of macro '[01m[KDJI_ERROR_CODE[m[K'
[13.607s]  1287 |     DJI_ERROR_WAYPOINT_V3_MODULE_CODE_RC_LOST = [01;36m[KDJI_ERROR_CODE[m[K(DJI_ERROR_MODULE_WAYPOINT_V3, DJI_ERROR_WAYPOINT_V3_MODULE_RAW_CODE_RC_LOST),
[13.607s]       |                                                 [01;36m[K^~~~~~~~~~~~~~[m[K
[13.607s] [01m[K/home/dji/DJI_workshop/LZP_PSDK/ros2_workplace/src/yolo_detect/../../../Payload-SDK/samples/sample_c++/platform/linux/manifold3/../../../../../psdk_lib/include/dji_error.h:44:1:[m[K [01;35m[Kwarning: [m[KISO C restricts enumerator values to range of '[01m[Kint[m[K' [[01;35m[K-Wpedantic[m[K]
[13.608s]    44 | [01;35m[K([m[K(uint64_t)0 | \
[13.608s]       | [01;35m[K^[m[K
[13.608s] [01m[K/home/dji/DJI_workshop/LZP_PSDK/ros2_workplace/src/yolo_detect/../../../Payload-SDK/samples/sample_c++/platform/linux/manifold3/../../../../../psdk_lib/include/dji_error.h:1288:55:[m[K [01;36m[Knote: [m[Kin expansion of macro '[01m[KDJI_ERROR_CODE[m[K'
[13.608s]  1288 |     DJI_ERROR_WAYPOINT_V3_MODULE_CODE_RTK_NOT_READY = [01;36m[KDJI_ERROR_CODE[m[K(DJI_ERROR_MODULE_WAYPOINT_V3, DJI_ERROR_WAYPOINT_V3_MODULE_RAW_CODE_RTK_NOT_READY),
[13.608s]       |                                                       [01;36m[K^~~~~~~~~~~~~~[m[K
[13.608s] [01m[K/home/dji/DJI_workshop/LZP_PSDK/ros2_workplace/src/yolo_detect/../../../Payload-SDK/samples/sample_c++/platform/linux/manifold3/../../../../../psdk_lib/include/dji_error.h:44:1:[m[K [01;35m[Kwarning: [m[KISO C restricts enumerator values to range of '[01m[Kint[m[K' [[01;35m[K-Wpedantic[m[K]
[13.608s]    44 | [01;35m[K([m[K(uint64_t)0 | \
[13.608s]       | [01;35m[K^[m[K
[13.609s] [01m[K/home/dji/DJI_workshop/LZP_PSDK/ros2_workplace/src/yolo_detect/../../../Payload-SDK/samples/sample_c++/platform/linux/manifold3/../../../../../psdk_lib/include/dji_error.h:1289:57:[m[K [01;36m[Knote: [m[Kin expansion of macro '[01m[KDJI_ERROR_CODE[m[K'
[13.609s]  1289 |     DJI_ERROR_WAYPOINT_V3_MODULE_CODE_DRONE_IS_MOVING = [01;36m[KDJI_ERROR_CODE[m[K(DJI_ERROR_MODULE_WAYPOINT_V3, DJI_ERROR_WAYPOINT_V3_MODULE_RAW_CODE_DRONE_IS_MOVING),
[13.609s]       |                                                         [01;36m[K^~~~~~~~~~~~~~[m[K
[13.609s] [01m[K/home/dji/DJI_workshop/LZP_PSDK/ros2_workplace/src/yolo_detect/../../../Payload-SDK/samples/sample_c++/platform/linux/manifold3/../../../../../psdk_lib/include/dji_error.h:44:1:[m[K [01;35m[Kwarning: [m[KISO C restricts enumerator values to range of '[01m[Kint[m[K' [[01;35m[K-Wpedantic[m[K]
[13.609s]    44 | [01;35m[K([m[K(uint64_t)0 | \
[13.609s]       | [01;35m[K^[m[K
[13.610s] [01m[K/home/dji/DJI_workshop/LZP_PSDK/ros2_workplace/src/yolo_detect/../../../Payload-SDK/samples/sample_c++/platform/linux/manifold3/../../../../../psdk_lib/include/dji_error.h:1290:66:[m[K [01;36m[Knote: [m[Kin expansion of macro '[01m[KDJI_ERROR_CODE[m[K'
[13.610s]  1290 |     DJI_ERROR_WAYPOINT_V3_MODULE_CODE_DRONE_ON_GROUND_MOTOR_ON = [01;36m[KDJI_ERROR_CODE[m[K(DJI_ERROR_MODULE_WAYPOINT_V3, DJI_ERROR_WAYPOINT_V3_MODULE_RAW_CODE_DRONE_ON_GROUND_MOTOR_ON),
[13.610s]       |                                                                  [01;36m[K^~~~~~~~~~~~~~[m[K
[13.610s] [01m[K/home/dji/DJI_workshop/LZP_PSDK/ros2_workplace/src/yolo_detect/../../../Payload-SDK/samples/sample_c++/platform/linux/manifold3/../../../../../psdk_lib/include/dji_error.h:44:1:[m[K [01;35m[Kwarning: [m[KISO C restricts enumerator values to range of '[01m[Kint[m[K' [[01;35m[K-Wpedantic[m[K]
[13.610s]    44 | [01;35m[K([m[K(uint64_t)0 | \
[13.610s]       | [01;35m[K^[m[K
[13.610s] [01m[K/home/dji/DJI_workshop/LZP_PSDK/ros2_workplace/src/yolo_detect/../../../Payload-SDK/samples/sample_c++/platform/linux/manifold3/../../../../../psdk_lib/include/dji_error.h:1291:71:[m[K [01;36m[Knote: [m[Kin expansion of macro '[01m[KDJI_ERROR_CODE[m[K'
[13.611s]  1291 |     DJI_ERROR_WAYPOINT_V3_MODULE_CODE_SURFACE_FOLLOW_CAMERA_INVALID = [01;36m[KDJI_ERROR_CODE[m[K(DJI_ERROR_MODULE_WAYPOINT_V3, DJI_ERROR_WAYPOINT_V3_MODULE_RAW_CODE_SURFACE_FOLLOW_CAMERA_INVALID),
[13.611s]       |                                                                       [01;36m[K^~~~~~~~~~~~~~[m[K
[13.611s] [01m[K/home/dji/DJI_workshop/LZP_PSDK/ros2_workplace/src/yolo_detect/../../../Payload-SDK/samples/sample_c++/platform/linux/manifold3/../../../../../psdk_lib/include/dji_error.h:44:1:[m[K [01;35m[Kwarning: [m[KISO C restricts enumerator values to range of '[01m[Kint[m[K' [[01;35m[K-Wpedantic[m[K]
[13.611s]    44 | [01;35m[K([m[K(uint64_t)0 | \
[13.611s]       | [01;35m[K^[m[K
[13.611s] [01m[K/home/dji/DJI_workshop/LZP_PSDK/ros2_workplace/src/yolo_detect/../../../Payload-SDK/samples/sample_c++/platform/linux/manifold3/../../../../../psdk_lib/include/dji_error.h:1292:71:[m[K [01;36m[Knote: [m[Kin expansion of macro '[01m[KDJI_ERROR_CODE[m[K'
[13.611s]  1292 |     DJI_ERROR_WAYPOINT_V3_MODULE_CODE_SURFACE_FOLLOW_HEIGHT_INVALID = [01;36m[KDJI_ERROR_CODE[m[K(DJI_ERROR_MODULE_WAYPOINT_V3, DJI_ERROR_WAYPOINT_V3_MODULE_RAW_CODE_SURFACE_FOLLOW_HEIGHT_INVALID),
[13.611s]       |                                                                       [01;36m[K^~~~~~~~~~~~~~[m[K
[13.612s] [01m[K/home/dji/DJI_workshop/LZP_PSDK/ros2_workplace/src/yolo_detect/../../../Payload-SDK/samples/sample_c++/platform/linux/manifold3/../../../../../psdk_lib/include/dji_error.h:44:1:[m[K [01;35m[Kwarning: [m[KISO C restricts enumerator values to range of '[01m[Kint[m[K' [[01;35m[K-Wpedantic[m[K]
[13.612s]    44 | [01;35m[K([m[K(uint64_t)0 | \
[13.612s]       | [01;35m[K^[m[K
[13.612s] [01m[K/home/dji/DJI_workshop/LZP_PSDK/ros2_workplace/src/yolo_detect/../../../Payload-SDK/samples/sample_c++/platform/linux/manifold3/../../../../../psdk_lib/include/dji_error.h:1293:66:[m[K [01;36m[Knote: [m[Kin expansion of macro '[01m[KDJI_ERROR_CODE[m[K'
[13.612s]  1293 |     DJI_ERROR_WAYPOINT_V3_MODULE_CODE_SURFACE_FOLLOW_MAP_WRONG = [01;36m[KDJI_ERROR_CODE[m[K(DJI_ERROR_MODULE_WAYPOINT_V3, DJI_ERROR_WAYPOINT_V3_MODULE_RAW_CODE_SURFACE_FOLLOW_MAP_WRONG),
[13.612s]       |                                                                  [01;36m[K^~~~~~~~~~~~~~[m[K
[13.612s] [01m[K/home/dji/DJI_workshop/LZP_PSDK/ros2_workplace/src/yolo_detect/../../../Payload-SDK/samples/sample_c++/platform/linux/manifold3/../../../../../psdk_lib/include/dji_error.h:44:1:[m[K [01;35m[Kwarning: [m[KISO C restricts enumerator values to range of '[01m[Kint[m[K' [[01;35m[K-Wpedantic[m[K]
[13.612s]    44 | [01;35m[K([m[K(uint64_t)0 | \
[13.613s]       | [01;35m[K^[m[K
[13.613s] [01m[K/home/dji/DJI_workshop/LZP_PSDK/ros2_workplace/src/yolo_detect/../../../Payload-SDK/samples/sample_c++/platform/linux/manifold3/../../../../../psdk_lib/include/dji_error.h:1294:65:[m[K [01;36m[Knote: [m[Kin expansion of macro '[01m[KDJI_ERROR_CODE[m[K'
[13.613s]  1294 |     DJI_ERROR_WAYPOINT_V3_MODULE_CODE_HOMEPOINT_NOT_MATCH_RTK = [01;36m[KDJI_ERROR_CODE[m[K(DJI_ERROR_MODULE_WAYPOINT_V3, DJI_ERROR_WAYPOINT_V3_MODULE_RAW_CODE_HOMEPOINT_NOT_MATCH_RTK),
[13.613s]       |                                                                 [01;36m[K^~~~~~~~~~~~~~[m[K
[13.613s] [01m[K/home/dji/DJI_workshop/LZP_PSDK/ros2_workplace/src/yolo_detect/../../../Payload-SDK/samples/sample_c++/platform/linux/manifold3/../../../../../psdk_lib/include/dji_error.h:44:1:[m[K [01;35m[Kwarning: [m[KISO C restricts enumerator values to range of '[01m[Kint[m[K' [[01;35m[K-Wpedantic[m[K]
[13.613s]    44 | [01;35m[K([m[K(uint64_t)0 | \
[13.613s]       | [01;35m[K^[m[K
[13.614s] [01m[K/home/dji/DJI_workshop/LZP_PSDK/ros2_workplace/src/yolo_detect/../../../Payload-SDK/samples/sample_c++/platform/linux/manifold3/../../../../../psdk_lib/include/dji_error.h:1295:60:[m[K [01;36m[Knote: [m[Kin expansion of macro '[01m[KDJI_ERROR_CODE[m[K'
[13.614s]  1295 |     DJI_ERROR_WAYPOINT_V3_MODULE_CODE_STRONG_WIND_GOHOME = [01;36m[KDJI_ERROR_CODE[m[K(DJI_ERROR_MODULE_WAYPOINT_V3, DJI_ERROR_WAYPOINT_V3_MODULE_RAW_CODE_STRONG_WIND_GOHOME),
[13.614s]       |                                                            [01;36m[K^~~~~~~~~~~~~~[m[K
[13.614s] [01m[K/home/dji/DJI_workshop/LZP_PSDK/ros2_workplace/src/yolo_detect/../../../Payload-SDK/samples/sample_c++/platform/linux/manifold3/../../../../../psdk_lib/include/dji_error.h:44:1:[m[K [01;35m[Kwarning: [m[KISO C restricts enumerator values to range of '[01m[Kint[m[K' [[01;35m[K-Wpedantic[m[K]
[13.614s]    44 | [01;35m[K([m[K(uint64_t)0 | \
[13.614s]       | [01;35m[K^[m[K
[13.614s] [01m[K/home/dji/DJI_workshop/LZP_PSDK/ros2_workplace/src/yolo_detect/../../../Payload-SDK/samples/sample_c++/platform/linux/manifold3/../../../../../psdk_lib/include/dji_error.h:1296:62:[m[K [01;36m[Knote: [m[Kin expansion of macro '[01m[KDJI_ERROR_CODE[m[K'
[13.614s]  1296 |     DJI_ERROR_WAYPOINT_V3_MODULE_CODE_DRONE_CRITICAL_ERROR = [01;36m[KDJI_ERROR_CODE[m[K(DJI_ERROR_MODULE_WAYPOINT_V3, DJI_ERROR_WAYPOINT_V3_MODULE_RAW_CODE_DRONE_CRITICAL_ERROR),
[13.615s]       |                                                              [01;36m[K^~~~~~~~~~~~~~[m[K
[13.615s] [01m[K/home/dji/DJI_workshop/LZP_PSDK/ros2_workplace/src/yolo_detect/../../../Payload-SDK/samples/sample_c++/platform/linux/manifold3/../../../../../psdk_lib/include/dji_error.h:44:1:[m[K [01;35m[Kwarning: [m[KISO C restricts enumerator values to range of '[01m[Kint[m[K' [[01;35m[K-Wpedantic[m[K]
[13.615s]    44 | [01;35m[K([m[K(uint64_t)0 | \
[13.615s]       | [01;35m[K^[m[K
[13.615s] [01m[K/home/dji/DJI_workshop/LZP_PSDK/ros2_workplace/src/yolo_detect/../../../Payload-SDK/samples/sample_c++/platform/linux/manifold3/../../../../../psdk_lib/include/dji_error.h:1297:61:[m[K [01;36m[Knote: [m[Kin expansion of macro '[01m[KDJI_ERROR_CODE[m[K'
[13.615s]  1297 |     DJI_ERROR_WAYPOINT_V3_MODULE_CODE_CANNOT_FIND_PAYLOAD = [01;36m[KDJI_ERROR_CODE[m[K(DJI_ERROR_MODULE_WAYPOINT_V3, DJI_ERROR_WAYPOINT_V3_MODULE_RAW_CODE_CANNOT_FIND_PAYLOAD),
[13.615s]       |                                                             [01;36m[K^~~~~~~~~~~~~~[m[K
[13.616s] [01m[K/home/dji/DJI_workshop/LZP_PSDK/ros2_workplace/src/yolo_detect/../../../Payload-SDK/samples/sample_c++/platform/linux/manifold3/../../../../../psdk_lib/include/dji_error.h:44:1:[m[K [01;35m[Kwarning: [m[KISO C restricts enumerator values to range of '[01m[Kint[m[K' [[01;35m[K-Wpedantic[m[K]
[13.616s]    44 | [01;35m[K([m[K(uint64_t)0 | \
[13.616s]       | [01;35m[K^[m[K
[13.616s] [01m[K/home/dji/DJI_workshop/LZP_PSDK/ros2_workplace/src/yolo_detect/../../../Payload-SDK/samples/sample_c++/platform/linux/manifold3/../../../../../psdk_lib/include/dji_error.h:1298:65:[m[K [01;36m[Knote: [m[Kin expansion of macro '[01m[KDJI_ERROR_CODE[m[K'
[13.616s]  1298 |     DJI_ERROR_WAYPOINT_V3_MODULE_CODE_ACTION_EXECUTION_FAILED = [01;36m[KDJI_ERROR_CODE[m[K(DJI_ERROR_MODULE_WAYPOINT_V3, DJI_ERROR_WAYPOINT_V3_MODULE_RAW_CODE_ACTION_EXECUTION_FAILED),
[13.616s]       |                                                                 [01;36m[K^~~~~~~~~~~~~~[m[K
[13.616s] [01m[K/home/dji/DJI_workshop/LZP_PSDK/ros2_workplace/src/yolo_detect/../../../Payload-SDK/samples/sample_c++/platform/linux/manifold3/../../../../../psdk_lib/include/dji_error.h:44:1:[m[K [01;35m[Kwarning: [m[KISO C restricts enumerator values to range of '[01m[Kint[m[K' [[01;35m[K-Wpedantic[m[K]
[13.617s]    44 | [01;35m[K([m[K(uint64_t)0 | \
[13.617s]       | [01;35m[K^[m[K
[13.617s] [01m[K/home/dji/DJI_workshop/LZP_PSDK/ros2_workplace/src/yolo_detect/../../../Payload-SDK/samples/sample_c++/platform/linux/manifold3/../../../../../psdk_lib/include/dji_error.h:1299:59:[m[K [01;36m[Knote: [m[Kin expansion of macro '[01m[KDJI_ERROR_CODE[m[K'
[13.617s]  1299 |     DJI_ERROR_WAYPOINT_V3_MODULE_CODE_FARM_NO_PESTICIDE = [01;36m[KDJI_ERROR_CODE[m[K(DJI_ERROR_MODULE_WAYPOINT_V3, DJI_ERROR_WAYPOINT_V3_MODULE_RAW_CODE_FARM_NO_PESTICIDE),
[13.617s]       |                                                           [01;36m[K^~~~~~~~~~~~~~[m[K
[13.618s] [01m[K/home/dji/DJI_workshop/LZP_PSDK/ros2_workplace/src/yolo_detect/../../../Payload-SDK/samples/sample_c++/platform/linux/manifold3/../../../../../psdk_lib/include/dji_error.h:44:1:[m[K [01;35m[Kwarning: [m[KISO C restricts enumerator values to range of '[01m[Kint[m[K' [[01;35m[K-Wpedantic[m[K]
[13.618s]    44 | [01;35m[K([m[K(uint64_t)0 | \
[13.618s]       | [01;35m[K^[m[K
[13.618s] [01m[K/home/dji/DJI_workshop/LZP_PSDK/ros2_workplace/src/yolo_detect/../../../Payload-SDK/samples/sample_c++/platform/linux/manifold3/../../../../../psdk_lib/include/dji_error.h:1300:58:[m[K [01;36m[Knote: [m[Kin expansion of macro '[01m[KDJI_ERROR_CODE[m[K'
[13.618s]  1300 |     DJI_ERROR_WAYPOINT_V3_MODULE_CODE_RADAR_DISCONNECT = [01;36m[KDJI_ERROR_CODE[m[K(DJI_ERROR_MODULE_WAYPOINT_V3, DJI_ERROR_WAYPOINT_V3_MODULE_RAW_CODE_RADAR_DISCONNECT),
[13.618s]       |                                                          [01;36m[K^~~~~~~~~~~~~~[m[K
[13.618s] [01m[K/home/dji/DJI_workshop/LZP_PSDK/ros2_workplace/src/yolo_detect/../../../Payload-SDK/samples/sample_c++/platform/linux/manifold3/../../../../../psdk_lib/include/dji_error.h:44:1:[m[K [01;35m[Kwarning: [m[KISO C restricts enumerator values to range of '[01m[Kint[m[K' [[01;35m[K-Wpedantic[m[K]
[13.618s]    44 | [01;35m[K([m[K(uint64_t)0 | \
[13.619s]       | [01;35m[K^[m[K
[13.619s] [01m[K/home/dji/DJI_workshop/LZP_PSDK/ros2_workplace/src/yolo_detect/../../../Payload-SDK/samples/sample_c++/platform/linux/manifold3/../../../../../psdk_lib/include/dji_error.h:1301:51:[m[K [01;36m[Knote: [m[Kin expansion of macro '[01m[KDJI_ERROR_CODE[m[K'
[13.619s]  1301 |     DJI_ERROR_WAYPOINT_V3_MODULE_CODE_USER_EXIT = [01;36m[KDJI_ERROR_CODE[m[K(DJI_ERROR_MODULE_WAYPOINT_V3, DJI_ERROR_WAYPOINT_V3_MODULE_RAW_CODE_USER_EXIT),
[13.619s]       |                                                   [01;36m[K^~~~~~~~~~~~~~[m[K
[13.619s] [01m[K/home/dji/DJI_workshop/LZP_PSDK/ros2_workplace/src/yolo_detect/../../../Payload-SDK/samples/sample_c++/platform/linux/manifold3/../../../../../psdk_lib/include/dji_error.h:44:1:[m[K [01;35m[Kwarning: [m[KISO C restricts enumerator values to range of '[01m[Kint[m[K' [[01;35m[K-Wpedantic[m[K]
[13.619s]    44 | [01;35m[K([m[K(uint64_t)0 | \
[13.619s]       | [01;35m[K^[m[K
[13.619s] [01m[K/home/dji/DJI_workshop/LZP_PSDK/ros2_workplace/src/yolo_detect/../../../Payload-SDK/samples/sample_c++/platform/linux/manifold3/../../../../../psdk_lib/include/dji_error.h:1302:52:[m[K [01;36m[Knote: [m[Kin expansion of macro '[01m[KDJI_ERROR_CODE[m[K'
[13.620s]  1302 |     DJI_ERROR_WAYPOINT_V3_MODULE_CODE_USER_BREAK = [01;36m[KDJI_ERROR_CODE[m[K(DJI_ERROR_MODULE_WAYPOINT_V3, DJI_ERROR_WAYPOINT_V3_MODULE_RAW_CODE_USER_BREAK),
[13.620s]       |                                                    [01;36m[K^~~~~~~~~~~~~~[m[K
[13.620s] [01m[K/home/dji/DJI_workshop/LZP_PSDK/ros2_workplace/src/yolo_detect/../../../Payload-SDK/samples/sample_c++/platform/linux/manifold3/../../../../../psdk_lib/include/dji_error.h:44:1:[m[K [01;35m[Kwarning: [m[KISO C restricts enumerator values to range of '[01m[Kint[m[K' [[01;35m[K-Wpedantic[m[K]
[13.620s]    44 | [01;35m[K([m[K(uint64_t)0 | \
[13.620s]       | [01;35m[K^[m[K
[13.620s] [01m[K/home/dji/DJI_workshop/LZP_PSDK/ros2_workplace/src/yolo_detect/../../../Payload-SDK/samples/sample_c++/platform/linux/manifold3/../../../../../psdk_lib/include/dji_error.h:1303:57:[m[K [01;36m[Knote: [m[Kin expansion of macro '[01m[KDJI_ERROR_CODE[m[K'
[13.620s]  1303 |     DJI_ERROR_WAYPOINT_V3_MODULE_CODE_USER_SET_GOHOME = [01;36m[KDJI_ERROR_CODE[m[K(DJI_ERROR_MODULE_WAYPOINT_V3, DJI_ERROR_WAYPOINT_V3_MODULE_RAW_CODE_USER_SET_GOHOME),
[13.621s]       |                                                         [01;36m[K^~~~~~~~~~~~~~[m[K
[13.621s] [01m[K/home/dji/DJI_workshop/LZP_PSDK/ros2_workplace/src/yolo_detect/../../../Payload-SDK/samples/sample_c++/platform/linux/manifold3/../../../../../psdk_lib/include/dji_error.h:44:1:[m[K [01;35m[Kwarning: [m[KISO C restricts enumerator values to range of '[01m[Kint[m[K' [[01;35m[K-Wpedantic[m[K]
[13.621s]    44 | [01;35m[K([m[K(uint64_t)0 | \
[13.621s]       | [01;35m[K^[m[K
[13.621s] [01m[K/home/dji/DJI_workshop/LZP_PSDK/ros2_workplace/src/yolo_detect/../../../Payload-SDK/samples/sample_c++/platform/linux/manifold3/../../../../../psdk_lib/include/dji_error.h:1304:72:[m[K [01;36m[Knote: [m[Kin expansion of macro '[01m[KDJI_ERROR_CODE[m[K'
[13.621s]  1304 |     DJI_ERROR_WAYPOINT_V3_MODULE_CODE_USER_AGRO_PLANNER_STATE_CHANGE = [01;36m[KDJI_ERROR_CODE[m[K(DJI_ERROR_MODULE_WAYPOINT_V3, DJI_ERROR_WAYPOINT_V3_MODULE_RAW_CODE_USER_AGRO_PLANNER_STATE_CHANGE),
[13.621s]       |                                                                        [01;36m[K^~~~~~~~~~~~~~[m[K
[13.621s] [01m[K/home/dji/DJI_workshop/LZP_PSDK/ros2_workplace/src/yolo_detect/../../../Payload-SDK/samples/sample_c++/platform/linux/manifold3/../../../../../psdk_lib/include/dji_error.h:44:1:[m[K [01;35m[Kwarning: [m[KISO C restricts enumerator values to range of '[01m[Kint[m[K' [[01;35m[K-Wpedantic[m[K]
[13.622s]    44 | [01;35m[K([m[K(uint64_t)0 | \
[13.622s]       | [01;35m[K^[m[K
[13.622s] [01m[K/home/dji/DJI_workshop/LZP_PSDK/ros2_workplace/src/yolo_detect/../../../Payload-SDK/samples/sample_c++/platform/linux/manifold3/../../../../../psdk_lib/include/dji_error.h:1305:61:[m[K [01;36m[Knote: [m[Kin expansion of macro '[01m[KDJI_ERROR_CODE[m[K'
[13.622s]  1305 |     DJI_ERROR_WAYPOINT_V3_MODULE_CODE_USER_SWITCH_RC_MODE = [01;36m[KDJI_ERROR_CODE[m[K(DJI_ERROR_MODULE_WAYPOINT_V3, DJI_ERROR_WAYPOINT_V3_MODULE_RAW_CODE_USER_SWITCH_RC_MODE),
[13.622s]       |                                                             [01;36m[K^~~~~~~~~~~~~~[m[K
[13.622s] [01m[K/home/dji/DJI_workshop/LZP_PSDK/ros2_workplace/src/yolo_detect/../../../Payload-SDK/samples/sample_c++/platform/linux/manifold3/../../../../../psdk_lib/include/dji_error.h:44:1:[m[K [01;35m[Kwarning: [m[KISO C restricts enumerator values to range of '[01m[Kint[m[K' [[01;35m[K-Wpedantic[m[K]
[13.622s]    44 | [01;35m[K([m[K(uint64_t)0 | \
[13.623s]       | [01;35m[K^[m[K
[13.623s] [01m[K/home/dji/DJI_workshop/LZP_PSDK/ros2_workplace/src/yolo_detect/../../../Payload-SDK/samples/sample_c++/platform/linux/manifold3/../../../../../psdk_lib/include/dji_error.h:1306:56:[m[K [01;36m[Knote: [m[Kin expansion of macro '[01m[KDJI_ERROR_CODE[m[K'
[13.623s]  1306 |     DJI_ERROR_WAYPOINT_V3_MODULE_CODE_TRAJ_INIT_FAIL = [01;36m[KDJI_ERROR_CODE[m[K(DJI_ERROR_MODULE_WAYPOINT_V3, DJI_ERROR_WAYPOINT_V3_MODULE_RAW_CODE_TRAJ_INIT_FAIL),
[13.623s]       |                                                        [01;36m[K^~~~~~~~~~~~~~[m[K
[13.623s] [01m[K/home/dji/DJI_workshop/LZP_PSDK/ros2_workplace/src/yolo_detect/../../../Payload-SDK/samples/sample_c++/platform/linux/manifold3/../../../../../psdk_lib/include/dji_error.h:44:1:[m[K [01;35m[Kwarning: [m[KISO C restricts enumerator values to range of '[01m[Kint[m[K' [[01;35m[K-Wpedantic[m[K]
[13.623s]    44 | [01;35m[K([m[K(uint64_t)0 | \
[13.623s]       | [01;35m[K^[m[K
[13.623s] [01m[K/home/dji/DJI_workshop/LZP_PSDK/ros2_workplace/src/yolo_detect/../../../Payload-SDK/samples/sample_c++/platform/linux/manifold3/../../../../../psdk_lib/include/dji_error.h:1307:71:[m[K [01;36m[Knote: [m[Kin expansion of macro '[01m[KDJI_ERROR_CODE[m[K'
[13.624s]  1307 |     DJI_ERROR_WAYPOINT_V3_MODULE_CODE_TRAJ_JOB_EXIT_BUT_MIS_RUNNING = [01;36m[KDJI_ERROR_CODE[m[K(DJI_ERROR_MODULE_WAYPOINT_V3, DJI_ERROR_WAYPOINT_V3_MODULE_RAW_CODE_TRAJ_JOB_EXIT_BUT_MIS_RUNNING),
[13.624s]       |                                                                       [01;36m[K^~~~~~~~~~~~~~[m[K
[13.624s] [01m[K/home/dji/DJI_workshop/LZP_PSDK/ros2_workplace/src/yolo_detect/../../../Payload-SDK/samples/sample_c++/platform/linux/manifold3/../../../../../psdk_lib/include/dji_error.h:44:1:[m[K [01;35m[Kwarning: [m[KISO C restricts enumerator values to range of '[01m[Kint[m[K' [[01;35m[K-Wpedantic[m[K]
[13.624s]    44 | [01;35m[K([m[K(uint64_t)0 | \
[13.624s]       | [01;35m[K^[m[K
[13.624s] [01m[K/home/dji/DJI_workshop/LZP_PSDK/ros2_workplace/src/yolo_detect/../../../Payload-SDK/samples/sample_c++/platform/linux/manifold3/../../../../../psdk_lib/include/dji_error.h:1308:75:[m[K [01;36m[Knote: [m[Kin expansion of macro '[01m[KDJI_ERROR_CODE[m[K'
[13.624s]  1308 |     DJI_ERROR_WAYPOINT_V3_MODULE_CODE_TRAJ_ON_GROUND_MOTOR_ON_CANNOT_GO = [01;36m[KDJI_ERROR_CODE[m[K(DJI_ERROR_MODULE_WAYPOINT_V3, DJI_ERROR_WAYPOINT_V3_MODULE_RAW_CODE_TRAJ_ON_GROUND_MOTOR_ON_CANNOT_GO),
[13.625s]       |                                                                           [01;36m[K^~~~~~~~~~~~~~[m[K
[13.625s] [01m[K/home/dji/DJI_workshop/LZP_PSDK/ros2_workplace/src/yolo_detect/../../../Payload-SDK/samples/sample_c++/platform/linux/manifold3/../../../../../psdk_lib/include/dji_error.h:44:1:[m[K [01;35m[Kwarning: [m[KISO C restricts enumerator values to range of '[01m[Kint[m[K' [[01;35m[K-Wpedantic[m[K]
[13.625s]    44 | [01;35m[K([m[K(uint64_t)0 | \
[13.625s]       | [01;35m[K^[m[K
[13.625s] [01m[K/home/dji/DJI_workshop/LZP_PSDK/ros2_workplace/src/yolo_detect/../../../Payload-SDK/samples/sample_c++/platform/linux/manifold3/../../../../../psdk_lib/include/dji_error.h:1309:74:[m[K [01;36m[Knote: [m[Kin expansion of macro '[01m[KDJI_ERROR_CODE[m[K'
[13.625s]  1309 |     DJI_ERROR_WAYPOINT_V3_MODULE_CODE_TRAJ_INVALID_START_INDEX_OR_PROG = [01;36m[KDJI_ERROR_CODE[m[K(DJI_ERROR_MODULE_WAYPOINT_V3, DJI_ERROR_WAYPOINT_V3_MODULE_RAW_CODE_TRAJ_INVALID_START_INDEX_OR_PROG),
[13.625s]       |                                                                          [01;36m[K^~~~~~~~~~~~~~[m[K
[13.626s] [01m[K/home/dji/DJI_workshop/LZP_PSDK/ros2_workplace/src/yolo_detect/../../../Payload-SDK/samples/sample_c++/platform/linux/manifold3/../../../../../psdk_lib/include/dji_error.h:44:1:[m[K [01;35m[Kwarning: [m[KISO C restricts enumerator values to range of '[01m[Kint[m[K' [[01;35m[K-Wpedantic[m[K]
[13.626s]    44 | [01;35m[K([m[K(uint64_t)0 | \
[13.626s]       | [01;35m[K^[m[K
[13.626s] [01m[K/home/dji/DJI_workshop/LZP_PSDK/ros2_workplace/src/yolo_detect/../../../Payload-SDK/samples/sample_c++/platform/linux/manifold3/../../../../../psdk_lib/include/dji_error.h:1310:64:[m[K [01;36m[Knote: [m[Kin expansion of macro '[01m[KDJI_ERROR_CODE[m[K'
[13.626s]  1310 |     DJI_ERROR_WAYPOINT_V3_MODULE_CODE_TRAJ_INVALID_CSYS_MODE = [01;36m[KDJI_ERROR_CODE[m[K(DJI_ERROR_MODULE_WAYPOINT_V3, DJI_ERROR_WAYPOINT_V3_MODULE_RAW_CODE_TRAJ_INVALID_CSYS_MODE),
[13.626s]       |                                                                [01;36m[K^~~~~~~~~~~~~~[m[K
[13.627s] [01m[K/home/dji/DJI_workshop/LZP_PSDK/ros2_workplace/src/yolo_detect/../../../Payload-SDK/samples/sample_c++/platform/linux/manifold3/../../../../../psdk_lib/include/dji_error.h:44:1:[m[K [01;35m[Kwarning: [m[KISO C restricts enumerator values to range of '[01m[Kint[m[K' [[01;35m[K-Wpedantic[m[K]
[13.627s]    44 | [01;35m[K([m[K(uint64_t)0 | \
[13.627s]       | [01;35m[K^[m[K
[13.627s] [01m[K/home/dji/DJI_workshop/LZP_PSDK/ros2_workplace/src/yolo_detect/../../../Payload-SDK/samples/sample_c++/platform/linux/manifold3/../../../../../psdk_lib/include/dji_error.h:1311:66:[m[K [01;36m[Knote: [m[Kin expansion of macro '[01m[KDJI_ERROR_CODE[m[K'
[13.627s]  1311 |     DJI_ERROR_WAYPOINT_V3_MODULE_CODE_TRAJ_INVALID_HEIGHT_MODE = [01;36m[KDJI_ERROR_CODE[m[K(DJI_ERROR_MODULE_WAYPOINT_V3, DJI_ERROR_WAYPOINT_V3_MODULE_RAW_CODE_TRAJ_INVALID_HEIGHT_MODE),
[13.627s]       |                                                                  [01;36m[K^~~~~~~~~~~~~~[m[K
[13.627s] [01m[K/home/dji/DJI_workshop/LZP_PSDK/ros2_workplace/src/yolo_detect/../../../Payload-SDK/samples/sample_c++/platform/linux/manifold3/../../../../../psdk_lib/include/dji_error.h:44:1:[m[K [01;35m[Kwarning: [m[KISO C restricts enumerator values to range of '[01m[Kint[m[K' [[01;35m[K-Wpedantic[m[K]
[13.628s]    44 | [01;35m[K([m[K(uint64_t)0 | \
[13.628s]       | [01;35m[K^[m[K
[13.628s] [01m[K/home/dji/DJI_workshop/LZP_PSDK/ros2_workplace/src/yolo_detect/../../../Payload-SDK/samples/sample_c++/platform/linux/manifold3/../../../../../psdk_lib/include/dji_error.h:1312:66:[m[K [01;36m[Knote: [m[Kin expansion of macro '[01m[KDJI_ERROR_CODE[m[K'
[13.628s]  1312 |     DJI_ERROR_WAYPOINT_V3_MODULE_CODE_TRAJ_INVALID_FLY_WP_MODE = [01;36m[KDJI_ERROR_CODE[m[K(DJI_ERROR_MODULE_WAYPOINT_V3, DJI_ERROR_WAYPOINT_V3_MODULE_RAW_CODE_TRAJ_INVALID_FLY_WP_MODE),
[13.628s]       |                                                                  [01;36m[K^~~~~~~~~~~~~~[m[K
[13.628s] [01m[K/home/dji/DJI_workshop/LZP_PSDK/ros2_workplace/src/yolo_detect/../../../Payload-SDK/samples/sample_c++/platform/linux/manifold3/../../../../../psdk_lib/include/dji_error.h:44:1:[m[K [01;35m[Kwarning: [m[KISO C restricts enumerator values to range of '[01m[Kint[m[K' [[01;35m[K-Wpedantic[m[K]
[13.628s]    44 | [01;35m[K([m[K(uint64_t)0 | \
[13.629s]       | [01;35m[K^[m[K
[13.629s] [01m[K/home/dji/DJI_workshop/LZP_PSDK/ros2_workplace/src/yolo_detect/../../../Payload-SDK/samples/sample_c++/platform/linux/manifold3/../../../../../psdk_lib/include/dji_error.h:1313:63:[m[K [01;36m[Knote: [m[Kin expansion of macro '[01m[KDJI_ERROR_CODE[m[K'
[13.629s]  1313 |     DJI_ERROR_WAYPOINT_V3_MODULE_CODE_TRAJ_INVALID_YAW_MODE = [01;36m[KDJI_ERROR_CODE[m[K(DJI_ERROR_MODULE_WAYPOINT_V3, DJI_ERROR_WAYPOINT_V3_MODULE_RAW_CODE_TRAJ_INVALID_YAW_MODE),
[13.629s]       |                                                               [01;36m[K^~~~~~~~~~~~~~[m[K
[13.629s] [01m[K/home/dji/DJI_workshop/LZP_PSDK/ros2_workplace/src/yolo_detect/../../../Payload-SDK/samples/sample_c++/platform/linux/manifold3/../../../../../psdk_lib/include/dji_error.h:44:1:[m[K [01;35m[Kwarning: [m[KISO C restricts enumerator values to range of '[01m[Kint[m[K' [[01;35m[K-Wpedantic[m[K]
[13.629s]    44 | [01;35m[K([m[K(uint64_t)0 | \
[13.629s]       | [01;35m[K^[m[K
[13.629s] [01m[K/home/dji/DJI_workshop/LZP_PSDK/ros2_workplace/src/yolo_detect/../../../Payload-SDK/samples/sample_c++/platform/linux/manifold3/../../../../../psdk_lib/include/dji_error.h:1314:68:[m[K [01;36m[Knote: [m[Kin expansion of macro '[01m[KDJI_ERROR_CODE[m[K'
[13.630s]  1314 |     DJI_ERROR_WAYPOINT_V3_MODULE_CODE_TRAJ_INVALID_TURN_DIR_MODE = [01;36m[KDJI_ERROR_CODE[m[K(DJI_ERROR_MODULE_WAYPOINT_V3, DJI_ERROR_WAYPOINT_V3_MODULE_RAW_CODE_TRAJ_INVALID_TURN_DIR_MODE),
[13.630s]       |                                                                    [01;36m[K^~~~~~~~~~~~~~[m[K
[13.630s] [01m[K/home/dji/DJI_workshop/LZP_PSDK/ros2_workplace/src/yolo_detect/../../../Payload-SDK/samples/sample_c++/platform/linux/manifold3/../../../../../psdk_lib/include/dji_error.h:44:1:[m[K [01;35m[Kwarning: [m[KISO C restricts enumerator values to range of '[01m[Kint[m[K' [[01;35m[K-Wpedantic[m[K]
[13.630s]    44 | [01;35m[K([m[K(uint64_t)0 | \
[13.630s]       | [01;35m[K^[m[K
[13.630s] [01m[K/home/dji/DJI_workshop/LZP_PSDK/ros2_workplace/src/yolo_detect/../../../Payload-SDK/samples/sample_c++/platform/linux/manifold3/../../../../../psdk_lib/include/dji_error.h:1315:62:[m[K [01;36m[Knote: [m[Kin expansion of macro '[01m[KDJI_ERROR_CODE[m[K'
[13.630s]  1315 |     DJI_ERROR_WAYPOINT_V3_MODULE_CODE_TRAJ_INVALID_WP_TYPE = [01;36m[KDJI_ERROR_CODE[m[K(DJI_ERROR_MODULE_WAYPOINT_V3, DJI_ERROR_WAYPOINT_V3_MODULE_RAW_CODE_TRAJ_INVALID_WP_TYPE),
[13.630s]       |                                                              [01;36m[K^~~~~~~~~~~~~~[m[K
[13.631s] [01m[K/home/dji/DJI_workshop/LZP_PSDK/ros2_workplace/src/yolo_detect/../../../Payload-SDK/samples/sample_c++/platform/linux/manifold3/../../../../../psdk_lib/include/dji_error.h:44:1:[m[K [01;35m[Kwarning: [m[KISO C restricts enumerator values to range of '[01m[Kint[m[K' [[01;35m[K-Wpedantic[m[K]
[13.631s]    44 | [01;35m[K([m[K(uint64_t)0 | \
[13.631s]       | [01;35m[K^[m[K
[13.631s] [01m[K/home/dji/DJI_workshop/LZP_PSDK/ros2_workplace/src/yolo_detect/../../../Payload-SDK/samples/sample_c++/platform/linux/manifold3/../../../../../psdk_lib/include/dji_error.h:1316:68:[m[K [01;36m[Knote: [m[Kin expansion of macro '[01m[KDJI_ERROR_CODE[m[K'
[13.631s]  1316 |     DJI_ERROR_WAYPOINT_V3_MODULE_CODE_TRAJ_FIR_LAS_WP_TYPE_ERROR = [01;36m[KDJI_ERROR_CODE[m[K(DJI_ERROR_MODULE_WAYPOINT_V3, DJI_ERROR_WAYPOINT_V3_MODULE_RAW_CODE_TRAJ_FIR_LAS_WP_TYPE_ERROR),
[13.631s]       |                                                                    [01;36m[K^~~~~~~~~~~~~~[m[K
[13.631s] [01m[K/home/dji/DJI_workshop/LZP_PSDK/ros2_workplace/src/yolo_detect/../../../Payload-SDK/samples/sample_c++/platform/linux/manifold3/../../../../../psdk_lib/include/dji_error.h:44:1:[m[K [01;35m[Kwarning: [m[KISO C restricts enumerator values to range of '[01m[Kint[m[K' [[01;35m[K-Wpedantic[m[K]
[13.631s]    44 | [01;35m[K([m[K(uint64_t)0 | \
[13.632s]       | [01;35m[K^[m[K
[13.632s] [01m[K/home/dji/DJI_workshop/LZP_PSDK/ros2_workplace/src/yolo_detect/../../../Payload-SDK/samples/sample_c++/platform/linux/manifold3/../../../../../psdk_lib/include/dji_error.h:1317:68:[m[K [01;36m[Knote: [m[Kin expansion of macro '[01m[KDJI_ERROR_CODE[m[K'
[13.632s]  1317 |     DJI_ERROR_WAYPOINT_V3_MODULE_CODE_TRAJ_GLOB_VEL_OUT_OF_RANGE = [01;36m[KDJI_ERROR_CODE[m[K(DJI_ERROR_MODULE_WAYPOINT_V3, DJI_ERROR_WAYPOINT_V3_MODULE_RAW_CODE_TRAJ_GLOB_VEL_OUT_OF_RANGE),
[13.632s]       |                                                                    [01;36m[K^~~~~~~~~~~~~~[m[K
[13.632s] [01m[K/home/dji/DJI_workshop/LZP_PSDK/ros2_workplace/src/yolo_detect/../../../Payload-SDK/samples/sample_c++/platform/linux/manifold3/../../../../../psdk_lib/include/dji_error.h:44:1:[m[K [01;35m[Kwarning: [m[KISO C restricts enumerator values to range of '[01m[Kint[m[K' [[01;35m[K-Wpedantic[m[K]
[13.632s]    44 | [01;35m[K([m[K(uint64_t)0 | \
[13.632s]       | [01;35m[K^[m[K
[13.633s] [01m[K/home/dji/DJI_workshop/LZP_PSDK/ros2_workplace/src/yolo_detect/../../../Payload-SDK/samples/sample_c++/platform/linux/manifold3/../../../../../psdk_lib/include/dji_error.h:1318:66:[m[K [01;36m[Knote: [m[Kin expansion of macro '[01m[KDJI_ERROR_CODE[m[K'
[13.633s]  1318 |     DJI_ERROR_WAYPOINT_V3_MODULE_CODE_TRAJ_WP_NUM_OUT_OF_RANGE = [01;36m[KDJI_ERROR_CODE[m[K(DJI_ERROR_MODULE_WAYPOINT_V3, DJI_ERROR_WAYPOINT_V3_MODULE_RAW_CODE_TRAJ_WP_NUM_OUT_OF_RANGE),
[13.633s]       |                                                                  [01;36m[K^~~~~~~~~~~~~~[m[K
[13.633s] [01m[K/home/dji/DJI_workshop/LZP_PSDK/ros2_workplace/src/yolo_detect/../../../Payload-SDK/samples/sample_c++/platform/linux/manifold3/../../../../../psdk_lib/include/dji_error.h:44:1:[m[K [01;35m[Kwarning: [m[KISO C restricts enumerator values to range of '[01m[Kint[m[K' [[01;35m[K-Wpedantic[m[K]
[13.633s]    44 | [01;35m[K([m[K(uint64_t)0 | \
[13.633s]       | [01;35m[K^[m[K
[13.633s] [01m[K/home/dji/DJI_workshop/LZP_PSDK/ros2_workplace/src/yolo_detect/../../../Payload-SDK/samples/sample_c++/platform/linux/manifold3/../../../../../psdk_lib/include/dji_error.h:1319:68:[m[K [01;36m[Knote: [m[Kin expansion of macro '[01m[KDJI_ERROR_CODE[m[K'
[13.633s]  1319 |     DJI_ERROR_WAYPOINT_V3_MODULE_CODE_TRAJ_LAT_LONG_OUT_OF_RANGE = [01;36m[KDJI_ERROR_CODE[m[K(DJI_ERROR_MODULE_WAYPOINT_V3, DJI_ERROR_WAYPOINT_V3_MODULE_RAW_CODE_TRAJ_LAT_LONG_OUT_OF_RANGE),
[13.634s]       |                                                                    [01;36m[K^~~~~~~~~~~~~~[m[K
[13.634s] [01m[K/home/dji/DJI_workshop/LZP_PSDK/ros2_workplace/src/yolo_detect/../../../Payload-SDK/samples/sample_c++/platform/linux/manifold3/../../../../../psdk_lib/include/dji_error.h:44:1:[m[K [01;35m[Kwarning: [m[KISO C restricts enumerator values to range of '[01m[Kint[m[K' [[01;35m[K-Wpedantic[m[K]
[13.634s]    44 | [01;35m[K([m[K(uint64_t)0 | \
[13.634s]       | [01;35m[K^[m[K
[13.634s] [01m[K/home/dji/DJI_workshop/LZP_PSDK/ros2_workplace/src/yolo_detect/../../../Payload-SDK/samples/sample_c++/platform/linux/manifold3/../../../../../psdk_lib/include/dji_error.h:1320:68:[m[K [01;36m[Knote: [m[Kin expansion of macro '[01m[KDJI_ERROR_CODE[m[K'
[13.634s]  1320 |     DJI_ERROR_WAYPOINT_V3_MODULE_CODE_TRAJ_DAMP_DIS_OUT_OF_RANGE = [01;36m[KDJI_ERROR_CODE[m[K(DJI_ERROR_MODULE_WAYPOINT_V3, DJI_ERROR_WAYPOINT_V3_MODULE_RAW_CODE_TRAJ_DAMP_DIS_OUT_OF_RANGE),
[13.634s]       |                                                                    [01;36m[K^~~~~~~~~~~~~~[m[K
[13.635s] [01m[K/home/dji/DJI_workshop/LZP_PSDK/ros2_workplace/src/yolo_detect/../../../Payload-SDK/samples/sample_c++/platform/linux/manifold3/../../../../../psdk_lib/include/dji_error.h:44:1:[m[K [01;35m[Kwarning: [m[KISO C restricts enumerator values to range of '[01m[Kint[m[K' [[01;35m[K-Wpedantic[m[K]
[13.635s]    44 | [01;35m[K([m[K(uint64_t)0 | \
[13.635s]       | [01;35m[K^[m[K
[13.635s] [01m[K/home/dji/DJI_workshop/LZP_PSDK/ros2_workplace/src/yolo_detect/../../../Payload-SDK/samples/sample_c++/platform/linux/manifold3/../../../../../psdk_lib/include/dji_error.h:1321:67:[m[K [01;36m[Knote: [m[Kin expansion of macro '[01m[KDJI_ERROR_CODE[m[K'
[13.635s]  1321 |     DJI_ERROR_WAYPOINT_V3_MODULE_CODE_TRAJ_MAX_VEL_OUT_OF_RANGE = [01;36m[KDJI_ERROR_CODE[m[K(DJI_ERROR_MODULE_WAYPOINT_V3, DJI_ERROR_WAYPOINT_V3_MODULE_RAW_CODE_TRAJ_MAX_VEL_OUT_OF_RANGE),
[13.635s]       |                                                                   [01;36m[K^~~~~~~~~~~~~~[m[K
[13.635s] [01m[K/home/dji/DJI_workshop/LZP_PSDK/ros2_workplace/src/yolo_detect/../../../Payload-SDK/samples/sample_c++/platform/linux/manifold3/../../../../../psdk_lib/include/dji_error.h:44:1:[m[K [01;35m[Kwarning: [m[KISO C restricts enumerator values to range of '[01m[Kint[m[K' [[01;35m[K-Wpedantic[m[K]
[13.635s]    44 | [01;35m[K([m[K(uint64_t)0 | \
[13.636s]       | [01;35m[K^[m[K
[13.636s] [01m[K/home/dji/DJI_workshop/LZP_PSDK/ros2_workplace/src/yolo_detect/../../../Payload-SDK/samples/sample_c++/platform/linux/manifold3/../../../../../psdk_lib/include/dji_error.h:1322:63:[m[K [01;36m[Knote: [m[Kin expansion of macro '[01m[KDJI_ERROR_CODE[m[K'
[13.636s]  1322 |     DJI_ERROR_WAYPOINT_V3_MODULE_CODE_TRAJ_VEL_OUT_OF_RANGE = [01;36m[KDJI_ERROR_CODE[m[K(DJI_ERROR_MODULE_WAYPOINT_V3, DJI_ERROR_WAYPOINT_V3_MODULE_RAW_CODE_TRAJ_VEL_OUT_OF_RANGE),
[13.636s]       |                                                               [01;36m[K^~~~~~~~~~~~~~[m[K
[13.636s] [01m[K/home/dji/DJI_workshop/LZP_PSDK/ros2_workplace/src/yolo_detect/../../../Payload-SDK/samples/sample_c++/platform/linux/manifold3/../../../../../psdk_lib/include/dji_error.h:44:1:[m[K [01;35m[Kwarning: [m[KISO C restricts enumerator values to range of '[01m[Kint[m[K' [[01;35m[K-Wpedantic[m[K]
[13.636s]    44 | [01;35m[K([m[K(uint64_t)0 | \
[13.636s]       | [01;35m[K^[m[K
[13.637s] [01m[K/home/dji/DJI_workshop/LZP_PSDK/ros2_workplace/src/yolo_detect/../../../Payload-SDK/samples/sample_c++/platform/linux/manifold3/../../../../../psdk_lib/include/dji_error.h:1323:66:[m[K [01;36m[Knote: [m[Kin expansion of macro '[01m[KDJI_ERROR_CODE[m[K'
[13.637s]  1323 |     DJI_ERROR_WAYPOINT_V3_MODULE_CODE_TRAJ_WP_YAW_OUT_OF_RANGE = [01;36m[KDJI_ERROR_CODE[m[K(DJI_ERROR_MODULE_WAYPOINT_V3, DJI_ERROR_WAYPOINT_V3_MODULE_RAW_CODE_TRAJ_WP_YAW_OUT_OF_RANGE),
[13.637s]       |                                                                  [01;36m[K^~~~~~~~~~~~~~[m[K
[13.637s] [01m[K/home/dji/DJI_workshop/LZP_PSDK/ros2_workplace/src/yolo_detect/../../../Payload-SDK/samples/sample_c++/platform/linux/manifold3/../../../../../psdk_lib/include/dji_error.h:44:1:[m[K [01;35m[Kwarning: [m[KISO C restricts enumerator values to range of '[01m[Kint[m[K' [[01;35m[K-Wpedantic[m[K]
[13.637s]    44 | [01;35m[K([m[K(uint64_t)0 | \
[13.638s]       | [01;35m[K^[m[K
[13.638s] [01m[K/home/dji/DJI_workshop/LZP_PSDK/ros2_workplace/src/yolo_detect/../../../Payload-SDK/samples/sample_c++/platform/linux/manifold3/../../../../../psdk_lib/include/dji_error.h:1324:76:[m[K [01;36m[Knote: [m[Kin expansion of macro '[01m[KDJI_ERROR_CODE[m[K'
[13.638s]  1324 |     DJI_ERROR_WAYPOINT_V3_MODULE_CODE_TRAJ_INVALID_YAW_MODE_IN_VERT_SEGM = [01;36m[KDJI_ERROR_CODE[m[K(DJI_ERROR_MODULE_WAYPOINT_V3, DJI_ERROR_WAYPOINT_V3_MODULE_RAW_CODE_TRAJ_INVALID_YAW_MODE_IN_VERT_SEGM),
[13.638s]       |                                                                            [01;36m[K^~~~~~~~~~~~~~[m[K
[13.638s] [01m[K/home/dji/DJI_workshop/LZP_PSDK/ros2_workplace/src/yolo_detect/../../../Payload-SDK/samples/sample_c++/platform/linux/manifold3/../../../../../psdk_lib/include/dji_error.h:44:1:[m[K [01;35m[Kwarning: [m[KISO C restricts enumerator values to range of '[01m[Kint[m[K' [[01;35m[K-Wpedantic[m[K]
[13.638s]    44 | [01;35m[K([m[K(uint64_t)0 | \
[13.638s]       | [01;35m[K^[m[K
[13.638s] [01m[K/home/dji/DJI_workshop/LZP_PSDK/ros2_workplace/src/yolo_detect/../../../Payload-SDK/samples/sample_c++/platform/linux/manifold3/../../../../../psdk_lib/include/dji_error.h:1325:79:[m[K [01;36m[Knote: [m[Kin expansion of macro '[01m[KDJI_ERROR_CODE[m[K'
[13.639s]  1325 |     DJI_ERROR_WAYPOINT_V3_MODULE_CODE_TRAJ_WP_BREAK_INFO_MISSION_ID_CHANGED = [01;36m[KDJI_ERROR_CODE[m[K(DJI_ERROR_MODULE_WAYPOINT_V3, DJI_ERROR_WAYPOINT_V3_MODULE_RAW_CODE_TRAJ_WP_BREAK_INFO_MISSION_ID_CHANGED),
[13.639s]       |                                                                               [01;36m[K^~~~~~~~~~~~~~[m[K
[13.639s] [01m[K/home/dji/DJI_workshop/LZP_PSDK/ros2_workplace/src/yolo_detect/../../../Payload-SDK/samples/sample_c++/platform/linux/manifold3/../../../../../psdk_lib/include/dji_error.h:44:1:[m[K [01;35m[Kwarning: [m[KISO C restricts enumerator values to range of '[01m[Kint[m[K' [[01;35m[K-Wpedantic[m[K]
[13.639s]    44 | [01;35m[K([m[K(uint64_t)0 | \
[13.639s]       | [01;35m[K^[m[K
[13.639s] [01m[K/home/dji/DJI_workshop/LZP_PSDK/ros2_workplace/src/yolo_detect/../../../Payload-SDK/samples/sample_c++/platform/linux/manifold3/../../../../../psdk_lib/include/dji_error.h:1326:82:[m[K [01;36m[Knote: [m[Kin expansion of macro '[01m[KDJI_ERROR_CODE[m[K'
[13.640s]  1326 |     DJI_ERROR_WAYPOINT_V3_MODULE_CODE_TRAJ_WP_BREAK_INFO_PROGRESS_OUT_OF_RANGE = [01;36m[KDJI_ERROR_CODE[m[K(DJI_ERROR_MODULE_WAYPOINT_V3, DJI_ERROR_WAYPOINT_V3_MODULE_RAW_CODE_TRAJ_WP_BREAK_INFO_PROGRESS_OUT_OF_RANGE),
[13.640s]       |                                                                                  [01;36m[K^~~~~~~~~~~~~~[m[K
[13.640s] [01m[K/home/dji/DJI_workshop/LZP_PSDK/ros2_workplace/src/yolo_detect/../../../Payload-SDK/samples/sample_c++/platform/linux/manifold3/../../../../../psdk_lib/include/dji_error.h:44:1:[m[K [01;35m[Kwarning: [m[KISO C restricts enumerator values to range of '[01m[Kint[m[K' [[01;35m[K-Wpedantic[m[K]
[13.640s]    44 | [01;35m[K([m[K(uint64_t)0 | \
[13.640s]       | [01;35m[K^[m[K
[13.640s] [01m[K/home/dji/DJI_workshop/LZP_PSDK/ros2_workplace/src/yolo_detect/../../../Payload-SDK/samples/sample_c++/platform/linux/manifold3/../../../../../psdk_lib/include/dji_error.h:1327:82:[m[K [01;36m[Knote: [m[Kin expansion of macro '[01m[KDJI_ERROR_CODE[m[K'
[13.640s]  1327 |     DJI_ERROR_WAYPOINT_V3_MODULE_CODE_TRAJ_WP_BREAK_INFO_INVALID_MISSION_STATE = [01;36m[KDJI_ERROR_CODE[m[K(DJI_ERROR_MODULE_WAYPOINT_V3, DJI_ERROR_WAYPOINT_V3_MODULE_RAW_CODE_TRAJ_WP_BREAK_INFO_INVALID_MISSION_STATE),
[13.641s]       |                                                                                  [01;36m[K^~~~~~~~~~~~~~[m[K
[13.641s] [01m[K/home/dji/DJI_workshop/LZP_PSDK/ros2_workplace/src/yolo_detect/../../../Payload-SDK/samples/sample_c++/platform/linux/manifold3/../../../../../psdk_lib/include/dji_error.h:44:1:[m[K [01;35m[Kwarning: [m[KISO C restricts enumerator values to range of '[01m[Kint[m[K' [[01;35m[K-Wpedantic[m[K]
[13.641s]    44 | [01;35m[K([m[K(uint64_t)0 | \
[13.641s]       | [01;35m[K^[m[K
[13.641s] [01m[K/home/dji/DJI_workshop/LZP_PSDK/ros2_workplace/src/yolo_detect/../../../Payload-SDK/samples/sample_c++/platform/linux/manifold3/../../../../../psdk_lib/include/dji_error.h:1328:82:[m[K [01;36m[Knote: [m[Kin expansion of macro '[01m[KDJI_ERROR_CODE[m[K'
[13.641s]  1328 |     DJI_ERROR_WAYPOINT_V3_MODULE_CODE_TRAJ_WP_BREAK_INFO_WP_INDEX_OUT_OF_RANGE = [01;36m[KDJI_ERROR_CODE[m[K(DJI_ERROR_MODULE_WAYPOINT_V3, DJI_ERROR_WAYPOINT_V3_MODULE_RAW_CODE_TRAJ_WP_BREAK_INFO_WP_INDEX_OUT_OF_RANGE),
[13.641s]       |                                                                                  [01;36m[K^~~~~~~~~~~~~~[m[K
[13.641s] [01m[K/home/dji/DJI_workshop/LZP_PSDK/ros2_workplace/src/yolo_detect/../../../Payload-SDK/samples/sample_c++/platform/linux/manifold3/../../../../../psdk_lib/include/dji_error.h:44:1:[m[K [01;35m[Kwarning: [m[KISO C restricts enumerator values to range of '[01m[Kint[m[K' [[01;35m[K-Wpedantic[m[K]
[13.642s]    44 | [01;35m[K([m[K(uint64_t)0 | \
[13.642s]       | [01;35m[K^[m[K
[13.642s] [01m[K/home/dji/DJI_workshop/LZP_PSDK/ros2_workplace/src/yolo_detect/../../../Payload-SDK/samples/sample_c++/platform/linux/manifold3/../../../../../psdk_lib/include/dji_error.h:1329:74:[m[K [01;36m[Knote: [m[Kin expansion of macro '[01m[KDJI_ERROR_CODE[m[K'
[13.642s]  1329 |     DJI_ERROR_WAYPOINT_V3_MODULE_CODE_TRAJ_BREAK_LAT_LONG_OUT_OF_RANGE = [01;36m[KDJI_ERROR_CODE[m[K(DJI_ERROR_MODULE_WAYPOINT_V3, DJI_ERROR_WAYPOINT_V3_MODULE_RAW_CODE_TRAJ_BREAK_LAT_LONG_OUT_OF_RANGE),
[13.642s]       |                                                                          [01;36m[K^~~~~~~~~~~~~~[m[K
[13.642s] [01m[K/home/dji/DJI_workshop/LZP_PSDK/ros2_workplace/src/yolo_detect/../../../Payload-SDK/samples/sample_c++/platform/linux/manifold3/../../../../../psdk_lib/include/dji_error.h:44:1:[m[K [01;35m[Kwarning: [m[KISO C restricts enumerator values to range of '[01m[Kint[m[K' [[01;35m[K-Wpedantic[m[K]
[13.642s]    44 | [01;35m[K([m[K(uint64_t)0 | \
[13.642s]       | [01;35m[K^[m[K
[13.643s] [01m[K/home/dji/DJI_workshop/LZP_PSDK/ros2_workplace/src/yolo_detect/../../../Payload-SDK/samples/sample_c++/platform/linux/manifold3/../../../../../psdk_lib/include/dji_error.h:1330:77:[m[K [01;36m[Knote: [m[Kin expansion of macro '[01m[KDJI_ERROR_CODE[m[K'
[13.643s]  1330 |     DJI_ERROR_WAYPOINT_V3_MODULE_CODE_TRAJ_BREAK_INFO_WP_YAW_OUT_OF_RANGE = [01;36m[KDJI_ERROR_CODE[m[K(DJI_ERROR_MODULE_WAYPOINT_V3, DJI_ERROR_WAYPOINT_V3_MODULE_RAW_CODE_TRAJ_BREAK_INFO_WP_YAW_OUT_OF_RANGE),
[13.643s]       |                                                                             [01;36m[K^~~~~~~~~~~~~~[m[K
[13.643s] [01m[K/home/dji/DJI_workshop/LZP_PSDK/ros2_workplace/src/yolo_detect/../../../Payload-SDK/samples/sample_c++/platform/linux/manifold3/../../../../../psdk_lib/include/dji_error.h:44:1:[m[K [01;35m[Kwarning: [m[KISO C restricts enumerator values to range of '[01m[Kint[m[K' [[01;35m[K-Wpedantic[m[K]
[13.643s]    44 | [01;35m[K([m[K(uint64_t)0 | \
[13.643s]       | [01;35m[K^[m[K
[13.643s] [01m[K/home/dji/DJI_workshop/LZP_PSDK/ros2_workplace/src/yolo_detect/../../../Payload-SDK/samples/sample_c++/platform/linux/manifold3/../../../../../psdk_lib/include/dji_error.h:1331:70:[m[K [01;36m[Knote: [m[Kin expansion of macro '[01m[KDJI_ERROR_CODE[m[K'
[13.643s]  1331 |     DJI_ERROR_WAYPOINT_V3_MODULE_CODE_TRAJ_INVALID_BREAK_INFO_FLAG = [01;36m[KDJI_ERROR_CODE[m[K(DJI_ERROR_MODULE_WAYPOINT_V3, DJI_ERROR_WAYPOINT_V3_MODULE_RAW_CODE_TRAJ_INVALID_BREAK_INFO_FLAG),
[13.644s]       |                                                                      [01;36m[K^~~~~~~~~~~~~~[m[K
[13.644s] [01m[K/home/dji/DJI_workshop/LZP_PSDK/ros2_workplace/src/yolo_detect/../../../Payload-SDK/samples/sample_c++/platform/linux/manifold3/../../../../../psdk_lib/include/dji_error.h:44:1:[m[K [01;35m[Kwarning: [m[KISO C restricts enumerator values to range of '[01m[Kint[m[K' [[01;35m[K-Wpedantic[m[K]
[13.644s]    44 | [01;35m[K([m[K(uint64_t)0 | \
[13.644s]       | [01;35m[K^[m[K
[13.644s] [01m[K/home/dji/DJI_workshop/LZP_PSDK/ros2_workplace/src/yolo_detect/../../../Payload-SDK/samples/sample_c++/platform/linux/manifold3/../../../../../psdk_lib/include/dji_error.h:1332:67:[m[K [01;36m[Knote: [m[Kin expansion of macro '[01m[KDJI_ERROR_CODE[m[K'
[13.644s]  1332 |     DJI_ERROR_WAYPOINT_V3_MODULE_CODE_TRAJ_GET_TRAJ_INFO_FAILED = [01;36m[KDJI_ERROR_CODE[m[K(DJI_ERROR_MODULE_WAYPOINT_V3, DJI_ERROR_WAYPOINT_V3_MODULE_RAW_CODE_TRAJ_GET_TRAJ_INFO_FAILED),
[13.644s]       |                                                                   [01;36m[K^~~~~~~~~~~~~~[m[K
[13.645s] [01m[K/home/dji/DJI_workshop/LZP_PSDK/ros2_workplace/src/yolo_detect/../../../Payload-SDK/samples/sample_c++/platform/linux/manifold3/../../../../../psdk_lib/include/dji_error.h:44:1:[m[K [01;35m[Kwarning: [m[KISO C restricts enumerator values to range of '[01m[Kint[m[K' [[01;35m[K-Wpedantic[m[K]
[13.645s]    44 | [01;35m[K([m[K(uint64_t)0 | \
[13.645s]       | [01;35m[K^[m[K
[13.645s] [01m[K/home/dji/DJI_workshop/LZP_PSDK/ros2_workplace/src/yolo_detect/../../../Payload-SDK/samples/sample_c++/platform/linux/manifold3/../../../../../psdk_lib/include/dji_error.h:1333:60:[m[K [01;36m[Knote: [m[Kin expansion of macro '[01m[KDJI_ERROR_CODE[m[K'
[13.645s]  1333 |     DJI_ERROR_WAYPOINT_V3_MODULE_CODE_TRAJ_GENERATE_FAIL = [01;36m[KDJI_ERROR_CODE[m[K(DJI_ERROR_MODULE_WAYPOINT_V3, DJI_ERROR_WAYPOINT_V3_MODULE_RAW_CODE_TRAJ_GENERATE_FAIL),
[13.645s]       |                                                            [01;36m[K^~~~~~~~~~~~~~[m[K
[13.645s] [01m[K/home/dji/DJI_workshop/LZP_PSDK/ros2_workplace/src/yolo_detect/../../../Payload-SDK/samples/sample_c++/platform/linux/manifold3/../../../../../psdk_lib/include/dji_error.h:44:1:[m[K [01;35m[Kwarning: [m[KISO C restricts enumerator values to range of '[01m[Kint[m[K' [[01;35m[K-Wpedantic[m[K]
[13.645s]    44 | [01;35m[K([m[K(uint64_t)0 | \
[13.646s]       | [01;35m[K^[m[K
[13.646s] [01m[K/home/dji/DJI_workshop/LZP_PSDK/ros2_workplace/src/yolo_detect/../../../Payload-SDK/samples/sample_c++/platform/linux/manifold3/../../../../../psdk_lib/include/dji_error.h:1334:59:[m[K [01;36m[Knote: [m[Kin expansion of macro '[01m[KDJI_ERROR_CODE[m[K'
[13.646s]  1334 |     DJI_ERROR_WAYPOINT_V3_MODULE_CODE_TRAJ_LIB_RUN_FAIL = [01;36m[KDJI_ERROR_CODE[m[K(DJI_ERROR_MODULE_WAYPOINT_V3, DJI_ERROR_WAYPOINT_V3_MODULE_RAW_CODE_TRAJ_LIB_RUN_FAIL),
[13.646s]       |                                                           [01;36m[K^~~~~~~~~~~~~~[m[K
[13.646s] [01m[K/home/dji/DJI_workshop/LZP_PSDK/ros2_workplace/src/yolo_detect/../../../Payload-SDK/samples/sample_c++/platform/linux/manifold3/../../../../../psdk_lib/include/dji_error.h:44:1:[m[K [01;35m[Kwarning: [m[KISO C restricts enumerator values to range of '[01m[Kint[m[K' [[01;35m[K-Wpedantic[m[K]
[13.646s]    44 | [01;35m[K([m[K(uint64_t)0 | \
[13.647s]       | [01;35m[K^[m[K
[13.647s] [01m[K/home/dji/DJI_workshop/LZP_PSDK/ros2_workplace/src/yolo_detect/../../../Payload-SDK/samples/sample_c++/platform/linux/manifold3/../../../../../psdk_lib/include/dji_error.h:1335:66:[m[K [01;36m[Knote: [m[Kin expansion of macro '[01m[KDJI_ERROR_CODE[m[K'
[13.647s]  1335 |     DJI_ERROR_WAYPOINT_V3_MODULE_CODE_TRAJ_LIB_EMERGENCY_BRAKE = [01;36m[KDJI_ERROR_CODE[m[K(DJI_ERROR_MODULE_WAYPOINT_V3, DJI_ERROR_WAYPOINT_V3_MODULE_RAW_CODE_TRAJ_LIB_EMERGENCY_BRAKE),
[13.647s]       |                                                                  [01;36m[K^~~~~~~~~~~~~~[m[K
[13.647s] [01m[K/home/dji/DJI_workshop/LZP_PSDK/ros2_workplace/src/yolo_detect/../../../Payload-SDK/samples/sample_c++/platform/linux/manifold3/../../../../../psdk_lib/include/dji_error.h:44:1:[m[K [01;35m[Kwarning: [m[KISO C restricts enumerator values to range of '[01m[Kint[m[K' [[01;35m[K-Wpedantic[m[K]
[13.647s]    44 | [01;35m[K([m[K(uint64_t)0 | \
[13.647s]       | [01;35m[K^[m[K
[13.647s] [01m[K/home/dji/DJI_workshop/LZP_PSDK/ros2_workplace/src/yolo_detect/../../../Payload-SDK/samples/sample_c++/platform/linux/manifold3/../../../../../psdk_lib/include/dji_error.h:1336:72:[m[K [01;36m[Knote: [m[Kin expansion of macro '[01m[KDJI_ERROR_CODE[m[K'
[13.648s]  1336 |     DJI_ERROR_WAYPOINT_V3_MODULE_CODE_ACTION_COMMON_ACTION_NOT_FOUND = [01;36m[KDJI_ERROR_CODE[m[K(DJI_ERROR_MODULE_WAYPOINT_V3, DJI_ERROR_WAYPOINT_V3_MODULE_RAW_CODE_ACTION_COMMON_ACTION_NOT_FOUND),
[13.648s]       |                                                                        [01;36m[K^~~~~~~~~~~~~~[m[K
[13.648s] [01m[K/home/dji/DJI_workshop/LZP_PSDK/ros2_workplace/src/yolo_detect/../../../Payload-SDK/samples/sample_c++/platform/linux/manifold3/../../../../../psdk_lib/include/dji_error.h:44:1:[m[K [01;35m[Kwarning: [m[KISO C restricts enumerator values to range of '[01m[Kint[m[K' [[01;35m[K-Wpedantic[m[K]
[13.648s]    44 | [01;35m[K([m[K(uint64_t)0 | \
[13.648s]       | [01;35m[K^[m[K
[13.648s] [01m[K/home/dji/DJI_workshop/LZP_PSDK/ros2_workplace/src/yolo_detect/../../../Payload-SDK/samples/sample_c++/platform/linux/manifold3/../../../../../psdk_lib/include/dji_error.h:1337:77:[m[K [01;36m[Knote: [m[Kin expansion of macro '[01m[KDJI_ERROR_CODE[m[K'
[13.648s]  1337 |     DJI_ERROR_WAYPOINT_V3_MODULE_CODE_ACTION_COMMON_ACTION_INDEX_REPEATED = [01;36m[KDJI_ERROR_CODE[m[K(DJI_ERROR_MODULE_WAYPOINT_V3, DJI_ERROR_WAYPOINT_V3_MODULE_RAW_CODE_ACTION_COMMON_ACTION_INDEX_REPEATED),
[13.648s]       |                                                                             [01;36m[K^~~~~~~~~~~~~~[m[K
[13.649s] [01m[K/home/dji/DJI_workshop/LZP_PSDK/ros2_workplace/src/yolo_detect/../../../Payload-SDK/samples/sample_c++/platform/linux/manifold3/../../../../../psdk_lib/include/dji_error.h:44:1:[m[K [01;35m[Kwarning: [m[KISO C restricts enumerator values to range of '[01m[Kint[m[K' [[01;35m[K-Wpedantic[m[K]
[13.649s]    44 | [01;35m[K([m[K(uint64_t)0 | \
[13.649s]       | [01;35m[K^[m[K
[13.649s] [01m[K/home/dji/DJI_workshop/LZP_PSDK/ros2_workplace/src/yolo_detect/../../../Payload-SDK/samples/sample_c++/platform/linux/manifold3/../../../../../psdk_lib/include/dji_error.h:1338:94:[m[K [01;36m[Knote: [m[Kin expansion of macro '[01m[KDJI_ERROR_CODE[m[K'
[13.649s]  1338 |     DJI_ERROR_WAYPOINT_V3_MODULE_CODE_ACTION_COMMON_ACTION_INFO_SIZE_TOO_LONG_OR_TOO_SHORT = [01;36m[KDJI_ERROR_CODE[m[K(DJI_ERROR_MODULE_WAYPOINT_V3, DJI_ERROR_WAYPOINT_V3_MODULE_RAW_CODE_ACTION_COMMON_ACTION_INFO_SIZE_TOO_LONG_OR_TOO_SHORT),
[13.649s]       |                                                                                              [01;36m[K^~~~~~~~~~~~~~[m[K
[13.649s] [01m[K/home/dji/DJI_workshop/LZP_PSDK/ros2_workplace/src/yolo_detect/../../../Payload-SDK/samples/sample_c++/platform/linux/manifold3/../../../../../psdk_lib/include/dji_error.h:44:1:[m[K [01;35m[Kwarning: [m[KISO C restricts enumerator values to range of '[01m[Kint[m[K' [[01;35m[K-Wpedantic[m[K]
[13.649s]    44 | [01;35m[K([m[K(uint64_t)0 | \
[13.650s]       | [01;35m[K^[m[K
[13.650s] [01m[K/home/dji/DJI_workshop/LZP_PSDK/ros2_workplace/src/yolo_detect/../../../Payload-SDK/samples/sample_c++/platform/linux/manifold3/../../../../../psdk_lib/include/dji_error.h:1339:73:[m[K [01;36m[Knote: [m[Kin expansion of macro '[01m[KDJI_ERROR_CODE[m[K'
[13.650s]  1339 |     DJI_ERROR_WAYPOINT_V3_MODULE_CODE_ACTION_COMMON_ACTION_TREE_EMPTY = [01;36m[KDJI_ERROR_CODE[m[K(DJI_ERROR_MODULE_WAYPOINT_V3, DJI_ERROR_WAYPOINT_V3_MODULE_RAW_CODE_ACTION_COMMON_ACTION_TREE_EMPTY),
[13.650s]       |                                                                         [01;36m[K^~~~~~~~~~~~~~[m[K
[13.650s] [01m[K/home/dji/DJI_workshop/LZP_PSDK/ros2_workplace/src/yolo_detect/../../../Payload-SDK/samples/sample_c++/platform/linux/manifold3/../../../../../psdk_lib/include/dji_error.h:44:1:[m[K [01;35m[Kwarning: [m[KISO C restricts enumerator values to range of '[01m[Kint[m[K' [[01;35m[K-Wpedantic[m[K]
[13.650s]    44 | [01;35m[K([m[K(uint64_t)0 | \
[13.650s]       | [01;35m[K^[m[K
[13.650s] [01m[K/home/dji/DJI_workshop/LZP_PSDK/ros2_workplace/src/yolo_detect/../../../Payload-SDK/samples/sample_c++/platform/linux/manifold3/../../../../../psdk_lib/include/dji_error.h:1340:79:[m[K [01;36m[Knote: [m[Kin expansion of macro '[01m[KDJI_ERROR_CODE[m[K'
[13.651s]  1340 |     DJI_ERROR_WAYPOINT_V3_MODULE_CODE_ACTION_COMMON_ACTION_TREE_LAYER_EMPTY = [01;36m[KDJI_ERROR_CODE[m[K(DJI_ERROR_MODULE_WAYPOINT_V3, DJI_ERROR_WAYPOINT_V3_MODULE_RAW_CODE_ACTION_COMMON_ACTION_TREE_LAYER_EMPTY),
[13.651s]       |                                                                               [01;36m[K^~~~~~~~~~~~~~[m[K
[13.651s] [01m[K/home/dji/DJI_workshop/LZP_PSDK/ros2_workplace/src/yolo_detect/../../../Payload-SDK/samples/sample_c++/platform/linux/manifold3/../../../../../psdk_lib/include/dji_error.h:44:1:[m[K [01;35m[Kwarning: [m[KISO C restricts enumerator values to range of '[01m[Kint[m[K' [[01;35m[K-Wpedantic[m[K]
[13.651s]    44 | [01;35m[K([m[K(uint64_t)0 | \
[13.651s]       | [01;35m[K^[m[K
[13.651s] [01m[K/home/dji/DJI_workshop/LZP_PSDK/ros2_workplace/src/yolo_detect/../../../Payload-SDK/samples/sample_c++/platform/linux/manifold3/../../../../../psdk_lib/include/dji_error.h:1341:74:[m[K [01;36m[Knote: [m[Kin expansion of macro '[01m[KDJI_ERROR_CODE[m[K'
[13.651s]  1341 |     DJI_ERROR_WAYPOINT_V3_MODULE_CODE_ACTION_COMMON_ACTION_ID_REPEATED = [01;36m[KDJI_ERROR_CODE[m[K(DJI_ERROR_MODULE_WAYPOINT_V3, DJI_ERROR_WAYPOINT_V3_MODULE_RAW_CODE_ACTION_COMMON_ACTION_ID_REPEATED),
[13.651s]       |                                                                          [01;36m[K^~~~~~~~~~~~~~[m[K
[13.652s] [01m[K/home/dji/DJI_workshop/LZP_PSDK/ros2_workplace/src/yolo_detect/../../../Payload-SDK/samples/sample_c++/platform/linux/manifold3/../../../../../psdk_lib/include/dji_error.h:44:1:[m[K [01;35m[Kwarning: [m[KISO C restricts enumerator values to range of '[01m[Kint[m[K' [[01;35m[K-Wpedantic[m[K]
[13.652s]    44 | [01;35m[K([m[K(uint64_t)0 | \
[13.652s]       | [01;35m[K^[m[K
[13.652s] [01m[K/home/dji/DJI_workshop/LZP_PSDK/ros2_workplace/src/yolo_detect/../../../Payload-SDK/samples/sample_c++/platform/linux/manifold3/../../../../../psdk_lib/include/dji_error.h:1342:85:[m[K [01;36m[Knote: [m[Kin expansion of macro '[01m[KDJI_ERROR_CODE[m[K'
[13.652s]  1342 |     DJI_ERROR_WAYPOINT_V3_MODULE_CODE_ACTION_COMMON_ACTION_NODE_CHILDREN_NUM_LT_2 = [01;36m[KDJI_ERROR_CODE[m[K(DJI_ERROR_MODULE_WAYPOINT_V3, DJI_ERROR_WAYPOINT_V3_MODULE_RAW_CODE_ACTION_COMMON_ACTION_NODE_CHILDREN_NUM_LT_2),
[13.652s]       |                                                                                     [01;36m[K^~~~~~~~~~~~~~[m[K
[13.652s] [01m[K/home/dji/DJI_workshop/LZP_PSDK/ros2_workplace/src/yolo_detect/../../../Payload-SDK/samples/sample_c++/platform/linux/manifold3/../../../../../psdk_lib/include/dji_error.h:44:1:[m[K [01;35m[Kwarning: [m[KISO C restricts enumerator values to range of '[01m[Kint[m[K' [[01;35m[K-Wpedantic[m[K]
[13.653s]    44 | [01;35m[K([m[K(uint64_t)0 | \
[13.653s]       | [01;35m[K^[m[K
[13.653s] [01m[K/home/dji/DJI_workshop/LZP_PSDK/ros2_workplace/src/yolo_detect/../../../Payload-SDK/samples/sample_c++/platform/linux/manifold3/../../../../../psdk_lib/include/dji_error.h:1343:81:[m[K [01;36m[Knote: [m[Kin expansion of macro '[01m[KDJI_ERROR_CODE[m[K'
[13.653s]  1343 |     DJI_ERROR_WAYPOINT_V3_MODULE_CODE_ACTION_COMMON_ACTION_INDEX_OUT_OF_RANGE = [01;36m[KDJI_ERROR_CODE[m[K(DJI_ERROR_MODULE_WAYPOINT_V3, DJI_ERROR_WAYPOINT_V3_MODULE_RAW_CODE_ACTION_COMMON_ACTION_INDEX_OUT_OF_RANGE),
[13.653s]       |                                                                                 [01;36m[K^~~~~~~~~~~~~~[m[K
[13.653s] [01m[K/home/dji/DJI_workshop/LZP_PSDK/ros2_workplace/src/yolo_detect/../../../Payload-SDK/samples/sample_c++/platform/linux/manifold3/../../../../../psdk_lib/include/dji_error.h:44:1:[m[K [01;35m[Kwarning: [m[KISO C restricts enumerator values to range of '[01m[Kint[m[K' [[01;35m[K-Wpedantic[m[K]
[13.653s]    44 | [01;35m[K([m[K(uint64_t)0 | \
[13.653s]       | [01;35m[K^[m[K
[13.654s] [01m[K/home/dji/DJI_workshop/LZP_PSDK/ros2_workplace/src/yolo_detect/../../../Payload-SDK/samples/sample_c++/platform/linux/manifold3/../../../../../psdk_lib/include/dji_error.h:1344:74:[m[K [01;36m[Knote: [m[Kin expansion of macro '[01m[KDJI_ERROR_CODE[m[K'
[13.654s]  1344 |     DJI_ERROR_WAYPOINT_V3_MODULE_CODE_ACTION_COMMON_ACTION_ID_IS_65535 = [01;36m[KDJI_ERROR_CODE[m[K(DJI_ERROR_MODULE_WAYPOINT_V3, DJI_ERROR_WAYPOINT_V3_MODULE_RAW_CODE_ACTION_COMMON_ACTION_ID_IS_65535),
[13.654s]       |                                                                          [01;36m[K^~~~~~~~~~~~~~[m[K
[13.654s] [01m[K/home/dji/DJI_workshop/LZP_PSDK/ros2_workplace/src/yolo_detect/../../../Payload-SDK/samples/sample_c++/platform/linux/manifold3/../../../../../psdk_lib/include/dji_error.h:44:1:[m[K [01;35m[Kwarning: [m[KISO C restricts enumerator values to range of '[01m[Kint[m[K' [[01;35m[K-Wpedantic[m[K]
[13.654s]    44 | [01;35m[K([m[K(uint64_t)0 | \
[13.654s]       | [01;35m[K^[m[K
[13.654s] [01m[K/home/dji/DJI_workshop/LZP_PSDK/ros2_workplace/src/yolo_detect/../../../Payload-SDK/samples/sample_c++/platform/linux/manifold3/../../../../../psdk_lib/include/dji_error.h:1345:103:[m[K [01;36m[Knote: [m[Kin expansion of macro '[01m[KDJI_ERROR_CODE[m[K'
[13.654s]  1345 |     DJI_ERROR_WAYPOINT_V3_MODULE_CODE_ACTION_COMMON_ACTION_NODE_CHILDNUM_SUM_NOT_EQ_NEXT_LAYER_SIZE = [01;36m[KDJI_ERROR_CODE[m[K(DJI_ERROR_MODULE_WAYPOINT_V3, DJI_ERROR_WAYPOINT_V3_MODULE_RAW_CODE_ACTION_COMMON_ACTION_NODE_CHILDNUM_SUM_NOT_EQ_NEXT_LAYER_SIZE),
[13.655s]       |                                                                                                       [01;36m[K^~~~~~~~~~~~~~[m[K
[13.655s] [01m[K/home/dji/DJI_workshop/LZP_PSDK/ros2_workplace/src/yolo_detect/../../../Payload-SDK/samples/sample_c++/platform/linux/manifold3/../../../../../psdk_lib/include/dji_error.h:44:1:[m[K [01;35m[Kwarning: [m[KISO C restricts enumerator values to range of '[01m[Kint[m[K' [[01;35m[K-Wpedantic[m[K]
[13.655s]    44 | [01;35m[K([m[K(uint64_t)0 | \
[13.655s]       | [01;35m[K^[m[K
[13.655s] [01m[K/home/dji/DJI_workshop/LZP_PSDK/ros2_workplace/src/yolo_detect/../../../Payload-SDK/samples/sample_c++/platform/linux/manifold3/../../../../../psdk_lib/include/dji_error.h:1346:86:[m[K [01;36m[Knote: [m[Kin expansion of macro '[01m[KDJI_ERROR_CODE[m[K'
[13.655s]  1346 |     DJI_ERROR_WAYPOINT_V3_MODULE_CODE_ACTION_COMMON_ACTION_TREE_LAYER_NUM_TOO_MORE = [01;36m[KDJI_ERROR_CODE[m[K(DJI_ERROR_MODULE_WAYPOINT_V3, DJI_ERROR_WAYPOINT_V3_MODULE_RAW_CODE_ACTION_COMMON_ACTION_TREE_LAYER_NUM_TOO_MORE),
[13.655s]       |                                                                                      [01;36m[K^~~~~~~~~~~~~~[m[K
[13.656s] [01m[K/home/dji/DJI_workshop/LZP_PSDK/ros2_workplace/src/yolo_detect/../../../Payload-SDK/samples/sample_c++/platform/linux/manifold3/../../../../../psdk_lib/include/dji_error.h:44:1:[m[K [01;35m[Kwarning: [m[KISO C restricts enumerator values to range of '[01m[Kint[m[K' [[01;35m[K-Wpedantic[m[K]
[13.656s]    44 | [01;35m[K([m[K(uint64_t)0 | \
[13.656s]       | [01;35m[K^[m[K
[13.656s] [01m[K/home/dji/DJI_workshop/LZP_PSDK/ros2_workplace/src/yolo_detect/../../../Payload-SDK/samples/sample_c++/platform/linux/manifold3/../../../../../psdk_lib/include/dji_error.h:1347:86:[m[K [01;36m[Knote: [m[Kin expansion of macro '[01m[KDJI_ERROR_CODE[m[K'
[13.656s]  1347 |     DJI_ERROR_WAYPOINT_V3_MODULE_CODE_ACTION_COMMON_ACTION_TREE_LAYER_NUM_TOO_LESS = [01;36m[KDJI_ERROR_CODE[m[K(DJI_ERROR_MODULE_WAYPOINT_V3, DJI_ERROR_WAYPOINT_V3_MODULE_RAW_CODE_ACTION_COMMON_ACTION_TREE_LAYER_NUM_TOO_LESS),
[13.656s]       |                                                                                      [01;36m[K^~~~~~~~~~~~~~[m[K
[13.656s] [01m[K/home/dji/DJI_workshop/LZP_PSDK/ros2_workplace/src/yolo_detect/../../../Payload-SDK/samples/sample_c++/platform/linux/manifold3/../../../../../psdk_lib/include/dji_error.h:44:1:[m[K [01;35m[Kwarning: [m[KISO C restricts enumerator values to range of '[01m[Kint[m[K' [[01;35m[K-Wpedantic[m[K]
[13.656s]    44 | [01;35m[K([m[K(uint64_t)0 | \
[13.657s]       | [01;35m[K^[m[K
[13.657s] [01m[K/home/dji/DJI_workshop/LZP_PSDK/ros2_workplace/src/yolo_detect/../../../Payload-SDK/samples/sample_c++/platform/linux/manifold3/../../../../../psdk_lib/include/dji_error.h:1348:85:[m[K [01;36m[Knote: [m[Kin expansion of macro '[01m[KDJI_ERROR_CODE[m[K'
[13.657s]  1348 |     DJI_ERROR_WAYPOINT_V3_MODULE_CODE_ACTION_COMMON_ACTION_GROUP_NUM_OUT_OF_RANGE = [01;36m[KDJI_ERROR_CODE[m[K(DJI_ERROR_MODULE_WAYPOINT_V3, DJI_ERROR_WAYPOINT_V3_MODULE_RAW_CODE_ACTION_COMMON_ACTION_GROUP_NUM_OUT_OF_RANGE),
[13.657s]       |                                                                                     [01;36m[K^~~~~~~~~~~~~~[m[K
[13.657s] [01m[K/home/dji/DJI_workshop/LZP_PSDK/ros2_workplace/src/yolo_detect/../../../Payload-SDK/samples/sample_c++/platform/linux/manifold3/../../../../../psdk_lib/include/dji_error.h:44:1:[m[K [01;35m[Kwarning: [m[KISO C restricts enumerator values to range of '[01m[Kint[m[K' [[01;35m[K-Wpedantic[m[K]
[13.658s]    44 | [01;35m[K([m[K(uint64_t)0 | \
[13.658s]       | [01;35m[K^[m[K
[13.658s] [01m[K/home/dji/DJI_workshop/LZP_PSDK/ros2_workplace/src/yolo_detect/../../../Payload-SDK/samples/sample_c++/platform/linux/manifold3/../../../../../psdk_lib/include/dji_error.h:1349:86:[m[K [01;36m[Knote: [m[Kin expansion of macro '[01m[KDJI_ERROR_CODE[m[K'
[13.658s]  1349 |     DJI_ERROR_WAYPOINT_V3_MODULE_CODE_ACTION_COMMON_ACTION_GROUP_VALID_RANGE_ERROR = [01;36m[KDJI_ERROR_CODE[m[K(DJI_ERROR_MODULE_WAYPOINT_V3, DJI_ERROR_WAYPOINT_V3_MODULE_RAW_CODE_ACTION_COMMON_ACTION_GROUP_VALID_RANGE_ERROR),
[13.658s]       |                                                                                      [01;36m[K^~~~~~~~~~~~~~[m[K
[13.658s] [01m[K/home/dji/DJI_workshop/LZP_PSDK/ros2_workplace/src/yolo_detect/../../../Payload-SDK/samples/sample_c++/platform/linux/manifold3/../../../../../psdk_lib/include/dji_error.h:44:1:[m[K [01;35m[Kwarning: [m[KISO C restricts enumerator values to range of '[01m[Kint[m[K' [[01;35m[K-Wpedantic[m[K]
[13.658s]    44 | [01;35m[K([m[K(uint64_t)0 | \
[13.658s]       | [01;35m[K^[m[K
[13.659s] [01m[K/home/dji/DJI_workshop/LZP_PSDK/ros2_workplace/src/yolo_detect/../../../Payload-SDK/samples/sample_c++/platform/linux/manifold3/../../../../../psdk_lib/include/dji_error.h:1350:87:[m[K [01;36m[Knote: [m[Kin expansion of macro '[01m[KDJI_ERROR_CODE[m[K'
[13.659s]  1350 |     DJI_ERROR_WAYPOINT_V3_MODULE_CODE_ACTION_COMMON_ACTION_TREE_ROOT_STATUS_INVALID = [01;36m[KDJI_ERROR_CODE[m[K(DJI_ERROR_MODULE_WAYPOINT_V3, DJI_ERROR_WAYPOINT_V3_MODULE_RAW_CODE_ACTION_COMMON_ACTION_TREE_ROOT_STATUS_INVALID),
[13.659s]       |                                                                                       [01;36m[K^~~~~~~~~~~~~~[m[K
[13.659s] [01m[K/home/dji/DJI_workshop/LZP_PSDK/ros2_workplace/src/yolo_detect/../../../Payload-SDK/samples/sample_c++/platform/linux/manifold3/../../../../../psdk_lib/include/dji_error.h:44:1:[m[K [01;35m[Kwarning: [m[KISO C restricts enumerator values to range of '[01m[Kint[m[K' [[01;35m[K-Wpedantic[m[K]
[13.659s]    44 | [01;35m[K([m[K(uint64_t)0 | \
[13.659s]       | [01;35m[K^[m[K
[13.659s] [01m[K/home/dji/DJI_workshop/LZP_PSDK/ros2_workplace/src/yolo_detect/../../../Payload-SDK/samples/sample_c++/platform/linux/manifold3/../../../../../psdk_lib/include/dji_error.h:1351:87:[m[K [01;36m[Knote: [m[Kin expansion of macro '[01m[KDJI_ERROR_CODE[m[K'
[13.659s]  1351 |     DJI_ERROR_WAYPOINT_V3_MODULE_CODE_ACTION_COMMON_ACTION_TREE_NODE_STATUS_INVALID = [01;36m[KDJI_ERROR_CODE[m[K(DJI_ERROR_MODULE_WAYPOINT_V3, DJI_ERROR_WAYPOINT_V3_MODULE_RAW_CODE_ACTION_COMMON_ACTION_TREE_NODE_STATUS_INVALID),
[13.660s]       |                                                                                       [01;36m[K^~~~~~~~~~~~~~[m[K
[13.660s] [01m[K/home/dji/DJI_workshop/LZP_PSDK/ros2_workplace/src/yolo_detect/../../../Payload-SDK/samples/sample_c++/platform/linux/manifold3/../../../../../psdk_lib/include/dji_error.h:44:1:[m[K [01;35m[Kwarning: [m[KISO C restricts enumerator values to range of '[01m[Kint[m[K' [[01;35m[K-Wpedantic[m[K]
[13.660s]    44 | [01;35m[K([m[K(uint64_t)0 | \
[13.660s]       | [01;35m[K^[m[K
[13.660s] [01m[K/home/dji/DJI_workshop/LZP_PSDK/ros2_workplace/src/yolo_detect/../../../Payload-SDK/samples/sample_c++/platform/linux/manifold3/../../../../../psdk_lib/include/dji_error.h:1352:95:[m[K [01;36m[Knote: [m[Kin expansion of macro '[01m[KDJI_ERROR_CODE[m[K'
[13.660s]  1352 |     DJI_ERROR_WAYPOINT_V3_MODULE_CODE_ACTION_COMMON_BREAK_INFO_ACTION_GROUP_ID_OUT_OF_RANGE = [01;36m[KDJI_ERROR_CODE[m[K(DJI_ERROR_MODULE_WAYPOINT_V3, DJI_ERROR_WAYPOINT_V3_MODULE_RAW_CODE_ACTION_COMMON_BREAK_INFO_ACTION_GROUP_ID_OUT_OF_RANGE),
[13.660s]       |                                                                                               [01;36m[K^~~~~~~~~~~~~~[m[K
[13.660s] [01m[K/home/dji/DJI_workshop/LZP_PSDK/ros2_workplace/src/yolo_detect/../../../Payload-SDK/samples/sample_c++/platform/linux/manifold3/../../../../../psdk_lib/include/dji_error.h:44:1:[m[K [01;35m[Kwarning: [m[KISO C restricts enumerator values to range of '[01m[Kint[m[K' [[01;35m[K-Wpedantic[m[K]
[13.661s]    44 | [01;35m[K([m[K(uint64_t)0 | \
[13.661s]       | [01;35m[K^[m[K
[13.661s] [01m[K/home/dji/DJI_workshop/LZP_PSDK/ros2_workplace/src/yolo_detect/../../../Payload-SDK/samples/sample_c++/platform/linux/manifold3/../../../../../psdk_lib/include/dji_error.h:1353:85:[m[K [01;36m[Knote: [m[Kin expansion of macro '[01m[KDJI_ERROR_CODE[m[K'
[13.661s]  1353 |     DJI_ERROR_WAYPOINT_V3_MODULE_CODE_ACTION_COMMON_ACTION_STATUS_TREE_SIZE_ERROR = [01;36m[KDJI_ERROR_CODE[m[K(DJI_ERROR_MODULE_WAYPOINT_V3, DJI_ERROR_WAYPOINT_V3_MODULE_RAW_CODE_ACTION_COMMON_ACTION_STATUS_TREE_SIZE_ERROR),
[13.661s]       |                                                                                     [01;36m[K^~~~~~~~~~~~~~[m[K
[13.661s] [01m[K/home/dji/DJI_workshop/LZP_PSDK/ros2_workplace/src/yolo_detect/../../../Payload-SDK/samples/sample_c++/platform/linux/manifold3/../../../../../psdk_lib/include/dji_error.h:44:1:[m[K [01;35m[Kwarning: [m[KISO C restricts enumerator values to range of '[01m[Kint[m[K' [[01;35m[K-Wpedantic[m[K]
[13.661s]    44 | [01;35m[K([m[K(uint64_t)0 | \
[13.662s]       | [01;35m[K^[m[K
[13.662s] [01m[K/home/dji/DJI_workshop/LZP_PSDK/ros2_workplace/src/yolo_detect/../../../Payload-SDK/samples/sample_c++/platform/linux/manifold3/../../../../../psdk_lib/include/dji_error.h:1354:93:[m[K [01;36m[Knote: [m[Kin expansion of macro '[01m[KDJI_ERROR_CODE[m[K'
[13.662s]  1354 |     DJI_ERROR_WAYPOINT_V3_MODULE_CODE_ACTION_COMMON_BREAK_INFO_TRIGGER_RUN_RESULT_INVALID = [01;36m[KDJI_ERROR_CODE[m[K(DJI_ERROR_MODULE_WAYPOINT_V3, DJI_ERROR_WAYPOINT_V3_MODULE_RAW_CODE_ACTION_COMMON_BREAK_INFO_TRIGGER_RUN_RESULT_INVALID),
[13.662s]       |                                                                                             [01;36m[K^~~~~~~~~~~~~~[m[K
[13.662s] [01m[K/home/dji/DJI_workshop/LZP_PSDK/ros2_workplace/src/yolo_detect/../../../Payload-SDK/samples/sample_c++/platform/linux/manifold3/../../../../../psdk_lib/include/dji_error.h:44:1:[m[K [01;35m[Kwarning: [m[KISO C restricts enumerator values to range of '[01m[Kint[m[K' [[01;35m[K-Wpedantic[m[K]
[13.662s]    44 | [01;35m[K([m[K(uint64_t)0 | \
[13.662s]       | [01;35m[K^[m[K
[13.662s] [01m[K/home/dji/DJI_workshop/LZP_PSDK/ros2_workplace/src/yolo_detect/../../../Payload-SDK/samples/sample_c++/platform/linux/manifold3/../../../../../psdk_lib/include/dji_error.h:1355:91:[m[K [01;36m[Knote: [m[Kin expansion of macro '[01m[KDJI_ERROR_CODE[m[K'
[13.663s]  1355 |     DJI_ERROR_WAYPOINT_V3_MODULE_CODE_ACTION_COMMON_BREAK_INFO_ACTION_GROUP_ID_REPEATED = [01;36m[KDJI_ERROR_CODE[m[K(DJI_ERROR_MODULE_WAYPOINT_V3, DJI_ERROR_WAYPOINT_V3_MODULE_RAW_CODE_ACTION_COMMON_BREAK_INFO_ACTION_GROUP_ID_REPEATED),
[13.663s]       |                                                                                           [01;36m[K^~~~~~~~~~~~~~[m[K
[13.663s] [01m[K/home/dji/DJI_workshop/LZP_PSDK/ros2_workplace/src/yolo_detect/../../../Payload-SDK/samples/sample_c++/platform/linux/manifold3/../../../../../psdk_lib/include/dji_error.h:44:1:[m[K [01;35m[Kwarning: [m[KISO C restricts enumerator values to range of '[01m[Kint[m[K' [[01;35m[K-Wpedantic[m[K]
[13.663s]    44 | [01;35m[K([m[K(uint64_t)0 | \
[13.663s]       | [01;35m[K^[m[K
[13.663s] [01m[K/home/dji/DJI_workshop/LZP_PSDK/ros2_workplace/src/yolo_detect/../../../Payload-SDK/samples/sample_c++/platform/linux/manifold3/../../../../../psdk_lib/include/dji_error.h:1356:91:[m[K [01;36m[Knote: [m[Kin expansion of macro '[01m[KDJI_ERROR_CODE[m[K'
[13.663s]  1356 |     DJI_ERROR_WAYPOINT_V3_MODULE_CODE_ACTION_COMMON_BREAK_INFO_ACTION_LOCATION_REPEATED = [01;36m[KDJI_ERROR_CODE[m[K(DJI_ERROR_MODULE_WAYPOINT_V3, DJI_ERROR_WAYPOINT_V3_MODULE_RAW_CODE_ACTION_COMMON_BREAK_INFO_ACTION_LOCATION_REPEATED),
[13.663s]       |                                                                                           [01;36m[K^~~~~~~~~~~~~~[m[K
[13.664s] [01m[K/home/dji/DJI_workshop/LZP_PSDK/ros2_workplace/src/yolo_detect/../../../Payload-SDK/samples/sample_c++/platform/linux/manifold3/../../../../../psdk_lib/include/dji_error.h:44:1:[m[K [01;35m[Kwarning: [m[KISO C restricts enumerator values to range of '[01m[Kint[m[K' [[01;35m[K-Wpedantic[m[K]
[13.664s]    44 | [01;35m[K([m[K(uint64_t)0 | \
[13.664s]       | [01;35m[K^[m[K
[13.664s] [01m[K/home/dji/DJI_workshop/LZP_PSDK/ros2_workplace/src/yolo_detect/../../../Payload-SDK/samples/sample_c++/platform/linux/manifold3/../../../../../psdk_lib/include/dji_error.h:1357:95:[m[K [01;36m[Knote: [m[Kin expansion of macro '[01m[KDJI_ERROR_CODE[m[K'
[13.664s]  1357 |     DJI_ERROR_WAYPOINT_V3_MODULE_CODE_ACTION_COMMON_BREAK_INFO_ACTION_LOCATION_OUT_OF_RANGE = [01;36m[KDJI_ERROR_CODE[m[K(DJI_ERROR_MODULE_WAYPOINT_V3, DJI_ERROR_WAYPOINT_V3_MODULE_RAW_CODE_ACTION_COMMON_BREAK_INFO_ACTION_LOCATION_OUT_OF_RANGE),
[13.664s]       |                                                                                               [01;36m[K^~~~~~~~~~~~~~[m[K
[13.664s] [01m[K/home/dji/DJI_workshop/LZP_PSDK/ros2_workplace/src/yolo_detect/../../../Payload-SDK/samples/sample_c++/platform/linux/manifold3/../../../../../psdk_lib/include/dji_error.h:44:1:[m[K [01;35m[Kwarning: [m[KISO C restricts enumerator values to range of '[01m[Kint[m[K' [[01;35m[K-Wpedantic[m[K]
[13.664s]    44 | [01;35m[K([m[K(uint64_t)0 | \
[13.665s]       | [01;35m[K^[m[K
[13.665s] [01m[K/home/dji/DJI_workshop/LZP_PSDK/ros2_workplace/src/yolo_detect/../../../Payload-SDK/samples/sample_c++/platform/linux/manifold3/../../../../../psdk_lib/include/dji_error.h:1358:83:[m[K [01;36m[Knote: [m[Kin expansion of macro '[01m[KDJI_ERROR_CODE[m[K'
[13.665s]  1358 |     DJI_ERROR_WAYPOINT_V3_MODULE_CODE_ACTION_COMMON_RESUME_ID_NOT_IN_BREAK_INFO = [01;36m[KDJI_ERROR_CODE[m[K(DJI_ERROR_MODULE_WAYPOINT_V3, DJI_ERROR_WAYPOINT_V3_MODULE_RAW_CODE_ACTION_COMMON_RESUME_ID_NOT_IN_BREAK_INFO),
[13.665s]       |                                                                                   [01;36m[K^~~~~~~~~~~~~~[m[K
[13.665s] [01m[K/home/dji/DJI_workshop/LZP_PSDK/ros2_workplace/src/yolo_detect/../../../Payload-SDK/samples/sample_c++/platform/linux/manifold3/../../../../../psdk_lib/include/dji_error.h:44:1:[m[K [01;35m[Kwarning: [m[KISO C restricts enumerator values to range of '[01m[Kint[m[K' [[01;35m[K-Wpedantic[m[K]
[13.665s]    44 | [01;35m[K([m[K(uint64_t)0 | \
[13.665s]       | [01;35m[K^[m[K
[13.666s] [01m[K/home/dji/DJI_workshop/LZP_PSDK/ros2_workplace/src/yolo_detect/../../../Payload-SDK/samples/sample_c++/platform/linux/manifold3/../../../../../psdk_lib/include/dji_error.h:1359:119:[m[K [01;36m[Knote: [m[Kin expansion of macro '[01m[KDJI_ERROR_CODE[m[K'
[13.666s]  1359 |     DJI_ERROR_WAYPOINT_V3_MODULE_CODE_ACTION_COMMON_RESUME_INFO_MODIFY_ACTION_STATUS_FROM_NO_INTERRUPT_TO_INTERRUPT = [01;36m[KDJI_ERROR_CODE[m[K(DJI_ERROR_MODULE_WAYPOINT_V3, DJI_ERROR_WAYPOINT_V3_MODULE_RAW_CODE_ACTION_COMMON_RESUME_INFO_MODIFY_ACTION_STATUS_FROM_NO_INTERRUPT_TO_INTERRUPT),
[13.666s]       |                                                                                                                       [01;36m[K^~~~~~~~~~~~~~[m[K
[13.666s] [01m[K/home/dji/DJI_workshop/LZP_PSDK/ros2_workplace/src/yolo_detect/../../../Payload-SDK/samples/sample_c++/platform/linux/manifold3/../../../../../psdk_lib/include/dji_error.h:44:1:[m[K [01;35m[Kwarning: [m[KISO C restricts enumerator values to range of '[01m[Kint[m[K' [[01;35m[K-Wpedantic[m[K]
[13.666s]    44 | [01;35m[K([m[K(uint64_t)0 | \
[13.666s]       | [01;35m[K^[m[K
[13.666s] [01m[K/home/dji/DJI_workshop/LZP_PSDK/ros2_workplace/src/yolo_detect/../../../Payload-SDK/samples/sample_c++/platform/linux/manifold3/../../../../../psdk_lib/include/dji_error.h:1360:98:[m[K [01;36m[Knote: [m[Kin expansion of macro '[01m[KDJI_ERROR_CODE[m[K'
[13.667s]  1360 |     DJI_ERROR_WAYPOINT_V3_MODULE_CODE_ACTION_COMMON_ACTION_RESUME_FAIL_FOR_INVALID_RESUME_INFO = [01;36m[KDJI_ERROR_CODE[m[K(DJI_ERROR_MODULE_WAYPOINT_V3, DJI_ERROR_WAYPOINT_V3_MODULE_RAW_CODE_ACTION_COMMON_ACTION_RESUME_FAIL_FOR_INVALID_RESUME_INFO),
[13.667s]       |                                                                                                  [01;36m[K^~~~~~~~~~~~~~[m[K
[13.667s] [01m[K/home/dji/DJI_workshop/LZP_PSDK/ros2_workplace/src/yolo_detect/../../../Payload-SDK/samples/sample_c++/platform/linux/manifold3/../../../../../psdk_lib/include/dji_error.h:44:1:[m[K [01;35m[Kwarning: [m[KISO C restricts enumerator values to range of '[01m[Kint[m[K' [[01;35m[K-Wpedantic[m[K]
[13.667s]    44 | [01;35m[K([m[K(uint64_t)0 | \
[13.667s]       | [01;35m[K^[m[K
[13.667s] [01m[K/home/dji/DJI_workshop/LZP_PSDK/ros2_workplace/src/yolo_detect/../../../Payload-SDK/samples/sample_c++/platform/linux/manifold3/../../../../../psdk_lib/include/dji_error.h:1361:76:[m[K [01;36m[Knote: [m[Kin expansion of macro '[01m[KDJI_ERROR_CODE[m[K'
[13.667s]  1361 |     DJI_ERROR_WAYPOINT_V3_MODULE_CODE_ACTUATOR_COMMON_ACTUATOR_NOT_FOUND = [01;36m[KDJI_ERROR_CODE[m[K(DJI_ERROR_MODULE_WAYPOINT_V3, DJI_ERROR_WAYPOINT_V3_MODULE_RAW_CODE_ACTUATOR_COMMON_ACTUATOR_NOT_FOUND),
[13.667s]       |                                                                            [01;36m[K^~~~~~~~~~~~~~[m[K
[13.668s] [01m[K/home/dji/DJI_workshop/LZP_PSDK/ros2_workplace/src/yolo_detect/../../../Payload-SDK/samples/sample_c++/platform/linux/manifold3/../../../../../psdk_lib/include/dji_error.h:44:1:[m[K [01;35m[Kwarning: [m[KISO C restricts enumerator values to range of '[01m[Kint[m[K' [[01;35m[K-Wpedantic[m[K]
[13.668s]    44 | [01;35m[K([m[K(uint64_t)0 | \
[13.668s]       | [01;35m[K^[m[K
[13.668s] [01m[K/home/dji/DJI_workshop/LZP_PSDK/ros2_workplace/src/yolo_detect/../../../Payload-SDK/samples/sample_c++/platform/linux/manifold3/../../../../../psdk_lib/include/dji_error.h:1362:59:[m[K [01;36m[Knote: [m[Kin expansion of macro '[01m[KDJI_ERROR_CODE[m[K'
[13.668s]  1362 |     DJI_ERROR_WAYPOINT_V3_MODULE_CODE_TRIGGER_NOT_FOUND = [01;36m[KDJI_ERROR_CODE[m[K(DJI_ERROR_MODULE_WAYPOINT_V3, DJI_ERROR_WAYPOINT_V3_MODULE_RAW_CODE_TRIGGER_NOT_FOUND),
[13.668s]       |                                                           [01;36m[K^~~~~~~~~~~~~~[m[K
[13.668s] [01m[K/home/dji/DJI_workshop/LZP_PSDK/ros2_workplace/src/yolo_detect/../../../Payload-SDK/samples/sample_c++/platform/linux/manifold3/../../../../../psdk_lib/include/dji_error.h:44:1:[m[K [01;35m[Kwarning: [m[KISO C restricts enumerator values to range of '[01m[Kint[m[K' [[01;35m[K-Wpedantic[m[K]
[13.669s]    44 | [01;35m[K([m[K(uint64_t)0 | \
[13.669s]       | [01;35m[K^[m[K
[13.669s] [01m[K/home/dji/DJI_workshop/LZP_PSDK/ros2_workplace/src/yolo_detect/../../../Payload-SDK/samples/sample_c++/platform/linux/manifold3/../../../../../psdk_lib/include/dji_error.h:1363:72:[m[K [01;36m[Knote: [m[Kin expansion of macro '[01m[KDJI_ERROR_CODE[m[K'
[13.669s]  1363 |     DJI_ERROR_WAYPOINT_V3_MODULE_CODE_TRIGGER_SINGLE_TIME_CHECK_FAIL = [01;36m[KDJI_ERROR_CODE[m[K(DJI_ERROR_MODULE_WAYPOINT_V3, DJI_ERROR_WAYPOINT_V3_MODULE_RAW_CODE_TRIGGER_SINGLE_TIME_CHECK_FAIL),
[13.669s]       |                                                                        [01;36m[K^~~~~~~~~~~~~~[m[K
[13.669s] [01m[K/home/dji/DJI_workshop/LZP_PSDK/Payload-SDK/samples/sample_c/module_sample/camera_emu/dji_media_file_manage/dji_media_file_core.c:[m[K In function '[01m[KDjiMediaFile_IsSupported[m[K':
[13.669s] [01m[K/home/dji/DJI_workshop/LZP_PSDK/Payload-SDK/samples/sample_c/module_sample/camera_emu/dji_media_file_manage/dji_media_file_core.c:85:19:[m[K [01;35m[Kwarning: [m[Kcomparison of integer expressions of different signedness: '[01m[Kint[m[K' and '[01m[Kuint32_t[m[K' {aka '[01m[Kconst unsigned int[m[K'} [[01;35m[K-Wsign-compare[m[K]
[13.669s]    85 |     for (i = 0; i [01;35m[K<[m[K s_mediaFileOptCount; i++) {
[13.670s]       |                   [01;35m[K^[m[K
[13.670s] [01m[K/home/dji/DJI_workshop/LZP_PSDK/Payload-SDK/samples/sample_c/module_sample/camera_emu/dji_media_file_manage/dji_media_file_core.c:[m[K In function '[01m[KDjiMediaFile_CreateHandle[m[K':
[13.670s] [01m[K/home/dji/DJI_workshop/LZP_PSDK/Payload-SDK/samples/sample_c/module_sample/camera_emu/dji_media_file_manage/dji_media_file_core.c:99:33:[m[K [01;35m[Kwarning: [m[Kcomparison of integer expressions of different signedness: '[01m[Kint[m[K' and '[01m[Kuint32_t[m[K' {aka '[01m[Kconst unsigned int[m[K'} [[01;35m[K-Wsign-compare[m[K]
[13.670s]    99 |     for (optIndex = 0; optIndex [01;35m[K<[m[K s_mediaFileOptCount; optIndex++) {
[13.670s]       |                                 [01;35m[K^[m[K
[13.670s] In file included from [01m[K/home/dji/DJI_workshop/LZP_PSDK/ros2_workplace/src/yolo_detect/src/main.cpp:18[m[K:
[13.670s] [01m[K/home/dji/DJI_workshop/LZP_PSDK/ros2_workplace/src/yolo_detect/./include/ai_detect.h:36:10:[m[K [01;31m[Kfatal error: [m[Kyolov11.h: No such file or directory
[13.670s]    36 | #include [01;31m[K"yolov11.h"[m[K
[13.671s]       |          [01;31m[K^~~~~~~~~~~[m[K
[13.671s] compilation terminated.
[13.671s] make[2]: *** [CMakeFiles/yolo_detect.dir/build.make:530: CMakeFiles/yolo_detect.dir/src/main.cpp.o] Error 1
[13.671s] make[2]: *** Waiting for unfinished jobs....
[13.705s] [01m[K/home/dji/DJI_workshop/LZP_PSDK/Payload-SDK/samples/sample_c++/platform/linux/manifold3/application/application.cpp:[m[K In constructor '[01m[KApplication::Application(int, char**)[m[K':
[13.706s] [01m[K/home/dji/DJI_workshop/LZP_PSDK/Payload-SDK/samples/sample_c++/platform/linux/manifold3/application/application.cpp:67:30:[m[K [01;35m[Kwarning: [m[Kunused parameter '[01m[Kargc[m[K' [[01;35m[K-Wunused-parameter[m[K]
[13.706s]    67 | Application::Application([01;35m[Kint argc[m[K, char **argv)
[13.706s]       |                          [01;35m[K~~~~^~~~[m[K
[13.706s] [01m[K/home/dji/DJI_workshop/LZP_PSDK/Payload-SDK/samples/sample_c++/platform/linux/manifold3/application/application.cpp:67:43:[m[K [01;35m[Kwarning: [m[Kunused parameter '[01m[Kargv[m[K' [[01;35m[K-Wunused-parameter[m[K]
[13.706s]    67 | Application::Application(int argc, [01;35m[Kchar **argv[m[K)
[13.707s]       |                                    [01;35m[K~~~~~~~^~~~[m[K
[13.707s] [01m[K/home/dji/DJI_workshop/LZP_PSDK/Payload-SDK/samples/sample_c++/platform/linux/manifold3/application/application.cpp:[m[K In static member function '[01m[Kstatic void Application::DjiUser_SetupEnvironment()[m[K':
[13.707s] [01m[K/home/dji/DJI_workshop/LZP_PSDK/Payload-SDK/samples/sample_c++/platform/linux/manifold3/application/application.cpp:82:38:[m[K [01;35m[Kwarning: [m[Kmissing initializer for member '[01m[KT_DjiOsalHandler::TaskDestroy[m[K' [[01;35m[K-Wmissing-field-initializers[m[K]
[13.707s]    82 |     T_DjiOsalHandler osalHandler = {0[01;35m[K}[m[K;
[13.707s]       |                                      [01;35m[K^[m[K
[13.707s] [01m[K/home/dji/DJI_workshop/LZP_PSDK/Payload-SDK/samples/sample_c++/platform/linux/manifold3/application/application.cpp:82:38:[m[K [01;35m[Kwarning: [m[Kmissing initializer for member '[01m[KT_DjiOsalHandler::TaskSleepMs[m[K' [[01;35m[K-Wmissing-field-initializers[m[K]
[13.707s] [01m[K/home/dji/DJI_workshop/LZP_PSDK/Payload-SDK/samples/sample_c++/platform/linux/manifold3/application/application.cpp:82:38:[m[K [01;35m[Kwarning: [m[Kmissing initializer for member '[01m[KT_DjiOsalHandler::MutexCreate[m[K' [[01;35m[K-Wmissing-field-initializers[m[K]
[13.708s] [01m[K/home/dji/DJI_workshop/LZP_PSDK/Payload-SDK/samples/sample_c++/platform/linux/manifold3/application/application.cpp:82:38:[m[K [01;35m[Kwarning: [m[Kmissing initializer for member '[01m[KT_DjiOsalHandler::MutexDestroy[m[K' [[01;35m[K-Wmissing-field-initializers[m[K]
[13.708s] [01m[K/home/dji/DJI_workshop/LZP_PSDK/Payload-SDK/samples/sample_c++/platform/linux/manifold3/application/application.cpp:82:38:[m[K [01;35m[Kwarning: [m[Kmissing initializer for member '[01m[KT_DjiOsalHandler::MutexLock[m[K' [[01;35m[K-Wmissing-field-initializers[m[K]
[13.708s] [01m[K/home/dji/DJI_workshop/LZP_PSDK/Payload-SDK/samples/sample_c++/platform/linux/manifold3/application/application.cpp:82:38:[m[K [01;35m[Kwarning: [m[Kmissing initializer for member '[01m[KT_DjiOsalHandler::MutexUnlock[m[K' [[01;35m[K-Wmissing-field-initializers[m[K]
[13.708s] [01m[K/home/dji/DJI_workshop/LZP_PSDK/Payload-SDK/samples/sample_c++/platform/linux/manifold3/application/application.cpp:82:38:[m[K [01;35m[Kwarning: [m[Kmissing initializer for member '[01m[KT_DjiOsalHandler::SemaphoreCreate[m[K' [[01;35m[K-Wmissing-field-initializers[m[K]
[13.708s] [01m[K/home/dji/DJI_workshop/LZP_PSDK/Payload-SDK/samples/sample_c++/platform/linux/manifold3/application/application.cpp:82:38:[m[K [01;35m[Kwarning: [m[Kmissing initializer for member '[01m[KT_DjiOsalHandler::SemaphoreDestroy[m[K' [[01;35m[K-Wmissing-field-initializers[m[K]
[13.708s] [01m[K/home/dji/DJI_workshop/LZP_PSDK/Payload-SDK/samples/sample_c++/platform/linux/manifold3/application/application.cpp:82:38:[m[K [01;35m[Kwarning: [m[Kmissing initializer for member '[01m[KT_DjiOsalHandler::SemaphoreWait[m[K' [[01;35m[K-Wmissing-field-initializers[m[K]
[13.708s] [01m[K/home/dji/DJI_workshop/LZP_PSDK/Payload-SDK/samples/sample_c++/platform/linux/manifold3/application/application.cpp:82:38:[m[K [01;35m[Kwarning: [m[Kmissing initializer for member '[01m[KT_DjiOsalHandler::SemaphoreTimedWait[m[K' [[01;35m[K-Wmissing-field-initializers[m[K]
[13.709s] [01m[K/home/dji/DJI_workshop/LZP_PSDK/Payload-SDK/samples/sample_c++/platform/linux/manifold3/application/application.cpp:82:38:[m[K [01;35m[Kwarning: [m[Kmissing initializer for member '[01m[KT_DjiOsalHandler::SemaphorePost[m[K' [[01;35m[K-Wmissing-field-initializers[m[K]
[13.709s] [01m[K/home/dji/DJI_workshop/LZP_PSDK/Payload-SDK/samples/sample_c++/platform/linux/manifold3/application/application.cpp:82:38:[m[K [01;35m[Kwarning: [m[Kmissing initializer for member '[01m[KT_DjiOsalHandler::GetTimeMs[m[K' [[01;35m[K-Wmissing-field-initializers[m[K]
[13.709s] [01m[K/home/dji/DJI_workshop/LZP_PSDK/Payload-SDK/samples/sample_c++/platform/linux/manifold3/application/application.cpp:82:38:[m[K [01;35m[Kwarning: [m[Kmissing initializer for member '[01m[KT_DjiOsalHandler::GetTimeUs[m[K' [[01;35m[K-Wmissing-field-initializers[m[K]
[13.709s] [01m[K/home/dji/DJI_workshop/LZP_PSDK/Payload-SDK/samples/sample_c++/platform/linux/manifold3/application/application.cpp:82:38:[m[K [01;35m[Kwarning: [m[Kmissing initializer for member '[01m[KT_DjiOsalHandler::GetRandomNum[m[K' [[01;35m[K-Wmissing-field-initializers[m[K]
[13.709s] [01m[K/home/dji/DJI_workshop/LZP_PSDK/Payload-SDK/samples/sample_c++/platform/linux/manifold3/application/application.cpp:82:38:[m[K [01;35m[Kwarning: [m[Kmissing initializer for member '[01m[KT_DjiOsalHandler::Malloc[m[K' [[01;35m[K-Wmissing-field-initializers[m[K]
[13.709s] [01m[K/home/dji/DJI_workshop/LZP_PSDK/Payload-SDK/samples/sample_c++/platform/linux/manifold3/application/application.cpp:82:38:[m[K [01;35m[Kwarning: [m[Kmissing initializer for member '[01m[KT_DjiOsalHandler::Free[m[K' [[01;35m[K-Wmissing-field-initializers[m[K]
[13.709s] [01m[K/home/dji/DJI_workshop/LZP_PSDK/Payload-SDK/samples/sample_c++/platform/linux/manifold3/application/application.cpp:83:47:[m[K [01;35m[Kwarning: [m[Kmissing initializer for member '[01m[KT_DjiHalUsbBulkHandler::UsbBulkDeInit[m[K' [[01;35m[K-Wmissing-field-initializers[m[K]
[13.710s]    83 |     T_DjiHalUsbBulkHandler usbBulkHandler = {0[01;35m[K}[m[K;
[13.710s]       |                                               [01;35m[K^[m[K
[13.710s] [01m[K/home/dji/DJI_workshop/LZP_PSDK/Payload-SDK/samples/sample_c++/platform/linux/manifold3/application/application.cpp:83:47:[m[K [01;35m[Kwarning: [m[Kmissing initializer for member '[01m[KT_DjiHalUsbBulkHandler::UsbBulkWriteData[m[K' [[01;35m[K-Wmissing-field-initializers[m[K]
[13.710s] [01m[K/home/dji/DJI_workshop/LZP_PSDK/Payload-SDK/samples/sample_c++/platform/linux/manifold3/application/application.cpp:83:47:[m[K [01;35m[Kwarning: [m[Kmissing initializer for member '[01m[KT_DjiHalUsbBulkHandler::UsbBulkReadData[m[K' [[01;35m[K-Wmissing-field-initializers[m[K]
[13.710s] [01m[K/home/dji/DJI_workshop/LZP_PSDK/Payload-SDK/samples/sample_c++/platform/linux/manifold3/application/application.cpp:83:47:[m[K [01;35m[Kwarning: [m[Kmissing initializer for member '[01m[KT_DjiHalUsbBulkHandler::UsbBulkGetDeviceInfo[m[K' [[01;35m[K-Wmissing-field-initializers[m[K]
[13.710s] [01m[K/home/dji/DJI_workshop/LZP_PSDK/Payload-SDK/samples/sample_c++/platform/linux/manifold3/application/application.cpp:86:50:[m[K [01;35m[Kwarning: [m[Kmissing initializer for member '[01m[KT_DjiFileSystemHandler::FileClose[m[K' [[01;35m[K-Wmissing-field-initializers[m[K]
[13.711s]    86 |     T_DjiFileSystemHandler fileSystemHandler = {0[01;35m[K}[m[K;
[13.711s]       |                                                  [01;35m[K^[m[K
[13.711s] [01m[K/home/dji/DJI_workshop/LZP_PSDK/Payload-SDK/samples/sample_c++/platform/linux/manifold3/application/application.cpp:86:50:[m[K [01;35m[Kwarning: [m[Kmissing initializer for member '[01m[KT_DjiFileSystemHandler::FileWrite[m[K' [[01;35m[K-Wmissing-field-initializers[m[K]
[13.711s] [01m[K/home/dji/DJI_workshop/LZP_PSDK/Payload-SDK/samples/sample_c++/platform/linux/manifold3/application/application.cpp:86:50:[m[K [01;35m[Kwarning: [m[Kmissing initializer for member '[01m[KT_DjiFileSystemHandler::FileRead[m[K' [[01;35m[K-Wmissing-field-initializers[m[K]
[13.711s] [01m[K/home/dji/DJI_workshop/LZP_PSDK/Payload-SDK/samples/sample_c++/platform/linux/manifold3/application/application.cpp:86:50:[m[K [01;35m[Kwarning: [m[Kmissing initializer for member '[01m[KT_DjiFileSystemHandler::FileSeek[m[K' [[01;35m[K-Wmissing-field-initializers[m[K]
[13.711s] [01m[K/home/dji/DJI_workshop/LZP_PSDK/Payload-SDK/samples/sample_c++/platform/linux/manifold3/application/application.cpp:86:50:[m[K [01;35m[Kwarning: [m[Kmissing initializer for member '[01m[KT_DjiFileSystemHandler::FileSync[m[K' [[01;35m[K-Wmissing-field-initializers[m[K]
[13.711s] [01m[K/home/dji/DJI_workshop/LZP_PSDK/Payload-SDK/samples/sample_c++/platform/linux/manifold3/application/application.cpp:86:50:[m[K [01;35m[Kwarning: [m[Kmissing initializer for member '[01m[KT_DjiFileSystemHandler::DirOpen[m[K' [[01;35m[K-Wmissing-field-initializers[m[K]
[13.712s] [01m[K/home/dji/DJI_workshop/LZP_PSDK/Payload-SDK/samples/sample_c++/platform/linux/manifold3/application/application.cpp:86:50:[m[K [01;35m[Kwarning: [m[Kmissing initializer for member '[01m[KT_DjiFileSystemHandler::DirClose[m[K' [[01;35m[K-Wmissing-field-initializers[m[K]
[13.712s] [01m[K/home/dji/DJI_workshop/LZP_PSDK/Payload-SDK/samples/sample_c++/platform/linux/manifold3/application/application.cpp:86:50:[m[K [01;35m[Kwarning: [m[Kmissing initializer for member '[01m[KT_DjiFileSystemHandler::DirRead[m[K' [[01;35m[K-Wmissing-field-initializers[m[K]
[13.712s] [01m[K/home/dji/DJI_workshop/LZP_PSDK/Payload-SDK/samples/sample_c++/platform/linux/manifold3/application/application.cpp:86:50:[m[K [01;35m[Kwarning: [m[Kmissing initializer for member '[01m[KT_DjiFileSystemHandler::Mkdir[m[K' [[01;35m[K-Wmissing-field-initializers[m[K]
[13.712s] [01m[K/home/dji/DJI_workshop/LZP_PSDK/Payload-SDK/samples/sample_c++/platform/linux/manifold3/application/application.cpp:86:50:[m[K [01;35m[Kwarning: [m[Kmissing initializer for member '[01m[KT_DjiFileSystemHandler::Unlink[m[K' [[01;35m[K-Wmissing-field-initializers[m[K]
[13.712s] [01m[K/home/dji/DJI_workshop/LZP_PSDK/Payload-SDK/samples/sample_c++/platform/linux/manifold3/application/application.cpp:86:50:[m[K [01;35m[Kwarning: [m[Kmissing initializer for member '[01m[KT_DjiFileSystemHandler::Rename[m[K' [[01;35m[K-Wmissing-field-initializers[m[K]
[13.712s] [01m[K/home/dji/DJI_workshop/LZP_PSDK/Payload-SDK/samples/sample_c++/platform/linux/manifold3/application/application.cpp:86:50:[m[K [01;35m[Kwarning: [m[Kmissing initializer for member '[01m[KT_DjiFileSystemHandler::Stat[m[K' [[01;35m[K-Wmissing-field-initializers[m[K]
[13.713s] [01m[K/home/dji/DJI_workshop/LZP_PSDK/Payload-SDK/samples/sample_c++/platform/linux/manifold3/application/application.cpp:87:42:[m[K [01;35m[Kwarning: [m[Kmissing initializer for member '[01m[KT_DjiSocketHandler::Close[m[K' [[01;35m[K-Wmissing-field-initializers[m[K]
[13.713s]    87 |     T_DjiSocketHandler socketHandler = {0[01;35m[K}[m[K;
[13.713s]       |                                          [01;35m[K^[m[K
[13.713s] [01m[K/home/dji/DJI_workshop/LZP_PSDK/Payload-SDK/samples/sample_c++/platform/linux/manifold3/application/application.cpp:87:42:[m[K [01;35m[Kwarning: [m[Kmissing initializer for member '[01m[KT_DjiSocketHandler::Bind[m[K' [[01;35m[K-Wmissing-field-initializers[m[K]
[13.713s] [01m[K/home/dji/DJI_workshop/LZP_PSDK/Payload-SDK/samples/sample_c++/platform/linux/manifold3/application/application.cpp:87:42:[m[K [01;35m[Kwarning: [m[Kmissing initializer for member '[01m[KT_DjiSocketHandler::UdpSendData[m[K' [[01;35m[K-Wmissing-field-initializers[m[K]
[13.713s] [01m[K/home/dji/DJI_workshop/LZP_PSDK/Payload-SDK/samples/sample_c++/platform/linux/manifold3/application/application.cpp:87:42:[m[K [01;35m[Kwarning: [m[Kmissing initializer for member '[01m[KT_DjiSocketHandler::UdpRecvData[m[K' [[01;35m[K-Wmissing-field-initializers[m[K]
[13.714s] [01m[K/home/dji/DJI_workshop/LZP_PSDK/Payload-SDK/samples/sample_c++/platform/linux/manifold3/application/application.cpp:87:42:[m[K [01;35m[Kwarning: [m[Kmissing initializer for member '[01m[KT_DjiSocketHandler::TcpListen[m[K' [[01;35m[K-Wmissing-field-initializers[m[K]
[13.714s] [01m[K/home/dji/DJI_workshop/LZP_PSDK/Payload-SDK/samples/sample_c++/platform/linux/manifold3/application/application.cpp:87:42:[m[K [01;35m[Kwarning: [m[Kmissing initializer for member '[01m[KT_DjiSocketHandler::TcpAccept[m[K' [[01;35m[K-Wmissing-field-initializers[m[K]
[13.714s] [01m[K/home/dji/DJI_workshop/LZP_PSDK/Payload-SDK/samples/sample_c++/platform/linux/manifold3/application/application.cpp:87:42:[m[K [01;35m[Kwarning: [m[Kmissing initializer for member '[01m[KT_DjiSocketHandler::TcpConnect[m[K' [[01;35m[K-Wmissing-field-initializers[m[K]
[13.714s] [01m[K/home/dji/DJI_workshop/LZP_PSDK/Payload-SDK/samples/sample_c++/platform/linux/manifold3/application/application.cpp:87:42:[m[K [01;35m[Kwarning: [m[Kmissing initializer for member '[01m[KT_DjiSocketHandler::TcpSendData[m[K' [[01;35m[K-Wmissing-field-initializers[m[K]
[13.714s] [01m[K/home/dji/DJI_workshop/LZP_PSDK/Payload-SDK/samples/sample_c++/platform/linux/manifold3/application/application.cpp:87:42:[m[K [01;35m[Kwarning: [m[Kmissing initializer for member '[01m[KT_DjiSocketHandler::TcpRecvData[m[K' [[01;35m[K-Wmissing-field-initializers[m[K]
[13.714s] [01m[K/home/dji/DJI_workshop/LZP_PSDK/Payload-SDK/samples/sample_c++/platform/linux/manifold3/application/application.cpp:88:47:[m[K [01;35m[Kwarning: [m[Kmissing initializer for member '[01m[KT_DjiHalNetworkHandler::NetworkDeInit[m[K' [[01;35m[K-Wmissing-field-initializers[m[K]
[13.714s]    88 |     T_DjiHalNetworkHandler networkHandler = {0[01;35m[K}[m[K;
[13.715s]       |                                               [01;35m[K^[m[K
[13.715s] [01m[K/home/dji/DJI_workshop/LZP_PSDK/Payload-SDK/samples/sample_c++/platform/linux/manifold3/application/application.cpp:88:47:[m[K [01;35m[Kwarning: [m[Kmissing initializer for member '[01m[KT_DjiHalNetworkHandler::NetworkGetDeviceInfo[m[K' [[01;35m[K-Wmissing-field-initializers[m[K]
[13.715s] [01m[K/home/dji/DJI_workshop/LZP_PSDK/Payload-SDK/samples/sample_c++/platform/linux/manifold3/application/application.cpp:88:28:[m[K [01;35m[Kwarning: [m[Kunused variable '[01m[KnetworkHandler[m[K' [[01;35m[K-Wunused-variable[m[K]
[13.715s]    88 |     T_DjiHalNetworkHandler [01;35m[KnetworkHandler[m[K = {0};
[13.715s]       |                            [01;35m[K^~~~~~~~~~~~~~[m[K
[13.715s] [01m[K/home/dji/DJI_workshop/LZP_PSDK/Payload-SDK/samples/sample_c++/platform/linux/manifold3/application/application.cpp:[m[K In static member function '[01m[Kstatic void Application::DjiUser_ApplicationStart()[m[K':
[13.715s] [01m[K/home/dji/DJI_workshop/LZP_PSDK/Payload-SDK/samples/sample_c++/platform/linux/manifold3/application/application.cpp:188:9:[m[K [01;35m[Kwarning: [m[KC++ designated initializers only available with '[01m[K-std=c++2a[m[K' or '[01m[K-std=gnu++2a[m[K' [[01;35m[K-Wpedantic[m[K]
[13.715s]   188 |         [01;35m[K.[m[KmajorVersion = 1,
[13.716s]       |         [01;35m[K^[m[K
[13.716s] [01m[K/home/dji/DJI_workshop/LZP_PSDK/Payload-SDK/samples/sample_c++/platform/linux/manifold3/application/application.cpp:189:9:[m[K [01;35m[Kwarning: [m[KC++ designated initializers only available with '[01m[K-std=c++2a[m[K' or '[01m[K-std=gnu++2a[m[K' [[01;35m[K-Wpedantic[m[K]
[13.716s]   189 |         [01;35m[K.[m[KminorVersion = 0,
[13.716s]       |         [01;35m[K^[m[K
[13.716s] [01m[K/home/dji/DJI_workshop/LZP_PSDK/Payload-SDK/samples/sample_c++/platform/linux/manifold3/application/application.cpp:190:9:[m[K [01;35m[Kwarning: [m[KC++ designated initializers only available with '[01m[K-std=c++2a[m[K' or '[01m[K-std=gnu++2a[m[K' [[01;35m[K-Wpedantic[m[K]
[13.716s]   190 |         [01;35m[K.[m[KmodifyVersion = 0,
[13.716s]       |         [01;35m[K^[m[K
[13.717s] [01m[K/home/dji/DJI_workshop/LZP_PSDK/Payload-SDK/samples/sample_c++/platform/linux/manifold3/application/application.cpp:191:9:[m[K [01;35m[Kwarning: [m[KC++ designated initializers only available with '[01m[K-std=c++2a[m[K' or '[01m[K-std=gnu++2a[m[K' [[01;35m[K-Wpedantic[m[K]
[13.717s]   191 |         [01;35m[K.[m[KdebugVersion = 1,
[13.717s]       |         [01;35m[K^[m[K
[13.717s] [01m[K/home/dji/DJI_workshop/LZP_PSDK/Payload-SDK/samples/sample_c++/platform/linux/manifold3/application/application.cpp:[m[K In static member function '[01m[Kstatic T_DjiReturnCode Application::DjiUser_PrintConsole(const uint8_t*, uint16_t)[m[K':
[13.717s] [01m[K/home/dji/DJI_workshop/LZP_PSDK/Payload-SDK/samples/sample_c++/platform/linux/manifold3/application/application.cpp:253:81:[m[K [01;35m[Kwarning: [m[Kunused parameter '[01m[KdataLen[m[K' [[01;35m[K-Wunused-parameter[m[K]
[13.717s]   253 | T_DjiReturnCode Application::DjiUser_PrintConsole(const uint8_t *data, [01;35m[Kuint16_t dataLen[m[K)
[13.717s]       |                                                                        [01;35m[K~~~~~~~~~^~~~~~~[m[K
[13.835s] [01m[K/home/dji/DJI_workshop/LZP_PSDK/Payload-SDK/samples/sample_c++/platform/linux/manifold3/application/application.cpp:[m[K In static member function '[01m[Kstatic T_DjiReturnCode Application::DjiUser_LocalWriteFsInit(const char*)[m[K':
[13.836s] [01m[K/home/dji/DJI_workshop/LZP_PSDK/Payload-SDK/samples/sample_c++/platform/linux/manifold3/application/application.cpp:400:34:[m[K [01;35m[Kwarning: [m[K'[01m[K%s[m[K' directive writing up to 127 bytes into a region of size 55 [[01;35m[K-Wformat-overflow=[m[K]
[13.836s]   400 |     sprintf(systemCmd, "ln -sfrv [01;35m[K%s[m[K " DJI_LOG_FOLDER_NAME "/latest.log", [32m[KfilePath[m[K);
[13.836s]       |                                  [01;35m[K^~[m[K                                      [32m[K~~~~~~~~[m[K
[13.836s] [01m[K/home/dji/DJI_workshop/LZP_PSDK/Payload-SDK/samples/sample_c++/platform/linux/manifold3/application/application.cpp:400:12:[m[K [01;36m[Knote: [m[K'[01m[Ksprintf[m[K' output between 31 and 158 bytes into a destination of size 64
[13.836s]   400 |     [01;36m[Ksprintf(systemCmd, "ln -sfrv %s " DJI_LOG_FOLDER_NAME "/latest.log", filePath)[m[K;
[13.836s]       |     [01;36m[K~~~~~~~^~~~~~~~~~~~~~~~~~~~~~~~~~~~~~~~~~~~~~~~~~~~~~~~~~~~~~~~~~~~~~~~~~~~~~~[m[K
[13.916s] make[1]: *** [CMakeFiles/Makefile2:85: CMakeFiles/yolo_detect.dir/all] Error 2
[13.917s] make: *** [Makefile:146: all] Error 2
[13.921s] Invoked command in '/home/dji/DJI_workshop/LZP_PSDK/ros2_workplace/build/yolo_detect' returned '2': CONDA_PROMPT_MODIFIER=(ros2_humble) /open_app/miniconda3/envs/ros2_humble/bin/cmake --build /home/dji/DJI_workshop/LZP_PSDK/ros2_workplace/build/yolo_detect -- -j4 -l4
